dataset,split,seed,method,n_test,n_cliffB,n_cliffA,cov_all,cov_cliffB,cov_noncliffB,gapB_pp,cov_cliffA,cov_noncliffA,gapA_pp,width_all,width_cliffA,width_noncliffA
CHEMBL204_Ki,random,71339737,global,551,28,48,0.9219600725952813,0.7857142857142857,0.9292543021032504,14.354001638896474,0.8541666666666666,0.9284294234592445,7.426275679257788,2.6653164527939026,2.6653164527939026,2.665316452793902
CHEMBL204_Ki,random,71339737,mondrian_wstd,551,28,48,0.9219600725952813,0.7857142857142857,0.9292543021032504,14.354001638896474,0.8541666666666666,0.9284294234592445,7.426275679257788,2.6653164527939026,2.6653164527939026,2.665316452793902
CHEMBL204_Ki,random,71339737,mondrian_rfstd,551,28,48,0.9001814882032668,0.5,0.9216061185468452,42.16061185468452,0.7083333333333334,0.9184890656063618,21.01557322730284,2.4922768313601025,2.456362866901238,2.495704008883016
CHEMBL204_Ki,random,71339737,cluster,551,28,48,0.9310344827586207,0.8214285714285714,0.9369024856596558,11.547391423108444,0.875,0.9363817097415507,6.1381709741550665,2.7671948709743335,2.9495262340046975,2.7497954566096072
CHEMBL204_Ki,random,71339737,knn_weighted,551,28,48,0.9219600725952813,0.6785714285714286,0.9349904397705545,25.641901119912593,0.8125,0.9324055666003976,11.990556660039765,2.7071097888831193,2.760425963443423,2.702021963080148
CHEMBL204_Ki,random,71339737,adaptive,551,28,48,0.8947368421052632,0.7857142857142857,0.9005736137667304,11.48593280524447,0.8333333333333334,0.9005964214711729,6.726308813783954,2.9010216539915072,3.041225699826066,2.8876423414665395
CHEMBL204_Ki,random,71339737,weighted_shift,551,28,48,0.9237749546279492,0.7857142857142857,0.9311663479923518,14.545206227806606,0.8541666666666666,0.9304174950298211,7.625082836315444,2.6999782166559942,2.699978216655994,2.6999782166559934
CHEMBL204_Ki,random,71339737,cqr,551,28,48,0.9201451905626135,0.8571428571428571,0.9235181644359465,6.6375307293089385,0.875,0.9244532803180915,4.945328031809149,2.886552469548741,2.911482649409502,2.8841734464208746
CHEMBL204_Ki,random,99182118,global,551,21,51,0.9092558983666061,0.8571428571428571,0.9113207547169812,5.417789757412406,0.9215686274509803,0.908,-1.3568627450980308,2.629766305791362,2.629766305791361,2.6297663057913625
CHEMBL204_Ki,random,99182118,mondrian_wstd,551,21,51,0.9092558983666061,0.8571428571428571,0.9113207547169812,5.417789757412406,0.9215686274509803,0.908,-1.3568627450980308,2.629766305791362,2.629766305791361,2.6297663057913625
CHEMBL204_Ki,random,99182118,mondrian_rfstd,551,21,51,0.911070780399274,0.6666666666666666,0.9207547169811321,25.408805031446548,0.7254901960784313,0.93,20.450980392156872,2.6501810139178117,2.470215791925347,2.6685374665610433
CHEMBL204_Ki,random,99182118,cluster,551,21,51,0.911070780399274,0.7619047619047619,0.9169811320754717,15.507637017070985,0.8823529411764706,0.914,3.1647058823529473,2.6685410837789982,2.639004887531755,2.6715537757962164
CHEMBL204_Ki,random,99182118,knn_weighted,551,21,51,0.9147005444646098,0.7619047619047619,0.9207547169811321,15.884995507637022,0.8823529411764706,0.918,3.5647058823529476,2.688802211479341,2.703230912558195,2.687330483969298
CHEMBL204_Ki,random,99182118,adaptive,551,21,51,0.9019963702359347,0.9523809523809523,0.9,-5.23809523809523,0.9607843137254902,0.896,-6.478431372549021,3.06363736642736,3.5649261655690747,3.0125059089149056
CHEMBL204_Ki,random,99182118,weighted_shift,551,21,51,0.9074410163339383,0.8571428571428571,0.909433962264151,5.229110512129386,0.9215686274509803,0.906,-1.556862745098031,2.604717211022056,2.6047172110220562,2.604717211022056
CHEMBL204_Ki,random,99182118,cqr,551,21,51,0.9038112522686026,0.9047619047619048,0.9037735849056604,-0.09883198562443685,0.9019607843137255,0.904,0.20392156862745203,2.798730866822932,2.8070615594183237,2.7978811361782028
CHEMBL204_Ki,random,89709943,global,551,28,56,0.9183303085299456,0.8571428571428571,0.9216061185468452,6.446326140398806,0.8928571428571429,0.9212121212121213,2.8354978354978355,2.6914150527250675,2.6914150527250675,2.6914150527250684
CHEMBL204_Ki,random,89709943,mondrian_wstd,551,28,56,0.9183303085299456,0.8571428571428571,0.9216061185468452,6.446326140398806,0.8928571428571429,0.9212121212121213,2.8354978354978355,2.6914150527250675,2.6914150527250675,2.6914150527250684
CHEMBL204_Ki,random,89709943,mondrian_rfstd,551,28,56,0.9092558983666061,0.8214285714285714,0.9139579349904398,9.252936356186837,0.8571428571428571,0.9151515151515152,5.8008658008658065,2.495970314198385,2.6364108402789057,2.4800820930660437
CHEMBL204_Ki,random,89709943,cluster,551,28,56,0.9074410163339383,0.8571428571428571,0.9101338432122371,5.299098606938002,0.8928571428571429,0.9090909090909091,1.6233766233766156,2.6189506162737755,2.675243051326921,2.6125821791768535
CHEMBL204_Ki,random,89709943,knn_weighted,551,28,56,0.8874773139745916,0.8214285714285714,0.8910133843212237,6.958481289265228,0.8928571428571429,0.8868686868686869,-0.5988455988455987,2.522497857675043,2.6655628090270467,2.5063127318655236
CHEMBL204_Ki,random,89709943,adaptive,551,28,56,0.9183303085299456,0.8571428571428571,0.9216061185468452,6.446326140398806,0.8928571428571429,0.9212121212121213,2.8354978354978355,3.0620514056189596,3.9499807941486496,2.961598787926712
CHEMBL204_Ki,random,89709943,weighted_shift,551,28,56,0.9165154264972777,0.8571428571428571,0.9196940726577438,6.255121551488674,0.8928571428571429,0.9191919191919192,2.633477633477632,2.6685460652120696,2.6685460652120696,2.6685460652120696
CHEMBL204_Ki,random,89709943,cqr,551,28,56,0.9219600725952813,0.8928571428571429,0.9235181644359465,3.066102157880357,0.9107142857142857,0.9232323232323232,1.2518037518037484,2.900937107760642,3.290731764613086,2.8568391263793558
CHEMBL204_Ki,random,86921808,global,551,21,46,0.8929219600725953,0.6666666666666666,0.9018867924528302,23.52201257861636,0.717391304347826,0.9089108910891089,19.151958674128288,2.497911318358639,2.4979113183586388,2.4979113183586397
CHEMBL204_Ki,random,86921808,mondrian_wstd,551,21,46,0.8929219600725953,0.6666666666666666,0.9018867924528302,23.52201257861636,0.717391304347826,0.9089108910891089,19.151958674128288,2.497911318358639,2.4979113183586388,2.4979113183586397
CHEMBL204_Ki,random,86921808,mondrian_rfstd,551,21,46,0.9147005444646098,0.5714285714285714,0.9283018867924528,35.68733153638814,0.6739130434782609,0.9366336633663367,26.272061988807582,2.541586046350063,2.5929757172089127,2.5369050070243064
CHEMBL204_Ki,random,86921808,cluster,551,21,46,0.9019963702359347,0.6666666666666666,0.9113207547169812,24.46540880503145,0.7608695652173914,0.9148514851485149,15.398191993112354,2.662998526272373,2.7589707160420476,2.6542565050260274
CHEMBL204_Ki,random,86921808,knn_weighted,551,21,46,0.911070780399274,0.6666666666666666,0.9207547169811321,25.408805031446548,0.782608695652174,0.9227722772277228,14.016358157554887,2.610532484460531,2.6961269420376195,2.602735761592123
CHEMBL204_Ki,random,86921808,adaptive,551,21,46,0.9001814882032668,0.7142857142857143,0.9075471698113208,19.326145552560646,0.8260869565217391,0.906930693069307,8.084373654756781,3.006560787084694,3.360312611699011,2.974337848604974
CHEMBL204_Ki,random,86921808,weighted_shift,551,21,46,0.896551724137931,0.6666666666666666,0.9056603773584906,23.899371069182397,0.717391304347826,0.9128712871287129,19.547998278088684,2.510907935875089,2.5109079358750885,2.510907935875089
CHEMBL204_Ki,random,86921808,cqr,551,21,46,0.8656987295825771,0.6190476190476191,0.8754716981132076,25.64240790655885,0.7391304347826086,0.8772277227722772,13.809728798966859,2.724059371863467,2.8555104734074974,2.7120856081584663
CHEMBL204_Ki,random,89165191,global,551,29,60,0.9328493647912885,0.7931034482758621,0.9406130268199234,14.750957854406133,0.8833333333333333,0.9389002036659878,5.556687033265451,3.0379381758567785,3.0379381758567776,3.0379381758567794
CHEMBL204_Ki,random,89165191,mondrian_wstd,551,29,60,0.9328493647912885,0.7931034482758621,0.9406130268199234,14.750957854406133,0.8833333333333333,0.9389002036659878,5.556687033265451,3.0379381758567785,3.0379381758567776,3.0379381758567794
CHEMBL204_Ki,random,89165191,mondrian_rfstd,551,29,60,0.9292196007259528,0.7931034482758621,0.9367816091954023,14.367816091954023,0.8666666666666667,0.9368635437881874,7.019687712152067,2.775997514601625,2.7304585686495972,2.781562355247494
CHEMBL204_Ki,random,89165191,cluster,551,29,60,0.9382940108892922,0.7931034482758621,0.946360153256705,15.325670498084287,0.8833333333333333,0.945010183299389,6.167684996605571,3.1483335120928237,3.131008692711911,3.1504505979642183
CHEMBL204_Ki,random,89165191,knn_weighted,551,29,60,0.9382940108892922,0.8620689655172413,0.9425287356321839,8.045977011494255,0.9166666666666666,0.9409368635437881,2.427019687712151,2.9327811891214672,3.1188555565098723,2.9100429772206438
CHEMBL204_Ki,random,89165191,adaptive,551,29,60,0.9019963702359347,0.7586206896551724,0.9099616858237548,15.134099616858244,0.8166666666666667,0.9124236252545825,9.575695858791589,3.584697301183155,4.185642728695941,3.5112620147253817
CHEMBL204_Ki,random,89165191,weighted_shift,551,29,60,0.9328493647912885,0.7931034482758621,0.9406130268199234,14.750957854406133,0.8833333333333333,0.9389002036659878,5.556687033265451,3.0037468838908232,3.0037468838908223,3.0037468838908237
CHEMBL204_Ki,random,89165191,cqr,551,29,60,0.9128856624319419,0.8275862068965517,0.9176245210727969,9.00383141762452,0.8666666666666667,0.9185336048879837,5.186693822131705,2.974585543666946,2.955568106711804,2.976909466716454
CHEMBL204_Ki,scaffold,34332121,global,551,14,51,0.8457350272232305,0.7142857142857143,0.8491620111731844,13.487629688747004,0.7647058823529411,0.854,8.929411764705886,2.7656095324534022,2.765609532453401,2.7656095324534022
CHEMBL204_Ki,scaffold,34332121,mondrian_wstd,551,14,51,0.8457350272232305,0.7142857142857143,0.8491620111731844,13.487629688747004,0.7647058823529411,0.854,8.929411764705886,2.7656095324534022,2.765609532453401,2.7656095324534022
CHEMBL204_Ki,scaffold,34332121,mondrian_rfstd,551,14,51,0.8312159709618875,0.5,0.839851024208566,33.985102420856606,0.6666666666666666,0.848,18.133333333333333,2.5663106070729,2.4468263637406458,2.5784979998927904
CHEMBL204_Ki,scaffold,34332121,cluster,551,14,51,0.8856624319419237,0.8571428571428571,0.8864059590316573,2.9263101888800214,0.8627450980392157,0.888,2.525490196078428,3.198321277161984,3.197276788263915,3.1984278150295875
CHEMBL204_Ki,scaffold,34332121,knn_weighted,551,14,51,0.8693284936479129,0.6428571428571429,0.8752327746741154,23.23756318169725,0.8235294117647058,0.874,5.047058823529415,2.9289534252765455,3.0367955174438674,2.9179535318754786
CHEMBL204_Ki,scaffold,34332121,adaptive,551,14,51,0.8947368421052632,0.7857142857142857,0.8975791433891993,11.18648576749136,0.8627450980392157,0.898,3.525490196078429,3.5815891433899965,3.591100045175422,3.580619031407883
CHEMBL204_Ki,scaffold,34332121,weighted_shift,551,14,51,0.8711433756805808,0.7857142857142857,0.8733705772811918,8.765629156690613,0.8235294117647058,0.876,5.247058823529416,3.019320053739225,3.019320053739225,3.0193200537392246
CHEMBL204_Ki,scaffold,34332121,cqr,551,14,51,0.852994555353902,0.7142857142857143,0.8566108007448789,14.232508645916464,0.7647058823529411,0.862,9.729411764705887,3.0023254824447903,2.93550597223629,3.0091410724860572
CHEMBL204_Ki,scaffold,57652534,global,551,13,67,0.925589836660617,0.7692307692307693,0.929368029739777,16.013726050900768,0.9104477611940298,0.9276859504132231,1.723818921919329,3.32080913451327,3.3208091345132704,3.32080913451327
CHEMBL204_Ki,scaffold,57652534,mondrian_wstd,551,13,67,0.925589836660617,0.7692307692307693,0.929368029739777,16.013726050900768,0.9104477611940298,0.9276859504132231,1.723818921919329,3.32080913451327,3.3208091345132704,3.32080913451327
CHEMBL204_Ki,scaffold,57652534,mondrian_rfstd,551,13,67,0.8493647912885662,0.6153846153846154,0.8550185873605948,23.963397197597935,0.7910447761194029,0.8574380165289256,6.639324040952266,2.9065419452119965,2.719094342539798,2.932490270375297
CHEMBL204_Ki,scaffold,57652534,cluster,551,13,67,0.9165154264972777,0.7692307692307693,0.9200743494423792,15.084358021160993,0.9104477611940298,0.9173553719008265,0.6907610706796685,3.3569016812385932,3.3159104616809327,3.3625760855988474
CHEMBL204_Ki,scaffold,57652534,knn_weighted,551,13,67,0.9274047186932849,0.7692307692307693,0.9312267657992565,16.19959965684872,0.9253731343283582,0.9276859504132231,0.23128160848648882,3.553927427925355,3.692857236182443,3.5346954090137332
CHEMBL204_Ki,scaffold,57652534,adaptive,551,13,67,0.8693284936479129,0.6153846153846154,0.8754646840148699,26.008006863025447,0.7761194029850746,0.8822314049586777,10.611200197360304,3.453699169963084,3.1752788738052704,3.492240822530384
CHEMBL204_Ki,scaffold,57652534,weighted_shift,551,13,67,0.9165154264972777,0.6923076923076923,0.9219330855018587,22.962539319416642,0.8955223880597015,0.9194214876033058,2.389909954360425,3.1649982934047287,3.1649982934047283,3.1649982934047287
CHEMBL204_Ki,scaffold,57652534,cqr,551,13,67,0.8566243194192378,0.8461538461538461,0.8568773234200744,1.0723477266228243,0.8656716417910447,0.8553719008264463,-1.0299740964598403,3.021865995670366,2.949095229815094,3.0319396347453735
CHEMBL204_Ki,scaffold,65555877,global,551,13,49,0.8911070780399274,0.8461538461538461,0.8921933085501859,4.603946239633972,0.8979591836734694,0.8904382470119522,-0.7520936661517208,2.945359959032757,2.9453599590327575,2.945359959032757
CHEMBL204_Ki,scaffold,65555877,mondrian_wstd,551,13,49,0.8911070780399274,0.8461538461538461,0.8921933085501859,4.603946239633972,0.8979591836734694,0.8904382470119522,-0.7520936661517208,2.945359959032757,2.9453599590327575,2.945359959032757
CHEMBL204_Ki,scaffold,65555877,mondrian_rfstd,551,13,49,0.8711433756805808,0.8461538461538461,0.8717472118959108,2.559336574206461,0.7959183673469388,0.8784860557768924,8.256768842995365,2.7755254411890715,2.777470757356428,2.775335559730505
CHEMBL204_Ki,scaffold,65555877,cluster,551,13,49,0.8856624319419237,0.9230769230769231,0.8847583643122676,-3.831855876465551,0.8571428571428571,0.8884462151394422,3.1303357996585124,2.9452730805773832,2.954255456718687,2.94439631477873
CHEMBL204_Ki,scaffold,65555877,knn_weighted,551,13,49,0.8983666061705989,0.7692307692307693,0.9014869888475836,13.225621961681433,0.8571428571428571,0.9023904382470119,4.524758110415483,2.9810053266314145,2.864062903805563,2.9924200252737787
CHEMBL204_Ki,scaffold,65555877,adaptive,551,13,49,0.8947368421052632,0.8461538461538461,0.895910780669145,4.975693451529883,0.9387755102040817,0.8904382470119522,-4.83372631921295,3.932137007986007,4.896691902784608,3.8379872274180156
CHEMBL204_Ki,scaffold,65555877,weighted_shift,551,13,49,0.8892921960072595,0.8461538461538461,0.8903345724907064,4.418072633686021,0.8775510204081632,0.8904382470119522,1.2887226603788937,2.9348210068104663,2.9348210068104663,2.9348210068104663
CHEMBL204_Ki,scaffold,65555877,cqr,551,13,49,0.9219600725952813,1.0,0.9200743494423792,-7.99256505576208,0.8775510204081632,0.9262948207171314,4.874380030896819,3.386158597215663,3.3279519097353063,3.3918401264717137
CHEMBL204_Ki,scaffold,80882938,global,551,14,59,0.867513611615245,0.5714285714285714,0.8752327746741154,30.380420324554404,0.7457627118644068,0.8821138211382114,13.635110927380456,2.5786976599056923,2.5786976599056923,2.5786976599056928
CHEMBL204_Ki,scaffold,80882938,mondrian_wstd,551,14,59,0.867513611615245,0.5714285714285714,0.8752327746741154,30.380420324554404,0.7457627118644068,0.8821138211382114,13.635110927380456,2.5786976599056923,2.5786976599056923,2.5786976599056928
CHEMBL204_Ki,scaffold,80882938,mondrian_rfstd,551,14,59,0.8784029038112523,0.5,0.888268156424581,38.8268156424581,0.7627118644067796,0.8922764227642277,12.956455835744807,2.5037781299714594,2.504588531657925,2.5036809476553987
CHEMBL204_Ki,scaffold,80882938,cluster,551,14,59,0.8802177858439202,0.5714285714285714,0.888268156424581,31.683958499600962,0.7457627118644068,0.8963414634146342,15.057875155022737,2.7615722765766404,2.806769295155236,2.756152308901565
CHEMBL204_Ki,scaffold,80882938,knn_weighted,551,14,59,0.8693284936479129,0.5,0.8789571694599627,37.89571694599627,0.7796610169491526,0.8800813008130082,10.04202838638556,2.6649128887606617,2.8469856960129953,2.643078954557638
CHEMBL204_Ki,scaffold,80882938,adaptive,551,14,59,0.8856624319419237,0.7857142857142857,0.888268156424581,10.255387071029531,0.847457627118644,0.8902439024390244,4.278627532038037,3.659089370945367,4.157268759605851,3.5993483466954315
CHEMBL204_Ki,scaffold,80882938,weighted_shift,551,14,59,0.8765880217785844,0.5714285714285714,0.8845437616387337,31.31151902101623,0.7627118644067796,0.8902439024390244,12.753203803224478,2.6761949402293723,2.6761949402293728,2.676194940229372
CHEMBL204_Ki,scaffold,80882938,cqr,551,14,59,0.8929219600725953,0.7142857142857143,0.8975791433891993,18.3293429103485,0.8135593220338984,0.9024390243902439,8.887970235634556,3.0160641294500645,3.229448229396933,2.990475385757249
CHEMBL204_Ki,scaffold,62569839,global,551,19,42,0.925589836660617,1.0,0.9229323308270677,-7.706766917293228,0.9523809523809523,0.9233791748526523,-2.900177752830002,3.4840126345724123,3.4840126345724136,3.484012634572412
CHEMBL204_Ki,scaffold,62569839,mondrian_wstd,551,19,42,0.925589836660617,1.0,0.9229323308270677,-7.706766917293228,0.9523809523809523,0.9233791748526523,-2.900177752830002,3.4840126345724123,3.4840126345724136,3.484012634572412
CHEMBL204_Ki,scaffold,62569839,mondrian_rfstd,551,19,42,0.9491833030852994,0.9473684210526315,0.9492481203007519,0.187969924812037,0.9523809523809523,0.9489194499017681,-0.34615024791841975,3.5660148222225287,3.6804888263791544,3.5565690301310195
CHEMBL204_Ki,scaffold,62569839,cluster,551,19,42,0.9165154264972777,1.0,0.9135338345864662,-8.64661654135338,0.9761904761904762,0.9115913555992141,-6.459912059126205,3.227747011845177,3.418421316813339,3.2120135721425003
CHEMBL204_Ki,scaffold,62569839,knn_weighted,551,19,42,0.9001814882032668,1.0,0.8966165413533834,-10.338345864661658,0.9523809523809523,0.8958742632612967,-5.650668911965562,3.001558518739712,3.215093770932916,2.9839387140400766
CHEMBL204_Ki,scaffold,62569839,adaptive,551,19,42,0.9038112522686026,0.8947368421052632,0.9041353383458647,0.9398496240601517,0.9523809523809523,0.899803536345776,-5.25774160351763,3.745795798915769,4.59677380110016,3.6755775747669595
CHEMBL204_Ki,scaffold,62569839,weighted_shift,551,19,42,0.911070780399274,1.0,0.9078947368421053,-9.210526315789469,0.9523809523809523,0.9076620825147348,-4.471886986621754,2.998762863291914,2.998762863291914,2.9987628632919145
CHEMBL204_Ki,scaffold,62569839,cqr,551,19,42,0.9219600725952813,0.9473684210526315,0.9210526315789473,-2.631578947368418,0.9285714285714286,0.9214145383104125,-0.7156890261016069,3.3831302468732343,3.5140179610538897,3.3723300818524335
CHEMBL214_Ki,random,71339737,global,664,16,50,0.9231927710843374,0.625,0.9305555555555556,30.555555555555557,0.74,0.9381107491856677,19.811074918566774,2.275710754556776,2.275710754556776,2.275710754556776
CHEMBL214_Ki,random,71339737,mondrian_wstd,664,16,50,0.9231927710843374,0.625,0.9305555555555556,30.555555555555557,0.74,0.9381107491856677,19.811074918566774,2.275710754556776,2.275710754556776,2.275710754556776
CHEMBL214_Ki,random,71339737,mondrian_rfstd,664,16,50,0.9066265060240963,0.5,0.9166666666666666,41.666666666666664,0.68,0.9250814332247557,24.50814332247556,2.212077898579634,2.196190549570661,2.213371656642254
CHEMBL214_Ki,random,71339737,cluster,664,16,50,0.9156626506024096,0.625,0.9228395061728395,29.78395061728395,0.74,0.9299674267100977,18.99674267100977,2.310158691714001,2.4256125355669953,2.3007569128986103
CHEMBL214_Ki,random,71339737,knn_weighted,664,16,50,0.911144578313253,0.625,0.9182098765432098,29.320987654320984,0.78,0.9218241042345277,14.182410423452762,2.256646366262113,2.397681400608637,2.2451614286117447
CHEMBL214_Ki,random,71339737,adaptive,664,16,50,0.875,0.6875,0.8796296296296297,19.212962962962965,0.8,0.8811074918566775,8.110749185667743,2.4492177444006935,3.03441629929644,2.4015631389531578
CHEMBL214_Ki,random,71339737,weighted_shift,664,16,50,0.9126506024096386,0.625,0.9197530864197531,29.475308641975307,0.74,0.9267100977198697,18.671009771986967,2.2082852004248767,2.2082852004248767,2.2082852004248763
CHEMBL214_Ki,random,71339737,cqr,664,16,50,0.9141566265060241,0.75,0.9182098765432098,16.820987654320984,0.78,0.9250814332247557,14.508143322475565,2.4293509120937165,2.462279104935608,2.426669463165223
CHEMBL214_Ki,random,99182118,global,664,30,49,0.8825301204819277,0.6,0.8958990536277602,29.589905362776026,0.673469387755102,0.8991869918699187,22.571760411481666,2.210400523995636,2.210400523995636,2.210400523995636
CHEMBL214_Ki,random,99182118,mondrian_wstd,664,30,49,0.8825301204819277,0.6,0.8958990536277602,29.589905362776026,0.673469387755102,0.8991869918699187,22.571760411481666,2.210400523995636,2.210400523995636,2.210400523995636
CHEMBL214_Ki,random,99182118,mondrian_rfstd,664,30,49,0.8870481927710844,0.6333333333333333,0.8990536277602523,26.572029442691903,0.673469387755102,0.9040650406504065,23.059565289530447,2.1039118610558414,2.093436835606349,2.10474645657946
CHEMBL214_Ki,random,99182118,cluster,664,30,49,0.8795180722891566,0.6,0.8927444794952681,29.274447949526817,0.6938775510204082,0.8943089430894309,20.04313920690227,2.2336988831357005,2.143123683598629,2.2409154437492234
CHEMBL214_Ki,random,99182118,knn_weighted,664,30,49,0.8780120481927711,0.6,0.8911671924290221,29.11671924290221,0.7142857142857143,0.8910569105691057,17.677119628339145,2.1704995766718485,2.3110078004264274,2.1593046125027846
CHEMBL214_Ki,random,99182118,adaptive,664,30,49,0.8689759036144579,0.8,0.8722397476340694,7.223974763406938,0.7346938775510204,0.8796747967479674,14.4980919196947,2.4130826264440013,2.71033645913687,2.389398987741642
CHEMBL214_Ki,random,99182118,weighted_shift,664,30,49,0.8810240963855421,0.6,0.8943217665615142,29.43217665615142,0.6530612244897959,0.8991869918699187,24.612576738012283,2.164780506628581,2.1647805066285812,2.1647805066285812
CHEMBL214_Ki,random,99182118,cqr,664,30,49,0.8930722891566265,0.7333333333333333,0.9006309148264984,16.72975814931651,0.7346938775510204,0.9056910569105691,17.09971793595486,2.480937010879407,2.5651351426122124,2.474228541847037
CHEMBL214_Ki,random,89709943,global,664,27,49,0.8885542168674698,0.6666666666666666,0.8979591836734694,23.129251700680275,0.7346938775510204,0.9008130081300812,16.61191305790608,2.2371790806656975,2.2371790806656975,2.2371790806656975
CHEMBL214_Ki,random,89709943,mondrian_wstd,664,27,49,0.8885542168674698,0.6666666666666666,0.8979591836734694,23.129251700680275,0.7346938775510204,0.9008130081300812,16.61191305790608,2.2371790806656975,2.2371790806656975,2.2371790806656975
CHEMBL214_Ki,random,89709943,mondrian_rfstd,664,27,49,0.9066265060240963,0.5555555555555556,0.9215070643642073,36.59515088086517,0.6938775510204082,0.9235772357723577,22.969968475194957,2.2496986796047405,2.100218132218859,2.261608511835486
CHEMBL214_Ki,random,89709943,cluster,664,27,49,0.891566265060241,0.5925925925925926,0.9042386185243328,31.164602593174028,0.7142857142857143,0.9056910569105691,19.140534262485474,2.3167437090146517,2.235815821817307,2.3231916219783426
CHEMBL214_Ki,random,89709943,knn_weighted,664,27,49,0.891566265060241,0.6296296296296297,0.902668759811617,27.303913018198735,0.7346938775510204,0.9040650406504065,16.937116309938606,2.2377964551623784,2.319286433672024,2.231303757687626
CHEMBL214_Ki,random,89709943,adaptive,664,27,49,0.9126506024096386,0.7777777777777778,0.9183673469387755,14.058956916099774,0.8571428571428571,0.9170731707317074,5.993031358885026,2.8129898745851722,3.128177009649482,2.787877403661349
CHEMBL214_Ki,random,89709943,weighted_shift,664,27,49,0.8855421686746988,0.6666666666666666,0.8948194662480377,22.815279958137104,0.7346938775510204,0.8975609756097561,16.286709805873567,2.2170240411263027,2.2170240411263027,2.2170240411263027
CHEMBL214_Ki,random,89709943,cqr,664,27,49,0.9126506024096386,0.7777777777777778,0.9183673469387755,14.058956916099774,0.8163265306122449,0.9203252032520325,10.399867263978757,2.537114379828877,2.6320643174164275,2.5295492628503564
CHEMBL214_Ki,random,86921808,global,664,29,47,0.8629518072289156,0.6206896551724138,0.8740157480314961,25.332609285908227,0.7021276595744681,0.8752025931928687,17.307493361840066,2.094108030104371,2.0941080301043704,2.094108030104371
CHEMBL214_Ki,random,86921808,mondrian_wstd,664,29,47,0.8629518072289156,0.6206896551724138,0.8740157480314961,25.332609285908227,0.7021276595744681,0.8752025931928687,17.307493361840066,2.094108030104371,2.0941080301043704,2.094108030104371
CHEMBL214_Ki,random,86921808,mondrian_rfstd,664,29,47,0.8960843373493976,0.6206896551724138,0.9086614173228347,28.797176215042086,0.7446808510638298,0.9076175040518638,16.293665298803404,2.156993641259942,2.0972447449725027,2.1615450158555816
CHEMBL214_Ki,random,86921808,cluster,664,29,47,0.8780120481927711,0.6551724137931034,0.8881889763779528,23.301656258484936,0.7659574468085106,0.8865478119935171,12.059036518500644,2.2132468814367203,2.1810128400089455,2.21570231084856
CHEMBL214_Ki,random,86921808,knn_weighted,664,29,47,0.8539156626506024,0.6206896551724138,0.8645669291338582,24.38772739614444,0.723404255319149,0.8638573743922204,14.045311907307145,2.0850589921172666,2.2039599099566094,2.0760017098831516
CHEMBL214_Ki,random,86921808,adaptive,664,29,47,0.9081325301204819,0.7241379310344828,0.9165354330708662,19.23975020363834,0.8085106382978723,0.9157212317666127,10.72105934687404,2.6659307753404122,2.8700405408192684,2.6503827056848106
CHEMBL214_Ki,random,86921808,weighted_shift,664,29,47,0.8629518072289156,0.6206896551724138,0.8740157480314961,25.332609285908227,0.7021276595744681,0.8752025931928687,17.307493361840066,2.094108030104371,2.0941080301043704,2.094108030104371
CHEMBL214_Ki,random,86921808,cqr,664,29,47,0.8524096385542169,0.8275862068965517,0.8535433070866142,2.5957100190062476,0.8297872340425532,0.8541329011345219,2.4345667091968726,2.427453419725273,2.5867684571205127,2.4153175902964623
CHEMBL214_Ki,random,89165191,global,664,32,53,0.8659638554216867,0.65625,0.8765822784810127,22.033227848101266,0.7735849056603774,0.8739770867430442,10.03921810826668,2.112429417595729,2.1124294175957297,2.112429417595729
CHEMBL214_Ki,random,89165191,mondrian_wstd,664,32,53,0.8659638554216867,0.65625,0.8765822784810127,22.033227848101266,0.7735849056603774,0.8739770867430442,10.03921810826668,2.112429417595729,2.1124294175957297,2.112429417595729
CHEMBL214_Ki,random,89165191,mondrian_rfstd,664,32,53,0.8659638554216867,0.59375,0.879746835443038,28.5996835443038,0.7169811320754716,0.8788870703764321,16.190593830096045,2.0864454073659133,2.0868706406690274,2.08640852133471
CHEMBL214_Ki,random,89165191,cluster,664,32,53,0.8734939759036144,0.625,0.8860759493670886,26.107594936708857,0.7358490566037735,0.8854337152209493,14.958465861717574,2.202533157250606,2.2203328964419358,2.2009891536873645
CHEMBL214_Ki,random,89165191,knn_weighted,664,32,53,0.8493975903614458,0.625,0.8607594936708861,23.57594936708861,0.7358490566037735,0.8592471358428805,12.339807923910694,1.9798934848818444,2.0428152402300834,1.9744354602771692
CHEMBL214_Ki,random,89165191,adaptive,664,32,53,0.8885542168674698,0.875,0.8892405063291139,1.424050632911389,0.9056603773584906,0.8870703764320785,-1.8590000926412054,2.548484352706241,3.269511513432641,2.4859402618412667
CHEMBL214_Ki,random,89165191,weighted_shift,664,32,53,0.8659638554216867,0.65625,0.8765822784810127,22.033227848101266,0.7735849056603774,0.8739770867430442,10.03921810826668,2.112429417595729,2.1124294175957297,2.112429417595729
CHEMBL214_Ki,random,89165191,cqr,664,32,53,0.8644578313253012,0.75,0.870253164556962,12.0253164556962,0.8113207547169812,0.8690671031096563,5.774634839267511,2.400250918397188,2.527087373588924,2.389248738159607
CHEMBL214_Ki,scaffold,34332121,global,664,15,35,0.8840361445783133,0.8666666666666667,0.884437596302003,1.777092963533633,0.8857142857142857,0.8839427662957074,-0.17715194185782268,2.5538029829441484,2.5538029829441484,2.5538029829441484
CHEMBL214_Ki,scaffold,34332121,mondrian_wstd,664,15,35,0.8840361445783133,0.8666666666666667,0.884437596302003,1.777092963533633,0.8857142857142857,0.8839427662957074,-0.17715194185782268,2.5538029829441484,2.5538029829441484,2.5538029829441484
CHEMBL214_Ki,scaffold,34332121,mondrian_rfstd,664,15,35,0.891566265060241,0.8,0.8936825885978429,9.368258859784284,0.8285714285714286,0.8950715421303657,6.650011355893703,2.4225473347105955,2.464480587626234,2.420214005852015
CHEMBL214_Ki,scaffold,34332121,cluster,664,15,35,0.9096385542168675,0.8,0.9121725731895224,11.217257318952234,0.9142857142857143,0.9093799682034976,-0.4905746082216611,2.689223717044001,2.5379595305348523,2.6976406431613627
CHEMBL214_Ki,scaffold,34332121,knn_weighted,664,15,35,0.8704819277108434,0.8,0.8721109399075501,7.211093990755002,0.8571428571428571,0.8712241653418124,1.4081308198955256,2.4427524649116177,2.403009606380955,2.444963911729699
CHEMBL214_Ki,scaffold,34332121,adaptive,664,15,35,0.8795180722891566,0.6,0.8859784283513097,28.597842835130972,0.8,0.8839427662957074,8.39427662957074,2.9117024031637833,3.2828246156103176,2.8910517236158837
CHEMBL214_Ki,scaffold,34332121,weighted_shift,664,15,35,0.8975903614457831,0.8666666666666667,0.8983050847457628,3.1638418079096065,0.9142857142857143,0.8966613672496025,-1.762434703611171,2.719612592294952,2.719612592294952,2.7196125922949523
CHEMBL214_Ki,scaffold,34332121,cqr,664,15,35,0.8704819277108434,0.8666666666666667,0.8705701078582434,0.39034411915767064,0.9142857142857143,0.8680445151033387,-4.624119918237557,2.7188494030523263,2.7692057225530284,2.7160473820944175
CHEMBL214_Ki,scaffold,57652534,global,664,24,51,0.8945783132530121,0.5,0.909375,40.93750000000001,0.7254901960784313,0.9086460032626428,18.315580718421142,2.5162659507136915,2.5162659507136915,2.5162659507136915
CHEMBL214_Ki,scaffold,57652534,mondrian_wstd,664,24,51,0.8945783132530121,0.5,0.909375,40.93750000000001,0.7254901960784313,0.9086460032626428,18.315580718421142,2.5162659507136915,2.5162659507136915,2.5162659507136915
CHEMBL214_Ki,scaffold,57652534,mondrian_rfstd,664,24,51,0.8975903614457831,0.4166666666666667,0.915625,49.895833333333336,0.6862745098039216,0.9151712887438825,22.889677893996097,2.547842869555366,2.408837849947389,2.5594077243677753
CHEMBL214_Ki,scaffold,57652534,cluster,664,24,51,0.8765060240963856,0.4583333333333333,0.8921875,43.38541666666667,0.7058823529411765,0.8907014681892332,18.48191152480567,2.441038160218472,2.3989364012646326,2.444540916673033
CHEMBL214_Ki,scaffold,57652534,knn_weighted,664,24,51,0.8795180722891566,0.5,0.89375,39.37500000000001,0.7254901960784313,0.8923327895595432,16.684259348111187,2.435236827231717,2.5064919489183,2.429308587091398
CHEMBL214_Ki,scaffold,57652534,adaptive,664,24,51,0.9066265060240963,0.5416666666666666,0.9203125,37.864583333333336,0.7647058823529411,0.9184339314845025,15.372804913156134,3.4628574566254167,3.5457202019650174,3.45596349249439
CHEMBL214_Ki,scaffold,57652534,weighted_shift,664,24,51,0.8765060240963856,0.4583333333333333,0.8921875,43.38541666666667,0.7058823529411765,0.8907014681892332,18.48191152480567,2.400427859498413,2.400427859498412,2.4004278594984125
CHEMBL214_Ki,scaffold,57652534,cqr,664,24,51,0.9171686746987951,0.8333333333333334,0.9203125,8.69791666666666,0.8627450980392157,0.9216965742251223,5.8951476185906575,2.847421280860379,2.830903238419596,2.8487955388774755
CHEMBL214_Ki,scaffold,65555877,global,664,31,47,0.8614457831325302,0.5806451612903226,0.8751974723538705,29.455231106354784,0.6595744680851063,0.8768233387358185,21.72488706507122,2.6883226203527015,2.688322620352703,2.6883226203527015
CHEMBL214_Ki,scaffold,65555877,mondrian_wstd,664,31,47,0.8614457831325302,0.5806451612903226,0.8751974723538705,29.455231106354784,0.6595744680851063,0.8768233387358185,21.72488706507122,2.6883226203527015,2.688322620352703,2.6883226203527015
CHEMBL214_Ki,scaffold,65555877,mondrian_rfstd,664,31,47,0.8629518072289156,0.45161290322580644,0.8830963665086888,43.14834632828824,0.5531914893617021,0.8865478119935171,33.335632263181495,2.5290195260341672,2.3125974164669776,2.545505488999577
CHEMBL214_Ki,scaffold,65555877,cluster,664,31,47,0.8509036144578314,0.6451612903225806,0.8609794628751974,21.581817255261683,0.7021276595744681,0.8622366288492707,16.010896927480257,2.656328252828613,2.81683896890739,2.644101342527636
CHEMBL214_Ki,scaffold,65555877,knn_weighted,664,31,47,0.8358433734939759,0.5806451612903226,0.8483412322274881,26.76960709371655,0.6382978723404256,0.8508914100486223,21.25935377081968,2.532725916107413,2.702193137748133,2.5198167436323504
CHEMBL214_Ki,scaffold,65555877,adaptive,664,31,47,0.8780120481927711,0.7741935483870968,0.8830963665086888,10.890281812159209,0.8297872340425532,0.8816855753646677,5.189834132211457,3.1585425893528885,3.9519046755924037,3.0981082002876414
CHEMBL214_Ki,scaffold,65555877,weighted_shift,664,31,47,0.8328313253012049,0.5161290322580645,0.8483412322274881,33.22121999694237,0.6170212765957447,0.8492706645056726,23.224938790992788,2.4445526889658624,2.4445526889658615,2.444552688965862
CHEMBL214_Ki,scaffold,65555877,cqr,664,31,47,0.8283132530120482,0.6451612903225806,0.8372827804107424,19.212149008816183,0.6595744680851063,0.8411669367909238,18.159246870581747,2.674514896735861,2.790772117325035,2.6656589982468963
CHEMBL214_Ki,scaffold,80882938,global,664,15,52,0.8960843373493976,0.6666666666666666,0.901386748844376,23.472008217770934,0.8269230769230769,0.9019607843137255,7.503770739064864,2.7497401799632555,2.7497401799632564,2.749740179963256
CHEMBL214_Ki,scaffold,80882938,mondrian_wstd,664,15,52,0.8960843373493976,0.6666666666666666,0.901386748844376,23.472008217770934,0.8269230769230769,0.9019607843137255,7.503770739064864,2.7497401799632555,2.7497401799632564,2.749740179963256
CHEMBL214_Ki,scaffold,80882938,mondrian_rfstd,664,15,52,0.927710843373494,0.8,0.9306625577812019,13.066255778120183,0.8461538461538461,0.934640522875817,8.848667672197086,2.810678849723634,2.802565878927963,2.8113681871115013
CHEMBL214_Ki,scaffold,80882938,cluster,664,15,52,0.8840361445783133,0.6,0.8906009244992296,29.06009244992296,0.7692307692307693,0.8937908496732027,12.456008044243339,2.634545465371909,2.4682908347610995,2.6486716758159647
CHEMBL214_Ki,scaffold,80882938,knn_weighted,664,15,52,0.8795180722891566,0.6666666666666666,0.884437596302003,21.77709296353364,0.8461538461538461,0.8823529411764706,3.6199095022624417,2.6855619582787904,2.726954811980382,2.682044918421792
CHEMBL214_Ki,scaffold,80882938,adaptive,664,15,52,0.9367469879518072,0.8666666666666667,0.938366718027735,7.170005136106827,0.9615384615384616,0.934640522875817,-2.689793866264456,3.5258622241260684,3.8652545847299535,3.497024964728353
CHEMBL214_Ki,scaffold,80882938,weighted_shift,664,15,52,0.858433734939759,0.6,0.864406779661017,26.4406779661017,0.7884615384615384,0.8643790849673203,7.591754650578187,2.4598472953883745,2.4598472953883745,2.4598472953883754
CHEMBL214_Ki,scaffold,80882938,cqr,664,15,52,0.8780120481927711,0.8,0.8798151001540832,7.981510015408311,0.8461538461538461,0.880718954248366,3.4565108094519847,2.9203484245427536,2.869387783751623,2.924678413629582
CHEMBL214_Ki,scaffold,62569839,global,664,25,46,0.9382530120481928,0.64,0.9499217527386542,30.99217527386542,0.7608695652173914,0.9514563106796117,19.058674546222033,2.7340516948737807,2.734051694873781,2.7340516948737807
CHEMBL214_Ki,scaffold,62569839,mondrian_wstd,664,25,46,0.9382530120481928,0.64,0.9499217527386542,30.99217527386542,0.7608695652173914,0.9514563106796117,19.058674546222033,2.7340516948737807,2.734051694873781,2.7340516948737807
CHEMBL214_Ki,scaffold,62569839,mondrian_rfstd,664,25,46,0.9292168674698795,0.48,0.94679186228482,46.679186228482,0.6304347826086957,0.9514563106796117,32.1021528070916,2.706693880200231,2.7016459945781,2.707069612786992
CHEMBL214_Ki,scaffold,62569839,cluster,664,25,46,0.9442771084337349,0.76,0.9514866979655712,19.148669796557115,0.8260869565217391,0.9530744336569579,12.698747713521874,2.820243929776185,2.896455052342926,2.8145712572226733
CHEMBL214_Ki,scaffold,62569839,knn_weighted,664,25,46,0.9322289156626506,0.76,0.9389671361502347,17.896713615023472,0.8260869565217391,0.9401294498381877,11.404249331644856,2.7188958687093434,2.882750220633415,2.7066995900871635
CHEMBL214_Ki,scaffold,62569839,adaptive,664,25,46,0.9322289156626506,0.76,0.9389671361502347,17.896713615023472,0.8043478260869565,0.941747572815534,13.739974672857747,3.191289078493277,3.301011173477389,3.183122061714524
CHEMBL214_Ki,scaffold,62569839,weighted_shift,664,25,46,0.911144578313253,0.48,0.9280125195618153,44.80125195618153,0.6304347826086957,0.9320388349514563,30.160405234276066,2.497272825169036,2.497272825169036,2.4972728251690355
CHEMBL214_Ki,scaffold,62569839,cqr,664,25,46,0.9262048192771084,0.72,0.9342723004694836,21.427230046948363,0.7608695652173914,0.9385113268608414,17.764176164345002,2.826173449316709,2.761391485602399,2.8309954077808808
CHEMBL219_Ki,random,71339737,global,373,8,19,0.900804289544236,0.625,0.9068493150684932,28.18493150684932,0.7894736842105263,0.9067796610169492,11.730597680642285,2.2294241909811077,2.2294241909811077,2.2294241909811077
CHEMBL219_Ki,random,71339737,mondrian_wstd,373,8,19,0.900804289544236,0.625,0.9068493150684932,28.18493150684932,0.7894736842105263,0.9067796610169492,11.730597680642285,2.2294241909811077,2.2294241909811077,2.2294241909811077
CHEMBL219_Ki,random,71339737,mondrian_rfstd,373,8,19,0.8847184986595175,0.75,0.8876712328767123,13.767123287671234,0.6842105263157895,0.8954802259887006,21.12696996729111,2.2388527489534797,2.0974175732782094,2.246443902450175
CHEMBL219_Ki,random,71339737,cluster,373,8,19,0.9168900804289544,0.75,0.9205479452054794,17.054794520547944,0.8421052631578947,0.9209039548022598,7.879869164436515,2.3048133833668807,2.2976185419800585,2.305199547170128
CHEMBL219_Ki,random,71339737,knn_weighted,373,8,19,0.8632707774798928,0.75,0.8657534246575342,11.575342465753424,0.7368421052631579,0.8700564971751412,13.321439191198337,1.9936776555543978,1.9355244872337674,1.996798870803245
CHEMBL219_Ki,random,71339737,adaptive,373,8,19,0.8739946380697051,0.875,0.873972602739726,-0.102739726027401,0.7894736842105263,0.8785310734463276,8.905738923580131,2.798816180450324,2.769319251266814,2.8003993489658225
CHEMBL219_Ki,random,71339737,weighted_shift,373,8,19,0.8739946380697051,0.625,0.8794520547945206,25.44520547945206,0.7894736842105263,0.8785310734463276,8.905738923580131,2.0681933383365902,2.0681933383365902,2.0681933383365902
CHEMBL219_Ki,random,71339737,cqr,373,8,19,0.8793565683646113,0.875,0.8794520547945206,0.4452054794520599,0.8421052631578947,0.8813559322033898,3.9250669045495123,2.44354268361481,2.622859986286164,2.433918308612675
CHEMBL219_Ki,random,99182118,global,373,14,28,0.8900804289544236,1.0,0.8857938718662952,-11.420612813370479,0.9285714285714286,0.8869565217391304,-4.161490683229818,2.3269179679279777,2.3269179679279772,2.3269179679279777
CHEMBL219_Ki,random,99182118,mondrian_wstd,373,14,28,0.8900804289544236,1.0,0.8857938718662952,-11.420612813370479,0.9285714285714286,0.8869565217391304,-4.161490683229818,2.3269179679279777,2.3269179679279772,2.3269179679279777
CHEMBL219_Ki,random,99182118,mondrian_rfstd,373,14,28,0.9410187667560321,1.0,0.9387186629526463,-6.128133704735372,0.9285714285714286,0.9420289855072463,1.3457556935817738,2.46588979197507,2.198085902927864,2.4876246003615097
CHEMBL219_Ki,random,99182118,cluster,373,14,28,0.9142091152815014,1.0,0.9108635097493036,-8.913649025069637,0.9285714285714286,0.9130434782608695,-1.552795031055909,2.4809718539614893,2.3115175582579073,2.4947246663664173
CHEMBL219_Ki,random,99182118,knn_weighted,373,14,28,0.8820375335120644,1.0,0.8774373259052924,-12.256267409470755,0.8928571428571429,0.881159420289855,-1.169772256728785,2.1754969203711623,2.1110323108214732,2.1807288307114265
CHEMBL219_Ki,random,99182118,adaptive,373,14,28,0.8954423592493298,0.9285714285714286,0.8941504178272981,-3.442101074413051,0.8928571428571429,0.8956521739130435,0.2795031055900621,2.8381209575391546,2.8449735505575324,2.8375648050623012
CHEMBL219_Ki,random,99182118,weighted_shift,373,14,28,0.8900804289544236,1.0,0.8857938718662952,-11.420612813370479,0.9285714285714286,0.8869565217391304,-4.161490683229818,2.3269179679279777,2.3269179679279772,2.3269179679279777
CHEMBL219_Ki,random,99182118,cqr,373,14,28,0.9088471849865952,1.0,0.9052924791086351,-9.470752089136491,0.9285714285714286,0.9072463768115943,-2.1325051759834346,2.6330930351374846,2.7618655461599184,2.622641932793635
CHEMBL219_Ki,random,89709943,global,373,16,31,0.8793565683646113,0.75,0.8851540616246498,13.515406162464982,0.8709677419354839,0.8801169590643275,0.9149217128843645,2.486634179284266,2.486634179284266,2.486634179284266
CHEMBL219_Ki,random,89709943,mondrian_wstd,373,16,31,0.8793565683646113,0.75,0.8851540616246498,13.515406162464982,0.8709677419354839,0.8801169590643275,0.9149217128843645,2.486634179284266,2.486634179284266,2.486634179284266
CHEMBL219_Ki,random,89709943,mondrian_rfstd,373,16,31,0.8766756032171582,0.75,0.8823529411764706,13.235294117647056,0.8387096774193549,0.8801169590643275,4.140728164497265,2.34917771941833,2.2236158237748747,2.360559060836304
CHEMBL219_Ki,random,89709943,cluster,373,16,31,0.871313672922252,0.6875,0.8795518207282913,19.205182072829132,0.8064516129032258,0.8771929824561403,7.074136955291454,2.369266205009628,2.3039786280618153,2.3751840847914476
CHEMBL219_Ki,random,89709943,knn_weighted,373,16,31,0.8471849865951743,0.75,0.8515406162464986,10.154061624649858,0.8709677419354839,0.8450292397660819,-2.5938502169401967,2.2075671180512964,2.1542789633445554,2.2123973309048313
CHEMBL219_Ki,random,89709943,adaptive,373,16,31,0.8847184986595175,0.625,0.896358543417367,27.1358543417367,0.8064516129032258,0.8918128654970761,8.536125259385031,2.8228756319064914,3.194067449419973,2.7892295899681354
CHEMBL219_Ki,random,89709943,weighted_shift,373,16,31,0.8793565683646113,0.75,0.8851540616246498,13.515406162464982,0.8709677419354839,0.8801169590643275,0.9149217128843645,2.486634179284266,2.486634179284266,2.486634179284266
CHEMBL219_Ki,random,89709943,cqr,373,16,31,0.8981233243967829,0.875,0.8991596638655462,2.4159663865546244,0.9032258064516129,0.8976608187134503,-0.5564987738162608,2.666428429643549,2.7710408527529293,2.656946017022523
CHEMBL219_Ki,random,86921808,global,373,13,29,0.9088471849865952,0.6153846153846154,0.9194444444444444,30.4059829059829,0.7931034482758621,0.9186046511627907,12.550120288692856,2.4310394714497114,2.431039471449711,2.4310394714497114
CHEMBL219_Ki,random,86921808,mondrian_wstd,373,13,29,0.9088471849865952,0.6153846153846154,0.9194444444444444,30.4059829059829,0.7931034482758621,0.9186046511627907,12.550120288692856,2.4310394714497114,2.431039471449711,2.4310394714497114
CHEMBL219_Ki,random,86921808,mondrian_rfstd,373,13,29,0.9276139410187667,0.6923076923076923,0.9361111111111111,24.38034188034188,0.8620689655172413,0.9331395348837209,7.107056936647959,2.507684430043716,2.37069530478938,2.519232931882017
CHEMBL219_Ki,random,86921808,cluster,373,13,29,0.9115281501340483,0.6923076923076923,0.9194444444444444,22.71367521367521,0.7931034482758621,0.9215116279069767,12.840817963111462,2.5103176076750207,2.477825315462643,2.513056783471994
CHEMBL219_Ki,random,86921808,knn_weighted,373,13,29,0.9115281501340483,0.6153846153846154,0.9222222222222223,30.683760683760685,0.7931034482758621,0.9215116279069767,12.840817963111462,2.3499736758071994,2.2907423102767384,2.354967017668779
CHEMBL219_Ki,random,86921808,adaptive,373,13,29,0.8954423592493298,0.7692307692307693,0.9,13.076923076923075,0.8620689655172413,0.8982558139534884,3.6186848436247088,2.8452526892364434,2.781813814377797,2.850600733919294
CHEMBL219_Ki,random,86921808,weighted_shift,373,13,29,0.9142091152815014,0.6923076923076923,0.9222222222222223,22.991452991453,0.8275862068965517,0.9215116279069767,9.392542101042501,2.485048400893202,2.4850484008932026,2.4850484008932026
CHEMBL219_Ki,random,86921808,cqr,373,13,29,0.900804289544236,0.8461538461538461,0.9027777777777778,5.6623931623931645,0.8620689655172413,0.9040697674418605,4.200080192461919,2.650047123177653,2.8145529651083154,2.6361788981311727
CHEMBL219_Ki,random,89165191,global,373,11,27,0.903485254691689,0.9090909090909091,0.9033149171270718,-0.5775991963837268,0.9629629629629629,0.8988439306358381,-6.411903232712479,2.379885412965482,2.3798854129654816,2.379885412965482
CHEMBL219_Ki,random,89165191,mondrian_wstd,373,11,27,0.903485254691689,0.9090909090909091,0.9033149171270718,-0.5775991963837268,0.9629629629629629,0.8988439306358381,-6.411903232712479,2.379885412965482,2.3798854129654816,2.379885412965482
CHEMBL219_Ki,random,89165191,mondrian_rfstd,373,11,27,0.935656836461126,0.9090909090909091,0.93646408839779,2.737317930688099,0.9629629629629629,0.9335260115606936,-2.943695140226932,2.450543483091367,2.314351357797807,2.4611711922905752
CHEMBL219_Ki,random,89165191,cluster,373,11,27,0.8820375335120644,0.9090909090909091,0.8812154696132597,-2.7875439477649366,0.8888888888888888,0.8815028901734104,-0.7385998715478403,2.22787673954031,2.0464507963407903,2.242034255339117
CHEMBL219_Ki,random,89165191,knn_weighted,373,11,27,0.8873994638069705,0.8181818181818182,0.8895027624309392,7.132094424912094,0.8518518518518519,0.8901734104046243,3.8321558552772417,2.2580650049889024,2.0356555999808466,2.275420652200514
CHEMBL219_Ki,random,89165191,adaptive,373,11,27,0.900804289544236,0.9090909090909091,0.9005524861878453,-0.8538422903063725,0.8888888888888888,0.9017341040462428,1.2845215157353929,3.036158360807087,2.992075764026077,3.039598332232195
CHEMBL219_Ki,random,89165191,weighted_shift,373,11,27,0.9168900804289544,0.9090909090909091,0.9171270718232044,0.8036162732295349,0.9629629629629629,0.9132947976878613,-4.966816527510165,2.4961161740156577,2.496116174015657,2.4961161740156577
CHEMBL219_Ki,random,89165191,cqr,373,11,27,0.8981233243967829,0.7272727272727273,0.9033149171270718,17.60421898543445,0.8518518518518519,0.9017341040462428,4.988225219439091,2.5515611823113087,2.6422796664547654,2.5444819942423105
CHEMBL219_Ki,scaffold,34332121,global,373,9,18,0.9490616621983914,0.8888888888888888,0.9505494505494505,6.166056166056166,0.9444444444444444,0.9492957746478873,0.48513302034428607,2.9960871619546916,2.9960871619546925,2.996087161954692
CHEMBL219_Ki,scaffold,34332121,mondrian_wstd,373,9,18,0.9490616621983914,0.8888888888888888,0.9505494505494505,6.166056166056166,0.9444444444444444,0.9492957746478873,0.48513302034428607,2.9960871619546916,2.9960871619546925,2.996087161954692
CHEMBL219_Ki,scaffold,34332121,mondrian_rfstd,373,9,18,0.935656836461126,0.5555555555555556,0.945054945054945,38.94993894993895,0.7777777777777778,0.9436619718309859,16.58841940532081,3.030884338441736,2.9117644367828075,3.0369242207793716
CHEMBL219_Ki,scaffold,34332121,cluster,373,9,18,0.9436997319034852,0.8888888888888888,0.945054945054945,5.616605616605619,0.9444444444444444,0.9436619718309859,-0.07824726134585402,3.082236244316584,3.0452800704630554,3.084110078483805
CHEMBL219_Ki,scaffold,34332121,knn_weighted,373,9,18,0.903485254691689,0.5555555555555556,0.9120879120879121,35.65323565323565,0.7222222222222222,0.9126760563380282,19.045383411580595,2.7505548144077197,2.7011927424195115,2.7530576800296576
CHEMBL219_Ki,scaffold,34332121,adaptive,373,9,18,0.903485254691689,0.8888888888888888,0.9038461538461539,1.4957264957265015,0.9444444444444444,0.9014084507042254,-4.303599374021905,3.871059215889426,3.9948189594020658,3.864784073964842
CHEMBL219_Ki,scaffold,34332121,weighted_shift,373,9,18,0.9168900804289544,0.5555555555555556,0.9258241758241759,37.02686202686203,0.7222222222222222,0.9267605633802817,20.453834115805947,2.7579980784442952,2.7579980784442952,2.7579980784442952
CHEMBL219_Ki,scaffold,34332121,cqr,373,9,18,0.9463806970509383,0.8888888888888888,0.9478021978021978,5.891330891330893,0.9444444444444444,0.9464788732394366,0.20344287949921602,3.2151413529602397,3.0534388807091353,3.2233403515532535
CHEMBL219_Ki,scaffold,57652534,global,373,11,23,0.8766756032171582,0.8181818181818182,0.8784530386740331,6.027122049221489,0.8695652173913043,0.8771428571428571,0.7577639751552789,2.627341184902802,2.6273411849028023,2.627341184902802
CHEMBL219_Ki,scaffold,57652534,mondrian_wstd,373,11,23,0.8766756032171582,0.8181818181818182,0.8784530386740331,6.027122049221489,0.8695652173913043,0.8771428571428571,0.7577639751552789,2.627341184902802,2.6273411849028023,2.627341184902802
CHEMBL219_Ki,scaffold,57652534,mondrian_rfstd,373,11,23,0.8793565683646113,0.6363636363636364,0.8867403314917127,25.037669512807636,0.8260869565217391,0.8828571428571429,5.677018633540376,2.625123231252062,2.4281361873988185,2.6380680941338466
CHEMBL219_Ki,scaffold,57652534,cluster,373,11,23,0.8739946380697051,0.8181818181818182,0.8756906077348067,5.750878955298844,0.9130434782608695,0.8714285714285714,-4.1614906832298075,2.68781020113089,2.7430352528974185,2.6841811263005178
CHEMBL219_Ki,scaffold,57652534,knn_weighted,373,11,23,0.8016085790884718,0.7272727272727273,0.8038674033149171,7.6594676042189835,0.8260869565217391,0.8,-2.608695652173909,2.368361700328715,2.359964623555293,2.3689135082309685
CHEMBL219_Ki,scaffold,57652534,adaptive,373,11,23,0.8900804289544236,0.9090909090909091,0.8895027624309392,-1.9588146659969885,0.9130434782608695,0.8885714285714286,-2.4472049689440944,3.568755649081667,4.104534157325956,3.5335473471113286
CHEMBL219_Ki,scaffold,57652534,weighted_shift,373,11,23,0.903485254691689,0.8181818181818182,0.9060773480662984,8.789552988448012,0.9130434782608695,0.9028571428571428,-1.018633540372671,2.8195488413216747,2.819548841321675,2.8195488413216747
CHEMBL219_Ki,scaffold,57652534,cqr,373,11,23,0.8847184986595175,0.8181818181818182,0.8867403314917127,6.855851330989449,0.8695652173913043,0.8857142857142857,1.6149068322981353,2.960679648281167,2.9738227144728206,2.9598159610742862
CHEMBL219_Ki,scaffold,65555877,global,373,11,31,0.9115281501340483,1.0,0.9088397790055248,-9.116022099447518,0.967741935483871,0.9064327485380117,-6.1309186945859295,3.044612474749041,3.0446124747490417,3.044612474749041
CHEMBL219_Ki,scaffold,65555877,mondrian_wstd,373,11,31,0.9115281501340483,1.0,0.9088397790055248,-9.116022099447518,0.967741935483871,0.9064327485380117,-6.1309186945859295,3.044612474749041,3.0446124747490417,3.044612474749041
CHEMBL219_Ki,scaffold,65555877,mondrian_rfstd,373,11,31,0.9249329758713136,0.8181818181818182,0.9281767955801105,10.999497739829224,0.9354838709677419,0.9239766081871345,-1.150726278060743,2.9675070400495875,2.861222175374978,2.977141048251087
CHEMBL219_Ki,scaffold,65555877,cluster,373,11,31,0.9115281501340483,1.0,0.9088397790055248,-9.116022099447518,0.967741935483871,0.9064327485380117,-6.1309186945859295,3.009817808544581,3.0445093810706485,3.0066732508009903
CHEMBL219_Ki,scaffold,65555877,knn_weighted,373,11,31,0.9195710455764075,1.0,0.9171270718232044,-8.287292817679559,0.967741935483871,0.9152046783625731,-5.2537257121297865,3.1368618849194023,3.2458051295561092,3.126986912452333
CHEMBL219_Ki,scaffold,65555877,adaptive,373,11,31,0.9410187667560321,0.8181818181818182,0.9447513812154696,12.656956303365142,0.8064516129032258,0.9532163742690059,14.67647613657801,4.300580884156926,3.660223492691326,4.358624975196206
CHEMBL219_Ki,scaffold,65555877,weighted_shift,373,11,31,0.9142091152815014,1.0,0.9116022099447514,-8.83977900552486,0.967741935483871,0.9093567251461988,-5.838521033767218,3.097422833975342,3.097422833975342,3.097422833975342
CHEMBL219_Ki,scaffold,65555877,cqr,373,11,31,0.903485254691689,1.0,0.9005524861878453,-9.944751381215466,0.9032258064516129,0.9035087719298246,0.028296547821171636,3.000222353593657,3.0721517752606946,2.993702435255417
CHEMBL219_Ki,scaffold,80882938,global,373,8,25,0.9302949061662198,1.0,0.9287671232876712,-7.12328767123288,1.0,0.9252873563218391,-7.471264367816088,3.3588196701976756,3.3588196701976756,3.358819670197676
CHEMBL219_Ki,scaffold,80882938,mondrian_wstd,373,8,25,0.9302949061662198,1.0,0.9287671232876712,-7.12328767123288,1.0,0.9252873563218391,-7.471264367816088,3.3588196701976756,3.3588196701976756,3.358819670197676
CHEMBL219_Ki,scaffold,80882938,mondrian_rfstd,373,8,25,0.9651474530831099,0.875,0.9671232876712329,9.21232876712329,0.96,0.9655172413793104,0.5517241379310422,3.553088434794081,3.285648447130602,3.572301077585998
CHEMBL219_Ki,scaffold,80882938,cluster,373,8,25,0.9249329758713136,1.0,0.9232876712328767,-7.671232876712331,1.0,0.9195402298850575,-8.045977011494255,3.4225229369656294,3.5889748358561526,3.410565185608551
CHEMBL219_Ki,scaffold,80882938,knn_weighted,373,8,25,0.9142091152815014,1.0,0.9123287671232877,-8.76712328767123,0.96,0.9109195402298851,-4.908045977011488,3.2117367028711916,3.222134187939837,3.2109897571047665
CHEMBL219_Ki,scaffold,80882938,adaptive,373,8,25,0.9651474530831099,1.0,0.9643835616438357,-3.561643835616435,1.0,0.9626436781609196,-3.735632183908044,5.1951877572042475,4.832042850502117,5.221275753375377
CHEMBL219_Ki,scaffold,80882938,weighted_shift,373,8,25,0.900804289544236,1.0,0.8986301369863013,-10.136986301369866,0.96,0.896551724137931,-6.3448275862068915,3.080554302179885,3.0805543021798845,3.0805543021798836
CHEMBL219_Ki,scaffold,80882938,cqr,373,8,25,0.9168900804289544,1.0,0.915068493150685,-8.493150684931505,1.0,0.9109195402298851,-8.908045977011492,3.3242337104200668,3.343647104859156,3.32283907001496
CHEMBL219_Ki,scaffold,62569839,global,373,9,25,0.9249329758713136,0.8888888888888888,0.9258241758241759,3.6935286935287026,0.88,0.9281609195402298,4.816091954022983,3.022311079917222,3.0223110799172215,3.022311079917222
CHEMBL219_Ki,scaffold,62569839,mondrian_wstd,373,9,25,0.9249329758713136,0.8888888888888888,0.9258241758241759,3.6935286935287026,0.88,0.9281609195402298,4.816091954022983,3.022311079917222,3.0223110799172215,3.022311079917222
CHEMBL219_Ki,scaffold,62569839,mondrian_rfstd,373,9,25,0.9222520107238605,0.6666666666666666,0.9285714285714286,26.190476190476197,0.8,0.9310344827586207,13.103448275862062,2.889731401340479,2.586533889006438,2.9115128318242465
CHEMBL219_Ki,scaffold,62569839,cluster,373,9,25,0.9436997319034852,0.7777777777777778,0.9478021978021978,17.002442002442,0.84,0.9511494252873564,11.11494252873564,3.4083246758449217,3.285095523248627,3.417177344853276
CHEMBL219_Ki,scaffold,62569839,knn_weighted,373,9,25,0.900804289544236,0.7777777777777778,0.9038461538461539,12.606837606837606,0.8,0.9080459770114943,10.80459770114942,2.834165141916404,2.581742290571331,2.8522989674440673
CHEMBL219_Ki,scaffold,62569839,adaptive,373,9,25,0.9222520107238605,0.7777777777777778,0.9258241758241759,14.804639804639807,0.88,0.9252873563218391,4.528735632183912,3.9822422348036737,4.165554383491719,3.969073258604819
CHEMBL219_Ki,scaffold,62569839,weighted_shift,373,9,25,0.935656836461126,1.0,0.9340659340659341,-6.593406593406592,0.92,0.9367816091954023,1.678160919540228,3.181838327950194,3.181838327950194,3.1818383279501936
CHEMBL219_Ki,scaffold,62569839,cqr,373,9,25,0.9249329758713136,1.0,0.9230769230769231,-7.692307692307687,0.88,0.9281609195402298,4.816091954022983,3.082613828193545,3.000080540815877,3.0885429436660785
CHEMBL228_Ki,random,71339737,global,341,11,18,0.8563049853372434,0.45454545454545453,0.8696969696969697,41.51515151515152,0.6666666666666666,0.8668730650154799,20.020639834881326,2.4362937176339248,2.4362937176339248,2.4362937176339248
CHEMBL228_Ki,random,71339737,mondrian_wstd,341,11,18,0.8563049853372434,0.45454545454545453,0.8696969696969697,41.51515151515152,0.6666666666666666,0.8668730650154799,20.020639834881326,2.4362937176339248,2.4362937176339248,2.4362937176339248
CHEMBL228_Ki,random,71339737,mondrian_rfstd,341,11,18,0.8914956011730205,0.45454545454545453,0.906060606060606,45.15151515151515,0.6111111111111112,0.9071207430340558,29.60096319229446,2.5161873054470045,2.333122454403392,2.5263890618519116
CHEMBL228_Ki,random,71339737,cluster,341,11,18,0.8885630498533724,0.5454545454545454,0.9,35.45454545454546,0.7222222222222222,0.8978328173374613,17.561059511523915,2.8059505242146696,2.8652518482868286,2.8026458064645183
CHEMBL228_Ki,random,71339737,knn_weighted,341,11,18,0.8357771260997068,0.45454545454545453,0.8484848484848485,39.3939393939394,0.6666666666666666,0.8452012383900929,17.853457172342623,2.309709688208895,2.466557517463911,2.300968942306139
CHEMBL228_Ki,random,71339737,adaptive,341,11,18,0.8709677419354839,0.6363636363636364,0.8787878787878788,24.242424242424242,0.7222222222222222,0.8792569659442725,15.70347437220503,3.1878604429589044,3.658399468538153,3.1616384539173366
CHEMBL228_Ki,random,71339737,weighted_shift,341,11,18,0.8504398826979472,0.45454545454545453,0.8636363636363636,40.909090909090914,0.6666666666666666,0.8606811145510835,19.40144478844169,2.429542558354882,2.429542558354882,2.429542558354882
CHEMBL228_Ki,random,71339737,cqr,341,11,18,0.8709677419354839,0.45454545454545453,0.8848484848484849,43.03030303030304,0.5555555555555556,0.8885448916408669,33.29893360853114,2.6112971930932347,2.749985801677181,2.6035684161442845
CHEMBL228_Ki,random,99182118,global,341,9,18,0.9149560117302052,0.5555555555555556,0.9246987951807228,36.914323962516725,0.7777777777777778,0.9226006191950464,14.482284141726865,2.756121967307068,2.7561219673070685,2.756121967307068
CHEMBL228_Ki,random,99182118,mondrian_wstd,341,9,18,0.9149560117302052,0.5555555555555556,0.9246987951807228,36.914323962516725,0.7777777777777778,0.9226006191950464,14.482284141726865,2.756121967307068,2.7561219673070685,2.756121967307068
CHEMBL228_Ki,random,99182118,mondrian_rfstd,341,9,18,0.9002932551319648,0.3333333333333333,0.9156626506024096,58.23293172690762,0.6666666666666666,0.913312693498452,24.664602683178536,2.698717442798649,2.4244514113064293,2.714001617928247
CHEMBL228_Ki,random,99182118,cluster,341,9,18,0.9237536656891495,0.7777777777777778,0.927710843373494,14.993306559571618,0.8888888888888888,0.9256965944272446,3.6807705538355773,2.898229488649148,3.0224809025666253,2.891305261248174
CHEMBL228_Ki,random,99182118,knn_weighted,341,9,18,0.8944281524926686,0.3333333333333333,0.9096385542168675,57.630522088353416,0.6666666666666666,0.9071207430340558,24.045407636738915,2.5131453568474162,2.423149850019979,2.51816058633006
CHEMBL228_Ki,random,99182118,adaptive,341,9,18,0.8973607038123167,0.6666666666666666,0.9036144578313253,23.69477911646587,0.8333333333333334,0.9009287925696594,6.759545923632604,3.427045281368125,3.3253084059621134,3.432714828604373
CHEMBL228_Ki,random,99182118,weighted_shift,341,9,18,0.9149560117302052,0.5555555555555556,0.9246987951807228,36.914323962516725,0.7777777777777778,0.9226006191950464,14.482284141726865,2.7463304300265037,2.7463304300265037,2.7463304300265032
CHEMBL228_Ki,random,99182118,cqr,341,9,18,0.9149560117302052,0.6666666666666666,0.9216867469879518,25.502008032128522,0.8333333333333334,0.9195046439628483,8.617131062951488,2.7152348522949974,2.745351304961277,2.7135565360473413
CHEMBL228_Ki,random,89709943,global,341,3,9,0.9149560117302052,1.0,0.9142011834319527,-8.579881656804734,1.0,0.9126506024096386,-8.734939759036141,2.5549825206861385,2.5549825206861385,2.5549825206861385
CHEMBL228_Ki,random,89709943,mondrian_wstd,341,3,9,0.9149560117302052,1.0,0.9142011834319527,-8.579881656804734,1.0,0.9126506024096386,-8.734939759036141,2.5549825206861385,2.5549825206861385,2.5549825206861385
CHEMBL228_Ki,random,89709943,mondrian_rfstd,341,3,9,0.9354838709677419,1.0,0.9349112426035503,-6.508875739644971,0.7777777777777778,0.9397590361445783,16.198125836680056,2.4960952191689474,2.2981158135215027,2.5014621307678238
CHEMBL228_Ki,random,89709943,cluster,341,3,9,0.9442815249266863,1.0,0.9437869822485208,-5.621301775147924,1.0,0.9427710843373494,-5.722891566265065,2.822428049443956,3.2332587722067596,2.8112910720196633
CHEMBL228_Ki,random,89709943,knn_weighted,341,3,9,0.9032258064516129,1.0,0.9023668639053254,-9.763313609467462,0.8888888888888888,0.9036144578313253,1.4725568942436484,2.433561131452951,2.4828686224051,2.432224482601838
CHEMBL228_Ki,random,89709943,adaptive,341,3,9,0.9178885630498533,1.0,0.9171597633136095,-8.284023668639051,0.8888888888888888,0.9186746987951807,2.978580990629187,2.967699015114009,3.164586289918465,2.962361709471719
CHEMBL228_Ki,random,89709943,weighted_shift,341,3,9,0.906158357771261,1.0,0.9053254437869822,-9.467455621301779,0.8888888888888888,0.9066265060240963,1.7737617135207495,2.529480007076644,2.5294800070766446,2.529480007076644
CHEMBL228_Ki,random,89709943,cqr,341,3,9,0.9208211143695014,1.0,0.9201183431952663,-7.988165680473369,1.0,0.9186746987951807,-8.13253012048193,2.5196441334476565,3.0579123034752427,2.5050525264288366
CHEMBL228_Ki,random,86921808,global,341,8,13,0.8856304985337243,0.875,0.8858858858858859,1.0885885885885904,0.8461538461538461,0.8871951219512195,4.104127579737337,2.41424460180491,2.41424460180491,2.41424460180491
CHEMBL228_Ki,random,86921808,mondrian_wstd,341,8,13,0.8856304985337243,0.875,0.8858858858858859,1.0885885885885904,0.8461538461538461,0.8871951219512195,4.104127579737337,2.41424460180491,2.41424460180491,2.41424460180491
CHEMBL228_Ki,random,86921808,mondrian_rfstd,341,8,13,0.9237536656891495,0.875,0.924924924924925,4.992492492492495,0.8461538461538461,0.926829268292683,8.067542213883684,2.812877057349353,3.0550369275507308,2.803279257615762
CHEMBL228_Ki,random,86921808,cluster,341,8,13,0.9090909090909091,0.875,0.9099099099099099,3.490990990990994,0.8461538461538461,0.9115853658536586,6.543151969981242,2.684068032427464,2.678047079749443,2.6843066677470198
CHEMBL228_Ki,random,86921808,knn_weighted,341,8,13,0.8826979472140762,0.875,0.8828828828828829,0.7882882882882858,0.8461538461538461,0.8841463414634146,3.7992495309568497,2.379345904973817,2.489704461818008,2.3749719377818215
CHEMBL228_Ki,random,86921808,adaptive,341,8,13,0.9090909090909091,1.0,0.9069069069069069,-9.30930930930931,1.0,0.9054878048780488,-9.45121951219512,3.374261016482733,4.0452520800746425,3.347666858474517
CHEMBL228_Ki,random,86921808,weighted_shift,341,8,13,0.8885630498533724,0.875,0.8888888888888888,1.388888888888884,0.8461538461538461,0.8902439024390244,4.409005628517826,2.4482153022680695,2.4482153022680695,2.448215302268069
CHEMBL228_Ki,random,86921808,cqr,341,8,13,0.8621700879765396,0.75,0.8648648648648649,11.486486486486491,0.7692307692307693,0.8658536585365854,9.662288930581608,2.497137620670491,2.65870352113694,2.4907340941276135
CHEMBL228_Ki,random,89165191,global,341,6,14,0.906158357771261,0.6666666666666666,0.9104477611940298,24.378109452736318,0.8571428571428571,0.908256880733945,5.111402359108785,2.467085641851065,2.4670856418510647,2.4670856418510656
CHEMBL228_Ki,random,89165191,mondrian_wstd,341,6,14,0.906158357771261,0.6666666666666666,0.9104477611940298,24.378109452736318,0.8571428571428571,0.908256880733945,5.111402359108785,2.467085641851065,2.4670856418510647,2.4670856418510656
CHEMBL228_Ki,random,89165191,mondrian_rfstd,341,6,14,0.9266862170087976,0.5,0.9343283582089552,43.43283582089552,0.7857142857142857,0.9327217125382263,14.700742682394063,2.639133840662999,2.2682250825807944,2.6550137263301274
CHEMBL228_Ki,random,89165191,cluster,341,6,14,0.9178885630498533,0.6666666666666666,0.9223880597014925,25.572139303482587,0.8571428571428571,0.9204892966360856,6.3346439493228495,2.780712448487481,2.7242600397416363,2.7831293711860803
CHEMBL228_Ki,random,89165191,knn_weighted,341,6,14,0.9090909090909091,0.6666666666666666,0.9134328358208955,24.67661691542289,0.8571428571428571,0.9113149847094801,5.417212756662304,2.481570775971702,2.534610976030396,2.479299941718425
CHEMBL228_Ki,random,89165191,adaptive,341,6,14,0.8914956011730205,0.6666666666666666,0.8955223880597015,22.88557213930349,0.8571428571428571,0.8929663608562691,3.582350371341203,2.938927913820421,2.970148109758732,2.937591269345998
CHEMBL228_Ki,random,89165191,weighted_shift,341,6,14,0.9032258064516129,0.6666666666666666,0.9074626865671642,24.07960199004976,0.8571428571428571,0.9051987767584098,4.805591961555267,2.459822811746788,2.459822811746789,2.459822811746788
CHEMBL228_Ki,random,89165191,cqr,341,6,14,0.9120234604105572,0.8333333333333334,0.9134328358208955,8.009950248756216,0.9285714285714286,0.9113149847094801,-1.7256443861948467,2.5683084275327936,2.8358671364568693,2.5568533146124968
CHEMBL228_Ki,scaffold,34332121,global,341,4,7,0.7653958944281525,0.75,0.7655786350148368,1.5578635014836806,0.8571428571428571,0.7634730538922155,-9.366980325064155,2.8584216688033344,2.8584216688033344,2.8584216688033344
CHEMBL228_Ki,scaffold,34332121,mondrian_wstd,341,4,7,0.7653958944281525,0.75,0.7655786350148368,1.5578635014836806,0.8571428571428571,0.7634730538922155,-9.366980325064155,2.8584216688033344,2.8584216688033344,2.8584216688033344
CHEMBL228_Ki,scaffold,34332121,mondrian_rfstd,341,4,7,0.7859237536656891,0.5,0.7893175074183977,28.931750741839767,0.7142857142857143,0.7874251497005988,7.313943541488454,2.852455187555959,2.8374311195127406,2.8527700632335122
CHEMBL228_Ki,scaffold,34332121,cluster,341,4,7,0.7653958944281525,0.75,0.7655786350148368,1.5578635014836806,0.8571428571428571,0.7634730538922155,-9.366980325064155,2.860837758561072,2.8770419282781012,2.860498150213709
CHEMBL228_Ki,scaffold,34332121,knn_weighted,341,4,7,0.7565982404692082,0.75,0.7566765578635015,0.667655786350152,0.8571428571428571,0.7544910179640718,-10.26518391787853,2.7700924661904986,2.7160386213044734,2.7712253312030803
CHEMBL228_Ki,scaffold,34332121,adaptive,341,4,7,0.8533724340175953,0.75,0.8545994065281899,10.45994065281899,0.8571428571428571,0.8532934131736527,-0.38494439692043914,4.0296228599846176,4.45939271902507,4.020615707250236
CHEMBL228_Ki,scaffold,34332121,weighted_shift,341,4,7,0.7859237536656891,0.75,0.7863501483679525,3.6350148367952473,0.8571428571428571,0.7844311377245509,-7.271171941830623,3.0660369210411176,3.0660369210411176,3.066036921041118
CHEMBL228_Ki,scaffold,34332121,cqr,341,4,7,0.8621700879765396,1.0,0.8605341246290801,-13.946587537091993,1.0,0.8592814371257484,-14.071856287425156,3.2428254732208615,3.1679888307315944,3.2443939058478826
CHEMBL228_Ki,scaffold,57652534,global,341,5,9,0.7888563049853372,0.8,0.7886904761904762,-1.130952380952388,0.7777777777777778,0.7891566265060241,1.137884872824635,2.771817260674793,2.7718172606747924,2.771817260674793
CHEMBL228_Ki,scaffold,57652534,mondrian_wstd,341,5,9,0.7888563049853372,0.8,0.7886904761904762,-1.130952380952388,0.7777777777777778,0.7891566265060241,1.137884872824635,2.771817260674793,2.7718172606747924,2.771817260674793
CHEMBL228_Ki,scaffold,57652534,mondrian_rfstd,341,5,9,0.8826979472140762,0.6,0.8869047619047619,28.69047619047619,0.7777777777777778,0.8855421686746988,10.776439089692103,3.413191378144293,3.035566530783349,3.423428196295644
CHEMBL228_Ki,scaffold,57652534,cluster,341,5,9,0.7947214076246334,0.8,0.7946428571428571,-0.5357142857142949,0.7777777777777778,0.7951807228915663,1.7402945113788482,2.8906145833496253,2.8373672396911647,2.892058035436752
CHEMBL228_Ki,scaffold,57652534,knn_weighted,341,5,9,0.7712609970674487,0.8,0.7708333333333334,-2.9166666666666674,0.7777777777777778,0.7710843373493976,-0.669344042838016,2.6598376341154757,2.8076801696786413,2.6558298545369565
CHEMBL228_Ki,scaffold,57652534,adaptive,341,5,9,0.8768328445747801,0.6,0.8809523809523809,28.095238095238095,0.7777777777777778,0.8795180722891566,10.174029451137878,4.0628929264665405,5.611190845569791,4.020920994924586
CHEMBL228_Ki,scaffold,57652534,weighted_shift,341,5,9,0.873900293255132,1.0,0.8720238095238095,-12.797619047619047,0.8888888888888888,0.8734939759036144,-1.53949129852744,3.607282090349606,3.6072820903496057,3.607282090349606
CHEMBL228_Ki,scaffold,57652534,cqr,341,5,9,0.8680351906158358,0.8,0.8690476190476191,6.904761904761902,0.7777777777777778,0.8704819277108434,9.270414993306563,3.318546280967479,3.5808192507259204,3.3114364715463167
CHEMBL228_Ki,scaffold,65555877,global,341,6,18,0.9442815249266863,1.0,0.9432835820895522,-5.671641791044779,0.8888888888888888,0.9473684210526315,5.847953216374268,3.387422916519867,3.387422916519867,3.387422916519867
CHEMBL228_Ki,scaffold,65555877,mondrian_wstd,341,6,18,0.9442815249266863,1.0,0.9432835820895522,-5.671641791044779,0.8888888888888888,0.9473684210526315,5.847953216374268,3.387422916519867,3.387422916519867,3.387422916519867
CHEMBL228_Ki,scaffold,65555877,mondrian_rfstd,341,6,18,0.9354838709677419,0.3333333333333333,0.9462686567164179,61.29353233830845,0.6666666666666666,0.9504643962848297,28.379772961816307,3.233624910230413,2.8837639000688964,3.253121808629507
CHEMBL228_Ki,scaffold,65555877,cluster,341,6,18,0.9472140762463344,0.8333333333333334,0.9492537313432836,11.592039800995025,0.8333333333333334,0.9535603715170279,12.02270381836945,3.322712424058411,3.563625592365025,3.309286922419033
CHEMBL228_Ki,scaffold,65555877,knn_weighted,341,6,18,0.9413489736070382,0.8333333333333334,0.9432835820895522,10.995024875621883,0.8333333333333334,0.9473684210526315,11.403508771929815,3.2937575141708835,3.135278534835912,3.302589160078095
CHEMBL228_Ki,scaffold,65555877,adaptive,341,6,18,0.9560117302052786,1.0,0.9552238805970149,-4.477611940298509,0.9444444444444444,0.9566563467492261,1.221190230478164,4.107049289046478,3.7305579551532286,4.128030230254151
CHEMBL228_Ki,scaffold,65555877,weighted_shift,341,6,18,0.906158357771261,0.6666666666666666,0.9104477611940298,24.378109452736318,0.7777777777777778,0.913312693498452,13.553491572067422,2.77035646998306,2.7703564699830596,2.77035646998306
CHEMBL228_Ki,scaffold,65555877,cqr,341,6,18,0.9530791788856305,0.8333333333333334,0.9552238805970149,12.189054726368154,0.9444444444444444,0.9535603715170279,0.9115927072583463,3.4706905331601887,3.5110656174194146,3.4684405284646282
CHEMBL228_Ki,scaffold,80882938,global,341,6,15,0.8826979472140762,0.6666666666666666,0.8865671641791045,21.990049751243788,0.8666666666666667,0.8834355828220859,1.67689161554192,2.7541957867676743,2.7541957867676743,2.754195786767674
CHEMBL228_Ki,scaffold,80882938,mondrian_wstd,341,6,15,0.8826979472140762,0.6666666666666666,0.8865671641791045,21.990049751243788,0.8666666666666667,0.8834355828220859,1.67689161554192,2.7541957867676743,2.7541957867676743,2.754195786767674
CHEMBL228_Ki,scaffold,80882938,mondrian_rfstd,341,6,15,0.9090909090909091,0.6666666666666666,0.9134328358208955,24.67661691542289,0.8666666666666667,0.911042944785276,4.437627811860933,2.7819086822178054,2.971307543301226,2.773194010695562
CHEMBL228_Ki,scaffold,80882938,cluster,341,6,15,0.9325513196480938,0.8333333333333334,0.9343283582089552,10.099502487562184,0.9333333333333333,0.9325153374233128,-0.08179959100205192,2.9982522428091287,2.968196903417722,2.999635157198304
CHEMBL228_Ki,scaffold,80882938,knn_weighted,341,6,15,0.8592375366568915,0.6666666666666666,0.8626865671641791,19.60199004975125,0.7333333333333333,0.8650306748466258,13.169734151329248,2.6390457342327154,2.5744947012120303,2.6420158737888824
CHEMBL228_Ki,scaffold,80882938,adaptive,341,6,15,0.9090909090909091,1.0,0.9074626865671642,-9.253731343283578,0.9333333333333333,0.9079754601226994,-2.5357873210633985,3.551901607586526,5.511841606108006,3.4617203193109978
CHEMBL228_Ki,scaffold,80882938,weighted_shift,341,6,15,0.8826979472140762,0.6666666666666666,0.8865671641791045,21.990049751243788,0.8666666666666667,0.8834355828220859,1.67689161554192,2.7541957867676743,2.7541957867676743,2.754195786767674
CHEMBL228_Ki,scaffold,80882938,cqr,341,6,15,0.8914956011730205,1.0,0.8895522388059701,-11.044776119402988,0.8666666666666667,0.8926380368098159,2.597137014314921,2.791502748264884,2.666717076233659,2.7972444202908604
CHEMBL228_Ki,scaffold,62569839,global,341,9,16,0.9413489736070382,0.7777777777777778,0.9457831325301205,16.80053547523427,0.875,0.9446153846153846,6.9615384615384635,3.2276160950647537,3.2276160950647537,3.227616095064754
CHEMBL228_Ki,scaffold,62569839,mondrian_wstd,341,9,16,0.9413489736070382,0.7777777777777778,0.9457831325301205,16.80053547523427,0.875,0.9446153846153846,6.9615384615384635,3.2276160950647537,3.2276160950647537,3.227616095064754
CHEMBL228_Ki,scaffold,62569839,mondrian_rfstd,341,9,16,0.9413489736070382,0.3333333333333333,0.9578313253012049,62.44979919678715,0.625,0.9569230769230769,33.192307692307686,3.264730187746491,2.4810969737331243,3.3033090536671494
CHEMBL228_Ki,scaffold,62569839,cluster,341,9,16,0.9560117302052786,0.7777777777777778,0.9608433734939759,18.306559571619808,0.875,0.96,8.499999999999996,3.6490290651598682,3.7198864262256857,3.6455407027689355
CHEMBL228_Ki,scaffold,62569839,knn_weighted,341,9,16,0.9384164222873901,0.7777777777777778,0.9427710843373494,16.499330655957156,0.875,0.9415384615384615,6.653846153846155,3.2654569623171463,3.0197522083068704,3.277553196360729
CHEMBL228_Ki,scaffold,62569839,adaptive,341,9,16,0.9501466275659824,0.5555555555555556,0.9608433734939759,40.52878179384203,0.6875,0.963076923076923,27.557692307692307,3.9280852032045437,2.4838793471565603,3.9991845684253677
CHEMBL228_Ki,scaffold,62569839,weighted_shift,341,9,16,0.9266862170087976,0.7777777777777778,0.9307228915662651,15.29451137884873,0.875,0.9292307692307692,5.42307692307692,3.086912737756176,3.086912737756176,3.086912737756176
CHEMBL228_Ki,scaffold,62569839,cqr,341,9,16,0.9325513196480938,0.7777777777777778,0.9367469879518072,15.896921017402942,0.875,0.9353846153846154,6.0384615384615365,3.4027192472924317,3.3304182826887607,3.4062786793959963
CHEMBL233_Ki,random,71339737,global,629,30,55,0.9030206677265501,0.7,0.9131886477462438,21.31886477462438,0.8181818181818182,0.9111498257839721,9.296800760215385,2.4430956837659994,2.4430956837659994,2.443095683766
CHEMBL233_Ki,random,71339737,mondrian_wstd,629,30,55,0.9030206677265501,0.7,0.9131886477462438,21.31886477462438,0.8181818181818182,0.9111498257839721,9.296800760215385,2.4430956837659994,2.4430956837659994,2.443095683766
CHEMBL233_Ki,random,71339737,mondrian_rfstd,629,30,55,0.8950715421303657,0.6,0.9098497495826378,30.984974958263777,0.7454545454545455,0.9094076655052264,16.395312005068096,2.2838805957665698,2.3676497766826317,2.2758539320899436
CHEMBL233_Ki,random,71339737,cluster,629,30,55,0.9014308426073132,0.7333333333333333,0.9098497495826378,17.65164162493045,0.8363636363636363,0.9076655052264808,7.13018688628445,2.4626664627846773,2.6030819033198016,2.449212021618419
CHEMBL233_Ki,random,71339737,knn_weighted,629,30,55,0.9173290937996821,0.8333333333333334,0.9215358931552587,8.820255982192538,0.8909090909090909,0.9198606271777003,2.895153626860947,2.5018585627686507,2.611685229776477,2.491335101644207
CHEMBL233_Ki,random,71339737,adaptive,629,30,55,0.904610492845787,0.8,0.9098497495826378,10.984974958263772,0.8545454545454545,0.9094076655052264,5.486221095977195,2.8768478194147744,3.950900574295712,2.7739333568390743
CHEMBL233_Ki,random,71339737,weighted_shift,629,30,55,0.8966613672496025,0.7,0.9065108514190318,20.65108514190318,0.8181818181818182,0.9041811846689896,8.599936648717133,2.3993489444394562,2.399348944439456,2.399348944439456
CHEMBL233_Ki,random,71339737,cqr,629,30,55,0.904610492845787,0.8333333333333334,0.9081803005008348,7.484696716750139,0.8909090909090909,0.9059233449477352,1.5014254038644315,2.60684750542999,2.773243106975755,2.5909036760135837
CHEMBL233_Ki,random,99182118,global,629,27,64,0.9062003179650239,0.5925925925925926,0.920265780730897,32.76731881383045,0.78125,0.9203539823008849,13.910398230088495,2.5488024071266095,2.54880240712661,2.54880240712661
CHEMBL233_Ki,random,99182118,mondrian_wstd,629,27,64,0.9062003179650239,0.5925925925925926,0.920265780730897,32.76731881383045,0.78125,0.9203539823008849,13.910398230088495,2.5488024071266095,2.54880240712661,2.54880240712661
CHEMBL233_Ki,random,99182118,mondrian_rfstd,629,27,64,0.9093799682034976,0.5555555555555556,0.925249169435216,36.96936138796604,0.65625,0.9380530973451328,28.180309734513276,2.485923038637182,2.4677169850873666,2.487985317269373
CHEMBL233_Ki,random,99182118,cluster,629,27,64,0.8934817170111288,0.48148148148148145,0.9119601328903655,43.047865140888405,0.703125,0.9150442477876106,21.191924778761063,2.5644513784974587,2.5594404657708614,2.565018986310737
CHEMBL233_Ki,random,99182118,knn_weighted,629,27,64,0.8728139904610492,0.37037037037037035,0.8953488372093024,52.4978466838932,0.65625,0.8973451327433628,24.10951327433628,2.3417990894143004,2.430843054308762,2.3317126933908567
CHEMBL233_Ki,random,99182118,adaptive,629,27,64,0.8982511923688394,0.7407407407407407,0.9053156146179402,16.45748738771995,0.796875,0.9097345132743363,11.28595132743363,2.8854707216699502,3.3382841244517527,2.8341785840097105
CHEMBL233_Ki,random,99182118,weighted_shift,629,27,64,0.9205087440381559,0.6296296296296297,0.9335548172757475,30.392518764611786,0.796875,0.9345132743362832,13.763827433628318,2.675018810641401,2.675018810641401,2.675018810641401
CHEMBL233_Ki,random,99182118,cqr,629,27,64,0.9093799682034976,0.7037037037037037,0.9186046511627907,21.490094745908696,0.78125,0.9238938053097345,14.264380530973453,2.5619941902560215,2.76579700966704,2.5389085611545963
CHEMBL233_Ki,random,89709943,global,629,18,45,0.8950715421303657,0.6666666666666666,0.9018003273322422,23.513366066557563,0.8222222222222222,0.9006849315068494,7.846270928462717,2.4633145207828964,2.463314520782897,2.463314520782896
CHEMBL233_Ki,random,89709943,mondrian_wstd,629,18,45,0.8950715421303657,0.6666666666666666,0.9018003273322422,23.513366066557563,0.8222222222222222,0.9006849315068494,7.846270928462717,2.4633145207828964,2.463314520782897,2.463314520782896
CHEMBL233_Ki,random,89709943,mondrian_rfstd,629,18,45,0.8950715421303657,0.6666666666666666,0.9018003273322422,23.513366066557563,0.8,0.9023972602739726,10.239726027397255,2.3795739684041144,2.3837238908699585,2.3792541969812326
CHEMBL233_Ki,random,89709943,cluster,629,18,45,0.9077901430842608,0.7222222222222222,0.9132569558101473,19.10347335879251,0.8666666666666667,0.910958904109589,4.429223744292232,2.6639666083494604,2.9723907788703805,2.6402010472648003
CHEMBL233_Ki,random,89709943,knn_weighted,629,18,45,0.8950715421303657,0.6666666666666666,0.9018003273322422,23.513366066557563,0.8,0.9023972602739726,10.239726027397255,2.4651796702363904,2.595715437812367,2.455121263488241
CHEMBL233_Ki,random,89709943,adaptive,629,18,45,0.8998410174880763,0.8888888888888888,0.900163666121113,1.1274777232224142,0.9333333333333333,0.8972602739726028,-3.6073059360730575,3.0094926169629015,3.9789541039024243,2.934790961291192
CHEMBL233_Ki,random,89709943,weighted_shift,629,18,45,0.8775834658187599,0.5555555555555556,0.8870703764320785,33.1514820876523,0.7777777777777778,0.8852739726027398,10.749619482496197,2.3170776886040243,2.3170776886040256,2.3170776886040247
CHEMBL233_Ki,random,89709943,cqr,629,18,45,0.8966613672496025,0.8333333333333334,0.8985270049099836,6.519367157665023,0.8888888888888888,0.8972602739726028,0.8371385083713934,2.677236786212898,2.930469911979911,2.657723959741125
CHEMBL233_Ki,random,86921808,global,629,27,50,0.9030206677265501,0.8518518518518519,0.9053156146179402,5.346376276608833,0.86,0.9067357512953368,4.67357512953368,2.488513285417678,2.488513285417678,2.488513285417678
CHEMBL233_Ki,random,86921808,mondrian_wstd,629,27,50,0.9030206677265501,0.8518518518518519,0.9053156146179402,5.346376276608833,0.86,0.9067357512953368,4.67357512953368,2.488513285417678,2.488513285417678,2.488513285417678
CHEMBL233_Ki,random,86921808,mondrian_rfstd,629,27,50,0.8934817170111288,0.7407407407407407,0.9003322259136213,15.959148517288057,0.78,0.9032815198618307,12.328151986183066,2.361468628016693,2.3370785355808854,2.3635748536156407
CHEMBL233_Ki,random,86921808,cluster,629,27,50,0.9125596184419714,0.8518518518518519,0.915282392026578,6.343054017472616,0.88,0.9153713298791019,3.5371329879101854,2.5678426473150746,2.755191970051491,2.55166394932402
CHEMBL233_Ki,random,86921808,knn_weighted,629,27,50,0.8950715421303657,0.8518518518518519,0.8970099667774086,4.515811492555677,0.86,0.8981001727115717,3.8100172711571734,2.4475244458575696,2.6463299481961275,2.4303564404742746
CHEMBL233_Ki,random,86921808,adaptive,629,27,50,0.8855325914149443,0.7777777777777778,0.8903654485049833,11.258767072720556,0.86,0.8877374784110535,2.773747841105356,2.809252364727068,3.4544016596368787,2.7535399903825244
CHEMBL233_Ki,random,86921808,weighted_shift,629,27,50,0.890302066772655,0.8518518518518519,0.8920265780730897,4.017472622123785,0.86,0.8929188255613126,3.291882556131265,2.328110164616835,2.3281101646168345,2.3281101646168345
CHEMBL233_Ki,random,86921808,cqr,629,27,50,0.8887122416534181,0.8518518518518519,0.8903654485049833,3.8513596653131477,0.86,0.8911917098445595,3.1191709844559545,2.580679033984805,2.8184440062990275,2.560146652955943
CHEMBL233_Ki,random,89165191,global,629,23,47,0.875993640699523,0.6086956521739131,0.8861386138613861,27.744296168747308,0.723404255319149,0.8883161512027491,16.49118958836001,2.510057674655517,2.5100576746555165,2.510057674655517
CHEMBL233_Ki,random,89165191,mondrian_wstd,629,23,47,0.875993640699523,0.6086956521739131,0.8861386138613861,27.744296168747308,0.723404255319149,0.8883161512027491,16.49118958836001,2.510057674655517,2.5100576746555165,2.510057674655517
CHEMBL233_Ki,random,89165191,mondrian_rfstd,629,23,47,0.9030206677265501,0.6521739130434783,0.9125412541254125,26.03673410819343,0.7446808510638298,0.915807560137457,17.112670907362727,2.529373560971048,2.4816187325308507,2.533230050552988
CHEMBL233_Ki,random,89165191,cluster,629,23,47,0.8934817170111288,0.6086956521739131,0.9042904290429042,29.559477686899115,0.723404255319149,0.9072164948453608,18.381223952621184,2.748548808959907,2.693404887144751,2.7530020122680035
CHEMBL233_Ki,random,89165191,knn_weighted,629,23,47,0.8712241653418124,0.6956521739130435,0.8778877887788779,18.22356148658344,0.723404255319149,0.8831615120274914,15.97572567083424,2.355176362622924,2.3537293216515,2.355293219883503
CHEMBL233_Ki,random,89165191,adaptive,629,23,47,0.8982511923688394,0.782608695652174,0.9026402640264026,12.003156837422868,0.8297872340425532,0.9037800687285223,7.399283468596918,3.1807555454405803,3.661039499377214,3.141969727854632
CHEMBL233_Ki,random,89165191,weighted_shift,629,23,47,0.8696343402225755,0.6086956521739131,0.8795379537953796,27.08423016214665,0.723404255319149,0.8814432989690721,15.803904364992317,2.408409282169437,2.4084092821694365,2.4084092821694365
CHEMBL233_Ki,random,89165191,cqr,629,23,47,0.890302066772655,0.8260869565217391,0.8927392739273927,6.665231740565359,0.8085106382978723,0.8969072164948454,8.839657819697312,2.660534019407318,2.809219342383488,2.6485267854212697
CHEMBL233_Ki,scaffold,34332121,global,629,19,73,0.918918918918919,0.8421052631578947,0.921311475409836,7.920621225194136,0.8904109589041096,0.9226618705035972,3.2250911599487564,3.0554044649551706,3.0554044649551706,3.0554044649551706
CHEMBL233_Ki,scaffold,34332121,mondrian_wstd,629,19,73,0.918918918918919,0.8421052631578947,0.921311475409836,7.920621225194136,0.8904109589041096,0.9226618705035972,3.2250911599487564,3.0554044649551706,3.0554044649551706,3.0554044649551706
CHEMBL233_Ki,scaffold,34332121,mondrian_rfstd,629,19,73,0.931637519872814,0.631578947368421,0.940983606557377,30.940465918895597,0.8356164383561644,0.9442446043165468,10.862816596038238,3.0035888147725274,2.9415690865259605,3.0117316927617344
CHEMBL233_Ki,scaffold,34332121,cluster,629,19,73,0.9220985691573926,0.8421052631578947,0.9245901639344263,8.248490077653159,0.8904109589041096,0.9262589928057554,3.5848033901645815,3.094588630190299,2.9607895779904148,3.1121557719359667
CHEMBL233_Ki,scaffold,34332121,knn_weighted,629,19,73,0.9268680445151033,0.7894736842105263,0.9311475409836065,14.167385677308019,0.8767123287671232,0.9334532374100719,5.674090864294867,3.2004524898169544,3.0877074796681057,3.215255341868872
CHEMBL233_Ki,scaffold,34332121,adaptive,629,19,73,0.9411764705882353,0.9473684210526315,0.940983606557377,-0.638481449525452,0.958904109589041,0.9388489208633094,-2.0055188725731643,4.045319620370799,4.485479947177513,3.9875287860958166
CHEMBL233_Ki,scaffold,34332121,weighted_shift,629,19,73,0.9125596184419714,0.8421052631578947,0.9147540983606557,7.2648835202761,0.8767123287671232,0.9172661870503597,4.055385828323644,2.8832297951234622,2.8832297951234622,2.8832297951234627
CHEMBL233_Ki,scaffold,34332121,cqr,629,19,73,0.9332273449920508,0.9473684210526315,0.9327868852459016,-1.458153580672994,0.9315068493150684,0.9334532374100719,0.19463880950034707,3.170431313487695,3.3866931985977717,3.1420372170613717
CHEMBL233_Ki,scaffold,57652534,global,629,18,63,0.904610492845787,0.7777777777777778,0.9083469721767594,13.056919439898163,0.873015873015873,0.9081272084805654,3.511133546469236,2.957752206644024,2.957752206644023,2.957752206644024
CHEMBL233_Ki,scaffold,57652534,mondrian_wstd,629,18,63,0.904610492845787,0.7777777777777778,0.9083469721767594,13.056919439898163,0.873015873015873,0.9081272084805654,3.511133546469236,2.957752206644024,2.957752206644023,2.957752206644024
CHEMBL233_Ki,scaffold,57652534,mondrian_rfstd,629,18,63,0.9062003179650239,0.7777777777777778,0.9099836333878887,13.220585561011088,0.8571428571428571,0.911660777385159,5.451792024230196,2.828226897108205,2.8056066555699317,2.830744697844797
CHEMBL233_Ki,scaffold,57652534,cluster,629,18,63,0.9014308426073132,0.7777777777777778,0.9050736497545008,12.729587197672299,0.8253968253968254,0.9098939929328622,8.449716753603687,2.9914799117534043,2.8364519978204847,3.0087356689579514
CHEMBL233_Ki,scaffold,57652534,knn_weighted,629,18,63,0.8998410174880763,0.7777777777777778,0.9034369885433715,12.565921076559372,0.8571428571428571,0.9045936395759717,4.745078243311463,2.77728395568823,2.7512137775694225,2.780185759966472
CHEMBL233_Ki,scaffold,57652534,adaptive,629,18,63,0.9173290937996821,0.8333333333333334,0.9198036006546645,8.647026732133112,0.9206349206349206,0.9169611307420494,-0.3673789892871149,3.712483486597317,4.032715448912231,3.6768392929120877
CHEMBL233_Ki,scaffold,57652534,weighted_shift,629,18,63,0.9205087440381559,0.7777777777777778,0.9247135842880524,14.69358065102746,0.873015873015873,0.9257950530035336,5.277917998766057,3.15930234444342,3.1593023444434216,3.15930234444342
CHEMBL233_Ki,scaffold,57652534,cqr,629,18,63,0.8744038155802861,0.8333333333333334,0.8756137479541735,4.228041462084009,0.8412698412698413,0.8780918727915195,3.682203152167818,2.6576963750088582,2.816355646204426,2.6400364207945106
CHEMBL233_Ki,scaffold,65555877,global,629,22,55,0.9093799682034976,0.8181818181818182,0.9126853377265239,9.45035195447057,0.8181818181818182,0.9181184668989547,9.993664871713648,2.921175704298987,2.921175704298986,2.921175704298987
CHEMBL233_Ki,scaffold,65555877,mondrian_wstd,629,22,55,0.9093799682034976,0.8181818181818182,0.9126853377265239,9.45035195447057,0.8181818181818182,0.9181184668989547,9.993664871713648,2.921175704298987,2.921175704298986,2.921175704298987
CHEMBL233_Ki,scaffold,65555877,mondrian_rfstd,629,22,55,0.8918918918918919,0.5909090909090909,0.9028006589785832,31.189156806949224,0.7636363636363637,0.9041811846689896,14.05448210326259,2.719967317480794,2.67611429981234,2.724169261682475
CHEMBL233_Ki,scaffold,65555877,cluster,629,22,55,0.8966613672496025,0.7727272727272727,0.9011532125205931,12.84259397933204,0.8,0.9059233449477352,10.592334494773514,2.8805570122968835,2.7941539677513116,2.8888360496662333
CHEMBL233_Ki,scaffold,65555877,knn_weighted,629,22,55,0.8982511923688394,0.7272727272727273,0.9044481054365733,17.7175378163846,0.8,0.9076655052264808,10.766550522648078,2.7155585481508377,2.7722740450063927,2.710124136431229
CHEMBL233_Ki,scaffold,65555877,adaptive,629,22,55,0.8998410174880763,0.8181818181818182,0.9028006589785832,8.461884079676496,0.8727272727272727,0.9024390243902439,2.971175166297124,3.3904409629928547,4.029753691919573,3.329182774681061
CHEMBL233_Ki,scaffold,65555877,weighted_shift,629,22,55,0.8966613672496025,0.7727272727272727,0.9011532125205931,12.84259397933204,0.8,0.9059233449477352,10.592334494773514,2.760693213506549,2.76069321350655,2.760693213506549
CHEMBL233_Ki,scaffold,65555877,cqr,629,22,55,0.8918918918918919,0.8181818181818182,0.8945634266886326,7.638160850681441,0.8909090909090909,0.89198606271777,0.10769718086791613,2.9334880794849076,3.0989214797729776,2.9176364470531237
CHEMBL233_Ki,scaffold,80882938,global,629,12,63,0.8998410174880763,0.8333333333333334,0.9011345218800648,6.780118854673145,0.873015873015873,0.9028268551236749,2.9810982107801864,2.921199270844877,2.9211992708448773,2.9211992708448773
CHEMBL233_Ki,scaffold,80882938,mondrian_wstd,629,12,63,0.8998410174880763,0.8333333333333334,0.9011345218800648,6.780118854673145,0.873015873015873,0.9028268551236749,2.9810982107801864,2.921199270844877,2.9211992708448773,2.9211992708448773
CHEMBL233_Ki,scaffold,80882938,mondrian_rfstd,629,12,63,0.9141494435612083,0.5,0.9222042139384117,42.220421393841164,0.7777777777777778,0.9293286219081273,15.155084413034947,2.970639999147393,2.6404191782304953,3.0073960269172946
CHEMBL233_Ki,scaffold,80882938,cluster,629,12,63,0.8918918918918919,0.6666666666666666,0.8962722852512156,22.9605618584549,0.8253968253968254,0.8992932862190812,7.389646082225587,3.1076793702924195,2.9431670510318293,3.125990812188916
CHEMBL233_Ki,scaffold,80882938,knn_weighted,629,12,63,0.8728139904610492,0.5833333333333334,0.8784440842787682,29.511075094543482,0.7619047619047619,0.8851590106007067,12.325424869594482,2.785695385559043,2.671934505295119,2.798357815694427
CHEMBL233_Ki,scaffold,80882938,adaptive,629,12,63,0.8918918918918919,0.6666666666666666,0.8962722852512156,22.9605618584549,0.8253968253968254,0.8992932862190812,7.389646082225587,3.5034984338515276,3.422466190753714,3.5125179238076445
CHEMBL233_Ki,scaffold,80882938,weighted_shift,629,12,63,0.875993640699523,0.75,0.8784440842787682,12.844408427876818,0.8253968253968254,0.8816254416961131,5.622861629928777,2.7847626802856347,2.784762680285635,2.784762680285635
CHEMBL233_Ki,scaffold,80882938,cqr,629,12,63,0.8823529411764706,0.6666666666666666,0.8865478119935171,21.988114532685042,0.8571428571428571,0.8851590106007067,2.801615345784958,2.8971002788706137,2.9203596494285384,2.894511338331481
CHEMBL233_Ki,scaffold,62569839,global,629,9,44,0.8871224165341812,0.7777777777777778,0.8887096774193548,11.093189964157702,0.8409090909090909,0.8905982905982905,4.968919968919961,2.8095550330659775,2.8095550330659775,2.8095550330659775
CHEMBL233_Ki,scaffold,62569839,mondrian_wstd,629,9,44,0.8871224165341812,0.7777777777777778,0.8887096774193548,11.093189964157702,0.8409090909090909,0.8905982905982905,4.968919968919961,2.8095550330659775,2.8095550330659775,2.8095550330659775
CHEMBL233_Ki,scaffold,62569839,mondrian_rfstd,629,9,44,0.8918918918918919,0.5555555555555556,0.896774193548387,34.12186379928315,0.7727272727272727,0.9008547008547009,12.812742812742817,2.866611804511779,2.6087975671517887,2.886002960826035
CHEMBL233_Ki,scaffold,62569839,cluster,629,9,44,0.8966613672496025,0.7777777777777778,0.8983870967741936,12.06093189964158,0.8181818181818182,0.9025641025641026,8.438228438228435,2.9585690852645525,3.1255974238439337,2.9460062700551632
CHEMBL233_Ki,scaffold,62569839,knn_weighted,629,9,44,0.875993640699523,0.6666666666666666,0.8790322580645161,21.23655913978495,0.75,0.8854700854700854,13.547008547008543,2.7508806473253475,2.8749937775930565,2.7415456426556397
CHEMBL233_Ki,scaffold,62569839,adaptive,629,9,44,0.8616852146263911,0.6666666666666666,0.864516129032258,19.784946236559144,0.7954545454545454,0.8666666666666667,7.121212121212128,3.300431060725264,3.649049135929107,3.2742102140432663
CHEMBL233_Ki,scaffold,62569839,weighted_shift,629,9,44,0.9077901430842608,0.7777777777777778,0.9096774193548387,13.189964157706092,0.8409090909090909,0.9128205128205128,7.191142191142186,2.9898362338665123,2.9898362338665123,2.9898362338665123
CHEMBL233_Ki,scaffold,62569839,cqr,629,9,44,0.8998410174880763,0.8888888888888888,0.9,1.1111111111111183,0.8863636363636364,0.9008547008547009,1.449106449106452,2.9271043153799283,2.9697860284888704,2.9238940668725895
CHEMBL234_Ki,random,71339737,global,732,28,47,0.8934426229508197,0.7142857142857143,0.9005681818181818,18.628246753246746,0.8085106382978723,0.8992700729927007,9.075943469482839,2.2127115548020715,2.212711554802071,2.2127115548020715
CHEMBL234_Ki,random,71339737,mondrian_wstd,732,28,47,0.8934426229508197,0.7142857142857143,0.9005681818181818,18.628246753246746,0.8085106382978723,0.8992700729927007,9.075943469482839,2.2127115548020715,2.212711554802071,2.2127115548020715
CHEMBL234_Ki,random,71339737,mondrian_rfstd,732,28,47,0.8975409836065574,0.7142857142857143,0.9048295454545454,19.054383116883113,0.7872340425531915,0.9051094890510949,11.787544649790338,2.1400447646051717,2.313362971229769,2.1281528584572063
CHEMBL234_Ki,random,71339737,cluster,732,28,47,0.8770491803278688,0.75,0.8821022727272727,13.21022727272727,0.8085106382978723,0.8817518248175182,7.324118651964595,2.1195647290439585,2.297042939590422,2.1073873919699673
CHEMBL234_Ki,random,71339737,knn_weighted,732,28,47,0.8565573770491803,0.75,0.8607954545454546,11.079545454545459,0.8085106382978723,0.8598540145985402,5.134337630066788,1.9403645976218737,2.1665265666421982,1.9248469150759535
CHEMBL234_Ki,random,71339737,adaptive,732,28,47,0.8907103825136612,0.8214285714285714,0.8934659090909091,7.203733766233766,0.851063829787234,0.8934306569343066,4.236682714707252,2.485845615240021,2.853896475803558,2.460592490500625
CHEMBL234_Ki,random,71339737,weighted_shift,732,28,47,0.8934426229508197,0.7142857142857143,0.9005681818181818,18.628246753246746,0.8085106382978723,0.8992700729927007,9.075943469482839,2.2127115548020715,2.212711554802071,2.2127115548020715
CHEMBL234_Ki,random,71339737,cqr,732,28,47,0.8797814207650273,0.8214285714285714,0.8821022727272727,6.067370129870131,0.8085106382978723,0.8846715328467153,7.616089454884301,2.3304107809016847,2.4481315362736544,2.3223335903871116
CHEMBL234_Ki,random,99182118,global,732,25,41,0.9193989071038251,0.84,0.9222065063649222,8.220650636492222,0.8536585365853658,0.9232995658465991,6.964102926123328,2.2867064626478384,2.286706462647839,2.286706462647839
CHEMBL234_Ki,random,99182118,mondrian_wstd,732,25,41,0.9193989071038251,0.84,0.9222065063649222,8.220650636492222,0.8536585365853658,0.9232995658465991,6.964102926123328,2.2867064626478384,2.286706462647839,2.286706462647839
CHEMBL234_Ki,random,99182118,mondrian_rfstd,732,25,41,0.9166666666666666,0.64,0.9264497878359265,28.644978783592645,0.7073170731707317,0.9290882778581766,22.177120468744494,2.1675573456717223,2.226239059904946,2.1640755073452937
CHEMBL234_Ki,random,99182118,cluster,732,25,41,0.9262295081967213,0.84,0.9292786421499293,8.927864214992931,0.9024390243902439,0.9276410998552822,2.5202075465038276,2.3722433468951714,2.4119377875976338,2.3698881051168774
CHEMBL234_Ki,random,99182118,knn_weighted,732,25,41,0.8989071038251366,0.8,0.9024045261669024,10.240452616690233,0.8536585365853658,0.9015918958031838,4.793335921781794,2.0431767473636104,2.212475488685458,2.0331315253749045
CHEMBL234_Ki,random,99182118,adaptive,732,25,41,0.9112021857923497,0.8,0.9151343705799151,11.513437057991505,0.8048780487804879,0.9175108538350217,11.263280505453388,2.374825362644413,2.765679597852777,2.351634300931616
CHEMBL234_Ki,random,99182118,weighted_shift,732,25,41,0.9166666666666666,0.84,0.9193776520509194,7.9377652050919405,0.8536585365853658,0.9204052098408104,6.674667325544458,2.2702288539576885,2.2702288539576885,2.270228853957688
CHEMBL234_Ki,random,99182118,cqr,732,25,41,0.9234972677595629,0.76,0.9292786421499293,16.927864214992926,0.8536585365853658,0.9276410998552822,7.398256326991637,2.4551735813852824,2.495216569452319,2.4527976587937506
CHEMBL234_Ki,random,89709943,global,732,24,47,0.9002732240437158,0.75,0.905367231638418,15.536723163841803,0.7659574468085106,0.9094890510948905,14.35316042863799,2.3190176425750586,2.319017642575059,2.3190176425750586
CHEMBL234_Ki,random,89709943,mondrian_wstd,732,24,47,0.9002732240437158,0.75,0.905367231638418,15.536723163841803,0.7659574468085106,0.9094890510948905,14.35316042863799,2.3190176425750586,2.319017642575059,2.3190176425750586
CHEMBL234_Ki,random,89709943,mondrian_rfstd,732,24,47,0.9139344262295082,0.75,0.9194915254237288,16.94915254237288,0.7446808510638298,0.9255474452554745,18.086659419164477,2.3209930386580497,2.3689512457678013,2.3177024755424904
CHEMBL234_Ki,random,89709943,cluster,732,24,47,0.9084699453551912,0.6666666666666666,0.9166666666666666,25.0,0.7659574468085106,0.9182481751824818,15.229072837397117,2.4667136097533633,2.3451513521540623,2.475054377793023
CHEMBL234_Ki,random,89709943,knn_weighted,732,24,47,0.8715846994535519,0.75,0.8757062146892656,12.570621468926557,0.7872340425531915,0.8773722627737226,9.013822022053109,2.093889743704908,2.2663769791748236,2.0820548530960235
CHEMBL234_Ki,random,89709943,adaptive,732,24,47,0.8989071038251366,0.7916666666666666,0.902542372881356,11.087570621468934,0.8297872340425532,0.9036496350364963,7.386240099394314,2.552281688893215,3.006110942193618,2.521143039396691
CHEMBL234_Ki,random,89709943,weighted_shift,732,24,47,0.8920765027322405,0.75,0.8968926553672316,14.689265536723163,0.7659574468085106,0.9007299270072993,13.477248019878862,2.2666119172995174,2.266611917299517,2.266611917299517
CHEMBL234_Ki,random,89709943,cqr,732,24,47,0.8797814207650273,0.875,0.8799435028248588,0.4943502824858781,0.8085106382978723,0.8846715328467153,7.616089454884301,2.3603125719627815,2.4901658218536733,2.351402932919173
CHEMBL234_Ki,random,86921808,global,732,25,55,0.8702185792349727,0.68,0.8769448373408769,19.694483734087687,0.7818181818181819,0.8774002954209749,9.558211360279302,2.1012897413587943,2.1012897413587948,2.1012897413587943
CHEMBL234_Ki,random,86921808,mondrian_wstd,732,25,55,0.8702185792349727,0.68,0.8769448373408769,19.694483734087687,0.7818181818181819,0.8774002954209749,9.558211360279302,2.1012897413587943,2.1012897413587948,2.1012897413587943
CHEMBL234_Ki,random,86921808,mondrian_rfstd,732,25,55,0.8592896174863388,0.64,0.867043847241867,22.7043847241867,0.7090909090909091,0.8714918759231906,16.240096683228145,1.962329519617774,2.011780465152962,1.9583120868194943
CHEMBL234_Ki,random,86921808,cluster,732,25,55,0.8811475409836066,0.64,0.8896746817538896,24.967468175388962,0.7636363636363637,0.8906942392909897,12.7057875654626,2.1511532772477207,2.2730621744011295,2.1412493048054198
CHEMBL234_Ki,random,86921808,knn_weighted,732,25,55,0.860655737704918,0.68,0.867043847241867,18.704384724186696,0.7818181818181819,0.8670605612998523,8.524237948167046,1.9409260447136405,2.052818949533219,1.931835779181769
CHEMBL234_Ki,random,86921808,adaptive,732,25,55,0.8907103825136612,0.76,0.8953323903818954,13.533239038189537,0.8,0.8980797636632201,9.807976366322002,2.4278332524478135,2.76539116293327,2.4004097885235884
CHEMBL234_Ki,random,86921808,weighted_shift,732,25,55,0.8565573770491803,0.64,0.8642149929278642,22.421499292786418,0.7454545454545455,0.8655834564254062,12.012891097086076,2.04287750344724,2.0428775034472406,2.04287750344724
CHEMBL234_Ki,random,86921808,cqr,732,25,55,0.8825136612021858,0.72,0.8882602545968883,16.826025459688832,0.8,0.8892171344165436,8.921713441654354,2.323792215181536,2.505706664670707,2.309013345577541
CHEMBL234_Ki,random,89165191,global,732,27,47,0.9166666666666666,0.8518518518518519,0.9191489361702128,6.72970843183609,0.8936170212765957,0.9182481751824818,2.4631153905886105,2.2453669587740706,2.2453669587740706,2.2453669587740706
CHEMBL234_Ki,random,89165191,mondrian_wstd,732,27,47,0.9166666666666666,0.8518518518518519,0.9191489361702128,6.72970843183609,0.8936170212765957,0.9182481751824818,2.4631153905886105,2.2453669587740706,2.2453669587740706,2.2453669587740706
CHEMBL234_Ki,random,89165191,mondrian_rfstd,732,27,47,0.8975409836065574,0.7407407407407407,0.9035460992907801,16.28053585500394,0.7659574468085106,0.9065693430656935,14.061189625718285,2.0236733740288253,2.168536369289781,2.0137338692444975
CHEMBL234_Ki,random,89165191,cluster,732,27,47,0.9153005464480874,0.8888888888888888,0.9163120567375886,2.7423167848699803,0.8936170212765957,0.9167883211678832,2.3171299891287522,2.2170854797437656,2.4465154298696965,2.201343570757023
CHEMBL234_Ki,random,89165191,knn_weighted,732,27,47,0.8879781420765027,0.8148148148148148,0.8907801418439716,7.596532702915681,0.851063829787234,0.8905109489051095,3.944711911787546,1.982389282357226,2.1649884971190905,1.9698605771107913
CHEMBL234_Ki,random,89165191,adaptive,732,27,47,0.8852459016393442,0.8888888888888888,0.8851063829787233,-0.378250591016549,0.8297872340425532,0.8890510948905109,5.9263860847957766,2.423498324210249,2.8023272429121446,2.397505683073038
CHEMBL234_Ki,random,89165191,weighted_shift,732,27,47,0.9193989071038251,0.8888888888888888,0.9205673758865248,3.167848699763598,0.9148936170212766,0.9197080291970803,0.4814412175803695,2.2871282764574925,2.287128276457493,2.2871282764574925
CHEMBL234_Ki,random,89165191,cqr,732,27,47,0.9234972677595629,0.8888888888888888,0.924822695035461,3.5933806146572156,0.851063829787234,0.9284671532846716,7.740332349743751,2.393379120968974,2.5169815871075643,2.3848983678178586
CHEMBL234_Ki,scaffold,34332121,global,732,14,40,0.9139344262295082,0.9285714285714286,0.9136490250696379,-1.4922403501790749,0.925,0.9132947976878613,-1.1705202312138785,2.5404928365068873,2.5404928365068877,2.5404928365068873
CHEMBL234_Ki,scaffold,34332121,mondrian_wstd,732,14,40,0.9139344262295082,0.9285714285714286,0.9136490250696379,-1.4922403501790749,0.925,0.9132947976878613,-1.1705202312138785,2.5404928365068873,2.5404928365068877,2.5404928365068873
CHEMBL234_Ki,scaffold,34332121,mondrian_rfstd,732,14,40,0.9153005464480874,0.9285714285714286,0.915041782729805,-1.3529645841623639,0.825,0.9205202312138728,9.552023121387288,2.3727108309011,2.34644748817997,2.374228943197119
CHEMBL234_Ki,scaffold,34332121,cluster,732,14,40,0.9166666666666666,0.8571428571428571,0.9178272980501393,6.06844409072822,0.875,0.9190751445086706,4.4075144508670565,2.478893625618437,2.3175761701759976,2.488218334025514
CHEMBL234_Ki,scaffold,34332121,knn_weighted,732,14,40,0.8920765027322405,0.9285714285714286,0.8913649025069638,-3.720652606446484,0.825,0.8959537572254336,7.095375722543363,2.18054260129854,2.187869068292573,2.180119106096572
CHEMBL234_Ki,scaffold,34332121,adaptive,732,14,40,0.8797814207650273,0.8571428571428571,0.8802228412256268,2.307998408276968,0.875,0.880057803468208,0.5057803468208055,2.699976831925135,2.9817009507596346,2.6836922007786317
CHEMBL234_Ki,scaffold,34332121,weighted_shift,732,14,40,0.9139344262295082,0.9285714285714286,0.9136490250696379,-1.4922403501790749,0.925,0.9132947976878613,-1.1705202312138785,2.5404928365068873,2.5404928365068877,2.5404928365068873
CHEMBL234_Ki,scaffold,34332121,cqr,732,14,40,0.9180327868852459,0.8571428571428571,0.9192200557103064,6.207719856744931,0.825,0.9234104046242775,9.841040462427753,2.60658096208771,2.7334495012323137,2.599247520518658
CHEMBL234_Ki,scaffold,57652534,global,732,15,37,0.9139344262295082,0.9333333333333333,0.9135285913528591,-1.9804741980474216,0.8918918918918919,0.9151079136690647,2.3216021777172857,2.608823203356037,2.6088232033560375,2.608823203356037
CHEMBL234_Ki,scaffold,57652534,mondrian_wstd,732,15,37,0.9139344262295082,0.9333333333333333,0.9135285913528591,-1.9804741980474216,0.8918918918918919,0.9151079136690647,2.3216021777172857,2.608823203356037,2.6088232033560375,2.608823203356037
CHEMBL234_Ki,scaffold,57652534,mondrian_rfstd,732,15,37,0.9234972677595629,0.8666666666666667,0.9246861924686193,5.801952580195257,0.8648648648648649,0.9266187050359712,6.1753840171106305,2.630402466910912,2.6449433275769207,2.6296283491488364
CHEMBL234_Ki,scaffold,57652534,cluster,732,15,37,0.912568306010929,0.9333333333333333,0.9121338912133892,-2.119944211994418,0.8918918918918919,0.9136690647482014,2.1777172856309535,2.6087268242401,2.610411177249812,2.6086371536482162
CHEMBL234_Ki,scaffold,57652534,knn_weighted,732,15,37,0.907103825136612,0.9333333333333333,0.9065550906555091,-2.677824267782425,0.8918918918918919,0.9079136690647482,1.6021777172856355,2.4255098461340205,2.4909998973338823,2.422023325422661
CHEMBL234_Ki,scaffold,57652534,adaptive,732,15,37,0.9153005464480874,0.8,0.9177126917712691,11.771269177126909,0.7837837837837838,0.9223021582733812,13.851837448959747,3.3052826194278357,3.063898249717663,3.318133298103054
CHEMBL234_Ki,scaffold,57652534,weighted_shift,732,15,37,0.9112021857923497,0.9333333333333333,0.9107391910739191,-2.259414225941425,0.8918918918918919,0.9122302158273381,2.033832393544621,2.5954924547634177,2.5954924547634177,2.5954924547634177
CHEMBL234_Ki,scaffold,57652534,cqr,732,15,37,0.907103825136612,0.8,0.9093444909344491,10.93444909344491,0.8648648648648649,0.9093525179856116,4.448765312074665,2.8183907032204485,2.812286900552722,2.818715653866068
CHEMBL234_Ki,scaffold,65555877,global,732,27,64,0.924863387978142,0.9259259259259259,0.924822695035461,-0.11032308904649346,0.9375,0.9236526946107785,-1.384730538922152,2.71583650651565,2.7158365065156502,2.71583650651565
CHEMBL234_Ki,scaffold,65555877,mondrian_wstd,732,27,64,0.924863387978142,0.9259259259259259,0.924822695035461,-0.11032308904649346,0.9375,0.9236526946107785,-1.384730538922152,2.71583650651565,2.7158365065156502,2.71583650651565
CHEMBL234_Ki,scaffold,65555877,mondrian_rfstd,732,27,64,0.8879781420765027,0.6666666666666666,0.8964539007092198,22.97872340425532,0.734375,0.9026946107784432,16.831961077844316,2.4299697378180176,2.2976298033420974,2.4426490129773866
CHEMBL234_Ki,scaffold,65555877,cluster,732,27,64,0.9153005464480874,0.8518518518518519,0.9177304964539007,6.587864460204884,0.890625,0.9176646706586826,2.7039670658682624,2.574910186139578,2.4981978331797703,2.5822598726506976
CHEMBL234_Ki,scaffold,65555877,knn_weighted,732,27,64,0.8961748633879781,0.7407407407407407,0.902127659574468,16.138691883372736,0.84375,0.9011976047904192,5.744760479041922,2.3985435051564448,2.4474592683267122,2.3938569649724672
CHEMBL234_Ki,scaffold,65555877,adaptive,732,27,64,0.894808743169399,0.8518518518518519,0.8964539007092198,4.460204885736796,0.875,0.8967065868263473,2.1706586826347296,2.9080784780178632,3.516968274800726,2.849741731020702
CHEMBL234_Ki,scaffold,65555877,weighted_shift,732,27,64,0.9166666666666666,0.9259259259259259,0.9163120567375886,-0.9613869188337287,0.9375,0.9146706586826348,-2.282934131736525,2.6101428900804127,2.6101428900804127,2.6101428900804122
CHEMBL234_Ki,scaffold,65555877,cqr,732,27,64,0.9002732240437158,0.9259259259259259,0.8992907801418439,-2.6635145784081993,0.921875,0.8982035928143712,-2.3671407185628768,2.65868863106921,2.8348379674456563,2.641812047943323
CHEMBL234_Ki,scaffold,80882938,global,732,16,50,0.8729508196721312,0.875,0.8729050279329609,-0.20949720670391248,0.74,0.8826979472140762,14.269794721407624,2.3381441941623007,2.3381441941623002,2.3381441941623002
CHEMBL234_Ki,scaffold,80882938,mondrian_wstd,732,16,50,0.8729508196721312,0.875,0.8729050279329609,-0.20949720670391248,0.74,0.8826979472140762,14.269794721407624,2.3381441941623007,2.3381441941623002,2.3381441941623002
CHEMBL234_Ki,scaffold,80882938,mondrian_rfstd,732,16,50,0.8825136612021858,0.6875,0.8868715083798883,19.937150837988828,0.7,0.8958944281524927,19.58944281524927,2.373001620560519,2.34192663181349,2.375279845541973
CHEMBL234_Ki,scaffold,80882938,cluster,732,16,50,0.8811475409836066,0.8125,0.88268156424581,7.018156424581001,0.78,0.8885630498533724,10.856304985337239,2.3735646128722023,2.477510798182024,2.365943924799635
CHEMBL234_Ki,scaffold,80882938,knn_weighted,732,16,50,0.8510928961748634,0.75,0.8533519553072626,10.33519553072626,0.76,0.8577712609970675,9.777126099706745,2.19984750891675,2.3491085635877993,2.1889046163455594
CHEMBL234_Ki,scaffold,80882938,adaptive,732,16,50,0.8811475409836066,0.8125,0.88268156424581,7.018156424581001,0.86,0.8826979472140762,2.2697947214076253,3.006555864379669,3.159361095607904,2.9953531348174818
CHEMBL234_Ki,scaffold,80882938,weighted_shift,732,16,50,0.8879781420765027,0.875,0.888268156424581,1.3268156424581012,0.76,0.8973607038123167,13.736070381231668,2.4960046624939665,2.496004662493966,2.4960046624939665
CHEMBL234_Ki,scaffold,80882938,cqr,732,16,50,0.9002732240437158,0.875,0.9008379888268156,2.583798882681565,0.88,0.9017595307917888,2.175953079178883,2.604169926150043,2.6811297642506933,2.598527709280494
CHEMBL234_Ki,scaffold,62569839,global,732,24,53,0.9098360655737705,0.9166666666666666,0.9096045197740112,-0.7062146892655385,0.8679245283018868,0.9131075110456554,4.518298274376853,2.7093010299294407,2.70930102992944,2.7093010299294407
CHEMBL234_Ki,scaffold,62569839,mondrian_wstd,732,24,53,0.9098360655737705,0.9166666666666666,0.9096045197740112,-0.7062146892655385,0.8679245283018868,0.9131075110456554,4.518298274376853,2.7093010299294407,2.70930102992944,2.7093010299294407
CHEMBL234_Ki,scaffold,62569839,mondrian_rfstd,732,24,53,0.9057377049180327,0.7916666666666666,0.9096045197740112,11.793785310734462,0.7735849056603774,0.9160530191458026,14.24681134854252,2.5835660499648183,2.724924343753889,2.5725321919812822
CHEMBL234_Ki,scaffold,62569839,cluster,732,24,53,0.889344262295082,0.875,0.8898305084745762,1.4830508474576232,0.7924528301886793,0.8969072164948454,10.44543863061661,2.5363799358971417,2.589210547771865,2.5322561915240045
CHEMBL234_Ki,scaffold,62569839,knn_weighted,732,24,53,0.8688524590163934,0.8333333333333334,0.8700564971751412,3.672316384180785,0.7924528301886793,0.8748159057437408,8.236307555506151,2.3395712088880596,2.5940792957042285,2.319705334659404
CHEMBL234_Ki,scaffold,62569839,adaptive,732,24,53,0.8797814207650273,0.7916666666666666,0.882768361581921,9.110169491525433,0.7358490566037735,0.8910162002945509,15.516714369077732,2.773056085838441,2.843893600541205,2.7675267952946316
CHEMBL234_Ki,scaffold,62569839,weighted_shift,732,24,53,0.9098360655737705,0.9166666666666666,0.9096045197740112,-0.7062146892655385,0.8679245283018868,0.9131075110456554,4.518298274376853,2.7093010299294407,2.70930102992944,2.7093010299294407
CHEMBL234_Ki,scaffold,62569839,cqr,732,24,53,0.8770491803278688,0.8333333333333334,0.8785310734463276,4.519774011299427,0.7547169811320755,0.8865979381443299,13.188095701225432,2.621442627279418,2.5807248015978907,2.6246208964415985
CHEMBL235_EC50,random,71339737,global,470,23,41,0.8553191489361702,0.391304347826087,0.8791946308724832,48.78902830463962,0.6097560975609756,0.8787878787878788,26.90317812269032,1.9835291320513364,1.9835291320513362,1.9835291320513362
CHEMBL235_EC50,random,71339737,mondrian_wstd,470,23,41,0.8553191489361702,0.391304347826087,0.8791946308724832,48.78902830463962,0.6097560975609756,0.8787878787878788,26.90317812269032,1.9835291320513364,1.9835291320513362,1.9835291320513362
CHEMBL235_EC50,random,71339737,mondrian_rfstd,470,23,41,0.8489361702127659,0.5217391304347826,0.8657718120805369,34.40326816457543,0.6585365853658537,0.8671328671328671,20.85962817670134,2.055361596548694,2.1208113930517105,2.049106487791995
CHEMBL235_EC50,random,71339737,cluster,470,23,41,0.8617021276595744,0.43478260869565216,0.883668903803132,44.88862951074798,0.6097560975609756,0.8857808857808858,27.602478821991017,2.0723582218109526,2.106623604128317,2.0690834416827197
CHEMBL235_EC50,random,71339737,knn_weighted,470,23,41,0.8595744680851064,0.43478260869565216,0.8814317673378076,44.664915864215544,0.6341463414634146,0.8811188811188811,24.69725396554665,2.1271382889692467,2.111740624006814,2.128609860678943
CHEMBL235_EC50,random,71339737,adaptive,470,23,41,0.8574468085106383,0.5652173913043478,0.87248322147651,30.726583017216225,0.7073170731707317,0.8717948717948718,16.447779862414013,2.4454621667460548,2.8983740053002287,2.4021768861383137
CHEMBL235_EC50,random,71339737,weighted_shift,470,23,41,0.8446808510638298,0.391304347826087,0.8680089485458613,47.67046007197743,0.5609756097560976,0.8717948717948718,31.08192620387742,1.9447872629477772,1.9447872629477774,1.9447872629477774
CHEMBL235_EC50,random,71339737,cqr,470,23,41,0.8659574468085106,0.7391304347826086,0.87248322147651,13.335278669390139,0.7804878048780488,0.8741258741258742,9.363806924782537,2.305713161506234,2.4006973747498126,2.2966354161845866
CHEMBL235_EC50,random,99182118,global,470,14,32,0.9042553191489362,0.8571428571428571,0.9057017543859649,4.85588972431078,0.8125,0.910958904109589,9.845890410958901,2.2912815787787717,2.291281578778772,2.2912815787787717
CHEMBL235_EC50,random,99182118,mondrian_wstd,470,14,32,0.9042553191489362,0.8571428571428571,0.9057017543859649,4.85588972431078,0.8125,0.910958904109589,9.845890410958901,2.2912815787787717,2.291281578778772,2.2912815787787717
CHEMBL235_EC50,random,99182118,mondrian_rfstd,470,14,32,0.9,0.7857142857142857,0.9035087719298246,11.77944862155389,0.78125,0.908675799086758,12.7425799086758,2.2341261992424184,2.4090777932358454,2.2213443476264594
CHEMBL235_EC50,random,99182118,cluster,470,14,32,0.9042553191489362,0.8571428571428571,0.9057017543859649,4.85588972431078,0.8125,0.910958904109589,9.845890410958901,2.3706494864264176,2.6633483449318103,2.349265094937439
CHEMBL235_EC50,random,99182118,knn_weighted,470,14,32,0.902127659574468,0.7857142857142857,0.9057017543859649,11.99874686716792,0.75,0.91324200913242,16.324200913242002,2.2548015220283766,2.343455522287881,2.2483245174432076
CHEMBL235_EC50,random,99182118,adaptive,470,14,32,0.8978723404255319,0.7857142857142857,0.9013157894736842,11.560150375939848,0.875,0.8995433789954338,2.4543378995433796,2.9687771616380707,3.8139638917718326,2.9070283594365174
CHEMBL235_EC50,random,99182118,weighted_shift,470,14,32,0.8808510638297873,0.7142857142857143,0.8859649122807017,17.167919799498744,0.6875,0.8949771689497716,20.747716894977163,2.1668900965289604,2.1668900965289613,2.1668900965289604
CHEMBL235_EC50,random,99182118,cqr,470,14,32,0.8851063829787233,0.8571428571428571,0.8859649122807017,2.8822055137844638,0.84375,0.8881278538812786,4.437785388127857,2.278187415535598,2.616588927137734,2.253464017427679
CHEMBL235_EC50,random,89709943,global,470,17,35,0.8851063829787233,0.5882352941176471,0.8962472406181016,30.80119465004545,0.7142857142857143,0.8988505747126436,18.456486042692934,2.08269247299222,2.0826924729922194,2.0826924729922203
CHEMBL235_EC50,random,89709943,mondrian_wstd,470,17,35,0.8851063829787233,0.5882352941176471,0.8962472406181016,30.80119465004545,0.7142857142857143,0.8988505747126436,18.456486042692934,2.08269247299222,2.0826924729922194,2.0826924729922203
CHEMBL235_EC50,random,89709943,mondrian_rfstd,470,17,35,0.9,0.5294117647058824,0.9139072847682119,38.449552006232956,0.6857142857142857,0.9172413793103448,23.152709359605904,2.085561353978226,2.071382267611145,2.0867022000077613
CHEMBL235_EC50,random,89709943,cluster,470,17,35,0.8829787234042553,0.6470588235294118,0.891832229580574,24.477340605116215,0.7714285714285715,0.8919540229885058,12.052545155993432,2.228161154094032,2.4992557764230443,2.206348943102042
CHEMBL235_EC50,random,89709943,knn_weighted,470,17,35,0.8978723404255319,0.6470588235294118,0.9072847682119205,26.02259446825087,0.7428571428571429,0.9103448275862069,16.748768472906406,2.2047577671629117,2.3956331544643916,2.1893999773800337
CHEMBL235_EC50,random,89709943,adaptive,470,17,35,0.8872340425531915,0.5882352941176471,0.8984547461368654,31.02194520192183,0.7714285714285715,0.896551724137931,12.512315270935959,2.575434681530346,2.944401377337894,2.5457477060056006
CHEMBL235_EC50,random,89709943,weighted_shift,470,17,35,0.8808510638297873,0.5882352941176471,0.891832229580574,30.35969354629269,0.7142857142857143,0.8942528735632184,17.996715927750408,2.00940179984644,2.0094017998464406,2.00940179984644
CHEMBL235_EC50,random,89709943,cqr,470,17,35,0.9170212765957447,0.8235294117647058,0.9205298013245033,9.70003895597975,0.8,0.9264367816091954,12.643678160919535,2.4168621050222585,2.7407458267838756,2.3908024952253464
CHEMBL235_EC50,random,86921808,global,470,18,31,0.925531914893617,0.6111111111111112,0.9380530973451328,32.69419862340216,0.7096774193548387,0.9407744874715261,23.10970681166874,2.3637317540504825,2.3637317540504816,2.363731754050483
CHEMBL235_EC50,random,86921808,mondrian_wstd,470,18,31,0.925531914893617,0.6111111111111112,0.9380530973451328,32.69419862340216,0.7096774193548387,0.9407744874715261,23.10970681166874,2.3637317540504825,2.3637317540504816,2.363731754050483
CHEMBL235_EC50,random,86921808,mondrian_rfstd,470,18,31,0.9170212765957447,0.5555555555555556,0.9314159292035398,37.58603736479842,0.7096774193548387,0.9316628701594533,22.19854508046145,2.1661954473546516,2.3436122681772704,2.153667152490184
CHEMBL235_EC50,random,86921808,cluster,470,18,31,0.9361702127659575,0.6111111111111112,0.9491150442477876,33.80039331366764,0.7419354838709677,0.9498861047835991,20.79506209126314,2.460033626018713,2.731026140425395,2.44089748035446
CHEMBL235_EC50,random,86921808,knn_weighted,470,18,31,0.9170212765957447,0.5555555555555556,0.9314159292035398,37.58603736479842,0.7096774193548387,0.9316628701594533,22.19854508046145,2.3282346186569303,2.5498866039529653,2.3125826561417204
CHEMBL235_EC50,random,86921808,adaptive,470,18,31,0.8893617021276595,0.6111111111111112,0.9004424778761062,28.933136676499505,0.7419354838709677,0.8997722095671982,15.783672569623041,2.42313049753331,3.200014887245406,2.368270779808766
CHEMBL235_EC50,random,86921808,weighted_shift,470,18,31,0.9191489361702128,0.6111111111111112,0.9314159292035398,32.03048180924286,0.7096774193548387,0.9339407744874715,22.426335513263275,2.2085025352163496,2.2085025352163514,2.20850253521635
CHEMBL235_EC50,random,86921808,cqr,470,18,31,0.9148936170212766,0.6111111111111112,0.9269911504424779,31.588003933136676,0.7419354838709677,0.9271070615034168,18.517157763244906,2.5318875922142854,2.878131536044126,2.507437564290083
CHEMBL235_EC50,random,89165191,global,470,26,45,0.9106382978723404,0.6153846153846154,0.9279279279279279,31.254331254331248,0.6888888888888889,0.9341176470588235,24.522875816993462,2.2594077941992206,2.2594077941992214,2.2594077941992206
CHEMBL235_EC50,random,89165191,mondrian_wstd,470,26,45,0.9106382978723404,0.6153846153846154,0.9279279279279279,31.254331254331248,0.6888888888888889,0.9341176470588235,24.522875816993462,2.2594077941992206,2.2594077941992214,2.2594077941992206
CHEMBL235_EC50,random,89165191,mondrian_rfstd,470,26,45,0.9297872340425531,0.6153846153846154,0.9481981981981982,33.28135828135827,0.7111111111111111,0.9529411764705882,24.183006535947705,2.391442603435317,2.5991816338210287,2.369446706100359
CHEMBL235_EC50,random,89165191,cluster,470,26,45,0.9148936170212766,0.7307692307692307,0.9256756756756757,19.490644490644492,0.7777777777777778,0.9294117647058824,15.163398692810459,2.4202017555532622,2.639927679363915,2.3969366577380162
CHEMBL235_EC50,random,89165191,knn_weighted,470,26,45,0.9276595744680851,0.7692307692307693,0.9369369369369369,16.770616770616765,0.8,0.9411764705882353,14.117647058823524,2.464142529151753,2.7010083299633108,2.439062620830529
CHEMBL235_EC50,random,89165191,adaptive,470,26,45,0.9063829787234042,0.8461538461538461,0.9099099099099099,6.375606375606379,0.8888888888888888,0.908235294117647,1.934640522875819,2.947941279098691,4.105702080138016,2.825354841341586
CHEMBL235_EC50,random,89165191,weighted_shift,470,26,45,0.9106382978723404,0.6153846153846154,0.9279279279279279,31.254331254331248,0.6888888888888889,0.9341176470588235,24.522875816993462,2.233312687797355,2.2333126877973544,2.2333126877973553
CHEMBL235_EC50,random,89165191,cqr,470,26,45,0.8914893617021277,0.7307692307692307,0.9009009009009009,17.01316701316702,0.7777777777777778,0.9035294117647059,12.575163398692812,2.3734575202741524,2.7977451665009503,2.3285329459677855
CHEMBL235_EC50,scaffold,34332121,global,470,12,38,0.9276595744680851,0.8333333333333334,0.9301310043668122,9.679767103347881,0.8157894736842105,0.9375,12.171052631578949,2.863764375995163,2.863764375995163,2.863764375995163
CHEMBL235_EC50,scaffold,34332121,mondrian_wstd,470,12,38,0.9276595744680851,0.8333333333333334,0.9301310043668122,9.679767103347881,0.8157894736842105,0.9375,12.171052631578949,2.863764375995163,2.863764375995163,2.863764375995163
CHEMBL235_EC50,scaffold,34332121,mondrian_rfstd,470,12,38,0.9106382978723404,0.5,0.9213973799126638,42.13973799126638,0.7368421052631579,0.9259259259259259,18.908382066276808,2.6956205115313927,2.7639898102427494,2.6896065454410416
CHEMBL235_EC50,scaffold,34332121,cluster,470,12,38,0.9212765957446809,0.8333333333333334,0.9235807860262009,9.024745269286749,0.8157894736842105,0.9305555555555556,11.476608187134508,2.8410963297721845,3.18494556844277,2.8108503319261606
CHEMBL235_EC50,scaffold,34332121,knn_weighted,470,12,38,0.9446808510638298,0.8333333333333334,0.9475982532751092,11.426491994177578,0.868421052631579,0.9513888888888888,8.296783625730985,3.132878026943552,3.328664400149395,3.1156560774485933
CHEMBL235_EC50,scaffold,34332121,adaptive,470,12,38,0.9148936170212766,0.75,0.9192139737991266,16.921397379912662,0.8421052631578947,0.9212962962962963,7.919103313840159,3.625584342789867,4.214636623420238,3.573769558845529
CHEMBL235_EC50,scaffold,34332121,weighted_shift,470,12,38,0.8957446808510638,0.8333333333333334,0.8973799126637555,6.404657933042213,0.7894736842105263,0.9050925925925926,11.561890838206622,2.5091358330807587,2.509135833080759,2.509135833080759
CHEMBL235_EC50,scaffold,34332121,cqr,470,12,38,0.8893617021276595,0.6666666666666666,0.8951965065502183,22.85298398835517,0.7631578947368421,0.9004629629629629,13.730506822612076,2.5715227939054848,2.7803480358056425,2.5531539068864895
CHEMBL235_EC50,scaffold,57652534,global,470,10,35,0.851063829787234,0.8,0.8521739130434782,5.217391304347818,0.7428571428571429,0.8597701149425288,11.691297208538586,2.437168550417838,2.437168550417839,2.4371685504178386
CHEMBL235_EC50,scaffold,57652534,mondrian_wstd,470,10,35,0.851063829787234,0.8,0.8521739130434782,5.217391304347818,0.7428571428571429,0.8597701149425288,11.691297208538586,2.437168550417838,2.437168550417839,2.4371685504178386
CHEMBL235_EC50,scaffold,57652534,mondrian_rfstd,470,10,35,0.8638297872340426,0.5,0.8717391304347826,37.17391304347826,0.6857142857142857,0.8781609195402299,19.244663382594418,2.5623857785423345,2.4978314752312785,2.5675798029466725
CHEMBL235_EC50,scaffold,57652534,cluster,470,10,35,0.8680851063829788,0.8,0.8695652173913043,6.956521739130428,0.7714285714285715,0.8758620689655172,10.443349753694575,2.552793129585912,2.90767375747093,2.5242395158480377
CHEMBL235_EC50,scaffold,57652534,knn_weighted,470,10,35,0.8765957446808511,0.8,0.8782608695652174,7.826086956521738,0.7714285714285715,0.8850574712643678,11.362889983579638,2.5269569460207952,2.900717874758585,2.4968842276166052
CHEMBL235_EC50,scaffold,57652534,adaptive,470,10,35,0.9297872340425531,0.8,0.9326086956521739,13.260869565217382,0.8857142857142857,0.9333333333333333,4.761904761904767,3.810138708690281,4.116457118392323,3.7854923998636796
CHEMBL235_EC50,scaffold,57652534,weighted_shift,470,10,35,0.851063829787234,0.8,0.8521739130434782,5.217391304347818,0.7428571428571429,0.8597701149425288,11.691297208538586,2.437168550417838,2.437168550417839,2.4371685504178386
CHEMBL235_EC50,scaffold,57652534,cqr,470,10,35,0.9106382978723404,0.9,0.9108695652173913,1.0869565217391242,0.8,0.9195402298850575,11.954022988505741,2.914887839345108,2.9109633423428063,2.9152036034717295
CHEMBL235_EC50,scaffold,65555877,global,470,10,41,0.8936170212765957,0.5,0.9021739130434783,40.21739130434783,0.7560975609756098,0.9067599067599068,15.066234578429704,2.7759013883850483,2.775901388385048,2.7759013883850474
CHEMBL235_EC50,scaffold,65555877,mondrian_wstd,470,10,41,0.8936170212765957,0.5,0.9021739130434783,40.21739130434783,0.7560975609756098,0.9067599067599068,15.066234578429704,2.7759013883850483,2.775901388385048,2.7759013883850474
CHEMBL235_EC50,scaffold,65555877,mondrian_rfstd,470,10,41,0.8957446808510638,0.6,0.9021739130434783,30.217391304347828,0.8536585365853658,0.8997668997668997,4.610836318153389,2.5829957540946,2.941738119276805,2.5487103532263715
CHEMBL235_EC50,scaffold,65555877,cluster,470,10,41,0.9,0.6,0.9065217391304348,30.65217391304348,0.7804878048780488,0.9114219114219114,13.093410654386261,2.8346822269662377,2.8548920564296663,2.8327507514231125
CHEMBL235_EC50,scaffold,65555877,knn_weighted,470,10,41,0.9063829787234042,0.7,0.9108695652173913,21.086956521739133,0.8048780487804879,0.916083916083916,11.120586730342819,2.6329195667157617,2.689945596333016,2.6274695265891705
CHEMBL235_EC50,scaffold,65555877,adaptive,470,10,41,0.8595744680851064,0.7,0.8630434782608696,16.30434782608696,0.8048780487804879,0.8648018648018648,5.992381602137698,2.987567897487955,3.9268149110926087,2.897803031385878
CHEMBL235_EC50,scaffold,65555877,weighted_shift,470,10,41,0.851063829787234,0.5,0.8586956521739131,35.86956521739131,0.7073170731707317,0.8648018648018648,15.748479163113316,2.4471891637070615,2.447189163707062,2.4471891637070615
CHEMBL235_EC50,scaffold,65555877,cqr,470,10,41,0.9297872340425531,0.8,0.9326086956521739,13.260869565217382,0.9024390243902439,0.9324009324009324,2.996190801068843,2.885266541657277,3.3770558811576437,2.838265695691042
CHEMBL235_EC50,scaffold,80882938,global,470,11,32,0.9638297872340426,1.0,0.9629629629629629,-3.703703703703709,1.0,0.9611872146118722,-3.8812785388127824,3.174934341457528,3.1749343414575275,3.174934341457528
CHEMBL235_EC50,scaffold,80882938,mondrian_wstd,470,11,32,0.9638297872340426,1.0,0.9629629629629629,-3.703703703703709,1.0,0.9611872146118722,-3.8812785388127824,3.174934341457528,3.1749343414575275,3.174934341457528
CHEMBL235_EC50,scaffold,80882938,mondrian_rfstd,470,11,32,0.9531914893617022,0.6363636363636364,0.9607843137254902,32.442067736185386,0.84375,0.9611872146118722,11.743721461187217,2.948222393834821,3.217884312077645,2.928521066474614
CHEMBL235_EC50,scaffold,80882938,cluster,470,11,32,0.9574468085106383,0.9090909090909091,0.9586056644880174,4.951475539710836,0.96875,0.95662100456621,-1.212899543378998,3.028991596005331,2.9810847320243568,3.032491640862389
CHEMBL235_EC50,scaffold,80882938,knn_weighted,470,11,32,0.9808510638297873,1.0,0.9803921568627451,-1.9607843137254943,0.96875,0.9817351598173516,1.29851598173516,3.2670747734191026,3.2175445944635093,3.27069341663047
CHEMBL235_EC50,scaffold,80882938,adaptive,470,11,32,0.8787234042553191,0.5454545454545454,0.8867102396514162,34.125569419687075,0.75,0.8881278538812786,13.812785388127857,3.521996467365046,4.094096660249854,3.4801991929990326
CHEMBL235_EC50,scaffold,80882938,weighted_shift,470,11,32,0.9404255319148936,0.9090909090909091,0.9411764705882353,3.208556149732622,0.96875,0.9383561643835616,-3.039383561643838,2.7210193261529625,2.7210193261529625,2.721019326152962
CHEMBL235_EC50,scaffold,80882938,cqr,470,11,32,0.9191489361702128,0.8181818181818182,0.9215686274509803,10.338680926916211,0.875,0.9223744292237442,4.737442922374424,2.9606809025752767,3.179392563497668,2.9447019684439604
CHEMBL235_EC50,scaffold,62569839,global,470,12,39,0.8765957446808511,0.4166666666666667,0.888646288209607,47.19796215429403,0.6410256410256411,0.8979118329466357,25.68861919209946,2.5299013173424156,2.529901317342417,2.5299013173424156
CHEMBL235_EC50,scaffold,62569839,mondrian_wstd,470,12,39,0.8765957446808511,0.4166666666666667,0.888646288209607,47.19796215429403,0.6410256410256411,0.8979118329466357,25.68861919209946,2.5299013173424156,2.529901317342417,2.5299013173424156
CHEMBL235_EC50,scaffold,62569839,mondrian_rfstd,470,12,39,0.8914893617021277,0.5833333333333334,0.8995633187772926,31.62299854439592,0.6923076923076923,0.9095127610208816,21.720506871318936,2.528320918796215,2.8303121443227064,2.5009945666024023
CHEMBL235_EC50,scaffold,62569839,cluster,470,12,39,0.9042553191489362,0.6666666666666666,0.9104803493449781,24.38136826783115,0.8205128205128205,0.9118329466357309,9.13201261229104,2.6304120672007696,2.985097306454546,2.598317579194047
CHEMBL235_EC50,scaffold,62569839,knn_weighted,470,12,39,0.8978723404255319,0.5833333333333334,0.9061135371179039,32.27802037845705,0.7692307692307693,0.9095127610208816,14.028199179011235,2.5821366313073995,2.80375843219346,2.5620826864476403
CHEMBL235_EC50,scaffold,62569839,adaptive,470,12,39,0.9340425531914893,0.8333333333333334,0.9366812227074236,10.334788937409023,0.8974358974358975,0.9373549883990719,3.9919090963174475,3.750290132092372,4.925005916274957,3.6439933441965
CHEMBL235_EC50,scaffold,62569839,weighted_shift,470,12,39,0.8574468085106383,0.4166666666666667,0.868995633187773,45.232896652110625,0.5897435897435898,0.8816705336426914,29.192694389910166,2.2444166801582415,2.2444166801582415,2.244416680158242
CHEMBL235_EC50,scaffold,62569839,cqr,470,12,39,0.8914893617021277,0.5,0.9017467248908297,40.17467248908297,0.6666666666666666,0.9118329466357309,24.516627996906426,2.800979465161152,2.987038090367553,2.7841435338779745
CHEMBL236_Ki,random,71339737,global,519,30,59,0.8651252408477842,0.6333333333333333,0.8793456032719836,24.601226993865033,0.7457627118644068,0.8804347826086957,13.467207074428888,2.1552664837837625,2.1552664837837625,2.1552664837837625
CHEMBL236_Ki,random,71339737,mondrian_wstd,519,30,59,0.8651252408477842,0.6333333333333333,0.8793456032719836,24.601226993865033,0.7457627118644068,0.8804347826086957,13.467207074428888,2.1552664837837625,2.1552664837837625,2.1552664837837625
CHEMBL236_Ki,random,71339737,mondrian_rfstd,519,30,59,0.8670520231213873,0.6666666666666666,0.8793456032719836,21.2678936605317,0.7457627118644068,0.8826086956521739,13.684598378776712,2.141000817736151,2.1475377346949167,2.1401623870827438
CHEMBL236_Ki,random,71339737,cluster,519,30,59,0.8689788053949904,0.7333333333333333,0.8773006134969326,14.396728016359928,0.8135593220338984,0.8760869565217392,6.252763448784082,2.230690363180059,2.5452484609084585,2.190344868036634
CHEMBL236_Ki,random,71339737,knn_weighted,519,30,59,0.861271676300578,0.6666666666666666,0.8732106339468303,20.654396728016366,0.7966101694915254,0.8695652173913043,7.295504789977891,2.1264915215308506,2.2494300486873504,2.110723319134691
CHEMBL236_Ki,random,71339737,adaptive,519,30,59,0.9075144508670521,0.6,0.9263803680981595,32.63803680981595,0.7796610169491526,0.9239130434782609,14.42520265291083,2.779652828091432,3.068881207533602,2.7425561446412403
CHEMBL236_Ki,random,71339737,weighted_shift,519,30,59,0.884393063583815,0.7,0.8957055214723927,19.570552147239273,0.7966101694915254,0.8956521739130435,9.904200442151812,2.2966017607516784,2.2966017607516793,2.296601760751679
CHEMBL236_Ki,random,71339737,cqr,519,30,59,0.8805394990366089,0.7333333333333333,0.8895705521472392,15.623721881390596,0.7796610169491526,0.8934782608695652,11.38172439204126,2.437211973619484,2.560464542507323,2.4214034919577827
CHEMBL236_Ki,random,99182118,global,519,19,48,0.9132947976878613,0.8947368421052632,0.914,1.926315789473687,0.9375,0.910828025477707,-2.6671974522292974,2.3416661707444923,2.3416661707444923,2.341666170744492
CHEMBL236_Ki,random,99182118,mondrian_wstd,519,19,48,0.9132947976878613,0.8947368421052632,0.914,1.926315789473687,0.9375,0.910828025477707,-2.6671974522292974,2.3416661707444923,2.3416661707444923,2.341666170744492
CHEMBL236_Ki,random,99182118,mondrian_rfstd,519,19,48,0.8940269749518305,1.0,0.89,-10.999999999999998,0.9166666666666666,0.89171974522293,-2.494692144373667,2.1393162380956277,2.3861543544296757,2.114160761271775
CHEMBL236_Ki,random,99182118,cluster,519,19,48,0.9267822736030829,1.0,0.924,-7.599999999999996,1.0,0.9193205944798302,-8.067940552016983,2.3678109408279453,2.615032070494898,2.3426164307981927
CHEMBL236_Ki,random,99182118,knn_weighted,519,19,48,0.9152215799614644,0.8947368421052632,0.916,2.1263157894736873,0.9583333333333334,0.910828025477707,-4.750530785562635,2.310687692203729,2.4565926925093797,2.295818392809523
CHEMBL236_Ki,random,99182118,adaptive,519,19,48,0.905587668593449,0.8947368421052632,0.906,1.1263157894736864,0.9375,0.9023354564755839,-3.5164543524416114,2.920401944226651,3.4833765477891565,2.863028736220281
CHEMBL236_Ki,random,99182118,weighted_shift,519,19,48,0.9152215799614644,0.8947368421052632,0.916,2.1263157894736873,0.9375,0.9129511677282378,-2.454883227176219,2.378135151419991,2.3781351514199915,2.378135151419991
CHEMBL236_Ki,random,99182118,cqr,519,19,48,0.928709055876686,0.9473684210526315,0.928,-1.936842105263148,0.9791666666666666,0.9235668789808917,-5.559978768577489,2.517477077836192,2.6767543370881324,2.501245000460198
CHEMBL236_Ki,random,89709943,global,519,21,46,0.8998073217726397,0.6666666666666666,0.9096385542168675,24.297188755020084,0.782608695652174,0.9112050739957717,12.859637834359772,2.512674560690027,2.512674560690027,2.512674560690027
CHEMBL236_Ki,random,89709943,mondrian_wstd,519,21,46,0.8998073217726397,0.6666666666666666,0.9096385542168675,24.297188755020084,0.782608695652174,0.9112050739957717,12.859637834359772,2.512674560690027,2.512674560690027,2.512674560690027
CHEMBL236_Ki,random,89709943,mondrian_rfstd,519,21,46,0.9017341040462428,0.7142857142857143,0.9096385542168675,19.535283993115314,0.8043478260869565,0.9112050739957717,10.685724790881512,2.3009895197033368,2.3898280570763895,2.292349831079319
CHEMBL236_Ki,random,89709943,cluster,519,21,46,0.9094412331406551,0.8095238095238095,0.9136546184738956,10.413080895008608,0.8478260869565217,0.9154334038054969,6.7607316848975145,2.584132635207842,2.689963493264263,2.573840416453941
CHEMBL236_Ki,random,89709943,knn_weighted,519,21,46,0.905587668593449,0.8095238095238095,0.9096385542168675,10.011474469305792,0.8695652173913043,0.9090909090909091,3.9525691699604737,2.475900378485967,2.6769552966255614,2.4563474688994527
CHEMBL236_Ki,random,89709943,adaptive,519,21,46,0.8535645472061657,0.6666666666666666,0.8614457831325302,19.477911646586353,0.7391304347826086,0.864693446088795,12.55630113061863,2.683131990245191,3.30174186709452,2.6229711988391258
CHEMBL236_Ki,random,89709943,weighted_shift,519,21,46,0.8998073217726397,0.6666666666666666,0.9096385542168675,24.297188755020084,0.782608695652174,0.9112050739957717,12.859637834359772,2.542102643709668,2.5421026437096685,2.5421026437096685
CHEMBL236_Ki,random,89709943,cqr,519,21,46,0.8882466281310212,0.8571428571428571,0.8895582329317269,3.241537578886977,0.8478260869565217,0.8921775898520085,4.435150289548673,2.4202887070449095,2.6538399035461135,2.39757548286086
CHEMBL236_Ki,random,86921808,global,519,26,54,0.9190751445086706,0.7307692307692307,0.9290060851926978,19.823685442346704,0.8148148148148148,0.9311827956989247,11.636798088410993,2.4236924167634286,2.423692416763428,2.423692416763428
CHEMBL236_Ki,random,86921808,mondrian_wstd,519,26,54,0.9190751445086706,0.7307692307692307,0.9290060851926978,19.823685442346704,0.8148148148148148,0.9311827956989247,11.636798088410993,2.4236924167634286,2.423692416763428,2.423692416763428
CHEMBL236_Ki,random,86921808,mondrian_rfstd,519,26,54,0.9152215799614644,0.8076923076923077,0.920892494929006,11.320018723669833,0.8518518518518519,0.9225806451612903,7.072879330943849,2.2398143945898545,2.2996713206000217,2.2328632676983506
CHEMBL236_Ki,random,86921808,cluster,519,26,54,0.928709055876686,0.8076923076923077,0.9350912778904665,12.739897019815881,0.8518518518518519,0.9376344086021505,8.578255675029867,2.562232606419289,2.5654163884896986,2.5618628768885316
CHEMBL236_Ki,random,86921808,knn_weighted,519,26,54,0.9113680154142582,0.7692307692307693,0.9188640973630832,14.96333281323139,0.8333333333333334,0.9204301075268817,8.709677419354833,2.3785783030743057,2.4511595997144267,2.370149507335453
CHEMBL236_Ki,random,86921808,adaptive,519,26,54,0.9190751445086706,0.9230769230769231,0.9188640973630832,-0.4212825713839963,0.9074074074074074,0.9204301075268817,1.3022700119474262,2.8385010298171123,3.405778014149337,2.7726237026043377
CHEMBL236_Ki,random,86921808,weighted_shift,519,26,54,0.9113680154142582,0.6923076923076923,0.922920892494929,23.061320018723674,0.7962962962962963,0.9247311827956989,12.84348864994026,2.340461312694821,2.34046131269482,2.3404613126948206
CHEMBL236_Ki,random,86921808,cqr,519,26,54,0.9094412331406551,0.9230769230769231,0.9087221095334685,-1.435481354345458,0.8888888888888888,0.9118279569892473,2.2939068100358506,2.468820063578997,2.764462438352931,2.4344874007020243
CHEMBL236_Ki,random,89165191,global,519,21,57,0.9036608863198459,0.8571428571428571,0.9056224899598394,4.847963281698231,0.8596491228070176,0.9090909090909091,4.944178628389151,2.408373128350527,2.4083731283505276,2.408373128350527
CHEMBL236_Ki,random,89165191,mondrian_wstd,519,21,57,0.9036608863198459,0.8571428571428571,0.9056224899598394,4.847963281698231,0.8596491228070176,0.9090909090909091,4.944178628389151,2.408373128350527,2.4083731283505276,2.408373128350527
CHEMBL236_Ki,random,89165191,mondrian_rfstd,519,21,57,0.905587668593449,0.7619047619047619,0.9116465863453815,14.974182444061967,0.8070175438596491,0.9177489177489178,11.073137388926868,2.3385831513738427,2.5197121746589746,2.316236064085417
CHEMBL236_Ki,random,89165191,cluster,519,21,57,0.8882466281310212,0.7619047619047619,0.893574297188755,13.166953528399317,0.8245614035087719,0.8961038961038961,7.154249259512413,2.389298668976131,2.4559940666209474,2.3810700160199523
CHEMBL236_Ki,random,89165191,knn_weighted,519,21,57,0.882466281310212,0.6666666666666666,0.891566265060241,22.489959839357432,0.8070175438596491,0.8917748917748918,8.47573479152427,2.2817754761631757,2.466382711767096,2.2589992587834713
CHEMBL236_Ki,random,89165191,adaptive,519,21,57,0.8863198458574181,0.8095238095238095,0.8895582329317269,8.003442340791732,0.8596491228070176,0.8896103896103896,2.9961266803372077,2.7005789906602855,3.313391265290527,2.6249722814526595
CHEMBL236_Ki,random,89165191,weighted_shift,519,21,57,0.8959537572254336,0.8571428571428571,0.8975903614457831,4.0447504302925985,0.8596491228070176,0.9004329004329005,4.078377762588293,2.34397363839757,2.343973638397569,2.3439736383975704
CHEMBL236_Ki,random,89165191,cqr,519,21,57,0.8940269749518305,0.8571428571428571,0.8955823293172691,3.8439472174412015,0.8596491228070176,0.8982683982683982,3.8619275461380664,2.5329946405650547,2.93826969845504,2.482993172383823
CHEMBL236_Ki,scaffold,34332121,global,519,14,49,0.9036608863198459,0.8571428571428571,0.904950495049505,4.780763790664788,0.8571428571428571,0.9085106382978724,5.136778115501528,2.5956378618097076,2.595637861809708,2.595637861809708
CHEMBL236_Ki,scaffold,34332121,mondrian_wstd,519,14,49,0.9036608863198459,0.8571428571428571,0.904950495049505,4.780763790664788,0.8571428571428571,0.9085106382978724,5.136778115501528,2.5956378618097076,2.595637861809708,2.595637861809708
CHEMBL236_Ki,scaffold,34332121,mondrian_rfstd,519,14,49,0.8747591522157996,0.7857142857142857,0.8772277227722772,9.151343705799153,0.8571428571428571,0.8765957446808511,1.9452887537994012,2.447755731814644,2.426379439344235,2.449984324008367
CHEMBL236_Ki,scaffold,34332121,cluster,519,14,49,0.8863198458574181,0.7857142857142857,0.8891089108910891,10.339462517680342,0.8775510204081632,0.8872340425531915,0.9683022145028253,2.8534258924219125,3.4277394385818853,2.793550650375447
CHEMBL236_Ki,scaffold,34332121,knn_weighted,519,14,49,0.8959537572254336,0.9285714285714286,0.8950495049504951,-3.3521923620933536,0.8979591836734694,0.8957446808510638,-0.22145028224055396,2.609463095929171,2.8123314700155593,2.5883129888435694
CHEMBL236_Ki,scaffold,34332121,adaptive,519,14,49,0.8901734104046243,0.8571428571428571,0.8910891089108911,3.394625176803401,0.9183673469387755,0.8872340425531915,-3.1133304385584037,3.0522064466041026,3.3919372517338147,3.0167877030905794
CHEMBL236_Ki,scaffold,34332121,weighted_shift,519,14,49,0.8901734104046243,0.8571428571428571,0.8910891089108911,3.394625176803401,0.8571428571428571,0.8936170212765957,3.6474164133738607,2.4449403308475923,2.444940330847592,2.4449403308475923
CHEMBL236_Ki,scaffold,34332121,cqr,519,14,49,0.8651252408477842,1.0,0.8613861386138614,-13.861386138613863,0.8979591836734694,0.8617021276595744,-3.625705601389495,2.6006367910165737,2.6668783275134897,2.593730758488172
CHEMBL236_Ki,scaffold,57652534,global,519,18,40,0.9190751445086706,0.6666666666666666,0.9281437125748503,26.147704590818364,0.75,0.9331941544885177,18.31941544885177,2.593633188775634,2.593633188775634,2.593633188775634
CHEMBL236_Ki,scaffold,57652534,mondrian_wstd,519,18,40,0.9190751445086706,0.6666666666666666,0.9281437125748503,26.147704590818364,0.75,0.9331941544885177,18.31941544885177,2.593633188775634,2.593633188775634,2.593633188775634
CHEMBL236_Ki,scaffold,57652534,mondrian_rfstd,519,18,40,0.8998073217726397,0.6666666666666666,0.908183632734531,24.151696606786434,0.75,0.9123173277661796,16.231732776617957,2.542694421764508,2.9401894395767956,2.5095006833250686
CHEMBL236_Ki,scaffold,57652534,cluster,519,18,40,0.8921001926782274,0.7222222222222222,0.8982035928143712,17.598137059214903,0.8,0.8997912317327766,9.97912317327766,2.6818498006744194,3.5836010338053415,2.606546983711503
CHEMBL236_Ki,scaffold,57652534,knn_weighted,519,18,40,0.8766859344894027,0.7222222222222222,0.8822355289421158,16.001330671989354,0.8,0.8830897703549061,8.308977035490607,2.490609499967249,3.605068261320915,2.39754405016736
CHEMBL236_Ki,scaffold,57652534,adaptive,519,18,40,0.9460500963391136,0.9444444444444444,0.9461077844311377,0.1663339986693324,0.95,0.9457202505219207,-0.4279749478079298,4.16176953331518,5.672781106482753,4.035589026161311
CHEMBL236_Ki,scaffold,57652534,weighted_shift,519,18,40,0.882466281310212,0.6666666666666666,0.8902195608782435,22.355289421157686,0.75,0.8935281837160751,14.352818371607512,2.308396469673754,2.3083964696737542,2.3083964696737542
CHEMBL236_Ki,scaffold,57652534,cqr,519,18,40,0.8516377649325626,0.8333333333333334,0.8522954091816367,1.896207584830334,0.85,0.8517745302713987,0.17745302713987332,2.426331258483407,2.80725629699415,2.3945212343906515
CHEMBL236_Ki,scaffold,65555877,global,519,18,48,0.8631984585741811,0.7777777777777778,0.8662674650698603,8.84896872920825,0.7916666666666666,0.8704883227176221,7.8821656050955475,2.431242071404778,2.431242071404778,2.4312420714047778
CHEMBL236_Ki,scaffold,65555877,mondrian_wstd,519,18,48,0.8631984585741811,0.7777777777777778,0.8662674650698603,8.84896872920825,0.7916666666666666,0.8704883227176221,7.8821656050955475,2.431242071404778,2.431242071404778,2.4312420714047778
CHEMBL236_Ki,scaffold,65555877,mondrian_rfstd,519,18,48,0.8978805394990366,0.7222222222222222,0.9041916167664671,18.196939454424488,0.7708333333333334,0.910828025477707,13.999469214437365,2.572938192403205,2.6627732269236497,2.56378302964953
CHEMBL236_Ki,scaffold,65555877,cluster,519,18,48,0.859344894026975,0.7222222222222222,0.8642714570858283,14.20492348636061,0.7291666666666666,0.8726114649681529,14.344479830148627,2.4785272300986607,2.5525897961052393,2.4709794526712385
CHEMBL236_Ki,scaffold,65555877,knn_weighted,519,18,48,0.8709055876685935,0.7222222222222222,0.8762475049900199,15.402528276779769,0.75,0.8832271762208068,13.322717622080681,2.530155791723152,2.6460984137772336,2.518339983106176
CHEMBL236_Ki,scaffold,65555877,adaptive,519,18,48,0.8940269749518305,0.7222222222222222,0.9001996007984032,17.797737857618102,0.8125,0.9023354564755839,8.983545647558389,3.4092942710792458,4.343502305077522,3.314088356786428
CHEMBL236_Ki,scaffold,65555877,weighted_shift,519,18,48,0.8516377649325626,0.6666666666666666,0.8582834331337326,19.161676646706592,0.7291666666666666,0.8641188959660298,13.495222929936313,2.319644383889448,2.3196443838894485,2.319644383889448
CHEMBL236_Ki,scaffold,65555877,cqr,519,18,48,0.8805394990366089,0.7777777777777778,0.8842315369261478,10.645375914836997,0.8541666666666666,0.8832271762208068,2.906050955414019,2.6265314669977227,3.0212912246041412,2.5863011732289154
CHEMBL236_Ki,scaffold,80882938,global,519,20,57,0.8362235067437379,0.45,0.8517034068136272,40.170340681362724,0.6842105263157895,0.854978354978355,17.076782866256547,2.2228231763196153,2.222823176319615,2.222823176319615
CHEMBL236_Ki,scaffold,80882938,mondrian_wstd,519,20,57,0.8362235067437379,0.45,0.8517034068136272,40.170340681362724,0.6842105263157895,0.854978354978355,17.076782866256547,2.2228231763196153,2.222823176319615,2.222823176319615
CHEMBL236_Ki,scaffold,80882938,mondrian_rfstd,519,20,57,0.8400770712909441,0.35,0.8597194388777555,50.97194388777555,0.6140350877192983,0.8679653679653679,25.393028024606966,2.21218823956539,2.1653584645477966,2.2179659390805475
CHEMBL236_Ki,scaffold,80882938,cluster,519,20,57,0.8497109826589595,0.55,0.8617234468937875,31.17234468937875,0.7368421052631579,0.8636363636363636,12.67942583732058,2.3532240836733287,2.3788162535209176,2.3500666081726522
CHEMBL236_Ki,scaffold,80882938,knn_weighted,519,20,57,0.8400770712909441,0.5,0.8537074148296593,35.370741482965926,0.7017543859649122,0.8571428571428571,15.538847117794486,2.2754206876890417,2.2414385293705092,2.279613291637432
CHEMBL236_Ki,scaffold,80882938,adaptive,519,20,57,0.859344894026975,0.65,0.8677354709418837,21.773547094188373,0.7192982456140351,0.8766233766233766,15.732513100934153,3.2334121607957704,3.673502131470712,3.179115346231979
CHEMBL236_Ki,scaffold,80882938,weighted_shift,519,20,57,0.8709055876685935,0.55,0.8837675350701403,33.37675350701402,0.7368421052631579,0.8874458874458875,15.060378218272962,2.5848920688269885,2.584892068826989,2.584892068826989
CHEMBL236_Ki,scaffold,80882938,cqr,519,20,57,0.8728323699421965,0.8,0.875751503006012,7.575150300601196,0.8245614035087719,0.8787878787878788,5.4226475279106845,2.663023235762781,2.718842183957686,2.6561364824140594
CHEMBL236_Ki,scaffold,62569839,global,519,8,20,0.8882466281310212,0.75,0.8904109589041096,14.04109589041096,0.9,0.8877755511022044,-1.2224448897795614,2.553609700350188,2.553609700350188,2.553609700350188
CHEMBL236_Ki,scaffold,62569839,mondrian_wstd,519,8,20,0.8882466281310212,0.75,0.8904109589041096,14.04109589041096,0.9,0.8877755511022044,-1.2224448897795614,2.553609700350188,2.553609700350188,2.553609700350188
CHEMBL236_Ki,scaffold,62569839,mondrian_rfstd,519,8,20,0.8978805394990366,0.5,0.9041095890410958,40.410958904109584,0.8,0.9018036072144289,10.180360721442883,2.4581701027158274,2.2756304412662467,2.465486321611603
CHEMBL236_Ki,scaffold,62569839,cluster,519,8,20,0.8959537572254336,0.75,0.898238747553816,14.823874755381606,0.9,0.8957915831663327,-0.420841683366735,2.5777137255852614,2.4828309532964354,2.5815166423102642
CHEMBL236_Ki,scaffold,62569839,knn_weighted,519,8,20,0.884393063583815,0.75,0.8864970645792564,13.649706457925637,0.9,0.8837675350701403,-1.6232464929859747,2.51341500392748,2.4816613709876885,2.5146876946264696
CHEMBL236_Ki,scaffold,62569839,adaptive,519,8,20,0.9113680154142582,0.875,0.9119373776908023,3.6937377690802298,0.8,0.9158316633266533,11.583166332665328,3.53581257150052,3.020950302053966,3.5564483338029875
CHEMBL236_Ki,scaffold,62569839,weighted_shift,519,8,20,0.8901734104046243,0.75,0.8923679060665362,14.236790606653615,0.9,0.8897795591182365,-1.0220440881763548,2.570641069373876,2.570641069373876,2.5706410693738766
CHEMBL236_Ki,scaffold,62569839,cqr,519,8,20,0.8940269749518305,0.875,0.8943248532289628,1.9324853228962824,0.9,0.8937875751503006,-0.6212424849699416,2.6569637790889047,2.675381764967888,2.656225583262092
CHEMBL237_EC50,random,71339737,global,191,9,21,0.9109947643979057,0.8888888888888888,0.9120879120879121,2.3199023199023228,0.8571428571428571,0.9176470588235294,6.050420168067228,2.965236592112484,2.9652365921124835,2.965236592112484
CHEMBL237_EC50,random,71339737,mondrian_wstd,191,9,21,0.9109947643979057,0.8888888888888888,0.9120879120879121,2.3199023199023228,0.8571428571428571,0.9176470588235294,6.050420168067228,2.965236592112484,2.9652365921124835,2.965236592112484
CHEMBL237_EC50,random,71339737,mondrian_rfstd,191,9,21,0.9528795811518325,0.7777777777777778,0.9615384615384616,18.37606837606838,0.9047619047619048,0.9588235294117647,5.406162464985997,3.3495941561268814,3.2931501221049175,3.3565666544472417
CHEMBL237_EC50,random,71339737,cluster,191,9,21,0.9319371727748691,0.8888888888888888,0.9340659340659341,4.517704517704524,0.8571428571428571,0.9411764705882353,8.403361344537819,3.213277780439774,3.075018175947416,3.230356908053536
CHEMBL237_EC50,random,71339737,knn_weighted,191,9,21,0.9162303664921466,0.8888888888888888,0.9175824175824175,2.8693528693528703,0.8571428571428571,0.9235294117647059,6.638655462184884,2.9492271347306733,2.8696948430196736,2.9590517119420316
CHEMBL237_EC50,random,71339737,adaptive,191,9,21,0.9319371727748691,1.0,0.9285714285714286,-7.14285714285714,1.0,0.9235294117647059,-7.647058823529407,3.9324111268442494,4.682977816723541,3.839694065153277
CHEMBL237_EC50,random,71339737,weighted_shift,191,9,21,0.8848167539267016,0.7777777777777778,0.8901098901098901,11.233211233211227,0.8095238095238095,0.8941176470588236,8.459383753501404,2.8096594349639434,2.8096594349639448,2.809659434963944
CHEMBL237_EC50,random,71339737,cqr,191,9,21,0.9528795811518325,1.0,0.9505494505494505,-4.94505494505495,0.9523809523809523,0.9529411764705882,0.056022408963585235,3.6250513741104915,3.9822909814183314,3.5809217755606984
CHEMBL237_EC50,random,99182118,global,191,15,25,0.8743455497382199,0.8666666666666667,0.875,0.8333333333333304,0.88,0.8734939759036144,-0.6506024096385565,2.8459063517127476,2.845906351712747,2.8459063517127476
CHEMBL237_EC50,random,99182118,mondrian_wstd,191,15,25,0.8743455497382199,0.8666666666666667,0.875,0.8333333333333304,0.88,0.8734939759036144,-0.6506024096385565,2.8459063517127476,2.845906351712747,2.8459063517127476
CHEMBL237_EC50,random,99182118,mondrian_rfstd,191,15,25,0.900523560209424,0.9333333333333333,0.8977272727272727,-3.560606060606064,0.92,0.8975903614457831,-2.240963855421696,3.082754977712877,3.0725051122383134,3.0842986321518175
CHEMBL237_EC50,random,99182118,cluster,191,15,25,0.8952879581151832,0.8666666666666667,0.8977272727272727,3.106060606060601,0.84,0.9036144578313253,6.3614457831325355,3.0093463281559742,2.8409971484300285,3.034700120283376
CHEMBL237_EC50,random,99182118,knn_weighted,191,15,25,0.8743455497382199,0.8,0.8806818181818182,8.068181818181818,0.8,0.8855421686746988,8.554216867469878,2.817825476688252,2.6870007523583053,2.8375279954126413
CHEMBL237_EC50,random,99182118,adaptive,191,15,25,0.8429319371727748,0.6666666666666666,0.8579545454545454,19.12878787878788,0.64,0.8734939759036144,23.34939759036144,3.0524089385909603,2.685024477791747,3.1077379236510816
CHEMBL237_EC50,random,99182118,weighted_shift,191,15,25,0.8691099476439791,0.8666666666666667,0.8693181818181818,0.26515151515150714,0.84,0.8734939759036144,3.349397590361447,2.729082918882535,2.7290829188825363,2.7290829188825363
CHEMBL237_EC50,random,99182118,cqr,191,15,25,0.8900523560209425,1.0,0.8806818181818182,-11.931818181818176,0.88,0.891566265060241,1.1566265060240943,3.0986302927988527,3.2801661663039745,3.071290552813141
CHEMBL237_EC50,random,89709943,global,191,13,22,0.8848167539267016,0.5384615384615384,0.9101123595505618,37.16508210890234,0.6363636363636364,0.9171597633136095,28.079612694997312,2.708849751119993,2.708849751119993,2.708849751119993
CHEMBL237_EC50,random,89709943,mondrian_wstd,191,13,22,0.8848167539267016,0.5384615384615384,0.9101123595505618,37.16508210890234,0.6363636363636364,0.9171597633136095,28.079612694997312,2.708849751119993,2.708849751119993,2.708849751119993
CHEMBL237_EC50,random,89709943,mondrian_rfstd,191,13,22,0.900523560209424,0.46153846153846156,0.9325842696629213,47.104580812445974,0.6363636363636364,0.9349112426035503,29.854760623991396,2.869629540890551,2.751888666980425,2.8849567552457147
CHEMBL237_EC50,random,89709943,cluster,191,13,22,0.9109947643979057,0.6153846153846154,0.9325842696629213,31.719965427830587,0.7272727272727273,0.9349112426035503,20.7638515330823,2.8679695573150954,2.8711441967340217,2.8675562906451764
CHEMBL237_EC50,random,89709943,knn_weighted,191,13,22,0.8586387434554974,0.5384615384615384,0.8820224719101124,34.3560933448574,0.6363636363636364,0.8875739644970414,25.121032813340506,2.6370127472765255,2.8408847845656164,2.610473192126466
CHEMBL237_EC50,random,89709943,adaptive,191,13,22,0.93717277486911,0.7692307692307693,0.949438202247191,18.020743301642174,0.7727272727272727,0.9585798816568047,18.585260892953205,3.753984054195003,3.8407581008412492,3.742688024454072
CHEMBL237_EC50,random,89709943,weighted_shift,191,13,22,0.900523560209424,0.5384615384615384,0.9269662921348315,38.85047536732931,0.6363636363636364,0.9349112426035503,29.854760623991396,2.757264787370409,2.75726478737041,2.75726478737041
CHEMBL237_EC50,random,89709943,cqr,191,13,22,0.900523560209424,0.8461538461538461,0.9044943820224719,5.834053586862575,0.8181818181818182,0.9112426035502958,9.306078536847762,3.003208109722595,3.2808286712572436,2.9670681549666047
CHEMBL237_EC50,random,86921808,global,191,11,19,0.9633507853403142,0.9090909090909091,0.9666666666666667,5.757575757575761,0.9473684210526315,0.9651162790697675,1.7747858017135965,3.1080929391219305,3.10809293912193,3.1080929391219305
CHEMBL237_EC50,random,86921808,mondrian_wstd,191,11,19,0.9633507853403142,0.9090909090909091,0.9666666666666667,5.757575757575761,0.9473684210526315,0.9651162790697675,1.7747858017135965,3.1080929391219305,3.10809293912193,3.1080929391219305
CHEMBL237_EC50,random,86921808,mondrian_rfstd,191,11,19,0.9424083769633508,0.7272727272727273,0.9555555555555556,22.82828282828283,0.8421052631578947,0.9534883720930233,11.138310893512859,3.0940271856343493,2.880347553050651,3.1176313310941763
CHEMBL237_EC50,random,86921808,cluster,191,11,19,0.9738219895287958,0.9090909090909091,0.9777777777777777,6.8686868686868685,0.9473684210526315,0.9767441860465116,2.937576499388006,3.263161151471062,3.272181740001066,3.2621646911101894
CHEMBL237_EC50,random,86921808,knn_weighted,191,11,19,0.9476439790575916,0.8181818181818182,0.9555555555555556,13.737373737373737,0.8947368421052632,0.9534883720930233,5.875152998776012,3.0020346409489633,3.162181286548177,2.984344023121143
CHEMBL237_EC50,random,86921808,adaptive,191,11,19,0.9109947643979057,0.8181818181818182,0.9166666666666666,9.84848484848484,0.8947368421052632,0.9127906976744186,1.8053855569155397,3.5688615075025676,3.9519858960689125,3.5265396273702385
CHEMBL237_EC50,random,86921808,weighted_shift,191,11,19,0.9633507853403142,0.9090909090909091,0.9666666666666667,5.757575757575761,0.9473684210526315,0.9651162790697675,1.7747858017135965,3.0954990831407887,3.0954990831407883,3.0954990831407887
CHEMBL237_EC50,random,86921808,cqr,191,11,19,0.93717277486911,0.7272727272727273,0.95,22.272727272727266,0.7894736842105263,0.9534883720930233,16.401468788249694,3.1569922125322685,3.2043208358553614,3.1517640506535547
CHEMBL237_EC50,random,89165191,global,191,14,27,0.8481675392670157,0.7142857142857143,0.8587570621468926,14.447134786117832,0.8148148148148148,0.8536585365853658,3.8843721770551065,2.70643836870267,2.7064383687026696,2.7064383687026705
CHEMBL237_EC50,random,89165191,mondrian_wstd,191,14,27,0.8481675392670157,0.7142857142857143,0.8587570621468926,14.447134786117832,0.8148148148148148,0.8536585365853658,3.8843721770551065,2.70643836870267,2.7064383687026696,2.7064383687026705
CHEMBL237_EC50,random,89165191,mondrian_rfstd,191,14,27,0.900523560209424,0.8571428571428571,0.903954802259887,4.681194511702991,0.8518518518518519,0.9085365853658537,5.668473351400182,2.994546010974675,2.929612147274644,3.005236342193583
CHEMBL237_EC50,random,89165191,cluster,191,14,27,0.8586387434554974,0.6428571428571429,0.8757062146892656,23.284907183212265,0.7777777777777778,0.8719512195121951,9.417344173441734,2.8890569743231556,2.980271747679929,2.8740399079778336
CHEMBL237_EC50,random,89165191,knn_weighted,191,14,27,0.8534031413612565,0.6428571428571429,0.8700564971751412,22.719935431799833,0.7777777777777778,0.8658536585365854,8.807588075880757,2.7468166848848212,2.816739890131214,2.735304937679623
CHEMBL237_EC50,random,89165191,adaptive,191,14,27,0.9057591623036649,0.7857142857142857,0.9152542372881356,12.95399515738499,0.8518518518518519,0.9146341463414634,6.278229448961159,3.295638724757303,3.414584032017305,3.276056265635229
CHEMBL237_EC50,random,89165191,weighted_shift,191,14,27,0.8324607329842932,0.6428571428571429,0.847457627118644,20.460048426150113,0.7777777777777778,0.8414634146341463,6.368563685636852,2.6410767147270815,2.6410767147270806,2.6410767147270815
CHEMBL237_EC50,random,89165191,cqr,191,14,27,0.9109947643979057,0.7857142857142857,0.9209039548022598,13.518966908797413,0.8888888888888888,0.9146341463414634,2.574525745257461,3.1015027092965592,3.422216818125444,3.048702215769852
CHEMBL237_EC50,scaffold,34332121,global,191,2,37,0.8481675392670157,1.0,0.8465608465608465,-15.343915343915349,0.8378378378378378,0.8506493506493507,1.2811512811512826,3.044053645386157,3.044053645386157,3.044053645386157
CHEMBL237_EC50,scaffold,34332121,mondrian_wstd,191,2,37,0.8481675392670157,1.0,0.8465608465608465,-15.343915343915349,0.8378378378378378,0.8506493506493507,1.2811512811512826,3.044053645386157,3.044053645386157,3.044053645386157
CHEMBL237_EC50,scaffold,34332121,mondrian_rfstd,191,2,37,0.8691099476439791,0.5,0.873015873015873,37.301587301587304,0.8108108108108109,0.8831168831168831,7.230607230607222,3.214735201593373,3.201987205669237,3.2177980317829373
CHEMBL237_EC50,scaffold,34332121,cluster,191,2,37,0.8481675392670157,1.0,0.8465608465608465,-15.343915343915349,0.8378378378378378,0.8506493506493507,1.2811512811512826,3.183000477700536,3.2394234824555337,3.1694443012334257
CHEMBL237_EC50,scaffold,34332121,knn_weighted,191,2,37,0.8219895287958116,1.0,0.8201058201058201,-17.989417989417987,0.8378378378378378,0.8181818181818182,-1.9656019656019597,2.991063536788568,3.003734938597914,2.988019109081127
CHEMBL237_EC50,scaffold,34332121,adaptive,191,2,37,0.806282722513089,0.5,0.8095238095238095,30.952380952380953,0.6756756756756757,0.8376623376623377,16.1986661986662,3.197417792700474,2.864000617438614,3.2775245166270253
CHEMBL237_EC50,scaffold,34332121,weighted_shift,191,2,37,0.675392670157068,0.5,0.6772486772486772,17.72486772486772,0.5405405405405406,0.7077922077922078,16.72516672516672,2.1129073651893173,2.1129073651893164,2.1129073651893173
CHEMBL237_EC50,scaffold,34332121,cqr,191,2,37,0.8586387434554974,0.5,0.8624338624338624,36.24338624338625,0.7567567567567568,0.8831168831168831,12.636012636012628,3.059478416301646,3.0814218271300247,3.0542062981156066
CHEMBL237_EC50,scaffold,57652534,global,191,3,21,0.8481675392670157,1.0,0.8457446808510638,-15.42553191489362,0.8571428571428571,0.8470588235294118,-1.0084033613445342,3.0077207187657815,3.007720718765782,3.007720718765782
CHEMBL237_EC50,scaffold,57652534,mondrian_wstd,191,3,21,0.8481675392670157,1.0,0.8457446808510638,-15.42553191489362,0.8571428571428571,0.8470588235294118,-1.0084033613445342,3.0077207187657815,3.007720718765782,3.007720718765782
CHEMBL237_EC50,scaffold,57652534,mondrian_rfstd,191,3,21,0.8586387434554974,1.0,0.8563829787234043,-14.36170212765957,0.9523809523809523,0.8470588235294118,-10.532212885154058,3.121732756703238,3.1752337287469965,3.115123813097834
CHEMBL237_EC50,scaffold,57652534,cluster,191,3,21,0.8010471204188482,1.0,0.7978723404255319,-20.21276595744681,0.8571428571428571,0.7941176470588235,-6.302521008403361,2.807822611729757,2.631911406838584,2.8295528193927844
CHEMBL237_EC50,scaffold,57652534,knn_weighted,191,3,21,0.806282722513089,1.0,0.8031914893617021,-19.680851063829785,0.8571428571428571,0.8,-5.714285714285705,2.784874172342246,2.6152387027187283,2.805829142119268
CHEMBL237_EC50,scaffold,57652534,adaptive,191,3,21,0.8743455497382199,1.0,0.8723404255319149,-12.765957446808507,0.8095238095238095,0.8823529411764706,7.282913165266103,4.301831330110054,3.792115799228734,4.3647961898071586
CHEMBL237_EC50,scaffold,57652534,weighted_shift,191,3,21,0.8848167539267016,1.0,0.8829787234042553,-11.702127659574469,0.8571428571428571,0.888235294117647,3.1092436974789917,3.165189058105137,3.165189058105139,3.1651890581051383
CHEMBL237_EC50,scaffold,57652534,cqr,191,3,21,0.8586387434554974,1.0,0.8563829787234043,-14.36170212765957,0.8571428571428571,0.8588235294117647,0.1680672268907557,3.1366634475088917,3.081046053341643,3.1435338314942567
CHEMBL237_EC50,scaffold,65555877,global,191,3,11,0.9790575916230366,1.0,0.9787234042553191,-2.127659574468088,1.0,0.9777777777777777,-2.2222222222222254,4.057411258623326,4.0574112586233255,4.057411258623326
CHEMBL237_EC50,scaffold,65555877,mondrian_wstd,191,3,11,0.9790575916230366,1.0,0.9787234042553191,-2.127659574468088,1.0,0.9777777777777777,-2.2222222222222254,4.057411258623326,4.0574112586233255,4.057411258623326
CHEMBL237_EC50,scaffold,65555877,mondrian_rfstd,191,3,11,0.9895287958115183,1.0,0.9893617021276596,-1.0638297872340385,1.0,0.9888888888888889,-1.1111111111111072,4.440810882322604,4.346731331130358,4.446560188228798
CHEMBL237_EC50,scaffold,65555877,cluster,191,3,11,0.9790575916230366,1.0,0.9787234042553191,-2.127659574468088,1.0,0.9777777777777777,-2.2222222222222254,4.057411258623326,4.0574112586233255,4.057411258623326
CHEMBL237_EC50,scaffold,65555877,knn_weighted,191,3,11,0.9685863874345549,1.0,0.9680851063829787,-3.1914893617021267,1.0,0.9666666666666667,-3.3333333333333326,3.8882410026439693,3.831108735796182,3.8917324189513334
CHEMBL237_EC50,scaffold,65555877,adaptive,191,3,11,0.9476439790575916,0.6666666666666666,0.9521276595744681,28.54609929078015,0.9090909090909091,0.95,4.09090909090909,4.875917266809757,5.387991934413171,4.844623814900659
CHEMBL237_EC50,scaffold,65555877,weighted_shift,191,3,11,0.9738219895287958,1.0,0.973404255319149,-2.659574468085102,1.0,0.9722222222222222,-2.777777777777779,3.9323158424568763,3.932315842456876,3.932315842456876
CHEMBL237_EC50,scaffold,65555877,cqr,191,3,11,0.9581151832460733,1.0,0.9574468085106383,-4.255319148936165,1.0,0.9555555555555556,-4.444444444444439,3.8513915648541888,3.9038354007195126,3.848186663773531
CHEMBL237_EC50,scaffold,80882938,global,191,5,33,0.8219895287958116,0.8,0.8225806451612904,2.2580645161290325,0.6363636363636364,0.8607594936708861,22.439585730724975,3.1204228771133056,3.120422877113306,3.1204228771133056
CHEMBL237_EC50,scaffold,80882938,mondrian_wstd,191,5,33,0.8219895287958116,0.8,0.8225806451612904,2.2580645161290325,0.6363636363636364,0.8607594936708861,22.439585730724975,3.1204228771133056,3.120422877113306,3.1204228771133056
CHEMBL237_EC50,scaffold,80882938,mondrian_rfstd,191,5,33,0.8534031413612565,0.8,0.8548387096774194,5.483870967741932,0.6363636363636364,0.8987341772151899,26.237054085155354,3.234988888129809,3.074977180730293,3.2684090548651503
CHEMBL237_EC50,scaffold,80882938,cluster,191,5,33,0.8272251308900523,0.8,0.8279569892473119,2.7956989247311825,0.6363636363636364,0.8670886075949367,23.07249712313003,3.236595917624549,3.1419423972022056,3.2563653237887094
CHEMBL237_EC50,scaffold,80882938,knn_weighted,191,5,33,0.8429319371727748,0.8,0.8440860215053764,4.408602150537632,0.6363636363636364,0.8860759493670886,24.97123130034522,3.263590657197158,3.144715893214525,3.2884189306872016
CHEMBL237_EC50,scaffold,80882938,adaptive,191,5,33,0.7905759162303665,1.0,0.7849462365591398,-21.505376344086024,0.5757575757575758,0.8354430379746836,25.968546221710774,3.7296656175555194,3.0943055586298653,3.862367402014675
CHEMBL237_EC50,scaffold,80882938,weighted_shift,191,5,33,0.8010471204188482,0.8,0.8010752688172043,0.10752688172042113,0.6363636363636364,0.8354430379746836,19.90794016110472,3.0237479864788956,3.023747986478895,3.023747986478895
CHEMBL237_EC50,scaffold,80882938,cqr,191,5,33,0.8638743455497382,0.8,0.8655913978494624,6.5591397849462325,0.7878787878787878,0.879746835443038,9.186804756425015,3.3608259053767346,3.52422409198988,3.3266984360208243
CHEMBL237_EC50,scaffold,62569839,global,191,4,26,0.8952879581151832,1.0,0.893048128342246,-10.6951871657754,0.8846153846153846,0.896969696969697,1.2354312354312391,3.084214370516913,3.0842143705169134,3.0842143705169125
CHEMBL237_EC50,scaffold,62569839,mondrian_wstd,191,4,26,0.8952879581151832,1.0,0.893048128342246,-10.6951871657754,0.8846153846153846,0.896969696969697,1.2354312354312391,3.084214370516913,3.0842143705169134,3.0842143705169125
CHEMBL237_EC50,scaffold,62569839,mondrian_rfstd,191,4,26,0.9109947643979057,1.0,0.9090909090909091,-9.090909090909093,0.9230769230769231,0.9090909090909091,-1.3986013986014068,3.336590371019982,3.2231304591986447,3.354468902579707
CHEMBL237_EC50,scaffold,62569839,cluster,191,4,26,0.8167539267015707,1.0,0.8128342245989305,-18.71657754010695,0.8076923076923077,0.8181818181818182,1.0489510489510523,2.6281648598343907,2.7589291531669864,2.6075595772486486
CHEMBL237_EC50,scaffold,62569839,knn_weighted,191,4,26,0.8638743455497382,1.0,0.8609625668449198,-13.903743315508022,0.8461538461538461,0.8666666666666667,2.051282051282055,2.917921133173617,2.8315788900331764,2.931526577547262
CHEMBL237_EC50,scaffold,62569839,adaptive,191,4,26,0.8586387434554974,0.75,0.8609625668449198,11.096256684491978,0.7692307692307693,0.8727272727272727,10.349650349650341,3.7178607477604286,3.605527822836121,3.735561693506077
CHEMBL237_EC50,scaffold,62569839,weighted_shift,191,4,26,0.7643979057591623,0.75,0.7647058823529411,1.4705882352941124,0.7692307692307693,0.7636363636363637,-0.5594405594405605,2.427750945617193,2.427750945617193,2.4277509456171926
CHEMBL237_EC50,scaffold,62569839,cqr,191,4,26,0.8900523560209425,0.75,0.893048128342246,14.3048128342246,0.9230769230769231,0.8848484848484849,-3.8228438228438244,3.0981853317830392,3.518118474573492,3.032014048676664
CHEMBL237_Ki,random,71339737,global,520,23,51,0.8769230769230769,0.5217391304347826,0.8933601609657947,37.16210305310121,0.7058823529411765,0.8955223880597015,18.9640035118525,2.3515740972722767,2.3515740972722767,2.3515740972722767
CHEMBL237_Ki,random,71339737,mondrian_wstd,520,23,51,0.8769230769230769,0.5217391304347826,0.8933601609657947,37.16210305310121,0.7058823529411765,0.8955223880597015,18.9640035118525,2.3515740972722767,2.3515740972722767,2.3515740972722767
CHEMBL237_Ki,random,71339737,mondrian_rfstd,520,23,51,0.875,0.6521739130434783,0.8853118712273642,23.313795818388595,0.6666666666666666,0.8976545842217484,23.098791755508174,2.3472127579853996,2.3858840720993784,2.3430075617811075
CHEMBL237_Ki,random,71339737,cluster,520,23,51,0.8923076923076924,0.6956521739130435,0.9014084507042254,20.575627679118192,0.7843137254901961,0.9040511727078892,11.973744721769307,2.4478288444309566,2.7515964098508205,2.414796550536685
CHEMBL237_Ki,random,71339737,knn_weighted,520,23,51,0.8826923076923077,0.6521739130434783,0.8933601609657947,24.118624792231646,0.7647058823529411,0.8955223880597015,13.08165057067604,2.345503580821835,2.5496323830059584,2.3233062057442435
CHEMBL237_Ki,random,71339737,adaptive,520,23,51,0.8692307692307693,0.7391304347826086,0.8752515090543259,13.612107427171727,0.7254901960784313,0.8848614072494669,15.937121117103558,2.734793464483039,3.2485124381696657,2.678930633655708
CHEMBL237_Ki,random,71339737,weighted_shift,520,23,51,0.8711538461538462,0.5217391304347826,0.8873239436619719,36.558481322718926,0.7058823529411765,0.8891257995735607,18.324344663238424,2.282279088372414,2.282279088372414,2.282279088372414
CHEMBL237_Ki,random,71339737,cqr,520,23,51,0.8846153846153846,0.7391304347826086,0.8913480885311871,15.221765374857842,0.7647058823529411,0.8976545842217484,13.294870186880726,2.5235956616538835,2.7347352953015043,2.5006359147113915
CHEMBL237_Ki,random,99182118,global,520,20,53,0.9019230769230769,0.75,0.908,15.800000000000002,0.8490566037735849,0.9079229122055674,5.886630843198248,2.5384485539647157,2.538448553964716,2.5384485539647157
CHEMBL237_Ki,random,99182118,mondrian_wstd,520,20,53,0.9019230769230769,0.75,0.908,15.800000000000002,0.8490566037735849,0.9079229122055674,5.886630843198248,2.5384485539647157,2.538448553964716,2.5384485539647157
CHEMBL237_Ki,random,99182118,mondrian_rfstd,520,20,53,0.875,0.65,0.884,23.4,0.7735849056603774,0.8865096359743041,11.29247303139267,2.3060929199931217,2.3416937362485877,2.3020525703966763
CHEMBL237_Ki,random,99182118,cluster,520,20,53,0.9057692307692308,0.8,0.91,10.999999999999998,0.8490566037735849,0.9122055674518201,6.314896367823519,2.522573536199374,2.5423096584074005,2.5203336765055298
CHEMBL237_Ki,random,99182118,knn_weighted,520,20,53,0.8980769230769231,0.8,0.902,10.199999999999998,0.8679245283018868,0.9014989293361885,3.357440103430165,2.452863183736818,2.6038831210469713,2.4357238760763513
CHEMBL237_Ki,random,99182118,adaptive,520,20,53,0.8826923076923077,0.9,0.882,-1.8000000000000016,0.9433962264150944,0.8758029978586723,-6.7593228556422025,2.8091328778653213,3.103603943776575,2.7757132494000185
CHEMBL237_Ki,random,99182118,weighted_shift,520,20,53,0.9076923076923077,0.8,0.912,11.2,0.8679245283018868,0.9122055674518201,4.428103914993331,2.589106317012857,2.5891063170128583,2.5891063170128574
CHEMBL237_Ki,random,99182118,cqr,520,20,53,0.9038461538461539,0.8,0.908,10.799999999999999,0.8679245283018868,0.9079229122055674,3.99983839036806,2.5327466056649897,2.636882530059294,2.5209281816973275
CHEMBL237_Ki,random,89709943,global,520,25,68,0.8788461538461538,0.68,0.8888888888888888,20.88888888888888,0.8235294117647058,0.8871681415929203,6.36387298282145,2.313700148377407,2.3137001483774062,2.313700148377407
CHEMBL237_Ki,random,89709943,mondrian_wstd,520,25,68,0.8788461538461538,0.68,0.8888888888888888,20.88888888888888,0.8235294117647058,0.8871681415929203,6.36387298282145,2.313700148377407,2.3137001483774062,2.313700148377407
CHEMBL237_Ki,random,89709943,mondrian_rfstd,520,25,68,0.9076923076923077,0.72,0.9171717171717172,19.717171717171723,0.8529411764705882,0.915929203539823,6.298802706923478,2.4752800550510115,2.4714302759990776,2.4758592253508596
CHEMBL237_Ki,random,89709943,cluster,520,25,68,0.875,0.68,0.8848484848484849,20.484848484848484,0.8235294117647058,0.8827433628318584,5.921395106715255,2.3701803068063176,2.4166456342448477,2.36318994781114
CHEMBL237_Ki,random,89709943,knn_weighted,520,25,68,0.8692307692307693,0.72,0.8767676767676768,15.676767676767678,0.8382352941176471,0.8738938053097345,3.5658511192087405,2.283602663099043,2.403872685883268,2.2655089428571684
CHEMBL237_Ki,random,89709943,adaptive,520,25,68,0.9115384615384615,0.84,0.9151515151515152,7.515151515151519,0.8529411764705882,0.9203539823008849,6.741280583029674,3.0551921376365447,3.483844224845306,2.9907046554900942
CHEMBL237_Ki,random,89709943,weighted_shift,520,25,68,0.8788461538461538,0.68,0.8888888888888888,20.88888888888888,0.8235294117647058,0.8871681415929203,6.36387298282145,2.313700148377407,2.3137001483774062,2.313700148377407
CHEMBL237_Ki,random,89709943,cqr,520,25,68,0.8596153846153847,0.76,0.8646464646464647,10.464646464646465,0.8382352941176471,0.8628318584070797,2.4596564289432576,2.459160193454643,2.5975677139552045,2.438337823113851
CHEMBL237_Ki,random,86921808,global,520,17,53,0.9153846153846154,0.7647058823529411,0.9204771371769384,15.577125482399723,0.8490566037735849,0.9229122055674518,7.385560179386685,2.4727112650253504,2.4727112650253495,2.47271126502535
CHEMBL237_Ki,random,86921808,mondrian_wstd,520,17,53,0.9153846153846154,0.7647058823529411,0.9204771371769384,15.577125482399723,0.8490566037735849,0.9229122055674518,7.385560179386685,2.4727112650253504,2.4727112650253495,2.47271126502535
CHEMBL237_Ki,random,86921808,mondrian_rfstd,520,17,53,0.9153846153846154,0.8235294117647058,0.9184890656063618,9.495965384165594,0.8490566037735849,0.9229122055674518,7.385560179386685,2.476386589962026,2.5301575904190448,2.470284099546133
CHEMBL237_Ki,random,86921808,cluster,520,17,53,0.926923076923077,0.8235294117647058,0.9304174950298211,10.688808326511523,0.8679245283018868,0.9336188436830836,6.569431538119675,2.5714036005819714,2.6395828979538756,2.5636659073042174
CHEMBL237_Ki,random,86921808,knn_weighted,520,17,53,0.9192307692307692,0.7647058823529411,0.9244532803180915,15.974739796515037,0.8490566037735849,0.9271948608137045,7.813825704011956,2.4684845096598735,2.4846120858984895,2.4666541851617017
CHEMBL237_Ki,random,86921808,adaptive,520,17,53,0.8884615384615384,0.8823529411764706,0.8886679920477137,0.6315050871243177,0.8490566037735849,0.892933618843683,4.387701507009812,2.871861302142637,3.3831352542180158,2.813836635204746
CHEMBL237_Ki,random,86921808,weighted_shift,520,17,53,0.9153846153846154,0.7647058823529411,0.9204771371769384,15.577125482399723,0.8490566037735849,0.9229122055674518,7.385560179386685,2.4580898139841985,2.458089813984199,2.4580898139841985
CHEMBL237_Ki,random,86921808,cqr,520,17,53,0.9153846153846154,1.0,0.9125248508946322,-8.747514910536779,0.9245283018867925,0.9143468950749465,-1.0181406811845983,2.5675864055814093,2.9361354818916516,2.525759636749626
CHEMBL237_Ki,random,89165191,global,520,14,41,0.8942307692307693,0.7142857142857143,0.8992094861660079,18.492377188029362,0.7804878048780488,0.9039665970772442,12.347879219919545,2.4582686759665293,2.4582686759665293,2.4582686759665293
CHEMBL237_Ki,random,89165191,mondrian_wstd,520,14,41,0.8942307692307693,0.7142857142857143,0.8992094861660079,18.492377188029362,0.7804878048780488,0.9039665970772442,12.347879219919545,2.4582686759665293,2.4582686759665293,2.4582686759665293
CHEMBL237_Ki,random,89165191,mondrian_rfstd,520,14,41,0.8942307692307693,0.7142857142857143,0.8992094861660079,18.492377188029362,0.7317073170731707,0.9081419624217119,17.643464534854115,2.486212851919244,2.3736580961884797,2.495846975061126
CHEMBL237_Ki,random,89165191,cluster,520,14,41,0.8961538461538462,0.7857142857142857,0.8992094861660079,11.349520045172223,0.8048780487804879,0.9039665970772442,9.90885482967564,2.5354900460076237,2.4404269788339255,2.5436269682500487
CHEMBL237_Ki,random,89165191,knn_weighted,520,14,41,0.8903846153846153,0.7142857142857143,0.8952569169960475,18.09712027103332,0.8048780487804879,0.8977035490605428,9.282550028005499,2.29910463783984,2.2958017825617807,2.299387345702889
CHEMBL237_Ki,random,89165191,adaptive,520,14,41,0.9153846153846154,0.9285714285714286,0.9150197628458498,-1.3551665725578754,0.8536585365853658,0.9206680584551148,6.700952186974895,3.2235005284099767,3.424230741816368,3.2063190278887617
CHEMBL237_Ki,random,89165191,weighted_shift,520,14,41,0.8961538461538462,0.7142857142857143,0.9011857707509882,18.690005646527386,0.7804878048780488,0.906054279749478,12.556647487142925,2.4952239965212057,2.495223996521206,2.495223996521205
CHEMBL237_Ki,random,89165191,cqr,520,14,41,0.8980769230769231,0.7142857142857143,0.9031620553359684,18.88763410502541,0.7560975609756098,0.9102296450939458,15.413208411833601,2.6382660932395416,2.6812398517755547,2.6345877548262293
CHEMBL237_Ki,scaffold,34332121,global,520,4,36,0.9192307692307692,1.0,0.9186046511627907,-8.139534883720934,0.8888888888888888,0.9214876033057852,3.2598714416896324,2.6817271022765246,2.6817271022765237,2.681727102276524
CHEMBL237_Ki,scaffold,34332121,mondrian_wstd,520,4,36,0.9192307692307692,1.0,0.9186046511627907,-8.139534883720934,0.8888888888888888,0.9214876033057852,3.2598714416896324,2.6817271022765246,2.6817271022765237,2.681727102276524
CHEMBL237_Ki,scaffold,34332121,mondrian_rfstd,520,4,36,0.8923076923076924,0.75,0.8934108527131783,14.341085271317834,0.75,0.9028925619834711,15.289256198347111,2.601657251434703,2.250547876046044,2.6277728248107195
CHEMBL237_Ki,scaffold,34332121,cluster,520,4,36,0.9134615384615384,1.0,0.9127906976744186,-8.720930232558144,0.8333333333333334,0.9194214876033058,8.608815426997241,2.819019367293052,2.595263687295079,2.8356623517557114
CHEMBL237_Ki,scaffold,34332121,knn_weighted,520,4,36,0.8788461538461538,0.75,0.8798449612403101,12.984496124031008,0.8333333333333334,0.8822314049586777,4.8898071625344315,2.4539322998068593,2.57360717949058,2.445030862475012
CHEMBL237_Ki,scaffold,34332121,adaptive,520,4,36,0.8576923076923076,0.75,0.8585271317829457,10.852713178294572,0.7222222222222222,0.8677685950413223,14.55463728191001,2.999706096557472,2.7831560135009403,3.015813127528619
CHEMBL237_Ki,scaffold,34332121,weighted_shift,520,4,36,0.9192307692307692,1.0,0.9186046511627907,-8.139534883720934,0.8888888888888888,0.9214876033057852,3.2598714416896324,2.6817271022765246,2.6817271022765237,2.681727102276524
CHEMBL237_Ki,scaffold,34332121,cqr,520,4,36,0.8711538461538462,1.0,0.8701550387596899,-12.984496124031008,0.8611111111111112,0.871900826446281,1.0789715335169814,2.7959408679366704,2.7879089828225885,2.796538280879041
CHEMBL237_Ki,scaffold,57652534,global,520,3,24,0.9134615384615384,0.3333333333333333,0.9168278529980658,58.349451966473254,0.75,0.9213709677419355,17.13709677419355,2.570021150776803,2.570021150776803,2.5700211507768036
CHEMBL237_Ki,scaffold,57652534,mondrian_wstd,520,3,24,0.9134615384615384,0.3333333333333333,0.9168278529980658,58.349451966473254,0.75,0.9213709677419355,17.13709677419355,2.570021150776803,2.570021150776803,2.5700211507768036
CHEMBL237_Ki,scaffold,57652534,mondrian_rfstd,520,3,24,0.9230769230769231,0.0,0.9284332688588007,92.84332688588007,0.6666666666666666,0.9354838709677419,26.881720430107524,2.6762206167234943,2.5394581240039327,2.6828381566937956
CHEMBL237_Ki,scaffold,57652534,cluster,520,3,24,0.9288461538461539,0.3333333333333333,0.9323017408123792,59.89684074790458,0.8333333333333334,0.9334677419354839,10.01344086021505,2.8279058087396622,2.759706650280382,2.83120576801995
CHEMBL237_Ki,scaffold,57652534,knn_weighted,520,3,24,0.9076923076923077,0.3333333333333333,0.9110251450676983,57.7691811734365,0.7916666666666666,0.9133064516129032,12.163978494623661,2.5681592281603285,2.659956188359073,2.5637174397636158
CHEMBL237_Ki,scaffold,57652534,adaptive,520,3,24,0.9173076923076923,1.0,0.9168278529980658,-8.317214700193421,0.9166666666666666,0.9173387096774194,0.06720430107527431,3.3026570586629127,3.972567914998534,3.270242017227318
CHEMBL237_Ki,scaffold,57652534,weighted_shift,520,3,24,0.9153846153846154,0.3333333333333333,0.9187620889748549,58.54287556415216,0.75,0.9233870967741935,17.338709677419352,2.6063730092482302,2.6063730092482302,2.6063730092482302
CHEMBL237_Ki,scaffold,57652534,cqr,520,3,24,0.9096153846153846,0.0,0.9148936170212766,91.48936170212765,0.875,0.9112903225806451,3.629032258064513,2.8519804523538506,3.033845790536464,2.843180516635337
CHEMBL237_Ki,scaffold,65555877,global,520,15,39,0.9307692307692308,0.7333333333333333,0.9366336633663367,20.33003300330034,0.8461538461538461,0.9376299376299376,9.147609147609149,2.97653461437256,2.9765346143725586,2.9765346143725595
CHEMBL237_Ki,scaffold,65555877,mondrian_wstd,520,15,39,0.9307692307692308,0.7333333333333333,0.9366336633663367,20.33003300330034,0.8461538461538461,0.9376299376299376,9.147609147609149,2.97653461437256,2.9765346143725586,2.9765346143725595
CHEMBL237_Ki,scaffold,65555877,mondrian_rfstd,520,15,39,0.9365384615384615,0.7333333333333333,0.9425742574257425,20.924092409240924,0.8205128205128205,0.9459459459459459,12.543312543312545,2.9496015669705797,2.9187108050418655,2.9521062233431787
CHEMBL237_Ki,scaffold,65555877,cluster,520,15,39,0.9346153846153846,0.8,0.9386138613861386,13.861386138613852,0.8461538461538461,0.9417879417879418,9.563409563409564,2.962347979366835,2.9698060065674423,2.9617432744586774
CHEMBL237_Ki,scaffold,65555877,knn_weighted,520,15,39,0.926923076923077,0.8666666666666667,0.9287128712871288,6.204620462046206,0.8461538461538461,0.9334719334719335,8.731808731808732,2.9309149149137665,2.8334087577342393,2.9388208195499446
CHEMBL237_Ki,scaffold,65555877,adaptive,520,15,39,0.926923076923077,1.0,0.9247524752475248,-7.524752475247521,0.9487179487179487,0.9251559251559252,-2.3562023562023526,3.516853415159371,4.790503307873023,3.413584504939345
CHEMBL237_Ki,scaffold,65555877,weighted_shift,520,15,39,0.9288461538461539,0.7333333333333333,0.9346534653465347,20.13201320132014,0.8205128205128205,0.9376299376299376,11.711711711711715,2.9344384189179777,2.9344384189179777,2.9344384189179777
CHEMBL237_Ki,scaffold,65555877,cqr,520,15,39,0.9288461538461539,0.8666666666666667,0.9306930693069307,6.402640264026404,0.8717948717948718,0.9334719334719335,6.167706167706166,3.0937697874217696,3.38258782989104,3.070352108302639
CHEMBL237_Ki,scaffold,80882938,global,520,10,56,0.9153846153846154,0.9,0.9156862745098039,1.5686274509803866,0.875,0.9202586206896551,4.525862068965514,2.8108577213713835,2.810857721371382,2.810857721371383
CHEMBL237_Ki,scaffold,80882938,mondrian_wstd,520,10,56,0.9153846153846154,0.9,0.9156862745098039,1.5686274509803866,0.875,0.9202586206896551,4.525862068965514,2.8108577213713835,2.810857721371382,2.810857721371383
CHEMBL237_Ki,scaffold,80882938,mondrian_rfstd,520,10,56,0.926923076923077,0.9,0.9274509803921569,2.7450980392156876,0.9107142857142857,0.9288793103448276,1.8165024630541926,3.0238195911908905,2.997065479650559,3.0270485356871375
CHEMBL237_Ki,scaffold,80882938,cluster,520,10,56,0.926923076923077,0.9,0.9274509803921569,2.7450980392156876,0.9642857142857143,0.9224137931034483,-4.187192118226601,3.1775920719576534,3.6246854820036623,3.1236325224693418
CHEMBL237_Ki,scaffold,80882938,knn_weighted,520,10,56,0.9096153846153846,0.9,0.9098039215686274,0.9803921568627416,0.875,0.9137931034482759,3.879310344827591,2.7752244848301224,2.7764151621925994,2.775080782389824
CHEMBL237_Ki,scaffold,80882938,adaptive,520,10,56,0.9692307692307692,1.0,0.9686274509803922,-3.1372549019607843,0.9464285714285714,0.9719827586206896,2.5554187192118216,4.426924810532256,4.194331196848387,4.4549964535630675
CHEMBL237_Ki,scaffold,80882938,weighted_shift,520,10,56,0.9192307692307692,0.9,0.9196078431372549,1.9607843137254832,0.875,0.9245689655172413,4.956896551724133,2.8703298841518006,2.8703298841518006,2.8703298841518006
CHEMBL237_Ki,scaffold,80882938,cqr,520,10,56,0.9403846153846154,0.9,0.9411764705882353,4.117647058823525,0.8928571428571429,0.9461206896551724,5.326354679802947,3.042054428214052,3.0839530055657525,3.0369977033612603
CHEMBL237_Ki,scaffold,62569839,global,520,9,33,0.9173076923076923,0.6666666666666666,0.9217221135029354,25.50554468362688,0.8484848484848485,0.9219712525667351,7.348640408188656,2.9227703369558142,2.9227703369558142,2.9227703369558142
CHEMBL237_Ki,scaffold,62569839,mondrian_wstd,520,9,33,0.9173076923076923,0.6666666666666666,0.9217221135029354,25.50554468362688,0.8484848484848485,0.9219712525667351,7.348640408188656,2.9227703369558142,2.9227703369558142,2.9227703369558142
CHEMBL237_Ki,scaffold,62569839,mondrian_rfstd,520,9,33,0.9307692307692308,0.5555555555555556,0.9373776908023483,38.18221352467928,0.7575757575757576,0.9425051334702259,18.492937589446832,2.8978041307467888,2.8716177796691187,2.8995785652140635
CHEMBL237_Ki,scaffold,62569839,cluster,520,9,33,0.9115384615384615,0.7777777777777778,0.913894324853229,13.611654707545117,0.8787878787878788,0.9137577002053389,3.496982141746008,2.85001661368472,3.1553320800128755,2.829327885986919
CHEMBL237_Ki,scaffold,62569839,knn_weighted,520,9,33,0.9346153846153846,0.7777777777777778,0.9373776908023483,15.959991302457055,0.8484848484848485,0.9404517453798767,9.196689689502824,2.933178893068553,3.087069877017318,2.922750961918021
CHEMBL237_Ki,scaffold,62569839,adaptive,520,9,33,0.9038461538461539,0.5555555555555556,0.9099804305283757,35.442487497282016,0.696969696969697,0.917864476386037,22.089477941633994,3.269448045423109,3.1033514912984024,3.2807030480640025
CHEMBL237_Ki,scaffold,62569839,weighted_shift,520,9,33,0.8961538461538462,0.5555555555555556,0.9021526418786693,34.65970863231137,0.7272727272727273,0.9075975359342916,18.03248086615643,2.768664410985842,2.768664410985842,2.7686644109858416
CHEMBL237_Ki,scaffold,62569839,cqr,520,9,33,0.8923076923076924,0.7777777777777778,0.8943248532289628,11.654707545118503,0.8181818181818182,0.8973305954825462,7.9148777300728,2.8851350457850593,2.834597066694549,2.888559590569427
CHEMBL239_EC50,random,71339737,global,344,24,36,0.872093023255814,0.6666666666666666,0.8875,22.083333333333332,0.75,0.8863636363636364,13.636363636363635,2.203957865885586,2.2039578658855863,2.2039578658855863
CHEMBL239_EC50,random,71339737,mondrian_wstd,344,24,36,0.872093023255814,0.6666666666666666,0.8875,22.083333333333332,0.75,0.8863636363636364,13.636363636363635,2.203957865885586,2.2039578658855863,2.2039578658855863
CHEMBL239_EC50,random,71339737,mondrian_rfstd,344,24,36,0.8691860465116279,0.7083333333333334,0.88125,17.29166666666666,0.75,0.8831168831168831,13.311688311688307,2.193701306563747,2.2993660226220403,2.1813508852062844
CHEMBL239_EC50,random,71339737,cluster,344,24,36,0.8895348837209303,0.7083333333333334,0.903125,19.479166666666657,0.7777777777777778,0.9025974025974026,12.481962481962483,2.296143454704464,2.2330979205083965,2.303512413246862
CHEMBL239_EC50,random,71339737,knn_weighted,344,24,36,0.875,0.7083333333333334,0.8875,17.916666666666657,0.75,0.8896103896103896,13.961038961038962,2.209316480349638,2.2206399874479104,2.207992953545944
CHEMBL239_EC50,random,71339737,adaptive,344,24,36,0.8546511627906976,0.7916666666666666,0.859375,6.7708333333333375,0.7777777777777778,0.8636363636363636,8.585858585858585,2.6043021796503965,3.2063316711510286,2.5339350962282445
CHEMBL239_EC50,random,71339737,weighted_shift,344,24,36,0.875,0.6666666666666666,0.890625,22.395833333333336,0.75,0.8896103896103896,13.961038961038962,2.2321267556270428,2.2321267556270428,2.2321267556270428
CHEMBL239_EC50,random,71339737,cqr,344,24,36,0.8837209302325582,0.8333333333333334,0.8875,5.416666666666659,0.8611111111111112,0.8863636363636364,2.5252525252525193,2.436213207211915,2.8138732058236484,2.392071129452102
CHEMBL239_EC50,random,99182118,global,344,17,42,0.9069767441860465,0.7647058823529411,0.9143730886850153,14.96672063320742,0.8571428571428571,0.9139072847682119,5.676442762535483,2.517956660716665,2.5179566607166652,2.517956660716665
CHEMBL239_EC50,random,99182118,mondrian_wstd,344,17,42,0.9069767441860465,0.7647058823529411,0.9143730886850153,14.96672063320742,0.8571428571428571,0.9139072847682119,5.676442762535483,2.517956660716665,2.5179566607166652,2.517956660716665
CHEMBL239_EC50,random,99182118,mondrian_rfstd,344,17,42,0.9156976744186046,0.6470588235294118,0.9296636085626911,28.260478503327935,0.8095238095238095,0.9304635761589404,12.093976663513084,2.3291435021159588,2.3462788241423533,2.3267604440857985
CHEMBL239_EC50,random,99182118,cluster,344,17,42,0.9069767441860465,0.7647058823529411,0.9143730886850153,14.96672063320742,0.8571428571428571,0.9139072847682119,5.676442762535483,2.5706671972758386,2.4711158043898798,2.5845120929752103
CHEMBL239_EC50,random,99182118,knn_weighted,344,17,42,0.9098837209302325,0.7647058823529411,0.9174311926605505,15.272531030760938,0.8333333333333334,0.9205298013245033,8.719646799116997,2.4672884675451643,2.4669495139105924,2.4673356067923566
CHEMBL239_EC50,random,99182118,adaptive,344,17,42,0.9069767441860465,0.8823529411764706,0.908256880733945,2.5903939557474387,0.9047619047619048,0.9072847682119205,0.2522863450015733,3.4830095837600323,4.000635183304127,3.411021917598271
CHEMBL239_EC50,random,99182118,weighted_shift,344,17,42,0.9215116279069767,0.8235294117647058,0.926605504587156,10.30760928224501,0.8809523809523809,0.9271523178807947,4.619993692841373,2.6426423238647856,2.6426423238647865,2.6426423238647856
CHEMBL239_EC50,random,99182118,cqr,344,17,42,0.8982558139534884,0.8235294117647058,0.9021406727828746,7.861126101816874,0.8809523809523809,0.9006622516556292,1.9709870703248256,2.431527329884662,2.4761073350009304,2.425327461623459
CHEMBL239_EC50,random,89709943,global,344,26,36,0.9069767441860465,0.6538461538461539,0.9276729559748428,27.38268021286889,0.6944444444444444,0.9318181818181818,23.737373737373733,2.4005047231657564,2.400504723165756,2.400504723165757
CHEMBL239_EC50,random,89709943,mondrian_wstd,344,26,36,0.9069767441860465,0.6538461538461539,0.9276729559748428,27.38268021286889,0.6944444444444444,0.9318181818181818,23.737373737373733,2.4005047231657564,2.400504723165756,2.400504723165757
CHEMBL239_EC50,random,89709943,mondrian_rfstd,344,26,36,0.8924418604651163,0.5769230769230769,0.9182389937106918,34.131591678761495,0.6666666666666666,0.9188311688311688,25.216450216450216,2.426345859189635,2.446859501963925,2.423948160683549
CHEMBL239_EC50,random,89709943,cluster,344,26,36,0.9127906976744186,0.7307692307692307,0.9276729559748428,19.690372520561205,0.75,0.9318181818181818,18.181818181818176,2.53966382717538,2.6403973013943776,2.527889784734199
CHEMBL239_EC50,random,89709943,knn_weighted,344,26,36,0.9011627906976745,0.5769230769230769,0.9276729559748428,35.07498790517659,0.6388888888888888,0.9318181818181818,29.292929292929294,2.3912054719900584,2.438752273791296,2.3856480535977056
CHEMBL239_EC50,random,89709943,adaptive,344,26,36,0.8691860465116279,0.7307692307692307,0.8805031446540881,14.973391388485735,0.8055555555555556,0.8766233766233766,7.106782106782106,2.746420872569159,3.5183268518292428,2.656198095772526
CHEMBL239_EC50,random,89709943,weighted_shift,344,26,36,0.9069767441860465,0.6538461538461539,0.9276729559748428,27.38268021286889,0.6944444444444444,0.9318181818181818,23.737373737373733,2.3629618164711914,2.3629618164711914,2.3629618164711914
CHEMBL239_EC50,random,89709943,cqr,344,26,36,0.9040697674418605,0.8076923076923077,0.9119496855345912,10.42573778422835,0.8055555555555556,0.9155844155844156,11.002886002886003,2.337757194034667,2.5996980030639842,2.3071407358364353
CHEMBL239_EC50,random,86921808,global,344,24,40,0.9069767441860465,0.7083333333333334,0.921875,21.354166666666664,0.8,0.9210526315789473,12.10526315789473,2.4580956147880015,2.4580956147880015,2.4580956147880015
CHEMBL239_EC50,random,86921808,mondrian_wstd,344,24,40,0.9069767441860465,0.7083333333333334,0.921875,21.354166666666664,0.8,0.9210526315789473,12.10526315789473,2.4580956147880015,2.4580956147880015,2.4580956147880015
CHEMBL239_EC50,random,86921808,mondrian_rfstd,344,24,40,0.9098837209302325,0.6666666666666666,0.928125,26.145833333333336,0.8,0.9243421052631579,12.43421052631578,2.354210113966036,2.3849064077046145,2.3501711279478017
CHEMBL239_EC50,random,86921808,cluster,344,24,40,0.9127906976744186,0.75,0.925,17.500000000000004,0.825,0.9243421052631579,9.93421052631579,2.5532766770985633,2.5733232261899865,2.5506389732707446
CHEMBL239_EC50,random,86921808,knn_weighted,344,24,40,0.9011627906976745,0.6666666666666666,0.91875,25.208333333333332,0.775,0.9177631578947368,14.276315789473681,2.3937846646048753,2.401282533645193,2.392798102889044
CHEMBL239_EC50,random,86921808,adaptive,344,24,40,0.9156976744186046,0.7916666666666666,0.925,13.333333333333341,0.875,0.9210526315789473,4.6052631578947345,3.1590421286916013,3.6338248138578884,3.0965707227486696
CHEMBL239_EC50,random,86921808,weighted_shift,344,24,40,0.9069767441860465,0.7083333333333334,0.921875,21.354166666666664,0.8,0.9210526315789473,12.10526315789473,2.4437885532636643,2.4437885532636643,2.4437885532636643
CHEMBL239_EC50,random,86921808,cqr,344,24,40,0.9127906976744186,0.8333333333333334,0.91875,8.541666666666659,0.85,0.9210526315789473,7.105263157894736,2.466764069355125,2.544596989729743,2.4565228956216227
CHEMBL239_EC50,random,89165191,global,344,28,47,0.9127906976744186,0.6785714285714286,0.9335443037974683,25.497287522603973,0.8085106382978723,0.9292929292929293,12.0782290995057,2.507596074886564,2.507596074886564,2.507596074886564
CHEMBL239_EC50,random,89165191,mondrian_wstd,344,28,47,0.9127906976744186,0.6785714285714286,0.9335443037974683,25.497287522603973,0.8085106382978723,0.9292929292929293,12.0782290995057,2.507596074886564,2.507596074886564,2.507596074886564
CHEMBL239_EC50,random,89165191,mondrian_rfstd,344,28,47,0.9069767441860465,0.7142857142857143,0.9240506329113924,20.976491862567816,0.7872340425531915,0.9259259259259259,13.869188337273442,2.3688002587272465,2.3259503068287315,2.3755812275462036
CHEMBL239_EC50,random,89165191,cluster,344,28,47,0.9186046511627907,0.7142857142857143,0.9367088607594937,22.24231464737794,0.8085106382978723,0.936026936026936,12.75162977290637,2.7437667398734855,3.0315642416611888,2.698223027469371
CHEMBL239_EC50,random,89165191,knn_weighted,344,28,47,0.9098837209302325,0.7857142857142857,0.9208860759493671,13.517179023508142,0.851063829787234,0.9191919191919192,6.812808940468518,2.4348053893182917,2.467806614517186,2.4295829732093757
CHEMBL239_EC50,random,89165191,adaptive,344,28,47,0.9418604651162791,0.9285714285714286,0.9430379746835443,1.446654611211573,0.9361702127659575,0.9427609427609428,0.6590729994985334,3.4183813990420857,4.188582236574108,3.2964977648198466
CHEMBL239_EC50,random,89165191,weighted_shift,344,28,47,0.9098837209302325,0.6785714285714286,0.930379746835443,25.18083182640144,0.8085106382978723,0.9259259259259259,11.741528762805364,2.4578459254341567,2.4578459254341567,2.4578459254341567
CHEMBL239_EC50,random,89165191,cqr,344,28,47,0.9011627906976745,0.8928571428571429,0.9018987341772152,0.9041591320072317,0.8723404255319149,0.9057239057239057,3.3383480191990778,2.5927267704911805,2.8780325083771925,2.547577377627064
CHEMBL239_EC50,scaffold,34332121,global,344,10,38,0.9156976744186046,0.8,0.9191616766467066,11.916167664670652,0.868421052631579,0.9215686274509803,5.314757481940136,2.6898667419674056,2.6898667419674056,2.6898667419674056
CHEMBL239_EC50,scaffold,34332121,mondrian_wstd,344,10,38,0.9156976744186046,0.8,0.9191616766467066,11.916167664670652,0.868421052631579,0.9215686274509803,5.314757481940136,2.6898667419674056,2.6898667419674056,2.6898667419674056
CHEMBL239_EC50,scaffold,34332121,mondrian_rfstd,344,10,38,0.9156976744186046,0.8,0.9191616766467066,11.916167664670652,0.868421052631579,0.9215686274509803,5.314757481940136,2.7255714367894375,2.713660406086859,2.7270505843930257
CHEMBL239_EC50,scaffold,34332121,cluster,344,10,38,0.9593023255813954,1.0,0.9580838323353293,-4.191616766467066,0.9210526315789473,0.9640522875816994,4.299965600275202,3.052817508418592,2.9815121175454156,3.061672426239444
CHEMBL239_EC50,scaffold,34332121,knn_weighted,344,10,38,0.877906976744186,0.6,0.8862275449101796,28.622754491017965,0.7894736842105263,0.8888888888888888,9.941520467836252,2.5909429187163284,2.5939754255746967,2.590566332897316
CHEMBL239_EC50,scaffold,34332121,adaptive,344,10,38,0.9418604651162791,0.8,0.9461077844311377,14.61077844311377,0.9473684210526315,0.9411764705882353,-0.6191950464396245,4.032593093263816,4.607148212518619,3.9612431111341344
CHEMBL239_EC50,scaffold,34332121,weighted_shift,344,10,38,0.9244186046511628,0.8,0.9281437125748503,12.814371257485025,0.868421052631579,0.9313725490196079,6.295149638802888,2.7958204124464032,2.7958204124464032,2.7958204124464032
CHEMBL239_EC50,scaffold,34332121,cqr,344,10,38,0.9040697674418605,1.0,0.9011976047904192,-9.880239520958078,0.9736842105263158,0.8954248366013072,-7.825937392500859,2.625677327299029,2.8730280132504724,2.59496057544885
CHEMBL239_EC50,scaffold,57652534,global,344,11,39,0.9011627906976745,0.9090909090909091,0.9009009009009009,-0.8190008190008147,0.8974358974358975,0.9016393442622951,0.42034468263976166,3.185669074893602,3.1856690748936005,3.1856690748936014
CHEMBL239_EC50,scaffold,57652534,mondrian_wstd,344,11,39,0.9011627906976745,0.9090909090909091,0.9009009009009009,-0.8190008190008147,0.8974358974358975,0.9016393442622951,0.42034468263976166,3.185669074893602,3.1856690748936005,3.1856690748936014
CHEMBL239_EC50,scaffold,57652534,mondrian_rfstd,344,11,39,0.9273255813953488,0.9090909090909091,0.9279279279279279,1.8837018837018826,0.9230769230769231,0.9278688524590164,0.4791929382093274,3.3779886586006884,3.33853423677837,3.3830336502435427
CHEMBL239_EC50,scaffold,57652534,cluster,344,11,39,0.8575581395348837,0.9090909090909091,0.8558558558558559,-5.323505323505318,0.8205128205128205,0.8622950819672132,4.178226145439268,3.0464148521824694,3.0140897513193035,3.0505482257354637
CHEMBL239_EC50,scaffold,57652534,knn_weighted,344,11,39,0.9098837209302325,0.9090909090909091,0.9099099099099099,0.08190008190008813,0.8974358974358975,0.9114754098360656,1.4039512400168097,3.1859286453371243,3.3396475985091003,3.1662727791938226
CHEMBL239_EC50,scaffold,57652534,adaptive,344,11,39,0.9505813953488372,1.0,0.948948948948949,-5.1051051051051015,0.9487179487179487,0.9508196721311475,0.21017234131988083,4.887027914220758,5.649617229895476,4.789516493527927
CHEMBL239_EC50,scaffold,57652534,weighted_shift,344,11,39,0.9011627906976745,0.9090909090909091,0.9009009009009009,-0.8190008190008147,0.8974358974358975,0.9016393442622951,0.42034468263976166,3.1712949201521106,3.17129492015211,3.1712949201521106
CHEMBL239_EC50,scaffold,57652534,cqr,344,11,39,0.9011627906976745,1.0,0.8978978978978979,-10.210210210210214,0.9487179487179487,0.8950819672131147,-5.363598150483395,3.1308319607823365,3.234570965927449,3.1175669732391906
CHEMBL239_EC50,scaffold,65555877,global,344,12,42,0.9563953488372093,0.8333333333333334,0.9608433734939759,12.751004016064249,0.9047619047619048,0.9635761589403974,5.881425417849262,3.571041753296742,3.571041753296744,3.571041753296743
CHEMBL239_EC50,scaffold,65555877,mondrian_wstd,344,12,42,0.9563953488372093,0.8333333333333334,0.9608433734939759,12.751004016064249,0.9047619047619048,0.9635761589403974,5.881425417849262,3.571041753296742,3.571041753296744,3.571041753296743
CHEMBL239_EC50,scaffold,65555877,mondrian_rfstd,344,12,42,0.9302325581395349,0.6666666666666666,0.9397590361445783,27.30923694779117,0.8571428571428571,0.9403973509933775,8.325449385052043,3.368398017697446,3.2428921165332887,3.385852480773257
CHEMBL239_EC50,scaffold,65555877,cluster,344,12,42,0.9215116279069767,0.8333333333333334,0.9246987951807228,9.136546184738947,0.9285714285714286,0.9205298013245033,-0.8041627246925254,3.285032372746055,3.5457499999801576,3.2487736298856835
CHEMBL239_EC50,scaffold,65555877,knn_weighted,344,12,42,0.9505813953488372,0.9166666666666666,0.9518072289156626,3.5140562248995977,0.9285714285714286,0.9536423841059603,2.5070955534531647,3.575357999999464,3.6415418450102472,3.5661536242032623
CHEMBL239_EC50,scaffold,65555877,adaptive,344,12,42,0.9244186046511628,1.0,0.9216867469879518,-7.831325301204817,0.9761904761904762,0.9172185430463576,-5.897193314411853,5.225525133972524,5.785155172318527,5.147695790891293
CHEMBL239_EC50,scaffold,65555877,weighted_shift,344,12,42,0.9156976744186046,0.8333333333333334,0.9186746987951807,8.534136546184733,0.8571428571428571,0.9238410596026491,6.669820245979197,3.208115136786382,3.2081151367863807,3.208115136786381
CHEMBL239_EC50,scaffold,65555877,cqr,344,12,42,0.936046511627907,0.8333333333333334,0.9397590361445783,10.642570281124497,0.9285714285714286,0.9370860927152318,0.8514664143803197,2.985029877557644,3.277184459422464,2.9443991078943244
CHEMBL239_EC50,scaffold,80882938,global,344,9,28,0.9273255813953488,1.0,0.9253731343283582,-7.462686567164178,0.8928571428571429,0.930379746835443,3.7522603978300095,3.068707600152379,3.068707600152379,3.068707600152379
CHEMBL239_EC50,scaffold,80882938,mondrian_wstd,344,9,28,0.9273255813953488,1.0,0.9253731343283582,-7.462686567164178,0.8928571428571429,0.930379746835443,3.7522603978300095,3.068707600152379,3.068707600152379,3.068707600152379
CHEMBL239_EC50,scaffold,80882938,mondrian_rfstd,344,9,28,0.9011627906976745,0.6666666666666666,0.9074626865671642,24.07960199004976,0.7857142857142857,0.9113924050632911,12.567811934900542,2.7995521130248893,2.8256323409521573,2.797241206752853
CHEMBL239_EC50,scaffold,80882938,cluster,344,9,28,0.9215116279069767,1.0,0.9194029850746268,-8.059701492537318,0.9285714285714286,0.9208860759493671,-0.7685352622061492,3.022011225560759,3.323356984592071,2.9953097026086173
CHEMBL239_EC50,scaffold,80882938,knn_weighted,344,9,28,0.9156976744186046,1.0,0.9134328358208955,-8.656716417910449,0.8928571428571429,0.9177215189873418,2.4864376130198873,2.978270897857002,3.2207465890808007,2.956785710027045
CHEMBL239_EC50,scaffold,80882938,adaptive,344,9,28,0.9098837209302325,0.8888888888888888,0.9104477611940298,2.1558872305140975,0.8214285714285714,0.9177215189873418,9.629294755877037,3.5802400447382037,3.5056517440183947,3.5868491346754015
CHEMBL239_EC50,scaffold,80882938,weighted_shift,344,9,28,0.9186046511627907,1.0,0.9164179104477612,-8.358208955223878,0.8928571428571429,0.9208860759493671,2.8028933092224206,3.016975994081213,3.016975994081211,3.0169759940812124
CHEMBL239_EC50,scaffold,80882938,cqr,344,9,28,0.9244186046511628,1.0,0.9223880597014925,-7.761194029850749,0.8928571428571429,0.9272151898734177,3.435804701627476,2.9229635410523276,2.9497928280849934,2.9205862624544965
CHEMBL239_EC50,scaffold,62569839,global,344,10,43,0.9244186046511628,1.0,0.9221556886227545,-7.784431137724546,0.9767441860465116,0.9169435215946844,-5.980066445182719,3.5269511227289674,3.5269511227289687,3.5269511227289683
CHEMBL239_EC50,scaffold,62569839,mondrian_wstd,344,10,43,0.9244186046511628,1.0,0.9221556886227545,-7.784431137724546,0.9767441860465116,0.9169435215946844,-5.980066445182719,3.5269511227289674,3.5269511227289687,3.5269511227289683
CHEMBL239_EC50,scaffold,62569839,mondrian_rfstd,344,10,43,0.8924418604651163,0.8,0.8952095808383234,9.520958083832332,0.8837209302325582,0.893687707641196,0.9966777408637828,3.3589520942991227,3.4262296289952903,3.349341017913956
CHEMBL239_EC50,scaffold,62569839,cluster,344,10,43,0.8982558139534884,1.0,0.8952095808383234,-10.479041916167663,0.9534883720930233,0.8903654485049833,-6.312292358803995,3.325719295568807,3.323294440469485,3.326065703440139
CHEMBL239_EC50,scaffold,62569839,knn_weighted,344,10,43,0.8895348837209303,1.0,0.8862275449101796,-11.377245508982037,0.9069767441860465,0.8870431893687708,-1.9933554817275656,3.2363162679796855,3.1775950700096374,3.2447050105468342
CHEMBL239_EC50,scaffold,62569839,adaptive,344,10,43,0.8604651162790697,0.9,0.8592814371257484,-4.071856287425158,0.9302325581395349,0.8504983388704319,-7.973421926910296,3.789746996710666,4.954169791343954,3.6234008831916253
CHEMBL239_EC50,scaffold,62569839,weighted_shift,344,10,43,0.813953488372093,0.8,0.8143712574850299,1.4371257485029876,0.7906976744186046,0.8172757475083057,2.657807308970106,2.6828528899527924,2.682852889952793,2.6828528899527924
CHEMBL239_EC50,scaffold,62569839,cqr,344,10,43,0.877906976744186,0.9,0.8772455089820359,-2.275449101796412,0.9069767441860465,0.8737541528239202,-3.322259136212624,2.95983689359202,3.246440807548208,2.9188934773125648
CHEMBL244_Ki,random,71339737,global,620,23,54,0.8806451612903226,0.6956521739130435,0.8877721943048577,19.21200203918142,0.7962962962962963,0.8886925795053003,9.239628320900406,2.5386614836474917,2.5386614836474917,2.5386614836474912
CHEMBL244_Ki,random,71339737,mondrian_wstd,620,23,54,0.8806451612903226,0.6956521739130435,0.8877721943048577,19.21200203918142,0.7962962962962963,0.8886925795053003,9.239628320900406,2.5386614836474917,2.5386614836474917,2.5386614836474912
CHEMBL244_Ki,random,71339737,mondrian_rfstd,620,23,54,0.9209677419354839,0.7391304347826086,0.9279731993299832,18.88427645473746,0.8518518518518519,0.9275618374558304,7.570998560397857,2.6845753218516837,2.7699408313784257,2.676430909281995
CHEMBL244_Ki,random,71339737,cluster,620,23,54,0.9080645161290323,0.8695652173913043,0.9095477386934674,3.9982521302163065,0.8888888888888888,0.9098939929328622,2.1005104043973377,2.8856142786708614,3.017802359544265,2.8730026949832927
CHEMBL244_Ki,random,71339737,knn_weighted,620,23,54,0.8870967741935484,0.6956521739130435,0.8944723618090452,19.882018789600174,0.7962962962962963,0.8957597173144877,9.94634210181914,2.541591403602982,2.5492645036038657,2.540859341058728
CHEMBL244_Ki,random,71339737,adaptive,620,23,54,0.9112903225806451,0.8260869565217391,0.914572864321608,8.848590779986887,0.8888888888888888,0.9134275618374559,2.453867294856704,3.2395227793118577,3.7006244495065452,3.1955307471731422
CHEMBL244_Ki,random,71339737,weighted_shift,620,23,54,0.867741935483871,0.6956521739130435,0.8743718592964824,17.871968538343896,0.7962962962962963,0.8745583038869258,7.826200759062951,2.4346726343876877,2.434672634387687,2.434672634387688
CHEMBL244_Ki,random,71339737,cqr,620,23,54,0.9064516129032258,0.8695652173913043,0.9078726968174204,3.830747942611612,0.8703703703703703,0.9098939929328622,3.9523622562491867,2.88758390934011,3.062908481886052,2.8708568299806037
CHEMBL244_Ki,random,99182118,global,620,33,60,0.8838709677419355,0.7272727272727273,0.8926746166950597,16.540188942233236,0.7833333333333333,0.8946428571428572,11.130952380952387,2.489505509699931,2.489505509699932,2.4895055096999315
CHEMBL244_Ki,random,99182118,mondrian_wstd,620,33,60,0.8838709677419355,0.7272727272727273,0.8926746166950597,16.540188942233236,0.7833333333333333,0.8946428571428572,11.130952380952387,2.489505509699931,2.489505509699932,2.4895055096999315
CHEMBL244_Ki,random,99182118,mondrian_rfstd,620,33,60,0.9016129032258065,0.696969696969697,0.9131175468483816,21.61478498786846,0.7833333333333333,0.9142857142857143,13.095238095238093,2.4240275793623676,2.570179504514329,2.4083684445246574
CHEMBL244_Ki,random,99182118,cluster,620,33,60,0.8774193548387097,0.696969696969697,0.8875638841567292,19.059418718703213,0.7666666666666667,0.8892857142857142,12.261904761904752,2.477469519027823,2.5656797089287133,2.4680184272527277
CHEMBL244_Ki,random,99182118,knn_weighted,620,33,60,0.8790322580645161,0.7272727272727273,0.8875638841567292,16.029115688400186,0.7833333333333333,0.8892857142857142,10.595238095238091,2.3897279361827235,2.4917899753002595,2.3787927177058448
CHEMBL244_Ki,random,99182118,adaptive,620,33,60,0.8725806451612903,0.7575757575757576,0.879045996592845,12.147023901708742,0.8,0.8803571428571428,8.03571428571428,3.0502707793808694,3.627102525948061,2.988467377962956
CHEMBL244_Ki,random,99182118,weighted_shift,620,33,60,0.8741935483870967,0.696969696969697,0.8841567291311755,18.718703216147848,0.7666666666666667,0.8857142857142857,11.904761904761896,2.3937348189768546,2.3937348189768555,2.3937348189768546
CHEMBL244_Ki,random,99182118,cqr,620,33,60,0.9112903225806451,0.7575757575757576,0.919931856899489,16.23560993237314,0.7833333333333333,0.925,14.166666666666671,2.807744109689789,2.883452584696756,2.7996324873676137
CHEMBL244_Ki,random,89709943,global,620,30,70,0.864516129032258,0.4666666666666667,0.8847457627118644,41.80790960451978,0.6857142857142857,0.8872727272727273,20.15584415584416,2.3985488966307216,2.398548896630722,2.3985488966307216
CHEMBL244_Ki,random,89709943,mondrian_wstd,620,30,70,0.864516129032258,0.4666666666666667,0.8847457627118644,41.80790960451978,0.6857142857142857,0.8872727272727273,20.15584415584416,2.3985488966307216,2.398548896630722,2.3985488966307216
CHEMBL244_Ki,random,89709943,mondrian_rfstd,620,30,70,0.8790322580645161,0.5333333333333333,0.8966101694915254,36.327683615819204,0.7142857142857143,0.9,18.571428571428573,2.2947515100370652,2.3619967701914795,2.286193022381049
CHEMBL244_Ki,random,89709943,cluster,620,30,70,0.8887096774193548,0.5333333333333333,0.9067796610169492,37.344632768361585,0.7285714285714285,0.9090909090909091,18.051948051948052,2.59328171001902,2.6187995000453164,2.5900339912884007
CHEMBL244_Ki,random,89709943,knn_weighted,620,30,70,0.8661290322580645,0.43333333333333335,0.888135593220339,45.48022598870056,0.6571428571428571,0.8927272727272727,23.558441558441558,2.360261971553369,2.4162671125868975,2.3531340445127378
CHEMBL244_Ki,random,89709943,adaptive,620,30,70,0.8709677419354839,0.6666666666666666,0.8813559322033898,21.46892655367232,0.7857142857142857,0.8818181818181818,9.610389610389614,2.8232664500546334,3.1622406827038416,2.780124274990189
CHEMBL244_Ki,random,89709943,weighted_shift,620,30,70,0.8629032258064516,0.4666666666666667,0.8830508474576271,41.63841807909604,0.6857142857142857,0.8854545454545455,19.974025974025977,2.3562750792535603,2.3562750792535594,2.3562750792535603
CHEMBL244_Ki,random,89709943,cqr,620,30,70,0.8564516129032258,0.7,0.864406779661017,16.440677966101703,0.7857142857142857,0.8654545454545455,7.974025974025977,2.590815888475553,2.630789774166798,2.5857283030239397
CHEMBL244_Ki,random,86921808,global,620,32,62,0.9112903225806451,0.65625,0.9251700680272109,26.89200680272109,0.7903225806451613,0.9247311827956989,13.440860215053762,2.7256726050603834,2.725672605060385,2.7256726050603834
CHEMBL244_Ki,random,86921808,mondrian_wstd,620,32,62,0.9112903225806451,0.65625,0.9251700680272109,26.89200680272109,0.7903225806451613,0.9247311827956989,13.440860215053762,2.7256726050603834,2.725672605060385,2.7256726050603834
CHEMBL244_Ki,random,86921808,mondrian_rfstd,620,32,62,0.8983870967741936,0.5625,0.9166666666666666,35.416666666666664,0.7419354838709677,0.9157706093189965,17.38351254480287,2.4246013456738336,2.5916024307776406,2.406045669551188
CHEMBL244_Ki,random,86921808,cluster,620,32,62,0.9161290322580645,0.6875,0.9285714285714286,24.10714285714286,0.7903225806451613,0.9301075268817204,13.978494623655912,2.7963457989561946,2.707270366929608,2.8062430691813707
CHEMBL244_Ki,random,86921808,knn_weighted,620,32,62,0.896774193548387,0.53125,0.9166666666666666,38.541666666666664,0.6935483870967742,0.9193548387096774,22.580645161290313,2.602089149000677,2.57967045759293,2.6045801147126486
CHEMBL244_Ki,random,86921808,adaptive,620,32,62,0.8887096774193548,0.75,0.8962585034013606,14.62585034013606,0.8225806451612904,0.8960573476702509,7.347670250896055,3.0403550614496493,3.592495194043204,2.9790061578281435
CHEMBL244_Ki,random,86921808,weighted_shift,620,32,62,0.9096774193548387,0.625,0.9251700680272109,30.01700680272109,0.7741935483870968,0.9247311827956989,15.053763440860212,2.7072042628258686,2.7072042628258695,2.7072042628258686
CHEMBL244_Ki,random,86921808,cqr,620,32,62,0.9096774193548387,0.6875,0.9217687074829932,23.426870748299322,0.7903225806451613,0.9229390681003584,13.261648745519716,2.878363368662361,2.9347969249398984,2.8720929735204126
CHEMBL244_Ki,random,89165191,global,620,30,60,0.8693548387096774,0.7,0.8779661016949153,17.796610169491533,0.75,0.8821428571428571,13.214285714285712,2.4687366263696298,2.4687366263696293,2.46873662636963
CHEMBL244_Ki,random,89165191,mondrian_wstd,620,30,60,0.8693548387096774,0.7,0.8779661016949153,17.796610169491533,0.75,0.8821428571428571,13.214285714285712,2.4687366263696298,2.4687366263696293,2.46873662636963
CHEMBL244_Ki,random,89165191,mondrian_rfstd,620,30,60,0.8725806451612903,0.6,0.8864406779661017,28.644067796610173,0.6666666666666666,0.8946428571428572,22.797619047619055,2.2951302770927557,2.3090873784266455,2.293634873378411
CHEMBL244_Ki,random,89165191,cluster,620,30,60,0.8935483870967742,0.8,0.8983050847457628,9.830508474576272,0.8333333333333334,0.9,6.666666666666665,2.787233891088813,2.8486605806611562,2.7806524600632048
CHEMBL244_Ki,random,89165191,knn_weighted,620,30,60,0.8790322580645161,0.7333333333333333,0.8864406779661017,15.310734463276843,0.75,0.8928571428571429,14.28571428571429,2.441782681444186,2.3653709367673326,2.4499696540881337
CHEMBL244_Ki,random,89165191,adaptive,620,30,60,0.8693548387096774,0.7666666666666667,0.8745762711864407,10.790960451977394,0.7666666666666667,0.8803571428571428,11.369047619047612,2.878028431071414,3.423259875485661,2.8196107763127447
CHEMBL244_Ki,random,89165191,weighted_shift,620,30,60,0.8629032258064516,0.6333333333333333,0.8745762711864407,24.124293785310734,0.7166666666666667,0.8785714285714286,16.19047619047619,2.3541047579001044,2.354104757900105,2.354104757900105
CHEMBL244_Ki,random,89165191,cqr,620,30,60,0.9,0.7333333333333333,0.9084745762711864,17.514124293785315,0.8,0.9107142857142857,11.071428571428566,2.774825082357417,2.9048085146140847,2.7608982860442026
CHEMBL244_Ki,scaffold,34332121,global,620,15,67,0.9112903225806451,0.9333333333333333,0.9107438016528926,-2.2589531680440755,0.8955223880597015,0.9132007233273056,1.7678335267604095,3.3330972556757548,3.333097255675755,3.3330972556757548
CHEMBL244_Ki,scaffold,34332121,mondrian_wstd,620,15,67,0.9112903225806451,0.9333333333333333,0.9107438016528926,-2.2589531680440755,0.8955223880597015,0.9132007233273056,1.7678335267604095,3.3330972556757548,3.333097255675755,3.3330972556757548
CHEMBL244_Ki,scaffold,34332121,mondrian_rfstd,620,15,67,0.932258064516129,0.8666666666666667,0.9338842975206612,6.721763085399446,0.8656716417910447,0.9403254972875226,7.465385549647785,3.531262895594454,3.6271785005319135,3.519642017600223
CHEMBL244_Ki,scaffold,34332121,cluster,620,15,67,0.9274193548387096,0.9333333333333333,0.9272727272727272,-0.60606060606061,0.8656716417910447,0.9349005424954792,6.922890070443444,3.4936694229677165,3.3904899020589463,3.5061703775805335
CHEMBL244_Ki,scaffold,34332121,knn_weighted,620,15,67,0.8790322580645161,0.8666666666666667,0.8793388429752066,1.2672176308539895,0.7761194029850746,0.891500904159132,11.538150117405731,3.073101567301496,2.8396963023796236,3.1013803245343445
CHEMBL244_Ki,scaffold,34332121,adaptive,620,15,67,0.9580645161290322,0.9333333333333333,0.9586776859504132,2.53443526170799,0.9104477611940298,0.9638336347197106,5.33858735256808,4.943915682554527,4.954810092844907,4.942595744960575
CHEMBL244_Ki,scaffold,34332121,weighted_shift,620,15,67,0.8387096774193549,0.8666666666666667,0.8380165289256198,-2.8650137741046855,0.7910447761194029,0.8444846292947559,5.343985317535294,2.804055709099771,2.804055709099771,2.804055709099771
CHEMBL244_Ki,scaffold,34332121,cqr,620,15,67,0.8903225806451613,0.9333333333333333,0.8892561983471075,-4.40771349862259,0.8955223880597015,0.8896925858951176,-0.5829802164583953,3.3318703773235705,3.4483710733279804,3.3177554647877736
CHEMBL244_Ki,scaffold,57652534,global,620,11,62,0.8419354838709677,0.6363636363636364,0.8456486042692939,20.928496790565752,0.7741935483870968,0.8494623655913979,7.5268817204301115,2.7916798916140575,2.7916798916140566,2.7916798916140575
CHEMBL244_Ki,scaffold,57652534,mondrian_wstd,620,11,62,0.8419354838709677,0.6363636363636364,0.8456486042692939,20.928496790565752,0.7741935483870968,0.8494623655913979,7.5268817204301115,2.7916798916140575,2.7916798916140566,2.7916798916140575
CHEMBL244_Ki,scaffold,57652534,mondrian_rfstd,620,11,62,0.8435483870967742,0.36363636363636365,0.8522167487684729,48.85803851321092,0.7096774193548387,0.8584229390681004,14.874551971326166,2.706616832490196,2.641362908646346,2.7138672684728453
CHEMBL244_Ki,scaffold,57652534,cluster,620,11,62,0.8370967741935483,0.7272727272727273,0.8390804597701149,11.180773249738763,0.7419354838709677,0.8476702508960573,10.573476702508955,2.8115023788577247,2.8479536634830698,2.8074522361215757
CHEMBL244_Ki,scaffold,57652534,knn_weighted,620,11,62,0.8306451612903226,0.7272727272727273,0.8325123152709359,10.523958799820864,0.7903225806451613,0.8351254480286738,4.480286738351258,2.7164844985797933,2.789297702152885,2.708394142627227
CHEMBL244_Ki,scaffold,57652534,adaptive,620,11,62,0.8516129032258064,0.6363636363636364,0.8555008210180624,21.9137184654426,0.7580645161290323,0.8620071684587813,10.39426523297491,3.21227347250977,3.529425457195149,3.1770343631002835
CHEMBL244_Ki,scaffold,57652534,weighted_shift,620,11,62,0.8064516129032258,0.6363636363636364,0.8095238095238095,17.31601731601732,0.7580645161290323,0.8118279569892473,5.376344086021501,2.468944055174397,2.468944055174398,2.4689440551743975
CHEMBL244_Ki,scaffold,57652534,cqr,620,11,62,0.8629032258064516,0.8181818181818182,0.8637110016420362,4.552918346021794,0.8387096774193549,0.8655913978494624,2.6881720430107503,2.91462362452227,2.8425940066055166,2.922626915401909
CHEMBL244_Ki,scaffold,65555877,global,620,9,60,0.85,0.8888888888888888,0.8494271685761048,-3.9461720312784054,0.85,0.85,0.0,3.041039567785898,3.0410395677858983,3.0410395677858983
CHEMBL244_Ki,scaffold,65555877,mondrian_wstd,620,9,60,0.85,0.8888888888888888,0.8494271685761048,-3.9461720312784054,0.85,0.85,0.0,3.041039567785898,3.0410395677858983,3.0410395677858983
CHEMBL244_Ki,scaffold,65555877,mondrian_rfstd,620,9,60,0.864516129032258,0.8888888888888888,0.8641571194762684,-2.4731769412620452,0.8666666666666667,0.8642857142857143,-0.23809523809523725,2.8338712534412966,2.783928536245284,2.8392222588551554
CHEMBL244_Ki,scaffold,65555877,cluster,620,9,60,0.8290322580645161,0.8888888888888888,0.8281505728314239,-6.073831605746493,0.8333333333333334,0.8285714285714286,-0.4761904761904745,2.939824643383693,2.930979940805751,2.9407722900884727
CHEMBL244_Ki,scaffold,65555877,knn_weighted,620,9,60,0.8483870967741935,0.8888888888888888,0.8477905073649754,-4.109838152391343,0.8333333333333334,0.85,1.6666666666666607,2.922046861371261,3.029816532783833,2.9105001108627713
CHEMBL244_Ki,scaffold,65555877,adaptive,620,9,60,0.8838709677419355,0.8888888888888888,0.88379705400982,-0.5091834879068835,0.8833333333333333,0.8839285714285714,0.05952380952380931,3.778704382764127,4.390066316043246,3.713201318484221
CHEMBL244_Ki,scaffold,65555877,weighted_shift,620,9,60,0.85,0.8888888888888888,0.8494271685761048,-3.9461720312784054,0.85,0.85,0.0,3.03518574604685,3.0351857460468494,3.0351857460468494
CHEMBL244_Ki,scaffold,65555877,cqr,620,9,60,0.8790322580645161,0.8888888888888888,0.8788870703764321,-1.000181851245674,0.85,0.8821428571428571,3.214285714285714,3.244172999680937,3.35387375743496,3.2324193470644347
CHEMBL244_Ki,scaffold,80882938,global,620,14,62,0.8806451612903226,0.8571428571428571,0.8811881188118812,2.40452616690241,0.8548387096774194,0.8835125448028673,2.8673835125447966,2.931260313497099,2.9312603134970976,2.9312603134970985
CHEMBL244_Ki,scaffold,80882938,mondrian_wstd,620,14,62,0.8806451612903226,0.8571428571428571,0.8811881188118812,2.40452616690241,0.8548387096774194,0.8835125448028673,2.8673835125447966,2.931260313497099,2.9312603134970976,2.9312603134970985
CHEMBL244_Ki,scaffold,80882938,mondrian_rfstd,620,14,62,0.8919354838709678,0.7142857142857143,0.8960396039603961,18.175388967468177,0.8225806451612904,0.899641577060932,7.706093189964158,2.9635040389660747,2.837354782867103,2.9775206229770723
CHEMBL244_Ki,scaffold,80882938,cluster,620,14,62,0.8903225806451613,0.9285714285714286,0.8894389438943895,-3.9132484677039114,0.8709677419354839,0.8924731182795699,2.1505376344086002,3.203489796133939,2.979770318300006,3.2283475158932653
CHEMBL244_Ki,scaffold,80882938,knn_weighted,620,14,62,0.8709677419354839,0.9285714285714286,0.8696369636963697,-5.893446487505893,0.8709677419354839,0.8709677419354839,0.0,2.8781235408672043,2.7698939058663643,2.890149055867298
CHEMBL244_Ki,scaffold,80882938,adaptive,620,14,62,0.917741935483871,0.9285714285714286,0.9174917491749175,-1.107967939651111,0.8709677419354839,0.9229390681003584,5.197132616487455,3.9647604795131106,3.9745594593515703,3.963671703975503
CHEMBL244_Ki,scaffold,80882938,weighted_shift,620,14,62,0.9096774193548387,0.9285714285714286,0.9092409240924092,-1.9330504479019406,0.8709677419354839,0.9139784946236559,4.3010752688172005,3.332938197551901,3.3329381975519,3.3329381975519006
CHEMBL244_Ki,scaffold,80882938,cqr,620,14,62,0.9016129032258065,0.8571428571428571,0.9026402640264026,4.549740688354554,0.8387096774193549,0.9086021505376344,6.989247311827951,3.3119131910291695,3.108929652723697,3.334466917507555
CHEMBL244_Ki,scaffold,62569839,global,620,12,34,0.8983870967741936,0.6666666666666666,0.9029605263157895,23.629385964912288,0.6764705882352942,0.9112627986348123,23.479221039951813,2.9572551061433447,2.957255106143345,2.9572551061433443
CHEMBL244_Ki,scaffold,62569839,mondrian_wstd,620,12,34,0.8983870967741936,0.6666666666666666,0.9029605263157895,23.629385964912288,0.6764705882352942,0.9112627986348123,23.479221039951813,2.9572551061433447,2.957255106143345,2.9572551061433443
CHEMBL244_Ki,scaffold,62569839,mondrian_rfstd,620,12,34,0.9096774193548387,0.6666666666666666,0.9144736842105263,24.78070175438597,0.7352941176470589,0.9197952218430034,18.450110419594456,2.8544625040412908,3.175879362910925,2.8358137443116544
CHEMBL244_Ki,scaffold,62569839,cluster,620,12,34,0.8903225806451613,0.6666666666666666,0.8947368421052632,22.807017543859654,0.6764705882352942,0.9027303754266212,22.6259787191327,3.0159225180235163,2.989126773016387,3.0174772199522577
CHEMBL244_Ki,scaffold,62569839,knn_weighted,620,12,34,0.8725806451612903,0.6666666666666666,0.8766447368421053,20.997807017543867,0.6470588235294118,0.8856655290102389,23.86067054808271,2.8041547063617487,2.787448467022879,2.805124010350693
CHEMBL244_Ki,scaffold,62569839,adaptive,620,12,34,0.8903225806451613,1.0,0.8881578947368421,-11.184210526315786,0.9411764705882353,0.8873720136518771,-5.380445693635815,3.8109482902821874,5.226281240484931,3.728829996243121
CHEMBL244_Ki,scaffold,62569839,weighted_shift,620,12,34,0.8806451612903226,0.6666666666666666,0.8848684210526315,21.82017543859649,0.6764705882352942,0.8924914675767918,21.60208793414976,2.74150678030456,2.74150678030456,2.74150678030456
CHEMBL244_Ki,scaffold,62569839,cqr,620,12,34,0.9048387096774193,0.8333333333333334,0.90625,7.2916666666666625,0.7941176470588235,0.9112627986348123,11.714515157598882,3.458534322861178,3.8703354327912374,3.4346414256980005
CHEMBL264_Ki,random,71339737,global,573,16,39,0.912739965095986,0.8125,0.9156193895870736,10.311938958707357,0.8974358974358975,0.9138576779026217,1.6421780466724267,2.233300017146192,2.233300017146192,2.2333000171461914
CHEMBL264_Ki,random,71339737,mondrian_wstd,573,16,39,0.912739965095986,0.8125,0.9156193895870736,10.311938958707357,0.8974358974358975,0.9138576779026217,1.6421780466724267,2.233300017146192,2.233300017146192,2.2333000171461914
CHEMBL264_Ki,random,71339737,mondrian_rfstd,573,16,39,0.900523560209424,0.6875,0.9066427289048474,21.914272890484742,0.7948717948717948,0.9082397003745318,11.336790550273701,2.0774344840095793,1.8250727620174865,2.0958653962899008
CHEMBL264_Ki,random,71339737,cluster,573,16,39,0.9319371727748691,0.875,0.933572710951526,5.857271095152605,0.9230769230769231,0.9325842696629213,0.9507346585998167,2.4913750551098315,2.5831955907015414,2.4846690609374025
CHEMBL264_Ki,random,71339737,knn_weighted,573,16,39,0.900523560209424,0.8125,0.9030520646319569,9.055206463195686,0.8974358974358975,0.900749063670412,0.33131662345144974,2.1369084664674665,2.119855931274061,2.1381538763411423
CHEMBL264_Ki,random,71339737,adaptive,573,16,39,0.924956369982548,0.8125,0.9281867145421903,11.568671454219025,0.8205128205128205,0.9325842696629213,11.207144915010081,2.8373064698311636,2.547176404070175,2.8584957442968535
CHEMBL264_Ki,random,71339737,weighted_shift,573,16,39,0.912739965095986,0.8125,0.9156193895870736,10.311938958707357,0.8974358974358975,0.9138576779026217,1.6421780466724267,2.233300017146192,2.233300017146192,2.2333000171461914
CHEMBL264_Ki,random,71339737,cqr,573,16,39,0.9057591623036649,0.875,0.9066427289048474,3.164272890484743,0.8974358974358975,0.9063670411985019,0.8931143762604399,2.3753866697209163,2.3083806114267547,2.380280370607568
CHEMBL264_Ki,random,99182118,global,573,16,38,0.881326352530541,1.0,0.8779174147217235,-12.208258527827653,0.9473684210526315,0.8766355140186916,-7.073290703393997,2.210596842669265,2.2105968426692644,2.210596842669265
CHEMBL264_Ki,random,99182118,mondrian_wstd,573,16,38,0.881326352530541,1.0,0.8779174147217235,-12.208258527827653,0.9473684210526315,0.8766355140186916,-7.073290703393997,2.210596842669265,2.2105968426692644,2.210596842669265
CHEMBL264_Ki,random,99182118,mondrian_rfstd,573,16,38,0.8673647469458988,0.8125,0.8689407540394973,5.644075403949733,0.868421052631579,0.8672897196261682,-0.1131333005410795,2.02630759888882,1.9083182924326614,2.0346881477586027
CHEMBL264_Ki,random,99182118,cluster,573,16,38,0.8691099476439791,0.875,0.8689407540394973,-0.6059245960502668,0.8157894736842105,0.8728971962616823,5.710772257747177,2.1475781400246503,2.0742359164196937,2.1527874942246283
CHEMBL264_Ki,random,99182118,knn_weighted,573,16,38,0.8586387434554974,0.875,0.8581687612208259,-1.683123877917414,0.868421052631579,0.8579439252336448,-1.047712739793416,2.0232480932847094,1.9868332122208023,2.025834570818221
CHEMBL264_Ki,random,99182118,adaptive,573,16,38,0.8952879581151832,0.9375,0.8940754039497307,-4.342459605026927,0.9210526315789473,0.8934579439252337,-2.7594687653713645,2.622494030457434,2.709462287853779,2.6163168458199366
CHEMBL264_Ki,random,99182118,weighted_shift,573,16,38,0.8551483420593369,0.875,0.8545780969479354,-2.0421903052064594,0.868421052631579,0.8542056074766355,-1.421544515494344,2.0553528670742662,2.0553528670742653,2.055352867074266
CHEMBL264_Ki,random,99182118,cqr,573,16,38,0.8778359511343804,0.9375,0.8761220825852782,-6.137791741472176,0.8947368421052632,0.8766355140186916,-1.810132808657161,2.33861019663069,2.31815785832902,2.3400628860801547
CHEMBL264_Ki,random,89709943,global,573,12,37,0.900523560209424,0.9166666666666666,0.9001782531194296,-1.6488413547237069,0.8918918918918919,0.9011194029850746,0.9227511093182761,2.146207563951016,2.146207563951015,2.1462075639510156
CHEMBL264_Ki,random,89709943,mondrian_wstd,573,12,37,0.900523560209424,0.9166666666666666,0.9001782531194296,-1.6488413547237069,0.8918918918918919,0.9011194029850746,0.9227511093182761,2.146207563951016,2.146207563951015,2.1462075639510156
CHEMBL264_Ki,random,89709943,mondrian_rfstd,573,12,37,0.9057591623036649,0.8333333333333334,0.9073083778966132,7.397504456327986,0.8648648648648649,0.9085820895522388,4.371722468737394,2.1108917432272736,2.08801317866354,2.112471047124397
CHEMBL264_Ki,random,89709943,cluster,573,12,37,0.9179755671902269,0.9166666666666666,0.9180035650623886,0.13368983957219305,0.8918918918918919,0.9197761194029851,2.7884227511093207,2.243743565261335,2.268591763940013,2.242028297815232
CHEMBL264_Ki,random,89709943,knn_weighted,573,12,37,0.9040139616055847,0.8333333333333334,0.9055258467023173,7.219251336898392,0.8648648648648649,0.9067164179104478,4.185155304558286,2.0803182966835534,2.170456323062522,2.07409608217605
CHEMBL264_Ki,random,89709943,adaptive,573,12,37,0.8952879581151832,0.9166666666666666,0.8948306595365418,-2.183600713012479,0.8918918918918919,0.8955223880597015,0.3630496167809638,2.4852114104674707,2.479602983740867,2.4855985593273298
CHEMBL264_Ki,random,89709943,weighted_shift,573,12,37,0.9109947643979057,0.9166666666666666,0.910873440285205,-0.5793226381461625,0.918918918918919,0.9104477611940298,-0.8471157724889156,2.2221235366486454,2.2221235366486445,2.2221235366486454
CHEMBL264_Ki,random,89709943,cqr,573,12,37,0.8830715532286213,1.0,0.8805704099821747,-11.942959001782526,0.8378378378378378,0.8861940298507462,4.835619201290841,2.2819240499314826,2.1861198804958115,2.2885373974484975
CHEMBL264_Ki,random,86921808,global,573,18,36,0.9301919720767888,0.8333333333333334,0.9333333333333333,9.999999999999998,0.8888888888888888,0.9329608938547486,4.407200496585972,2.5025673326752056,2.5025673326752047,2.5025673326752056
CHEMBL264_Ki,random,86921808,mondrian_wstd,573,18,36,0.9301919720767888,0.8333333333333334,0.9333333333333333,9.999999999999998,0.8888888888888888,0.9329608938547486,4.407200496585972,2.5025673326752056,2.5025673326752047,2.5025673326752056
CHEMBL264_Ki,random,86921808,mondrian_rfstd,573,18,36,0.9197207678883071,0.5555555555555556,0.9315315315315316,37.5975975975976,0.6388888888888888,0.9385474860335196,29.965859714463072,2.2421467977539056,2.1617335469545527,2.247537630209728
CHEMBL264_Ki,random,86921808,cluster,573,18,36,0.9493891797556719,0.9444444444444444,0.9495495495495495,0.510510510510509,0.9444444444444444,0.9497206703910615,0.527622594661703,2.701409872102055,2.6300838363382875,2.706191505784542
CHEMBL264_Ki,random,86921808,knn_weighted,573,18,36,0.9022687609075044,0.6111111111111112,0.9117117117117117,30.060060060060056,0.7222222222222222,0.9143389199255121,19.21166977032899,2.214918687794085,2.244552384438969,2.212932071259232
CHEMBL264_Ki,random,86921808,adaptive,573,18,36,0.8970331588132635,0.6111111111111112,0.9063063063063063,29.51951951951951,0.6944444444444444,0.9106145251396648,21.617008069522036,2.7103664115913344,2.585356041185015,2.7187469950822605
CHEMBL264_Ki,random,86921808,weighted_shift,573,18,36,0.912739965095986,0.7777777777777778,0.9171171171171171,13.933933933933929,0.8333333333333334,0.9180633147113594,8.472998137802602,2.3183623342712836,2.318362334271283,2.3183623342712836
CHEMBL264_Ki,random,86921808,cqr,573,18,36,0.9354275741710296,0.7777777777777778,0.9405405405405406,16.27627627627628,0.8611111111111112,0.9404096834264432,7.9298572315332,2.4709793689934076,2.3793328186482774,2.4771232718098415
CHEMBL264_Ki,random,89165191,global,573,23,50,0.9109947643979057,0.8260869565217391,0.9145454545454546,8.845849802371541,0.92,0.9101338432122371,-0.9866156787762925,2.358036588015807,2.358036588015807,2.358036588015807
CHEMBL264_Ki,random,89165191,mondrian_wstd,573,23,50,0.9109947643979057,0.8260869565217391,0.9145454545454546,8.845849802371541,0.92,0.9101338432122371,-0.9866156787762925,2.358036588015807,2.358036588015807,2.358036588015807
CHEMBL264_Ki,random,89165191,mondrian_rfstd,573,23,50,0.912739965095986,0.782608695652174,0.9181818181818182,13.557312252964426,0.88,0.9158699808795411,3.5869980879541075,2.1445557643166864,2.0762815920984163,2.1510829318327738
CHEMBL264_Ki,random,89165191,cluster,573,23,50,0.9092495636998255,0.8260869565217391,0.9127272727272727,8.66403162055336,0.88,0.9120458891013384,3.204588910133843,2.3527846171539837,2.1538879730990463,2.371799592685049
CHEMBL264_Ki,random,89165191,knn_weighted,573,23,50,0.8883071553228621,0.782608695652174,0.8927272727272727,11.011857707509876,0.88,0.8891013384321224,0.9101338432122352,2.123623308698458,2.1297805861920276,2.1230346588424767
CHEMBL264_Ki,random,89165191,adaptive,573,23,50,0.881326352530541,0.782608695652174,0.8854545454545455,10.284584980237154,0.86,0.8833652007648184,2.3365200764818406,2.5923579007996893,2.635127102746795,2.5882690669615336
CHEMBL264_Ki,random,89165191,weighted_shift,573,23,50,0.9109947643979057,0.8260869565217391,0.9145454545454546,8.845849802371541,0.92,0.9101338432122371,-0.9866156787762925,2.358036588015807,2.358036588015807,2.358036588015807
CHEMBL264_Ki,random,89165191,cqr,573,23,50,0.900523560209424,0.9130434782608695,0.9,-1.304347826086949,0.92,0.8986615678776291,-2.1338432122370965,2.4514170275391542,2.511441001515504,2.4456785979047044
CHEMBL264_Ki,scaffold,34332121,global,573,10,29,0.8900523560209425,1.0,0.8880994671403197,-11.190053285968027,0.9655172413793104,0.8860294117647058,-7.948782961460454,2.415860179892279,2.415860179892279,2.415860179892279
CHEMBL264_Ki,scaffold,34332121,mondrian_wstd,573,10,29,0.8900523560209425,1.0,0.8880994671403197,-11.190053285968027,0.9655172413793104,0.8860294117647058,-7.948782961460454,2.415860179892279,2.415860179892279,2.415860179892279
CHEMBL264_Ki,scaffold,34332121,mondrian_rfstd,573,10,29,0.8883071553228621,1.0,0.8863232682060391,-11.367673179396087,0.896551724137931,0.8878676470588235,-0.8684077079107566,2.2586936993060363,2.281263265604113,2.2574905422791174
CHEMBL264_Ki,scaffold,34332121,cluster,573,10,29,0.8900523560209425,1.0,0.8880994671403197,-11.190053285968027,0.9310344827586207,0.8878676470588235,-4.316683569979718,2.3915726125368817,2.3701302662754937,2.3927156787897865
CHEMBL264_Ki,scaffold,34332121,knn_weighted,573,10,29,0.8673647469458988,1.0,0.8650088809946714,-13.499111900532856,0.9310344827586207,0.8639705882352942,-6.706389452332651,2.1744960784467464,2.230000390641825,2.171537208862818
CHEMBL264_Ki,scaffold,34332121,adaptive,573,10,29,0.8848167539267016,0.9,0.8845470692717584,-1.545293072824161,0.8620689655172413,0.8860294117647058,2.3960446247464517,3.000132755645939,3.0337514633821105,2.9983405818879447
CHEMBL264_Ki,scaffold,34332121,weighted_shift,573,10,29,0.8970331588132635,1.0,0.8952042628774423,-10.479573712255775,0.9655172413793104,0.8933823529411765,-7.213488843813387,2.4792203910599273,2.4792203910599273,2.4792203910599273
CHEMBL264_Ki,scaffold,34332121,cqr,573,10,29,0.8795811518324608,1.0,0.8774422735346359,-12.25577264653641,0.896551724137931,0.8786764705882353,-1.7875253549695769,2.4927475154832095,2.570132908550355,2.4886221912204394
CHEMBL264_Ki,scaffold,57652534,global,573,20,41,0.8865619546247818,0.9,0.8860759493670886,-1.3924050632911467,0.8780487804878049,0.8872180451127819,0.9169264624977025,2.3178377171156197,2.3178377171156193,2.3178377171156193
CHEMBL264_Ki,scaffold,57652534,mondrian_wstd,573,20,41,0.8865619546247818,0.9,0.8860759493670886,-1.3924050632911467,0.8780487804878049,0.8872180451127819,0.9169264624977025,2.3178377171156197,2.3178377171156193,2.3178377171156193
CHEMBL264_Ki,scaffold,57652534,mondrian_rfstd,573,20,41,0.8865619546247818,0.75,0.891500904159132,14.150090415913198,0.8292682926829268,0.8909774436090225,6.170915092609574,2.294445550105021,2.1438319968398094,2.3060529856010246
CHEMBL264_Ki,scaffold,57652534,cluster,573,20,41,0.9022687609075044,0.9,0.9023508137432188,0.23508137432187715,0.9024390243902439,0.9022556390977443,-0.0183385292499616,2.493728652438008,2.532469694908642,2.490742970593467
CHEMBL264_Ki,scaffold,57652534,knn_weighted,573,20,41,0.8691099476439791,0.9,0.8679927667269439,-3.20072332730561,0.8780487804878049,0.868421052631579,-0.9627727856225898,2.2333701895224918,2.1890451033576723,2.236786220599104
CHEMBL264_Ki,scaffold,57652534,adaptive,573,20,41,0.9406631762652705,0.8,0.945750452079566,14.575045207956594,0.8780487804878049,0.9454887218045113,6.743994131670639,3.7023273070963145,3.586205383166315,3.7112765531134757
CHEMBL264_Ki,scaffold,57652534,weighted_shift,573,20,41,0.8883071553228621,0.9,0.8878842676311031,-1.2115732368896959,0.8780487804878049,0.8890977443609023,1.1048963873097395,2.3778604309571794,2.3778604309571794,2.3778604309571794
CHEMBL264_Ki,scaffold,57652534,cqr,573,20,41,0.8865619546247818,0.85,0.8878842676311031,3.7884267631103086,0.8780487804878049,0.8872180451127819,0.9169264624977025,2.570252258740898,2.4620239616874526,2.5785931613333624
CHEMBL264_Ki,scaffold,65555877,global,573,27,44,0.924956369982548,0.9259259259259259,0.924908424908425,-0.10175010175009769,0.9318181818181818,0.9243856332703214,-0.7432548547860351,2.723918657442424,2.723918657442424,2.7239186574424235
CHEMBL264_Ki,scaffold,65555877,mondrian_wstd,573,27,44,0.924956369982548,0.9259259259259259,0.924908424908425,-0.10175010175009769,0.9318181818181818,0.9243856332703214,-0.7432548547860351,2.723918657442424,2.723918657442424,2.7239186574424235
CHEMBL264_Ki,scaffold,65555877,mondrian_rfstd,573,27,44,0.900523560209424,0.5555555555555556,0.9175824175824175,36.202686202686195,0.7272727272727273,0.9149338374291115,18.76611101563842,2.5561436015164376,2.3325327148765287,2.5747426166622907
CHEMBL264_Ki,scaffold,65555877,cluster,573,27,44,0.9336823734729494,0.8888888888888888,0.9358974358974359,4.700854700854706,0.9090909090909091,0.9357277882797732,2.663687918886415,2.8120589150539295,2.7220930172938766,2.8195419008789626
CHEMBL264_Ki,scaffold,65555877,knn_weighted,573,27,44,0.9162303664921466,0.9259259259259259,0.9157509157509157,-1.0175010175010213,0.9318181818181818,0.9149338374291115,-1.6884344389070272,2.598545116685807,2.55695868416753,2.6020041016211644
CHEMBL264_Ki,scaffold,65555877,adaptive,573,27,44,0.893542757417103,0.7407407407407407,0.9010989010989011,16.03581603581604,0.8181818181818182,0.8998109640831758,8.162914590135761,3.1266115174558204,3.0173348608815727,3.1357006911595384
CHEMBL264_Ki,scaffold,65555877,weighted_shift,573,27,44,0.924956369982548,0.9259259259259259,0.924908424908425,-0.10175010175009769,0.9318181818181818,0.9243856332703214,-0.7432548547860351,2.723918657442424,2.723918657442424,2.7239186574424235
CHEMBL264_Ki,scaffold,65555877,cqr,573,27,44,0.9197207678883071,0.8518518518518519,0.9230769230769231,7.122507122507127,0.8636363636363636,0.9243856332703214,6.074926963395777,2.784851651154789,2.667498945312899,2.7946125567446627
CHEMBL264_Ki,scaffold,80882938,global,573,13,33,0.9057591623036649,0.8461538461538461,0.9071428571428571,6.098901098901099,0.8787878787878788,0.9074074074074074,2.8619528619528656,2.555258299431237,2.5552582994312374,2.5552582994312374
CHEMBL264_Ki,scaffold,80882938,mondrian_wstd,573,13,33,0.9057591623036649,0.8461538461538461,0.9071428571428571,6.098901098901099,0.8787878787878788,0.9074074074074074,2.8619528619528656,2.555258299431237,2.5552582994312374,2.5552582994312374
CHEMBL264_Ki,scaffold,80882938,mondrian_rfstd,573,13,33,0.900523560209424,0.8461538461538461,0.9017857142857143,5.563186813186816,0.8787878787878788,0.9018518518518519,2.306397306397312,2.359367678435226,2.3214283254603645,2.3616861944503564
CHEMBL264_Ki,scaffold,80882938,cluster,573,13,33,0.9144851657940664,0.8461538461538461,0.9160714285714285,6.991758241758239,0.9090909090909091,0.9148148148148149,0.5723905723905798,2.581341056956036,2.674595968361423,2.575642145703484
CHEMBL264_Ki,scaffold,80882938,knn_weighted,573,13,33,0.9109947643979057,0.9230769230769231,0.9107142857142857,-1.236263736263743,0.8787878787878788,0.912962962962963,3.417508417508419,2.460828570819601,2.5319612285982656,2.456481575066461
CHEMBL264_Ki,scaffold,80882938,adaptive,573,13,33,0.9144851657940664,0.9230769230769231,0.9142857142857143,-0.8791208791208871,0.8181818181818182,0.9203703703703704,10.218855218855216,3.482966284910721,3.413695917202311,3.487199474048457
CHEMBL264_Ki,scaffold,80882938,weighted_shift,573,13,33,0.9057591623036649,0.8461538461538461,0.9071428571428571,6.098901098901099,0.8787878787878788,0.9074074074074074,2.8619528619528656,2.563012089468488,2.5630120894684882,2.5630120894684882
CHEMBL264_Ki,scaffold,80882938,cqr,573,13,33,0.9144851657940664,1.0,0.9125,-8.750000000000002,0.8787878787878788,0.9166666666666666,3.7878787878787845,2.564146021712915,2.4553285310599295,2.5707959794750415
CHEMBL264_Ki,scaffold,62569839,global,573,11,31,0.8900523560209425,0.8181818181818182,0.891459074733096,7.327725655127781,0.9354838709677419,0.8874538745387454,-4.802999642899652,2.602186789796715,2.6021867897967157,2.602186789796715
CHEMBL264_Ki,scaffold,62569839,mondrian_wstd,573,11,31,0.8900523560209425,0.8181818181818182,0.891459074733096,7.327725655127781,0.9354838709677419,0.8874538745387454,-4.802999642899652,2.602186789796715,2.6021867897967157,2.602186789796715
CHEMBL264_Ki,scaffold,62569839,mondrian_rfstd,573,11,31,0.9022687609075044,0.5454545454545454,0.9092526690391459,36.37981235846005,0.6774193548387096,0.915129151291513,23.77097964528033,2.610755343269602,2.1545103191794004,2.636850538374392
CHEMBL264_Ki,scaffold,62569839,cluster,573,11,31,0.9109947643979057,0.8181818181818182,0.9128113879003559,9.462956971853764,0.8709677419354839,0.9132841328413284,4.23163909058445,2.625459078011638,2.437604141091278,2.6362035485735036
CHEMBL264_Ki,scaffold,62569839,knn_weighted,573,11,31,0.8621291448516579,0.8181818181818182,0.8629893238434164,4.480750566159819,0.8709677419354839,0.8616236162361623,-0.9344125699321526,2.3321696182090306,2.3237250070356934,2.3326526125750333
CHEMBL264_Ki,scaffold,62569839,adaptive,573,11,31,0.8865619546247818,0.8181818181818182,0.8879003558718861,6.9718537690067865,0.9032258064516129,0.8856088560885609,-1.7616950363051997,3.0596704843591045,2.9761501376114836,3.0644474783612745
CHEMBL264_Ki,scaffold,62569839,weighted_shift,573,11,31,0.8830715532286213,0.8181818181818182,0.8843416370106761,6.615981882885791,0.9032258064516129,0.8819188191881919,-2.130698726342095,2.5476608822875537,2.5476608822875546,2.5476608822875537
CHEMBL264_Ki,scaffold,62569839,cqr,573,11,31,0.8848167539267016,0.6363636363636364,0.8896797153024911,25.331607893885476,0.7741935483870968,0.8911439114391144,11.695036305201768,2.664604873867748,2.5531467191620005,2.670979786775273
CHEMBL287_Ki,random,71339737,global,265,8,15,0.9056603773584906,0.5,0.9182879377431906,41.82879377431906,0.6666666666666666,0.92,25.333333333333343,2.404888104157617,2.404888104157618,2.404888104157617
CHEMBL287_Ki,random,71339737,mondrian_wstd,265,8,15,0.9056603773584906,0.5,0.9182879377431906,41.82879377431906,0.6666666666666666,0.92,25.333333333333343,2.404888104157617,2.404888104157618,2.404888104157617
CHEMBL287_Ki,random,71339737,mondrian_rfstd,265,8,15,0.9169811320754717,0.5,0.9299610894941635,42.996108949416346,0.6666666666666666,0.932,26.533333333333342,2.5295374539834103,2.403561032825218,2.5370960392529014
CHEMBL287_Ki,random,71339737,cluster,265,8,15,0.9018867924528302,0.5,0.914396887159533,41.4396887159533,0.6666666666666666,0.916,24.93333333333334,2.3631156342849224,2.3544687145568237,2.3636344494686083
CHEMBL287_Ki,random,71339737,knn_weighted,265,8,15,0.9056603773584906,0.5,0.9182879377431906,41.82879377431906,0.6666666666666666,0.92,25.333333333333343,2.3861034552520857,2.3478655385741622,2.3883977302527604
CHEMBL287_Ki,random,71339737,adaptive,265,8,15,0.9320754716981132,0.75,0.9377431906614786,18.77431906614786,0.8,0.94,13.99999999999999,3.3943296396210334,3.9912050325074566,3.358517116047848
CHEMBL287_Ki,random,71339737,weighted_shift,265,8,15,0.9056603773584906,0.5,0.9182879377431906,41.82879377431906,0.6666666666666666,0.92,25.333333333333343,2.420874853494526,2.420874853494526,2.4208748534945257
CHEMBL287_Ki,random,71339737,cqr,265,8,15,0.8716981132075472,0.625,0.8793774319066148,25.43774319066148,0.8,0.876,7.599999999999996,2.5577286452703385,2.881445760296573,2.538305618368765
CHEMBL287_Ki,random,99182118,global,265,7,16,0.9283018867924528,1.0,0.9263565891472868,-7.36434108527132,1.0,0.9236947791164659,-7.630522088353409,2.929388284359804,2.9293882843598045,2.929388284359804
CHEMBL287_Ki,random,99182118,mondrian_wstd,265,7,16,0.9283018867924528,1.0,0.9263565891472868,-7.36434108527132,1.0,0.9236947791164659,-7.630522088353409,2.929388284359804,2.9293882843598045,2.929388284359804
CHEMBL287_Ki,random,99182118,mondrian_rfstd,265,7,16,0.9283018867924528,0.8571428571428571,0.9302325581395349,7.3089700996677776,0.875,0.9317269076305221,5.672690763052213,2.927269909484962,2.6744095205141956,2.9435179666075815
CHEMBL287_Ki,random,99182118,cluster,265,7,16,0.9358490566037736,1.0,0.9341085271317829,-6.5891472868217065,0.9375,0.9357429718875502,-0.1757028112449821,3.169256364648353,3.1128649547538982,3.172879909059242
CHEMBL287_Ki,random,99182118,knn_weighted,265,7,16,0.9207547169811321,1.0,0.9186046511627907,-8.139534883720934,0.875,0.9236947791164659,4.869477911646591,2.586390144114827,2.5112444179384292,2.591218785154274
CHEMBL287_Ki,random,99182118,adaptive,265,7,16,0.9207547169811321,0.8571428571428571,0.9224806201550387,6.533776301218164,0.8125,0.927710843373494,11.521084337349397,3.1856399157306385,4.183215707796656,3.121538660015553
CHEMBL287_Ki,random,99182118,weighted_shift,265,7,16,0.9283018867924528,1.0,0.9263565891472868,-7.36434108527132,1.0,0.9236947791164659,-7.630522088353409,2.881799596847982,2.8817995968479817,2.881799596847982
CHEMBL287_Ki,random,99182118,cqr,265,7,16,0.9283018867924528,1.0,0.9263565891472868,-7.36434108527132,0.9375,0.927710843373494,-0.9789156626506035,2.802562904325128,3.0089846909197666,2.7892988537808945
CHEMBL287_Ki,random,89709943,global,265,8,18,0.8603773584905661,0.875,0.8599221789883269,-1.5077821011673098,0.9444444444444444,0.854251012145749,-9.019343229869548,2.190484600904602,2.190484600904602,2.190484600904602
CHEMBL287_Ki,random,89709943,mondrian_wstd,265,8,18,0.8603773584905661,0.875,0.8599221789883269,-1.5077821011673098,0.9444444444444444,0.854251012145749,-9.019343229869548,2.190484600904602,2.190484600904602,2.190484600904602
CHEMBL287_Ki,random,89709943,mondrian_rfstd,265,8,18,0.8641509433962264,0.625,0.8715953307392996,24.659533073929964,0.8333333333333334,0.8663967611336032,3.306342780026983,2.1375971981913726,2.094622180104439,2.1407289808859664
CHEMBL287_Ki,random,89709943,cluster,265,8,18,0.8716981132075472,0.875,0.8715953307392996,-0.3404669260700377,0.9444444444444444,0.8663967611336032,-7.804768331084122,2.2311321314561496,2.2392083176951965,2.2305435834711176
CHEMBL287_Ki,random,89709943,knn_weighted,265,8,18,0.8566037735849057,0.75,0.8599221789883269,10.99221789883269,0.8888888888888888,0.854251012145749,-3.4637876743139895,2.1627728157032626,2.1585590962907926,2.163079888372998
CHEMBL287_Ki,random,89709943,adaptive,265,8,18,0.9018867924528302,0.75,0.9066147859922179,15.66147859922179,0.8888888888888888,0.902834008097166,1.3945119208277124,3.209879783707551,3.207098993417053,3.2100824323926886
CHEMBL287_Ki,random,89709943,weighted_shift,265,8,18,0.8528301886792453,0.75,0.8560311284046692,10.603112840466922,0.8888888888888888,0.8502024291497976,-3.868645973909124,2.1703614075212663,2.1703614075212667,2.1703614075212663
CHEMBL287_Ki,random,89709943,cqr,265,8,18,0.9056603773584906,0.75,0.9105058365758755,16.05058365758755,0.8888888888888888,0.9068825910931174,1.7993702204228579,2.479702058509455,2.685297602616612,2.4647193872789748
CHEMBL287_Ki,random,86921808,global,265,10,16,0.9207547169811321,0.7,0.9294117647058824,22.941176470588243,0.8125,0.927710843373494,11.521084337349397,2.6510970678944172,2.6510970678944172,2.6510970678944177
CHEMBL287_Ki,random,86921808,mondrian_wstd,265,10,16,0.9207547169811321,0.7,0.9294117647058824,22.941176470588243,0.8125,0.927710843373494,11.521084337349397,2.6510970678944172,2.6510970678944172,2.6510970678944177
CHEMBL287_Ki,random,86921808,mondrian_rfstd,265,10,16,0.9283018867924528,0.7,0.9372549019607843,23.725490196078436,0.8125,0.9357429718875502,12.324297188755018,2.549141566768172,2.569283092085735,2.5478473322096145
CHEMBL287_Ki,random,86921808,cluster,265,10,16,0.9207547169811321,0.7,0.9294117647058824,22.941176470588243,0.8125,0.927710843373494,11.521084337349397,2.6499216655724984,2.6433009217599936,2.650347094893784
CHEMBL287_Ki,random,86921808,knn_weighted,265,10,16,0.9018867924528302,0.6,0.9137254901960784,31.372549019607842,0.75,0.9116465863453815,16.164658634538153,2.465114240088238,2.4822472646631297,2.464013322846478
CHEMBL287_Ki,random,86921808,adaptive,265,10,16,0.9358490566037736,1.0,0.9333333333333333,-6.666666666666665,0.9375,0.9357429718875502,-0.1757028112449821,3.831372984768643,4.636951971424115,3.779608873176323
CHEMBL287_Ki,random,86921808,weighted_shift,265,10,16,0.879245283018868,0.5,0.8941176470588236,39.411764705882355,0.6875,0.891566265060241,20.406626506024097,2.3414691272372536,2.3414691272372536,2.341469127237253
CHEMBL287_Ki,random,86921808,cqr,265,10,16,0.9433962264150944,0.7,0.9529411764705882,25.294117647058822,0.8125,0.9518072289156626,13.93072289156626,2.7921628082650094,2.7847845842382455,2.7926369110137177
CHEMBL287_Ki,random,89165191,global,265,7,11,0.879245283018868,0.7142857142857143,0.8837209302325582,16.943521594684384,0.7272727272727273,0.8858267716535433,15.8554044380816,2.4655401223125666,2.4655401223125666,2.4655401223125666
CHEMBL287_Ki,random,89165191,mondrian_wstd,265,7,11,0.879245283018868,0.7142857142857143,0.8837209302325582,16.943521594684384,0.7272727272727273,0.8858267716535433,15.8554044380816,2.4655401223125666,2.4655401223125666,2.4655401223125666
CHEMBL287_Ki,random,89165191,mondrian_rfstd,265,7,11,0.8981132075471698,0.5714285714285714,0.9069767441860465,33.5548172757475,0.7272727272727273,0.905511811023622,17.82390837508947,2.5110608576475144,2.415739561049834,2.5151889452954457
CHEMBL287_Ki,random,89165191,cluster,265,7,11,0.8679245283018868,0.7142857142857143,0.872093023255814,15.780730897009965,0.7272727272727273,0.8740157480314961,14.674302075876877,2.398114660481146,2.398786396090923,2.398085569568911
CHEMBL287_Ki,random,89165191,knn_weighted,265,7,11,0.8641509433962264,0.7142857142857143,0.8682170542635659,15.393133997785158,0.8181818181818182,0.8661417322834646,4.7959914101646355,2.413518902747042,2.393206411122758,2.414398577581164
CHEMBL287_Ki,random,89165191,adaptive,265,7,11,0.9132075471698113,0.8571428571428571,0.9147286821705426,5.75858250276855,0.9090909090909091,0.9133858267716536,0.42949176807445255,3.6840004840818135,5.073964964606463,3.6238051719331077
CHEMBL287_Ki,random,89165191,weighted_shift,265,7,11,0.8566037735849057,0.5714285714285714,0.8643410852713178,29.29125138427464,0.6363636363636364,0.8661417322834646,22.977809591982822,2.321065100406513,2.321065100406513,2.321065100406513
CHEMBL287_Ki,random,89165191,cqr,265,7,11,0.8603773584905661,0.8571428571428571,0.8604651162790697,0.33222591362126463,0.7272727272727273,0.8661417322834646,13.886900501073729,2.4976290864292405,2.640493330178757,2.4914420522511116
CHEMBL287_Ki,scaffold,34332121,global,265,5,19,0.8716981132075472,0.8,0.8730769230769231,7.307692307692304,0.7894736842105263,0.8780487804878049,8.857509627727856,2.319119438721391,2.31911943872139,2.3191194387213905
CHEMBL287_Ki,scaffold,34332121,mondrian_wstd,265,5,19,0.8716981132075472,0.8,0.8730769230769231,7.307692307692304,0.7894736842105263,0.8780487804878049,8.857509627727856,2.319119438721391,2.31911943872139,2.3191194387213905
CHEMBL287_Ki,scaffold,34332121,mondrian_rfstd,265,5,19,0.8754716981132076,0.8,0.8769230769230769,7.692307692307687,0.7894736842105263,0.8821138211382114,9.264013692768502,2.2450401831614575,2.209493532406925,2.2477856561872143
CHEMBL287_Ki,scaffold,34332121,cluster,265,5,19,0.9169811320754717,0.8,0.9192307692307692,11.923076923076914,0.8947368421052632,0.9186991869918699,2.3962344886606757,2.834417972742968,2.7613068653117643,2.840064765593346
CHEMBL287_Ki,scaffold,34332121,knn_weighted,265,5,19,0.8603773584905661,0.8,0.8615384615384616,6.153846153846154,0.7368421052631579,0.8699186991869918,13.307659392383398,2.207469204698336,2.1402659267266215,2.212659701777452
CHEMBL287_Ki,scaffold,34332121,adaptive,265,5,19,0.8603773584905661,0.8,0.8615384615384616,6.153846153846154,0.6842105263157895,0.8739837398373984,18.977321352160892,2.797270774738396,3.2566954943034387,2.761786751682559
CHEMBL287_Ki,scaffold,34332121,weighted_shift,265,5,19,0.8943396226415095,0.8,0.8961538461538462,9.615384615384615,0.8421052631578947,0.8983739837398373,5.626872058194266,2.6525040827791386,2.6525040827791386,2.6525040827791395
CHEMBL287_Ki,scaffold,34332121,cqr,265,5,19,0.7811320754716982,0.8,0.7807692307692308,-1.9230769230769273,0.7894736842105263,0.7804878048780488,-0.898587933247752,2.2467008840377445,2.4473939974087657,2.231200196419658
CHEMBL287_Ki,scaffold,57652534,global,265,5,14,0.939622641509434,0.4,0.95,54.99999999999999,0.7857142857142857,0.9482071713147411,16.24928856004554,2.97013803910142,2.9701380391014203,2.97013803910142
CHEMBL287_Ki,scaffold,57652534,mondrian_wstd,265,5,14,0.939622641509434,0.4,0.95,54.99999999999999,0.7857142857142857,0.9482071713147411,16.24928856004554,2.97013803910142,2.9701380391014203,2.97013803910142
CHEMBL287_Ki,scaffold,57652534,mondrian_rfstd,265,5,14,0.909433962264151,0.2,0.9230769230769231,72.30769230769232,0.6428571428571429,0.9243027888446215,28.144564598747856,2.8662148485407446,2.656439123542559,2.877915486588452
CHEMBL287_Ki,scaffold,57652534,cluster,265,5,14,0.9358490566037736,0.2,0.95,75.0,0.7142857142857143,0.9482071713147411,23.392145702902678,2.962897775108796,2.954324825161487,2.9633759476158175
CHEMBL287_Ki,scaffold,57652534,knn_weighted,265,5,14,0.9509433962264151,0.8,0.9538461538461539,15.384615384615385,0.9285714285714286,0.952191235059761,2.3619806488332395,2.9535700211370406,3.11660317645777,2.9444765383701474
CHEMBL287_Ki,scaffold,57652534,adaptive,265,5,14,0.909433962264151,0.8,0.9115384615384615,11.153846153846148,0.9285714285714286,0.9083665338645418,-2.02048947068868,3.498703079931381,4.385857170813562,3.449220381635164
CHEMBL287_Ki,scaffold,57652534,weighted_shift,265,5,14,0.939622641509434,0.4,0.95,54.99999999999999,0.7857142857142857,0.9482071713147411,16.24928856004554,2.9379262240049697,2.9379262240049693,2.9379262240049697
CHEMBL287_Ki,scaffold,57652534,cqr,265,5,14,0.9622641509433962,0.6,0.9692307692307692,36.92307692307693,0.8571428571428571,0.9681274900398407,11.098463289698357,3.339675779979307,3.654049931107194,3.3221409667689867
CHEMBL287_Ki,scaffold,65555877,global,265,2,19,0.8490566037735849,1.0,0.8479087452471483,-15.209125475285168,0.8421052631578947,0.8495934959349594,0.7488232777064674,2.6407684145190515,2.6407684145190515,2.640768414519052
CHEMBL287_Ki,scaffold,65555877,mondrian_wstd,265,2,19,0.8490566037735849,1.0,0.8479087452471483,-15.209125475285168,0.8421052631578947,0.8495934959349594,0.7488232777064674,2.6407684145190515,2.6407684145190515,2.640768414519052
CHEMBL287_Ki,scaffold,65555877,mondrian_rfstd,265,2,19,0.8716981132075472,1.0,0.870722433460076,-12.927756653992395,0.8421052631578947,0.8739837398373984,3.187847667950372,2.7444555616133055,2.8083940152060065,2.739517225766715
CHEMBL287_Ki,scaffold,65555877,cluster,265,2,19,0.8528301886792453,1.0,0.8517110266159695,-14.828897338403046,0.8421052631578947,0.8536585365853658,1.1553273427471145,2.6738896831386803,2.687724221577487,2.672821161877147
CHEMBL287_Ki,scaffold,65555877,knn_weighted,265,2,19,0.8377358490566038,1.0,0.8365019011406845,-16.349809885931556,0.8421052631578947,0.8373983739837398,-0.4706889174154849,2.573010299391822,2.603483693827544,2.5706566632362176
CHEMBL287_Ki,scaffold,65555877,adaptive,265,2,19,0.8830188679245283,0.5,0.8859315589353612,38.59315589353612,0.8947368421052632,0.8821138211382114,-1.2623020967051812,3.504910721126268,3.8789826685040367,3.4760189853531878
CHEMBL287_Ki,scaffold,65555877,weighted_shift,265,2,19,0.8641509433962264,1.0,0.8631178707224335,-13.688212927756648,0.8421052631578947,0.8658536585365854,2.3748395378690668,2.9601941278838417,2.9601941278838413,2.9601941278838404
CHEMBL287_Ki,scaffold,65555877,cqr,265,2,19,0.8716981132075472,1.0,0.870722433460076,-12.927756653992395,0.8947368421052632,0.8699186991869918,-2.4818142918271335,2.6604837039539966,3.008789547687273,2.6335820330965487
CHEMBL287_Ki,scaffold,80882938,global,265,8,20,0.8830188679245283,1.0,0.8793774319066148,-12.062256809338523,0.85,0.8857142857142857,3.57142857142857,2.699063824880825,2.699063824880825,2.699063824880825
CHEMBL287_Ki,scaffold,80882938,mondrian_wstd,265,8,20,0.8830188679245283,1.0,0.8793774319066148,-12.062256809338523,0.85,0.8857142857142857,3.57142857142857,2.699063824880825,2.699063824880825,2.699063824880825
CHEMBL287_Ki,scaffold,80882938,mondrian_rfstd,265,8,20,0.9056603773584906,1.0,0.9027237354085603,-9.727626459143968,0.9,0.9061224489795918,0.6122448979591799,2.7539749699582763,2.866904268467443,2.74475625171263
CHEMBL287_Ki,scaffold,80882938,cluster,265,8,20,0.8867924528301887,1.0,0.8832684824902723,-11.673151750972766,0.85,0.889795918367347,3.979591836734697,2.85836201462235,2.9394607060626528,2.8517417132802843
CHEMBL287_Ki,scaffold,80882938,knn_weighted,265,8,20,0.8905660377358491,1.0,0.8871595330739299,-11.284046692607008,0.85,0.8938775510204081,4.387755102040813,2.8898299963602767,2.852231910604311,2.8928992278505588
CHEMBL287_Ki,scaffold,80882938,adaptive,265,8,20,0.8679245283018868,1.0,0.8638132295719845,-13.618677042801552,0.95,0.8612244897959184,-8.87755102040816,3.0890223430119286,4.579241656974904,2.967371786770054
CHEMBL287_Ki,scaffold,80882938,weighted_shift,265,8,20,0.8867924528301887,1.0,0.8832684824902723,-11.673151750972766,0.85,0.889795918367347,3.979591836734697,2.7658652399513213,2.7658652399513217,2.765865239951321
CHEMBL287_Ki,scaffold,80882938,cqr,265,8,20,0.9245283018867925,1.0,0.9221789883268483,-7.78210116731517,0.9,0.926530612244898,2.6530612244897944,2.7815280471559753,3.2285444195728736,2.74503691471378
CHEMBL287_Ki,scaffold,62569839,global,265,3,14,0.8301886792452831,1.0,0.8282442748091603,-17.17557251908397,0.9285714285714286,0.8247011952191236,-10.387023335230506,2.5304434300390923,2.5304434300390923,2.530443430039093
CHEMBL287_Ki,scaffold,62569839,mondrian_wstd,265,3,14,0.8301886792452831,1.0,0.8282442748091603,-17.17557251908397,0.9285714285714286,0.8247011952191236,-10.387023335230506,2.5304434300390923,2.5304434300390923,2.530443430039093
CHEMBL287_Ki,scaffold,62569839,mondrian_rfstd,265,3,14,0.8490566037735849,1.0,0.8473282442748091,-15.267175572519086,0.8571428571428571,0.848605577689243,-0.8537279453614044,2.6797131588697027,2.889162383414948,2.6680307320026375
CHEMBL287_Ki,scaffold,62569839,cluster,265,3,14,0.8339622641509434,1.0,0.8320610687022901,-16.793893129770986,0.9285714285714286,0.8286852589641435,-9.988616960728514,2.560197295473361,2.5717172563757944,2.5595547478533045
CHEMBL287_Ki,scaffold,62569839,knn_weighted,265,3,14,0.8037735849056604,1.0,0.8015267175572519,-19.84732824427481,0.7857142857142857,0.8047808764940239,1.9066590779738157,2.400801535157486,2.37170654582338,2.402424363247834
CHEMBL287_Ki,scaffold,62569839,adaptive,265,3,14,0.9245283018867925,1.0,0.9236641221374046,-7.633587786259543,0.7857142857142857,0.9322709163346613,14.655663062037561,4.570363295798489,4.740994465569726,4.560846019396907
CHEMBL287_Ki,scaffold,62569839,weighted_shift,265,3,14,0.8339622641509434,1.0,0.8320610687022901,-16.793893129770986,0.9285714285714286,0.8286852589641435,-9.988616960728514,2.6222153781154045,2.622215378115405,2.622215378115405
CHEMBL287_Ki,scaffold,62569839,cqr,265,3,14,0.8641509433962264,1.0,0.8625954198473282,-13.740458015267176,1.0,0.8565737051792829,-14.342629482071711,2.7396469300526705,3.2440544810883543,2.711512644337533
CHEMBL3979_EC50,random,71339737,global,225,8,22,0.9422222222222222,0.875,0.9447004608294931,6.9700460829493105,0.9545454545454546,0.9408866995073891,-1.3658755038065462,2.2241301063239063,2.2241301063239063,2.2241301063239063
CHEMBL3979_EC50,random,71339737,mondrian_wstd,225,8,22,0.9422222222222222,0.875,0.9447004608294931,6.9700460829493105,0.9545454545454546,0.9408866995073891,-1.3658755038065462,2.2241301063239063,2.2241301063239063,2.2241301063239063
CHEMBL3979_EC50,random,71339737,mondrian_rfstd,225,8,22,0.9244444444444444,0.875,0.9262672811059908,5.1267281105990765,0.8636363636363636,0.9310344827586207,6.739811912225702,2.282985973561684,2.239506753570588,2.2876980072553006
CHEMBL3979_EC50,random,71339737,cluster,225,8,22,0.9555555555555556,0.875,0.9585253456221198,8.352534562211977,0.9545454545454546,0.9556650246305419,0.11195700850873402,2.3957113942597026,2.236421363687349,2.4129743532379866
CHEMBL3979_EC50,random,71339737,knn_weighted,225,8,22,0.9422222222222222,0.875,0.9447004608294931,6.9700460829493105,0.9545454545454546,0.9408866995073891,-1.3658755038065462,2.1346453908709124,2.123641455317774,2.1358379356106614
CHEMBL3979_EC50,random,71339737,adaptive,225,8,22,0.8666666666666667,0.875,0.8663594470046083,-0.8640552995391682,0.8181818181818182,0.8719211822660099,5.3739364084191665,2.4928238134623912,2.474381252813512,2.4948225146164567
CHEMBL3979_EC50,random,71339737,weighted_shift,225,8,22,0.9377777777777778,0.875,0.9400921658986175,6.509216589861754,0.9545454545454546,0.9359605911330049,-1.8584863412449693,2.2157320478197633,2.2157320478197633,2.2157320478197633
CHEMBL3979_EC50,random,71339737,cqr,225,8,22,0.9155555555555556,1.0,0.9124423963133641,-8.75576036866359,0.9090909090909091,0.916256157635468,0.7165248544558911,2.368193333730069,2.4008446895157043,2.3646547631523154
CHEMBL3979_EC50,random,99182118,global,225,7,15,0.9511111111111111,0.5714285714285714,0.963302752293578,39.18741808650066,0.8,0.9619047619047619,16.19047619047619,2.2587774107786984,2.2587774107786984,2.2587774107786984
CHEMBL3979_EC50,random,99182118,mondrian_wstd,225,7,15,0.9511111111111111,0.5714285714285714,0.963302752293578,39.18741808650066,0.8,0.9619047619047619,16.19047619047619,2.2587774107786984,2.2587774107786984,2.2587774107786984
CHEMBL3979_EC50,random,99182118,mondrian_rfstd,225,7,15,0.9288888888888889,0.42857142857142855,0.944954128440367,51.638269986893846,0.6666666666666666,0.9476190476190476,28.095238095238095,2.1552803775096545,2.099966682837281,2.1592313557005385
CHEMBL3979_EC50,random,99182118,cluster,225,7,15,0.9333333333333333,0.42857142857142855,0.9495412844036697,52.09698558322411,0.7333333333333333,0.9476190476190476,21.42857142857143,2.2175088516766492,2.2584913087434404,2.214581533314736
CHEMBL3979_EC50,random,99182118,knn_weighted,225,7,15,0.9244444444444444,0.5714285714285714,0.9357798165137615,36.43512450851901,0.7333333333333333,0.9380952380952381,20.47619047619048,2.1213629669363496,2.082921102397222,2.12410881440343
CHEMBL3979_EC50,random,99182118,adaptive,225,7,15,0.8755555555555555,0.42857142857142855,0.8899082568807339,46.13368283093054,0.6666666666666666,0.8904761904761904,22.38095238095238,2.5715809240480403,2.456070349530649,2.579831679370711
CHEMBL3979_EC50,random,99182118,weighted_shift,225,7,15,0.9022222222222223,0.2857142857142857,0.9220183486238532,63.630406290956756,0.6666666666666666,0.919047619047619,25.238095238095237,1.9870220465523418,1.9870220465523412,1.9870220465523418
CHEMBL3979_EC50,random,99182118,cqr,225,7,15,0.9377777777777778,0.8571428571428571,0.9403669724770642,8.322411533420714,0.9333333333333333,0.9380952380952381,0.4761904761904745,2.3228803005096488,2.4354662944381733,2.3148384438004683
CHEMBL3979_EC50,random,89709943,global,225,7,22,0.8844444444444445,0.8571428571428571,0.8853211009174312,2.817824377457412,0.8181818181818182,0.8916256157635468,7.344379758172859,2.118220200019104,2.118220200019104,2.118220200019104
CHEMBL3979_EC50,random,89709943,mondrian_wstd,225,7,22,0.8844444444444445,0.8571428571428571,0.8853211009174312,2.817824377457412,0.8181818181818182,0.8916256157635468,7.344379758172859,2.118220200019104,2.118220200019104,2.118220200019104
CHEMBL3979_EC50,random,89709943,mondrian_rfstd,225,7,22,0.9111111111111111,0.8571428571428571,0.9128440366972477,5.570117955439057,0.8181818181818182,0.9211822660098522,10.300044782803397,2.3132765561831414,2.3665452985448745,2.3075035890306386
CHEMBL3979_EC50,random,89709943,cluster,225,7,22,0.9022222222222223,1.0,0.8990825688073395,-10.09174311926605,0.8636363636363636,0.9064039408866995,4.276757725033587,2.269033935713716,2.3100459833978984,2.264589280299667
CHEMBL3979_EC50,random,89709943,knn_weighted,225,7,22,0.8888888888888888,0.8571428571428571,0.8899082568807339,3.2765399737876844,0.8181818181818182,0.896551724137931,7.836990595611281,2.149961843243718,2.179017051081158,2.1468130029854735
CHEMBL3979_EC50,random,89709943,adaptive,225,7,22,0.8711111111111111,0.8571428571428571,0.8715596330275229,1.4416775884665833,0.8181818181818182,0.8768472906403941,5.866547245857589,2.485616466170551,3.0014267350506527,2.4297158458978307
CHEMBL3979_EC50,random,89709943,weighted_shift,225,7,22,0.9066666666666666,1.0,0.9036697247706422,-9.633027522935777,0.8636363636363636,0.9113300492610837,4.7693685624720095,2.2952862557504514,2.295286255750452,2.295286255750451
CHEMBL3979_EC50,random,89709943,cqr,225,7,22,0.8533333333333334,1.0,0.8486238532110092,-15.13761467889908,0.8636363636363636,0.8522167487684729,-1.1419614867890782,2.11092317294685,2.210952563536772,2.1000825493361193
CHEMBL3979_EC50,random,86921808,global,225,12,22,0.9466666666666667,0.8333333333333334,0.9530516431924883,11.971830985915489,0.8181818181818182,0.9605911330049262,14.240931482310792,2.408857133484561,2.408857133484561,2.408857133484561
CHEMBL3979_EC50,random,86921808,mondrian_wstd,225,12,22,0.9466666666666667,0.8333333333333334,0.9530516431924883,11.971830985915489,0.8181818181818182,0.9605911330049262,14.240931482310792,2.408857133484561,2.408857133484561,2.408857133484561
CHEMBL3979_EC50,random,86921808,mondrian_rfstd,225,12,22,0.9511111111111111,0.75,0.9624413145539906,21.244131455399064,0.8181818181818182,0.9655172413793104,14.733542319749215,2.509246254122022,2.440366716072389,2.516711031644643
CHEMBL3979_EC50,random,86921808,cluster,225,12,22,0.9511111111111111,0.8333333333333334,0.9577464788732394,12.441314553990601,0.8636363636363636,0.9605911330049262,9.69547693685625,2.4961279523350823,2.434358346785038,2.502822195301097
CHEMBL3979_EC50,random,86921808,knn_weighted,225,12,22,0.9466666666666667,0.8333333333333334,0.9530516431924883,11.971830985915489,0.8181818181818182,0.9605911330049262,14.240931482310792,2.400562779171403,2.3716133313440753,2.403700157753675
CHEMBL3979_EC50,random,86921808,adaptive,225,12,22,0.9377777777777778,0.8333333333333334,0.9436619718309859,11.032863849765251,0.8636363636363636,0.9458128078817734,8.217644424540971,3.666907268508024,3.1951593755322096,3.7180326559241217
CHEMBL3979_EC50,random,86921808,weighted_shift,225,12,22,0.9422222222222222,0.75,0.9530516431924883,20.305164319248824,0.7727272727272727,0.9605911330049262,18.786386027765346,2.4030780065040283,2.403078006504029,2.4030780065040283
CHEMBL3979_EC50,random,86921808,cqr,225,12,22,0.9422222222222222,0.6666666666666666,0.9577464788732394,29.107981220657276,0.7727272727272727,0.9605911330049262,18.786386027765346,2.5908930822941434,2.403903881075676,2.6111579218350616
CHEMBL3979_EC50,random,89165191,global,225,5,16,0.9377777777777778,1.0,0.9363636363636364,-6.36363636363636,0.875,0.9425837320574163,6.758373205741631,2.323871268010271,2.3238712680102704,2.323871268010271
CHEMBL3979_EC50,random,89165191,mondrian_wstd,225,5,16,0.9377777777777778,1.0,0.9363636363636364,-6.36363636363636,0.875,0.9425837320574163,6.758373205741631,2.323871268010271,2.3238712680102704,2.323871268010271
CHEMBL3979_EC50,random,89165191,mondrian_rfstd,225,5,16,0.92,1.0,0.9181818181818182,-8.18181818181818,0.875,0.9234449760765551,4.844497607655507,2.2077178785100413,2.1192577845324023,2.2144899431207694
CHEMBL3979_EC50,random,89165191,cluster,225,5,16,0.9422222222222222,1.0,0.9409090909090909,-5.909090909090908,0.875,0.9473684210526315,7.236842105263152,2.4207880992385316,2.3489704543751673,2.4262861007591714
CHEMBL3979_EC50,random,89165191,knn_weighted,225,5,16,0.92,1.0,0.9181818181818182,-8.18181818181818,0.875,0.9234449760765551,4.844497607655507,2.209674312305451,2.0910031653461605,2.2187591847999424
CHEMBL3979_EC50,random,89165191,adaptive,225,5,16,0.9155555555555556,1.0,0.9136363636363637,-8.636363636363631,0.875,0.9186602870813397,4.366028708133973,2.669828840502708,2.5662849720078205,2.677755643832461
CHEMBL3979_EC50,random,89165191,weighted_shift,225,5,16,0.9155555555555556,1.0,0.9136363636363637,-8.636363636363631,0.875,0.9186602870813397,4.366028708133973,2.1786270153384333,2.1786270153384333,2.1786270153384337
CHEMBL3979_EC50,random,89165191,cqr,225,5,16,0.9333333333333333,0.8,0.9363636363636364,13.636363636363635,0.8125,0.9425837320574163,13.00837320574163,2.3719654291592605,2.433809425930822,2.3672309605068915
CHEMBL3979_EC50,scaffold,34332121,global,225,7,31,0.9022222222222223,0.7142857142857143,0.908256880733945,19.397116644823065,0.8709677419354839,0.9072164948453608,3.6248752909876947,2.584811428505762,2.5848114285057617,2.5848114285057626
CHEMBL3979_EC50,scaffold,34332121,mondrian_wstd,225,7,31,0.9022222222222223,0.7142857142857143,0.908256880733945,19.397116644823065,0.8709677419354839,0.9072164948453608,3.6248752909876947,2.584811428505762,2.5848114285057617,2.5848114285057626
CHEMBL3979_EC50,scaffold,34332121,mondrian_rfstd,225,7,31,0.92,0.8571428571428571,0.9220183486238532,6.487549148099614,0.8709677419354839,0.9278350515463918,5.686730961090792,2.577396802739142,2.592565734751062,2.5749729012320826
CHEMBL3979_EC50,scaffold,34332121,cluster,225,7,31,0.9022222222222223,0.7142857142857143,0.908256880733945,19.397116644823065,0.8709677419354839,0.9072164948453608,3.6248752909876947,2.6048297176900967,2.607545354117014,2.6043957757868266
CHEMBL3979_EC50,scaffold,34332121,knn_weighted,225,7,31,0.8933333333333333,0.7142857142857143,0.8990825688073395,18.47968545216252,0.8709677419354839,0.8969072164948454,2.593947455936152,2.5086901763023595,2.481784384879308,2.5129895553441877
CHEMBL3979_EC50,scaffold,34332121,adaptive,225,7,31,0.88,0.8571428571428571,0.8807339449541285,2.3591087811271394,0.8709677419354839,0.8814432989690721,1.0475557033588268,3.4062653465717077,3.2119953271325654,3.4373084940078598
CHEMBL3979_EC50,scaffold,34332121,weighted_shift,225,7,31,0.9022222222222223,0.7142857142857143,0.908256880733945,19.397116644823065,0.8709677419354839,0.9072164948453608,3.6248752909876947,2.6051552642388205,2.60515526423882,2.605155264238821
CHEMBL3979_EC50,scaffold,34332121,cqr,225,7,31,0.8666666666666667,0.7142857142857143,0.8715596330275229,15.727391874180864,0.8387096774193549,0.8711340206185567,3.2424343199201844,2.4602972213104684,2.39054791726761,2.4714427286575233
CHEMBL3979_EC50,scaffold,57652534,global,225,1,16,0.8933333333333333,1.0,0.8928571428571429,-10.71428571428571,0.875,0.8947368421052632,1.9736842105263164,2.3478550732922376,2.347855073292237,2.347855073292237
CHEMBL3979_EC50,scaffold,57652534,mondrian_wstd,225,1,16,0.8933333333333333,1.0,0.8928571428571429,-10.71428571428571,0.875,0.8947368421052632,1.9736842105263164,2.3478550732922376,2.347855073292237,2.347855073292237
CHEMBL3979_EC50,scaffold,57652534,mondrian_rfstd,225,1,16,0.8933333333333333,1.0,0.8928571428571429,-10.71428571428571,0.875,0.8947368421052632,1.9736842105263164,2.4851486903074744,2.457694762155991,2.4872504264339033
CHEMBL3979_EC50,scaffold,57652534,cluster,225,1,16,0.8888888888888888,1.0,0.8883928571428571,-11.16071428571429,0.875,0.8899521531100478,1.4952153110047828,2.2857713792565644,2.3291468172770236,2.2824507715612183
CHEMBL3979_EC50,scaffold,57652534,knn_weighted,225,1,16,0.8577777777777778,1.0,0.8571428571428571,-14.28571428571429,0.8125,0.861244019138756,4.874401913875603,2.135470101462058,2.0320627146106993,2.1433864564363247
CHEMBL3979_EC50,scaffold,57652534,adaptive,225,1,16,0.8622222222222222,1.0,0.8616071428571429,-13.83928571428571,0.6875,0.8755980861244019,18.809808612440193,3.022067153811728,2.7513431837536753,3.0427924338161723
CHEMBL3979_EC50,scaffold,57652534,weighted_shift,225,1,16,0.8177777777777778,1.0,0.8169642857142857,-18.30357142857143,0.8125,0.8181818181818182,0.5681818181818232,1.859984379887281,1.8599843798872813,1.8599843798872808
CHEMBL3979_EC50,scaffold,57652534,cqr,225,1,16,0.8311111111111111,1.0,0.8303571428571429,-16.964285714285708,0.8125,0.8325358851674641,2.003588516746413,2.261158423625709,2.2800136482267344,2.259714961455296
CHEMBL3979_EC50,scaffold,65555877,global,225,4,19,0.88,0.75,0.8823529411764706,13.235294117647056,0.8421052631578947,0.883495145631068,4.138988247317332,2.8173921995991194,2.8173921995991194,2.817392199599119
CHEMBL3979_EC50,scaffold,65555877,mondrian_wstd,225,4,19,0.88,0.75,0.8823529411764706,13.235294117647056,0.8421052631578947,0.883495145631068,4.138988247317332,2.8173921995991194,2.8173921995991194,2.817392199599119
CHEMBL3979_EC50,scaffold,65555877,mondrian_rfstd,225,4,19,0.8755555555555555,0.75,0.8778280542986425,12.782805429864252,0.8421052631578947,0.8786407766990292,3.653551354113449,2.906172633961389,2.966639650220813,2.9005955790636753
CHEMBL3979_EC50,scaffold,65555877,cluster,225,4,19,0.8888888888888888,0.75,0.8914027149321267,14.140271493212675,0.8421052631578947,0.8932038834951457,5.109862033725099,2.824145026827946,2.786087577229261,2.8276551799462717
CHEMBL3979_EC50,scaffold,65555877,knn_weighted,225,4,19,0.8488888888888889,0.75,0.8506787330316742,10.067873303167419,0.7894736842105263,0.8543689320388349,6.489524782830857,2.4315394631379967,2.3902295821971595,2.4353495977878796
CHEMBL3979_EC50,scaffold,65555877,adaptive,225,4,19,0.8533333333333334,0.75,0.8552036199095022,10.520361990950223,0.7894736842105263,0.8592233009708737,6.9749616760347415,3.562133922555968,2.992245866046133,3.6146964132049333
CHEMBL3979_EC50,scaffold,65555877,weighted_shift,225,4,19,0.9377777777777778,1.0,0.9366515837104072,-6.334841628959276,0.8947368421052632,0.941747572815534,4.701073071027084,3.137391695814575,3.1373916958145744,3.137391695814575
CHEMBL3979_EC50,scaffold,65555877,cqr,225,4,19,0.8622222222222222,0.75,0.8642533936651584,11.425339366515841,0.631578947368421,0.883495145631068,25.1916198262647,2.49802935589744,2.1410147585550514,2.5309578867202807
CHEMBL3979_EC50,scaffold,80882938,global,225,7,34,0.9422222222222222,0.8571428571428571,0.944954128440367,8.781127129750988,0.9705882352941176,0.93717277486911,-3.341546042500765,2.778103463235886,2.7781034632358845,2.778103463235885
CHEMBL3979_EC50,scaffold,80882938,mondrian_wstd,225,7,34,0.9422222222222222,0.8571428571428571,0.944954128440367,8.781127129750988,0.9705882352941176,0.93717277486911,-3.341546042500765,2.778103463235886,2.7781034632358845,2.778103463235885
CHEMBL3979_EC50,scaffold,80882938,mondrian_rfstd,225,7,34,0.9377777777777778,0.8571428571428571,0.9403669724770642,8.322411533420714,0.9705882352941176,0.9319371727748691,-3.8651062519248547,2.7450080289359464,2.7369310492790624,2.746445815890574
CHEMBL3979_EC50,scaffold,80882938,cluster,225,7,34,0.9022222222222223,0.8571428571428571,0.9036697247706422,4.652686762778513,0.9705882352941176,0.8900523560209425,-8.053587927317519,2.6269622777727397,2.9821471209024923,2.5637356564826277
CHEMBL3979_EC50,scaffold,80882938,knn_weighted,225,7,34,0.9377777777777778,0.8571428571428571,0.9403669724770642,8.322411533420714,0.9705882352941176,0.9319371727748691,-3.8651062519248547,2.7117249573389723,2.7608378388181483,2.7029823501646693
CHEMBL3979_EC50,scaffold,80882938,adaptive,225,7,34,0.9333333333333333,0.7142857142857143,0.9403669724770642,22.608125819134994,0.8235294117647058,0.9528795811518325,12.935016938712662,3.4133313343716396,2.921254406079842,3.5009261802455733
CHEMBL3979_EC50,scaffold,80882938,weighted_shift,225,7,34,0.9288888888888889,0.8571428571428571,0.9311926605504587,7.404980340760159,0.9705882352941176,0.9214659685863874,-4.912226670773023,2.719473864741416,2.719473864741415,2.7194738647414156
CHEMBL3979_EC50,scaffold,80882938,cqr,225,7,34,0.8977777777777778,0.7142857142857143,0.9036697247706422,18.938401048492793,0.8823529411764706,0.900523560209424,1.8170619032953472,2.848088315860156,2.7972894620935627,2.8571310437557798
CHEMBL3979_EC50,scaffold,62569839,global,225,3,16,0.92,0.3333333333333333,0.9279279279279279,59.45945945945945,0.8125,0.9282296650717703,11.572966507177028,2.4511600643780156,2.4511600643780156,2.4511600643780156
CHEMBL3979_EC50,scaffold,62569839,mondrian_wstd,225,3,16,0.92,0.3333333333333333,0.9279279279279279,59.45945945945945,0.8125,0.9282296650717703,11.572966507177028,2.4511600643780156,2.4511600643780156,2.4511600643780156
CHEMBL3979_EC50,scaffold,62569839,mondrian_rfstd,225,3,16,0.8933333333333333,0.3333333333333333,0.9009009009009009,56.75675675675676,0.75,0.9043062200956937,15.430622009569372,2.5276965725237988,2.472743876062726,2.531903477516034
CHEMBL3979_EC50,scaffold,62569839,cluster,225,3,16,0.9377777777777778,0.6666666666666666,0.9414414414414415,27.477477477477485,0.875,0.9425837320574163,6.758373205741631,2.6508009548436053,2.7498728910098125,2.6432165004002597
CHEMBL3979_EC50,scaffold,62569839,knn_weighted,225,3,16,0.9066666666666666,0.3333333333333333,0.9144144144144144,58.10810810810811,0.8125,0.9138755980861244,10.13755980861244,2.4822874874580254,2.4343664838164227,2.485956081038244
CHEMBL3979_EC50,scaffold,62569839,adaptive,225,3,16,0.8977777777777778,0.3333333333333333,0.9054054054054054,57.2072072072072,0.75,0.9090909090909091,15.909090909090907,2.781208995847647,2.2693864068473024,2.8203915863931277
CHEMBL3979_EC50,scaffold,62569839,weighted_shift,225,3,16,0.9155555555555556,0.3333333333333333,0.9234234234234234,59.009009009009006,0.8125,0.9234449760765551,11.094497607655507,2.4025559721219025,2.4025559721219025,2.4025559721219025
CHEMBL3979_EC50,scaffold,62569839,cqr,225,3,16,0.9155555555555556,0.3333333333333333,0.9234234234234234,59.009009009009006,0.875,0.9186602870813397,4.366028708133973,2.874894220965118,2.904642262014113,2.872616858970936
