seed,method,group_def,side,n,k,coverage,ci_lo,ci_hi,mean_width,worst_d_wstd_cov,worst_d_wstd_spread,worst_rf_std_cov,worst_rf_std_spread,dataset
71339737,global,cliffB_oracle,all,629,525,0.834658187599364,0.8036123671202956,0.8616411401080982,1.9238899031743146,,,,,CHEMBL233_Ki
71339737,global,cliffB_oracle,cliff,30,16,0.5333333333333333,0.36142299619873297,0.6976761109230025,1.9238899031743144,,,,,CHEMBL233_Ki
71339737,global,cliffB_oracle,noncliff,599,509,0.8497495826377296,0.8189106457387595,0.8761311332717069,1.9238899031743146,,,,,CHEMBL233_Ki
71339737,global,cliffA,all,629,525,0.834658187599364,0.8036123671202956,0.8616411401080982,1.9238899031743146,,,,,CHEMBL233_Ki
71339737,global,cliffA,cliff,55,36,0.6545454545454545,0.5225390350756162,0.7663729045791027,1.9238899031743146,,,,,CHEMBL233_Ki
71339737,global,cliffA,noncliff,574,489,0.8519163763066202,0.8205226974584371,0.8786310130152214,1.9238899031743146,,,,,CHEMBL233_Ki
71339737,global,__bins__,__summary__,-1,-1,,,,1.9238899031743146,0.7635135135135135,0.14481981981981984,0.6904761904761905,0.24603174603174605,CHEMBL233_Ki
71339737,mondrian_pair,cliffB_oracle,all,629,529,0.8410174880763116,0.8103833054642974,0.8675115985760377,1.9550987222812937,,,,,CHEMBL233_Ki
71339737,mondrian_pair,cliffB_oracle,cliff,30,14,0.4666666666666667,0.30232388907699753,0.638577003801267,1.8031252352210647,,,,,CHEMBL233_Ki
71339737,mondrian_pair,cliffB_oracle,noncliff,599,515,0.8597662771285476,0.8296610421296801,0.8852864680218976,1.962710082234227,,,,,CHEMBL233_Ki
71339737,mondrian_pair,cliffA,all,629,529,0.8410174880763116,0.8103833054642974,0.8675115985760377,1.9550987222812937,,,,,CHEMBL233_Ki
71339737,mondrian_pair,cliffA,cliff,55,34,0.6181818181818182,0.4860922023248993,0.7348404574110621,1.7903550363885377,,,,,CHEMBL233_Ki
71339737,mondrian_pair,cliffA,noncliff,574,495,0.8623693379790941,0.8317674577392274,0.8881531946296882,1.9708842670968019,,,,,CHEMBL233_Ki
71339737,mondrian_pair,__bins__,__summary__,-1,-1,,,,1.9550987222812937,0.777027027027027,0.15630630630630638,0.7222222222222222,0.19841269841269837,CHEMBL233_Ki
71339737,mondrian_wstd,cliffB_oracle,all,629,528,0.8394276629570747,0.8086891105357936,0.8660454443015559,1.9493613312427949,,,,,CHEMBL233_Ki
71339737,mondrian_wstd,cliffB_oracle,cliff,30,19,0.6333333333333333,0.4551356365479487,0.7812607919389929,2.2332966331523383,,,,,CHEMBL233_Ki
71339737,mondrian_wstd,cliffB_oracle,noncliff,599,509,0.8497495826377296,0.8189106457387595,0.8761311332717069,1.9351408653708644,,,,,CHEMBL233_Ki
71339737,mondrian_wstd,cliffA,all,629,528,0.8394276629570747,0.8086891105357936,0.8660454443015559,1.9493613312427949,,,,,CHEMBL233_Ki
71339737,mondrian_wstd,cliffA,cliff,55,41,0.7454545454545455,0.6169812871823414,0.841878852269271,2.2080312417851746,,,,,CHEMBL233_Ki
71339737,mondrian_wstd,cliffA,noncliff,574,487,0.8484320557491289,0.8167855293012176,0.8754458672073551,1.9245758868528458,,,,,CHEMBL233_Ki
71339737,mondrian_wstd,__bins__,__summary__,-1,-1,,,,1.9493613312427949,0.8016528925619835,0.09699575608666522,0.7301587301587301,0.19047619047619047,CHEMBL233_Ki
71339737,mondrian_std,cliffB_oracle,all,629,526,0.8362480127186009,0.8053036527380121,0.863110203693367,1.9473285649166674,,,,,CHEMBL233_Ki
71339737,mondrian_std,cliffB_oracle,cliff,30,19,0.6333333333333333,0.4551356365479487,0.7812607919389929,2.23201736289126,,,,,CHEMBL233_Ki
71339737,mondrian_std,cliffB_oracle,noncliff,599,507,0.8464106844741235,0.8153369657769274,0.8730695695198352,1.9330703613453186,,,,,CHEMBL233_Ki
71339737,mondrian_std,cliffA,all,629,526,0.8362480127186009,0.8053036527380121,0.863110203693367,1.9473285649166674,,,,,CHEMBL233_Ki
71339737,mondrian_std,cliffA,cliff,55,41,0.7454545454545455,0.6169812871823414,0.841878852269271,2.2068101201723267,,,,,CHEMBL233_Ki
71339737,mondrian_std,cliffA,noncliff,574,485,0.8449477351916377,0.8130536427738759,0.8722554397696112,1.922465349691822,,,,,CHEMBL233_Ki
71339737,mondrian_std,__bins__,__summary__,-1,-1,,,,1.9473285649166674,0.7933884297520661,0.10526021889658255,0.7301587301587301,0.19047619047619047,CHEMBL233_Ki
71339737,mondrian_iqr,cliffB_oracle,all,629,533,0.8473767885532592,0.8171701375210233,0.8733661633312527,1.8947396403348082,,,,,CHEMBL233_Ki
71339737,mondrian_iqr,cliffB_oracle,cliff,30,21,0.7,0.5212421254128504,0.8333525173175619,2.1377744814177007,,,,,CHEMBL233_Ki
71339737,mondrian_iqr,cliffB_oracle,noncliff,599,512,0.8547579298831386,0.8242802114344087,0.8807144331466134,1.882567611566049,,,,,CHEMBL233_Ki
71339737,mondrian_iqr,cliffA,all,629,533,0.8473767885532592,0.8171701375210233,0.8733661633312527,1.8947396403348082,,,,,CHEMBL233_Ki
71339737,mondrian_iqr,cliffA,cliff,55,43,0.7818181818181819,0.6562996597815998,0.8705397595887698,2.0688399633392844,,,,,CHEMBL233_Ki
71339737,mondrian_iqr,cliffA,noncliff,574,490,0.8536585365853658,0.8223933093019158,0.8802215581542854,1.8780575536357729,,,,,CHEMBL233_Ki
71339737,mondrian_iqr,__bins__,__summary__,-1,-1,,,,1.8947396403348082,0.8181818181818182,0.048484848484848464,0.7619047619047619,0.1428571428571429,CHEMBL233_Ki
71339737,mondrian_nb,cliffB_oracle,all,629,540,0.8585055643879174,0.8290878074503408,0.8835709378228319,2.022318209772412,,,,,CHEMBL233_Ki
71339737,mondrian_nb,cliffB_oracle,cliff,30,14,0.4666666666666667,0.30232388907699753,0.638577003801267,1.788997709900446,,,,,CHEMBL233_Ki
71339737,mondrian_nb,cliffB_oracle,noncliff,599,526,0.8781302170283807,0.849495709729623,0.9019456408473252,2.0340037106007243,,,,,CHEMBL233_Ki
71339737,mondrian_nb,cliffA,all,629,540,0.8585055643879174,0.8290878074503408,0.8835709378228319,2.022318209772412,,,,,CHEMBL233_Ki
71339737,mondrian_nb,cliffA,cliff,55,34,0.6181818181818182,0.4860922023248993,0.7348404574110621,1.8000134670124392,,,,,CHEMBL233_Ki
71339737,mondrian_nb,cliffA,noncliff,574,506,0.8815331010452961,0.8525260462836766,0.9054673328932104,2.0436191868661377,,,,,CHEMBL233_Ki
71339737,mondrian_nb,__bins__,__summary__,-1,-1,,,,2.022318209772412,0.7972972972972973,0.12005807460352924,0.7936507936507936,0.12698412698412698,CHEMBL233_Ki
71339737,mondrian_nnsim,cliffB_oracle,all,629,534,0.848966613672496,0.8188694214235126,0.8748272286317487,2.0101489631921923,,,,,CHEMBL233_Ki
71339737,mondrian_nnsim,cliffB_oracle,cliff,30,15,0.5,0.33154125640533766,0.6684587435946623,1.8426983934867076,,,,,CHEMBL233_Ki
71339737,mondrian_nnsim,cliffB_oracle,noncliff,599,519,0.8664440734557596,0.8368538750623256,0.8913641225166593,2.018535469187459,,,,,CHEMBL233_Ki
71339737,mondrian_nnsim,cliffA,all,629,534,0.848966613672496,0.8188694214235126,0.8748272286317487,2.0101489631921923,,,,,CHEMBL233_Ki
71339737,mondrian_nnsim,cliffA,cliff,55,35,0.6363636363636364,0.5042276149984125,0.7506946846969275,1.8342254844029702,,,,,CHEMBL233_Ki
71339737,mondrian_nnsim,cliffA,noncliff,574,499,0.8693379790940766,0.8392934163816077,0.8944718639174793,2.027005742518686,,,,,CHEMBL233_Ki
71339737,mondrian_nnsim,__bins__,__summary__,-1,-1,,,,2.0101489631921923,0.7702702702702703,0.13806306306306304,0.7698412698412699,0.1507936507936507,CHEMBL233_Ki
71339737,mondrian_pairgap,cliffB_oracle,all,629,530,0.8426073131955485,0.8120784933806982,0.8689767598626221,2.006637171166021,,,,,CHEMBL233_Ki
71339737,mondrian_pairgap,cliffB_oracle,cliff,30,15,0.5,0.33154125640533766,0.6684587435946623,1.83278231812315,,,,,CHEMBL233_Ki
71339737,mondrian_pairgap,cliffB_oracle,noncliff,599,515,0.8597662771285476,0.8296610421296801,0.8852864680218976,2.0153444259094035,,,,,CHEMBL233_Ki
71339737,mondrian_pairgap,cliffA,all,629,530,0.8426073131955485,0.8120784933806982,0.8689767598626221,2.006637171166021,,,,,CHEMBL233_Ki
71339737,mondrian_pairgap,cliffA,cliff,55,34,0.6181818181818182,0.4860922023248993,0.7348404574110621,1.8103311523574634,,,,,CHEMBL233_Ki
71339737,mondrian_pairgap,cliffA,noncliff,574,496,0.8641114982578397,0.8336466571375309,0.8897351522139274,2.025446981330604,,,,,CHEMBL233_Ki
71339737,mondrian_pairgap,__bins__,__summary__,-1,-1,,,,2.006637171166021,0.7972972972972973,0.11936936936936937,0.7619047619047619,0.15873015873015872,CHEMBL233_Ki
71339737,mondrian_rfstd,cliffB_oracle,all,629,525,0.834658187599364,0.8036123671202956,0.8616411401080982,1.9211794088138738,,,,,CHEMBL233_Ki
71339737,mondrian_rfstd,cliffB_oracle,cliff,30,14,0.4666666666666667,0.30232388907699753,0.638577003801267,1.998183764615994,,,,,CHEMBL233_Ki
71339737,mondrian_rfstd,cliffB_oracle,noncliff,599,511,0.8530884808013356,0.8224891279553943,0.8791878947687759,1.9173227632812133,,,,,CHEMBL233_Ki
71339737,mondrian_rfstd,cliffA,all,629,525,0.834658187599364,0.8036123671202956,0.8616411401080982,1.9211794088138738,,,,,CHEMBL233_Ki
71339737,mondrian_rfstd,cliffA,cliff,55,33,0.6,0.46812799210121386,0.7188150276753689,1.9962483898819972,,,,,CHEMBL233_Ki
71339737,mondrian_rfstd,cliffA,noncliff,574,492,0.8571428571428571,0.8261386876996041,0.8833984937216829,1.9139863879798202,,,,,CHEMBL233_Ki
71339737,mondrian_rfstd,__bins__,__summary__,-1,-1,,,,1.9211794088138738,0.7899159663865546,0.09341736694677871,0.8095238095238095,0.0793650793650793,CHEMBL233_Ki
99182118,global,cliffB_oracle,all,629,521,0.8282988871224165,0.7968565935039312,0.8557555169125216,1.9756006166634317,,,,,CHEMBL233_Ki
99182118,global,cliffB_oracle,cliff,27,7,0.25925925925925924,0.1317037456190719,0.44678571314553067,1.9756006166634312,,,,,CHEMBL233_Ki
99182118,global,cliffB_oracle,noncliff,602,514,0.8538205980066446,0.8233561756049491,0.8797980800137303,1.9756006166634317,,,,,CHEMBL233_Ki
99182118,global,cliffA,all,629,521,0.8282988871224165,0.7968565935039312,0.8557555169125216,1.9756006166634317,,,,,CHEMBL233_Ki
99182118,global,cliffA,cliff,64,36,0.5625,0.4408620895699301,0.6770599029559693,1.9756006166634315,,,,,CHEMBL233_Ki
99182118,global,cliffA,noncliff,565,485,0.8584070796460177,0.8272349673332366,0.8847384546455945,1.9756006166634312,,,,,CHEMBL233_Ki
99182118,global,__bins__,__summary__,-1,-1,,,,1.9756006166634317,0.7027027027027027,0.19729729729729728,0.6666666666666666,0.2777777777777778,CHEMBL233_Ki
99182118,mondrian_pair,cliffB_oracle,all,629,526,0.8362480127186009,0.8053036527380121,0.863110203693367,2.0618862130132123,,,,,CHEMBL233_Ki
99182118,mondrian_pair,cliffB_oracle,cliff,27,8,0.2962962962962963,0.1585304046977976,0.4848068296414814,1.9676696810432976,,,,,CHEMBL233_Ki
99182118,mondrian_pair,cliffB_oracle,noncliff,602,518,0.8604651162790697,0.8304934273402107,0.885865603031871,2.0661118714238227,,,,,CHEMBL233_Ki
99182118,mondrian_pair,cliffA,all,629,526,0.8362480127186009,0.8053036527380121,0.863110203693367,2.0618862130132123,,,,,CHEMBL233_Ki
99182118,mondrian_pair,cliffA,cliff,64,36,0.5625,0.4408620895699301,0.6770599029559693,1.9856343275546084,,,,,CHEMBL233_Ki
99182118,mondrian_pair,cliffA,noncliff,565,490,0.8672566371681416,0.8367838577229718,0.8927691549220034,2.070523594728877,,,,,CHEMBL233_Ki
99182118,mondrian_pair,__bins__,__summary__,-1,-1,,,,2.0618862130132123,0.6959459459459459,0.20405405405405408,0.6825396825396826,0.26190476190476186,CHEMBL233_Ki
99182118,mondrian_wstd,cliffB_oracle,all,629,530,0.8426073131955485,0.8120784933806982,0.8689767598626221,2.0163518580405837,,,,,CHEMBL233_Ki
99182118,mondrian_wstd,cliffB_oracle,cliff,27,12,0.4444444444444444,0.27585858177023004,0.6268697548677552,2.1522712123888232,,,,,CHEMBL233_Ki
99182118,mondrian_wstd,cliffB_oracle,noncliff,602,518,0.8604651162790697,0.8304934273402107,0.885865603031871,2.010255807264167,,,,,CHEMBL233_Ki
99182118,mondrian_wstd,cliffA,all,629,530,0.8426073131955485,0.8120784933806982,0.8689767598626221,2.0163518580405837,,,,,CHEMBL233_Ki
99182118,mondrian_wstd,cliffA,cliff,64,42,0.65625,0.5340364020991819,0.7607685792155665,2.194723367280617,,,,,CHEMBL233_Ki
99182118,mondrian_wstd,cliffA,noncliff,565,488,0.863716814159292,0.8329596305719565,0.889561545806561,1.9961469437195887,,,,,CHEMBL233_Ki
99182118,mondrian_wstd,__bins__,__summary__,-1,-1,,,,2.0163518580405837,0.8166666666666667,0.05495495495495495,0.7063492063492064,0.2222222222222222,CHEMBL233_Ki
99182118,mondrian_std,cliffB_oracle,all,629,540,0.8585055643879174,0.8290878074503408,0.8835709378228319,2.0780549925758027,,,,,CHEMBL233_Ki
99182118,mondrian_std,cliffB_oracle,cliff,27,12,0.4444444444444444,0.27585858177023004,0.6268697548677552,2.146203989053614,,,,,CHEMBL233_Ki
99182118,mondrian_std,cliffB_oracle,noncliff,602,528,0.8770764119601329,0.848430411487444,0.9009405557681437,2.0749984761224787,,,,,CHEMBL233_Ki
99182118,mondrian_std,cliffA,all,629,540,0.8585055643879174,0.8290878074503408,0.8835709378228319,2.0780549925758027,,,,,CHEMBL233_Ki
99182118,mondrian_std,cliffA,cliff,64,44,0.6875,0.5660766429725185,0.7876893346051795,2.2175476954082423,,,,,CHEMBL233_Ki
99182118,mondrian_std,cliffA,noncliff,565,496,0.8778761061946903,0.8482962692084326,0.9023522522359153,2.0622540492461106,,,,,CHEMBL233_Ki
99182118,mondrian_std,__bins__,__summary__,-1,-1,,,,2.0780549925758027,0.8333333333333334,0.04166666666666663,0.7142857142857143,0.23809523809523803,CHEMBL233_Ki
99182118,mondrian_iqr,cliffB_oracle,all,629,540,0.8585055643879174,0.8290878074503408,0.8835709378228319,2.07125451783761,,,,,CHEMBL233_Ki
99182118,mondrian_iqr,cliffB_oracle,cliff,27,13,0.48148148148148145,0.3074322697621846,0.6601438424504771,2.2638473970142825,,,,,CHEMBL233_Ki
99182118,mondrian_iqr,cliffB_oracle,noncliff,602,527,0.8754152823920266,0.8466302594366155,0.8994395141306217,2.0626166312300187,,,,,CHEMBL233_Ki
99182118,mondrian_iqr,cliffA,all,629,540,0.8585055643879174,0.8290878074503408,0.8835709378228319,2.07125451783761,,,,,CHEMBL233_Ki
99182118,mondrian_iqr,cliffA,cliff,64,42,0.65625,0.5340364020991819,0.7607685792155665,2.21474982554663,,,,,CHEMBL233_Ki
99182118,mondrian_iqr,cliffA,noncliff,565,498,0.8814159292035398,0.8521477807214551,0.9055325769893504,2.0550001820971198,,,,,CHEMBL233_Ki
99182118,mondrian_iqr,__bins__,__summary__,-1,-1,,,,2.07125451783761,0.8243243243243243,0.08476658476658472,0.7777777777777778,0.1428571428571428,CHEMBL233_Ki
99182118,mondrian_nb,cliffB_oracle,all,629,530,0.8426073131955485,0.8120784933806982,0.8689767598626221,2.109453088641658,,,,,CHEMBL233_Ki
99182118,mondrian_nb,cliffB_oracle,cliff,27,10,0.37037037037037035,0.21532512960965597,0.5577076558789761,2.014723134180949,,,,,CHEMBL233_Ki
99182118,mondrian_nb,cliffB_oracle,noncliff,602,520,0.8637873754152824,0.8340697713625386,0.8888916463862445,2.113701774306839,,,,,CHEMBL233_Ki
99182118,mondrian_nb,cliffA,all,629,530,0.8426073131955485,0.8120784933806982,0.8689767598626221,2.109453088641658,,,,,CHEMBL233_Ki
99182118,mondrian_nb,cliffA,cliff,64,34,0.53125,0.41072087051471007,0.6482401257482395,1.9084494913798213,,,,,CHEMBL233_Ki
99182118,mondrian_nb,cliffA,noncliff,565,496,0.8778761061946903,0.8482962692084326,0.9023522522359153,2.1322216377120253,,,,,CHEMBL233_Ki
99182118,mondrian_nb,__bins__,__summary__,-1,-1,,,,2.109453088641658,0.7567567567567568,0.18539200357382168,0.7619047619047619,0.1507936507936508,CHEMBL233_Ki
99182118,mondrian_nnsim,cliffB_oracle,all,629,521,0.8282988871224165,0.7968565935039312,0.8557555169125216,1.9846130552315704,,,,,CHEMBL233_Ki
99182118,mondrian_nnsim,cliffB_oracle,cliff,27,10,0.37037037037037035,0.21532512960965597,0.5577076558789761,2.02256060208712,,,,,CHEMBL233_Ki
99182118,mondrian_nnsim,cliffB_oracle,noncliff,602,511,0.8488372093023255,0.8180161767725171,0.8752344977811104,1.9829110888443617,,,,,CHEMBL233_Ki
99182118,mondrian_nnsim,cliffA,all,629,521,0.8282988871224165,0.7968565935039312,0.8557555169125216,1.9846130552315704,,,,,CHEMBL233_Ki
99182118,mondrian_nnsim,cliffA,cliff,64,35,0.546875,0.4257359722005412,0.6627055221938833,1.9568063145922943,,,,,CHEMBL233_Ki
99182118,mondrian_nnsim,cliffA,noncliff,565,486,0.8601769911504424,0.8291416643866014,0.8863476757254585,1.9877628453216833,,,,,CHEMBL233_Ki
99182118,mondrian_nnsim,__bins__,__summary__,-1,-1,,,,1.9846130552315704,0.7027027027027027,0.20563063063063058,0.7301587301587301,0.19841269841269848,CHEMBL233_Ki
99182118,mondrian_pairgap,cliffB_oracle,all,629,529,0.8410174880763116,0.8103833054642974,0.8675115985760377,2.077934221531025,,,,,CHEMBL233_Ki
99182118,mondrian_pairgap,cliffB_oracle,cliff,27,8,0.2962962962962963,0.1585304046977976,0.4848068296414814,1.8977327999790146,,,,,CHEMBL233_Ki
99182118,mondrian_pairgap,cliffB_oracle,noncliff,602,521,0.8654485049833887,0.8358599405717335,0.8904026708654,2.0860163450890052,,,,,CHEMBL233_Ki
99182118,mondrian_pairgap,cliffA,all,629,529,0.8410174880763116,0.8103833054642974,0.8675115985760377,2.077934221531025,,,,,CHEMBL233_Ki
99182118,mondrian_pairgap,cliffA,cliff,64,35,0.546875,0.4257359722005412,0.6627055221938833,1.9235461620661682,,,,,CHEMBL233_Ki
99182118,mondrian_pairgap,cliffA,noncliff,565,494,0.8743362831858407,0.8444519459471862,0.8991647392307041,2.0954224264969556,,,,,CHEMBL233_Ki
99182118,mondrian_pairgap,__bins__,__summary__,-1,-1,,,,2.077934221531025,0.7094594594594594,0.1988738738738739,0.6984126984126984,0.24603174603174605,CHEMBL233_Ki
99182118,mondrian_rfstd,cliffB_oracle,all,629,525,0.834658187599364,0.8036123671202956,0.8616411401080982,1.9679533406486516,,,,,CHEMBL233_Ki
99182118,mondrian_rfstd,cliffB_oracle,cliff,27,11,0.4074074074074074,0.24514757074395552,0.592732990319353,2.092318759763773,,,,,CHEMBL233_Ki
99182118,mondrian_rfstd,cliffB_oracle,noncliff,602,514,0.8538205980066446,0.8233561756049491,0.8797980800137303,1.962375489625216,,,,,CHEMBL233_Ki
99182118,mondrian_rfstd,cliffA,all,629,525,0.834658187599364,0.8036123671202956,0.8616411401080982,1.9679533406486516,,,,,CHEMBL233_Ki
99182118,mondrian_rfstd,cliffA,cliff,64,34,0.53125,0.41072087051471007,0.6482401257482395,1.960063413730377,,,,,CHEMBL233_Ki
99182118,mondrian_rfstd,cliffA,noncliff,565,491,0.8690265486725663,0.8386983840070802,0.8943705467711237,1.968847066883642,,,,,CHEMBL233_Ki
99182118,mondrian_rfstd,__bins__,__summary__,-1,-1,,,,1.9679533406486516,0.8,0.08429752066115703,0.8015873015873016,0.09523809523809523,CHEMBL233_Ki
89709943,global,cliffB_oracle,all,629,528,0.8394276629570747,0.8086891105357936,0.8660454443015559,2.0417522354947413,,,,,CHEMBL233_Ki
89709943,global,cliffB_oracle,cliff,18,9,0.5,0.29031021505169974,0.7096897849483003,2.041752235494741,,,,,CHEMBL233_Ki
89709943,global,cliffB_oracle,noncliff,611,519,0.8494271685761048,0.8188913005042182,0.8755966750122894,2.0417522354947413,,,,,CHEMBL233_Ki
89709943,global,cliffA,all,629,528,0.8394276629570747,0.8086891105357936,0.8660454443015559,2.0417522354947413,,,,,CHEMBL233_Ki
89709943,global,cliffA,cliff,45,29,0.6444444444444445,0.4983581419637687,0.7678091739578413,2.041752235494741,,,,,CHEMBL233_Ki
89709943,global,cliffA,noncliff,584,499,0.8544520547945206,0.8235339393967397,0.880737584477319,2.041752235494741,,,,,CHEMBL233_Ki
89709943,global,__bins__,__summary__,-1,-1,,,,2.0417522354947413,0.7465753424657534,0.19557341786482507,0.6746031746031746,0.2777777777777777,CHEMBL233_Ki
89709943,mondrian_pair,cliffB_oracle,all,629,528,0.8394276629570747,0.8086891105357936,0.8660454443015559,2.033963803057144,,,,,CHEMBL233_Ki
89709943,mondrian_pair,cliffB_oracle,cliff,18,9,0.5,0.29031021505169974,0.7096897849483003,2.0382882844536905,,,,,CHEMBL233_Ki
89709943,mondrian_pair,cliffB_oracle,noncliff,611,519,0.8494271685761048,0.8188913005042182,0.8755966750122894,2.033836404259864,,,,,CHEMBL233_Ki
89709943,mondrian_pair,cliffA,all,629,528,0.8394276629570747,0.8086891105357936,0.8660454443015559,2.033963803057144,,,,,CHEMBL233_Ki
89709943,mondrian_pair,cliffA,cliff,45,29,0.6444444444444445,0.4983581419637687,0.7678091739578413,2.038705584192646,,,,,CHEMBL233_Ki
89709943,mondrian_pair,cliffA,noncliff,584,499,0.8544520547945206,0.8235339393967397,0.880737584477319,2.033598426086086,,,,,CHEMBL233_Ki
89709943,mondrian_pair,__bins__,__summary__,-1,-1,,,,2.033963803057144,0.7465753424657534,0.19557341786482507,0.6746031746031746,0.2777777777777777,CHEMBL233_Ki
89709943,mondrian_wstd,cliffB_oracle,all,629,535,0.8505564387917329,0.8205697619413707,0.8762872373168759,2.079513385102767,,,,,CHEMBL233_Ki
89709943,mondrian_wstd,cliffB_oracle,cliff,18,12,0.6666666666666666,0.43749467295945105,0.837212252491663,2.3299621014706675,,,,,CHEMBL233_Ki
89709943,mondrian_wstd,cliffB_oracle,noncliff,611,523,0.855973813420622,0.8259072740413254,0.8815921857939928,2.0721351905125505,,,,,CHEMBL233_Ki
89709943,mondrian_wstd,cliffA,all,629,535,0.8505564387917329,0.8205697619413707,0.8762872373168759,2.079513385102767,,,,,CHEMBL233_Ki
89709943,mondrian_wstd,cliffA,cliff,45,36,0.8,0.6617703088385799,0.8910387319216871,2.3094363735121832,,,,,CHEMBL233_Ki
89709943,mondrian_wstd,cliffA,noncliff,584,499,0.8544520547945206,0.8235339393967397,0.880737584477319,2.061796716475329,,,,,CHEMBL233_Ki
89709943,mondrian_wstd,__bins__,__summary__,-1,-1,,,,2.079513385102767,0.8099173553719008,0.08734291860070198,0.7380952380952381,0.19841269841269837,CHEMBL233_Ki
89709943,mondrian_std,cliffB_oracle,all,629,529,0.8410174880763116,0.8103833054642974,0.8675115985760377,2.0633391806049373,,,,,CHEMBL233_Ki
89709943,mondrian_std,cliffB_oracle,cliff,18,11,0.6111111111111112,0.3861904160223791,0.7969475342783638,2.3108219570143347,,,,,CHEMBL233_Ki
89709943,mondrian_std,cliffB_oracle,noncliff,611,518,0.8477905073649754,0.8171401954436924,0.8740949089931124,2.056048362314644,,,,,CHEMBL233_Ki
89709943,mondrian_std,cliffA,all,629,529,0.8410174880763116,0.8103833054642974,0.8675115985760377,2.0633391806049373,,,,,CHEMBL233_Ki
89709943,mondrian_std,cliffA,cliff,45,35,0.7777777777777778,0.6373070782524372,0.8745531446737361,2.3039344185260497,,,,,CHEMBL233_Ki
89709943,mondrian_std,cliffA,noncliff,584,494,0.8458904109589042,0.8143556461757835,0.8729044882327184,2.0448001639843034,,,,,CHEMBL233_Ki
89709943,mondrian_std,__bins__,__summary__,-1,-1,,,,2.0633391806049373,0.8083333333333333,0.07522831050228307,0.7222222222222222,0.2063492063492064,CHEMBL233_Ki
89709943,mondrian_iqr,cliffB_oracle,all,629,519,0.8251192368839427,0.7934841840253425,0.8528072279851399,1.9332640678395538,,,,,CHEMBL233_Ki
89709943,mondrian_iqr,cliffB_oracle,cliff,18,12,0.6666666666666666,0.43749467295945105,0.837212252491663,2.1469820375044364,,,,,CHEMBL233_Ki
89709943,mondrian_iqr,cliffB_oracle,noncliff,611,507,0.8297872340425532,0.7979492660437317,0.8575042565163444,1.9269679574402612,,,,,CHEMBL233_Ki
89709943,mondrian_iqr,cliffA,all,629,519,0.8251192368839427,0.7934841840253425,0.8528072279851399,1.9332640678395538,,,,,CHEMBL233_Ki
89709943,mondrian_iqr,cliffA,cliff,45,34,0.7555555555555555,0.6132661994297965,0.8576452056622828,2.1461827114144945,,,,,CHEMBL233_Ki
89709943,mondrian_iqr,cliffA,noncliff,584,485,0.8304794520547946,0.7979115494831843,0.858728083887315,1.9168576655092935,,,,,CHEMBL233_Ki
89709943,mondrian_iqr,__bins__,__summary__,-1,-1,,,,1.9332640678395538,0.8083333333333333,0.051170798898071634,0.7301587301587301,0.15873015873015872,CHEMBL233_Ki
89709943,mondrian_nb,cliffB_oracle,all,629,536,0.8521462639109698,0.8222711728071743,0.8777461756540574,2.0394830852204144,,,,,CHEMBL233_Ki
89709943,mondrian_nb,cliffB_oracle,cliff,18,9,0.5,0.29031021505169974,0.7096897849483003,1.9645677961023047,,,,,CHEMBL233_Ki
89709943,mondrian_nb,cliffB_oracle,noncliff,611,527,0.8625204582651391,0.832942515091778,0.8875684290623505,2.041690082281177,,,,,CHEMBL233_Ki
89709943,mondrian_nb,cliffA,all,629,536,0.8521462639109698,0.8222711728071743,0.8777461756540574,2.0394830852204144,,,,,CHEMBL233_Ki
89709943,mondrian_nb,cliffA,cliff,45,29,0.6444444444444445,0.4983581419637687,0.7678091739578413,1.9712750308786604,,,,,CHEMBL233_Ki
89709943,mondrian_nb,cliffA,noncliff,584,507,0.8681506849315068,0.8382894440167595,0.8932003030021903,2.044738842832365,,,,,CHEMBL233_Ki
89709943,mondrian_nb,__bins__,__summary__,-1,-1,,,,2.0394830852204144,0.773972602739726,0.15991169478093514,0.7301587301587301,0.2063492063492064,CHEMBL233_Ki
89709943,mondrian_nnsim,cliffB_oracle,all,629,526,0.8362480127186009,0.8053036527380121,0.863110203693367,2.0488160794764556,,,,,CHEMBL233_Ki
89709943,mondrian_nnsim,cliffB_oracle,cliff,18,10,0.5555555555555556,0.33716415642042774,0.7544048187299437,2.1044930438646667,,,,,CHEMBL233_Ki
89709943,mondrian_nnsim,cliffB_oracle,noncliff,611,516,0.8445171849427169,0.8136413455176246,0.8710880167597752,2.0471758415730386,,,,,CHEMBL233_Ki
89709943,mondrian_nnsim,cliffA,all,629,526,0.8362480127186009,0.8053036527380121,0.863110203693367,2.0488160794764556,,,,,CHEMBL233_Ki
89709943,mondrian_nnsim,cliffA,cliff,45,30,0.6666666666666666,0.5207048830990042,0.7864112506566996,2.0840944432539295,,,,,CHEMBL233_Ki
89709943,mondrian_nnsim,cliffA,noncliff,584,496,0.8493150684931506,0.8180231232943026,0.8760415669004219,2.0460977124045616,,,,,CHEMBL233_Ki
89709943,mondrian_nnsim,__bins__,__summary__,-1,-1,,,,2.0488160794764556,0.7465753424657534,0.18730895505490774,0.6587301587301587,0.2777777777777778,CHEMBL233_Ki
89709943,mondrian_pairgap,cliffB_oracle,all,629,526,0.8362480127186009,0.8053036527380121,0.863110203693367,2.0103386233728964,,,,,CHEMBL233_Ki
89709943,mondrian_pairgap,cliffB_oracle,cliff,18,9,0.5,0.29031021505169974,0.7096897849483003,1.9694748419085384,,,,,CHEMBL233_Ki
89709943,mondrian_pairgap,cliffB_oracle,noncliff,611,517,0.8461538461538461,0.8153902152865896,0.8725920180705128,2.0115424663620263,,,,,CHEMBL233_Ki
89709943,mondrian_pairgap,cliffA,all,629,526,0.8362480127186009,0.8053036527380121,0.863110203693367,2.0103386233728964,,,,,CHEMBL233_Ki
89709943,mondrian_pairgap,cliffA,cliff,45,29,0.6444444444444445,0.4983581419637687,0.7678091739578413,1.9847896759998715,,,,,CHEMBL233_Ki
89709943,mondrian_pairgap,cliffA,noncliff,584,497,0.851027397260274,0.8198587640481508,0.8776082040396852,2.0123072922629417,,,,,CHEMBL233_Ki
89709943,mondrian_pairgap,__bins__,__summary__,-1,-1,,,,2.0103386233728964,0.7534246575342466,0.18045963998641457,0.7063492063492064,0.23015873015873012,CHEMBL233_Ki
89709943,mondrian_rfstd,cliffB_oracle,all,629,525,0.834658187599364,0.8036123671202956,0.8616411401080982,1.9265748457385674,,,,,CHEMBL233_Ki
89709943,mondrian_rfstd,cliffB_oracle,cliff,18,9,0.5,0.29031021505169974,0.7096897849483003,2.1145832704244474,,,,,CHEMBL233_Ki
89709943,mondrian_rfstd,cliffB_oracle,noncliff,611,516,0.8445171849427169,0.8136413455176246,0.8710880167597752,1.9210361360096873,,,,,CHEMBL233_Ki
89709943,mondrian_rfstd,cliffA,all,629,525,0.834658187599364,0.8036123671202956,0.8616411401080982,1.9265748457385674,,,,,CHEMBL233_Ki
89709943,mondrian_rfstd,cliffA,cliff,45,28,0.6222222222222222,0.47629934480889535,0.7489191532786209,1.9451870170306627,,,,,CHEMBL233_Ki
89709943,mondrian_rfstd,cliffA,noncliff,584,497,0.851027397260274,0.8198587640481508,0.8776082040396852,1.925140688704074,,,,,CHEMBL233_Ki
89709943,mondrian_rfstd,__bins__,__summary__,-1,-1,,,,1.9265748457385674,0.8082191780821918,0.04302049133929586,0.7936507936507936,0.07936507936507942,CHEMBL233_Ki
86921808,global,cliffB_oracle,all,629,533,0.8473767885532592,0.8171701375210233,0.8733661633312527,2.0633206112185505,,,,,CHEMBL233_Ki
86921808,global,cliffB_oracle,cliff,27,19,0.7037037037037037,0.5151931703585185,0.8414695953022023,2.0633206112185505,,,,,CHEMBL233_Ki
86921808,global,cliffB_oracle,noncliff,602,514,0.8538205980066446,0.8233561756049491,0.8797980800137303,2.0633206112185505,,,,,CHEMBL233_Ki
86921808,global,cliffA,all,629,533,0.8473767885532592,0.8171701375210233,0.8733661633312527,2.0633206112185505,,,,,CHEMBL233_Ki
86921808,global,cliffA,cliff,50,36,0.72,0.5833487630404344,0.8252582933408878,2.063320611218551,,,,,CHEMBL233_Ki
86921808,global,cliffA,noncliff,579,497,0.8583765112262521,0.8276100414187827,0.8844189224090478,2.0633206112185505,,,,,CHEMBL233_Ki
86921808,global,__bins__,__summary__,-1,-1,,,,2.0633206112185505,0.7902097902097902,0.11888111888111885,0.7222222222222222,0.23809523809523814,CHEMBL233_Ki
86921808,mondrian_pair,cliffB_oracle,all,629,532,0.8457869634340223,0.8154718968529422,0.8719040547963486,2.072640403986888,,,,,CHEMBL233_Ki
86921808,mondrian_pair,cliffB_oracle,cliff,27,20,0.7407407407407407,0.5532142868544692,0.8682962543809281,2.1060997254534586,,,,,CHEMBL233_Ki
86921808,mondrian_pair,cliffB_oracle,noncliff,602,512,0.8504983388704319,0.8197949780009839,0.8767568902409943,2.0711397367450317,,,,,CHEMBL233_Ki
86921808,mondrian_pair,cliffA,all,629,532,0.8457869634340223,0.8154718968529422,0.8719040547963486,2.072640403986888,,,,,CHEMBL233_Ki
86921808,mondrian_pair,cliffA,cliff,50,37,0.74,0.6044684273515117,0.8412847250644762,2.1152087770654684,,,,,CHEMBL233_Ki
86921808,mondrian_pair,cliffA,noncliff,579,495,0.8549222797927462,0.8238960067529191,0.8812700273030769,2.068964378677857,,,,,CHEMBL233_Ki
86921808,mondrian_pair,__bins__,__summary__,-1,-1,,,,2.072640403986888,0.7972027972027972,0.11188811188811187,0.7142857142857143,0.24603174603174605,CHEMBL233_Ki
86921808,mondrian_wstd,cliffB_oracle,all,629,531,0.8441971383147854,0.8137746863775744,0.8704409160687311,2.0411487121591856,,,,,CHEMBL233_Ki
86921808,mondrian_wstd,cliffB_oracle,cliff,27,19,0.7037037037037037,0.5151931703585185,0.8414695953022023,2.1274969148174057,,,,,CHEMBL233_Ki
86921808,mondrian_wstd,cliffB_oracle,noncliff,602,512,0.8504983388704319,0.8197949780009839,0.8767568902409943,2.0372759522392987,,,,,CHEMBL233_Ki
86921808,mondrian_wstd,cliffA,all,629,531,0.8441971383147854,0.8137746863775744,0.8704409160687311,2.0411487121591856,,,,,CHEMBL233_Ki
86921808,mondrian_wstd,cliffA,cliff,50,38,0.76,0.6258731624205708,0.8570260860300828,2.1900823025640994,,,,,CHEMBL233_Ki
86921808,mondrian_wstd,cliffA,noncliff,579,493,0.8514680483592401,0.820187425502629,0.8781156787815324,2.0282874349221465,,,,,CHEMBL233_Ki
86921808,mondrian_wstd,__bins__,__summary__,-1,-1,,,,2.0411487121591856,0.7933884297520661,0.10171646535282897,0.753968253968254,0.18253968253968256,CHEMBL233_Ki
86921808,mondrian_std,cliffB_oracle,all,629,530,0.8426073131955485,0.8120784933806982,0.8689767598626221,2.034573151838211,,,,,CHEMBL233_Ki
86921808,mondrian_std,cliffB_oracle,cliff,27,19,0.7037037037037037,0.5151931703585185,0.8414695953022023,2.0876611745456306,,,,,CHEMBL233_Ki
86921808,mondrian_std,cliffB_oracle,noncliff,602,511,0.8488372093023255,0.8180161767725171,0.8752344977811104,2.0321921275639583,,,,,CHEMBL233_Ki
86921808,mondrian_std,cliffA,all,629,530,0.8426073131955485,0.8120784933806982,0.8689767598626221,2.034573151838211,,,,,CHEMBL233_Ki
86921808,mondrian_std,cliffA,cliff,50,38,0.76,0.6258731624205708,0.8570260860300828,2.1468983764221106,,,,,CHEMBL233_Ki
86921808,mondrian_std,cliffA,noncliff,579,492,0.8497409326424871,0.8183351311031184,0.8765365082951257,2.0248732187998777,,,,,CHEMBL233_Ki
86921808,mondrian_std,__bins__,__summary__,-1,-1,,,,2.034573151838211,0.7851239669421488,0.1099809281627463,0.746031746031746,0.19047619047619047,CHEMBL233_Ki
86921808,mondrian_iqr,cliffB_oracle,all,629,538,0.8553259141494436,0.8256772623492677,0.8806607845179345,2.101841277818338,,,,,CHEMBL233_Ki
86921808,mondrian_iqr,cliffB_oracle,cliff,27,18,0.6666666666666666,0.47824760507320074,0.8135673850128435,2.1588703007192063,,,,,CHEMBL233_Ki
86921808,mondrian_iqr,cliffB_oracle,noncliff,602,520,0.8637873754152824,0.8340697713625386,0.8888916463862445,2.099283497721455,,,,,CHEMBL233_Ki
86921808,mondrian_iqr,cliffA,all,629,538,0.8553259141494436,0.8256772623492677,0.8806607845179345,2.101841277818338,,,,,CHEMBL233_Ki
86921808,mondrian_iqr,cliffA,cliff,50,37,0.74,0.6044684273515117,0.8412847250644762,2.2535609137466777,,,,,CHEMBL233_Ki
86921808,mondrian_iqr,cliffA,noncliff,579,501,0.8652849740932642,0.8350551388305737,0.8906996845409257,2.088739409430744,,,,,CHEMBL233_Ki
86921808,mondrian_iqr,__bins__,__summary__,-1,-1,,,,2.101841277818338,0.8429752066115702,0.024157660521296864,0.7777777777777778,0.17460317460317454,CHEMBL233_Ki
86921808,mondrian_nb,cliffB_oracle,all,629,540,0.8585055643879174,0.8290878074503408,0.8835709378228319,2.091133421611783,,,,,CHEMBL233_Ki
86921808,mondrian_nb,cliffB_oracle,cliff,27,21,0.7777777777777778,0.5924307113336742,0.8939276054763996,2.044545668544516,,,,,CHEMBL233_Ki
86921808,mondrian_nb,cliffB_oracle,noncliff,602,519,0.8621262458471761,0.8322809402999491,0.8873792837604833,2.093222905553338,,,,,CHEMBL233_Ki
86921808,mondrian_nb,cliffA,all,629,540,0.8585055643879174,0.8290878074503408,0.8835709378228319,2.091133421611783,,,,,CHEMBL233_Ki
86921808,mondrian_nb,cliffA,cliff,50,36,0.72,0.5833487630404344,0.8252582933408878,2.003020394930192,,,,,CHEMBL233_Ki
86921808,mondrian_nb,cliffA,noncliff,579,504,0.8704663212435233,0.8406545762530022,0.8953946417762491,2.098742491273405,,,,,CHEMBL233_Ki
86921808,mondrian_nb,__bins__,__summary__,-1,-1,,,,2.091133421611783,0.8041958041958042,0.1048951048951049,0.7777777777777778,0.17460317460317454,CHEMBL233_Ki
86921808,mondrian_nnsim,cliffB_oracle,all,629,540,0.8585055643879174,0.8290878074503408,0.8835709378228319,2.0927092757041024,,,,,CHEMBL233_Ki
86921808,mondrian_nnsim,cliffB_oracle,cliff,27,19,0.7037037037037037,0.5151931703585185,0.8414695953022023,1.9733213198280029,,,,,CHEMBL233_Ki
86921808,mondrian_nnsim,cliffB_oracle,noncliff,602,521,0.8654485049833887,0.8358599405717335,0.8904026708654,2.098063885020804,,,,,CHEMBL233_Ki
86921808,mondrian_nnsim,cliffA,all,629,540,0.8585055643879174,0.8290878074503408,0.8835709378228319,2.0927092757041024,,,,,CHEMBL233_Ki
86921808,mondrian_nnsim,cliffA,cliff,50,35,0.7,0.562496495355466,0.8089644649911906,2.0060986813678277,,,,,CHEMBL233_Ki
86921808,mondrian_nnsim,cliffA,noncliff,579,505,0.8721934369602763,0.8425241603708629,0.8969565225443055,2.1001886016398768,,,,,CHEMBL233_Ki
86921808,mondrian_nnsim,__bins__,__summary__,-1,-1,,,,2.0927092757041024,0.7832167832167832,0.1424030514939606,0.7222222222222222,0.24603174603174605,CHEMBL233_Ki
86921808,mondrian_pairgap,cliffB_oracle,all,629,537,0.8537360890302067,0.8239736681180561,0.879204029546161,2.0738803196951068,,,,,CHEMBL233_Ki
86921808,mondrian_pairgap,cliffB_oracle,cliff,27,20,0.7407407407407407,0.5532142868544692,0.8682962543809281,2.077408792131036,,,,,CHEMBL233_Ki
86921808,mondrian_pairgap,cliffB_oracle,noncliff,602,517,0.8588039867109635,0.8287072130233821,0.8843506236603491,2.0737220659479805,,,,,CHEMBL233_Ki
86921808,mondrian_pairgap,cliffA,all,629,537,0.8537360890302067,0.8239736681180561,0.879204029546161,2.0738803196951068,,,,,CHEMBL233_Ki
86921808,mondrian_pairgap,cliffA,cliff,50,37,0.74,0.6044684273515117,0.8412847250644762,2.057248494722392,,,,,CHEMBL233_Ki
86921808,mondrian_pairgap,cliffA,noncliff,579,500,0.8635578583765112,0.8331916809939933,0.8891316774915888,2.07531657401054,,,,,CHEMBL233_Ki
86921808,mondrian_pairgap,__bins__,__summary__,-1,-1,,,,2.0738803196951068,0.8251748251748252,0.08391608391608385,0.753968253968254,0.2222222222222222,CHEMBL233_Ki
86921808,mondrian_rfstd,cliffB_oracle,all,629,529,0.8410174880763116,0.8103833054642974,0.8675115985760377,1.9820441603117522,,,,,CHEMBL233_Ki
86921808,mondrian_rfstd,cliffB_oracle,cliff,27,18,0.6666666666666666,0.47824760507320074,0.8135673850128435,2.0672936396610733,,,,,CHEMBL233_Ki
86921808,mondrian_rfstd,cliffB_oracle,noncliff,602,511,0.8488372093023255,0.8180161767725171,0.8752344977811104,1.9782206786798062,,,,,CHEMBL233_Ki
86921808,mondrian_rfstd,cliffA,all,629,529,0.8410174880763116,0.8103833054642974,0.8675115985760377,1.9820441603117522,,,,,CHEMBL233_Ki
86921808,mondrian_rfstd,cliffA,cliff,50,32,0.64,0.501410168761127,0.7586125034815325,1.9829767451037208,,,,,CHEMBL233_Ki
86921808,mondrian_rfstd,cliffA,noncliff,579,497,0.8583765112262521,0.8276100414187827,0.8844189224090478,1.9819636262191815,,,,,CHEMBL233_Ki
86921808,mondrian_rfstd,__bins__,__summary__,-1,-1,,,,1.9820441603117522,0.8016528925619835,0.08264462809917361,0.8,0.08095238095238089,CHEMBL233_Ki
71339737,global,cliffB_oracle,all,732,610,0.8333333333333334,0.8046098885286013,0.8585764461773824,1.7660145008004966,,,,,CHEMBL234_Ki
71339737,global,cliffB_oracle,cliff,28,18,0.6428571428571429,0.4583030651442781,0.7929417049226233,1.7660145008004962,,,,,CHEMBL234_Ki
71339737,global,cliffB_oracle,noncliff,704,592,0.8409090909090909,0.8120505885481827,0.8660673628921137,1.7660145008004966,,,,,CHEMBL234_Ki
71339737,global,cliffA,all,732,610,0.8333333333333334,0.8046098885286013,0.8585764461773824,1.7660145008004966,,,,,CHEMBL234_Ki
71339737,global,cliffA,cliff,47,36,0.7659574468085106,0.6277574244984441,0.8639672541377281,1.7660145008004964,,,,,CHEMBL234_Ki
71339737,global,cliffA,noncliff,685,574,0.8379562043795621,0.8084891593245592,0.863653891984609,1.7660145008004964,,,,,CHEMBL234_Ki
71339737,global,__bins__,__summary__,-1,-1,,,,1.7660145008004966,0.7119565217391305,0.23694858774992056,0.6394557823129252,0.33333333333333326,CHEMBL234_Ki
71339737,mondrian_pair,cliffB_oracle,all,732,616,0.8415300546448088,0.8133014924452819,0.866192702950193,1.7988971503643558,,,,,CHEMBL234_Ki
71339737,mondrian_pair,cliffB_oracle,cliff,28,14,0.5,0.32633127457293465,0.6736687254270654,1.6649934659283725,,,,,CHEMBL234_Ki
71339737,mondrian_pair,cliffB_oracle,noncliff,704,602,0.8551136363636364,0.8271847201832477,0.8791881459003942,1.8042228650862417,,,,,CHEMBL234_Ki
71339737,mondrian_pair,cliffA,all,732,616,0.8415300546448088,0.8133014924452819,0.866192702950193,1.7988971503643558,,,,,CHEMBL234_Ki
71339737,mondrian_pair,cliffA,cliff,47,31,0.6595744680851063,0.5167092456194193,0.7783255615622839,1.6518142529624567,,,,,CHEMBL234_Ki
71339737,mondrian_pair,cliffA,noncliff,685,585,0.8540145985401459,0.8255986460899928,0.8784820880027641,1.8089889696021502,,,,,CHEMBL234_Ki
71339737,mondrian_pair,__bins__,__summary__,-1,-1,,,,1.7988971503643558,0.7228260869565217,0.21877975245953662,0.673469387755102,0.2857142857142857,CHEMBL234_Ki
71339737,mondrian_wstd,cliffB_oracle,all,732,619,0.8456284153005464,0.8176564358899258,0.8699916898502947,1.8298521563714414,,,,,CHEMBL234_Ki
71339737,mondrian_wstd,cliffB_oracle,cliff,28,18,0.6428571428571429,0.4583030651442781,0.7929417049226233,2.067070890257611,,,,,CHEMBL234_Ki
71339737,mondrian_wstd,cliffB_oracle,noncliff,704,601,0.8536931818181818,0.8256676826838507,0.8778796919354566,1.8204173203646052,,,,,CHEMBL234_Ki
71339737,mondrian_wstd,cliffA,all,732,619,0.8456284153005464,0.8176564358899258,0.8699916898502947,1.8298521563714414,,,,,CHEMBL234_Ki
71339737,mondrian_wstd,cliffA,cliff,47,36,0.7659574468085106,0.6277574244984441,0.8639672541377281,2.0309360071802702,,,,,CHEMBL234_Ki
71339737,mondrian_wstd,cliffA,noncliff,685,583,0.8510948905109489,0.8224802085763464,0.8757936741012126,1.8160551622283538,,,,,CHEMBL234_Ki
71339737,mondrian_wstd,__bins__,__summary__,-1,-1,,,,1.8298521563714414,0.8102189781021898,0.1021897810218978,0.7142857142857143,0.25850340136054417,CHEMBL234_Ki
71339737,mondrian_std,cliffB_oracle,all,732,615,0.8401639344262295,0.8118512221367784,0.8649249964771146,1.8189093191875019,,,,,CHEMBL234_Ki
71339737,mondrian_std,cliffB_oracle,cliff,28,18,0.6428571428571429,0.4583030651442781,0.7929417049226233,2.0547082667877787,,,,,CHEMBL234_Ki
71339737,mondrian_std,cliffB_oracle,noncliff,704,597,0.8480113636363636,0.8196077408804999,0.8726376678814692,1.8095309519534,,,,,CHEMBL234_Ki
71339737,mondrian_std,cliffA,all,732,615,0.8401639344262295,0.8118512221367784,0.8649249964771146,1.8189093191875019,,,,,CHEMBL234_Ki
71339737,mondrian_std,cliffA,cliff,47,35,0.7446808510638298,0.6049182446958253,0.8474684596494529,2.012008361430675,,,,,CHEMBL234_Ki
71339737,mondrian_std,cliffA,noncliff,685,580,0.8467153284671532,0.8178090514568404,0.8717545540979217,1.805660187821912,,,,,CHEMBL234_Ki
71339737,mondrian_std,__bins__,__summary__,-1,-1,,,,1.8189093191875019,0.7956204379562044,0.13138686131386856,0.7142857142857143,0.23809523809523803,CHEMBL234_Ki
71339737,mondrian_iqr,cliffB_oracle,all,732,624,0.8524590163934426,0.82492890050477,0.8763091091433601,1.7837253864699296,,,,,CHEMBL234_Ki
71339737,mondrian_iqr,cliffB_oracle,cliff,28,18,0.6428571428571429,0.4583030651442781,0.7929417049226233,1.9500205890643514,,,,,CHEMBL234_Ki
71339737,mondrian_iqr,cliffB_oracle,noncliff,704,606,0.8607954545454546,0.8332613796093329,0.8844134523316474,1.7771113727303787,,,,,CHEMBL234_Ki
71339737,mondrian_iqr,cliffA,all,732,624,0.8524590163934426,0.82492890050477,0.8763091091433601,1.7837253864699296,,,,,CHEMBL234_Ki
71339737,mondrian_iqr,cliffA,cliff,47,35,0.7446808510638298,0.6049182446958253,0.8474684596494529,1.8488362030202328,,,,,CHEMBL234_Ki
71339737,mondrian_iqr,cliffA,noncliff,685,589,0.8598540145985402,0.8318463074928448,0.8838481294303082,1.779257928983996,,,,,CHEMBL234_Ki
71339737,mondrian_iqr,__bins__,__summary__,-1,-1,,,,1.7837253864699296,0.7934782608695652,0.1189304982545224,0.7210884353741497,0.2448979591836734,CHEMBL234_Ki
71339737,mondrian_nb,cliffB_oracle,all,732,619,0.8456284153005464,0.8176564358899258,0.8699916898502947,1.801714438785917,,,,,CHEMBL234_Ki
71339737,mondrian_nb,cliffB_oracle,cliff,28,17,0.6071428571428571,0.42409044296597176,0.764343134584204,1.7701673861925475,,,,,CHEMBL234_Ki
71339737,mondrian_nb,cliffB_oracle,noncliff,704,602,0.8551136363636364,0.8271847201832477,0.8791881459003942,1.8029691511049715,,,,,CHEMBL234_Ki
71339737,mondrian_nb,cliffA,all,732,619,0.8456284153005464,0.8176564358899258,0.8699916898502947,1.801714438785917,,,,,CHEMBL234_Ki
71339737,mondrian_nb,cliffA,cliff,47,33,0.7021276595744681,0.5602232608095393,0.8134874949539516,1.7035909104555926,,,,,CHEMBL234_Ki
71339737,mondrian_nb,cliffA,noncliff,685,586,0.8554744525547445,0.8271591963885716,0.8798249634117845,1.8084470020436179,,,,,CHEMBL234_Ki
71339737,mondrian_nb,__bins__,__summary__,-1,-1,,,,1.801714438785917,0.7717391304347826,0.16986670898127576,0.7482993197278912,0.16326530612244894,CHEMBL234_Ki
71339737,mondrian_nnsim,cliffB_oracle,all,732,624,0.8524590163934426,0.82492890050477,0.8763091091433601,1.8378130882862438,,,,,CHEMBL234_Ki
71339737,mondrian_nnsim,cliffB_oracle,cliff,28,19,0.6785714285714286,0.49338843180857617,0.8206675307750504,2.076603396149422,,,,,CHEMBL234_Ki
71339737,mondrian_nnsim,cliffB_oracle,noncliff,704,605,0.859375,0.8317409172681168,0.8831084232085288,1.828315746496231,,,,,CHEMBL234_Ki
71339737,mondrian_nnsim,cliffA,all,732,624,0.8524590163934426,0.82492890050477,0.8763091091433601,1.8378130882862438,,,,,CHEMBL234_Ki
71339737,mondrian_nnsim,cliffA,cliff,47,37,0.7872340425531915,0.6509597329080159,0.88010292001905,2.0165371476619627,,,,,CHEMBL234_Ki
71339737,mondrian_nnsim,cliffA,noncliff,685,587,0.8569343065693431,0.8287206490888724,0.8811669364190827,1.8255502696137493,,,,,CHEMBL234_Ki
71339737,mondrian_nnsim,__bins__,__summary__,-1,-1,,,,1.8378130882862438,0.7554347826086957,0.19347032688035537,0.6802721088435374,0.29931972789115646,CHEMBL234_Ki
71339737,mondrian_pairgap,cliffB_oracle,all,732,614,0.8387978142076503,0.8104016287313209,0.8636566131009902,1.786526500686423,,,,,CHEMBL234_Ki
71339737,mondrian_pairgap,cliffB_oracle,cliff,28,14,0.5,0.32633127457293465,0.6736687254270654,1.6491019956453277,,,,,CHEMBL234_Ki
71339737,mondrian_pairgap,cliffB_oracle,noncliff,704,600,0.8522727272727273,0.8241514756867236,0.8765704074682492,1.7919922480460118,,,,,CHEMBL234_Ki
71339737,mondrian_pairgap,cliffA,all,732,614,0.8387978142076503,0.8104016287313209,0.8636566131009902,1.786526500686423,,,,,CHEMBL234_Ki
71339737,mondrian_pairgap,cliffA,cliff,47,31,0.6595744680851063,0.5167092456194193,0.7783255615622839,1.6390231657831513,,,,,CHEMBL234_Ki
71339737,mondrian_pairgap,cliffA,noncliff,685,583,0.8510948905109489,0.8224802085763464,0.8757936741012126,1.796647167460808,,,,,CHEMBL234_Ki
71339737,mondrian_pairgap,__bins__,__summary__,-1,-1,,,,1.786526500686423,0.7228260869565217,0.21877975245953662,0.673469387755102,0.2857142857142857,CHEMBL234_Ki
71339737,mondrian_rfstd,cliffB_oracle,all,732,623,0.8510928961748634,0.8234729484225733,0.8750470844439748,1.8260277675428997,,,,,CHEMBL234_Ki
71339737,mondrian_rfstd,cliffB_oracle,cliff,28,19,0.6785714285714286,0.49338843180857617,0.8206675307750504,2.069688601135717,,,,,CHEMBL234_Ki
71339737,mondrian_rfstd,cliffB_oracle,noncliff,704,604,0.8579545454545454,0.8302213270695751,0.8818025219427359,1.8163367116613676,,,,,CHEMBL234_Ki
71339737,mondrian_rfstd,cliffA,all,732,623,0.8510928961748634,0.8234729484225733,0.8750470844439748,1.8260277675428997,,,,,CHEMBL234_Ki
71339737,mondrian_rfstd,cliffA,cliff,47,35,0.7446808510638298,0.6049182446958253,0.8474684596494529,1.9794632087019077,,,,,CHEMBL234_Ki
71339737,mondrian_rfstd,cliffA,noncliff,685,588,0.8583941605839416,0.8302830155681407,0.8825079956474133,1.8155000803392891,,,,,CHEMBL234_Ki
71339737,mondrian_rfstd,__bins__,__summary__,-1,-1,,,,1.8260277675428997,0.8102189781021898,0.12408759124087587,0.8013698630136986,0.09589041095890416,CHEMBL234_Ki
99182118,global,cliffB_oracle,all,732,629,0.8592896174863388,0.8322200265880221,0.8826078669680176,1.847964377084363,,,,,CHEMBL234_Ki
99182118,global,cliffB_oracle,cliff,25,16,0.64,0.44518497748164865,0.7975211922554178,1.8479643770843632,,,,,CHEMBL234_Ki
99182118,global,cliffB_oracle,noncliff,707,613,0.867043847241867,0.8400220793908517,0.8900985312739167,1.847964377084363,,,,,CHEMBL234_Ki
99182118,global,cliffA,all,732,629,0.8592896174863388,0.8322200265880221,0.8826078669680176,1.847964377084363,,,,,CHEMBL234_Ki
99182118,global,cliffA,cliff,41,28,0.6829268292682927,0.5301580035565572,0.8043538610101142,1.847964377084363,,,,,CHEMBL234_Ki
99182118,global,cliffA,noncliff,691,601,0.869753979739508,0.8426007618880357,0.8928187982333259,1.8479643770843632,,,,,CHEMBL234_Ki
99182118,global,__bins__,__summary__,-1,-1,,,,1.847964377084363,0.7880434782608695,0.15356236115518884,0.6666666666666666,0.29931972789115646,CHEMBL234_Ki
99182118,mondrian_pair,cliffB_oracle,all,732,632,0.8633879781420765,0.8366041223303122,0.886377701570473,1.8783727984991192,,,,,CHEMBL234_Ki
99182118,mondrian_pair,cliffB_oracle,cliff,25,16,0.64,0.44518497748164865,0.7975211922554178,1.7669415910179094,,,,,CHEMBL234_Ki
99182118,mondrian_pair,cliffB_oracle,noncliff,707,616,0.8712871287128713,0.8445809897470278,0.8939803216190674,1.8823130816490914,,,,,CHEMBL234_Ki
99182118,mondrian_pair,cliffA,all,732,632,0.8633879781420765,0.8366041223303122,0.886377701570473,1.8783727984991192,,,,,CHEMBL234_Ki
99182118,mondrian_pair,cliffA,cliff,41,30,0.7317073170731707,0.5806646689292336,0.8430503595218832,1.794337546253972,,,,,CHEMBL234_Ki
99182118,mondrian_pair,cliffA,noncliff,691,602,0.8712011577424024,0.8441576118235893,0.8941403027405174,1.8833589712083105,,,,,CHEMBL234_Ki
99182118,mondrian_pair,__bins__,__summary__,-1,-1,,,,1.8783727984991192,0.7989130434782609,0.14999206601079018,0.673469387755102,0.2925170068027211,CHEMBL234_Ki
99182118,mondrian_wstd,cliffB_oracle,all,732,634,0.8661202185792349,0.8395309397575313,0.8888868377064177,1.8183264405745394,,,,,CHEMBL234_Ki
99182118,mondrian_wstd,cliffB_oracle,cliff,25,16,0.64,0.44518497748164865,0.7975211922554178,2.0242470426650576,,,,,CHEMBL234_Ki
99182118,mondrian_wstd,cliffB_oracle,noncliff,707,618,0.8741159830268741,0.847625062545117,0.8965633826218627,1.8110449482799664,,,,,CHEMBL234_Ki
99182118,mondrian_wstd,cliffA,all,732,634,0.8661202185792349,0.8395309397575313,0.8888868377064177,1.8183264405745394,,,,,CHEMBL234_Ki
99182118,mondrian_wstd,cliffA,cliff,41,29,0.7073170731707317,0.5552053227700284,0.8239081237388657,1.932503501397984,,,,,CHEMBL234_Ki
99182118,mondrian_wstd,cliffA,noncliff,691,605,0.8755426917510853,0.8488343384918505,0.8980986394004912,1.8115518248093274,,,,,CHEMBL234_Ki
99182118,mondrian_wstd,__bins__,__summary__,-1,-1,,,,1.8183264405745394,0.8321167883211679,0.08092668993970165,0.7142857142857143,0.23809523809523803,CHEMBL234_Ki
99182118,mondrian_std,cliffB_oracle,all,732,631,0.8620218579234973,0.8351419498224187,0.8851218972967846,1.834945762909853,,,,,CHEMBL234_Ki
99182118,mondrian_std,cliffB_oracle,cliff,25,17,0.68,0.48410269273102247,0.8279480969309202,2.0102899276177193,,,,,CHEMBL234_Ki
99182118,mondrian_std,cliffB_oracle,noncliff,707,614,0.8684582743988685,0.8415407738243755,0.8913934037408352,1.828745474200239,,,,,CHEMBL234_Ki
99182118,mondrian_std,cliffA,all,732,631,0.8620218579234973,0.8351419498224187,0.8851218972967846,1.834945762909853,,,,,CHEMBL234_Ki
99182118,mondrian_std,cliffA,cliff,41,29,0.7073170731707317,0.5552053227700284,0.8239081237388657,1.934073432867099,,,,,CHEMBL234_Ki
99182118,mondrian_std,cliffA,noncliff,691,602,0.8712011577424024,0.8441576118235893,0.8941403027405174,1.8290640921888004,,,,,CHEMBL234_Ki
99182118,mondrian_std,__bins__,__summary__,-1,-1,,,,1.834945762909853,0.8248175182481752,0.08279117740399877,0.7142857142857143,0.22448979591836737,CHEMBL234_Ki
99182118,mondrian_iqr,cliffB_oracle,all,732,615,0.8401639344262295,0.8118512221367784,0.8649249964771146,1.6984332409788339,,,,,CHEMBL234_Ki
99182118,mondrian_iqr,cliffB_oracle,cliff,25,14,0.56,0.3706733186979878,0.7333436111893266,1.8016800396227421,,,,,CHEMBL234_Ki
99182118,mondrian_iqr,cliffB_oracle,noncliff,707,601,0.8500707213578501,0.8218666585892657,0.8744911492701956,1.6947823640819488,,,,,CHEMBL234_Ki
99182118,mondrian_iqr,cliffA,all,732,615,0.8401639344262295,0.8118512221367784,0.8649249964771146,1.6984332409788339,,,,,CHEMBL234_Ki
99182118,mondrian_iqr,cliffA,cliff,41,25,0.6097560975609756,0.45726856934123794,0.7434385493987647,1.7219978817697907,,,,,CHEMBL234_Ki
99182118,mondrian_iqr,cliffA,noncliff,691,590,0.85383502170767,0.8255388842047777,0.8782187770463883,1.6970350495570836,,,,,CHEMBL234_Ki
99182118,mondrian_iqr,__bins__,__summary__,-1,-1,,,,1.6984332409788339,0.8029197080291971,0.08759124087591241,0.6870748299319728,0.24443201938309567,CHEMBL234_Ki
99182118,mondrian_nb,cliffB_oracle,all,732,621,0.8483606557377049,0.8205632491204536,0.8725208301829307,1.790653196205913,,,,,CHEMBL234_Ki
99182118,mondrian_nb,cliffB_oracle,cliff,25,12,0.48,0.30031285954112974,0.6650148304964322,1.5128051161800968,,,,,CHEMBL234_Ki
99182118,mondrian_nb,cliffB_oracle,noncliff,707,609,0.8613861386138614,0.8339564366326802,0.8849099064303192,1.8004780929536435,,,,,CHEMBL234_Ki
99182118,mondrian_nb,cliffA,all,732,621,0.8483606557377049,0.8205632491204536,0.8725208301829307,1.790653196205913,,,,,CHEMBL234_Ki
99182118,mondrian_nb,cliffA,cliff,41,23,0.5609756097560976,0.4104052722210608,0.7010986826344964,1.5340670731461206,,,,,CHEMBL234_Ki
99182118,mondrian_nb,cliffA,noncliff,691,598,0.8654124457308249,0.8379361890708588,0.8888483077222675,1.805877553724656,,,,,CHEMBL234_Ki
99182118,mondrian_nb,__bins__,__summary__,-1,-1,,,,1.790653196205913,0.7445255474452555,0.17518248175182483,0.7482993197278912,0.17006802721088432,CHEMBL234_Ki
99182118,mondrian_nnsim,cliffB_oracle,all,732,631,0.8620218579234973,0.8351419498224187,0.8851218972967846,1.8830516967225763,,,,,CHEMBL234_Ki
99182118,mondrian_nnsim,cliffB_oracle,cliff,25,21,0.84,0.6534637839282114,0.9359654854332355,2.1666990321313158,,,,,CHEMBL234_Ki
99182118,mondrian_nnsim,cliffB_oracle,noncliff,707,610,0.8628005657708628,0.8354715008600377,0.8862084091034039,1.8730217343672462,,,,,CHEMBL234_Ki
99182118,mondrian_nnsim,cliffA,all,732,631,0.8620218579234973,0.8351419498224187,0.8851218972967846,1.8830516967225763,,,,,CHEMBL234_Ki
99182118,mondrian_nnsim,cliffA,cliff,41,33,0.8048780487804879,0.6598641481293658,0.8976556261484198,2.0334325583085793,,,,,CHEMBL234_Ki
99182118,mondrian_nnsim,cliffA,noncliff,691,598,0.8654124457308249,0.8379361890708588,0.8888483077222675,1.8741289538498906,,,,,CHEMBL234_Ki
99182118,mondrian_nnsim,__bins__,__summary__,-1,-1,,,,1.8830516967225763,0.782608695652174,0.1589971437638844,0.7074829931972789,0.26530612244897955,CHEMBL234_Ki
99182118,mondrian_pairgap,cliffB_oracle,all,732,620,0.8469945355191257,0.8191094856878695,0.8712566168339332,1.8354770943844225,,,,,CHEMBL234_Ki
99182118,mondrian_pairgap,cliffB_oracle,cliff,25,13,0.52,0.3349851695035678,0.6996871404588704,1.7305353137028174,,,,,CHEMBL234_Ki
99182118,mondrian_pairgap,cliffB_oracle,noncliff,707,607,0.8585572842998586,0.8309289328604496,0.8823102764016654,1.8391879069969266,,,,,CHEMBL234_Ki
99182118,mondrian_pairgap,cliffA,all,732,620,0.8469945355191257,0.8191094856878695,0.8712566168339332,1.8354770943844225,,,,,CHEMBL234_Ki
99182118,mondrian_pairgap,cliffA,cliff,41,26,0.6341463414634146,0.4812070108791201,0.7641016898031056,1.7822896460797435,,,,,CHEMBL234_Ki
99182118,mondrian_pairgap,cliffA,noncliff,691,594,0.8596237337192475,0.8317302099512577,0.8835408690708885,1.8386329342983039,,,,,CHEMBL234_Ki
99182118,mondrian_pairgap,__bins__,__summary__,-1,-1,,,,1.8354770943844225,0.782608695652174,0.15169787369089172,0.7074829931972789,0.22448979591836737,CHEMBL234_Ki
99182118,mondrian_rfstd,cliffB_oracle,all,732,632,0.8633879781420765,0.8366041223303122,0.886377701570473,1.778486038537562,,,,,CHEMBL234_Ki
99182118,mondrian_rfstd,cliffB_oracle,cliff,25,14,0.56,0.3706733186979878,0.7333436111893266,1.8446467678876621,,,,,CHEMBL234_Ki
99182118,mondrian_rfstd,cliffB_oracle,noncliff,707,618,0.8741159830268741,0.847625062545117,0.8965633826218627,1.776146550229567,,,,,CHEMBL234_Ki
99182118,mondrian_rfstd,cliffA,all,732,632,0.8633879781420765,0.8366041223303122,0.886377701570473,1.778486038537562,,,,,CHEMBL234_Ki
99182118,mondrian_rfstd,cliffA,cliff,41,26,0.6341463414634146,0.4812070108791201,0.7641016898031056,1.825397110759297,,,,,CHEMBL234_Ki
99182118,mondrian_rfstd,cliffA,noncliff,691,606,0.8769898697539797,0.850395356624533,0.8994159757105538,1.7757026029932914,,,,,CHEMBL234_Ki
99182118,mondrian_rfstd,__bins__,__summary__,-1,-1,,,,1.778486038537562,0.8467153284671532,0.03649635036496357,0.821917808219178,0.07534246575342474,CHEMBL234_Ki
89709943,global,cliffB_oracle,all,732,618,0.8442622950819673,0.8162040920583469,0.8687260569002919,1.9372806927245598,,,,,CHEMBL234_Ki
89709943,global,cliffB_oracle,cliff,24,14,0.5833333333333334,0.3883466586522876,0.7553239739018824,1.9372806927245598,,,,,CHEMBL234_Ki
89709943,global,cliffB_oracle,noncliff,708,604,0.8531073446327684,0.8251269874649557,0.8772766078922868,1.93728069272456,,,,,CHEMBL234_Ki
89709943,global,cliffA,all,732,618,0.8442622950819673,0.8162040920583469,0.8687260569002919,1.9372806927245598,,,,,CHEMBL234_Ki
89709943,global,cliffA,cliff,47,31,0.6595744680851063,0.5167092456194193,0.7783255615622839,1.9372806927245594,,,,,CHEMBL234_Ki
89709943,global,cliffA,noncliff,685,587,0.8569343065693431,0.8287206490888724,0.8811669364190827,1.9372806927245596,,,,,CHEMBL234_Ki
89709943,global,__bins__,__summary__,-1,-1,,,,1.9372806927245598,0.7228260869565217,0.20418121231355124,0.6190476190476191,0.3537414965986394,CHEMBL234_Ki
89709943,mondrian_pair,cliffB_oracle,all,732,606,0.8278688524590164,0.7988284526415658,0.8534859749380902,1.9163693659336714,,,,,CHEMBL234_Ki
89709943,mondrian_pair,cliffB_oracle,cliff,24,10,0.4166666666666667,0.24467602609811764,0.6116533413477124,1.6633078829635821,,,,,CHEMBL234_Ki
89709943,mondrian_pair,cliffB_oracle,noncliff,708,596,0.8418079096045198,0.813092514865592,0.8668341654402186,1.9249477212885895,,,,,CHEMBL234_Ki
89709943,mondrian_pair,cliffA,all,732,606,0.8278688524590164,0.7988284526415658,0.8534859749380902,1.9163693659336714,,,,,CHEMBL234_Ki
89709943,mondrian_pair,cliffA,cliff,47,24,0.5106382978723404,0.3724245374822684,0.6472444496631784,1.726329868044929,,,,,CHEMBL234_Ki
89709943,mondrian_pair,cliffA,noncliff,685,582,0.8496350364963504,0.8209222999662129,0.8744481570037472,1.9294085723581542,,,,,CHEMBL234_Ki
89709943,mondrian_pair,__bins__,__summary__,-1,-1,,,,1.9163693659336714,0.717391304347826,0.2169152649952396,0.6258503401360545,0.3197278911564626,CHEMBL234_Ki
89709943,mondrian_wstd,cliffB_oracle,all,732,628,0.8579234972677595,0.8307602563351406,0.881349660439317,1.9214009079511771,,,,,CHEMBL234_Ki
89709943,mondrian_wstd,cliffB_oracle,cliff,24,16,0.6666666666666666,0.4670631683813174,0.8202780967270225,2.127529262437075,,,,,CHEMBL234_Ki
89709943,mondrian_wstd,cliffB_oracle,noncliff,708,612,0.864406779661017,0.8372136894929375,0.8876668209157367,1.9144135061041978,,,,,CHEMBL234_Ki
89709943,mondrian_wstd,cliffA,all,732,628,0.8579234972677595,0.8307602563351406,0.881349660439317,1.9214009079511771,,,,,CHEMBL234_Ki
89709943,mondrian_wstd,cliffA,cliff,47,32,0.6808510638297872,0.5383265689689715,0.7960462125036255,2.044122466905631,,,,,CHEMBL234_Ki
89709943,mondrian_wstd,cliffA,noncliff,685,596,0.8700729927007299,0.8428163091610938,0.8932021077152521,1.9129805966068567,,,,,CHEMBL234_Ki
89709943,mondrian_wstd,__bins__,__summary__,-1,-1,,,,1.9214009079511771,0.8315217391304348,0.05168993970168201,0.6938775510204082,0.25850340136054417,CHEMBL234_Ki
89709943,mondrian_std,cliffB_oracle,all,732,627,0.8565573770491803,0.8293012676921087,0.8800906723007672,1.9143221062585298,,,,,CHEMBL234_Ki
89709943,mondrian_std,cliffB_oracle,cliff,24,16,0.6666666666666666,0.4670631683813174,0.8202780967270225,2.088891124633919,,,,,CHEMBL234_Ki
89709943,mondrian_std,cliffB_oracle,noncliff,708,611,0.8629943502824858,0.8356998192414324,0.8863710767858126,1.9084045124152966,,,,,CHEMBL234_Ki
89709943,mondrian_std,cliffA,all,732,627,0.8565573770491803,0.8293012676921087,0.8800906723007672,1.9143221062585298,,,,,CHEMBL234_Ki
89709943,mondrian_std,cliffA,cliff,47,32,0.6808510638297872,0.5383265689689715,0.7960462125036255,2.025871858342448,,,,,CHEMBL234_Ki
89709943,mondrian_std,cliffA,noncliff,685,595,0.8686131386861314,0.8412461858663814,0.8918688053023657,1.9066683276483924,,,,,CHEMBL234_Ki
89709943,mondrian_std,__bins__,__summary__,-1,-1,,,,1.9143221062585298,0.8315217391304348,0.05168993970168201,0.6938775510204082,0.25850340136054417,CHEMBL234_Ki
89709943,mondrian_iqr,cliffB_oracle,all,732,624,0.8524590163934426,0.82492890050477,0.8763091091433601,1.8553840072093202,,,,,CHEMBL234_Ki
89709943,mondrian_iqr,cliffB_oracle,cliff,24,14,0.5833333333333334,0.3883466586522876,0.7553239739018824,1.8670739381847543,,,,,CHEMBL234_Ki
89709943,mondrian_iqr,cliffB_oracle,noncliff,708,610,0.8615819209039548,0.8341868373029077,0.8850744443429085,1.8549877383626956,,,,,CHEMBL234_Ki
89709943,mondrian_iqr,cliffA,all,732,624,0.8524590163934426,0.82492890050477,0.8763091091433601,1.8553840072093202,,,,,CHEMBL234_Ki
89709943,mondrian_iqr,cliffA,cliff,47,27,0.574468085106383,0.4328191934549279,0.7048637165632003,1.8481358881754162,,,,,CHEMBL234_Ki
89709943,mondrian_iqr,cliffA,noncliff,685,597,0.8715328467153285,0.8443874629929179,0.8945343795910271,1.8558813234058074,,,,,CHEMBL234_Ki
89709943,mondrian_iqr,__bins__,__summary__,-1,-1,,,,1.8553840072093202,0.8152173913043478,0.06799428752776904,0.7210884353741497,0.22448979591836737,CHEMBL234_Ki
89709943,mondrian_nb,cliffB_oracle,all,732,630,0.860655737704918,0.8336805878686138,0.8838652824690076,1.9665157425809354,,,,,CHEMBL234_Ki
89709943,mondrian_nb,cliffB_oracle,cliff,24,11,0.4583333333333333,0.2789133373121099,0.6492513464108051,1.6928179942298485,,,,,CHEMBL234_Ki
89709943,mondrian_nb,cliffB_oracle,noncliff,708,619,0.8742937853107344,0.8478366652630984,0.8967111458155785,1.9757936323555485,,,,,CHEMBL234_Ki
89709943,mondrian_nb,cliffA,all,732,630,0.860655737704918,0.8336805878686138,0.8838652824690076,1.9665157425809354,,,,,CHEMBL234_Ki
89709943,mondrian_nb,cliffA,cliff,47,28,0.5957446808510638,0.4534212295011096,0.7235996548079124,1.8010933941565526,,,,,CHEMBL234_Ki
89709943,mondrian_nb,cliffA,noncliff,685,602,0.8788321167883212,0.8522592231403006,0.9011797479816395,1.9778658891151633,,,,,CHEMBL234_Ki
89709943,mondrian_nb,__bins__,__summary__,-1,-1,,,,1.9665157425809354,0.7989130434782609,0.11349571564582672,0.7210884353741497,0.19047619047619047,CHEMBL234_Ki
89709943,mondrian_nnsim,cliffB_oracle,all,732,627,0.8565573770491803,0.8293012676921087,0.8800906723007672,1.9255457737030728,,,,,CHEMBL234_Ki
89709943,mondrian_nnsim,cliffB_oracle,cliff,24,18,0.75,0.55100555994846,0.8800063377140499,2.287149400476732,,,,,CHEMBL234_Ki
89709943,mondrian_nnsim,cliffB_oracle,noncliff,708,609,0.8601694915254238,0.8326747323949077,0.8837769348694795,1.9132880236429486,,,,,CHEMBL234_Ki
89709943,mondrian_nnsim,cliffA,all,732,627,0.8565573770491803,0.8293012676921087,0.8800906723007672,1.9255457737030728,,,,,CHEMBL234_Ki
89709943,mondrian_nnsim,cliffA,cliff,47,35,0.7446808510638298,0.6049182446958253,0.8474684596494529,2.1716414439100773,,,,,CHEMBL234_Ki
89709943,mondrian_nnsim,cliffA,noncliff,685,592,0.8642335766423358,0.8365418571628396,0.8878628568831104,1.9086603773531032,,,,,CHEMBL234_Ki
89709943,mondrian_nnsim,__bins__,__summary__,-1,-1,,,,1.9255457737030728,0.782608695652174,0.11520152332592826,0.673469387755102,0.2925170068027211,CHEMBL234_Ki
89709943,mondrian_pairgap,cliffB_oracle,all,732,608,0.8306010928961749,0.8017179073992761,0.8560324737435437,1.892682213442444,,,,,CHEMBL234_Ki
89709943,mondrian_pairgap,cliffB_oracle,cliff,24,10,0.4166666666666667,0.24467602609811764,0.6116533413477124,1.5712079115529065,,,,,CHEMBL234_Ki
89709943,mondrian_pairgap,cliffB_oracle,noncliff,708,598,0.844632768361582,0.8160964974403591,0.8694494116283096,1.9035796474048008,,,,,CHEMBL234_Ki
89709943,mondrian_pairgap,cliffA,all,732,608,0.8306010928961749,0.8017179073992761,0.8560324737435437,1.892682213442444,,,,,CHEMBL234_Ki
89709943,mondrian_pairgap,cliffA,cliff,47,24,0.5106382978723404,0.3724245374822684,0.6472444496631784,1.6332336130061522,,,,,CHEMBL234_Ki
89709943,mondrian_pairgap,cliffA,noncliff,685,584,0.8525547445255475,0.8240389870952434,0.8771383212899146,1.9104837962461014,,,,,CHEMBL234_Ki
89709943,mondrian_pairgap,__bins__,__summary__,-1,-1,,,,1.892682213442444,0.7391304347826086,0.16597905426848625,0.6462585034013606,0.2789115646258503,CHEMBL234_Ki
89709943,mondrian_rfstd,cliffB_oracle,all,732,612,0.8360655737704918,0.8075044452261144,0.8611178430430331,1.8379631312536435,,,,,CHEMBL234_Ki
89709943,mondrian_rfstd,cliffB_oracle,cliff,24,14,0.5833333333333334,0.3883466586522876,0.7553239739018824,1.9901073074645677,,,,,CHEMBL234_Ki
89709943,mondrian_rfstd,cliffB_oracle,noncliff,708,598,0.844632768361582,0.8160964974403591,0.8694494116283096,1.8328057015515782,,,,,CHEMBL234_Ki
89709943,mondrian_rfstd,cliffA,all,732,612,0.8360655737704918,0.8075044452261144,0.8611178430430331,1.8379631312536435,,,,,CHEMBL234_Ki
89709943,mondrian_rfstd,cliffA,cliff,47,27,0.574468085106383,0.4328191934549279,0.7048637165632003,1.8741723810918365,,,,,CHEMBL234_Ki
89709943,mondrian_rfstd,cliffA,noncliff,685,585,0.8540145985401459,0.8255986460899928,0.8784820880027641,1.835478700972775,,,,,CHEMBL234_Ki
89709943,mondrian_rfstd,__bins__,__summary__,-1,-1,,,,1.8379631312536435,0.8152173913043478,0.03149793716280547,0.8095238095238095,0.05442176870748294,CHEMBL234_Ki
86921808,global,cliffB_oracle,all,732,600,0.819672131147541,0.7901747830128898,0.8458317838772749,1.766231297572796,,,,,CHEMBL234_Ki
86921808,global,cliffB_oracle,cliff,25,14,0.56,0.3706733186979878,0.7333436111893266,1.766231297572796,,,,,CHEMBL234_Ki
86921808,global,cliffB_oracle,noncliff,707,586,0.8288543140028288,0.7993326726485133,0.854821631704314,1.766231297572796,,,,,CHEMBL234_Ki
86921808,global,cliffA,all,732,600,0.819672131147541,0.7901747830128898,0.8458317838772749,1.766231297572796,,,,,CHEMBL234_Ki
86921808,global,cliffA,cliff,55,37,0.6727272727272727,0.5410322355657868,0.7818693440483107,1.7662312975727967,,,,,CHEMBL234_Ki
86921808,global,cliffA,noncliff,677,563,0.8316100443131462,0.8015679769186687,0.8579100765737352,1.766231297572796,,,,,CHEMBL234_Ki
86921808,global,__bins__,__summary__,-1,-1,,,,1.766231297572796,0.7457627118644068,0.16071210827947813,0.6054421768707483,0.33333333333333337,CHEMBL234_Ki
86921808,mondrian_pair,cliffB_oracle,all,732,602,0.8224043715846995,0.7930569350152064,0.8483855854381219,1.7723127604638675,,,,,CHEMBL234_Ki
86921808,mondrian_pair,cliffB_oracle,cliff,25,13,0.52,0.3349851695035678,0.6996871404588704,1.645869235679583,,,,,CHEMBL234_Ki
86921808,mondrian_pair,cliffB_oracle,noncliff,707,589,0.8330975954738331,0.803826447290015,0.8587685577641391,1.7767838893459147,,,,,CHEMBL234_Ki
86921808,mondrian_pair,cliffA,all,732,602,0.8224043715846995,0.7930569350152064,0.8483855854381219,1.7723127604638675,,,,,CHEMBL234_Ki
86921808,mondrian_pair,cliffA,cliff,55,37,0.6727272727272727,0.5410322355657868,0.7818693440483107,1.6595955681936112,,,,,CHEMBL234_Ki
86921808,mondrian_pair,cliffA,noncliff,677,565,0.8345642540620384,0.8047021745161361,0.8606509618581598,1.7814699917413623,,,,,CHEMBL234_Ki
86921808,mondrian_pair,__bins__,__summary__,-1,-1,,,,1.7723127604638675,0.751412429378531,0.13347965695240427,0.6326530612244898,0.30612244897959184,CHEMBL234_Ki
86921808,mondrian_wstd,cliffB_oracle,all,732,603,0.8237704918032787,0.7944989045649588,0.8496615926699514,1.764188556654337,,,,,CHEMBL234_Ki
86921808,mondrian_wstd,cliffB_oracle,cliff,25,16,0.64,0.44518497748164865,0.7975211922554178,1.925378467063984,,,,,CHEMBL234_Ki
86921808,mondrian_wstd,cliffB_oracle,noncliff,707,587,0.8302687411598303,0.8008299082971055,0.8561379629561641,1.7584887719863858,,,,,CHEMBL234_Ki
86921808,mondrian_wstd,cliffA,all,732,603,0.8237704918032787,0.7944989045649588,0.8496615926699514,1.764188556654337,,,,,CHEMBL234_Ki
86921808,mondrian_wstd,cliffA,cliff,55,41,0.7454545454545455,0.6169812871823414,0.841878852269271,1.9298935384855487,,,,,CHEMBL234_Ki
86921808,mondrian_wstd,cliffA,noncliff,677,562,0.8301329394387001,0.8000020406759112,0.8565384713755464,1.7507265566532781,,,,,CHEMBL234_Ki
86921808,mondrian_wstd,__bins__,__summary__,-1,-1,,,,1.764188556654337,0.7482014388489209,0.11055562329797175,0.6598639455782312,0.2789115646258504,CHEMBL234_Ki
86921808,mondrian_std,cliffB_oracle,all,732,606,0.8278688524590164,0.7988284526415658,0.8534859749380902,1.7800418385217316,,,,,CHEMBL234_Ki
86921808,mondrian_std,cliffB_oracle,cliff,25,16,0.64,0.44518497748164865,0.7975211922554178,1.9460351444124593,,,,,CHEMBL234_Ki
86921808,mondrian_std,cliffB_oracle,noncliff,707,590,0.8345120226308345,0.8053257644528474,0.8600828075017487,1.7741722025284243,,,,,CHEMBL234_Ki
86921808,mondrian_std,cliffA,all,732,606,0.8278688524590164,0.7988284526415658,0.8534859749380902,1.7800418385217316,,,,,CHEMBL234_Ki
86921808,mondrian_std,cliffA,cliff,55,41,0.7454545454545455,0.6169812871823414,0.841878852269271,1.9552100736560243,,,,,CHEMBL234_Ki
86921808,mondrian_std,cliffA,noncliff,677,565,0.8345642540620384,0.8047021745161361,0.8606509618581598,1.7658110365536577,,,,,CHEMBL234_Ki
86921808,mondrian_std,__bins__,__summary__,-1,-1,,,,1.7800418385217316,0.7482014388489209,0.11055562329797175,0.6598639455782312,0.2857142857142858,CHEMBL234_Ki
86921808,mondrian_iqr,cliffB_oracle,all,732,607,0.8292349726775956,0.8002728672220224,0.8547595371392153,1.7519211903863547,,,,,CHEMBL234_Ki
86921808,mondrian_iqr,cliffB_oracle,cliff,25,17,0.68,0.48410269273102247,0.8279480969309202,1.9117807999069827,,,,,CHEMBL234_Ki
86921808,mondrian_iqr,cliffB_oracle,noncliff,707,590,0.8345120226308345,0.8053257644528474,0.8600828075017487,1.746268446061014,,,,,CHEMBL234_Ki
86921808,mondrian_iqr,cliffA,all,732,607,0.8292349726775956,0.8002728672220224,0.8547595371392153,1.7519211903863547,,,,,CHEMBL234_Ki
86921808,mondrian_iqr,cliffA,cliff,55,41,0.7454545454545455,0.6169812871823414,0.841878852269271,1.8526707408653447,,,,,CHEMBL234_Ki
86921808,mondrian_iqr,cliffA,noncliff,677,566,0.8360413589364845,0.8062704522744089,0.8620202255408334,1.7437362195202624,,,,,CHEMBL234_Ki
86921808,mondrian_iqr,__bins__,__summary__,-1,-1,,,,1.7519211903863547,0.807909604519774,0.041011258789578564,0.6598639455782312,0.2517006802721089,CHEMBL234_Ki
86921808,mondrian_nb,cliffB_oracle,all,732,595,0.8128415300546448,0.7829795869833264,0.8394370959989285,1.7441007511745437,,,,,CHEMBL234_Ki
86921808,mondrian_nb,cliffB_oracle,cliff,25,11,0.44,0.26665638881067344,0.6293266813020123,1.5975787134970534,,,,,CHEMBL234_Ki
86921808,mondrian_nb,cliffB_oracle,noncliff,707,584,0.826025459688826,0.7963402355575662,0.8521869349943765,1.7492818699042993,,,,,CHEMBL234_Ki
86921808,mondrian_nb,cliffA,all,732,595,0.8128415300546448,0.7829795869833264,0.8394370959989285,1.7441007511745437,,,,,CHEMBL234_Ki
86921808,mondrian_nb,cliffA,cliff,55,34,0.6181818181818182,0.4860922023248993,0.7348404574110621,1.6075090000174697,,,,,CHEMBL234_Ki
86921808,mondrian_nb,cliffA,noncliff,677,561,0.8286558345642541,0.7984368688294545,0.855166101781057,1.755197569953922,,,,,CHEMBL234_Ki
86921808,mondrian_nb,__bins__,__summary__,-1,-1,,,,1.7441007511745437,0.7344632768361582,0.1504288094947771,0.6462585034013606,0.26530612244897955,CHEMBL234_Ki
86921808,mondrian_nnsim,cliffB_oracle,all,732,607,0.8292349726775956,0.8002728672220224,0.8547595371392153,1.809364226450222,,,,,CHEMBL234_Ki
86921808,mondrian_nnsim,cliffB_oracle,cliff,25,16,0.64,0.44518497748164865,0.7975211922554178,1.8933434208541584,,,,,CHEMBL234_Ki
86921808,mondrian_nnsim,cliffB_oracle,noncliff,707,591,0.8359264497878359,0.8068257895167047,0.861396349338334,1.8063946651205212,,,,,CHEMBL234_Ki
86921808,mondrian_nnsim,cliffA,all,732,607,0.8292349726775956,0.8002728672220224,0.8547595371392153,1.809364226450222,,,,,CHEMBL234_Ki
86921808,mondrian_nnsim,cliffA,cliff,55,40,0.7272727272727273,0.5976780188832919,0.8271924806089416,1.8484836260148947,,,,,CHEMBL234_Ki
86921808,mondrian_nnsim,cliffA,noncliff,677,567,0.8375184638109305,0.8078395272469773,0.863388692009211,1.8061861363821912,,,,,CHEMBL234_Ki
86921808,mondrian_nnsim,__bins__,__summary__,-1,-1,,,,1.809364226450222,0.7627118644067796,0.1581514449457384,0.6258503401360545,0.3129251700680272,CHEMBL234_Ki
86921808,mondrian_pairgap,cliffB_oracle,all,732,595,0.8128415300546448,0.7829795869833264,0.8394370959989285,1.7350088963684338,,,,,CHEMBL234_Ki
86921808,mondrian_pairgap,cliffB_oracle,cliff,25,12,0.48,0.30031285954112974,0.6650148304964322,1.5723801294912263,,,,,CHEMBL234_Ki
86921808,mondrian_pairgap,cliffB_oracle,noncliff,707,583,0.8246110325318247,0.7948450211257144,0.8508685825257861,1.7407595599779526,,,,,CHEMBL234_Ki
86921808,mondrian_pairgap,cliffA,all,732,595,0.8128415300546448,0.7829795869833264,0.8394370959989285,1.7350088963684338,,,,,CHEMBL234_Ki
86921808,mondrian_pairgap,cliffA,cliff,55,34,0.6181818181818182,0.4860922023248993,0.7348404574110621,1.62259051875962,,,,,CHEMBL234_Ki
86921808,mondrian_pairgap,cliffA,noncliff,677,561,0.8286558345642541,0.7984368688294545,0.855166101781057,1.7441418517133147,,,,,CHEMBL234_Ki
86921808,mondrian_pairgap,__bins__,__summary__,-1,-1,,,,1.7350088963684338,0.751412429378531,0.13347965695240427,0.6258503401360545,0.29931972789115646,CHEMBL234_Ki
86921808,mondrian_rfstd,cliffB_oracle,all,732,587,0.8019125683060109,0.771496288087925,0.8291765806416747,1.6593148943106746,,,,,CHEMBL234_Ki
86921808,mondrian_rfstd,cliffB_oracle,cliff,25,15,0.6,0.40739457358967,0.7659669762225203,1.8230912422335874,,,,,CHEMBL234_Ki
86921808,mondrian_rfstd,cliffB_oracle,noncliff,707,572,0.809052333804809,0.7784399856140815,0.836324382132554,1.6535236514562575,,,,,CHEMBL234_Ki
86921808,mondrian_rfstd,cliffA,all,732,587,0.8019125683060109,0.771496288087925,0.8291765806416747,1.6593148943106746,,,,,CHEMBL234_Ki
86921808,mondrian_rfstd,cliffA,cliff,55,36,0.6545454545454545,0.5225390350756162,0.7663729045791027,1.7133764449201485,,,,,CHEMBL234_Ki
86921808,mondrian_rfstd,cliffA,noncliff,677,551,0.8138847858197932,0.7828255611928898,0.8414019950081606,1.6549228924147796,,,,,CHEMBL234_Ki
86921808,mondrian_rfstd,__bins__,__summary__,-1,-1,,,,1.6593148943106746,0.762589928057554,0.07074340527577938,0.7278911564625851,0.13512254216755193,CHEMBL234_Ki
71339737,global,cliffB_oracle,all,620,519,0.8370967741935483,0.8059690832817357,0.8640729507795857,2.1448521793076445,,,,,CHEMBL244_Ki
71339737,global,cliffB_oracle,cliff,23,16,0.6956521739130435,0.49134243731240795,0.8439597554678597,2.1448521793076454,,,,,CHEMBL244_Ki
71339737,global,cliffB_oracle,noncliff,597,503,0.8425460636515912,0.811150401104577,0.8695616136801011,2.1448521793076445,,,,,CHEMBL244_Ki
71339737,global,cliffA,all,620,519,0.8370967741935483,0.8059690832817357,0.8640729507795857,2.1448521793076445,,,,,CHEMBL244_Ki
71339737,global,cliffA,cliff,54,42,0.7777777777777778,0.6506132834036111,0.8680458343236688,2.144852179307645,,,,,CHEMBL244_Ki
71339737,global,cliffA,noncliff,566,477,0.842756183745583,0.8104675650771279,0.870423574017909,2.1448521793076445,,,,,CHEMBL244_Ki
71339737,global,__bins__,__summary__,-1,-1,,,,2.1448521793076445,0.7674418604651163,0.13419748379717877,0.6693548387096774,0.30645161290322587,CHEMBL244_Ki
71339737,mondrian_pair,cliffB_oracle,all,620,519,0.8370967741935483,0.8059690832817357,0.8640729507795857,2.1343097990967466,,,,,CHEMBL244_Ki
71339737,mondrian_pair,cliffB_oracle,cliff,23,16,0.6956521739130435,0.49134243731240795,0.8439597554678597,2.1538263825509367,,,,,CHEMBL244_Ki
71339737,mondrian_pair,cliffB_oracle,noncliff,597,503,0.8425460636515912,0.811150401104577,0.8695616136801011,2.1335579039217945,,,,,CHEMBL244_Ki
71339737,mondrian_pair,cliffA,all,620,519,0.8370967741935483,0.8059690832817357,0.8640729507795857,2.1343097990967466,,,,,CHEMBL244_Ki
71339737,mondrian_pair,cliffA,cliff,54,42,0.7777777777777778,0.6506132834036111,0.8680458343236688,2.1508271464447244,,,,,CHEMBL244_Ki
71339737,mondrian_pair,cliffA,noncliff,566,477,0.842756183745583,0.8104675650771279,0.870423574017909,2.1327339391024163,,,,,CHEMBL244_Ki
71339737,mondrian_pair,__bins__,__summary__,-1,-1,,,,2.1343097990967466,0.7751937984496124,0.12644554581268264,0.6612903225806451,0.3145161290322581,CHEMBL244_Ki
71339737,mondrian_wstd,cliffB_oracle,all,620,515,0.8306451612903226,0.7991069424416879,0.8581113206328139,2.2018776041645673,,,,,CHEMBL244_Ki
71339737,mondrian_wstd,cliffB_oracle,cliff,23,17,0.7391304347826086,0.5352999516257462,0.8745138395501366,2.6218460360213958,,,,,CHEMBL244_Ki
71339737,mondrian_wstd,cliffB_oracle,noncliff,597,498,0.8341708542713567,0.8022187168199244,0.861849972419896,2.1856979158350747,,,,,CHEMBL244_Ki
71339737,mondrian_wstd,cliffA,all,620,515,0.8306451612903226,0.7991069424416879,0.8581113206328139,2.2018776041645673,,,,,CHEMBL244_Ki
71339737,mondrian_wstd,cliffA,cliff,54,44,0.8148148148148148,0.6916405221784752,0.8961731445791086,2.5418844053207033,,,,,CHEMBL244_Ki
71339737,mondrian_wstd,cliffA,noncliff,566,471,0.8321554770318021,0.7991496816431336,0.8606829686139126,2.1694387927468446,,,,,CHEMBL244_Ki
71339737,mondrian_wstd,__bins__,__summary__,-1,-1,,,,2.2018776041645673,0.7560975609756098,0.15863112119493283,0.7016129032258065,0.25806451612903225,CHEMBL244_Ki
71339737,mondrian_std,cliffB_oracle,all,620,516,0.832258064516129,0.8008210184437748,0.859603187377432,2.1800561254789863,,,,,CHEMBL244_Ki
71339737,mondrian_std,cliffB_oracle,cliff,23,17,0.7391304347826086,0.5352999516257462,0.8745138395501366,2.6092422306246594,,,,,CHEMBL244_Ki
71339737,mondrian_std,cliffB_oracle,noncliff,597,499,0.8358458961474037,0.8040028506645475,0.8633945036842446,2.1635213174080477,,,,,CHEMBL244_Ki
71339737,mondrian_std,cliffA,all,620,516,0.832258064516129,0.8008210184437748,0.859603187377432,2.1800561254789863,,,,,CHEMBL244_Ki
71339737,mondrian_std,cliffA,cliff,54,44,0.8148148148148148,0.6916405221784752,0.8961731445791086,2.516931645839378,,,,,CHEMBL244_Ki
71339737,mondrian_std,cliffA,noncliff,566,472,0.833922261484099,0.8010328802022235,0.8623095181944878,2.1479160581654506,,,,,CHEMBL244_Ki
71339737,mondrian_std,__bins__,__summary__,-1,-1,,,,2.1800561254789863,0.7560975609756098,0.1508791832104367,0.6935483870967742,0.2661290322580645,CHEMBL244_Ki
71339737,mondrian_iqr,cliffB_oracle,all,620,525,0.8467741935483871,0.8162925374737413,0.8729851530678094,2.1803444033906896,,,,,CHEMBL244_Ki
71339737,mondrian_iqr,cliffB_oracle,cliff,23,17,0.7391304347826086,0.5352999516257462,0.8745138395501366,2.387164874322852,,,,,CHEMBL244_Ki
71339737,mondrian_iqr,cliffB_oracle,noncliff,597,508,0.8509212730318257,0.8201106958318303,0.8772446444977056,2.172376445549082,,,,,CHEMBL244_Ki
71339737,mondrian_iqr,cliffA,all,620,525,0.8467741935483871,0.8162925374737413,0.8729851530678094,2.1803444033906896,,,,,CHEMBL244_Ki
71339737,mondrian_iqr,cliffA,cliff,54,45,0.8333333333333334,0.7126348577027084,0.9097560835700274,2.3946770711214636,,,,,CHEMBL244_Ki
71339737,mondrian_iqr,cliffA,noncliff,566,480,0.8480565371024735,0.8161439336341967,0.8752764498798358,2.159895703642524,,,,,CHEMBL244_Ki
71339737,mondrian_iqr,__bins__,__summary__,-1,-1,,,,2.1803444033906896,0.8294573643410853,0.032331253545093586,0.75,0.20967741935483875,CHEMBL244_Ki
71339737,mondrian_nb,cliffB_oracle,all,620,522,0.8419354838709677,0.8111261457833736,0.8685337165180624,2.141303155158286,,,,,CHEMBL244_Ki
71339737,mondrian_nb,cliffB_oracle,cliff,23,16,0.6956521739130435,0.49134243731240795,0.8439597554678597,2.069450260481343,,,,,CHEMBL244_Ki
71339737,mondrian_nb,cliffB_oracle,noncliff,597,506,0.847571189279732,0.8165230248953127,0.87417498521628,2.144071357130765,,,,,CHEMBL244_Ki
71339737,mondrian_nb,cliffA,all,620,522,0.8419354838709677,0.8111261457833736,0.8685337165180624,2.141303155158286,,,,,CHEMBL244_Ki
71339737,mondrian_nb,cliffA,cliff,54,41,0.7592592592592593,0.6305247581649721,0.8535570850471558,2.070972862786991,,,,,CHEMBL244_Ki
71339737,mondrian_nb,cliffA,noncliff,566,481,0.8498233215547704,0.8180387572416283,0.8768913744120692,2.148013112380989,,,,,CHEMBL244_Ki
71339737,mondrian_nb,__bins__,__summary__,-1,-1,,,,2.141303155158286,0.7596899224806202,0.14274910190962375,0.7016129032258065,0.2661290322580645,CHEMBL244_Ki
71339737,mondrian_nnsim,cliffB_oracle,all,620,525,0.8467741935483871,0.8162925374737413,0.8729851530678094,2.1203354077660324,,,,,CHEMBL244_Ki
71339737,mondrian_nnsim,cliffB_oracle,cliff,23,16,0.6956521739130435,0.49134243731240795,0.8439597554678597,2.0685487153181477,,,,,CHEMBL244_Ki
71339737,mondrian_nnsim,cliffB_oracle,noncliff,597,509,0.8525963149078727,0.8219063561452044,0.8787776492933029,2.122330539970892,,,,,CHEMBL244_Ki
71339737,mondrian_nnsim,cliffA,all,620,525,0.8467741935483871,0.8162925374737413,0.8729851530678094,2.1203354077660324,,,,,CHEMBL244_Ki
71339737,mondrian_nnsim,cliffA,cliff,54,42,0.7777777777777778,0.6506132834036111,0.8680458343236688,2.0549497886773045,,,,,CHEMBL244_Ki
71339737,mondrian_nnsim,cliffA,noncliff,566,483,0.8533568904593639,0.8218325720356093,0.8801170558974184,2.1265736117073595,,,,,CHEMBL244_Ki
71339737,mondrian_nnsim,__bins__,__summary__,-1,-1,,,,2.1203354077660324,0.7596899224806202,0.1508791832104367,0.6935483870967742,0.27419354838709675,CHEMBL244_Ki
71339737,mondrian_pairgap,cliffB_oracle,all,620,512,0.8258064516129032,0.7939703990870285,0.8536300357473586,2.120047623367462,,,,,CHEMBL244_Ki
71339737,mondrian_pairgap,cliffB_oracle,cliff,23,15,0.6521739130434783,0.44890335377263,0.8118872406120227,2.120050859283849,,,,,CHEMBL244_Ki
71339737,mondrian_pairgap,cliffB_oracle,noncliff,597,497,0.8324958123953099,0.8004356578487969,0.8603043662820521,2.1200474987006666,,,,,CHEMBL244_Ki
71339737,mondrian_pairgap,cliffA,all,620,512,0.8258064516129032,0.7939703990870285,0.8536300357473586,2.120047623367462,,,,,CHEMBL244_Ki
71339737,mondrian_pairgap,cliffA,cliff,54,40,0.7407407407407407,0.6106910949571832,0.8388134737397926,2.147056621209441,,,,,CHEMBL244_Ki
71339737,mondrian_pairgap,cliffA,noncliff,566,472,0.833922261484099,0.8010328802022235,0.8623095181944878,2.1174707931846584,,,,,CHEMBL244_Ki
71339737,mondrian_pairgap,__bins__,__summary__,-1,-1,,,,2.120047623367462,0.7441860465116279,0.15012289657780298,0.6693548387096774,0.2822580645161291,CHEMBL244_Ki
71339737,mondrian_rfstd,cliffB_oracle,all,620,523,0.8435483870967742,0.8128472226743955,0.8700185823737454,2.1365817540679033,,,,,CHEMBL244_Ki
71339737,mondrian_rfstd,cliffB_oracle,cliff,23,16,0.6956521739130435,0.49134243731240795,0.8439597554678597,2.111597116288658,,,,,CHEMBL244_Ki
71339737,mondrian_rfstd,cliffB_oracle,noncliff,597,507,0.8492462311557789,0.8183162575977065,0.8757104176228578,2.1375443113022796,,,,,CHEMBL244_Ki
71339737,mondrian_rfstd,cliffA,all,620,523,0.8435483870967742,0.8128472226743955,0.8700185823737454,2.1365817540679033,,,,,CHEMBL244_Ki
71339737,mondrian_rfstd,cliffA,cliff,54,40,0.7407407407407407,0.6106910949571832,0.8388134737397926,2.183817846562562,,,,,CHEMBL244_Ki
71339737,mondrian_rfstd,cliffA,noncliff,566,483,0.8533568904593639,0.8218325720356093,0.8801170558974184,2.1320751304023355,,,,,CHEMBL244_Ki
71339737,mondrian_rfstd,__bins__,__summary__,-1,-1,,,,2.1365817540679033,0.8048780487804879,0.06504065040650397,0.7983870967741935,0.10483870967741937,CHEMBL244_Ki
99182118,global,cliffB_oracle,all,620,520,0.8387096774193549,0.8076870885103398,0.8655608882976866,2.0160394081386155,,,,,CHEMBL244_Ki
99182118,global,cliffB_oracle,cliff,33,20,0.6060606060606061,0.43683440819940234,0.7531689256552291,2.0160394081386155,,,,,CHEMBL244_Ki
99182118,global,cliffB_oracle,noncliff,587,500,0.8517887563884157,0.8207607486945081,0.8782423321392885,2.0160394081386155,,,,,CHEMBL244_Ki
99182118,global,cliffA,all,620,520,0.8387096774193549,0.8076870885103398,0.8655608882976866,2.0160394081386155,,,,,CHEMBL244_Ki
99182118,global,cliffA,cliff,60,42,0.7,0.5749129205308552,0.8010183386123089,2.016039408138615,,,,,CHEMBL244_Ki
99182118,global,cliffA,noncliff,560,478,0.8535714285714285,0.8218821326239953,0.8804429515020569,2.0160394081386155,,,,,CHEMBL244_Ki
99182118,global,__bins__,__summary__,-1,-1,,,,2.0160394081386155,0.7703703703703704,0.12219161310070403,0.6451612903225806,0.3145161290322581,CHEMBL244_Ki
99182118,mondrian_pair,cliffB_oracle,all,620,523,0.8435483870967742,0.8128472226743955,0.8700185823737454,2.0670726235421175,,,,,CHEMBL244_Ki
99182118,mondrian_pair,cliffB_oracle,cliff,33,20,0.6060606060606061,0.43683440819940234,0.7531689256552291,2.02066294735493,,,,,CHEMBL244_Ki
99182118,mondrian_pair,cliffB_oracle,noncliff,587,503,0.8568994889267462,0.8262481834700154,0.8829099058020448,2.069681685406133,,,,,CHEMBL244_Ki
99182118,mondrian_pair,cliffA,all,620,523,0.8435483870967742,0.8128472226743955,0.8700185823737454,2.0670726235421175,,,,,CHEMBL244_Ki
99182118,mondrian_pair,cliffA,cliff,60,41,0.6833333333333333,0.5576623297382323,0.7869413244763347,2.027901689301108,,,,,CHEMBL244_Ki
99182118,mondrian_pair,cliffA,noncliff,560,482,0.8607142857142858,0.8295719142473962,0.8869415554165562,2.071269509353654,,,,,CHEMBL244_Ki
99182118,mondrian_pair,__bins__,__summary__,-1,-1,,,,2.0670726235421175,0.7851239669421488,0.12396694214876025,0.6612903225806451,0.30645161290322587,CHEMBL244_Ki
99182118,mondrian_wstd,cliffB_oracle,all,620,517,0.8338709677419355,0.8025360597873609,0.8610940887805508,2.0927165619093477,,,,,CHEMBL244_Ki
99182118,mondrian_wstd,cliffB_oracle,cliff,33,21,0.6363636363636364,0.466161783022664,0.7781282176475764,2.3506160107259806,,,,,CHEMBL244_Ki
99182118,mondrian_wstd,cliffB_oracle,noncliff,587,496,0.8449744463373083,0.8134620609729701,0.8720010086098087,2.078217955757817,,,,,CHEMBL244_Ki
99182118,mondrian_wstd,cliffA,all,620,517,0.8338709677419355,0.8025360597873609,0.8610940887805508,2.0927165619093477,,,,,CHEMBL244_Ki
99182118,mondrian_wstd,cliffA,cliff,60,42,0.7,0.5749129205308552,0.8010183386123089,2.2393555175959206,,,,,CHEMBL244_Ki
99182118,mondrian_wstd,cliffA,noncliff,560,475,0.8482142857142857,0.8161302526241867,0.8755535423484404,2.077005245228644,,,,,CHEMBL244_Ki
99182118,mondrian_wstd,__bins__,__summary__,-1,-1,,,,2.0927165619093477,0.7851239669421488,0.0889501071319253,0.7016129032258065,0.2338709677419354,CHEMBL244_Ki
99182118,mondrian_std,cliffB_oracle,all,620,519,0.8370967741935483,0.8059690832817357,0.8640729507795857,2.0871531495926097,,,,,CHEMBL244_Ki
99182118,mondrian_std,cliffB_oracle,cliff,33,22,0.6666666666666666,0.4960789442780561,0.8024977232077931,2.396608609886875,,,,,CHEMBL244_Ki
99182118,mondrian_std,cliffB_oracle,noncliff,587,497,0.8466780238500852,0.8152848685811415,0.8735632038143918,2.0697561646016207,,,,,CHEMBL244_Ki
99182118,mondrian_std,cliffA,all,620,519,0.8370967741935483,0.8059690832817357,0.8640729507795857,2.0871531495926097,,,,,CHEMBL244_Ki
99182118,mondrian_std,cliffA,cliff,60,43,0.7166666666666667,0.5923271483560882,0.8149317157156729,2.2515161409252666,,,,,CHEMBL244_Ki
99182118,mondrian_std,cliffA,noncliff,560,476,0.85,0.8180461174218245,0.8771847739352776,2.0695428290926823,,,,,CHEMBL244_Ki
99182118,mondrian_std,__bins__,__summary__,-1,-1,,,,2.0871531495926097,0.7851239669421488,0.0889501071319253,0.6935483870967742,0.24193548387096764,CHEMBL244_Ki
99182118,mondrian_iqr,cliffB_oracle,all,620,521,0.8403225806451613,0.8094061052548034,0.8670478142999278,2.0685281112528737,,,,,CHEMBL244_Ki
99182118,mondrian_iqr,cliffB_oracle,cliff,33,19,0.5757575757575758,0.4080726333731245,0.7276440336658979,2.288152401021543,,,,,CHEMBL244_Ki
99182118,mondrian_iqr,cliffB_oracle,noncliff,587,502,0.8551959114139693,0.8244177241720725,0.8813553622872332,2.056181260209661,,,,,CHEMBL244_Ki
99182118,mondrian_iqr,cliffA,all,620,521,0.8403225806451613,0.8094061052548034,0.8670478142999278,2.0685281112528737,,,,,CHEMBL244_Ki
99182118,mondrian_iqr,cliffA,cliff,60,40,0.6666666666666666,0.5405686645211968,0.7727073847647731,2.110630439538961,,,,,CHEMBL244_Ki
99182118,mondrian_iqr,cliffA,noncliff,560,481,0.8589285714285714,0.8276471930784659,0.8853191802010112,2.064017147507936,,,,,CHEMBL244_Ki
99182118,mondrian_iqr,__bins__,__summary__,-1,-1,,,,2.0685281112528737,0.8099173553719008,0.07438016528925628,0.717741935483871,0.22580645161290325,CHEMBL244_Ki
99182118,mondrian_nb,cliffB_oracle,all,620,507,0.817741935483871,0.7854278341431122,0.8461428869577505,1.9645126909335322,,,,,CHEMBL244_Ki
99182118,mondrian_nb,cliffB_oracle,cliff,33,17,0.5151515151515151,0.3521837544891414,0.674959578918663,1.900432138132895,,,,,CHEMBL244_Ki
99182118,mondrian_nb,cliffB_oracle,noncliff,587,490,0.8347529812606473,0.8025501912248825,0.8626028614813697,1.9681151751625283,,,,,CHEMBL244_Ki
99182118,mondrian_nb,cliffA,all,620,507,0.817741935483871,0.7854278341431122,0.8461428869577505,1.9645126909335322,,,,,CHEMBL244_Ki
99182118,mondrian_nb,cliffA,cliff,60,38,0.6333333333333333,0.5068300063010303,0.7437908331277456,1.9227576409944283,,,,,CHEMBL244_Ki
99182118,mondrian_nb,cliffA,noncliff,560,469,0.8375,0.8046638173892107,0.8657373992765665,1.9689864462841504,,,,,CHEMBL244_Ki
99182118,mondrian_nb,__bins__,__summary__,-1,-1,,,,1.9645126909335322,0.725925925925926,0.15112325440194285,0.6774193548387096,0.2661290322580646,CHEMBL244_Ki
99182118,mondrian_nnsim,cliffB_oracle,all,620,513,0.8274193548387097,0.7956816432525434,0.8551247343285485,2.028311845102158,,,,,CHEMBL244_Ki
99182118,mondrian_nnsim,cliffB_oracle,cliff,33,12,0.36363636363636365,0.2218717823524236,0.5338382169773361,1.6458961878430376,,,,,CHEMBL244_Ki
99182118,mondrian_nnsim,cliffB_oracle,noncliff,587,501,0.8534923339011925,0.8225885855254433,0.8797994981211079,2.0498105106720916,,,,,CHEMBL244_Ki
99182118,mondrian_nnsim,cliffA,all,620,513,0.8274193548387097,0.7956816432525434,0.8551247343285485,2.028311845102158,,,,,CHEMBL244_Ki
99182118,mondrian_nnsim,cliffA,cliff,60,33,0.55,0.4249193588533434,0.6690634559324476,1.7592330162301446,,,,,CHEMBL244_Ki
99182118,mondrian_nnsim,cliffA,noncliff,560,480,0.8571428571428571,0.8257240047118763,0.8836952721831257,2.0571417196241595,,,,,CHEMBL244_Ki
99182118,mondrian_nnsim,__bins__,__summary__,-1,-1,,,,2.028311845102158,0.7185185185185186,0.17404346495255585,0.6451612903225806,0.30645161290322587,CHEMBL244_Ki
99182118,mondrian_pairgap,cliffB_oracle,all,620,522,0.8419354838709677,0.8111261457833736,0.8685337165180624,2.0897257310792368,,,,,CHEMBL244_Ki
99182118,mondrian_pairgap,cliffB_oracle,cliff,33,18,0.5454545454545454,0.37985938536217456,0.7015706148612388,2.0203776152652777,,,,,CHEMBL244_Ki
99182118,mondrian_pairgap,cliffB_oracle,noncliff,587,504,0.858603066439523,0.8280799828074353,0.8844631092773793,2.0936243474708225,,,,,CHEMBL244_Ki
99182118,mondrian_pairgap,cliffA,all,620,522,0.8419354838709677,0.8111261457833736,0.8685337165180624,2.0897257310792368,,,,,CHEMBL244_Ki
99182118,mondrian_pairgap,cliffA,cliff,60,40,0.6666666666666666,0.5405686645211968,0.7727073847647731,2.034127311636541,,,,,CHEMBL244_Ki
99182118,mondrian_pairgap,cliffA,noncliff,560,482,0.8607142857142858,0.8295719142473962,0.8869415554165562,2.0956827045909545,,,,,CHEMBL244_Ki
99182118,mondrian_pairgap,__bins__,__summary__,-1,-1,,,,2.0897257310792368,0.7777777777777778,0.11478420569329661,0.6774193548387096,0.2822580645161291,CHEMBL244_Ki
99182118,mondrian_rfstd,cliffB_oracle,all,620,521,0.8403225806451613,0.8094061052548034,0.8670478142999278,2.067979139176033,,,,,CHEMBL244_Ki
99182118,mondrian_rfstd,cliffB_oracle,cliff,33,18,0.5454545454545454,0.37985938536217456,0.7015706148612388,2.336473390558604,,,,,CHEMBL244_Ki
99182118,mondrian_rfstd,cliffB_oracle,noncliff,587,503,0.8568994889267462,0.8262481834700154,0.8829099058020448,2.0528849138001815,,,,,CHEMBL244_Ki
99182118,mondrian_rfstd,cliffA,all,620,521,0.8403225806451613,0.8094061052548034,0.8670478142999278,2.067979139176033,,,,,CHEMBL244_Ki
99182118,mondrian_rfstd,cliffA,cliff,60,41,0.6833333333333333,0.5576623297382323,0.7869413244763347,2.2063132400759526,,,,,CHEMBL244_Ki
99182118,mondrian_rfstd,cliffA,noncliff,560,480,0.8571428571428571,0.8257240047118763,0.8836952721831257,2.0531576283653274,,,,,CHEMBL244_Ki
99182118,mondrian_rfstd,__bins__,__summary__,-1,-1,,,,2.067979139176033,0.7933884297520661,0.07438016528925617,0.7983870967741935,0.10483870967741937,CHEMBL244_Ki
89709943,global,cliffB_oracle,all,620,504,0.8129032258064516,0.7803128829234477,0.8416400099373004,2.0444307082185236,,,,,CHEMBL244_Ki
89709943,global,cliffB_oracle,cliff,30,11,0.36666666666666664,0.21873920806100708,0.5448643634520511,2.0444307082185245,,,,,CHEMBL244_Ki
89709943,global,cliffB_oracle,noncliff,590,493,0.8355932203389831,0.803532823155086,0.8633118272443892,2.044430708218524,,,,,CHEMBL244_Ki
89709943,global,cliffA,all,620,504,0.8129032258064516,0.7803128829234477,0.8416400099373004,2.0444307082185236,,,,,CHEMBL244_Ki
89709943,global,cliffA,cliff,70,43,0.6142857142857143,0.4971573558930424,0.7195230869846111,2.0444307082185245,,,,,CHEMBL244_Ki
89709943,global,cliffA,noncliff,550,461,0.8381818181818181,0.805074898617936,0.8665974619021796,2.044430708218524,,,,,CHEMBL244_Ki
89709943,global,__bins__,__summary__,-1,-1,,,,2.0444307082185236,0.6343283582089553,0.29129147650178855,0.5403225806451613,0.41129032258064524,CHEMBL244_Ki
89709943,mondrian_pair,cliffB_oracle,all,620,511,0.8241935483870968,0.7922600782903042,0.8521344137973781,2.0944098723405205,,,,,CHEMBL244_Ki
89709943,mondrian_pair,cliffB_oracle,cliff,30,12,0.4,0.24590628116801852,0.5767963974667752,2.086566886127515,,,,,CHEMBL244_Ki
89709943,mondrian_pair,cliffB_oracle,noncliff,590,499,0.8457627118644068,0.8143910103648637,0.8726610536830803,2.094808668249656,,,,,CHEMBL244_Ki
89709943,mondrian_pair,cliffA,all,620,511,0.8241935483870968,0.7922600782903042,0.8521344137973781,2.0944098723405205,,,,,CHEMBL244_Ki
89709943,mondrian_pair,cliffA,cliff,70,44,0.6285714285714286,0.5114720115842711,0.7322934866530887,2.0883830024494805,,,,,CHEMBL244_Ki
89709943,mondrian_pair,cliffA,noncliff,550,467,0.8490909090909091,0.8167595044045147,0.8765797064549595,2.095176928508471,,,,,CHEMBL244_Ki
89709943,mondrian_pair,__bins__,__summary__,-1,-1,,,,2.0944098723405205,0.664179104477612,0.26144073023313186,0.5725806451612904,0.3790322580645161,CHEMBL244_Ki
89709943,mondrian_wstd,cliffB_oracle,all,620,522,0.8419354838709677,0.8111261457833736,0.8685337165180624,2.0758139994215425,,,,,CHEMBL244_Ki
89709943,mondrian_wstd,cliffB_oracle,cliff,30,14,0.4666666666666667,0.30232388907699753,0.638577003801267,2.2477204851077293,,,,,CHEMBL244_Ki
89709943,mondrian_wstd,cliffB_oracle,noncliff,590,508,0.8610169491525423,0.8307610315751912,0.8866021529454562,2.0670729916747876,,,,,CHEMBL244_Ki
89709943,mondrian_wstd,cliffA,all,620,522,0.8419354838709677,0.8111261457833736,0.8685337165180624,2.0758139994215425,,,,,CHEMBL244_Ki
89709943,mondrian_wstd,cliffA,cliff,70,48,0.6857142857142857,0.5697286201420141,0.7823770995341724,2.244649698323112,,,,,CHEMBL244_Ki
89709943,mondrian_wstd,cliffA,noncliff,550,474,0.8618181818181818,0.8304591175869523,0.8881580853351069,2.0543258195613427,,,,,CHEMBL244_Ki
89709943,mondrian_wstd,__bins__,__summary__,-1,-1,,,,2.0758139994215425,0.7910447761194029,0.09325274454175414,0.6693548387096774,0.2822580645161291,CHEMBL244_Ki
89709943,mondrian_std,cliffB_oracle,all,620,521,0.8403225806451613,0.8094061052548034,0.8670478142999278,2.0741878909037923,,,,,CHEMBL244_Ki
89709943,mondrian_std,cliffB_oracle,cliff,30,14,0.4666666666666667,0.30232388907699753,0.638577003801267,2.2409045605812428,,,,,CHEMBL244_Ki
89709943,mondrian_std,cliffB_oracle,noncliff,590,507,0.8593220338983051,0.8289369123418818,0.8850583699040208,2.065710772106634,,,,,CHEMBL244_Ki
89709943,mondrian_std,cliffA,all,620,521,0.8403225806451613,0.8094061052548034,0.8670478142999278,2.0741878909037923,,,,,CHEMBL244_Ki
89709943,mondrian_std,cliffA,cliff,70,47,0.6714285714285714,0.5550093573883407,0.770011306928139,2.259994327442127,,,,,CHEMBL244_Ki
89709943,mondrian_std,cliffA,noncliff,550,474,0.8618181818181818,0.8304591175869523,0.8881580853351069,2.050539798980732,,,,,CHEMBL244_Ki
89709943,mondrian_std,__bins__,__summary__,-1,-1,,,,2.0741878909037923,0.7985074626865671,0.08579005797458994,0.6774193548387096,0.2661290322580646,CHEMBL244_Ki
89709943,mondrian_iqr,cliffB_oracle,all,620,510,0.8225806451612904,0.7905506709644445,0.8506378783765329,2.053597213732686,,,,,CHEMBL244_Ki
89709943,mondrian_iqr,cliffB_oracle,cliff,30,10,0.3333333333333333,0.19230498083676134,0.5121994835545616,2.0783667755369426,,,,,CHEMBL244_Ki
89709943,mondrian_iqr,cliffB_oracle,noncliff,590,500,0.847457627118644,0.8162048438767767,0.8742151224459119,2.0523377444884017,,,,,CHEMBL244_Ki
89709943,mondrian_iqr,cliffA,all,620,510,0.8225806451612904,0.7905506709644445,0.8506378783765329,2.053597213732686,,,,,CHEMBL244_Ki
89709943,mondrian_iqr,cliffA,cliff,70,42,0.6,0.48293796477356277,0.7066574227443838,2.081620192649042,,,,,CHEMBL244_Ki
89709943,mondrian_iqr,cliffA,noncliff,550,468,0.850909090909091,0.8187119825331558,0.878238370049545,2.050030652779695,,,,,CHEMBL244_Ki
89709943,mondrian_iqr,__bins__,__summary__,-1,-1,,,,2.053597213732686,0.746268656716418,0.15455778956457378,0.6612903225806451,0.25806451612903225,CHEMBL244_Ki
89709943,mondrian_nb,cliffB_oracle,all,620,507,0.817741935483871,0.7854278341431122,0.8461428869577505,2.0252479223784245,,,,,CHEMBL244_Ki
89709943,mondrian_nb,cliffB_oracle,cliff,30,11,0.36666666666666664,0.21873920806100708,0.5448643634520511,1.9412066515359236,,,,,CHEMBL244_Ki
89709943,mondrian_nb,cliffB_oracle,noncliff,590,496,0.8406779661016949,0.8089566909628262,0.8679916662608832,2.0295212073365176,,,,,CHEMBL244_Ki
89709943,mondrian_nb,cliffA,all,620,507,0.817741935483871,0.7854278341431122,0.8461428869577505,2.0252479223784245,,,,,CHEMBL244_Ki
89709943,mondrian_nb,cliffA,cliff,70,42,0.6,0.48293796477356277,0.7066574227443838,1.9304191643446709,,,,,CHEMBL244_Ki
89709943,mondrian_nb,cliffA,noncliff,550,465,0.8454545454545455,0.8128589536974549,0.8732579737155663,2.037317037037266,,,,,CHEMBL244_Ki
89709943,mondrian_nb,__bins__,__summary__,-1,-1,,,,2.0252479223784245,0.6492537313432836,0.2928950289872949,0.6129032258064516,0.32258064516129026,CHEMBL244_Ki
89709943,mondrian_nnsim,cliffB_oracle,all,620,502,0.8096774193548387,0.7769071802434901,0.8386338271238483,1.945844055908537,,,,,CHEMBL244_Ki
89709943,mondrian_nnsim,cliffB_oracle,cliff,30,7,0.23333333333333334,0.11792388144489496,0.40928326158122164,1.6974848496994936,,,,,CHEMBL244_Ki
89709943,mondrian_nnsim,cliffB_oracle,noncliff,590,495,0.8389830508474576,0.8071475933983147,0.8664328615506499,1.958472490122556,,,,,CHEMBL244_Ki
89709943,mondrian_nnsim,cliffA,all,620,502,0.8096774193548387,0.7769071802434901,0.8386338271238483,1.945844055908537,,,,,CHEMBL244_Ki
89709943,mondrian_nnsim,cliffA,cliff,70,38,0.5428571428571428,0.42698259205475575,0.6542725740243641,1.7584783639351045,,,,,CHEMBL244_Ki
89709943,mondrian_nnsim,cliffA,noncliff,550,464,0.8436363636363636,0.8109108390979289,0.871594946591866,1.9696905985233373,,,,,CHEMBL244_Ki
89709943,mondrian_nnsim,__bins__,__summary__,-1,-1,,,,1.945844055908537,0.6417910447761194,0.3003577155544591,0.5806451612903226,0.3306451612903225,CHEMBL244_Ki
89709943,mondrian_pairgap,cliffB_oracle,all,620,502,0.8096774193548387,0.7769071802434901,0.8386338271238483,2.0452627465344313,,,,,CHEMBL244_Ki
89709943,mondrian_pairgap,cliffB_oracle,cliff,30,9,0.3,0.16664748268243793,0.47875787458714947,2.0376754844547937,,,,,CHEMBL244_Ki
89709943,mondrian_pairgap,cliffB_oracle,noncliff,590,493,0.8355932203389831,0.803532823155086,0.8633118272443892,2.0456485395215314,,,,,CHEMBL244_Ki
89709943,mondrian_pairgap,cliffA,all,620,502,0.8096774193548387,0.7769071802434901,0.8386338271238483,2.0452627465344313,,,,,CHEMBL244_Ki
89709943,mondrian_pairgap,cliffA,cliff,70,42,0.6,0.48293796477356277,0.7066574227443838,2.0504807338017765,,,,,CHEMBL244_Ki
89709943,mondrian_pairgap,cliffA,noncliff,550,460,0.8363636363636363,0.8031323228883955,0.8649288959084935,2.044598639064042,,,,,CHEMBL244_Ki
89709943,mondrian_pairgap,__bins__,__summary__,-1,-1,,,,2.0452627465344313,0.6791044776119403,0.23825089428888624,0.5806451612903226,0.33870967741935476,CHEMBL244_Ki
89709943,mondrian_rfstd,cliffB_oracle,all,620,500,0.8064516129032258,0.7735048124382794,0.8356243094356491,1.9064600378684418,,,,,CHEMBL244_Ki
89709943,mondrian_rfstd,cliffB_oracle,cliff,30,9,0.3,0.16664748268243793,0.47875787458714947,2.0224227815495133,,,,,CHEMBL244_Ki
89709943,mondrian_rfstd,cliffB_oracle,noncliff,590,491,0.8322033898305085,0.7999225261097511,0.8601863197402342,1.9005636271727941,,,,,CHEMBL244_Ki
89709943,mondrian_rfstd,cliffA,all,620,500,0.8064516129032258,0.7735048124382794,0.8356243094356491,1.9064600378684418,,,,,CHEMBL244_Ki
89709943,mondrian_rfstd,cliffA,cliff,70,38,0.5428571428571428,0.42698259205475575,0.6542725740243641,1.9751879602713895,,,,,CHEMBL244_Ki
89709943,mondrian_rfstd,cliffA,noncliff,550,462,0.84,0.8070188308278229,0.868264671415519,1.8977128477444305,,,,,CHEMBL244_Ki
89709943,mondrian_rfstd,__bins__,__summary__,-1,-1,,,,1.9064600378684418,0.7014925373134329,0.1919500856373868,0.7741935483870968,0.07258064516129037,CHEMBL244_Ki
86921808,global,cliffB_oracle,all,620,537,0.8661290322580645,0.8370590031460485,0.8906900003559608,2.2235452469673542,,,,,CHEMBL244_Ki
86921808,global,cliffB_oracle,cliff,32,16,0.5,0.33630882869327483,0.6636911713067252,2.2235452469673547,,,,,CHEMBL244_Ki
86921808,global,cliffB_oracle,noncliff,588,521,0.8860544217687075,0.8578272384544506,0.9092700867390943,2.2235452469673547,,,,,CHEMBL244_Ki
86921808,global,cliffA,all,620,537,0.8661290322580645,0.8370590031460485,0.8906900003559608,2.2235452469673542,,,,,CHEMBL244_Ki
86921808,global,cliffA,cliff,62,41,0.6612903225806451,0.5371769954935818,0.7665829812479109,2.223545246967354,,,,,CHEMBL244_Ki
86921808,global,cliffA,noncliff,558,496,0.8888888888888888,0.8601080201696049,0.9123518849982452,2.2235452469673547,,,,,CHEMBL244_Ki
86921808,global,__bins__,__summary__,-1,-1,,,,2.2235452469673542,0.7596899224806202,0.17526942711287574,0.6451612903225806,0.32258064516129037,CHEMBL244_Ki
86921808,mondrian_pair,cliffB_oracle,all,620,538,0.867741935483871,0.838797384120928,0.8921575621277864,2.2458753176449515,,,,,CHEMBL244_Ki
86921808,mondrian_pair,cliffB_oracle,cliff,32,16,0.5,0.33630882869327483,0.6636911713067252,2.294469141448124,,,,,CHEMBL244_Ki
86921808,mondrian_pair,cliffB_oracle,noncliff,588,522,0.8877551020408163,0.859682378582848,0.9107942299815934,2.2432307558053233,,,,,CHEMBL244_Ki
86921808,mondrian_pair,cliffA,all,620,538,0.867741935483871,0.838797384120928,0.8921575621277864,2.2458753176449515,,,,,CHEMBL244_Ki
86921808,mondrian_pair,cliffA,cliff,62,43,0.6935483870967742,0.5703278379461328,0.7941841341436585,2.2982624144648063,,,,,CHEMBL244_Ki
86921808,mondrian_pair,cliffA,noncliff,558,495,0.8870967741935484,0.8581480260939564,0.9107521560086042,2.2400545291094125,,,,,CHEMBL244_Ki
86921808,mondrian_pair,__bins__,__summary__,-1,-1,,,,2.2458753176449515,0.7596899224806202,0.17526942711287574,0.6532258064516129,0.3145161290322581,CHEMBL244_Ki
86921808,mondrian_wstd,cliffB_oracle,all,620,532,0.8580645161290322,0.828385794914046,0.883333494854439,2.1919526406750434,,,,,CHEMBL244_Ki
86921808,mondrian_wstd,cliffB_oracle,cliff,32,18,0.5625,0.3932559113685198,0.7183466888495963,2.5907470404514514,,,,,CHEMBL244_Ki
86921808,mondrian_wstd,cliffB_oracle,noncliff,588,514,0.8741496598639455,0.8448892599373996,0.8985530816598686,2.1702495440885725,,,,,CHEMBL244_Ki
86921808,mondrian_wstd,cliffA,all,620,532,0.8580645161290322,0.828385794914046,0.883333494854439,2.1919526406750434,,,,,CHEMBL244_Ki
86921808,mondrian_wstd,cliffA,cliff,62,45,0.7258064516129032,0.6040746035801102,0.8211893638579796,2.520129209135742,,,,,CHEMBL244_Ki
86921808,mondrian_wstd,cliffA,noncliff,558,487,0.8727598566308243,0.8425385675177653,0.897883830062478,2.1554885775127435,,,,,CHEMBL244_Ki
86921808,mondrian_wstd,__bins__,__summary__,-1,-1,,,,2.1919526406750434,0.8278688524590164,0.05831000932960151,0.6854838709677419,0.27419354838709686,CHEMBL244_Ki
86921808,mondrian_std,cliffB_oracle,all,620,533,0.8596774193548387,0.8301180039777499,0.8848072285374399,2.203065194156543,,,,,CHEMBL244_Ki
86921808,mondrian_std,cliffB_oracle,cliff,32,18,0.5625,0.3932559113685198,0.7183466888495963,2.5567363660163593,,,,,CHEMBL244_Ki
86921808,mondrian_std,cliffB_oracle,noncliff,588,515,0.8758503401360545,0.8467326147096029,0.900089010258562,2.1838177834430836,,,,,CHEMBL244_Ki
86921808,mondrian_std,cliffA,all,620,533,0.8596774193548387,0.8301180039777499,0.8848072285374399,2.203065194156543,,,,,CHEMBL244_Ki
86921808,mondrian_std,cliffA,cliff,62,45,0.7258064516129032,0.6040746035801102,0.8211893638579796,2.4950283364659422,,,,,CHEMBL244_Ki
86921808,mondrian_std,cliffA,noncliff,558,488,0.8745519713261649,0.8444832396802333,0.8994988809652997,2.170624845011054,,,,,CHEMBL244_Ki
86921808,mondrian_std,__bins__,__summary__,-1,-1,,,,2.203065194156543,0.8292682926829268,0.056910569105691144,0.7016129032258065,0.25806451612903225,CHEMBL244_Ki
86921808,mondrian_iqr,cliffB_oracle,all,620,530,0.8548387096774194,0.8249249060541607,0.8803824982209144,2.136398994783785,,,,,CHEMBL244_Ki
86921808,mondrian_iqr,cliffB_oracle,cliff,32,18,0.5625,0.3932559113685198,0.7183466888495963,2.286318604359169,,,,,CHEMBL244_Ki
86921808,mondrian_iqr,cliffB_oracle,noncliff,588,512,0.8707482993197279,0.8412072243402736,0.8954765505152013,2.1282401044667574,,,,,CHEMBL244_Ki
86921808,mondrian_iqr,cliffA,all,620,530,0.8548387096774194,0.8249249060541607,0.8803824982209144,2.136398994783785,,,,,CHEMBL244_Ki
86921808,mondrian_iqr,cliffA,cliff,62,43,0.6935483870967742,0.5703278379461328,0.7941841341436585,2.307384472323757,,,,,CHEMBL244_Ki
86921808,mondrian_iqr,cliffA,noncliff,558,487,0.8727598566308243,0.8425385675177653,0.897883830062478,2.1174006083904544,,,,,CHEMBL244_Ki
86921808,mondrian_iqr,__bins__,__summary__,-1,-1,,,,2.136398994783785,0.8062015503875969,0.07184723010020799,0.7016129032258065,0.25806451612903225,CHEMBL244_Ki
86921808,mondrian_nb,cliffB_oracle,all,620,540,0.8709677419354839,0.8422780377450648,0.8950887939970592,2.2193458916665736,,,,,CHEMBL244_Ki
86921808,mondrian_nb,cliffB_oracle,cliff,32,17,0.53125,0.3644951711897464,0.6913061289193116,2.1294859482936137,,,,,CHEMBL244_Ki
86921808,mondrian_nb,cliffB_oracle,noncliff,588,523,0.8894557823129252,0.8615393320968382,0.9123165598385002,2.2242362287208843,,,,,CHEMBL244_Ki
86921808,mondrian_nb,cliffA,all,620,540,0.8709677419354839,0.8422780377450648,0.8950887939970592,2.2193458916665736,,,,,CHEMBL244_Ki
86921808,mondrian_nb,cliffA,cliff,62,42,0.6774193548387096,0.553680880928481,0.780455093487161,2.1324081970166713,,,,,CHEMBL244_Ki
86921808,mondrian_nb,cliffA,noncliff,558,498,0.8924731182795699,0.8640343273980506,0.9155450239003786,2.2290056355165624,,,,,CHEMBL244_Ki
86921808,mondrian_nb,__bins__,__summary__,-1,-1,,,,2.2193458916665736,0.7209302325581395,0.23841936093779548,0.7096774193548387,0.25,CHEMBL244_Ki
86921808,mondrian_nnsim,cliffB_oracle,all,620,529,0.853225806451613,0.8231961939553938,0.8789052675729765,2.110829121595038,,,,,CHEMBL244_Ki
86921808,mondrian_nnsim,cliffB_oracle,cliff,32,11,0.34375,0.20410437924433172,0.5168891202103778,1.736803230499436,,,,,CHEMBL244_Ki
86921808,mondrian_nnsim,cliffB_oracle,noncliff,588,518,0.8809523809523809,0.8522723567192301,0.9046871183616247,2.131184272130853,,,,,CHEMBL244_Ki
86921808,mondrian_nnsim,cliffA,all,620,529,0.853225806451613,0.8231961939553938,0.8789052675729765,2.110829121595038,,,,,CHEMBL244_Ki
86921808,mondrian_nnsim,cliffA,cliff,62,34,0.5483870967741935,0.4253251246984431,0.6658028683240047,1.803339081181314,,,,,CHEMBL244_Ki
86921808,mondrian_nnsim,cliffA,noncliff,558,495,0.8870967741935484,0.8581480260939564,0.9107521560086042,2.1449946816410073,,,,,CHEMBL244_Ki
86921808,mondrian_nnsim,__bins__,__summary__,-1,-1,,,,2.110829121595038,0.7286821705426356,0.21440726035167335,0.6935483870967742,0.2661290322580645,CHEMBL244_Ki
86921808,mondrian_pairgap,cliffB_oracle,all,620,534,0.8612903225806452,0.8318514117599993,0.8862797635018955,2.183635732368416,,,,,CHEMBL244_Ki
86921808,mondrian_pairgap,cliffB_oracle,cliff,32,17,0.53125,0.3644951711897464,0.6913061289193116,2.290993602665069,,,,,CHEMBL244_Ki
86921808,mondrian_pairgap,cliffB_oracle,noncliff,588,517,0.8792517006802721,0.8504241344460856,0.9031560572638727,2.1777931271822033,,,,,CHEMBL244_Ki
86921808,mondrian_pairgap,cliffA,all,620,534,0.8612903225806452,0.8318514117599993,0.8862797635018955,2.183635732368416,,,,,CHEMBL244_Ki
86921808,mondrian_pairgap,cliffA,cliff,62,44,0.7096774193548387,0.587123542650136,0.8077644271138047,2.2912738007357727,,,,,CHEMBL244_Ki
86921808,mondrian_pairgap,cliffA,noncliff,558,490,0.8781362007168458,0.8483779901412047,0.9027235766349075,2.171675946994265,,,,,CHEMBL244_Ki
86921808,mondrian_pairgap,__bins__,__summary__,-1,-1,,,,2.183635732368416,0.7596899224806202,0.15900926451124975,0.6612903225806451,0.2983870967741936,CHEMBL244_Ki
86921808,mondrian_rfstd,cliffB_oracle,all,620,536,0.864516129032258,0.8353218932616618,0.8892211674936427,2.059049084980121,,,,,CHEMBL244_Ki
86921808,mondrian_rfstd,cliffB_oracle,cliff,32,16,0.5,0.33630882869327483,0.6636911713067252,2.1357992846678897,,,,,CHEMBL244_Ki
86921808,mondrian_rfstd,cliffB_oracle,noncliff,588,520,0.8843537414965986,0.8559738769296067,0.9077441648930414,2.05487220336446,,,,,CHEMBL244_Ki
86921808,mondrian_rfstd,cliffA,all,620,536,0.864516129032258,0.8353218932616618,0.8892211674936427,2.059049084980121,,,,,CHEMBL244_Ki
86921808,mondrian_rfstd,cliffA,cliff,62,43,0.6935483870967742,0.5703278379461328,0.7941841341436585,2.221810005126442,,,,,CHEMBL244_Ki
86921808,mondrian_rfstd,cliffA,noncliff,558,493,0.8835125448028673,0.8542341435094515,0.9075465924625296,2.0409645382971964,,,,,CHEMBL244_Ki
86921808,mondrian_rfstd,__bins__,__summary__,-1,-1,,,,2.059049084980121,0.8217054263565892,0.08073359803365476,0.8145161290322581,0.08870967741935476,CHEMBL244_Ki
71339737,global,cliffB_oracle,all,664,579,0.8719879518072289,0.8444189264591215,0.895277589046712,1.9158082042143147,,,,,CHEMBL214_Ki
71339737,global,cliffB_oracle,cliff,16,9,0.5625,0.331785563988119,0.7690134759450765,1.915808204214315,,,,,CHEMBL214_Ki
71339737,global,cliffB_oracle,noncliff,648,570,0.8796296296296297,0.8523127163797495,0.9024720450714816,1.9158082042143152,,,,,CHEMBL214_Ki
71339737,global,cliffA,all,664,579,0.8719879518072289,0.8444189264591215,0.895277589046712,1.9158082042143147,,,,,CHEMBL214_Ki
71339737,global,cliffA,cliff,50,34,0.68,0.5418970269185592,0.7924178373934316,1.915808204214315,,,,,CHEMBL214_Ki
71339737,global,cliffA,noncliff,614,545,0.8876221498371335,0.8601920387685088,0.9102321423937035,1.9158082042143152,,,,,CHEMBL214_Ki
71339737,global,__bins__,__summary__,-1,-1,,,,1.9158082042143147,0.7806451612903226,0.1799847599695199,0.706766917293233,0.24812030075187974,CHEMBL214_Ki
71339737,mondrian_pair,cliffB_oracle,all,664,576,0.8674698795180723,0.8395538962275557,0.8911584510737536,1.8872092707973023,,,,,CHEMBL214_Ki
71339737,mondrian_pair,cliffB_oracle,cliff,16,9,0.5625,0.331785563988119,0.7690134759450765,1.916667463760676,,,,,CHEMBL214_Ki
71339737,mondrian_pair,cliffB_oracle,noncliff,648,567,0.875,0.8473055847909404,0.8982744844474707,1.8864819080080828,,,,,CHEMBL214_Ki
71339737,mondrian_pair,cliffA,all,664,576,0.8674698795180723,0.8395538962275557,0.8911584510737536,1.8872092707973023,,,,,CHEMBL214_Ki
71339737,mondrian_pair,cliffA,cliff,50,34,0.68,0.5418970269185592,0.7924178373934316,1.9108597915137404,,,,,CHEMBL214_Ki
71339737,mondrian_pair,cliffA,noncliff,614,542,0.8827361563517915,0.8548758927541008,0.9058370592337978,1.8852833326282108,,,,,CHEMBL214_Ki
71339737,mondrian_pair,__bins__,__summary__,-1,-1,,,,1.8872092707973023,0.7806451612903226,0.16423672847345694,0.6917293233082706,0.2706766917293233,CHEMBL214_Ki
71339737,mondrian_wstd,cliffB_oracle,all,664,561,0.8448795180722891,0.8153677957609343,0.8704237105177534,1.8564349482264442,,,,,CHEMBL214_Ki
71339737,mondrian_wstd,cliffB_oracle,cliff,16,7,0.4375,0.23098652405492354,0.6682144360118811,1.8977957357532687,,,,,CHEMBL214_Ki
71339737,mondrian_wstd,cliffB_oracle,noncliff,648,554,0.8549382716049383,0.8257310746735419,0.879961994975983,1.8554136942134363,,,,,CHEMBL214_Ki
71339737,mondrian_wstd,cliffA,all,664,561,0.8448795180722891,0.8153677957609343,0.8704237105177534,1.8564349482264442,,,,,CHEMBL214_Ki
71339737,mondrian_wstd,cliffA,cliff,50,30,0.6,0.4618143774758936,0.7239161026974346,2.006172109074195,,,,,CHEMBL214_Ki
71339737,mondrian_wstd,cliffA,noncliff,614,531,0.8648208469055375,0.8354968312283245,0.8896082804537578,1.8442413683528485,,,,,CHEMBL214_Ki
71339737,mondrian_wstd,__bins__,__summary__,-1,-1,,,,1.8564349482264442,0.7716535433070866,0.11811023622047245,0.7368421052631579,0.18045112781954886,CHEMBL214_Ki
71339737,mondrian_std,cliffB_oracle,all,664,559,0.8418674698795181,0.8121590368860958,0.8676430239229092,1.8345716721848033,,,,,CHEMBL214_Ki
71339737,mondrian_std,cliffB_oracle,cliff,16,8,0.5,0.27999563610326017,0.7200043638967398,1.8786356123951617,,,,,CHEMBL214_Ki
71339737,mondrian_std,cliffB_oracle,noncliff,648,551,0.8503086419753086,0.8207782752209404,0.8757101022157646,1.8334836736610909,,,,,CHEMBL214_Ki
71339737,mondrian_std,cliffA,all,664,559,0.8418674698795181,0.8121590368860958,0.8676430239229092,1.8345716721848033,,,,,CHEMBL214_Ki
71339737,mondrian_std,cliffA,cliff,50,33,0.66,0.521538260502326,0.7756305077749992,1.9858481462791224,,,,,CHEMBL214_Ki
71339737,mondrian_std,cliffA,noncliff,614,526,0.8566775244299675,0.8267413575698576,0.8821783721550355,1.8222527410696308,,,,,CHEMBL214_Ki
71339737,mondrian_std,__bins__,__summary__,-1,-1,,,,1.8345716721848033,0.8031496062992126,0.0944881889763779,0.7368421052631579,0.16541353383458646,CHEMBL214_Ki
71339737,mondrian_iqr,cliffB_oracle,all,664,568,0.8554216867469879,0.826627197379427,0.8801273680431507,1.8546617714812674,,,,,CHEMBL214_Ki
71339737,mondrian_iqr,cliffB_oracle,cliff,16,7,0.4375,0.23098652405492354,0.6682144360118811,1.771765472434701,,,,,CHEMBL214_Ki
71339737,mondrian_iqr,cliffB_oracle,noncliff,648,561,0.8657407407407407,0.8373243635128956,0.8898463212998756,1.856708593679948,,,,,CHEMBL214_Ki
71339737,mondrian_iqr,cliffA,all,664,568,0.8554216867469879,0.826627197379427,0.8801273680431507,1.8546617714812674,,,,,CHEMBL214_Ki
71339737,mondrian_iqr,cliffA,cliff,50,29,0.58,0.4423344176857823,0.7062499664528802,1.828625623963667,,,,,CHEMBL214_Ki
71339737,mondrian_iqr,cliffA,noncliff,614,539,0.8778501628664495,0.8495736125103458,0.9014281103032392,1.8567819789338404,,,,,CHEMBL214_Ki
71339737,mondrian_iqr,__bins__,__summary__,-1,-1,,,,1.8546617714812674,0.8188976377952756,0.07953986220472442,0.7669172932330827,0.1278195488721805,CHEMBL214_Ki
71339737,mondrian_nb,cliffB_oracle,all,664,583,0.8780120481927711,0.8509216002255746,0.9007538062196248,1.840115147406854,,,,,CHEMBL214_Ki
71339737,mondrian_nb,cliffB_oracle,cliff,16,8,0.5,0.27999563610326017,0.7200043638967398,1.730623488986557,,,,,CHEMBL214_Ki
71339737,mondrian_nb,cliffB_oracle,noncliff,648,575,0.8873456790123457,0.8606843033035728,0.9094416118356915,1.842818645145627,,,,,CHEMBL214_Ki
71339737,mondrian_nb,cliffA,all,664,583,0.8780120481927711,0.8509216002255746,0.9007538062196248,1.840115147406854,,,,,CHEMBL214_Ki
71339737,mondrian_nb,cliffA,cliff,50,32,0.64,0.501410168761127,0.7586125034815325,1.7796136629707093,,,,,CHEMBL214_Ki
71339737,mondrian_nb,cliffA,noncliff,614,551,0.8973941368078175,0.8708691374932337,0.9189775020176058,1.8450419783869965,,,,,CHEMBL214_Ki
71339737,mondrian_nb,__bins__,__summary__,-1,-1,,,,1.840115147406854,0.8,0.14488188976377947,0.7593984962406015,0.18045112781954886,CHEMBL214_Ki
71339737,mondrian_nnsim,cliffB_oracle,all,664,575,0.8659638554216867,0.837934412348061,0.8897832122184068,1.8386838709986433,,,,,CHEMBL214_Ki
71339737,mondrian_nnsim,cliffB_oracle,cliff,16,9,0.5625,0.331785563988119,0.7690134759450765,1.9121523131235665,,,,,CHEMBL214_Ki
71339737,mondrian_nnsim,cliffB_oracle,noncliff,648,566,0.8734567901234568,0.8456390514727901,0.8968727870280144,1.8368698353906208,,,,,CHEMBL214_Ki
71339737,mondrian_nnsim,cliffA,all,664,575,0.8659638554216867,0.837934412348061,0.8897832122184068,1.8386838709986433,,,,,CHEMBL214_Ki
71339737,mondrian_nnsim,cliffA,cliff,50,32,0.64,0.501410168761127,0.7586125034815325,1.8186005193318022,,,,,CHEMBL214_Ki
71339737,mondrian_nnsim,cliffA,noncliff,614,543,0.8843648208469055,0.8566463639031853,0.9073036644761513,1.8403193230887775,,,,,CHEMBL214_Ki
71339737,mondrian_nnsim,__bins__,__summary__,-1,-1,,,,1.8386838709986433,0.7806451612903226,0.14848869697739397,0.7443609022556391,0.19548872180451127,CHEMBL214_Ki
71339737,mondrian_pairgap,cliffB_oracle,all,664,585,0.8810240963855421,0.8541800998403282,0.9034847520745539,1.9392863172718533,,,,,CHEMBL214_Ki
71339737,mondrian_pairgap,cliffB_oracle,cliff,16,7,0.4375,0.23098652405492354,0.6682144360118811,1.852520496054849,,,,,CHEMBL214_Ki
71339737,mondrian_pairgap,cliffB_oracle,noncliff,648,578,0.8919753086419753,0.8657240951159169,0.9136065122361672,1.941428683227829,,,,,CHEMBL214_Ki
71339737,mondrian_pairgap,cliffA,all,664,585,0.8810240963855421,0.8541800998403282,0.9034847520745539,1.9392863172718533,,,,,CHEMBL214_Ki
71339737,mondrian_pairgap,cliffA,cliff,50,32,0.64,0.501410168761127,0.7586125034815325,1.9114406316372674,,,,,CHEMBL214_Ki
71339737,mondrian_pairgap,cliffA,noncliff,614,553,0.9006514657980456,0.874442435062538,0.9218783572311772,1.9415538812486108,,,,,CHEMBL214_Ki
71339737,mondrian_pairgap,__bins__,__summary__,-1,-1,,,,1.9392863172718533,0.7870967741935484,0.17353314706629408,0.7218045112781954,0.24060150375939848,CHEMBL214_Ki
71339737,mondrian_rfstd,cliffB_oracle,all,664,568,0.8554216867469879,0.826627197379427,0.8801273680431507,1.8602890015843443,,,,,CHEMBL214_Ki
71339737,mondrian_rfstd,cliffB_oracle,cliff,16,7,0.4375,0.23098652405492354,0.6682144360118811,1.7307565084618908,,,,,CHEMBL214_Ki
71339737,mondrian_rfstd,cliffB_oracle,noncliff,648,561,0.8657407407407407,0.8373243635128956,0.8898463212998756,1.8634873347478615,,,,,CHEMBL214_Ki
71339737,mondrian_rfstd,cliffA,all,664,568,0.8554216867469879,0.826627197379427,0.8801273680431507,1.8602890015843443,,,,,CHEMBL214_Ki
71339737,mondrian_rfstd,cliffA,cliff,50,28,0.56,0.4230602802165686,0.6883780078874284,1.845831299534337,,,,,CHEMBL214_Ki
71339737,mondrian_rfstd,cliffA,noncliff,614,540,0.8794788273615635,0.8513395435663635,0.9028992556386595,1.8614663388848334,,,,,CHEMBL214_Ki
71339737,mondrian_rfstd,__bins__,__summary__,-1,-1,,,,1.8602890015843443,0.84251968503937,0.03937007874015752,0.8045112781954887,0.11278195488721798,CHEMBL214_Ki
99182118,global,cliffB_oracle,all,664,551,0.8298192771084337,0.7993581836237023,0.8564860953065712,1.7972286742640369,,,,,CHEMBL214_Ki
99182118,global,cliffB_oracle,cliff,30,16,0.5333333333333333,0.36142299619873297,0.6976761109230025,1.7972286742640369,,,,,CHEMBL214_Ki
99182118,global,cliffB_oracle,noncliff,634,535,0.8438485804416404,0.813531052303216,0.8700243892106061,1.797228674264037,,,,,CHEMBL214_Ki
99182118,global,cliffA,all,664,551,0.8298192771084337,0.7993581836237023,0.8564860953065712,1.7972286742640369,,,,,CHEMBL214_Ki
99182118,global,cliffA,cliff,49,30,0.6122448979591837,0.4724599944352045,0.7357098828826433,1.797228674264037,,,,,CHEMBL214_Ki
99182118,global,cliffA,noncliff,615,521,0.8471544715447155,0.8165668794011062,0.8734321404023181,1.7972286742640369,,,,,CHEMBL214_Ki
99182118,global,__bins__,__summary__,-1,-1,,,,1.7972286742640369,0.7012195121951219,0.22678048780487814,0.6766917293233082,0.2556390977443609,CHEMBL214_Ki
99182118,mondrian_pair,cliffB_oracle,all,664,553,0.8328313253012049,0.8025534194275351,0.8592803049724212,1.7981652243333726,,,,,CHEMBL214_Ki
99182118,mondrian_pair,cliffB_oracle,cliff,30,16,0.5333333333333333,0.36142299619873297,0.6976761109230025,1.753198249063602,,,,,CHEMBL214_Ki
99182118,mondrian_pair,cliffB_oracle,noncliff,634,537,0.8470031545741324,0.8168985137683729,0.8729280785850255,1.8002929991884091,,,,,CHEMBL214_Ki
99182118,mondrian_pair,cliffA,all,664,553,0.8328313253012049,0.8025534194275351,0.8592803049724212,1.7981652243333726,,,,,CHEMBL214_Ki
99182118,mondrian_pair,cliffA,cliff,49,30,0.6122448979591837,0.4724599944352045,0.7357098828826433,1.7551345592584353,,,,,CHEMBL214_Ki
99182118,mondrian_pair,cliffA,noncliff,615,523,0.8504065040650407,0.8200458941108069,0.87641681674464,1.8015936838271482,,,,,CHEMBL214_Ki
99182118,mondrian_pair,__bins__,__summary__,-1,-1,,,,1.7981652243333726,0.7134146341463414,0.21458536585365862,0.6766917293233082,0.24812030075187974,CHEMBL214_Ki
99182118,mondrian_wstd,cliffB_oracle,all,664,548,0.8253012048192772,0.794571312564812,0.8522887981609373,1.7620676461952376,,,,,CHEMBL214_Ki
99182118,mondrian_wstd,cliffB_oracle,cliff,30,16,0.5333333333333333,0.36142299619873297,0.6976761109230025,2.0536150775005826,,,,,CHEMBL214_Ki
99182118,mondrian_wstd,cliffB_oracle,noncliff,634,532,0.8391167192429022,0.8084872932074338,0.8656614220470238,1.748272026417382,,,,,CHEMBL214_Ki
99182118,mondrian_wstd,cliffA,all,664,548,0.8253012048192772,0.794571312564812,0.8522887981609373,1.7620676461952376,,,,,CHEMBL214_Ki
99182118,mondrian_wstd,cliffA,cliff,49,30,0.6122448979591837,0.4724599944352045,0.7357098828826433,1.9677237790556805,,,,,CHEMBL214_Ki
99182118,mondrian_wstd,cliffA,noncliff,615,518,0.8422764227642277,0.8113565824047368,0.8689469008206532,1.745682035609609,,,,,CHEMBL214_Ki
99182118,mondrian_wstd,__bins__,__summary__,-1,-1,,,,1.7620676461952376,0.792,0.05599999999999994,0.6917293233082706,0.21052631578947367,CHEMBL214_Ki
99182118,mondrian_std,cliffB_oracle,all,664,547,0.8237951807228916,0.7929772517010177,0.85088813628989,1.7564231317448422,,,,,CHEMBL214_Ki
99182118,mondrian_std,cliffB_oracle,cliff,30,16,0.5333333333333333,0.36142299619873297,0.6976761109230025,2.0332339766383827,,,,,CHEMBL214_Ki
99182118,mondrian_std,cliffB_oracle,noncliff,634,531,0.8375394321766562,0.8068079752122314,0.8642051646224381,1.743324826781425,,,,,CHEMBL214_Ki
99182118,mondrian_std,cliffA,all,664,547,0.8237951807228916,0.7929772517010177,0.85088813628989,1.7564231317448422,,,,,CHEMBL214_Ki
99182118,mondrian_std,cliffA,cliff,49,30,0.6122448979591837,0.4724599944352045,0.7357098828826433,1.9556196892330762,,,,,CHEMBL214_Ki
99182118,mondrian_std,cliffA,noncliff,615,517,0.8406504065040651,0.8096219549644591,0.8674496827349197,1.740552186514072,,,,,CHEMBL214_Ki
99182118,mondrian_std,__bins__,__summary__,-1,-1,,,,1.7564231317448422,0.792,0.05599999999999994,0.6842105263157895,0.21804511278195482,CHEMBL214_Ki
99182118,mondrian_iqr,cliffB_oracle,all,664,545,0.8207831325301205,0.7897914274480835,0.8480845150731413,1.7551322796828412,,,,,CHEMBL214_Ki
99182118,mondrian_iqr,cliffB_oracle,cliff,30,13,0.43333333333333335,0.2737748557646652,0.6080269299918639,1.9333354879191873,,,,,CHEMBL214_Ki
99182118,mondrian_iqr,cliffB_oracle,noncliff,634,532,0.8391167192429022,0.8084872932074338,0.8656614220470238,1.7466999512173988,,,,,CHEMBL214_Ki
99182118,mondrian_iqr,cliffA,all,664,545,0.8207831325301205,0.7897914274480835,0.8480845150731413,1.7551322796828412,,,,,CHEMBL214_Ki
99182118,mondrian_iqr,cliffA,cliff,49,26,0.5306122448979592,0.39380863983661896,0.6629649630682484,1.831456584659547,,,,,CHEMBL214_Ki
99182118,mondrian_iqr,cliffA,noncliff,615,519,0.8439024390243902,0.8130922700065545,0.870443058744847,1.7490511561968922,,,,,CHEMBL214_Ki
99182118,mondrian_iqr,__bins__,__summary__,-1,-1,,,,1.7551322796828412,0.774390243902439,0.08160975609756094,0.6842105263157895,0.21804511278195482,CHEMBL214_Ki
99182118,mondrian_nb,cliffB_oracle,all,664,546,0.822289156626506,0.791383959191021,0.8494867060650453,1.747778274511437,,,,,CHEMBL214_Ki
99182118,mondrian_nb,cliffB_oracle,cliff,30,14,0.4666666666666667,0.30232388907699753,0.638577003801267,1.5601020010539888,,,,,CHEMBL214_Ki
99182118,mondrian_nb,cliffB_oracle,noncliff,634,532,0.8391167192429022,0.8084872932074338,0.8656614220470238,1.7566588552744085,,,,,CHEMBL214_Ki
99182118,mondrian_nb,cliffA,all,664,546,0.822289156626506,0.791383959191021,0.8494867060650453,1.747778274511437,,,,,CHEMBL214_Ki
99182118,mondrian_nb,cliffA,cliff,49,28,0.5714285714285714,0.4327049309001736,0.699766809211184,1.6323708661352898,,,,,CHEMBL214_Ki
99182118,mondrian_nb,cliffA,noncliff,615,518,0.8422764227642277,0.8113565824047368,0.8689469008206532,1.7569733363170166,,,,,CHEMBL214_Ki
99182118,mondrian_nb,__bins__,__summary__,-1,-1,,,,1.747778274511437,0.6951219512195121,0.2168780487804879,0.6766917293233082,0.24060150375939848,CHEMBL214_Ki
99182118,mondrian_nnsim,cliffB_oracle,all,664,542,0.8162650602409639,0.7850183233056593,0.8438734510110413,1.7860862838929696,,,,,CHEMBL214_Ki
99182118,mondrian_nnsim,cliffB_oracle,cliff,30,17,0.5666666666666667,0.3919730700081361,0.7262251442353347,2.1843040685330704,,,,,CHEMBL214_Ki
99182118,mondrian_nnsim,cliffB_oracle,noncliff,634,525,0.8280757097791798,0.7967516180119181,0.8554480693040223,1.7672431710551098,,,,,CHEMBL214_Ki
99182118,mondrian_nnsim,cliffA,all,664,542,0.8162650602409639,0.7850183233056593,0.8438734510110413,1.7860862838929696,,,,,CHEMBL214_Ki
99182118,mondrian_nnsim,cliffA,cliff,49,31,0.6326530612244898,0.49267067560792427,0.7533482703131686,2.0777570870719164,,,,,CHEMBL214_Ki
99182118,mondrian_nnsim,cliffA,noncliff,615,511,0.8308943089430895,0.7992357475269708,0.8584448170163398,1.7628474719323701,,,,,CHEMBL214_Ki
99182118,mondrian_nnsim,__bins__,__summary__,-1,-1,,,,1.7860862838929696,0.7134146341463414,0.17458536585365858,0.6541353383458647,0.2556390977443609,CHEMBL214_Ki
99182118,mondrian_pairgap,cliffB_oracle,all,664,554,0.8343373493975904,0.8041522592249173,0.8606761879098805,1.8086824786893039,,,,,CHEMBL214_Ki
99182118,mondrian_pairgap,cliffB_oracle,cliff,30,14,0.4666666666666667,0.30232388907699753,0.638577003801267,1.72847876624832,,,,,CHEMBL214_Ki
99182118,mondrian_pairgap,cliffB_oracle,noncliff,634,540,0.8517350157728707,0.8219573883334669,0.8772759302792962,1.8124776070382465,,,,,CHEMBL214_Ki
99182118,mondrian_pairgap,cliffA,all,664,554,0.8343373493975904,0.8041522592249173,0.8606761879098805,1.8086824786893039,,,,,CHEMBL214_Ki
99182118,mondrian_pairgap,cliffA,cliff,49,28,0.5714285714285714,0.4327049309001736,0.699766809211184,1.7233859906352051,,,,,CHEMBL214_Ki
99182118,mondrian_pairgap,cliffA,noncliff,615,526,0.8552845528455284,0.8252729336924797,0.8808853137410012,1.8154784590383297,,,,,CHEMBL214_Ki
99182118,mondrian_pairgap,__bins__,__summary__,-1,-1,,,,1.8086824786893039,0.7073170731707317,0.19668292682926836,0.6691729323308271,0.24812030075187963,CHEMBL214_Ki
99182118,mondrian_rfstd,cliffB_oracle,all,664,546,0.822289156626506,0.791383959191021,0.8494867060650453,1.7659579805154362,,,,,CHEMBL214_Ki
99182118,mondrian_rfstd,cliffB_oracle,cliff,30,15,0.5,0.33154125640533766,0.6684587435946623,1.8066780675588623,,,,,CHEMBL214_Ki
99182118,mondrian_rfstd,cliffB_oracle,noncliff,634,531,0.8375394321766562,0.8068079752122314,0.8642051646224381,1.764031162516536,,,,,CHEMBL214_Ki
99182118,mondrian_rfstd,cliffA,all,664,546,0.822289156626506,0.791383959191021,0.8494867060650453,1.7659579805154362,,,,,CHEMBL214_Ki
99182118,mondrian_rfstd,cliffA,cliff,49,28,0.5714285714285714,0.4327049309001736,0.699766809211184,1.7582114008074332,,,,,CHEMBL214_Ki
99182118,mondrian_rfstd,cliffA,noncliff,615,518,0.8422764227642277,0.8113565824047368,0.8689469008206532,1.7665751876791635,,,,,CHEMBL214_Ki
99182118,mondrian_rfstd,__bins__,__summary__,-1,-1,,,,1.7659579805154362,0.7621951219512195,0.09380487804878046,0.7443609022556391,0.15037593984962405,CHEMBL214_Ki
89709943,global,cliffB_oracle,all,664,561,0.8448795180722891,0.8153677957609343,0.8704237105177534,1.8941401124954198,,,,,CHEMBL214_Ki
89709943,global,cliffB_oracle,cliff,27,13,0.48148148148148145,0.3074322697621846,0.6601438424504771,1.8941401124954194,,,,,CHEMBL214_Ki
89709943,global,cliffB_oracle,noncliff,637,548,0.8602825745682888,0.8311939227476676,0.8850518720307677,1.8941401124954194,,,,,CHEMBL214_Ki
89709943,global,cliffA,all,664,561,0.8448795180722891,0.8153677957609343,0.8704237105177534,1.8941401124954198,,,,,CHEMBL214_Ki
89709943,global,cliffA,cliff,49,30,0.6122448979591837,0.4724599944352045,0.7357098828826433,1.894140112495419,,,,,CHEMBL214_Ki
89709943,global,cliffA,noncliff,615,531,0.8634146341463415,0.8340084444476067,0.888309030615931,1.8941401124954196,,,,,CHEMBL214_Ki
89709943,global,__bins__,__summary__,-1,-1,,,,1.8941401124954198,0.7093023255813954,0.2500472679145396,0.706766917293233,0.24060150375939848,CHEMBL214_Ki
89709943,mondrian_pair,cliffB_oracle,all,664,553,0.8328313253012049,0.8025534194275351,0.8592803049724212,1.8538098613037506,,,,,CHEMBL214_Ki
89709943,mondrian_pair,cliffB_oracle,cliff,27,9,0.3333333333333333,0.18643261498715644,0.5217523949267991,1.7497844383239352,,,,,CHEMBL214_Ki
89709943,mondrian_pair,cliffB_oracle,noncliff,637,544,0.8540031397174255,0.8244603956864949,0.8793018122548437,1.8582191021521886,,,,,CHEMBL214_Ki
89709943,mondrian_pair,cliffA,all,664,553,0.8328313253012049,0.8025534194275351,0.8592803049724212,1.8538098613037506,,,,,CHEMBL214_Ki
89709943,mondrian_pair,cliffA,cliff,49,25,0.5102040816326531,0.37467563740468035,0.6442488968969421,1.7480023262761886,,,,,CHEMBL214_Ki
89709943,mondrian_pair,cliffA,noncliff,615,528,0.8585365853658536,0.8287634875086182,0.8838584509768855,1.8622400551514753,,,,,CHEMBL214_Ki
89709943,mondrian_pair,__bins__,__summary__,-1,-1,,,,1.8538098613037506,0.6918604651162791,0.2674891283796559,0.7142857142857143,0.21052631578947367,CHEMBL214_Ki
89709943,mondrian_wstd,cliffB_oracle,all,664,570,0.858433734939759,0.8298527608522639,0.8828912500399968,1.9023194716637317,,,,,CHEMBL214_Ki
89709943,mondrian_wstd,cliffB_oracle,cliff,27,17,0.6296296296296297,0.4422923441210239,0.784674870390344,2.0638245088295926,,,,,CHEMBL214_Ki
89709943,mondrian_wstd,cliffB_oracle,noncliff,637,553,0.8681318681318682,0.8396363217908583,0.8922139565339483,1.8954738892406884,,,,,CHEMBL214_Ki
89709943,mondrian_wstd,cliffA,all,664,570,0.858433734939759,0.8298527608522639,0.8828912500399968,1.9023194716637317,,,,,CHEMBL214_Ki
89709943,mondrian_wstd,cliffA,cliff,49,36,0.7346938775510204,0.5973771102868921,0.8378871786504258,2.084767052295049,,,,,CHEMBL214_Ki
89709943,mondrian_wstd,cliffA,noncliff,615,534,0.8682926829268293,0.8392647875961332,0.8927482240454385,1.8877829977597729,,,,,CHEMBL214_Ki
89709943,mondrian_wstd,__bins__,__summary__,-1,-1,,,,1.9023194716637317,0.8255813953488372,0.06872754774059364,0.7669172932330827,0.1578947368421053,CHEMBL214_Ki
89709943,mondrian_std,cliffB_oracle,all,664,571,0.8599397590361446,0.8314670363405423,0.8842716972865599,1.8978886829070312,,,,,CHEMBL214_Ki
89709943,mondrian_std,cliffB_oracle,cliff,27,18,0.6666666666666666,0.47824760507320074,0.8135673850128435,2.092305752929884,,,,,CHEMBL214_Ki
89709943,mondrian_std,cliffB_oracle,noncliff,637,553,0.8681318681318682,0.8396363217908583,0.8922139565339483,1.8896480849625774,,,,,CHEMBL214_Ki
89709943,mondrian_std,cliffA,all,664,571,0.8599397590361446,0.8314670363405423,0.8842716972865599,1.8978886829070312,,,,,CHEMBL214_Ki
89709943,mondrian_std,cliffA,cliff,49,37,0.7551020408163265,0.6191368101239605,0.8539765474166023,2.0825621483365913,,,,,CHEMBL214_Ki
89709943,mondrian_std,cliffA,noncliff,615,534,0.8682926829268293,0.8392647875961332,0.8927482240454385,1.8831748620841882,,,,,CHEMBL214_Ki
89709943,mondrian_std,__bins__,__summary__,-1,-1,,,,1.8978886829070312,0.8197674418604651,0.0826715825297788,0.7669172932330827,0.16541353383458646,CHEMBL214_Ki
89709943,mondrian_iqr,cliffB_oracle,all,664,557,0.838855421686747,0.8089537728751633,0.8648588424641587,1.8478486539075567,,,,,CHEMBL214_Ki
89709943,mondrian_iqr,cliffB_oracle,cliff,27,13,0.48148148148148145,0.3074322697621846,0.6601438424504771,1.7356456306760688,,,,,CHEMBL214_Ki
89709943,mondrian_iqr,cliffB_oracle,noncliff,637,544,0.8540031397174255,0.8244603956864949,0.8793018122548437,1.8526045120351078,,,,,CHEMBL214_Ki
89709943,mondrian_iqr,cliffA,all,664,557,0.838855421686747,0.8089537728751633,0.8648588424641587,1.8478486539075567,,,,,CHEMBL214_Ki
89709943,mondrian_iqr,cliffA,cliff,49,32,0.6530612244897959,0.5131119428697273,0.7707560716546102,1.7934548012354778,,,,,CHEMBL214_Ki
89709943,mondrian_iqr,cliffA,noncliff,615,525,0.8536585365853658,0.8235294310753905,0.879396970832079,1.8521824730635432,,,,,CHEMBL214_Ki
89709943,mondrian_iqr,__bins__,__summary__,-1,-1,,,,1.8478486539075567,0.7558139534883721,0.17101531480431087,0.7293233082706767,0.19548872180451127,CHEMBL214_Ki
89709943,mondrian_nb,cliffB_oracle,all,664,551,0.8298192771084337,0.7993581836237023,0.8564860953065712,1.8553746949957723,,,,,CHEMBL214_Ki
89709943,mondrian_nb,cliffB_oracle,cliff,27,10,0.37037037037037035,0.21532512960965597,0.5577076558789761,1.6583210312988883,,,,,CHEMBL214_Ki
89709943,mondrian_nb,cliffB_oracle,noncliff,637,541,0.8492935635792779,0.8194215111840738,0.874978006629442,1.8637270480881047,,,,,CHEMBL214_Ki
89709943,mondrian_nb,cliffA,all,664,551,0.8298192771084337,0.7993581836237023,0.8564860953065712,1.8553746949957723,,,,,CHEMBL214_Ki
89709943,mondrian_nb,cliffA,cliff,49,26,0.5306122448979592,0.39380863983661896,0.6629649630682484,1.659621371342456,,,,,CHEMBL214_Ki
89709943,mondrian_nb,cliffA,noncliff,615,525,0.8536585365853658,0.8235294310753905,0.879396970832079,1.8709713012705893,,,,,CHEMBL214_Ki
89709943,mondrian_nb,__bins__,__summary__,-1,-1,,,,1.8553746949957723,0.6918604651162791,0.2674891283796559,0.7518796992481203,0.17293233082706772,CHEMBL214_Ki
89709943,mondrian_nnsim,cliffB_oracle,all,664,564,0.8493975903614458,0.8201876677849553,0.8745880066982568,1.8723080500933849,,,,,CHEMBL214_Ki
89709943,mondrian_nnsim,cliffB_oracle,cliff,27,17,0.6296296296296297,0.4422923441210239,0.784674870390344,2.0570800751951595,,,,,CHEMBL214_Ki
89709943,mondrian_nnsim,cliffB_oracle,noncliff,637,547,0.858712715855573,0.8295088888202812,0.88361600924888,1.8644762688096361,,,,,CHEMBL214_Ki
89709943,mondrian_nnsim,cliffA,all,664,564,0.8493975903614458,0.8201876677849553,0.8745880066982568,1.8723080500933849,,,,,CHEMBL214_Ki
89709943,mondrian_nnsim,cliffA,cliff,49,34,0.6938775510204082,0.5547210644108935,0.8048450873199342,1.9440997971089091,,,,,CHEMBL214_Ki
89709943,mondrian_nnsim,cliffA,noncliff,615,530,0.8617886178861789,0.8322588851832904,0.8868267443542359,1.8665880572417415,,,,,CHEMBL214_Ki
89709943,mondrian_nnsim,__bins__,__summary__,-1,-1,,,,1.8723080500933849,0.7209302325581395,0.23028927963698242,0.7218045112781954,0.22556390977443608,CHEMBL214_Ki
89709943,mondrian_pairgap,cliffB_oracle,all,664,558,0.8403614457831325,0.8105559730077484,0.8662513650664151,1.8898345253959303,,,,,CHEMBL214_Ki
89709943,mondrian_pairgap,cliffB_oracle,cliff,27,13,0.48148148148148145,0.3074322697621846,0.6601438424504771,1.8180418756625092,,,,,CHEMBL214_Ki
89709943,mondrian_pairgap,cliffB_oracle,noncliff,637,545,0.8555729984301413,0.8261421401695658,0.880740964481047,1.8928775419466406,,,,,CHEMBL214_Ki
89709943,mondrian_pairgap,cliffA,all,664,558,0.8403614457831325,0.8105559730077484,0.8662513650664151,1.8898345253959303,,,,,CHEMBL214_Ki
89709943,mondrian_pairgap,cliffA,cliff,49,29,0.5918367346938775,0.4524731939184714,0.7178476147961312,1.831223721554398,,,,,CHEMBL214_Ki
89709943,mondrian_pairgap,cliffA,noncliff,615,529,0.8601626016260162,0.8305105721930884,0.8853432118184265,1.8945043292792396,,,,,CHEMBL214_Ki
89709943,mondrian_pairgap,__bins__,__summary__,-1,-1,,,,1.8898345253959303,0.6918604651162791,0.2674891283796559,0.706766917293233,0.24060150375939848,CHEMBL214_Ki
89709943,mondrian_rfstd,cliffB_oracle,all,664,563,0.8478915662650602,0.81858013166921,0.8732008200791607,1.831109983276652,,,,,CHEMBL214_Ki
89709943,mondrian_rfstd,cliffB_oracle,cliff,27,11,0.4074074074074074,0.24514757074395552,0.592732990319353,1.646877342933824,,,,,CHEMBL214_Ki
89709943,mondrian_rfstd,cliffB_oracle,noncliff,637,552,0.8665620094191523,0.8379454893134793,0.8907838923020529,1.8389189020980905,,,,,CHEMBL214_Ki
89709943,mondrian_rfstd,cliffA,all,664,563,0.8478915662650602,0.81858013166921,0.8732008200791607,1.831109983276652,,,,,CHEMBL214_Ki
89709943,mondrian_rfstd,cliffA,cliff,49,27,0.5510204081632653,0.413151082194979,0.6814715893131335,1.6908147195170276,,,,,CHEMBL214_Ki
89709943,mondrian_rfstd,cliffA,noncliff,615,536,0.8715447154471545,0.8427756018703012,0.8957011008232934,1.8422879799014023,,,,,CHEMBL214_Ki
89709943,mondrian_rfstd,__bins__,__summary__,-1,-1,,,,1.831109983276652,0.7732558139534884,0.1454433730383815,0.8270676691729323,0.052631578947368474,CHEMBL214_Ki
86921808,global,cliffB_oracle,all,664,533,0.802710843373494,0.7707378285026955,0.8312014412004322,1.7483265054078743,,,,,CHEMBL214_Ki
86921808,global,cliffB_oracle,cliff,29,16,0.5517241379310345,0.37547963210970914,0.7158683197696281,1.7483265054078743,,,,,CHEMBL214_Ki
86921808,global,cliffB_oracle,noncliff,635,517,0.8141732283464567,0.7820626729474851,0.8425054330996034,1.7483265054078743,,,,,CHEMBL214_Ki
86921808,global,cliffA,all,664,533,0.802710843373494,0.7707378285026955,0.8312014412004322,1.7483265054078743,,,,,CHEMBL214_Ki
86921808,global,cliffA,cliff,47,30,0.6382978723404256,0.4953589653479511,0.7603378675428585,1.7483265054078743,,,,,CHEMBL214_Ki
86921808,global,cliffA,noncliff,617,503,0.8152350081037277,0.7826934956376954,0.8438754850146541,1.7483265054078743,,,,,CHEMBL214_Ki
86921808,global,__bins__,__summary__,-1,-1,,,,1.7483265054078743,0.6722222222222223,0.286455463728191,0.5714285714285714,0.3984962406015038,CHEMBL214_Ki
86921808,mondrian_pair,cliffB_oracle,all,664,548,0.8253012048192772,0.794571312564812,0.8522887981609373,1.8201863748538403,,,,,CHEMBL214_Ki
86921808,mondrian_pair,cliffB_oracle,cliff,29,15,0.5172413793103449,0.34431021881994717,0.6861390984731652,1.7316392368384235,,,,,CHEMBL214_Ki
86921808,mondrian_pair,cliffB_oracle,noncliff,635,533,0.8393700787401575,0.808782813637048,0.8658759675817368,1.8242302598970639,,,,,CHEMBL214_Ki
86921808,mondrian_pair,cliffA,all,664,548,0.8253012048192772,0.794571312564812,0.8522887981609373,1.8201863748538403,,,,,CHEMBL214_Ki
86921808,mondrian_pair,cliffA,cliff,47,29,0.6170212765957447,0.47426566956413574,0.7420931890357799,1.702661025321504,,,,,CHEMBL214_Ki
86921808,mondrian_pair,cliffA,noncliff,617,519,0.8411669367909238,0.8102264943741342,0.8678854358434471,1.829138873116433,,,,,CHEMBL214_Ki
86921808,mondrian_pair,__bins__,__summary__,-1,-1,,,,1.8201863748538403,0.6944444444444444,0.27249770431588616,0.6165413533834586,0.3533834586466166,CHEMBL214_Ki
86921808,mondrian_wstd,cliffB_oracle,all,664,532,0.8012048192771084,0.7691545628082607,0.8297899841600255,1.7722009550031985,,,,,CHEMBL214_Ki
86921808,mondrian_wstd,cliffB_oracle,cliff,29,15,0.5172413793103449,0.34431021881994717,0.6861390984731652,1.8076672170631434,,,,,CHEMBL214_Ki
86921808,mondrian_wstd,cliffB_oracle,noncliff,635,517,0.8141732283464567,0.7820626729474851,0.8425054330996034,1.7705812359484925,,,,,CHEMBL214_Ki
86921808,mondrian_wstd,cliffA,all,664,532,0.8012048192771084,0.7691545628082607,0.8297899841600255,1.7722009550031985,,,,,CHEMBL214_Ki
86921808,mondrian_wstd,cliffA,cliff,47,29,0.6170212765957447,0.47426566956413574,0.7420931890357799,1.8163225258712272,,,,,CHEMBL214_Ki
86921808,mondrian_wstd,cliffA,noncliff,617,503,0.8152350081037277,0.7826934956376954,0.8438754850146541,1.7688399925545804,,,,,CHEMBL214_Ki
86921808,mondrian_wstd,__bins__,__summary__,-1,-1,,,,1.7722009550031985,0.7555555555555555,0.1452708907254362,0.6390977443609023,0.3007518796992481,CHEMBL214_Ki
86921808,mondrian_std,cliffB_oracle,all,664,530,0.7981927710843374,0.7659900338901927,0.8269650676084107,1.7572961033802807,,,,,CHEMBL214_Ki
86921808,mondrian_std,cliffB_oracle,cliff,29,15,0.5172413793103449,0.34431021881994717,0.6861390984731652,1.7791625137351856,,,,,CHEMBL214_Ki
86921808,mondrian_std,cliffB_oracle,noncliff,635,515,0.8110236220472441,0.7787379081846495,0.839568863465977,1.7562974799152535,,,,,CHEMBL214_Ki
86921808,mondrian_std,cliffA,all,664,530,0.7981927710843374,0.7659900338901927,0.8269650676084107,1.7572961033802807,,,,,CHEMBL214_Ki
86921808,mondrian_std,cliffA,cliff,47,29,0.6170212765957447,0.47426566956413574,0.7420931890357799,1.797536787904548,,,,,CHEMBL214_Ki
86921808,mondrian_std,cliffA,noncliff,617,501,0.8119935170178282,0.7792683928937327,0.8408577190629627,1.754230767606147,,,,,CHEMBL214_Ki
86921808,mondrian_std,__bins__,__summary__,-1,-1,,,,1.7572961033802807,0.75,0.15909090909090906,0.6390977443609023,0.30827067669172925,CHEMBL214_Ki
86921808,mondrian_iqr,cliffB_oracle,all,664,539,0.8117469879518072,0.7802518076660414,0.8396557984461348,1.814067255823366,,,,,CHEMBL214_Ki
86921808,mondrian_iqr,cliffB_oracle,cliff,29,15,0.5172413793103449,0.34431021881994717,0.6861390984731652,1.8451490457162143,,,,,CHEMBL214_Ki
86921808,mondrian_iqr,cliffB_oracle,noncliff,635,524,0.8251968503937008,0.7937252090621244,0.8527575673725812,1.8126477725054249,,,,,CHEMBL214_Ki
86921808,mondrian_iqr,cliffA,all,664,539,0.8117469879518072,0.7802518076660414,0.8396557984461348,1.814067255823366,,,,,CHEMBL214_Ki
86921808,mondrian_iqr,cliffA,cliff,47,30,0.6382978723404256,0.4953589653479511,0.7603378675428585,1.8570858272717534,,,,,CHEMBL214_Ki
86921808,mondrian_iqr,cliffA,noncliff,617,509,0.8249594813614263,0.792990044012277,0.8529075427270345,1.8107903144002313,,,,,CHEMBL214_Ki
86921808,mondrian_iqr,__bins__,__summary__,-1,-1,,,,1.814067255823366,0.7444444444444445,0.18117539026629936,0.6466165413533834,0.3007518796992481,CHEMBL214_Ki
86921808,mondrian_nb,cliffB_oracle,all,664,554,0.8343373493975904,0.8041522592249173,0.8606761879098805,1.8295007934529481,,,,,CHEMBL214_Ki
86921808,mondrian_nb,cliffB_oracle,cliff,29,15,0.5172413793103449,0.34431021881994717,0.6861390984731652,1.5649031245873422,,,,,CHEMBL214_Ki
86921808,mondrian_nb,cliffB_oracle,noncliff,635,539,0.8488188976377953,0.818863877306283,0.874578907101888,1.8415847814798816,,,,,CHEMBL214_Ki
86921808,mondrian_nb,cliffA,all,664,554,0.8343373493975904,0.8041522592249173,0.8606761879098805,1.8295007934529481,,,,,CHEMBL214_Ki
86921808,mondrian_nb,cliffA,cliff,47,29,0.6170212765957447,0.47426566956413574,0.7420931890357799,1.6031616212492332,,,,,CHEMBL214_Ki
86921808,mondrian_nb,cliffA,noncliff,617,525,0.8508914100486223,0.8206176928334269,0.8768228434711164,1.8467421890665214,,,,,CHEMBL214_Ki
86921808,mondrian_nb,__bins__,__summary__,-1,-1,,,,1.8295007934529481,0.768595041322314,0.1900826446280992,0.7218045112781954,0.24060150375939848,CHEMBL214_Ki
86921808,mondrian_nnsim,cliffB_oracle,all,664,545,0.8207831325301205,0.7897914274480835,0.8480845150731413,1.8110305720820445,,,,,CHEMBL214_Ki
86921808,mondrian_nnsim,cliffB_oracle,cliff,29,18,0.6206896551724138,0.4400254420598852,0.7731197789919015,2.0791836434503197,,,,,CHEMBL214_Ki
86921808,mondrian_nnsim,cliffB_oracle,noncliff,635,527,0.8299212598425196,0.7987362636768812,0.8571385143525173,1.7987842113423913,,,,,CHEMBL214_Ki
86921808,mondrian_nnsim,cliffA,all,664,545,0.8207831325301205,0.7897914274480835,0.8480845150731413,1.8110305720820445,,,,,CHEMBL214_Ki
86921808,mondrian_nnsim,cliffA,cliff,47,33,0.7021276595744681,0.5602232608095393,0.8134874949539516,2.020425927749671,,,,,CHEMBL214_Ki
86921808,mondrian_nnsim,cliffA,noncliff,617,512,0.8298217179902755,0.7981507341398038,0.8574111556429886,1.7950798723796486,,,,,CHEMBL214_Ki
86921808,mondrian_nnsim,__bins__,__summary__,-1,-1,,,,1.8110305720820445,0.7222222222222222,0.23645546372819104,0.631578947368421,0.32330827067669177,CHEMBL214_Ki
86921808,mondrian_pairgap,cliffB_oracle,all,664,546,0.822289156626506,0.791383959191021,0.8494867060650453,1.7896328213582864,,,,,CHEMBL214_Ki
86921808,mondrian_pairgap,cliffB_oracle,cliff,29,14,0.4827586206896552,0.3138609015268349,0.6556897811800528,1.6591009462011466,,,,,CHEMBL214_Ki
86921808,mondrian_pairgap,cliffB_oracle,noncliff,635,532,0.8377952755905512,0.8071060572680542,0.8644220567524996,1.7955941195938092,,,,,CHEMBL214_Ki
86921808,mondrian_pairgap,cliffA,all,664,546,0.822289156626506,0.791383959191021,0.8494867060650453,1.7896328213582864,,,,,CHEMBL214_Ki
86921808,mondrian_pairgap,cliffA,cliff,47,28,0.5957446808510638,0.4534212295011096,0.7235996548079124,1.6471538546108475,,,,,CHEMBL214_Ki
86921808,mondrian_pairgap,cliffA,noncliff,617,518,0.839546191247974,0.808498355413256,0.8663921404564984,1.8004861624233264,,,,,CHEMBL214_Ki
86921808,mondrian_pairgap,__bins__,__summary__,-1,-1,,,,1.7896328213582864,0.6944444444444444,0.2559687786960515,0.6165413533834586,0.33834586466165417,CHEMBL214_Ki
86921808,mondrian_rfstd,cliffB_oracle,all,664,555,0.8358433734939759,0.8057519253379,0.8620712445317391,1.8275945614468412,,,,,CHEMBL214_Ki
86921808,mondrian_rfstd,cliffB_oracle,cliff,29,12,0.41379310344827586,0.255131773413224,0.5926216401212141,1.761881837698352,,,,,CHEMBL214_Ki
86921808,mondrian_rfstd,cliffB_oracle,noncliff,635,543,0.8551181102362204,0.8256050422142676,0.8803604109868273,1.8305956149723632,,,,,CHEMBL214_Ki
86921808,mondrian_rfstd,cliffA,all,664,555,0.8358433734939759,0.8057519253379,0.8620712445317391,1.8275945614468412,,,,,CHEMBL214_Ki
86921808,mondrian_rfstd,cliffA,cliff,47,26,0.5531914893617021,0.41245459838218734,0.6858903373450472,1.7789441722544153,,,,,CHEMBL214_Ki
86921808,mondrian_rfstd,cliffA,noncliff,617,529,0.8573743922204214,0.8275674935436653,0.882758780152186,1.8313005068148223,,,,,CHEMBL214_Ki
86921808,mondrian_rfstd,__bins__,__summary__,-1,-1,,,,1.8275945614468412,0.8055555555555556,0.0787419651056015,0.7954545454545454,0.07672590567327409,CHEMBL214_Ki
71339737,global,cliffB_oracle,all,519,406,0.7822736030828517,0.7447637961400406,0.815635527702568,1.8248462859519847,,,,,CHEMBL236_Ki
71339737,global,cliffB_oracle,cliff,30,15,0.5,0.33154125640533766,0.6684587435946623,1.8248462859519847,,,,,CHEMBL236_Ki
71339737,global,cliffB_oracle,noncliff,489,391,0.7995910020449898,0.7618371063634897,0.8326745662159867,1.8248462859519847,,,,,CHEMBL236_Ki
71339737,global,cliffA,all,519,406,0.7822736030828517,0.7447637961400406,0.815635527702568,1.8248462859519847,,,,,CHEMBL236_Ki
71339737,global,cliffA,cliff,59,37,0.6271186440677966,0.4995359106706382,0.7391600120767886,1.824846285951985,,,,,CHEMBL236_Ki
71339737,global,cliffA,noncliff,460,369,0.8021739130434783,0.7633324675343285,0.8360102490628649,1.824846285951985,,,,,CHEMBL236_Ki
71339737,global,__bins__,__summary__,-1,-1,,,,1.8248462859519847,0.693069306930693,0.17947971267715013,0.5961538461538461,0.33653846153846156,CHEMBL236_Ki
71339737,mondrian_pair,cliffB_oracle,all,519,410,0.789980732177264,0.7528711140709695,0.8228292152007887,1.8439046398643566,,,,,CHEMBL236_Ki
71339737,mondrian_pair,cliffB_oracle,cliff,30,15,0.5,0.33154125640533766,0.6684587435946623,1.8646439094334197,,,,,CHEMBL236_Ki
71339737,mondrian_pair,cliffB_oracle,noncliff,489,395,0.8077709611451943,0.7704999330707233,0.8402441401252577,1.8426322920380338,,,,,CHEMBL236_Ki
71339737,mondrian_pair,cliffA,all,519,410,0.789980732177264,0.7528711140709695,0.8228292152007887,1.8439046398643566,,,,,CHEMBL236_Ki
71339737,mondrian_pair,cliffA,cliff,59,39,0.6610169491525424,0.5337247056692836,0.7686234631441234,1.8609572199681599,,,,,CHEMBL236_Ki
71339737,mondrian_pair,cliffA,noncliff,460,371,0.8065217391304348,0.7679446053942978,0.840021747412927,1.8417174611119118,,,,,CHEMBL236_Ki
71339737,mondrian_pair,__bins__,__summary__,-1,-1,,,,1.8439046398643566,0.7105263157894737,0.16202270381836947,0.6153846153846154,0.3173076923076923,CHEMBL236_Ki
71339737,mondrian_wstd,cliffB_oracle,all,519,409,0.7880539499036608,0.7508425698229716,0.8210325080914992,1.786796539974553,,,,,CHEMBL236_Ki
71339737,mondrian_wstd,cliffB_oracle,cliff,30,18,0.6,0.42320360253322475,0.7540937188319815,1.937552892923867,,,,,CHEMBL236_Ki
71339737,mondrian_wstd,cliffB_oracle,noncliff,489,391,0.7995910020449898,0.7618371063634897,0.8326745662159867,1.7775476839653925,,,,,CHEMBL236_Ki
71339737,mondrian_wstd,cliffA,all,519,409,0.7880539499036608,0.7508425698229716,0.8210325080914992,1.786796539974553,,,,,CHEMBL236_Ki
71339737,mondrian_wstd,cliffA,cliff,59,42,0.711864406779661,0.5861915342706008,0.811635003641777,1.966003628850604,,,,,CHEMBL236_Ki
71339737,mondrian_wstd,cliffA,noncliff,460,367,0.7978260869565217,0.7587270294439132,0.8319920509432484,1.7638112829230592,,,,,CHEMBL236_Ki
71339737,mondrian_wstd,__bins__,__summary__,-1,-1,,,,1.786796539974553,0.6831683168316832,0.15016501650165015,0.625,0.29807692307692313,CHEMBL236_Ki
71339737,mondrian_std,cliffB_oracle,all,519,408,0.7861271676300579,0.7488151761862293,0.8192346503709541,1.7878078046502948,,,,,CHEMBL236_Ki
71339737,mondrian_std,cliffB_oracle,cliff,30,17,0.5666666666666667,0.3919730700081361,0.7262251442353347,1.929699177988493,,,,,CHEMBL236_Ki
71339737,mondrian_std,cliffB_oracle,noncliff,489,391,0.7995910020449898,0.7618371063634897,0.8326745662159867,1.7791028124209574,,,,,CHEMBL236_Ki
71339737,mondrian_std,cliffA,all,519,408,0.7861271676300579,0.7488151761862293,0.8192346503709541,1.7878078046502948,,,,,CHEMBL236_Ki
71339737,mondrian_std,cliffA,cliff,59,41,0.6949152542372882,0.5685367346805482,0.7974636801988394,1.9632423640515175,,,,,CHEMBL236_Ki
71339737,mondrian_std,cliffA,noncliff,460,367,0.7978260869565217,0.7587270294439132,0.8319920509432484,1.7653064155097031,,,,,CHEMBL236_Ki
71339737,mondrian_std,__bins__,__summary__,-1,-1,,,,1.7878078046502948,0.693069306930693,0.14026402640264035,0.6346153846153846,0.28846153846153855,CHEMBL236_Ki
71339737,mondrian_iqr,cliffB_oracle,all,519,410,0.789980732177264,0.7528711140709695,0.8228292152007887,1.8471606134124006,,,,,CHEMBL236_Ki
71339737,mondrian_iqr,cliffB_oracle,cliff,30,13,0.43333333333333335,0.2737748557646652,0.6080269299918639,1.8612548712241364,,,,,CHEMBL236_Ki
71339737,mondrian_iqr,cliffB_oracle,noncliff,489,397,0.8118609406952966,0.7748401948255214,0.8440200786787119,1.8462959350190427,,,,,CHEMBL236_Ki
71339737,mondrian_iqr,cliffA,all,519,410,0.789980732177264,0.7528711140709695,0.8228292152007887,1.8471606134124006,,,,,CHEMBL236_Ki
71339737,mondrian_iqr,cliffA,cliff,59,35,0.5932203389830508,0.4659340125533739,0.7091096641280723,1.911997462433671,,,,,CHEMBL236_Ki
71339737,mondrian_iqr,cliffA,noncliff,460,375,0.8152173913043478,0.7771896659468858,0.8480239592804022,1.8388445827770639,,,,,CHEMBL236_Ki
71339737,mondrian_iqr,__bins__,__summary__,-1,-1,,,,1.8471606134124006,0.7425742574257426,0.12017084061347316,0.6538461538461539,0.2596153846153846,CHEMBL236_Ki
71339737,mondrian_nb,cliffB_oracle,all,519,407,0.7842003853564548,0.7467889219455041,0.8174356532543919,1.8196189021182398,,,,,CHEMBL236_Ki
71339737,mondrian_nb,cliffB_oracle,cliff,30,13,0.43333333333333335,0.2737748557646652,0.6080269299918639,1.70021656925025,,,,,CHEMBL236_Ki
71339737,mondrian_nb,cliffB_oracle,noncliff,489,394,0.8057259713701431,0.7683320405461932,0.8383539324956616,1.8269441986132087,,,,,CHEMBL236_Ki
71339737,mondrian_nb,cliffA,all,519,407,0.7842003853564548,0.7467889219455041,0.8174356532543919,1.8196189021182398,,,,,CHEMBL236_Ki
71339737,mondrian_nb,cliffA,cliff,59,34,0.576271186440678,0.449344828000343,0.6938727256481132,1.7183361817005551,,,,,CHEMBL236_Ki
71339737,mondrian_nb,cliffA,noncliff,460,373,0.8108695652173913,0.7725636119566963,0.84402637706056,1.832609511910943,,,,,CHEMBL236_Ki
71339737,mondrian_nb,__bins__,__summary__,-1,-1,,,,1.8196189021182398,0.7017543859649122,0.19040247678018585,0.5961538461538461,0.3173076923076923,CHEMBL236_Ki
71339737,mondrian_nnsim,cliffB_oracle,all,519,420,0.8092485549132948,0.7732225062727577,0.8407303365718749,1.8928306846068228,,,,,CHEMBL236_Ki
71339737,mondrian_nnsim,cliffB_oracle,cliff,30,15,0.5,0.33154125640533766,0.6684587435946623,1.868227727321867,,,,,CHEMBL236_Ki
71339737,mondrian_nnsim,cliffB_oracle,noncliff,489,405,0.8282208588957055,0.792263755966811,0.8590613187704311,1.8943400684893357,,,,,CHEMBL236_Ki
71339737,mondrian_nnsim,cliffA,all,519,420,0.8092485549132948,0.7732225062727577,0.8407303365718749,1.8928306846068228,,,,,CHEMBL236_Ki
71339737,mondrian_nnsim,cliffA,cliff,59,39,0.6610169491525424,0.5337247056692836,0.7686234631441234,1.8923621006744893,,,,,CHEMBL236_Ki
71339737,mondrian_nnsim,cliffA,noncliff,460,381,0.8282608695652174,0.7911120636702195,0.859972470187163,1.8928907855894483,,,,,CHEMBL236_Ki
71339737,mondrian_nnsim,__bins__,__summary__,-1,-1,,,,1.8928306846068228,0.7192982456140351,0.19159284349487582,0.6442307692307693,0.298076923076923,CHEMBL236_Ki
71339737,mondrian_pairgap,cliffB_oracle,all,519,415,0.7996146435452793,0.7630315058467959,0.8317950802113993,1.8790423215281649,,,,,CHEMBL236_Ki
71339737,mondrian_pairgap,cliffB_oracle,cliff,30,17,0.5666666666666667,0.3919730700081361,0.7262251442353347,1.9863623719524728,,,,,CHEMBL236_Ki
71339737,mondrian_pairgap,cliffB_oracle,noncliff,489,398,0.8139059304703476,0.777012600725716,0.8459057729326432,1.8724582693548946,,,,,CHEMBL236_Ki
71339737,mondrian_pairgap,cliffA,all,519,415,0.7996146435452793,0.7630315058467959,0.8317950802113993,1.8790423215281649,,,,,CHEMBL236_Ki
71339737,mondrian_pairgap,cliffA,cliff,59,42,0.711864406779661,0.5861915342706008,0.811635003641777,1.9744606097214517,,,,,CHEMBL236_Ki
71339737,mondrian_pairgap,cliffA,noncliff,460,373,0.8108695652173913,0.7725636119566963,0.84402637706056,1.8668038889120695,,,,,CHEMBL236_Ki
71339737,mondrian_pairgap,__bins__,__summary__,-1,-1,,,,1.8790423215281649,0.7128712871287128,0.16831683168316836,0.625,0.3173076923076923,CHEMBL236_Ki
71339737,mondrian_rfstd,cliffB_oracle,all,519,420,0.8092485549132948,0.7732225062727577,0.8407303365718749,1.806503087048823,,,,,CHEMBL236_Ki
71339737,mondrian_rfstd,cliffB_oracle,cliff,30,17,0.5666666666666667,0.3919730700081361,0.7262251442353347,1.9065415743525784,,,,,CHEMBL236_Ki
71339737,mondrian_rfstd,cliffB_oracle,noncliff,489,403,0.8241308793456033,0.7878981606578815,0.8553107137711081,1.80036575653939,,,,,CHEMBL236_Ki
71339737,mondrian_rfstd,cliffA,all,519,420,0.8092485549132948,0.7732225062727577,0.8407303365718749,1.806503087048823,,,,,CHEMBL236_Ki
71339737,mondrian_rfstd,cliffA,cliff,59,39,0.6610169491525424,0.5337247056692836,0.7686234631441234,1.8120022663512936,,,,,CHEMBL236_Ki
71339737,mondrian_rfstd,cliffA,noncliff,460,381,0.8282608695652174,0.7911120636702195,0.859972470187163,1.8057977575295932,,,,,CHEMBL236_Ki
71339737,mondrian_rfstd,__bins__,__summary__,-1,-1,,,,1.806503087048823,0.7524752475247525,0.12987769365171808,0.7403846153846154,0.16346153846153844,CHEMBL236_Ki
99182118,global,cliffB_oracle,all,519,442,0.8516377649325626,0.8184762649576406,0.8796321077473154,1.893088153904772,,,,,CHEMBL236_Ki
99182118,global,cliffB_oracle,cliff,19,15,0.7894736842105263,0.5666572155618583,0.9149232336708375,1.8930881539047721,,,,,CHEMBL236_Ki
99182118,global,cliffB_oracle,noncliff,500,427,0.854,0.8203507337796904,0.8822512331735307,1.893088153904772,,,,,CHEMBL236_Ki
99182118,global,cliffA,all,519,442,0.8516377649325626,0.8184762649576406,0.8796321077473154,1.893088153904772,,,,,CHEMBL236_Ki
99182118,global,cliffA,cliff,48,42,0.875,0.7529954171361317,0.9414294856142802,1.8930881539047721,,,,,CHEMBL236_Ki
99182118,global,cliffA,noncliff,471,400,0.8492569002123143,0.814125695149566,0.8787371412529191,1.8930881539047721,,,,,CHEMBL236_Ki
99182118,global,__bins__,__summary__,-1,-1,,,,1.893088153904772,0.7456140350877193,0.16615067079463364,0.6634615384615384,0.27884615384615385,CHEMBL236_Ki
99182118,mondrian_pair,cliffB_oracle,all,519,444,0.8554913294797688,0.822628234480465,0.8831306409390658,1.9068301932457101,,,,,CHEMBL236_Ki
99182118,mondrian_pair,cliffB_oracle,cliff,19,16,0.8421052631578947,0.6243452472967093,0.9447952836146585,1.9554566231478625,,,,,CHEMBL236_Ki
99182118,mondrian_pair,cliffB_oracle,noncliff,500,428,0.856,0.8225095437017246,0.8840619258896502,1.9049823889094284,,,,,CHEMBL236_Ki
99182118,mondrian_pair,cliffA,all,519,444,0.8554913294797688,0.822628234480465,0.8831306409390658,1.9068301932457101,,,,,CHEMBL236_Ki
99182118,mondrian_pair,cliffA,cliff,48,43,0.8958333333333334,0.7783257830561368,0.9546782809581869,1.954387434996735,,,,,CHEMBL236_Ki
99182118,mondrian_pair,cliffA,noncliff,471,401,0.851380042462845,0.8164169416984182,0.8806578268402523,1.9019835953602557,,,,,CHEMBL236_Ki
99182118,mondrian_pair,__bins__,__summary__,-1,-1,,,,1.9068301932457101,0.7543859649122807,0.1573787409700722,0.6923076923076923,0.2596153846153846,CHEMBL236_Ki
99182118,mondrian_wstd,cliffB_oracle,all,519,426,0.8208092485549133,0.7854945792227833,0.8514097717655739,1.8523573492117886,,,,,CHEMBL236_Ki
99182118,mondrian_wstd,cliffB_oracle,cliff,19,17,0.8947368421052632,0.6860591728889099,0.9706414397011299,2.2702880150055695,,,,,CHEMBL236_Ki
99182118,mondrian_wstd,cliffB_oracle,noncliff,500,409,0.818,0.7817973646706083,0.8493535547958443,1.8364759839116247,,,,,CHEMBL236_Ki
99182118,mondrian_wstd,cliffA,all,519,426,0.8208092485549133,0.7854945792227833,0.8514097717655739,1.8523573492117886,,,,,CHEMBL236_Ki
99182118,mondrian_wstd,cliffA,cliff,48,44,0.9166666666666666,0.8044669820963272,0.9671162431819081,2.1922347824548227,,,,,CHEMBL236_Ki
99182118,mondrian_wstd,cliffA,noncliff,471,382,0.8110403397027601,0.7732231343922419,0.8438249235589076,1.817720158562817,,,,,CHEMBL236_Ki
99182118,mondrian_wstd,__bins__,__summary__,-1,-1,,,,1.8523573492117886,0.6862745098039216,0.21471558920597944,0.7019230769230769,0.1826923076923077,CHEMBL236_Ki
99182118,mondrian_std,cliffB_oracle,all,519,428,0.8246628131021194,0.7895962081919587,0.854958645510973,1.8570919322462272,,,,,CHEMBL236_Ki
99182118,mondrian_std,cliffB_oracle,cliff,19,15,0.7894736842105263,0.5666572155618583,0.9149232336708375,2.1866748031413223,,,,,CHEMBL236_Ki
99182118,mondrian_std,cliffB_oracle,noncliff,500,413,0.826,0.7903184021001322,0.8567105279189358,1.8445677831522134,,,,,CHEMBL236_Ki
99182118,mondrian_std,cliffA,all,519,428,0.8246628131021194,0.7895962081919587,0.854958645510973,1.8570919322462272,,,,,CHEMBL236_Ki
99182118,mondrian_std,cliffA,cliff,48,42,0.875,0.7529954171361317,0.9414294856142802,2.1426800368145607,,,,,CHEMBL236_Ki
99182118,mondrian_std,cliffA,noncliff,471,386,0.8195329087048833,0.7822610040965753,0.8516347823993154,1.8279874120354414,,,,,CHEMBL236_Ki
99182118,mondrian_std,__bins__,__summary__,-1,-1,,,,1.8570919322462272,0.6862745098039216,0.22461657930498935,0.7019230769230769,0.1923076923076924,CHEMBL236_Ki
99182118,mondrian_iqr,cliffB_oracle,all,519,437,0.8420038535645472,0.8081263236625456,0.8708557922559732,1.8609874919637917,,,,,CHEMBL236_Ki
99182118,mondrian_iqr,cliffB_oracle,cliff,19,13,0.6842105263157895,0.46010407675327475,0.8463562091220773,1.983498215264991,,,,,CHEMBL236_Ki
99182118,mondrian_iqr,cliffB_oracle,noncliff,500,424,0.848,0.8138858517125613,0.8768076073261983,1.8563320844783457,,,,,CHEMBL236_Ki
99182118,mondrian_iqr,cliffA,all,519,437,0.8420038535645472,0.8081263236625456,0.8708557922559732,1.8609874919637917,,,,,CHEMBL236_Ki
99182118,mondrian_iqr,cliffA,cliff,48,40,0.8333333333333334,0.7042217159874441,0.9130448642351444,1.9616644591793442,,,,,CHEMBL236_Ki
99182118,mondrian_iqr,cliffA,noncliff,471,397,0.8428874734607219,0.8072648304458879,0.8729622095480413,1.8507274188717602,,,,,CHEMBL236_Ki
99182118,mondrian_iqr,__bins__,__summary__,-1,-1,,,,1.8609874919637917,0.8118811881188119,0.050863909920403794,0.7692307692307693,0.125,CHEMBL236_Ki
99182118,mondrian_nb,cliffB_oracle,all,519,439,0.8458574181117534,0.8122612919628911,0.8743713266702027,1.9321300307987512,,,,,CHEMBL236_Ki
99182118,mondrian_nb,cliffB_oracle,cliff,19,13,0.6842105263157895,0.46010407675327475,0.8463562091220773,1.8608739334979887,,,,,CHEMBL236_Ki
99182118,mondrian_nb,cliffB_oracle,noncliff,500,426,0.852,0.8181938697042727,0.8804385946107945,1.9348377624961803,,,,,CHEMBL236_Ki
99182118,mondrian_nb,cliffA,all,519,439,0.8458574181117534,0.8122612919628911,0.8743713266702027,1.9321300307987512,,,,,CHEMBL236_Ki
99182118,mondrian_nb,cliffA,cliff,48,39,0.8125,0.680601328507153,0.8980860904515235,1.8174735477586264,,,,,CHEMBL236_Ki
99182118,mondrian_nb,cliffA,noncliff,471,400,0.8492569002123143,0.814125695149566,0.8787371412529191,1.9438147679238595,,,,,CHEMBL236_Ki
99182118,mondrian_nb,__bins__,__summary__,-1,-1,,,,1.9321300307987512,0.7456140350877193,0.195562435500516,0.6730769230769231,0.27884615384615374,CHEMBL236_Ki
99182118,mondrian_nnsim,cliffB_oracle,all,519,438,0.8439306358381503,0.8101929898545747,0.8726143774212317,1.946267617334307,,,,,CHEMBL236_Ki
99182118,mondrian_nnsim,cliffB_oracle,cliff,19,12,0.631578947368421,0.41039533164803066,0.8085048725486492,1.729827596777814,,,,,CHEMBL236_Ki
99182118,mondrian_nnsim,cliffB_oracle,noncliff,500,426,0.852,0.8181938697042727,0.8804385946107945,1.9544923381154535,,,,,CHEMBL236_Ki
99182118,mondrian_nnsim,cliffA,all,519,438,0.8439306358381503,0.8101929898545747,0.8726143774212317,1.946267617334307,,,,,CHEMBL236_Ki
99182118,mondrian_nnsim,cliffA,cliff,48,37,0.7708333333333334,0.6346073590999655,0.8669217373308877,1.7534121643841363,,,,,CHEMBL236_Ki
99182118,mondrian_nnsim,cliffA,noncliff,471,401,0.851380042462845,0.8164169416984182,0.8806578268402523,1.9659216762336873,,,,,CHEMBL236_Ki
99182118,mondrian_nnsim,__bins__,__summary__,-1,-1,,,,1.946267617334307,0.7192982456140351,0.19246646026831782,0.7115384615384616,0.22115384615384615,CHEMBL236_Ki
99182118,mondrian_pairgap,cliffB_oracle,all,519,445,0.8574181117533719,0.8247068996359032,0.8848772271409152,1.9564005231854016,,,,,CHEMBL236_Ki
99182118,mondrian_pairgap,cliffB_oracle,cliff,19,15,0.7894736842105263,0.5666572155618583,0.9149232336708375,1.9514966127039646,,,,,CHEMBL236_Ki
99182118,mondrian_pairgap,cliffB_oracle,noncliff,500,430,0.86,0.826833135055546,0.8876773398121365,1.956586871783696,,,,,CHEMBL236_Ki
99182118,mondrian_pairgap,cliffA,all,519,445,0.8574181117533719,0.8247068996359032,0.8848772271409152,1.9564005231854016,,,,,CHEMBL236_Ki
99182118,mondrian_pairgap,cliffA,cliff,48,42,0.875,0.7529954171361317,0.9414294856142802,1.9520487754686817,,,,,CHEMBL236_Ki
99182118,mondrian_pairgap,cliffA,noncliff,471,403,0.8556263269639066,0.8210060970614286,0.8844925357496127,1.9568440133985703,,,,,CHEMBL236_Ki
99182118,mondrian_pairgap,__bins__,__summary__,-1,-1,,,,1.9564005231854016,0.7368421052631579,0.19453044375645,0.6923076923076923,0.2596153846153846,CHEMBL236_Ki
99182118,mondrian_rfstd,cliffB_oracle,all,519,425,0.8188824662813102,0.783445857476268,0.8496332421548017,1.76980791313505,,,,,CHEMBL236_Ki
99182118,mondrian_rfstd,cliffB_oracle,cliff,19,12,0.631578947368421,0.41039533164803066,0.8085048725486492,2.1878778021784,,,,,CHEMBL236_Ki
99182118,mondrian_rfstd,cliffB_oracle,noncliff,500,413,0.826,0.7903184021001322,0.8567105279189358,1.7539212573514027,,,,,CHEMBL236_Ki
99182118,mondrian_rfstd,cliffA,all,519,425,0.8188824662813102,0.783445857476268,0.8496332421548017,1.76980791313505,,,,,CHEMBL236_Ki
99182118,mondrian_rfstd,cliffA,cliff,48,36,0.75,0.6121562719049204,0.8507936632620209,1.99220249345855,,,,,CHEMBL236_Ki
99182118,mondrian_rfstd,cliffA,noncliff,471,389,0.8259023354564756,0.7890577368764944,0.8574738460279523,1.7471434973059037,,,,,CHEMBL236_Ki
99182118,mondrian_rfstd,__bins__,__summary__,-1,-1,,,,1.76980791313505,0.7807017543859649,0.08068438422789648,0.75,0.17233009708737868,CHEMBL236_Ki
89709943,global,cliffB_oracle,all,519,441,0.8497109826589595,0.816402903610912,0.8778802177367566,2.075666449623912,,,,,CHEMBL236_Ki
89709943,global,cliffB_oracle,cliff,21,11,0.5238095238095238,0.3236953458284443,0.7165599389846583,2.075666449623911,,,,,CHEMBL236_Ki
89709943,global,cliffB_oracle,noncliff,498,430,0.8634538152610441,0.8305014485280017,0.8908419033159939,2.075666449623911,,,,,CHEMBL236_Ki
89709943,global,cliffA,all,519,441,0.8497109826589595,0.816402903610912,0.8778802177367566,2.075666449623912,,,,,CHEMBL236_Ki
89709943,global,cliffA,cliff,46,32,0.6956521739130435,0.5519435355159235,0.8092015919723277,2.0756664496239114,,,,,CHEMBL236_Ki
89709943,global,cliffA,noncliff,473,409,0.864693446088795,0.830914265318899,0.8925966493009008,2.075666449623911,,,,,CHEMBL236_Ki
89709943,global,__bins__,__summary__,-1,-1,,,,2.075666449623912,0.7217391304347827,0.19905294877313817,0.6442307692307693,0.3076923076923076,CHEMBL236_Ki
89709943,mondrian_pair,cliffB_oracle,all,519,443,0.8535645472061657,0.8205513659043313,0.881382258157912,2.114526063379666,,,,,CHEMBL236_Ki
89709943,mondrian_pair,cliffB_oracle,cliff,21,11,0.5238095238095238,0.3236953458284443,0.7165599389846583,2.0804078438825804,,,,,CHEMBL236_Ki
89709943,mondrian_pair,cliffB_oracle,noncliff,498,432,0.8674698795180723,0.8348585980091843,0.8944553986065682,2.1159647834789412,,,,,CHEMBL236_Ki
89709943,mondrian_pair,cliffA,all,519,443,0.8535645472061657,0.8205513659043313,0.881382258157912,2.114526063379666,,,,,CHEMBL236_Ki
89709943,mondrian_pair,cliffA,cliff,46,32,0.6956521739130435,0.5519435355159235,0.8092015919723277,2.0774888484704244,,,,,CHEMBL236_Ki
89709943,mondrian_pair,cliffA,noncliff,473,411,0.86892177589852,0.8355130541900322,0.8963863927731854,2.1181279912566753,,,,,CHEMBL236_Ki
89709943,mondrian_pair,__bins__,__summary__,-1,-1,,,,2.114526063379666,0.7391304347826086,0.1915626345243221,0.6634615384615384,0.28846153846153844,CHEMBL236_Ki
89709943,mondrian_wstd,cliffB_oracle,all,519,436,0.8400770712909441,0.8060612694001131,0.8690955951611182,2.0868735761325063,,,,,CHEMBL236_Ki
89709943,mondrian_wstd,cliffB_oracle,cliff,21,11,0.5238095238095238,0.3236953458284443,0.7165599389846583,2.301950425180404,,,,,CHEMBL236_Ki
89709943,mondrian_wstd,cliffB_oracle,noncliff,498,425,0.8534136546184738,0.8196452808437311,0.8817714590708723,2.077804070449764,,,,,CHEMBL236_Ki
89709943,mondrian_wstd,cliffA,all,519,436,0.8400770712909441,0.8060612694001131,0.8690955951611182,2.0868735761325063,,,,,CHEMBL236_Ki
89709943,mondrian_wstd,cliffA,cliff,46,30,0.6521739130434783,0.5077005884206276,0.7731900662924567,2.1606129980770943,,,,,CHEMBL236_Ki
89709943,mondrian_wstd,cliffA,noncliff,473,406,0.8583509513742071,0.8240343621844166,0.8868937539202562,2.079702300425422,,,,,CHEMBL236_Ki
89709943,mondrian_wstd,__bins__,__summary__,-1,-1,,,,2.0868735761325063,0.7722772277227723,0.12871287128712872,0.6826923076923077,0.2596153846153846,CHEMBL236_Ki
89709943,mondrian_std,cliffB_oracle,all,519,440,0.8477842003853564,0.8143312547149341,0.8761266152754469,2.104336556429684,,,,,CHEMBL236_Ki
89709943,mondrian_std,cliffB_oracle,cliff,21,11,0.5238095238095238,0.3236953458284443,0.7165599389846583,2.2801682440710387,,,,,CHEMBL236_Ki
89709943,mondrian_std,cliffB_oracle,noncliff,498,429,0.8614457831325302,0.8283260953616048,0.8890319340965124,2.096921967191795,,,,,CHEMBL236_Ki
89709943,mondrian_std,cliffA,all,519,440,0.8477842003853564,0.8143312547149341,0.8761266152754469,2.104336556429684,,,,,CHEMBL236_Ki
89709943,mondrian_std,cliffA,cliff,46,33,0.717391304347826,0.574514387694541,0.8267579761812937,2.1702981015322482,,,,,CHEMBL236_Ki
89709943,mondrian_std,cliffA,noncliff,473,407,0.8604651162790697,0.8263252876718666,0.8887970946045151,2.097921691578272,,,,,CHEMBL236_Ki
89709943,mondrian_std,__bins__,__summary__,-1,-1,,,,2.104336556429684,0.7920792079207921,0.09900990099009899,0.6826923076923077,0.2596153846153846,CHEMBL236_Ki
89709943,mondrian_iqr,cliffB_oracle,all,519,444,0.8554913294797688,0.822628234480465,0.8831306409390658,2.1238283185154496,,,,,CHEMBL236_Ki
89709943,mondrian_iqr,cliffB_oracle,cliff,21,12,0.5714285714285714,0.3654655436930671,0.7553003107462404,2.1997551873836922,,,,,CHEMBL236_Ki
89709943,mondrian_iqr,cliffB_oracle,noncliff,498,432,0.8674698795180723,0.8348585980091843,0.8944553986065682,2.120626583081247,,,,,CHEMBL236_Ki
89709943,mondrian_iqr,cliffA,all,519,444,0.8554913294797688,0.822628234480465,0.8831306409390658,2.1238283185154496,,,,,CHEMBL236_Ki
89709943,mondrian_iqr,cliffA,cliff,46,34,0.7391304347826086,0.597408464719844,0.843991135543574,2.169138201611548,,,,,CHEMBL236_Ki
89709943,mondrian_iqr,cliffA,noncliff,473,410,0.8668076109936576,0.8332124092852184,0.8944927715062905,2.119421860539931,,,,,CHEMBL236_Ki
89709943,mondrian_iqr,__bins__,__summary__,-1,-1,,,,2.1238283185154496,0.7652173913043478,0.1654756780025829,0.6826923076923077,0.2596153846153846,CHEMBL236_Ki
89709943,mondrian_nb,cliffB_oracle,all,519,436,0.8400770712909441,0.8060612694001131,0.8690955951611182,2.0577672693988434,,,,,CHEMBL236_Ki
89709943,mondrian_nb,cliffB_oracle,cliff,21,11,0.5238095238095238,0.3236953458284443,0.7165599389846583,2.0554115486373212,,,,,CHEMBL236_Ki
89709943,mondrian_nb,cliffB_oracle,noncliff,498,425,0.8534136546184738,0.8196452808437311,0.8817714590708723,2.057866607021317,,,,,CHEMBL236_Ki
89709943,mondrian_nb,cliffA,all,519,436,0.8400770712909441,0.8060612694001131,0.8690955951611182,2.0577672693988434,,,,,CHEMBL236_Ki
89709943,mondrian_nb,cliffA,cliff,46,32,0.6956521739130435,0.5519435355159235,0.8092015919723277,2.0271289849478693,,,,,CHEMBL236_Ki
89709943,mondrian_nb,cliffA,noncliff,473,404,0.854122621564482,0.8194594207984187,0.8830801629628362,2.06074689114249,,,,,CHEMBL236_Ki
89709943,mondrian_nb,__bins__,__summary__,-1,-1,,,,2.0577672693988434,0.7304347826086957,0.19035729659922518,0.6346153846153846,0.3173076923076923,CHEMBL236_Ki
89709943,mondrian_nnsim,cliffB_oracle,all,519,430,0.8285163776493256,0.7937035371087733,0.8585018193087335,2.0359319993830973,,,,,CHEMBL236_Ki
89709943,mondrian_nnsim,cliffB_oracle,cliff,21,11,0.5238095238095238,0.3236953458284443,0.7165599389846583,2.0629571042550845,,,,,CHEMBL236_Ki
89709943,mondrian_nnsim,cliffB_oracle,noncliff,498,419,0.8413654618473896,0.8066821448026656,0.8708226607966673,2.03479238652705,,,,,CHEMBL236_Ki
89709943,mondrian_nnsim,cliffA,all,519,430,0.8285163776493256,0.7937035371087733,0.8585018193087335,2.0359319993830973,,,,,CHEMBL236_Ki
89709943,mondrian_nnsim,cliffA,cliff,46,32,0.6956521739130435,0.5519435355159235,0.8092015919723277,2.0534908569512895,,,,,CHEMBL236_Ki
89709943,mondrian_nnsim,cliffA,noncliff,473,398,0.8414376321353065,0.8057870386098156,0.8715869481211853,2.0342243726428504,,,,,CHEMBL236_Ki
89709943,mondrian_nnsim,__bins__,__summary__,-1,-1,,,,2.0359319993830973,0.6956521739130435,0.23504089539388728,0.6346153846153846,0.3076923076923077,CHEMBL236_Ki
89709943,mondrian_pairgap,cliffB_oracle,all,519,437,0.8420038535645472,0.8081263236625456,0.8708557922559732,2.043440716200024,,,,,CHEMBL236_Ki
89709943,mondrian_pairgap,cliffB_oracle,cliff,21,11,0.5238095238095238,0.3236953458284443,0.7165599389846583,1.9934197561323246,,,,,CHEMBL236_Ki
89709943,mondrian_pairgap,cliffB_oracle,noncliff,498,426,0.8554216867469879,0.8218124661999155,0.8835895961005662,2.04555003379324,,,,,CHEMBL236_Ki
89709943,mondrian_pairgap,cliffA,all,519,437,0.8420038535645472,0.8081263236625456,0.8708557922559732,2.043440716200024,,,,,CHEMBL236_Ki
89709943,mondrian_pairgap,cliffA,cliff,46,31,0.6739130434782609,0.5296773241932241,0.7913405669074435,2.0008812169091565,,,,,CHEMBL236_Ki
89709943,mondrian_pairgap,cliffA,noncliff,473,406,0.8583509513742071,0.8240343621844166,0.8868937539202562,2.0475796949894107,,,,,CHEMBL236_Ki
89709943,mondrian_pairgap,__bins__,__summary__,-1,-1,,,,2.043440716200024,0.7130434782608696,0.21764959104606119,0.625,0.33653846153846156,CHEMBL236_Ki
89709943,mondrian_rfstd,cliffB_oracle,all,519,430,0.8285163776493256,0.7937035371087733,0.8585018193087335,1.9125891209243366,,,,,CHEMBL236_Ki
89709943,mondrian_rfstd,cliffB_oracle,cliff,21,13,0.6190476190476191,0.4087865377511576,0.7924898863143551,2.1100968640370845,,,,,CHEMBL236_Ki
89709943,mondrian_rfstd,cliffB_oracle,noncliff,498,417,0.8373493975903614,0.8023756201632228,0.8671585406643532,1.9042604811545216,,,,,CHEMBL236_Ki
89709943,mondrian_rfstd,cliffA,all,519,430,0.8285163776493256,0.7937035371087733,0.8585018193087335,1.9125891209243366,,,,,CHEMBL236_Ki
89709943,mondrian_rfstd,cliffA,cliff,46,34,0.7391304347826086,0.597408464719844,0.843991135543574,2.0220971878089875,,,,,CHEMBL236_Ki
89709943,mondrian_rfstd,cliffA,noncliff,473,396,0.8372093023255814,0.8012461037073821,0.8677393506802009,1.9019392877812202,,,,,CHEMBL236_Ki
89709943,mondrian_rfstd,__bins__,__summary__,-1,-1,,,,1.9125891209243366,0.7913043478260869,0.07998278088678434,0.7980769230769231,0.07570948469006711,CHEMBL236_Ki
86921808,global,cliffB_oracle,all,519,454,0.8747591522157996,0.8435010239186752,0.90051036507373,2.011237097052239,,,,,CHEMBL236_Ki
86921808,global,cliffB_oracle,cliff,26,17,0.6538461538461539,0.46220571188810816,0.8058776967705947,2.0112370970522395,,,,,CHEMBL236_Ki
86921808,global,cliffB_oracle,noncliff,493,437,0.8864097363083164,0.8553611467744336,0.9114830713074146,2.011237097052239,,,,,CHEMBL236_Ki
86921808,global,cliffA,all,519,454,0.8747591522157996,0.8435010239186752,0.90051036507373,2.011237097052239,,,,,CHEMBL236_Ki
86921808,global,cliffA,cliff,54,41,0.7592592592592593,0.6305247581649721,0.8535570850471558,2.01123709705224,,,,,CHEMBL236_Ki
86921808,global,cliffA,noncliff,465,413,0.8881720430107527,0.8562876219630295,0.9136954783115188,2.011237097052239,,,,,CHEMBL236_Ki
86921808,global,__bins__,__summary__,-1,-1,,,,2.011237097052239,0.8053097345132744,0.11548234469464647,0.7403846153846154,0.2403846153846153,CHEMBL236_Ki
86921808,mondrian_pair,cliffB_oracle,all,519,449,0.8651252408477842,0.8330401397158143,0.8918449924901537,1.9976863875672892,,,,,CHEMBL236_Ki
86921808,mondrian_pair,cliffB_oracle,cliff,26,15,0.5769230769230769,0.3894861374659171,0.7445555668634343,1.9200406215172807,,,,,CHEMBL236_Ki
86921808,mondrian_pair,cliffB_oracle,noncliff,493,434,0.8803245436105477,0.8486922776446176,0.906075653538304,2.0017812961216506,,,,,CHEMBL236_Ki
86921808,mondrian_pair,cliffA,all,519,449,0.8651252408477842,0.8330401397158143,0.8918449924901537,1.9976863875672892,,,,,CHEMBL236_Ki
86921808,mondrian_pair,cliffA,cliff,54,38,0.7037037037037037,0.5717242709884697,0.8086257486782021,1.8810373766663762,,,,,CHEMBL236_Ki
86921808,mondrian_pair,cliffA,noncliff,465,411,0.8838709677419355,0.8515555242855471,0.9098959072878982,2.0112327243170727,,,,,CHEMBL236_Ki
86921808,mondrian_pair,__bins__,__summary__,-1,-1,,,,1.9976863875672892,0.7876106194690266,0.12415408641332637,0.7403846153846154,0.2403846153846153,CHEMBL236_Ki
86921808,mondrian_wstd,cliffB_oracle,all,519,448,0.8631984585741811,0.8309539787934043,0.8901059020552763,1.975211163523778,,,,,CHEMBL236_Ki
86921808,mondrian_wstd,cliffB_oracle,cliff,26,18,0.6923076923076923,0.5001174167780164,0.8349868440453624,2.1568853476847853,,,,,CHEMBL236_Ki
86921808,mondrian_wstd,cliffB_oracle,noncliff,493,430,0.8722109533468559,0.839836391572189,0.8988298237454967,1.9656299692272545,,,,,CHEMBL236_Ki
86921808,mondrian_wstd,cliffA,all,519,448,0.8631984585741811,0.8309539787934043,0.8901059020552763,1.975211163523778,,,,,CHEMBL236_Ki
86921808,mondrian_wstd,cliffA,cliff,54,41,0.7592592592592593,0.6305247581649721,0.8535570850471558,2.113425176194007,,,,,CHEMBL236_Ki
86921808,mondrian_wstd,cliffA,noncliff,465,407,0.875268817204301,0.8421279991267796,0.9022600950444595,1.9591605039878806,,,,,CHEMBL236_Ki
86921808,mondrian_wstd,__bins__,__summary__,-1,-1,,,,1.975211163523778,0.8431372549019608,0.04795185400893032,0.7403846153846154,0.23076923076923073,CHEMBL236_Ki
86921808,mondrian_std,cliffB_oracle,all,519,448,0.8631984585741811,0.8309539787934043,0.8901059020552763,2.0079566120645684,,,,,CHEMBL236_Ki
86921808,mondrian_std,cliffB_oracle,cliff,26,18,0.6923076923076923,0.5001174167780164,0.8349868440453624,2.157568468596397,,,,,CHEMBL236_Ki
86921808,mondrian_std,cliffB_oracle,noncliff,493,430,0.8722109533468559,0.839836391572189,0.8988298237454967,2.0000663315983864,,,,,CHEMBL236_Ki
86921808,mondrian_std,cliffA,all,519,448,0.8631984585741811,0.8309539787934043,0.8901059020552763,2.0079566120645684,,,,,CHEMBL236_Ki
86921808,mondrian_std,cliffA,cliff,54,41,0.7592592592592593,0.6305247581649721,0.8535570850471558,2.134871299792845,,,,,CHEMBL236_Ki
86921808,mondrian_std,cliffA,noncliff,465,407,0.875268817204301,0.8421279991267796,0.9022600950444595,1.993218132199349,,,,,CHEMBL236_Ki
86921808,mondrian_std,__bins__,__summary__,-1,-1,,,,2.0079566120645684,0.8431372549019608,0.03296893978830473,0.7403846153846154,0.23076923076923073,CHEMBL236_Ki
86921808,mondrian_iqr,cliffB_oracle,all,519,452,0.8709055876685935,0.839310505913084,0.8970503803647464,1.957590245121983,,,,,CHEMBL236_Ki
86921808,mondrian_iqr,cliffB_oracle,cliff,26,18,0.6923076923076923,0.5001174167780164,0.8349868440453624,2.1464597606242486,,,,,CHEMBL236_Ki
86921808,mondrian_iqr,cliffB_oracle,noncliff,493,434,0.8803245436105477,0.8486922776446176,0.906075653538304,1.947629581018415,,,,,CHEMBL236_Ki
86921808,mondrian_iqr,cliffA,all,519,452,0.8709055876685935,0.839310505913084,0.8970503803647464,1.957590245121983,,,,,CHEMBL236_Ki
86921808,mondrian_iqr,cliffA,cliff,54,42,0.7777777777777778,0.6506132834036111,0.8680458343236688,2.132308771540688,,,,,CHEMBL236_Ki
86921808,mondrian_iqr,cliffA,noncliff,465,410,0.8817204301075269,0.8491941657679453,0.9079914314549485,1.9373003517314233,,,,,CHEMBL236_Ki
86921808,mondrian_iqr,__bins__,__summary__,-1,-1,,,,1.957590245121983,0.8495575221238938,0.06220718375845913,0.7596153846153846,0.22115384615384615,CHEMBL236_Ki
86921808,mondrian_nb,cliffB_oracle,all,519,453,0.8728323699421965,0.8414047116609449,0.8987814259741727,2.011019470539771,,,,,CHEMBL236_Ki
86921808,mondrian_nb,cliffB_oracle,cliff,26,16,0.6153846153846154,0.4253485008511553,0.7757140556428721,2.003830102123798,,,,,CHEMBL236_Ki
86921808,mondrian_nb,cliffB_oracle,noncliff,493,437,0.8864097363083164,0.8553611467744336,0.9114830713074146,2.0113986258720535,,,,,CHEMBL236_Ki
86921808,mondrian_nb,cliffA,all,519,453,0.8728323699421965,0.8414047116609449,0.8987814259741727,2.011019470539771,,,,,CHEMBL236_Ki
86921808,mondrian_nb,cliffA,cliff,54,39,0.7222222222222222,0.5910955707120475,0.8238317234697763,1.9297754250474652,,,,,CHEMBL236_Ki
86921808,mondrian_nb,cliffA,noncliff,465,414,0.8903225806451613,0.8586585147744581,0.9155904198506419,2.0204542629195226,,,,,CHEMBL236_Ki
86921808,mondrian_nb,__bins__,__summary__,-1,-1,,,,2.011019470539771,0.8053097345132744,0.1260628145063335,0.7692307692307693,0.21153846153846145,CHEMBL236_Ki
86921808,mondrian_nnsim,cliffB_oracle,all,519,458,0.882466281310212,0.8519081819133872,0.9074042125081677,2.128239830335901,,,,,CHEMBL236_Ki
86921808,mondrian_nnsim,cliffB_oracle,cliff,26,15,0.5769230769230769,0.3894861374659171,0.7445555668634343,1.920825244941877,,,,,CHEMBL236_Ki
86921808,mondrian_nnsim,cliffB_oracle,noncliff,493,443,0.8985801217038539,0.8687753280990621,0.9222214637806395,2.139178530579805,,,,,CHEMBL236_Ki
86921808,mondrian_nnsim,cliffA,all,519,458,0.882466281310212,0.8519081819133872,0.9074042125081677,2.128239830335901,,,,,CHEMBL236_Ki
86921808,mondrian_nnsim,cliffA,cliff,54,38,0.7037037037037037,0.5717242709884697,0.8086257486782021,1.9346065007513746,,,,,CHEMBL236_Ki
86921808,mondrian_nnsim,cliffA,noncliff,465,420,0.9032258064516129,0.872957146308474,0.9268867944199348,2.150726281513459,,,,,CHEMBL236_Ki
86921808,mondrian_nnsim,__bins__,__summary__,-1,-1,,,,2.128239830335901,0.8141592920353983,0.11721325698420959,0.7692307692307693,0.21153846153846145,CHEMBL236_Ki
86921808,mondrian_pairgap,cliffB_oracle,all,519,455,0.8766859344894027,0.8455994836770805,0.9022371566726121,1.9901493060439086,,,,,CHEMBL236_Ki
86921808,mondrian_pairgap,cliffB_oracle,cliff,26,16,0.6153846153846154,0.4253485008511553,0.7757140556428721,1.9692517192063723,,,,,CHEMBL236_Ki
86921808,mondrian_pairgap,cliffB_oracle,noncliff,493,439,0.8904665314401623,0.8598207687722195,0.9150743072422467,1.9912514100150562,,,,,CHEMBL236_Ki
86921808,mondrian_pairgap,cliffA,all,519,455,0.8766859344894027,0.8455994836770805,0.9022371566726121,1.9901493060439086,,,,,CHEMBL236_Ki
86921808,mondrian_pairgap,cliffA,cliff,54,39,0.7222222222222222,0.5910955707120475,0.8238317234697763,1.9528998912495343,,,,,CHEMBL236_Ki
86921808,mondrian_pairgap,cliffA,noncliff,465,416,0.8946236559139785,0.8634104003309165,0.9193702029952863,1.9944750445361583,,,,,CHEMBL236_Ki
86921808,mondrian_pairgap,__bins__,__summary__,-1,-1,,,,1.9901493060439086,0.8141592920353983,0.11653377727153247,0.7692307692307693,0.21153846153846145,CHEMBL236_Ki
86921808,mondrian_rfstd,cliffB_oracle,all,519,446,0.859344894026975,0.8267873912834013,0.8866219868507045,1.9026215294386737,,,,,CHEMBL236_Ki
86921808,mondrian_rfstd,cliffB_oracle,cliff,26,14,0.5384615384615384,0.35457938746858797,0.7124414646960878,2.0323096974553367,,,,,CHEMBL236_Ki
86921808,mondrian_rfstd,cliffB_oracle,noncliff,493,432,0.8762677484787018,0.8442593807810528,0.9024576924692509,1.8957819911659897,,,,,CHEMBL236_Ki
86921808,mondrian_rfstd,cliffA,all,519,446,0.859344894026975,0.8267873912834013,0.8866219868507045,1.9026215294386737,,,,,CHEMBL236_Ki
86921808,mondrian_rfstd,cliffA,cliff,54,34,0.6296296296296297,0.49627467352266663,0.7457662480833973,1.9640511667205791,,,,,CHEMBL236_Ki
86921808,mondrian_rfstd,cliffA,noncliff,465,412,0.886021505376344,0.8539199846624727,0.9117972812615242,1.895487765109162,,,,,CHEMBL236_Ki
86921808,mondrian_rfstd,__bins__,__summary__,-1,-1,,,,1.9026215294386737,0.8316831683168316,0.08988545913414869,0.7788461538461539,0.15384615384615385,CHEMBL236_Ki
71339737,global,cliffB_oracle,all,551,468,0.8493647912885662,0.8170850117169066,0.8768068989891009,2.1009028763014643,,,,,CHEMBL204_Ki
71339737,global,cliffB_oracle,cliff,28,18,0.6428571428571429,0.4583030651442781,0.7929417049226233,2.1009028763014643,,,,,CHEMBL204_Ki
71339737,global,cliffB_oracle,noncliff,523,450,0.8604206500956023,0.8280841959133871,0.8875010977039641,2.1009028763014648,,,,,CHEMBL204_Ki
71339737,global,cliffA,all,551,468,0.8493647912885662,0.8170850117169066,0.8768068989891009,2.1009028763014643,,,,,CHEMBL204_Ki
71339737,global,cliffA,cliff,48,34,0.7083333333333334,0.5682074019042831,0.8175842107348348,2.1009028763014648,,,,,CHEMBL204_Ki
71339737,global,cliffA,noncliff,503,434,0.8628230616302187,0.8299960280291967,0.8901502694920691,2.1009028763014648,,,,,CHEMBL204_Ki
71339737,global,__bins__,__summary__,-1,-1,,,,2.1009028763014643,0.7272727272727273,0.20730671197960915,0.6666666666666666,0.28787878787878796,CHEMBL204_Ki
71339737,mondrian_pair,cliffB_oracle,all,551,468,0.8493647912885662,0.8170850117169066,0.8768068989891009,2.1046013748350694,,,,,CHEMBL204_Ki
71339737,mondrian_pair,cliffB_oracle,cliff,28,18,0.6428571428571429,0.4583030651442781,0.7929417049226233,2.128381810314146,,,,,CHEMBL204_Ki
71339737,mondrian_pair,cliffB_oracle,noncliff,523,450,0.8604206500956023,0.8280841959133871,0.8875010977039641,2.1033282348859026,,,,,CHEMBL204_Ki
71339737,mondrian_pair,cliffA,all,551,468,0.8493647912885662,0.8170850117169066,0.8768068989891009,2.1046013748350694,,,,,CHEMBL204_Ki
71339737,mondrian_pair,cliffA,cliff,48,34,0.7083333333333334,0.5682074019042831,0.8175842107348348,2.131240675491164,,,,,CHEMBL204_Ki
71339737,mondrian_pair,cliffA,noncliff,503,434,0.8628230616302187,0.8299960280291967,0.8901502694920691,2.1020592546929366,,,,,CHEMBL204_Ki
71339737,mondrian_pair,__bins__,__summary__,-1,-1,,,,2.1046013748350694,0.7272727272727273,0.20730671197960915,0.6666666666666666,0.28787878787878796,CHEMBL204_Ki
71339737,mondrian_wstd,cliffB_oracle,all,551,471,0.8548094373865699,0.8229366668663213,0.8817691437467928,2.046424689087488,,,,,CHEMBL204_Ki
71339737,mondrian_wstd,cliffB_oracle,cliff,28,17,0.6071428571428571,0.42409044296597176,0.764343134584204,2.0807614317150755,,,,,CHEMBL204_Ki
71339737,mondrian_wstd,cliffB_oracle,noncliff,523,454,0.8680688336520076,0.836363298474862,0.8944068289593029,2.044586393115074,,,,,CHEMBL204_Ki
71339737,mondrian_wstd,cliffA,all,551,471,0.8548094373865699,0.8229366668663213,0.8817691437467928,2.046424689087488,,,,,CHEMBL204_Ki
71339737,mondrian_wstd,cliffA,cliff,48,34,0.7083333333333334,0.5682074019042831,0.8175842107348348,2.136372100051202,,,,,CHEMBL204_Ki
71339737,mondrian_wstd,cliffA,noncliff,503,437,0.8687872763419483,0.8364656950067626,0.8955186238436199,2.0378412383394595,,,,,CHEMBL204_Ki
71339737,mondrian_wstd,__bins__,__summary__,-1,-1,,,,2.046424689087488,0.8240740740740741,0.07675237220691766,0.7567567567567568,0.1614250614250614,CHEMBL204_Ki
71339737,mondrian_std,cliffB_oracle,all,551,469,0.8511796733212341,0.8190340617425036,0.8784624822658726,2.0558918692480224,,,,,CHEMBL204_Ki
71339737,mondrian_std,cliffB_oracle,cliff,28,18,0.6428571428571429,0.4583030651442781,0.7929417049226233,2.1353865769088523,,,,,CHEMBL204_Ki
71339737,mondrian_std,cliffB_oracle,noncliff,523,451,0.8623326959847036,0.8301511311402084,0.8892303709313462,2.051635938436353,,,,,CHEMBL204_Ki
71339737,mondrian_std,cliffA,all,551,469,0.8511796733212341,0.8190340617425036,0.8784624822658726,2.0558918692480224,,,,,CHEMBL204_Ki
71339737,mondrian_std,cliffA,cliff,48,35,0.7291666666666666,0.5900303501775939,0.8343404237254355,2.201058107252456,,,,,CHEMBL204_Ki
71339737,mondrian_std,cliffA,noncliff,503,434,0.8628230616302187,0.8299960280291967,0.8901502694920691,2.042039027450383,,,,,CHEMBL204_Ki
71339737,mondrian_std,__bins__,__summary__,-1,-1,,,,2.0558918692480224,0.8240740740740741,0.07675237220691766,0.7477477477477478,0.17043407043407044,CHEMBL204_Ki
71339737,mondrian_iqr,cliffB_oracle,all,551,474,0.8602540834845736,0.8288021866596436,0.8867175238605771,2.1498353693473535,,,,,CHEMBL204_Ki
71339737,mondrian_iqr,cliffB_oracle,cliff,28,15,0.5357142857142857,0.358126892344679,0.7046843001720462,2.1115127259536806,,,,,CHEMBL204_Ki
71339737,mondrian_iqr,cliffB_oracle,noncliff,523,459,0.8776290630975143,0.8467568982011008,0.9029942715040814,2.1518870596246438,,,,,CHEMBL204_Ki
71339737,mondrian_iqr,cliffA,all,551,474,0.8602540834845736,0.8288021866596436,0.8867175238605771,2.1498353693473535,,,,,CHEMBL204_Ki
71339737,mondrian_iqr,cliffA,cliff,48,34,0.7083333333333334,0.5682074019042831,0.8175842107348348,2.240295926050969,,,,,CHEMBL204_Ki
71339737,mondrian_iqr,cliffA,noncliff,503,440,0.8747514910536779,0.8429550673800011,0.9008672727994979,2.141202950417386,,,,,CHEMBL204_Ki
71339737,mondrian_iqr,__bins__,__summary__,-1,-1,,,,2.1498353693473535,0.7870370370370371,0.12037037037037035,0.7927927927927928,0.1435708435708436,CHEMBL204_Ki
71339737,mondrian_nb,cliffB_oracle,all,551,470,0.852994555353902,0.8209846059299417,0.8801165713808035,2.1676706836300834,,,,,CHEMBL204_Ki
71339737,mondrian_nb,cliffB_oracle,cliff,28,17,0.6071428571428571,0.42409044296597176,0.764343134584204,2.180679413740376,,,,,CHEMBL204_Ki
71339737,mondrian_nb,cliffB_oracle,noncliff,523,453,0.8661567877629063,0.8342906490182261,0.8926832699617352,2.1669742315400486,,,,,CHEMBL204_Ki
71339737,mondrian_nb,cliffA,all,551,470,0.852994555353902,0.8209846059299417,0.8801165713808035,2.1676706836300834,,,,,CHEMBL204_Ki
71339737,mondrian_nb,cliffA,cliff,48,34,0.7083333333333334,0.5682074019042831,0.8175842107348348,2.206338242075143,,,,,CHEMBL204_Ki
71339737,mondrian_nb,cliffA,noncliff,503,436,0.8667992047713717,0.8343070047696503,0.8937313069710265,2.163980737694969,,,,,CHEMBL204_Ki
71339737,mondrian_nb,__bins__,__summary__,-1,-1,,,,2.1676706836300834,0.7520661157024794,0.15447594037228696,0.7027027027027027,0.2427518427518427,CHEMBL204_Ki
71339737,mondrian_nnsim,cliffB_oracle,all,551,458,0.8312159709618875,0.7976721657933941,0.8601734118889246,2.0871783662993275,,,,,CHEMBL204_Ki
71339737,mondrian_nnsim,cliffB_oracle,cliff,28,12,0.42857142857142855,0.26508547124123694,0.6092921437253123,1.857172702787173,,,,,CHEMBL204_Ki
71339737,mondrian_nnsim,cliffB_oracle,noncliff,523,446,0.8527724665391969,0.8198345511800654,0.8805659086204719,2.099492245034204,,,,,CHEMBL204_Ki
71339737,mondrian_nnsim,cliffA,all,551,458,0.8312159709618875,0.7976721657933941,0.8601734118889246,2.0871783662993275,,,,,CHEMBL204_Ki
71339737,mondrian_nnsim,cliffA,cliff,48,28,0.5833333333333334,0.4428133228397628,0.7115033222158844,1.8524748791423578,,,,,CHEMBL204_Ki
71339737,mondrian_nnsim,cliffA,noncliff,503,430,0.8548707753479126,0.821398635837351,0.8829636332450926,2.109575518155261,,,,,CHEMBL204_Ki
71339737,mondrian_nnsim,__bins__,__summary__,-1,-1,,,,2.0871783662993275,0.6942148760330579,0.22167297443423184,0.6666666666666666,0.26969696969696977,CHEMBL204_Ki
71339737,mondrian_pairgap,cliffB_oracle,all,551,472,0.8566243194192378,0.8248902678345488,0.8834201760809343,2.143681682589105,,,,,CHEMBL204_Ki
71339737,mondrian_pairgap,cliffB_oracle,cliff,28,18,0.6428571428571429,0.4583030651442781,0.7929417049226233,2.146102627253851,,,,,CHEMBL204_Ki
71339737,mondrian_pairgap,cliffB_oracle,noncliff,523,454,0.8680688336520076,0.836363298474862,0.8944068289593029,2.143552071784874,,,,,CHEMBL204_Ki
71339737,mondrian_pairgap,cliffA,all,551,472,0.8566243194192378,0.8248902678345488,0.8834201760809343,2.143681682589105,,,,,CHEMBL204_Ki
71339737,mondrian_pairgap,cliffA,cliff,48,35,0.7291666666666666,0.5900303501775939,0.8343404237254355,2.1580704635323484,,,,,CHEMBL204_Ki
71339737,mondrian_pairgap,cliffA,noncliff,503,437,0.8687872763419483,0.8364656950067626,0.8955186238436199,2.1423085981253362,,,,,CHEMBL204_Ki
71339737,mondrian_pairgap,__bins__,__summary__,-1,-1,,,,2.143681682589105,0.7355371900826446,0.19904224916969182,0.6666666666666666,0.296969696969697,CHEMBL204_Ki
71339737,mondrian_rfstd,cliffB_oracle,all,551,477,0.8656987295825771,0.8346822407050889,0.8916513697222384,2.1053471363256664,,,,,CHEMBL204_Ki
71339737,mondrian_rfstd,cliffB_oracle,cliff,28,13,0.4642857142857143,0.2953156998279538,0.6418731076553209,1.8677516630858695,,,,,CHEMBL204_Ki
71339737,mondrian_rfstd,cliffB_oracle,noncliff,523,464,0.887189292543021,0.857204826860339,0.9115273851158604,2.1180673528662295,,,,,CHEMBL204_Ki
71339737,mondrian_rfstd,cliffA,all,551,477,0.8656987295825771,0.8346822407050889,0.8916513697222384,2.1053471363256664,,,,,CHEMBL204_Ki
71339737,mondrian_rfstd,cliffA,cliff,48,33,0.6875,0.5466692858410841,0.8005431655341219,1.9768807361795984,,,,,CHEMBL204_Ki
71339737,mondrian_rfstd,cliffA,noncliff,503,444,0.882703777335984,0.8516402918921864,0.907966076726135,2.117606355425093,,,,,CHEMBL204_Ki
71339737,mondrian_rfstd,__bins__,__summary__,-1,-1,,,,2.1053471363256664,0.8264462809917356,0.09022038567493107,0.8,0.1099099099099099,CHEMBL204_Ki
99182118,global,cliffB_oracle,all,551,475,0.8620689655172413,0.830760554841127,0.8883637889814624,2.165182086773568,,,,,CHEMBL204_Ki
99182118,global,cliffB_oracle,cliff,21,15,0.7142857142857143,0.5004361928391441,0.8618613704787788,2.165182086773568,,,,,CHEMBL204_Ki
99182118,global,cliffB_oracle,noncliff,530,460,0.8679245283018868,0.83643458434243,0.8941193911047872,2.1651820867735676,,,,,CHEMBL204_Ki
99182118,global,cliffA,all,551,475,0.8620689655172413,0.830760554841127,0.8883637889814624,2.165182086773568,,,,,CHEMBL204_Ki
99182118,global,cliffA,cliff,51,42,0.8235294117647058,0.6974585747569192,0.9042759653087368,2.165182086773568,,,,,CHEMBL204_Ki
99182118,global,cliffA,noncliff,500,433,0.866,0.8333339846536646,0.8930849981284793,2.1651820867735676,,,,,CHEMBL204_Ki
99182118,global,__bins__,__summary__,-1,-1,,,,2.165182086773568,0.7213114754098361,0.20461445051608984,0.6936936936936937,0.2699426699426699,CHEMBL204_Ki
99182118,mondrian_pair,cliffB_oracle,all,551,479,0.8693284936479129,0.8386107121358497,0.8949321648962152,2.1943885716636617,,,,,CHEMBL204_Ki
99182118,mondrian_pair,cliffB_oracle,cliff,21,15,0.7142857142857143,0.5004361928391441,0.8618613704787788,2.2625440980135076,,,,,CHEMBL204_Ki
99182118,mondrian_pair,cliffB_oracle,noncliff,530,464,0.8754716981132076,0.8446308725193912,0.9009088255011024,2.1916880696762147,,,,,CHEMBL204_Ki
99182118,mondrian_pair,cliffA,all,551,479,0.8693284936479129,0.8386107121358497,0.8949321648962152,2.1943885716636617,,,,,CHEMBL204_Ki
99182118,mondrian_pair,cliffA,cliff,51,42,0.8235294117647058,0.6974585747569192,0.9042759653087368,2.2586273588584427,,,,,CHEMBL204_Ki
99182118,mondrian_pair,cliffA,noncliff,500,437,0.874,0.8420322822801359,0.900264711054623,2.187836215369794,,,,,CHEMBL204_Ki
99182118,mondrian_pair,__bins__,__summary__,-1,-1,,,,2.1943885716636617,0.7295081967213115,0.19641772920461442,0.6936936936936937,0.2699426699426699,CHEMBL204_Ki
99182118,mondrian_wstd,cliffB_oracle,all,551,481,0.8729582577132486,0.8425462060101429,0.8982059376266599,2.2056718532385164,,,,,CHEMBL204_Ki
99182118,mondrian_wstd,cliffB_oracle,cliff,21,15,0.7142857142857143,0.5004361928391441,0.8618613704787788,2.3653414845123972,,,,,CHEMBL204_Ki
99182118,mondrian_wstd,cliffB_oracle,noncliff,530,466,0.879245283018868,0.8487411885493682,0.9042913707577634,2.199345320678608,,,,,CHEMBL204_Ki
99182118,mondrian_wstd,cliffA,all,551,481,0.8729582577132486,0.8425462060101429,0.8982059376266599,2.2056718532385164,,,,,CHEMBL204_Ki
99182118,mondrian_wstd,cliffA,cliff,51,43,0.8431372549019608,0.7198955322701224,0.9183077677995128,2.2745390116685624,,,,,CHEMBL204_Ki
99182118,mondrian_wstd,cliffA,noncliff,500,438,0.876,0.8442125871122163,0.9020539088606966,2.198647403078651,,,,,CHEMBL204_Ki
99182118,mondrian_wstd,__bins__,__summary__,-1,-1,,,,2.2056718532385164,0.8130841121495327,0.10358255451713394,0.7027027027027027,0.2427518427518427,CHEMBL204_Ki
99182118,mondrian_std,cliffB_oracle,all,551,481,0.8729582577132486,0.8425462060101429,0.8982059376266599,2.2094437374527,,,,,CHEMBL204_Ki
99182118,mondrian_std,cliffB_oracle,cliff,21,15,0.7142857142857143,0.5004361928391441,0.8618613704787788,2.3653414845123972,,,,,CHEMBL204_Ki
99182118,mondrian_std,cliffB_oracle,noncliff,530,466,0.879245283018868,0.8487411885493682,0.9042913707577634,2.2032666569088257,,,,,CHEMBL204_Ki
99182118,mondrian_std,cliffA,all,551,481,0.8729582577132486,0.8425462060101429,0.8982059376266599,2.2094437374527,,,,,CHEMBL204_Ki
99182118,mondrian_std,cliffA,cliff,51,43,0.8431372549019608,0.7198955322701224,0.9183077677995128,2.2741927342849864,,,,,CHEMBL204_Ki
99182118,mondrian_std,cliffA,noncliff,500,438,0.876,0.8442125871122163,0.9020539088606966,2.202839339775807,,,,,CHEMBL204_Ki
99182118,mondrian_std,__bins__,__summary__,-1,-1,,,,2.2094437374527,0.8130841121495327,0.10358255451713394,0.7027027027027027,0.2427518427518427,CHEMBL204_Ki
99182118,mondrian_iqr,cliffB_oracle,all,551,480,0.8711433756805808,0.8405775658304719,0.8965699445039619,2.275292363863676,,,,,CHEMBL204_Ki
99182118,mondrian_iqr,cliffB_oracle,cliff,21,12,0.5714285714285714,0.3654655436930671,0.7553003107462404,2.1659357739405323,,,,,CHEMBL204_Ki
99182118,mondrian_iqr,cliffB_oracle,noncliff,530,468,0.8830188679245283,0.8528600478237058,0.9076653727700639,2.2796253608228945,,,,,CHEMBL204_Ki
99182118,mondrian_iqr,cliffA,all,551,480,0.8711433756805808,0.8405775658304719,0.8965699445039619,2.275292363863676,,,,,CHEMBL204_Ki
99182118,mondrian_iqr,cliffA,cliff,51,38,0.7450980392156863,0.6113171816155626,0.844542318434177,2.1417177318047966,,,,,CHEMBL204_Ki
99182118,mondrian_iqr,cliffA,noncliff,500,442,0.884,0.8529581630365658,0.9091863434889621,2.2889169763336814,,,,,CHEMBL204_Ki
99182118,mondrian_iqr,__bins__,__summary__,-1,-1,,,,2.275292363863676,0.8032786885245902,0.14116575591985425,0.7207207207207207,0.19746109746109752,CHEMBL204_Ki
99182118,mondrian_nb,cliffB_oracle,all,551,479,0.8693284936479129,0.8386107121358497,0.8949321648962152,2.266176188504999,,,,,CHEMBL204_Ki
99182118,mondrian_nb,cliffB_oracle,cliff,21,14,0.6666666666666666,0.4537345197425524,0.8280524739491653,2.2839181715508676,,,,,CHEMBL204_Ki
99182118,mondrian_nb,cliffB_oracle,noncliff,530,465,0.8773584905660378,0.8466849836611979,0.9026011450026147,2.2654732042711063,,,,,CHEMBL204_Ki
99182118,mondrian_nb,cliffA,all,551,479,0.8693284936479129,0.8386107121358497,0.8949321648962152,2.266176188504999,,,,,CHEMBL204_Ki
99182118,mondrian_nb,cliffA,cliff,51,41,0.803921568627451,0.6754192051863439,0.889846574875333,2.2724924716690396,,,,,CHEMBL204_Ki
99182118,mondrian_nb,cliffA,noncliff,500,438,0.876,0.8442125871122163,0.9020539088606966,2.265531927622267,,,,,CHEMBL204_Ki
99182118,mondrian_nb,__bins__,__summary__,-1,-1,,,,2.266176188504999,0.7540983606557377,0.18108682452944758,0.6756756756756757,0.28796068796068797,CHEMBL204_Ki
99182118,mondrian_nnsim,cliffB_oracle,all,551,481,0.8729582577132486,0.8425462060101429,0.8982059376266599,2.2314623346732465,,,,,CHEMBL204_Ki
99182118,mondrian_nnsim,cliffB_oracle,cliff,21,14,0.6666666666666666,0.4537345197425524,0.8280524739491653,2.0287094082788384,,,,,CHEMBL204_Ki
99182118,mondrian_nnsim,cliffB_oracle,noncliff,530,467,0.8811320754716981,0.8507995288439874,0.9059794611064633,2.239495941190761,,,,,CHEMBL204_Ki
99182118,mondrian_nnsim,cliffA,all,551,481,0.8729582577132486,0.8425462060101429,0.8982059376266599,2.2314623346732465,,,,,CHEMBL204_Ki
99182118,mondrian_nnsim,cliffA,cliff,51,40,0.7843137254901961,0.6537364041400255,0.8750606159176724,2.0682545527905547,,,,,CHEMBL204_Ki
99182118,mondrian_nnsim,cliffA,noncliff,500,441,0.882,0.8507680121388806,0.9074069917484936,2.2481095284252817,,,,,CHEMBL204_Ki
99182118,mondrian_nnsim,__bins__,__summary__,-1,-1,,,,2.2314623346732465,0.7459016393442623,0.18928354584092288,0.7027027027027027,0.25184275184275184,CHEMBL204_Ki
99182118,mondrian_pairgap,cliffB_oracle,all,551,480,0.8711433756805808,0.8405775658304719,0.8965699445039619,2.1953235630258363,,,,,CHEMBL204_Ki
99182118,mondrian_pairgap,cliffB_oracle,cliff,21,16,0.7619047619047619,0.5490882631704924,0.8937198697736354,2.2566221931687642,,,,,CHEMBL204_Ki
99182118,mondrian_pairgap,cliffB_oracle,noncliff,530,464,0.8754716981132076,0.8446308725193912,0.9009088255011024,2.192894749378664,,,,,CHEMBL204_Ki
99182118,mondrian_pairgap,cliffA,all,551,480,0.8711433756805808,0.8405775658304719,0.8965699445039619,2.1953235630258363,,,,,CHEMBL204_Ki
99182118,mondrian_pairgap,cliffA,cliff,51,43,0.8431372549019608,0.7198955322701224,0.9183077677995128,2.2569343473179657,,,,,CHEMBL204_Ki
99182118,mondrian_pairgap,cliffA,noncliff,500,437,0.874,0.8420322822801359,0.900264711054623,2.189039263028039,,,,,CHEMBL204_Ki
99182118,mondrian_pairgap,__bins__,__summary__,-1,-1,,,,2.1953235630258363,0.7295081967213115,0.19641772920461442,0.6936936936936937,0.2699426699426699,CHEMBL204_Ki
99182118,mondrian_rfstd,cliffB_oracle,all,551,471,0.8548094373865699,0.8229366668663213,0.8817691437467928,2.1680911433458347,,,,,CHEMBL204_Ki
99182118,mondrian_rfstd,cliffB_oracle,cliff,21,12,0.5714285714285714,0.3654655436930671,0.7553003107462404,2.210837029821165,,,,,CHEMBL204_Ki
99182118,mondrian_rfstd,cliffB_oracle,noncliff,530,459,0.8660377358490566,0.8343903681366034,0.8924171766672948,2.1663974384100197,,,,,CHEMBL204_Ki
99182118,mondrian_rfstd,cliffA,all,551,471,0.8548094373865699,0.8229366668663213,0.8817691437467928,2.1680911433458347,,,,,CHEMBL204_Ki
99182118,mondrian_rfstd,cliffA,cliff,51,35,0.6862745098039216,0.5497300046930566,0.7967232153447456,2.0593815568786953,,,,,CHEMBL204_Ki
99182118,mondrian_rfstd,cliffA,noncliff,500,436,0.872,0.8398543146918417,0.8984731760047634,2.179179521165483,,,,,CHEMBL204_Ki
99182118,mondrian_rfstd,__bins__,__summary__,-1,-1,,,,2.1680911433458347,0.8032786885245902,0.13190649666059506,0.7909090909090909,0.13636363636363635,CHEMBL204_Ki
89709943,global,cliffB_oracle,all,551,481,0.8729582577132486,0.8425462060101429,0.8982059376266599,2.1849905355981036,,,,,CHEMBL204_Ki
89709943,global,cliffB_oracle,cliff,28,23,0.8214285714285714,0.6440857521065705,0.9212149805439572,2.1849905355981036,,,,,CHEMBL204_Ki
89709943,global,cliffB_oracle,noncliff,523,458,0.875717017208413,0.8446740028591624,0.9012809583918164,2.1849905355981036,,,,,CHEMBL204_Ki
89709943,global,cliffA,all,551,481,0.8729582577132486,0.8425462060101429,0.8982059376266599,2.1849905355981036,,,,,CHEMBL204_Ki
89709943,global,cliffA,cliff,56,48,0.8571428571428571,0.7426407877129466,0.9257921146307937,2.1849905355981036,,,,,CHEMBL204_Ki
89709943,global,cliffA,noncliff,495,433,0.8747474747474747,0.8426716222011871,0.9010516458629333,2.184990535598104,,,,,CHEMBL204_Ki
89709943,global,__bins__,__summary__,-1,-1,,,,2.1849905355981036,0.7851239669421488,0.158801266702711,0.7207207207207207,0.2701883701883703,CHEMBL204_Ki
89709943,mondrian_pair,cliffB_oracle,all,551,477,0.8656987295825771,0.8346822407050889,0.8916513697222384,2.230882028233167,,,,,CHEMBL204_Ki
89709943,mondrian_pair,cliffB_oracle,cliff,28,22,0.7857142857142857,0.6046141434627812,0.8978753966710211,2.4293630425752872,,,,,CHEMBL204_Ki
89709943,mondrian_pair,cliffB_oracle,noncliff,523,455,0.869980879541109,0.8384379214565759,0.8961284144317926,2.2202558936221166,,,,,CHEMBL204_Ki
89709943,mondrian_pair,cliffA,all,551,477,0.8656987295825771,0.8346822407050889,0.8916513697222384,2.230882028233167,,,,,CHEMBL204_Ki
89709943,mondrian_pair,cliffA,cliff,56,48,0.8571428571428571,0.7426407877129466,0.9257921146307937,2.5276325463814553,,,,,CHEMBL204_Ki
89709943,mondrian_pair,cliffA,noncliff,495,429,0.8666666666666667,0.833879101059543,0.893807007585405,2.1973102524426533,,,,,CHEMBL204_Ki
89709943,mondrian_pair,__bins__,__summary__,-1,-1,,,,2.230882028233167,0.768595041322314,0.17533019232254576,0.7027027027027027,0.2882063882063882,CHEMBL204_Ki
89709943,mondrian_wstd,cliffB_oracle,all,551,475,0.8620689655172413,0.830760554841127,0.8883637889814624,2.152615449805672,,,,,CHEMBL204_Ki
89709943,mondrian_wstd,cliffB_oracle,cliff,28,22,0.7857142857142857,0.6046141434627812,0.8978753966710211,2.4855020737227376,,,,,CHEMBL204_Ki
89709943,mondrian_wstd,cliffB_oracle,noncliff,523,453,0.8661567877629063,0.8342906490182261,0.8926832699617352,2.134793603783344,,,,,CHEMBL204_Ki
89709943,mondrian_wstd,cliffA,all,551,475,0.8620689655172413,0.830760554841127,0.8883637889814624,2.152615449805672,,,,,CHEMBL204_Ki
89709943,mondrian_wstd,cliffA,cliff,56,48,0.8571428571428571,0.7426407877129466,0.9257921146307937,2.51393715164923,,,,,CHEMBL204_Ki
89709943,mondrian_wstd,cliffA,noncliff,495,427,0.8626262626262626,0.8294964094411582,0.8901711194942036,2.1117386512132694,,,,,CHEMBL204_Ki
89709943,mondrian_wstd,__bins__,__summary__,-1,-1,,,,2.152615449805672,0.8240740740740741,0.07312218760816891,0.7387387387387387,0.24307944307944307,CHEMBL204_Ki
89709943,mondrian_std,cliffB_oracle,all,551,476,0.8638838475499092,0.832720563772986,0.8900084133519723,2.1675324583646076,,,,,CHEMBL204_Ki
89709943,mondrian_std,cliffB_oracle,cliff,28,22,0.7857142857142857,0.6046141434627812,0.8978753966710211,2.50038119699396,,,,,CHEMBL204_Ki
89709943,mondrian_std,cliffB_oracle,noncliff,523,454,0.8680688336520076,0.836363298474862,0.8944068289593029,2.1497126406177207,,,,,CHEMBL204_Ki
89709943,mondrian_std,cliffA,all,551,476,0.8638838475499092,0.832720563772986,0.8900084133519723,2.1675324583646076,,,,,CHEMBL204_Ki
89709943,mondrian_std,cliffA,cliff,56,48,0.8571428571428571,0.7426407877129466,0.9257921146307937,2.5337640559971675,,,,,CHEMBL204_Ki
89709943,mondrian_std,cliffA,noncliff,495,428,0.8646464646464647,0.8316866600424881,0.8919901587476669,2.1261001968142574,,,,,CHEMBL204_Ki
89709943,mondrian_std,__bins__,__summary__,-1,-1,,,,2.1675324583646076,0.8240740740740741,0.07312218760816891,0.7477477477477478,0.23407043407043404,CHEMBL204_Ki
89709943,mondrian_iqr,cliffB_oracle,all,551,474,0.8602540834845736,0.8288021866596436,0.8867175238605771,2.1335846058770707,,,,,CHEMBL204_Ki
89709943,mondrian_iqr,cliffB_oracle,cliff,28,21,0.75,0.5664432968100104,0.8732350508070668,2.1714718881801063,,,,,CHEMBL204_Ki
89709943,mondrian_iqr,cliffB_oracle,noncliff,523,453,0.8661567877629063,0.8342906490182261,0.8926832699617352,2.131556223650522,,,,,CHEMBL204_Ki
89709943,mondrian_iqr,cliffA,all,551,474,0.8602540834845736,0.8288021866596436,0.8867175238605771,2.1335846058770707,,,,,CHEMBL204_Ki
89709943,mondrian_iqr,cliffA,cliff,56,46,0.8214285714285714,0.7015881796334894,0.900001432475877,2.242541498665033,,,,,CHEMBL204_Ki
89709943,mondrian_iqr,cliffA,noncliff,495,428,0.8646464646464647,0.8316866600424881,0.8919901587476669,2.1212581695212602,,,,,CHEMBL204_Ki
89709943,mondrian_iqr,__bins__,__summary__,-1,-1,,,,2.1335846058770707,0.8264462809917356,0.07074998069050742,0.7297297297297297,0.2520884520884521,CHEMBL204_Ki
89709943,mondrian_nb,cliffB_oracle,all,551,478,0.867513611615245,0.8366456137920897,0.8932926299376065,2.2210413422368,,,,,CHEMBL204_Ki
89709943,mondrian_nb,cliffB_oracle,cliff,28,22,0.7857142857142857,0.6046141434627812,0.8978753966710211,2.2617986861721486,,,,,CHEMBL204_Ki
89709943,mondrian_nb,cliffB_oracle,noncliff,523,456,0.8718929254302104,0.8405145544199971,0.8978479899225748,2.2188593047029763,,,,,CHEMBL204_Ki
89709943,mondrian_nb,cliffA,all,551,478,0.867513611615245,0.8366456137920897,0.8932926299376065,2.2210413422368,,,,,CHEMBL204_Ki
89709943,mondrian_nb,cliffA,cliff,56,47,0.8392857142857143,0.7219379333025048,0.9130733239240486,2.2600022679656155,,,,,CHEMBL204_Ki
89709943,mondrian_nb,cliffA,noncliff,495,431,0.8707070707070707,0.8382707216946594,0.8974339666598747,2.2166336415482872,,,,,CHEMBL204_Ki
89709943,mondrian_nb,__bins__,__summary__,-1,-1,,,,2.2210413422368,0.7851239669421488,0.15006121824303642,0.7117117117117117,0.2791973791973793,CHEMBL204_Ki
89709943,mondrian_nnsim,cliffB_oracle,all,551,480,0.8711433756805808,0.8405775658304719,0.8965699445039619,2.200400975508591,,,,,CHEMBL204_Ki
89709943,mondrian_nnsim,cliffB_oracle,cliff,28,20,0.7142857142857143,0.5294071156670428,0.8474600394333092,1.9639416867065498,,,,,CHEMBL204_Ki
89709943,mondrian_nnsim,cliffB_oracle,noncliff,523,460,0.8795411089866156,0.8488419634100303,0.9047054147493553,2.213060363819216,,,,,CHEMBL204_Ki
89709943,mondrian_nnsim,cliffA,all,551,480,0.8711433756805808,0.8405775658304719,0.8965699445039619,2.200400975508591,,,,,CHEMBL204_Ki
89709943,mondrian_nnsim,cliffA,cliff,56,44,0.7857142857142857,0.6618053643659488,0.8729409575090435,2.021062016822763,,,,,CHEMBL204_Ki
89709943,mondrian_nnsim,cliffA,noncliff,495,436,0.8808080808080808,0.8492912095079207,0.9064599281205791,2.220689827400321,,,,,CHEMBL204_Ki
89709943,mondrian_nnsim,__bins__,__summary__,-1,-1,,,,2.200400975508591,0.7603305785123967,0.19294044952498646,0.7117117117117117,0.2791973791973793,CHEMBL204_Ki
89709943,mondrian_pairgap,cliffB_oracle,all,551,475,0.8620689655172413,0.830760554841127,0.8883637889814624,2.1924761316012042,,,,,CHEMBL204_Ki
89709943,mondrian_pairgap,cliffB_oracle,cliff,28,21,0.75,0.5664432968100104,0.8732350508070668,2.2984387171666674,,,,,CHEMBL204_Ki
89709943,mondrian_pairgap,cliffB_oracle,noncliff,523,454,0.8680688336520076,0.836363298474862,0.8944068289593029,2.1868031824695913,,,,,CHEMBL204_Ki
89709943,mondrian_pairgap,cliffA,all,551,475,0.8620689655172413,0.830760554841127,0.8883637889814624,2.1924761316012042,,,,,CHEMBL204_Ki
89709943,mondrian_pairgap,cliffA,cliff,56,47,0.8392857142857143,0.7219379333025048,0.9130733239240486,2.3756835737300785,,,,,CHEMBL204_Ki
89709943,mondrian_pairgap,cliffA,noncliff,495,428,0.8646464646464647,0.8316866600424881,0.8919901587476669,2.1717496330977353,,,,,CHEMBL204_Ki
89709943,mondrian_pairgap,__bins__,__summary__,-1,-1,,,,2.1924761316012042,0.768595041322314,0.1659843979300224,0.6846846846846847,0.3062244062244063,CHEMBL204_Ki
89709943,mondrian_rfstd,cliffB_oracle,all,551,477,0.8656987295825771,0.8346822407050889,0.8916513697222384,2.099950869599972,,,,,CHEMBL204_Ki
89709943,mondrian_rfstd,cliffB_oracle,cliff,28,23,0.8214285714285714,0.6440857521065705,0.9212149805439572,2.341039369485334,,,,,CHEMBL204_Ki
89709943,mondrian_rfstd,cliffB_oracle,noncliff,523,454,0.8680688336520076,0.836363298474862,0.8944068289593029,2.0870436458967405,,,,,CHEMBL204_Ki
89709943,mondrian_rfstd,cliffA,all,551,477,0.8656987295825771,0.8346822407050889,0.8916513697222384,2.099950869599972,,,,,CHEMBL204_Ki
89709943,mondrian_rfstd,cliffA,cliff,56,44,0.7857142857142857,0.6618053643659488,0.8729409575090435,2.2308872041941448,,,,,CHEMBL204_Ki
89709943,mondrian_rfstd,cliffA,noncliff,495,433,0.8747474747474747,0.8426716222011871,0.9010516458629333,2.0851378701307324,,,,,CHEMBL204_Ki
89709943,mondrian_rfstd,__bins__,__summary__,-1,-1,,,,2.099950869599972,0.8240740740740741,0.101159570785739,0.8378378378378378,0.06216216216216219,CHEMBL204_Ki
86921808,global,cliffB_oracle,all,551,459,0.8330308529945554,0.7996073820306818,0.8618428289540058,2.0421923738116448,,,,,CHEMBL204_Ki
86921808,global,cliffB_oracle,cliff,21,12,0.5714285714285714,0.3654655436930671,0.7553003107462404,2.0421923738116448,,,,,CHEMBL204_Ki
86921808,global,cliffB_oracle,noncliff,530,447,0.8433962264150944,0.8099973559741885,0.871853021109881,2.0421923738116448,,,,,CHEMBL204_Ki
86921808,global,cliffA,all,551,459,0.8330308529945554,0.7996073820306818,0.8618428289540058,2.0421923738116448,,,,,CHEMBL204_Ki
86921808,global,cliffA,cliff,46,28,0.6086956521739131,0.46456843231620754,0.7360677496217098,2.0421923738116448,,,,,CHEMBL204_Ki
86921808,global,cliffA,noncliff,505,431,0.8534653465346534,0.8199542490959577,0.881639525961982,2.042192373811645,,,,,CHEMBL204_Ki
86921808,global,__bins__,__summary__,-1,-1,,,,2.0421923738116448,0.6721311475409836,0.26305403764420165,0.5855855855855856,0.40532350532350536,CHEMBL204_Ki
86921808,mondrian_pair,cliffB_oracle,all,551,454,0.8239564428312159,0.789943986282993,0.8534830581898502,2.015638129195354,,,,,CHEMBL204_Ki
86921808,mondrian_pair,cliffB_oracle,cliff,21,11,0.5238095238095238,0.3236953458284443,0.7165599389846583,2.1241976845496966,,,,,CHEMBL204_Ki
86921808,mondrian_pair,cliffB_oracle,noncliff,530,443,0.8358490566037736,0.8019179783150118,0.8649466761957815,2.0113367128511253,,,,,CHEMBL204_Ki
86921808,mondrian_pair,cliffA,all,551,454,0.8239564428312159,0.789943986282993,0.8534830581898502,2.015638129195354,,,,,CHEMBL204_Ki
86921808,mondrian_pair,cliffA,cliff,46,30,0.6521739130434783,0.5077005884206276,0.7731900662924567,2.1620720925279007,,,,,CHEMBL204_Ki
86921808,mondrian_pair,cliffA,noncliff,505,424,0.8396039603960396,0.8050519089669037,0.8690283847162148,2.002299589961102,,,,,CHEMBL204_Ki
86921808,mondrian_pair,__bins__,__summary__,-1,-1,,,,2.015638129195354,0.6475409836065574,0.25986642380085,0.5765765765765766,0.40524160524160524,CHEMBL204_Ki
86921808,mondrian_wstd,cliffB_oracle,all,551,463,0.8402903811252269,0.8073614287032449,0.8685073154909184,2.1485021785393386,,,,,CHEMBL204_Ki
86921808,mondrian_wstd,cliffB_oracle,cliff,21,10,0.47619047619047616,0.2834400610153417,0.6763046541715557,2.1592048678489286,,,,,CHEMBL204_Ki
86921808,mondrian_wstd,cliffB_oracle,noncliff,530,453,0.8547169811320755,0.8221633169737316,0.8821656439702522,2.1480781097176376,,,,,CHEMBL204_Ki
86921808,mondrian_wstd,cliffA,all,551,463,0.8402903811252269,0.8073614287032449,0.8685073154909184,2.1485021785393386,,,,,CHEMBL204_Ki
86921808,mondrian_wstd,cliffA,cliff,46,29,0.6304347826086957,0.48600096423389705,0.7547624540916037,2.341426899994649,,,,,CHEMBL204_Ki
86921808,mondrian_wstd,cliffA,noncliff,505,434,0.8594059405940594,0.8263687350462514,0.887016532029469,2.1309288375750928,,,,,CHEMBL204_Ki
86921808,mondrian_wstd,__bins__,__summary__,-1,-1,,,,2.1485021785393386,0.7570093457943925,0.15887850467289721,0.6576576576576577,0.3059787059787059,CHEMBL204_Ki
86921808,mondrian_std,cliffB_oracle,all,551,461,0.8366606170598911,0.8034817343570718,0.8651777432323536,2.1224593029966283,,,,,CHEMBL204_Ki
86921808,mondrian_std,cliffB_oracle,cliff,21,11,0.5238095238095238,0.3236953458284443,0.7165599389846583,2.177566722457034,,,,,CHEMBL204_Ki
86921808,mondrian_std,cliffB_oracle,noncliff,530,450,0.8490566037735849,0.8160730571497892,0.8770166118642375,2.1202758014708385,,,,,CHEMBL204_Ki
86921808,mondrian_std,cliffA,all,551,461,0.8366606170598911,0.8034817343570718,0.8651777432323536,2.1224593029966283,,,,,CHEMBL204_Ki
86921808,mondrian_std,cliffA,cliff,46,29,0.6304347826086957,0.48600096423389705,0.7547624540916037,2.3353554273251738,,,,,CHEMBL204_Ki
86921808,mondrian_std,cliffA,noncliff,505,432,0.8554455445544554,0.822090478348115,0.883433794049085,2.1030667847409585,,,,,CHEMBL204_Ki
86921808,mondrian_std,__bins__,__summary__,-1,-1,,,,2.1224593029966283,0.7476635514018691,0.1869158878504673,0.6666666666666666,0.296969696969697,CHEMBL204_Ki
86921808,mondrian_iqr,cliffB_oracle,all,551,467,0.8475499092558983,0.8151374339333353,0.8751498434703033,2.191402840107002,,,,,CHEMBL204_Ki
86921808,mondrian_iqr,cliffB_oracle,cliff,21,10,0.47619047619047616,0.2834400610153417,0.6763046541715557,1.9832610632075913,,,,,CHEMBL204_Ki
86921808,mondrian_iqr,cliffB_oracle,noncliff,530,457,0.8622641509433963,0.8303075237311346,0.8890071597861255,2.199649967116224,,,,,CHEMBL204_Ki
86921808,mondrian_iqr,cliffA,all,551,467,0.8475499092558983,0.8151374339333353,0.8751498434703033,2.191402840107002,,,,,CHEMBL204_Ki
86921808,mondrian_iqr,cliffA,cliff,46,29,0.6304347826086957,0.48600096423389705,0.7547624540916037,2.1339386141191135,,,,,CHEMBL204_Ki
86921808,mondrian_iqr,cliffA,noncliff,505,438,0.8673267326732673,0.834949402706821,0.8941578537259399,2.196637205246493,,,,,CHEMBL204_Ki
86921808,mondrian_iqr,__bins__,__summary__,-1,-1,,,,2.191402840107002,0.7786885245901639,0.1371993258771258,0.6756756756756757,0.30614250614250615,CHEMBL204_Ki
86921808,mondrian_nb,cliffB_oracle,all,551,471,0.8548094373865699,0.8229366668663213,0.8817691437467928,2.234212469103283,,,,,CHEMBL204_Ki
86921808,mondrian_nb,cliffB_oracle,cliff,21,12,0.5714285714285714,0.3654655436930671,0.7553003107462404,2.020134269738277,,,,,CHEMBL204_Ki
86921808,mondrian_nb,cliffB_oracle,noncliff,530,459,0.8660377358490566,0.8343903681366034,0.8924171766672948,2.2426948128517075,,,,,CHEMBL204_Ki
86921808,mondrian_nb,cliffA,all,551,471,0.8548094373865699,0.8229366668663213,0.8817691437467928,2.234212469103283,,,,,CHEMBL204_Ki
86921808,mondrian_nb,cliffA,cliff,46,30,0.6521739130434783,0.5077005884206276,0.7731900662924567,2.069325534585675,,,,,CHEMBL204_Ki
86921808,mondrian_nb,cliffA,noncliff,505,441,0.8732673267326733,0.8414072200999624,0.899491528350579,2.24923187303954,,,,,CHEMBL204_Ki
86921808,mondrian_nb,__bins__,__summary__,-1,-1,,,,2.234212469103283,0.6885245901639344,0.25591985428051,0.6576576576576577,0.33325143325143325,CHEMBL204_Ki
86921808,mondrian_nnsim,cliffB_oracle,all,551,468,0.8493647912885662,0.8170850117169066,0.8768068989891009,2.152998112891114,,,,,CHEMBL204_Ki
86921808,mondrian_nnsim,cliffB_oracle,cliff,21,10,0.47619047619047616,0.2834400610153417,0.6763046541715557,1.8059661664163786,,,,,CHEMBL204_Ki
86921808,mondrian_nnsim,cliffB_oracle,noncliff,530,458,0.8641509433962264,0.8323480253952922,0.890713088765287,2.166748435298604,,,,,CHEMBL204_Ki
86921808,mondrian_nnsim,cliffA,all,551,468,0.8493647912885662,0.8170850117169066,0.8768068989891009,2.152998112891114,,,,,CHEMBL204_Ki
86921808,mondrian_nnsim,cliffA,cliff,46,25,0.5434782608695652,0.4018018105980127,0.6784526621771542,1.8950630296991995,,,,,CHEMBL204_Ki
86921808,mondrian_nnsim,cliffA,noncliff,505,443,0.8772277227722772,0.8457236804392085,0.9030360626898533,2.176493189775922,,,,,CHEMBL204_Ki
86921808,mondrian_nnsim,__bins__,__summary__,-1,-1,,,,2.152998112891114,0.6721311475409836,0.27231329690346084,0.6216216216216216,0.3601965601965602,CHEMBL204_Ki
86921808,mondrian_pairgap,cliffB_oracle,all,551,467,0.8475499092558983,0.8151374339333353,0.8751498434703033,2.11569015553835,,,,,CHEMBL204_Ki
86921808,mondrian_pairgap,cliffB_oracle,cliff,21,11,0.5238095238095238,0.3236953458284443,0.7165599389846583,2.0478122592331,,,,,CHEMBL204_Ki
86921808,mondrian_pairgap,cliffB_oracle,noncliff,530,456,0.8603773584905661,0.8282688318396255,0.8872994210343156,2.1183796570900677,,,,,CHEMBL204_Ki
86921808,mondrian_pairgap,cliffA,all,551,467,0.8475499092558983,0.8151374339333353,0.8751498434703033,2.11569015553835,,,,,CHEMBL204_Ki
86921808,mondrian_pairgap,cliffA,cliff,46,29,0.6304347826086957,0.48600096423389705,0.7547624540916037,2.1309434683832245,,,,,CHEMBL204_Ki
86921808,mondrian_pairgap,cliffA,noncliff,505,438,0.8673267326732673,0.834949402706821,0.8941578537259399,2.1143007448633715,,,,,CHEMBL204_Ki
86921808,mondrian_pairgap,__bins__,__summary__,-1,-1,,,,2.11569015553835,0.7049180327868853,0.22031561207292782,0.6306306306306306,0.3511875511875512,CHEMBL204_Ki
86921808,mondrian_rfstd,cliffB_oracle,all,551,480,0.8711433756805808,0.8405775658304719,0.8965699445039619,2.168448800090473,,,,,CHEMBL204_Ki
86921808,mondrian_rfstd,cliffB_oracle,cliff,21,12,0.5714285714285714,0.3654655436930671,0.7553003107462404,2.27127186070568,,,,,CHEMBL204_Ki
86921808,mondrian_rfstd,cliffB_oracle,noncliff,530,468,0.8830188679245283,0.8528600478237058,0.9076653727700639,2.164374678820814,,,,,CHEMBL204_Ki
86921808,mondrian_rfstd,cliffA,all,551,480,0.8711433756805808,0.8405775658304719,0.8965699445039619,2.168448800090473,,,,,CHEMBL204_Ki
86921808,mondrian_rfstd,cliffA,cliff,46,30,0.6521739130434783,0.5077005884206276,0.7731900662924567,2.2204209559825507,,,,,CHEMBL204_Ki
86921808,mondrian_rfstd,cliffA,noncliff,505,450,0.8910891089108911,0.8609082555569059,0.9153649689469772,2.163714702722085,,,,,CHEMBL204_Ki
86921808,mondrian_rfstd,__bins__,__summary__,-1,-1,,,,2.168448800090473,0.7704918032786885,0.17395264116575593,0.7889908256880734,0.156463719766472,CHEMBL204_Ki
71339737,global,cliffB_oracle,all,520,419,0.8057692307692308,0.7695752344405394,0.8374786644927413,1.9110261170814056,,,,,CHEMBL237_Ki
71339737,global,cliffB_oracle,cliff,23,10,0.43478260869565216,0.25634635325674215,0.6318862491498354,1.9110261170814056,,,,,CHEMBL237_Ki
71339737,global,cliffB_oracle,noncliff,497,409,0.8229376257545271,0.7869384267391358,0.8539829553601862,1.9110261170814056,,,,,CHEMBL237_Ki
71339737,global,cliffA,all,520,419,0.8057692307692308,0.7695752344405394,0.8374786644927413,1.9110261170814056,,,,,CHEMBL237_Ki
71339737,global,cliffA,cliff,51,31,0.6078431372549019,0.4708515898394834,0.7297265901824019,1.9110261170814056,,,,,CHEMBL237_Ki
71339737,global,cliffA,noncliff,469,388,0.8272921108742004,0.7904592312261592,0.8588070170543606,1.9110261170814056,,,,,CHEMBL237_Ki
71339737,global,__bins__,__summary__,-1,-1,,,,1.9110261170814056,0.7322834645669292,0.14526755584123408,0.6634615384615384,0.28846153846153844,CHEMBL237_Ki
71339737,mondrian_pair,cliffB_oracle,all,520,415,0.7980769230769231,0.7614449793355067,0.8303371233981947,1.8822539882997713,,,,,CHEMBL237_Ki
71339737,mondrian_pair,cliffB_oracle,cliff,23,10,0.43478260869565216,0.25634635325674215,0.6318862491498354,1.9630235553232689,,,,,CHEMBL237_Ki
71339737,mondrian_pair,cliffB_oracle,noncliff,497,405,0.8148893360160966,0.7783740795391534,0.8465741840031764,1.8785161612544183,,,,,CHEMBL237_Ki
71339737,mondrian_pair,cliffA,all,520,415,0.7980769230769231,0.7614449793355067,0.8303371233981947,1.8822539882997713,,,,,CHEMBL237_Ki
71339737,mondrian_pair,cliffA,cliff,51,28,0.5490196078431373,0.41384708550368815,0.6773248145062598,1.9382413170753183,,,,,CHEMBL237_Ki
71339737,mondrian_pair,cliffA,noncliff,469,387,0.8251599147121536,0.7881807320404601,0.8568557686942584,1.8761658139553088,,,,,CHEMBL237_Ki
71339737,mondrian_pair,__bins__,__summary__,-1,-1,,,,1.8822539882997713,0.7244094488188977,0.16334565322191863,0.625,0.3173076923076923,CHEMBL237_Ki
71339737,mondrian_wstd,cliffB_oracle,all,520,419,0.8057692307692308,0.7695752344405394,0.8374786644927413,1.9225188168503105,,,,,CHEMBL237_Ki
71339737,mondrian_wstd,cliffB_oracle,cliff,23,12,0.5217391304347826,0.32962737336427406,0.7076284258335335,2.1321500393498245,,,,,CHEMBL237_Ki
71339737,mondrian_wstd,cliffB_oracle,noncliff,497,407,0.8189134808853119,0.7826531963986801,0.8502816264221459,1.9128175731531496,,,,,CHEMBL237_Ki
71339737,mondrian_wstd,cliffA,all,520,419,0.8057692307692308,0.7695752344405394,0.8374786644927413,1.9225188168503105,,,,,CHEMBL237_Ki
71339737,mondrian_wstd,cliffA,cliff,51,31,0.6078431372549019,0.4708515898394834,0.7297265901824019,2.020570209750202,,,,,CHEMBL237_Ki
71339737,mondrian_wstd,cliffA,noncliff,469,388,0.8272921108742004,0.7904592312261592,0.8588070170543606,1.9118565118654605,,,,,CHEMBL237_Ki
71339737,mondrian_wstd,__bins__,__summary__,-1,-1,,,,1.9225188168503105,0.7171717171717171,0.1332219836156845,0.7019230769230769,0.23076923076923084,CHEMBL237_Ki
71339737,mondrian_std,cliffB_oracle,all,520,416,0.8,0.7634756990892065,0.8321243526943897,1.8848816371329118,,,,,CHEMBL237_Ki
71339737,mondrian_std,cliffB_oracle,cliff,23,12,0.5217391304347826,0.32962737336427406,0.7076284258335335,2.106909739988562,,,,,CHEMBL237_Ki
71339737,mondrian_std,cliffB_oracle,noncliff,497,404,0.8128772635814889,0.7762367656918917,0.84471821821119,1.8746066947472377,,,,,CHEMBL237_Ki
71339737,mondrian_std,cliffA,all,520,416,0.8,0.7634756990892065,0.8321243526943897,1.8848816371329118,,,,,CHEMBL237_Ki
71339737,mondrian_std,cliffA,cliff,51,31,0.6078431372549019,0.4708515898394834,0.7297265901824019,1.9979893119971353,,,,,CHEMBL237_Ki
71339737,mondrian_std,cliffA,noncliff,469,385,0.8208955223880597,0.7836292216296084,0.8529477840135073,1.8725820818704904,,,,,CHEMBL237_Ki
71339737,mondrian_std,__bins__,__summary__,-1,-1,,,,1.8848816371329118,0.7171717171717171,0.1253479678676529,0.6923076923076923,0.24038461538461542,CHEMBL237_Ki
71339737,mondrian_iqr,cliffB_oracle,all,520,423,0.8134615384615385,0.777725674356992,0.8446000207758682,1.9375921128800244,,,,,CHEMBL237_Ki
71339737,mondrian_iqr,cliffB_oracle,cliff,23,10,0.43478260869565216,0.25634635325674215,0.6318862491498354,2.0880023501789795,,,,,CHEMBL237_Ki
71339737,mondrian_iqr,cliffB_oracle,noncliff,497,413,0.8309859154929577,0.7955278818829943,0.8613666187733204,1.930631478155928,,,,,CHEMBL237_Ki
71339737,mondrian_iqr,cliffA,all,520,423,0.8134615384615385,0.777725674356992,0.8446000207758682,1.9375921128800244,,,,,CHEMBL237_Ki
71339737,mondrian_iqr,cliffA,cliff,51,31,0.6078431372549019,0.4708515898394834,0.7297265901824019,2.073883138367967,,,,,CHEMBL237_Ki
71339737,mondrian_iqr,cliffA,noncliff,469,392,0.835820895522388,0.7995921501039269,0.8665930883597985,1.9227715536052161,,,,,CHEMBL237_Ki
71339737,mondrian_iqr,__bins__,__summary__,-1,-1,,,,1.9375921128800244,0.7952755905511811,0.04145910332636993,0.7019230769230769,0.1923076923076924,CHEMBL237_Ki
71339737,mondrian_nb,cliffB_oracle,all,520,432,0.8307692307692308,0.7961430378746543,0.8605441987072595,1.975712565428679,,,,,CHEMBL237_Ki
71339737,mondrian_nb,cliffB_oracle,cliff,23,11,0.4782608695652174,0.29237157416646653,0.6703726266357259,1.9160259079037927,,,,,CHEMBL237_Ki
71339737,mondrian_nb,cliffB_oracle,noncliff,497,421,0.8470824949698189,0.8127879177690814,0.876052820001218,1.9784747246300323,,,,,CHEMBL237_Ki
71339737,mondrian_nb,cliffA,all,520,432,0.8307692307692308,0.7961430378746543,0.8605441987072595,1.975712565428679,,,,,CHEMBL237_Ki
71339737,mondrian_nb,cliffA,cliff,51,31,0.6078431372549019,0.4708515898394834,0.7297265901824019,1.9168863092644894,,,,,CHEMBL237_Ki
71339737,mondrian_nb,cliffA,noncliff,469,401,0.8550106609808102,0.8202602825310178,0.8839926838449207,1.9821094504273435,,,,,CHEMBL237_Ki
71339737,mondrian_nb,__bins__,__summary__,-1,-1,,,,1.975712565428679,0.7716535433070866,0.11723534558180226,0.7115384615384616,0.25,CHEMBL237_Ki
71339737,mondrian_nnsim,cliffB_oracle,all,520,421,0.8096153846153846,0.7736478743571107,0.8410419226759598,1.943021677908232,,,,,CHEMBL237_Ki
71339737,mondrian_nnsim,cliffB_oracle,cliff,23,10,0.43478260869565216,0.25634635325674215,0.6318862491498354,1.781718292827632,,,,,CHEMBL237_Ki
71339737,mondrian_nnsim,cliffB_oracle,noncliff,497,411,0.8269617706237424,0.7912299317237119,0.8576780096541063,1.9504864220870124,,,,,CHEMBL237_Ki
71339737,mondrian_nnsim,cliffA,all,520,421,0.8096153846153846,0.7736478743571107,0.8410419226759598,1.943021677908232,,,,,CHEMBL237_Ki
71339737,mondrian_nnsim,cliffA,cliff,51,28,0.5490196078431373,0.41384708550368815,0.6773248145062598,1.837337770179916,,,,,CHEMBL237_Ki
71339737,mondrian_nnsim,cliffA,noncliff,469,393,0.837953091684435,0.8018802537374439,0.8685347322720831,1.9545139578531021,,,,,CHEMBL237_Ki
71339737,mondrian_nnsim,__bins__,__summary__,-1,-1,,,,1.943021677908232,0.7165354330708661,0.17121966896995022,0.6730769230769231,0.26923076923076916,CHEMBL237_Ki
71339737,mondrian_pairgap,cliffB_oracle,all,520,416,0.8,0.7634756990892065,0.8321243526943897,1.9551440144183208,,,,,CHEMBL237_Ki
71339737,mondrian_pairgap,cliffB_oracle,cliff,23,11,0.4782608695652174,0.29237157416646653,0.6703726266357259,1.954569157330945,,,,,CHEMBL237_Ki
71339737,mondrian_pairgap,cliffB_oracle,noncliff,497,405,0.8148893360160966,0.7783740795391534,0.8465741840031764,1.9551706174626058,,,,,CHEMBL237_Ki
71339737,mondrian_pairgap,cliffA,all,520,416,0.8,0.7634756990892065,0.8321243526943897,1.9551440144183208,,,,,CHEMBL237_Ki
71339737,mondrian_pairgap,cliffA,cliff,51,29,0.5686274509803921,0.43265302109302245,0.6949876389209046,1.9743170170209112,,,,,CHEMBL237_Ki
71339737,mondrian_pairgap,cliffA,noncliff,469,387,0.8251599147121536,0.7881807320404601,0.8568557686942584,1.9530591036875489,,,,,CHEMBL237_Ki
71339737,mondrian_pairgap,__bins__,__summary__,-1,-1,,,,1.9551440144183208,0.7244094488188977,0.11232524505865338,0.6826923076923077,0.24038461538461542,CHEMBL237_Ki
71339737,mondrian_rfstd,cliffB_oracle,all,520,431,0.8288461538461539,0.7940909995235182,0.8587782880085008,1.9818252545796755,,,,,CHEMBL237_Ki
71339737,mondrian_rfstd,cliffB_oracle,cliff,23,15,0.6521739130434783,0.44890335377263,0.8118872406120227,2.1401922083149034,,,,,CHEMBL237_Ki
71339737,mondrian_rfstd,cliffB_oracle,noncliff,497,416,0.8370221327967807,0.801987289991788,0.866887049582271,1.974496401589917,,,,,CHEMBL237_Ki
71339737,mondrian_rfstd,cliffA,all,520,431,0.8288461538461539,0.7940909995235182,0.8587782880085008,1.9818252545796755,,,,,CHEMBL237_Ki
71339737,mondrian_rfstd,cliffA,cliff,51,33,0.6470588235294118,0.5098605845450523,0.7636551154847915,1.9797137948274361,,,,,CHEMBL237_Ki
71339737,mondrian_rfstd,cliffA,noncliff,469,398,0.8486140724946695,0.8133515818190815,0.8782121419194526,1.982054858945058,,,,,CHEMBL237_Ki
71339737,mondrian_rfstd,__bins__,__summary__,-1,-1,,,,1.9818252545796755,0.7952755905511811,0.0734112781356876,0.6730769230769231,0.2403846153846153,CHEMBL237_Ki
99182118,global,cliffB_oracle,all,520,435,0.8365384615384616,0.8023081034438624,0.865832980287736,1.975984366073675,,,,,CHEMBL237_Ki
99182118,global,cliffB_oracle,cliff,20,6,0.3,0.1454772448676043,0.5189728183535235,1.975984366073675,,,,,CHEMBL237_Ki
99182118,global,cliffB_oracle,noncliff,500,429,0.858,0.8246703326752246,0.885870639554304,1.975984366073675,,,,,CHEMBL237_Ki
99182118,global,cliffA,all,520,435,0.8365384615384616,0.8023081034438624,0.865832980287736,1.975984366073675,,,,,CHEMBL237_Ki
99182118,global,cliffA,cliff,53,35,0.660377358490566,0.5259478663754829,0.7731296089867581,1.975984366073675,,,,,CHEMBL237_Ki
99182118,global,cliffA,noncliff,467,400,0.8565310492505354,0.8218252136913459,0.885419218084177,1.975984366073675,,,,,CHEMBL237_Ki
99182118,global,__bins__,__summary__,-1,-1,,,,1.975984366073675,0.7627118644067796,0.1572881355932204,0.7115384615384616,0.2403846153846153,CHEMBL237_Ki
99182118,mondrian_pair,cliffB_oracle,all,520,435,0.8365384615384616,0.8023081034438624,0.865832980287736,2.01418046792583,,,,,CHEMBL237_Ki
99182118,mondrian_pair,cliffB_oracle,cliff,20,7,0.35,0.18119182410108206,0.5671457233147638,1.8955424374503707,,,,,CHEMBL237_Ki
99182118,mondrian_pair,cliffB_oracle,noncliff,500,428,0.856,0.8225095437017246,0.8840619258896502,2.0189259891448486,,,,,CHEMBL237_Ki
99182118,mondrian_pair,cliffA,all,520,435,0.8365384615384616,0.8023081034438624,0.865832980287736,2.01418046792583,,,,,CHEMBL237_Ki
99182118,mondrian_pair,cliffA,cliff,53,35,0.660377358490566,0.5259478663754829,0.7731296089867581,1.9108449680565904,,,,,CHEMBL237_Ki
99182118,mondrian_pair,cliffA,noncliff,467,400,0.8565310492505354,0.8218252136913459,0.885419218084177,2.0259080514227676,,,,,CHEMBL237_Ki
99182118,mondrian_pair,__bins__,__summary__,-1,-1,,,,2.01418046792583,0.72,0.21999999999999997,0.7115384615384616,0.25,CHEMBL237_Ki
99182118,mondrian_wstd,cliffB_oracle,all,520,420,0.8076923076923077,0.7716109167288248,0.8392609312543509,1.9338005079029594,,,,,CHEMBL237_Ki
99182118,mondrian_wstd,cliffB_oracle,cliff,20,10,0.5,0.2992980081982123,0.7007019918017877,2.018382146834022,,,,,CHEMBL237_Ki
99182118,mondrian_wstd,cliffB_oracle,noncliff,500,410,0.82,0.7839253300173655,0.851195092087241,1.9304172423457169,,,,,CHEMBL237_Ki
99182118,mondrian_wstd,cliffA,all,520,420,0.8076923076923077,0.7716109167288248,0.8392609312543509,1.9338005079029594,,,,,CHEMBL237_Ki
99182118,mondrian_wstd,cliffA,cliff,53,37,0.6981132075471698,0.5646316733114988,0.8048169727242108,2.0308636992026803,,,,,CHEMBL237_Ki
99182118,mondrian_wstd,cliffA,noncliff,467,383,0.8201284796573876,0.7827261822614711,0.852307106329764,1.9227847709888586,,,,,CHEMBL237_Ki
99182118,mondrian_wstd,__bins__,__summary__,-1,-1,,,,1.9338005079029594,0.72,0.13593220338983059,0.7307692307692307,0.21153846153846156,CHEMBL237_Ki
99182118,mondrian_std,cliffB_oracle,all,520,425,0.8173076923076923,0.7818087557034579,0.8481528375291918,1.963418606987502,,,,,CHEMBL237_Ki
99182118,mondrian_std,cliffB_oracle,cliff,20,10,0.5,0.2992980081982123,0.7007019918017877,2.0416260655487624,,,,,CHEMBL237_Ki
99182118,mondrian_std,cliffB_oracle,noncliff,500,415,0.83,0.7945883013993367,0.8603796338960388,1.9602903086450516,,,,,CHEMBL237_Ki
99182118,mondrian_std,cliffA,all,520,425,0.8173076923076923,0.7818087557034579,0.8481528375291918,1.963418606987502,,,,,CHEMBL237_Ki
99182118,mondrian_std,cliffA,cliff,53,37,0.6981132075471698,0.5646316733114988,0.8048169727242108,2.053238806635413,,,,,CHEMBL237_Ki
99182118,mondrian_std,cliffA,noncliff,467,388,0.8308351177730193,0.7941656934264198,0.8621061666896059,1.9532248798326,,,,,CHEMBL237_Ki
99182118,mondrian_std,__bins__,__summary__,-1,-1,,,,1.963418606987502,0.7425742574257426,0.11742574257425742,0.7307692307692307,0.20192307692307698,CHEMBL237_Ki
99182118,mondrian_iqr,cliffB_oracle,all,520,431,0.8288461538461539,0.7940909995235182,0.8587782880085008,2.027516358335963,,,,,CHEMBL237_Ki
99182118,mondrian_iqr,cliffB_oracle,cliff,20,13,0.65,0.43285427668523624,0.818808175898918,2.2149665982740574,,,,,CHEMBL237_Ki
99182118,mondrian_iqr,cliffB_oracle,noncliff,500,418,0.836,0.8010053635257086,0.8658710796841282,2.0200183487384393,,,,,CHEMBL237_Ki
99182118,mondrian_iqr,cliffA,all,520,431,0.8288461538461539,0.7940909995235182,0.8587782880085008,2.027516358335963,,,,,CHEMBL237_Ki
99182118,mondrian_iqr,cliffA,cliff,53,41,0.7735849056603774,0.6447372974853895,0.8654536898972573,2.208217675784184,,,,,CHEMBL237_Ki
99182118,mondrian_iqr,cliffA,noncliff,467,390,0.8351177730192719,0.7987548203999973,0.8660124683259444,2.0070085000388413,,,,,CHEMBL237_Ki
99182118,mondrian_iqr,__bins__,__summary__,-1,-1,,,,2.027516358335963,0.82,0.021584158415841603,0.7307692307692307,0.20192307692307698,CHEMBL237_Ki
99182118,mondrian_nb,cliffB_oracle,all,520,420,0.8076923076923077,0.7716109167288248,0.8392609312543509,1.961467380224137,,,,,CHEMBL237_Ki
99182118,mondrian_nb,cliffB_oracle,cliff,20,6,0.3,0.1454772448676043,0.5189728183535235,1.7642519550273783,,,,,CHEMBL237_Ki
99182118,mondrian_nb,cliffB_oracle,noncliff,500,414,0.828,0.7924525525008731,0.8585458801563487,1.9693559972320072,,,,,CHEMBL237_Ki
99182118,mondrian_nb,cliffA,all,520,420,0.8076923076923077,0.7716109167288248,0.8392609312543509,1.961467380224137,,,,,CHEMBL237_Ki
99182118,mondrian_nb,cliffA,cliff,53,31,0.5849056603773585,0.45094422181344374,0.7073909122018601,1.8120555753010616,,,,,CHEMBL237_Ki
99182118,mondrian_nb,cliffA,noncliff,467,389,0.8329764453961456,0.7964592769517164,0.8640602974692672,1.978424180354593,,,,,CHEMBL237_Ki
99182118,mondrian_nb,__bins__,__summary__,-1,-1,,,,1.961467380224137,0.71,0.19000000000000006,0.7115384615384616,0.23076923076923073,CHEMBL237_Ki
99182118,mondrian_nnsim,cliffB_oracle,all,520,442,0.85,0.8167482430632129,0.8781184840176492,2.069984710486045,,,,,CHEMBL237_Ki
99182118,mondrian_nnsim,cliffB_oracle,cliff,20,9,0.45,0.2581978582556243,0.6579146575496577,1.9737899797896516,,,,,CHEMBL237_Ki
99182118,mondrian_nnsim,cliffB_oracle,noncliff,500,433,0.866,0.8333339846536646,0.8930849981284793,2.073832499713901,,,,,CHEMBL237_Ki
99182118,mondrian_nnsim,cliffA,all,520,442,0.85,0.8167482430632129,0.8781184840176492,2.069984710486045,,,,,CHEMBL237_Ki
99182118,mondrian_nnsim,cliffA,cliff,53,37,0.6981132075471698,0.5646316733114988,0.8048169727242108,1.9845325641250608,,,,,CHEMBL237_Ki
99182118,mondrian_nnsim,cliffA,noncliff,467,405,0.867237687366167,0.8334463354117865,0.8950366678885266,2.07968270568333,,,,,CHEMBL237_Ki
99182118,mondrian_nnsim,__bins__,__summary__,-1,-1,,,,2.069984710486045,0.77,0.16000000000000003,0.7403846153846154,0.21153846153846145,CHEMBL237_Ki
99182118,mondrian_pairgap,cliffB_oracle,all,520,426,0.8192307692307692,0.7838523165175866,0.8499272257649579,1.9751441516128758,,,,,CHEMBL237_Ki
99182118,mondrian_pairgap,cliffB_oracle,cliff,20,6,0.3,0.1454772448676043,0.5189728183535235,1.8398907729829475,,,,,CHEMBL237_Ki
99182118,mondrian_pairgap,cliffB_oracle,noncliff,500,420,0.84,0.8052918208363085,0.8695236276498359,1.9805542867580732,,,,,CHEMBL237_Ki
99182118,mondrian_pairgap,cliffA,all,520,426,0.8192307692307692,0.7838523165175866,0.8499272257649579,1.9751441516128758,,,,,CHEMBL237_Ki
99182118,mondrian_pairgap,cliffA,cliff,53,31,0.5849056603773585,0.45094422181344374,0.7073909122018601,1.8555159054620975,,,,,CHEMBL237_Ki
99182118,mondrian_pairgap,cliffA,noncliff,467,395,0.8458244111349036,0.8102630279491715,0.8757428323015607,1.9887208048162837,,,,,CHEMBL237_Ki
99182118,mondrian_pairgap,__bins__,__summary__,-1,-1,,,,1.9751441516128758,0.71,0.17118811881188123,0.7211538461538461,0.22115384615384615,CHEMBL237_Ki
99182118,mondrian_rfstd,cliffB_oracle,all,520,442,0.85,0.8167482430632129,0.8781184840176492,2.043663262748786,,,,,CHEMBL237_Ki
99182118,mondrian_rfstd,cliffB_oracle,cliff,20,12,0.6,0.3865815007622531,0.781193467627183,2.1969994607507664,,,,,CHEMBL237_Ki
99182118,mondrian_rfstd,cliffB_oracle,noncliff,500,430,0.86,0.826833135055546,0.8876773398121365,2.037529814828707,,,,,CHEMBL237_Ki
99182118,mondrian_rfstd,cliffA,all,520,442,0.85,0.8167482430632129,0.8781184840176492,2.043663262748786,,,,,CHEMBL237_Ki
99182118,mondrian_rfstd,cliffA,cliff,53,39,0.7358490566037735,0.6041933558938148,0.8356264608153632,2.08540895976247,,,,,CHEMBL237_Ki
99182118,mondrian_rfstd,cliffA,noncliff,467,403,0.8629550321199143,0.8287904585746153,0.8911971161157817,2.038925528398197,,,,,CHEMBL237_Ki
99182118,mondrian_rfstd,__bins__,__summary__,-1,-1,,,,2.043663262748786,0.8,0.10999999999999999,0.7788461538461539,0.13461538461538458,CHEMBL237_Ki
89709943,global,cliffB_oracle,all,520,427,0.8211538461538461,0.7858972460733179,0.8517002452591215,1.9489820166468448,,,,,CHEMBL237_Ki
89709943,global,cliffB_oracle,cliff,25,12,0.48,0.30031285954112974,0.6650148304964322,1.9489820166468448,,,,,CHEMBL237_Ki
89709943,global,cliffB_oracle,noncliff,495,415,0.8383838383838383,0.8033709971497704,0.868185053528074,1.948982016646845,,,,,CHEMBL237_Ki
89709943,global,cliffA,all,520,427,0.8211538461538461,0.7858972460733179,0.8517002452591215,1.9489820166468448,,,,,CHEMBL237_Ki
89709943,global,cliffA,cliff,68,49,0.7205882352941176,0.604365654302676,0.8132205207619988,1.9489820166468452,,,,,CHEMBL237_Ki
89709943,global,cliffA,noncliff,452,378,0.8362831858407079,0.7993636821196805,0.8675348505115491,1.9489820166468448,,,,,CHEMBL237_Ki
89709943,global,__bins__,__summary__,-1,-1,,,,1.9489820166468448,0.71875,0.2404336734693877,0.6538461538461539,0.27884615384615385,CHEMBL237_Ki
89709943,mondrian_pair,cliffB_oracle,all,520,425,0.8173076923076923,0.7818087557034579,0.8481528375291918,1.9407764510115784,,,,,CHEMBL237_Ki
89709943,mondrian_pair,cliffB_oracle,cliff,25,12,0.48,0.30031285954112974,0.6650148304964322,1.952702370353097,,,,,CHEMBL237_Ki
89709943,mondrian_pair,cliffB_oracle,noncliff,495,413,0.8343434343434344,0.7990428183866252,0.8644946525816333,1.9401741318529158,,,,,CHEMBL237_Ki
89709943,mondrian_pair,cliffA,all,520,425,0.8173076923076923,0.7818087557034579,0.8481528375291918,1.9407764510115784,,,,,CHEMBL237_Ki
89709943,mondrian_pair,cliffA,cliff,68,49,0.7205882352941176,0.604365654302676,0.8132205207619988,1.9527219407837255,,,,,CHEMBL237_Ki
89709943,mondrian_pair,cliffA,noncliff,452,376,0.831858407079646,0.7946157161578923,0.8635078357808211,1.938979341930813,,,,,CHEMBL237_Ki
89709943,mondrian_pair,__bins__,__summary__,-1,-1,,,,1.9407764510115784,0.71875,0.2404336734693877,0.6538461538461539,0.2596153846153846,CHEMBL237_Ki
89709943,mondrian_wstd,cliffB_oracle,all,520,425,0.8173076923076923,0.7818087557034579,0.8481528375291918,1.9283077124391612,,,,,CHEMBL237_Ki
89709943,mondrian_wstd,cliffB_oracle,cliff,25,13,0.52,0.3349851695035678,0.6996871404588704,2.0341221913580174,,,,,CHEMBL237_Ki
89709943,mondrian_wstd,cliffB_oracle,noncliff,495,412,0.8323232323232324,0.7968813112118949,0.8626468699015704,1.9229635468371993,,,,,CHEMBL237_Ki
89709943,mondrian_wstd,cliffA,all,520,425,0.8173076923076923,0.7818087557034579,0.8481528375291918,1.9283077124391612,,,,,CHEMBL237_Ki
89709943,mondrian_wstd,cliffA,cliff,68,51,0.75,0.6356144714454861,0.8376498602944786,2.041195920831253,,,,,CHEMBL237_Ki
89709943,mondrian_wstd,cliffA,noncliff,452,374,0.827433628318584,0.7898761848419944,0.8594723864042029,1.911324530645661,,,,,CHEMBL237_Ki
89709943,mondrian_wstd,__bins__,__summary__,-1,-1,,,,1.9283077124391612,0.7551020408163265,0.19387755102040827,0.6634615384615384,0.24038461538461542,CHEMBL237_Ki
89709943,mondrian_std,cliffB_oracle,all,520,429,0.825,0.7899912800268212,0.8552421094054079,1.9502897204237857,,,,,CHEMBL237_Ki
89709943,mondrian_std,cliffB_oracle,cliff,25,14,0.56,0.3706733186979878,0.7333436111893266,2.081562831495995,,,,,CHEMBL237_Ki
89709943,mondrian_std,cliffB_oracle,noncliff,495,415,0.8383838383838383,0.8033709971497704,0.868185053528074,1.9436597653191285,,,,,CHEMBL237_Ki
89709943,mondrian_std,cliffA,all,520,429,0.825,0.7899912800268212,0.8552421094054079,1.9502897204237857,,,,,CHEMBL237_Ki
89709943,mondrian_std,cliffA,cliff,68,52,0.7647058823529411,0.6514483202805676,0.8496550897970421,2.06529015826071,,,,,CHEMBL237_Ki
89709943,mondrian_std,cliffA,noncliff,452,377,0.834070796460177,0.7969886283172448,0.8655224139677268,1.9329887695987615,,,,,CHEMBL237_Ki
89709943,mondrian_std,__bins__,__summary__,-1,-1,,,,1.9502897204237857,0.7734375,0.16533801020408168,0.6634615384615384,0.24038461538461542,CHEMBL237_Ki
89709943,mondrian_iqr,cliffB_oracle,all,520,433,0.8326923076923077,0.7981965544896987,0.86230863114211,1.955447925806958,,,,,CHEMBL237_Ki
89709943,mondrian_iqr,cliffB_oracle,cliff,25,13,0.52,0.3349851695035678,0.6996871404588704,2.059223928070071,,,,,CHEMBL237_Ki
89709943,mondrian_iqr,cliffB_oracle,noncliff,495,420,0.8484848484848485,0.8142227997946392,0.877379700157171,1.9502067135714471,,,,,CHEMBL237_Ki
89709943,mondrian_iqr,cliffA,all,520,433,0.8326923076923077,0.7981965544896987,0.86230863114211,1.955447925806958,,,,,CHEMBL237_Ki
89709943,mondrian_iqr,cliffA,cliff,68,52,0.7647058823529411,0.6514483202805676,0.8496550897970421,2.0298845073894523,,,,,CHEMBL237_Ki
89709943,mondrian_iqr,cliffA,noncliff,452,381,0.8429203539823009,0.8065020428703713,0.8735589607996326,1.9442495020290607,,,,,CHEMBL237_Ki
89709943,mondrian_iqr,__bins__,__summary__,-1,-1,,,,1.955447925806958,0.7421875,0.16597576530612246,0.7019230769230769,0.22115384615384626,CHEMBL237_Ki
89709943,mondrian_nb,cliffB_oracle,all,520,434,0.8346153846153846,0.8002515694568341,0.8640715652248695,2.0238277273818284,,,,,CHEMBL237_Ki
89709943,mondrian_nb,cliffB_oracle,cliff,25,12,0.48,0.30031285954112974,0.6650148304964322,2.036669164303218,,,,,CHEMBL237_Ki
89709943,mondrian_nb,cliffB_oracle,noncliff,495,422,0.8525252525252526,0.8185766620453592,0.8810444176160372,2.0231791699615567,,,,,CHEMBL237_Ki
89709943,mondrian_nb,cliffA,all,520,434,0.8346153846153846,0.8002515694568341,0.8640715652248695,2.0238277273818284,,,,,CHEMBL237_Ki
89709943,mondrian_nb,cliffA,cliff,68,50,0.7352941176470589,0.6199226601011089,0.8255025933012111,2.005755672130076,,,,,CHEMBL237_Ki
89709943,mondrian_nb,cliffA,noncliff,452,384,0.8495575221238938,0.8136609883554998,0.8795624863532784,2.0265465321542164,,,,,CHEMBL237_Ki
89709943,mondrian_nb,__bins__,__summary__,-1,-1,,,,2.0238277273818284,0.75,0.22959183673469385,0.6923076923076923,0.23076923076923084,CHEMBL237_Ki
89709943,mondrian_nnsim,cliffB_oracle,all,520,432,0.8307692307692308,0.7961430378746543,0.8605441987072595,2.0155682696171393,,,,,CHEMBL237_Ki
89709943,mondrian_nnsim,cliffB_oracle,cliff,25,11,0.44,0.26665638881067344,0.6293266813020123,1.893150611018861,,,,,CHEMBL237_Ki
89709943,mondrian_nnsim,cliffB_oracle,noncliff,495,421,0.8505050505050505,0.8163987618738882,0.879213027932715,2.021750979647356,,,,,CHEMBL237_Ki
89709943,mondrian_nnsim,cliffA,all,520,432,0.8307692307692308,0.7961430378746543,0.8605441987072595,2.0155682696171393,,,,,CHEMBL237_Ki
89709943,mondrian_nnsim,cliffA,cliff,68,48,0.7058823529411765,0.5889372027651877,0.8008098939618421,1.9338153577695725,,,,,CHEMBL237_Ki
89709943,mondrian_nnsim,cliffA,noncliff,452,384,0.8495575221238938,0.8136609883554998,0.8795624863532784,2.0278673802490745,,,,,CHEMBL237_Ki
89709943,mondrian_nnsim,__bins__,__summary__,-1,-1,,,,2.0155682696171393,0.7265625,0.2326211734693877,0.6730769230769231,0.25,CHEMBL237_Ki
89709943,mondrian_pairgap,cliffB_oracle,all,520,426,0.8192307692307692,0.7838523165175866,0.8499272257649579,1.9830159660978124,,,,,CHEMBL237_Ki
89709943,mondrian_pairgap,cliffB_oracle,cliff,25,11,0.44,0.26665638881067344,0.6293266813020123,1.943441888687853,,,,,CHEMBL237_Ki
89709943,mondrian_pairgap,cliffB_oracle,noncliff,495,415,0.8383838383838383,0.8033709971497704,0.868185053528074,1.985014656876093,,,,,CHEMBL237_Ki
89709943,mondrian_pairgap,cliffA,all,520,426,0.8192307692307692,0.7838523165175866,0.8499272257649579,1.9830159660978124,,,,,CHEMBL237_Ki
89709943,mondrian_pairgap,cliffA,cliff,68,48,0.7058823529411765,0.5889372027651877,0.8008098939618421,1.967852975334027,,,,,CHEMBL237_Ki
89709943,mondrian_pairgap,cliffA,noncliff,452,378,0.8362831858407079,0.7993636821196805,0.8675348505115491,1.9852971240003285,,,,,CHEMBL237_Ki
89709943,mondrian_pairgap,__bins__,__summary__,-1,-1,,,,1.9830159660978124,0.71875,0.2404336734693877,0.6634615384615384,0.24038461538461542,CHEMBL237_Ki
89709943,mondrian_rfstd,cliffB_oracle,all,520,431,0.8288461538461539,0.7940909995235182,0.8587782880085008,1.9513040564031259,,,,,CHEMBL237_Ki
89709943,mondrian_rfstd,cliffB_oracle,cliff,25,14,0.56,0.3706733186979878,0.7333436111893266,1.9774004793669726,,,,,CHEMBL237_Ki
89709943,mondrian_rfstd,cliffB_oracle,noncliff,495,417,0.8424242424242424,0.8077062333750668,0.8718683970123641,1.949986055243336,,,,,CHEMBL237_Ki
89709943,mondrian_rfstd,cliffA,all,520,431,0.8288461538461539,0.7940909995235182,0.8587782880085008,1.9513040564031259,,,,,CHEMBL237_Ki
89709943,mondrian_rfstd,cliffA,cliff,68,50,0.7352941176470589,0.6199226601011089,0.8255025933012111,1.9547434391117615,,,,,CHEMBL237_Ki
89709943,mondrian_rfstd,cliffA,noncliff,452,381,0.8429203539823009,0.8065020428703713,0.8735589607996326,1.950786627146075,,,,,CHEMBL237_Ki
89709943,mondrian_rfstd,__bins__,__summary__,-1,-1,,,,1.9513040564031259,0.765625,0.13233418367346939,0.7596153846153846,0.125,CHEMBL237_Ki
86921808,global,cliffB_oracle,all,520,447,0.8596153846153847,0.8271134215069293,0.8868430508234073,2.0440090630537355,,,,,CHEMBL237_Ki
86921808,global,cliffB_oracle,cliff,17,10,0.5882352941176471,0.3600544264299978,0.7838894320978518,2.0440090630537355,,,,,CHEMBL237_Ki
86921808,global,cliffB_oracle,noncliff,503,437,0.8687872763419483,0.8364656950067626,0.8955186238436199,2.0440090630537355,,,,,CHEMBL237_Ki
86921808,global,cliffA,all,520,447,0.8596153846153847,0.8271134215069293,0.8868430508234073,2.0440090630537355,,,,,CHEMBL237_Ki
86921808,global,cliffA,cliff,53,41,0.7735849056603774,0.6447372974853895,0.8654536898972573,2.0440090630537355,,,,,CHEMBL237_Ki
86921808,global,cliffA,noncliff,467,406,0.8693790149892934,0.8357781356867887,0.8969525819184826,2.0440090630537355,,,,,CHEMBL237_Ki
86921808,global,__bins__,__summary__,-1,-1,,,,2.0440090630537355,0.768,0.130989898989899,0.7211538461538461,0.23076923076923073,CHEMBL237_Ki
86921808,mondrian_pair,cliffB_oracle,all,520,447,0.8596153846153847,0.8271134215069293,0.8868430508234073,2.0581817313450474,,,,,CHEMBL237_Ki
86921808,mondrian_pair,cliffB_oracle,cliff,17,10,0.5882352941176471,0.3600544264299978,0.7838894320978518,2.0436123731949154,,,,,CHEMBL237_Ki
86921808,mondrian_pair,cliffB_oracle,noncliff,503,437,0.8687872763419483,0.8364656950067626,0.8955186238436199,2.058674135099625,,,,,CHEMBL237_Ki
86921808,mondrian_pair,cliffA,all,520,447,0.8596153846153847,0.8271134215069293,0.8868430508234073,2.0581817313450474,,,,,CHEMBL237_Ki
86921808,mondrian_pair,cliffA,cliff,53,41,0.7735849056603774,0.6447372974853895,0.8654536898972573,2.0496267073945114,,,,,CHEMBL237_Ki
86921808,mondrian_pair,cliffA,noncliff,467,406,0.8693790149892934,0.8357781356867887,0.8969525819184826,2.0591526441274426,,,,,CHEMBL237_Ki
86921808,mondrian_pair,__bins__,__summary__,-1,-1,,,,2.0581817313450474,0.768,0.130989898989899,0.7211538461538461,0.23076923076923073,CHEMBL237_Ki
86921808,mondrian_wstd,cliffB_oracle,all,520,447,0.8596153846153847,0.8271134215069293,0.8868430508234073,1.9824248566552267,,,,,CHEMBL237_Ki
86921808,mondrian_wstd,cliffB_oracle,cliff,17,11,0.6470588235294118,0.41300363485218694,0.8269027960275627,2.1768860878236995,,,,,CHEMBL237_Ki
86921808,mondrian_wstd,cliffB_oracle,noncliff,503,436,0.8667992047713717,0.8343070047696503,0.8937313069710265,1.975852608285716,,,,,CHEMBL237_Ki
86921808,mondrian_wstd,cliffA,all,520,447,0.8596153846153847,0.8271134215069293,0.8868430508234073,1.9824248566552267,,,,,CHEMBL237_Ki
86921808,mondrian_wstd,cliffA,cliff,53,43,0.8113207547169812,0.6864154091329746,0.8941467489231409,2.0933452675927695,,,,,CHEMBL237_Ki
86921808,mondrian_wstd,cliffA,noncliff,467,404,0.8650963597430407,0.8311171267634362,0.893118162231919,1.9698364588400457,,,,,CHEMBL237_Ki
86921808,mondrian_wstd,__bins__,__summary__,-1,-1,,,,1.9824248566552267,0.8181818181818182,0.08080808080808077,0.7692307692307693,0.15384615384615385,CHEMBL237_Ki
86921808,mondrian_std,cliffB_oracle,all,520,445,0.8557692307692307,0.8229620012875023,0.8833585729430444,1.9791778759388903,,,,,CHEMBL237_Ki
86921808,mondrian_std,cliffB_oracle,cliff,17,11,0.6470588235294118,0.41300363485218694,0.8269027960275627,2.154575711865117,,,,,CHEMBL237_Ki
86921808,mondrian_std,cliffB_oracle,noncliff,503,434,0.8628230616302187,0.8299960280291967,0.8901502694920691,1.9732499172694153,,,,,CHEMBL237_Ki
86921808,mondrian_std,cliffA,all,520,445,0.8557692307692307,0.8229620012875023,0.8833585729430444,1.9791778759388903,,,,,CHEMBL237_Ki
86921808,mondrian_std,cliffA,cliff,53,42,0.7924528301886793,0.6654225529835207,0.8799540197358604,2.0906967757666948,,,,,CHEMBL237_Ki
86921808,mondrian_std,cliffA,noncliff,467,403,0.8629550321199143,0.8287904585746153,0.8911971161157817,1.9665215554016875,,,,,CHEMBL237_Ki
86921808,mondrian_std,__bins__,__summary__,-1,-1,,,,1.9791778759388903,0.8383838383838383,0.06060606060606066,0.7692307692307693,0.15384615384615385,CHEMBL237_Ki
86921808,mondrian_iqr,cliffB_oracle,all,520,446,0.8576923076923076,0.8250368003379543,0.8851017229424872,2.041490194144682,,,,,CHEMBL237_Ki
86921808,mondrian_iqr,cliffB_oracle,cliff,17,10,0.5882352941176471,0.3600544264299978,0.7838894320978518,2.0235410639021008,,,,,CHEMBL237_Ki
86921808,mondrian_iqr,cliffB_oracle,noncliff,503,436,0.8667992047713717,0.8343070047696503,0.8937313069710265,2.0420968247890636,,,,,CHEMBL237_Ki
86921808,mondrian_iqr,cliffA,all,520,446,0.8576923076923076,0.8250368003379543,0.8851017229424872,2.041490194144682,,,,,CHEMBL237_Ki
86921808,mondrian_iqr,cliffA,cliff,53,42,0.7924528301886793,0.6654225529835207,0.8799540197358604,2.0447169758038335,,,,,CHEMBL237_Ki
86921808,mondrian_iqr,cliffA,noncliff,467,404,0.8650963597430407,0.8311171267634362,0.893118162231919,2.0411239855195533,,,,,CHEMBL237_Ki
86921808,mondrian_iqr,__bins__,__summary__,-1,-1,,,,2.041490194144682,0.816,0.08195918367346944,0.7884615384615384,0.125,CHEMBL237_Ki
86921808,mondrian_nb,cliffB_oracle,all,520,441,0.8480769230769231,0.8146804433402809,0.8763683346906864,1.9876824611245052,,,,,CHEMBL237_Ki
86921808,mondrian_nb,cliffB_oracle,cliff,17,10,0.5882352941176471,0.3600544264299978,0.7838894320978518,1.9379407587033266,,,,,CHEMBL237_Ki
86921808,mondrian_nb,cliffB_oracle,noncliff,503,431,0.856858846918489,0.823545002932541,0.8847632732596081,1.9893635922202506,,,,,CHEMBL237_Ki
86921808,mondrian_nb,cliffA,all,520,441,0.8480769230769231,0.8146804433402809,0.8763683346906864,1.9876824611245052,,,,,CHEMBL237_Ki
86921808,mondrian_nb,cliffA,cliff,53,41,0.7735849056603774,0.6447372974853895,0.8654536898972573,1.98384896928832,,,,,CHEMBL237_Ki
86921808,mondrian_nb,cliffA,noncliff,467,400,0.8565310492505354,0.8218252136913459,0.885419218084177,1.9881175255084829,,,,,CHEMBL237_Ki
86921808,mondrian_nb,__bins__,__summary__,-1,-1,,,,1.9876824611245052,0.752,0.15709090909090906,0.7307692307692307,0.1923076923076924,CHEMBL237_Ki
86921808,mondrian_nnsim,cliffB_oracle,all,520,452,0.8692307692307693,0.83752497722075,0.8955212403590607,2.0807862899424716,,,,,CHEMBL237_Ki
86921808,mondrian_nnsim,cliffB_oracle,cliff,17,10,0.5882352941176471,0.3600544264299978,0.7838894320978518,2.0052650223935364,,,,,CHEMBL237_Ki
86921808,mondrian_nnsim,cliffB_oracle,noncliff,503,442,0.878727634194831,0.8472928443049497,0.9044215100939608,2.083338698587267,,,,,CHEMBL237_Ki
86921808,mondrian_nnsim,cliffA,all,520,452,0.8692307692307693,0.83752497722075,0.8955212403590607,2.0807862899424716,,,,,CHEMBL237_Ki
86921808,mondrian_nnsim,cliffA,cliff,53,41,0.7735849056603774,0.6447372974853895,0.8654536898972573,2.0033873813269554,,,,,CHEMBL237_Ki
86921808,mondrian_nnsim,cliffA,noncliff,467,411,0.880085653104925,0.8474779530211436,0.9064913361089182,2.0895703202564384,,,,,CHEMBL237_Ki
86921808,mondrian_nnsim,__bins__,__summary__,-1,-1,,,,2.0807862899424716,0.768,0.16129292929292927,0.7403846153846154,0.21153846153846145,CHEMBL237_Ki
86921808,mondrian_pairgap,cliffB_oracle,all,520,446,0.8576923076923076,0.8250368003379543,0.8851017229424872,2.031229117518222,,,,,CHEMBL237_Ki
86921808,mondrian_pairgap,cliffB_oracle,cliff,17,10,0.5882352941176471,0.3600544264299978,0.7838894320978518,2.0809554315757017,,,,,CHEMBL237_Ki
86921808,mondrian_pairgap,cliffB_oracle,noncliff,503,436,0.8667992047713717,0.8343070047696503,0.8937313069710265,2.0295485065063392,,,,,CHEMBL237_Ki
86921808,mondrian_pairgap,cliffA,all,520,446,0.8576923076923076,0.8250368003379543,0.8851017229424872,2.031229117518222,,,,,CHEMBL237_Ki
86921808,mondrian_pairgap,cliffA,cliff,53,42,0.7924528301886793,0.6654225529835207,0.8799540197358604,2.00897960413681,,,,,CHEMBL237_Ki
86921808,mondrian_pairgap,cliffA,noncliff,467,404,0.8650963597430407,0.8311171267634362,0.893118162231919,2.0337542228912735,,,,,CHEMBL237_Ki
86921808,mondrian_pairgap,__bins__,__summary__,-1,-1,,,,2.031229117518222,0.792,0.10698989898989897,0.7596153846153846,0.16346153846153855,CHEMBL237_Ki
86921808,mondrian_rfstd,cliffB_oracle,all,520,445,0.8557692307692307,0.8229620012875023,0.8833585729430444,2.0369292475679353,,,,,CHEMBL237_Ki
86921808,mondrian_rfstd,cliffB_oracle,cliff,17,11,0.6470588235294118,0.41300363485218694,0.8269027960275627,2.2635309140184217,,,,,CHEMBL237_Ki
86921808,mondrian_rfstd,cliffB_oracle,noncliff,503,434,0.8628230616302187,0.8299960280291967,0.8901502694920691,2.0292707419423723,,,,,CHEMBL237_Ki
86921808,mondrian_rfstd,cliffA,all,520,445,0.8557692307692307,0.8229620012875023,0.8833585729430444,2.0369292475679353,,,,,CHEMBL237_Ki
86921808,mondrian_rfstd,cliffA,cliff,53,39,0.7358490566037735,0.6041933558938148,0.8356264608153632,2.0922378990484685,,,,,CHEMBL237_Ki
86921808,mondrian_rfstd,cliffA,noncliff,467,406,0.8693790149892934,0.8357781356867887,0.8969525819184826,2.0306522485776393,,,,,CHEMBL237_Ki
86921808,mondrian_rfstd,__bins__,__summary__,-1,-1,,,,2.0369292475679353,0.808,0.07078787878787873,0.8076923076923077,0.09615384615384615,CHEMBL237_Ki
71339737,global,cliffB_oracle,all,573,493,0.8603839441535777,0.8295988022530476,0.8863691533865232,1.8615927433820065,,,,,CHEMBL264_Ki
71339737,global,cliffB_oracle,cliff,16,11,0.6875,0.44404355834740666,0.8583535614521796,1.8615927433820065,,,,,CHEMBL264_Ki
71339737,global,cliffB_oracle,noncliff,557,482,0.8653500897666068,0.8344864673937031,0.8912088135076353,1.8615927433820065,,,,,CHEMBL264_Ki
71339737,global,cliffA,all,573,493,0.8603839441535777,0.8295988022530476,0.8863691533865232,1.8615927433820065,,,,,CHEMBL264_Ki
71339737,global,cliffA,cliff,39,30,0.7692307692307693,0.6166374277165825,0.8735419587485715,1.8615927433820063,,,,,CHEMBL264_Ki
71339737,global,cliffA,noncliff,534,463,0.8670411985018727,0.835605607066731,0.8932337071421894,1.8615927433820068,,,,,CHEMBL264_Ki
71339737,global,__bins__,__summary__,-1,-1,,,,1.8615927433820065,0.7969924812030075,0.1575529733424471,0.6782608695652174,0.30434782608695654,CHEMBL264_Ki
71339737,mondrian_pair,cliffB_oracle,all,573,494,0.8621291448516579,0.8314796920446531,0.8879554207650852,1.8672019318051358,,,,,CHEMBL264_Ki
71339737,mondrian_pair,cliffB_oracle,cliff,16,11,0.6875,0.44404355834740666,0.8583535614521796,1.8764726737822521,,,,,CHEMBL264_Ki
71339737,mondrian_pair,cliffB_oracle,noncliff,557,483,0.8671454219030521,0.8364276561752518,0.8928336949025061,1.8669356268291324,,,,,CHEMBL264_Ki
71339737,mondrian_pair,cliffA,all,573,494,0.8621291448516579,0.8314796920446531,0.8879554207650852,1.8672019318051358,,,,,CHEMBL264_Ki
71339737,mondrian_pair,cliffA,cliff,39,31,0.7948717948717948,0.644660319864177,0.8922028176928961,1.8783803571668989,,,,,CHEMBL264_Ki
71339737,mondrian_pair,cliffA,noncliff,534,463,0.8670411985018727,0.835605607066731,0.8932337071421894,1.866385529952872,,,,,CHEMBL264_Ki
71339737,mondrian_pair,__bins__,__summary__,-1,-1,,,,1.8672019318051358,0.8045112781954887,0.15003417634996585,0.6782608695652174,0.30434782608695654,CHEMBL264_Ki
71339737,mondrian_wstd,cliffB_oracle,all,573,476,0.8307155322862129,0.797831657349276,0.8591946263974487,1.8322919221249763,,,,,CHEMBL264_Ki
71339737,mondrian_wstd,cliffB_oracle,cliff,16,9,0.5625,0.331785563988119,0.7690134759450765,1.8441976936421167,,,,,CHEMBL264_Ki
71339737,mondrian_wstd,cliffB_oracle,noncliff,557,467,0.8384201077199281,0.805552459139923,0.866651769115125,1.831949925097554,,,,,CHEMBL264_Ki
71339737,mondrian_wstd,cliffA,all,573,476,0.8307155322862129,0.797831657349276,0.8591946263974487,1.8322919221249763,,,,,CHEMBL264_Ki
71339737,mondrian_wstd,cliffA,cliff,39,26,0.6666666666666666,0.5097739439934599,0.7936704381040163,1.7882028696762717,,,,,CHEMBL264_Ki
71339737,mondrian_wstd,cliffA,noncliff,534,450,0.8426966292134831,0.809381901056354,0.8711160300672808,1.8355119091015668,,,,,CHEMBL264_Ki
71339737,mondrian_wstd,__bins__,__summary__,-1,-1,,,,1.8322919221249763,0.7837837837837838,0.08839666734403573,0.6956521739130435,0.24347826086956526,CHEMBL264_Ki
71339737,mondrian_std,cliffB_oracle,all,573,482,0.8411867364746946,0.8090012055561051,0.8688280212116242,1.8338026263919365,,,,,CHEMBL264_Ki
71339737,mondrian_std,cliffB_oracle,cliff,16,9,0.5625,0.331785563988119,0.7690134759450765,1.766413196044786,,,,,CHEMBL264_Ki
71339737,mondrian_std,cliffB_oracle,noncliff,557,473,0.8491921005385996,0.8170867702668753,0.876513879046689,1.8357384089512803,,,,,CHEMBL264_Ki
71339737,mondrian_std,cliffA,all,573,482,0.8411867364746946,0.8090012055561051,0.8688280212116242,1.8338026263919365,,,,,CHEMBL264_Ki
71339737,mondrian_std,cliffA,cliff,39,26,0.6666666666666666,0.5097739439934599,0.7936704381040163,1.7622951206812583,,,,,CHEMBL264_Ki
71339737,mondrian_std,cliffA,noncliff,534,456,0.8539325842696629,0.8214502107431636,0.8813591279582953,1.8390250846741771,,,,,CHEMBL264_Ki
71339737,mondrian_std,__bins__,__summary__,-1,-1,,,,1.8338026263919365,0.7837837837837838,0.08894348894348891,0.7304347826086957,0.20869565217391306,CHEMBL264_Ki
71339737,mondrian_iqr,cliffB_oracle,all,573,479,0.8359511343804538,0.8034110054734589,0.8640167497837681,1.830418423684641,,,,,CHEMBL264_Ki
71339737,mondrian_iqr,cliffB_oracle,cliff,16,8,0.5,0.27999563610326017,0.7200043638967398,1.8412601874284769,,,,,CHEMBL264_Ki
71339737,mondrian_iqr,cliffB_oracle,noncliff,557,471,0.8456014362657092,0.8132364863718905,0.8732320225888349,1.8301069906148002,,,,,CHEMBL264_Ki
71339737,mondrian_iqr,cliffA,all,573,479,0.8359511343804538,0.8034110054734589,0.8640167497837681,1.830418423684641,,,,,CHEMBL264_Ki
71339737,mondrian_iqr,cliffA,cliff,39,26,0.6666666666666666,0.5097739439934599,0.7936704381040163,1.8716979465370263,,,,,CHEMBL264_Ki
71339737,mondrian_iqr,cliffA,noncliff,534,453,0.848314606741573,0.81540895353275,0.8762446813797968,1.8274036270718264,,,,,CHEMBL264_Ki
71339737,mondrian_iqr,__bins__,__summary__,-1,-1,,,,1.830418423684641,0.7837837837837838,0.09803439803439806,0.7130434782608696,0.19999999999999996,CHEMBL264_Ki
71339737,mondrian_nb,cliffB_oracle,all,573,484,0.8446771378708552,0.812734245180853,0.8720292959272111,1.882453975004884,,,,,CHEMBL264_Ki
71339737,mondrian_nb,cliffB_oracle,cliff,16,6,0.375,0.18481232558863633,0.6135895945449727,1.5741558294669054,,,,,CHEMBL264_Ki
71339737,mondrian_nb,cliffB_oracle,noncliff,557,478,0.8581687612208259,0.8267379060022939,0.8846930941933671,1.8913099360975372,,,,,CHEMBL264_Ki
71339737,mondrian_nb,cliffA,all,573,484,0.8446771378708552,0.812734245180853,0.8720292959272111,1.882453975004884,,,,,CHEMBL264_Ki
71339737,mondrian_nb,cliffA,cliff,39,25,0.6410256410256411,0.4841814855954854,0.7725791454100714,1.699679315463186,,,,,CHEMBL264_Ki
71339737,mondrian_nb,cliffA,noncliff,534,459,0.8595505617977528,0.8275063426327601,0.8864586998576108,1.8958026860950083,,,,,CHEMBL264_Ki
71339737,mondrian_nb,__bins__,__summary__,-1,-1,,,,1.882453975004884,0.7706422018348624,0.174812343619683,0.7913043478260869,0.12173913043478257,CHEMBL264_Ki
71339737,mondrian_nnsim,cliffB_oracle,all,573,478,0.8342059336823735,0.8015500372340402,0.8624105608530196,1.841430578067654,,,,,CHEMBL264_Ki
71339737,mondrian_nnsim,cliffB_oracle,cliff,16,11,0.6875,0.44404355834740666,0.8583535614521796,2.0239715187093026,,,,,CHEMBL264_Ki
71339737,mondrian_nnsim,cliffB_oracle,noncliff,557,467,0.8384201077199281,0.805552459139923,0.866651769115125,1.83618703219644,,,,,CHEMBL264_Ki
71339737,mondrian_nnsim,cliffA,all,573,478,0.8342059336823735,0.8015500372340402,0.8624105608530196,1.841430578067654,,,,,CHEMBL264_Ki
71339737,mondrian_nnsim,cliffA,cliff,39,30,0.7692307692307693,0.6166374277165825,0.8735419587485715,1.906405786607155,,,,,CHEMBL264_Ki
71339737,mondrian_nnsim,cliffA,noncliff,534,448,0.8389513108614233,0.805371453410067,0.8676893418542934,1.8366851976687018,,,,,CHEMBL264_Ki
71339737,mondrian_nnsim,__bins__,__summary__,-1,-1,,,,1.841430578067654,0.7593984962406015,0.1406015037593985,0.6782608695652174,0.26086956521739135,CHEMBL264_Ki
71339737,mondrian_pairgap,cliffB_oracle,all,573,498,0.8691099476439791,0.8390183911708258,0.8942853503195822,1.8982978651875857,,,,,CHEMBL264_Ki
71339737,mondrian_pairgap,cliffB_oracle,cliff,16,10,0.625,0.38641040545502714,0.8151876744113636,1.8385270879231577,,,,,CHEMBL264_Ki
71339737,mondrian_pairgap,cliffB_oracle,noncliff,557,488,0.8761220825852782,0.8461592969896876,0.9009324049701668,1.9000147995434757,,,,,CHEMBL264_Ki
71339737,mondrian_pairgap,cliffA,all,573,498,0.8691099476439791,0.8390183911708258,0.8942853503195822,1.8982978651875857,,,,,CHEMBL264_Ki
71339737,mondrian_pairgap,cliffA,cliff,39,31,0.7948717948717948,0.644660319864177,0.8922028176928961,1.8408705831870265,,,,,CHEMBL264_Ki
71339737,mondrian_pairgap,cliffA,noncliff,534,467,0.8745318352059925,0.8437345941261881,0.8999789918012818,1.9024919925247052,,,,,CHEMBL264_Ki
71339737,mondrian_pairgap,__bins__,__summary__,-1,-1,,,,1.8982978651875857,0.8045112781954887,0.15003417634996585,0.6956521739130435,0.28695652173913044,CHEMBL264_Ki
71339737,mondrian_rfstd,cliffB_oracle,all,573,476,0.8307155322862129,0.797831657349276,0.8591946263974487,1.7731023304810682,,,,,CHEMBL264_Ki
71339737,mondrian_rfstd,cliffB_oracle,cliff,16,6,0.375,0.18481232558863633,0.6135895945449727,1.5755055573121253,,,,,CHEMBL264_Ki
71339737,mondrian_rfstd,cliffB_oracle,noncliff,557,470,0.8438061041292639,0.8113134407449456,0.8715889980393605,1.7787783598719176,,,,,CHEMBL264_Ki
71339737,mondrian_rfstd,cliffA,all,573,476,0.8307155322862129,0.797831657349276,0.8591946263974487,1.7731023304810682,,,,,CHEMBL264_Ki
71339737,mondrian_rfstd,cliffA,cliff,39,23,0.5897435897435898,0.43418622882896973,0.7292068999927483,1.5282691674116502,,,,,CHEMBL264_Ki
71339737,mondrian_rfstd,cliffA,noncliff,534,453,0.848314606741573,0.81540895353275,0.8762446813797968,1.790983404188385,,,,,CHEMBL264_Ki
71339737,mondrian_rfstd,__bins__,__summary__,-1,-1,,,,1.7731023304810682,0.8120300751879699,0.05160628844839377,0.7543859649122807,0.1412662090007628,CHEMBL264_Ki
99182118,global,cliffB_oracle,all,573,466,0.8132635253054101,0.7793073223687064,0.8430473896763442,1.7631591472576957,,,,,CHEMBL264_Ki
99182118,global,cliffB_oracle,cliff,16,13,0.8125,0.5699111903802586,0.9340840092857187,1.7631591472576957,,,,,CHEMBL264_Ki
99182118,global,cliffB_oracle,noncliff,557,453,0.8132854578096947,0.7788176535852527,0.8434615921999244,1.7631591472576957,,,,,CHEMBL264_Ki
99182118,global,cliffA,all,573,466,0.8132635253054101,0.7793073223687064,0.8430473896763442,1.7631591472576957,,,,,CHEMBL264_Ki
99182118,global,cliffA,cliff,38,30,0.7894736842105263,0.636542205246726,0.8892520815700411,1.7631591472576957,,,,,CHEMBL264_Ki
99182118,global,cliffA,noncliff,535,436,0.8149532710280374,0.7798424120393834,0.845573458405249,1.7631591472576957,,,,,CHEMBL264_Ki
99182118,global,__bins__,__summary__,-1,-1,,,,1.7631591472576957,0.71875,0.19115990990990994,0.6,0.3652173913043478,CHEMBL264_Ki
99182118,mondrian_pair,cliffB_oracle,all,573,465,0.8115183246073299,0.7774607823613596,0.8414267725135237,1.7754654130817058,,,,,CHEMBL264_Ki
99182118,mondrian_pair,cliffB_oracle,cliff,16,13,0.8125,0.5699111903802586,0.9340840092857187,1.682907799777369,,,,,CHEMBL264_Ki
99182118,mondrian_pair,cliffB_oracle,noncliff,557,452,0.8114901256732495,0.77691679785843,0.8417963777503278,1.7781241596039126,,,,,CHEMBL264_Ki
99182118,mondrian_pair,cliffA,all,573,465,0.8115183246073299,0.7774607823613596,0.8414267725135237,1.7754654130817058,,,,,CHEMBL264_Ki
99182118,mondrian_pair,cliffA,cliff,38,27,0.7105263157894737,0.5524286232424794,0.8299672217151693,1.63007481380023,,,,,CHEMBL264_Ki
99182118,mondrian_pair,cliffA,noncliff,535,438,0.8186915887850468,0.7838101584185476,0.8490290457999085,1.7857922220026325,,,,,CHEMBL264_Ki
99182118,mondrian_pair,__bins__,__summary__,-1,-1,,,,1.7754654130817058,0.7265625,0.17433840090090091,0.6086956521739131,0.3391304347826086,CHEMBL264_Ki
99182118,mondrian_wstd,cliffB_oracle,all,573,477,0.8324607329842932,0.7996902594224536,0.8608031814944387,1.8413599685297672,,,,,CHEMBL264_Ki
99182118,mondrian_wstd,cliffB_oracle,cliff,16,13,0.8125,0.5699111903802586,0.9340840092857187,1.9259993121564096,,,,,CHEMBL264_Ki
99182118,mondrian_wstd,cliffB_oracle,noncliff,557,464,0.8330341113105925,0.7998033324719843,0.8617026852538058,1.8389286767918382,,,,,CHEMBL264_Ki
99182118,mondrian_wstd,cliffA,all,573,477,0.8324607329842932,0.7996902594224536,0.8608031814944387,1.8413599685297672,,,,,CHEMBL264_Ki
99182118,mondrian_wstd,cliffA,cliff,38,32,0.8421052631578947,0.6958318822077686,0.9255613658484106,1.9052001840061927,,,,,CHEMBL264_Ki
99182118,mondrian_wstd,cliffA,noncliff,535,445,0.8317757009345794,0.7977381446288483,0.86108272779799,1.8368255233183577,,,,,CHEMBL264_Ki
99182118,mondrian_wstd,__bins__,__summary__,-1,-1,,,,1.8413599685297672,0.7857142857142857,0.07014157014157019,0.6695652173913044,0.27826086956521734,CHEMBL264_Ki
99182118,mondrian_std,cliffB_oracle,all,573,476,0.8307155322862129,0.797831657349276,0.8591946263974487,1.827221094561538,,,,,CHEMBL264_Ki
99182118,mondrian_std,cliffB_oracle,cliff,16,13,0.8125,0.5699111903802586,0.9340840092857187,1.9078872571045298,,,,,CHEMBL264_Ki
99182118,mondrian_std,cliffB_oracle,noncliff,557,463,0.8312387791741472,0.7978895118405104,0.8600504357088604,1.8249039336985435,,,,,CHEMBL264_Ki
99182118,mondrian_std,cliffA,all,573,476,0.8307155322862129,0.797831657349276,0.8591946263974487,1.827221094561538,,,,,CHEMBL264_Ki
99182118,mondrian_std,cliffA,cliff,38,32,0.8421052631578947,0.6958318822077686,0.9255613658484106,1.8672219799979857,,,,,CHEMBL264_Ki
99182118,mondrian_std,cliffA,noncliff,535,444,0.8299065420560747,0.7957444094480991,0.8593647960918275,1.8243799101753981,,,,,CHEMBL264_Ki
99182118,mondrian_std,__bins__,__summary__,-1,-1,,,,1.827221094561538,0.7857142857142857,0.07014157014157019,0.6608695652173913,0.28695652173913044,CHEMBL264_Ki
99182118,mondrian_iqr,cliffB_oracle,all,573,463,0.8080279232111692,0.7737707676183886,0.8381824729161597,1.7522675552021363,,,,,CHEMBL264_Ki
99182118,mondrian_iqr,cliffB_oracle,cliff,16,13,0.8125,0.5699111903802586,0.9340840092857187,1.7461650093156904,,,,,CHEMBL264_Ki
99182118,mondrian_iqr,cliffB_oracle,noncliff,557,450,0.8078994614003591,0.7731183741569194,0.8384626610989996,1.7524428527500415,,,,,CHEMBL264_Ki
99182118,mondrian_iqr,cliffA,all,573,463,0.8080279232111692,0.7737707676183886,0.8381824729161597,1.7522675552021363,,,,,CHEMBL264_Ki
99182118,mondrian_iqr,cliffA,cliff,38,29,0.7631578947368421,0.607931876367602,0.8700629298294591,1.748641322602947,,,,,CHEMBL264_Ki
99182118,mondrian_iqr,cliffA,noncliff,535,434,0.811214953271028,0.7758796324546868,0.842112904216122,1.7525251193867515,,,,,CHEMBL264_Ki
99182118,mondrian_iqr,__bins__,__summary__,-1,-1,,,,1.7522675552021363,0.7657657657657657,0.10810810810810811,0.6608695652173913,0.26956521739130435,CHEMBL264_Ki
99182118,mondrian_nb,cliffB_oracle,all,573,466,0.8132635253054101,0.7793073223687064,0.8430473896763442,1.786947821507379,,,,,CHEMBL264_Ki
99182118,mondrian_nb,cliffB_oracle,cliff,16,13,0.8125,0.5699111903802586,0.9340840092857187,1.663941056264408,,,,,CHEMBL264_Ki
99182118,mondrian_nb,cliffB_oracle,noncliff,557,453,0.8132854578096947,0.7788176535852527,0.8434615921999244,1.790481229485633,,,,,CHEMBL264_Ki
99182118,mondrian_nb,cliffA,all,573,466,0.8132635253054101,0.7793073223687064,0.8430473896763442,1.786947821507379,,,,,CHEMBL264_Ki
99182118,mondrian_nb,cliffA,cliff,38,32,0.8421052631578947,0.6958318822077686,0.9255613658484106,1.716715993592339,,,,,CHEMBL264_Ki
99182118,mondrian_nb,cliffA,noncliff,535,434,0.811214953271028,0.7758796324546868,0.842112904216122,1.7919362504060172,,,,,CHEMBL264_Ki
99182118,mondrian_nb,__bins__,__summary__,-1,-1,,,,1.786947821507379,0.734375,0.16652590090090091,0.6782608695652174,0.23478260869565215,CHEMBL264_Ki
99182118,mondrian_nnsim,cliffB_oracle,all,573,470,0.8202443280977313,0.7867039583734946,0.8495193823522257,1.8126888228301654,,,,,CHEMBL264_Ki
99182118,mondrian_nnsim,cliffB_oracle,cliff,16,15,0.9375,0.7167126242970107,0.9888806552353576,2.1652600293291915,,,,,CHEMBL264_Ki
99182118,mondrian_nnsim,cliffB_oracle,noncliff,557,455,0.8168761220825853,0.7826227131602215,0.8467886729777945,1.802561104151558,,,,,CHEMBL264_Ki
99182118,mondrian_nnsim,cliffA,all,573,470,0.8202443280977313,0.7867039583734946,0.8495193823522257,1.8126888228301654,,,,,CHEMBL264_Ki
99182118,mondrian_nnsim,cliffA,cliff,38,32,0.8421052631578947,0.6958318822077686,0.9255613658484106,2.0573549045384887,,,,,CHEMBL264_Ki
99182118,mondrian_nnsim,cliffA,noncliff,535,438,0.8186915887850468,0.7838101584185476,0.8490290457999085,1.795310671232191,,,,,CHEMBL264_Ki
99182118,mondrian_nnsim,__bins__,__summary__,-1,-1,,,,1.8126888228301654,0.734375,0.17553490990990994,0.6260869565217392,0.33043478260869563,CHEMBL264_Ki
99182118,mondrian_pairgap,cliffB_oracle,all,573,459,0.8010471204188482,0.7664027082250237,0.8316819036288551,1.7753529696948869,,,,,CHEMBL264_Ki
99182118,mondrian_pairgap,cliffB_oracle,cliff,16,10,0.625,0.38641040545502714,0.8151876744113636,1.561706313577436,,,,,CHEMBL264_Ki
99182118,mondrian_pairgap,cliffB_oracle,noncliff,557,449,0.8061041292639138,0.7712207828825071,0.8367941821969926,1.7814900370160343,,,,,CHEMBL264_Ki
99182118,mondrian_pairgap,cliffA,all,573,459,0.8010471204188482,0.7664027082250237,0.8316819036288551,1.7753529696948869,,,,,CHEMBL264_Ki
99182118,mondrian_pairgap,cliffA,cliff,38,24,0.631578947368421,0.47283959557009003,0.7661578075284404,1.5716946819514552,,,,,CHEMBL264_Ki
99182118,mondrian_pairgap,cliffA,noncliff,535,435,0.8130841121495327,0.777860408538592,0.8438437950191288,1.7898184181701213,,,,,CHEMBL264_Ki
99182118,mondrian_pairgap,__bins__,__summary__,-1,-1,,,,1.7753529696948869,0.703125,0.19777590090090091,0.6521739130434783,0.28695652173913044,CHEMBL264_Ki
99182118,mondrian_rfstd,cliffB_oracle,all,573,470,0.8202443280977313,0.7867039583734946,0.8495193823522257,1.7550234522159536,,,,,CHEMBL264_Ki
99182118,mondrian_rfstd,cliffB_oracle,cliff,16,11,0.6875,0.44404355834740666,0.8583535614521796,1.6698530720589053,,,,,CHEMBL264_Ki
99182118,mondrian_rfstd,cliffB_oracle,noncliff,557,459,0.8240574506283662,0.7902465818792056,0.8534290849644875,1.757469998145061,,,,,CHEMBL264_Ki
99182118,mondrian_rfstd,cliffA,all,573,470,0.8202443280977313,0.7867039583734946,0.8495193823522257,1.7550234522159536,,,,,CHEMBL264_Ki
99182118,mondrian_rfstd,cliffA,cliff,38,28,0.7368421052631579,0.5799115381253364,0.8502837874520186,1.6485578655954667,,,,,CHEMBL264_Ki
99182118,mondrian_rfstd,cliffA,noncliff,535,442,0.8261682242990654,0.7917610296061656,0.8559248421599376,1.7625854938824554,,,,,CHEMBL264_Ki
99182118,mondrian_rfstd,__bins__,__summary__,-1,-1,,,,1.7550234522159536,0.796875,0.04997184684684686,0.7982456140350878,0.06140350877192979,CHEMBL264_Ki
89709943,global,cliffB_oracle,all,573,477,0.8324607329842932,0.7996902594224536,0.8608031814944387,1.7423534228461346,,,,,CHEMBL264_Ki
89709943,global,cliffB_oracle,cliff,12,9,0.75,0.46769466506643426,0.9110583316059453,1.742353422846134,,,,,CHEMBL264_Ki
89709943,global,cliffB_oracle,noncliff,561,468,0.8342245989304813,0.8011993698940205,0.8627037380381501,1.7423534228461348,,,,,CHEMBL264_Ki
89709943,global,cliffA,all,573,477,0.8324607329842932,0.7996902594224536,0.8608031814944387,1.7423534228461346,,,,,CHEMBL264_Ki
89709943,global,cliffA,cliff,37,29,0.7837837837837838,0.6280485160803084,0.8861348800661442,1.7423534228461348,,,,,CHEMBL264_Ki
89709943,global,cliffA,noncliff,536,448,0.835820895522388,0.802091390560413,0.8647710634393868,1.7423534228461346,,,,,CHEMBL264_Ki
89709943,global,__bins__,__summary__,-1,-1,,,,1.7423534228461346,0.75,0.15825688073394495,0.6695652173913044,0.27826086956521734,CHEMBL264_Ki
89709943,mondrian_pair,cliffB_oracle,all,573,480,0.837696335078534,0.8052731792179382,0.8656217332094562,1.7283606854070392,,,,,CHEMBL264_Ki
89709943,mondrian_pair,cliffB_oracle,cliff,12,9,0.75,0.46769466506643426,0.9110583316059453,1.6458831230372788,,,,,CHEMBL264_Ki
89709943,mondrian_pair,cliffB_oracle,noncliff,561,471,0.839572192513369,0.8069088934621971,0.8676166641968883,1.730124911340082,,,,,CHEMBL264_Ki
89709943,mondrian_pair,cliffA,all,573,480,0.837696335078534,0.8052731792179382,0.8656217332094562,1.7283606854070392,,,,,CHEMBL264_Ki
89709943,mondrian_pair,cliffA,cliff,37,30,0.8108108108108109,0.6579530307016159,0.9052002126968799,1.6779709643909353,,,,,CHEMBL264_Ki
89709943,mondrian_pair,cliffA,noncliff,536,450,0.8395522388059702,0.806081541566766,0.8681904952552538,1.7318390803279269,,,,,CHEMBL264_Ki
89709943,mondrian_pair,__bins__,__summary__,-1,-1,,,,1.7283606854070392,0.7426470588235294,0.18395844576362652,0.6782608695652174,0.26956521739130435,CHEMBL264_Ki
89709943,mondrian_wstd,cliffB_oracle,all,573,474,0.8272251308900523,0.794117923518572,0.855974045887818,1.7391448945587653,,,,,CHEMBL264_Ki
89709943,mondrian_wstd,cliffB_oracle,cliff,12,10,0.8333333333333334,0.5519691377470266,0.9530348578161463,1.719965683174087,,,,,CHEMBL264_Ki
89709943,mondrian_wstd,cliffB_oracle,noncliff,561,464,0.8270944741532977,0.7936041701210387,0.8561356715085792,1.7395551450696674,,,,,CHEMBL264_Ki
89709943,mondrian_wstd,cliffA,all,573,474,0.8272251308900523,0.794117923518572,0.855974045887818,1.7391448945587653,,,,,CHEMBL264_Ki
89709943,mondrian_wstd,cliffA,cliff,37,27,0.7297297297297297,0.5702183167528573,0.8460253848895091,1.6517302906501345,,,,,CHEMBL264_Ki
89709943,mondrian_wstd,cliffA,noncliff,536,447,0.8339552238805971,0.8000984567860258,0.8630592058026642,1.7451791116196222,,,,,CHEMBL264_Ki
89709943,mondrian_wstd,__bins__,__summary__,-1,-1,,,,1.7391448945587653,0.7155963302752294,0.2018348623853211,0.6695652173913044,0.24347826086956514,CHEMBL264_Ki
89709943,mondrian_std,cliffB_oracle,all,573,477,0.8324607329842932,0.7996902594224536,0.8608031814944387,1.774745236278974,,,,,CHEMBL264_Ki
89709943,mondrian_std,cliffB_oracle,cliff,12,10,0.8333333333333334,0.5519691377470266,0.9530348578161463,1.7590334362280433,,,,,CHEMBL264_Ki
89709943,mondrian_std,cliffB_oracle,noncliff,561,467,0.8324420677361853,0.7992987267640171,0.8610635645925152,1.7750813175634859,,,,,CHEMBL264_Ki
89709943,mondrian_std,cliffA,all,573,477,0.8324607329842932,0.7996902594224536,0.8608031814944387,1.774745236278974,,,,,CHEMBL264_Ki
89709943,mondrian_std,cliffA,cliff,37,28,0.7567567567567568,0.5988270787855735,0.8663864701088361,1.6611461387654627,,,,,CHEMBL264_Ki
89709943,mondrian_std,cliffA,noncliff,536,449,0.8376865671641791,0.8040857456567037,0.8664814997542063,1.7825869650252428,,,,,CHEMBL264_Ki
89709943,mondrian_std,__bins__,__summary__,-1,-1,,,,1.774745236278974,0.7522935779816514,0.15596330275229353,0.6956521739130435,0.21739130434782605,CHEMBL264_Ki
89709943,mondrian_iqr,cliffB_oracle,all,573,471,0.8219895287958116,0.7885557944144471,0.8511347034814406,1.7341954082513962,,,,,CHEMBL264_Ki
89709943,mondrian_iqr,cliffB_oracle,cliff,12,10,0.8333333333333334,0.5519691377470266,0.9530348578161463,1.8158886411872013,,,,,CHEMBL264_Ki
89709943,mondrian_iqr,cliffB_oracle,noncliff,561,461,0.82174688057041,0.7879203614502902,0.8511970304524127,1.7324479594185447,,,,,CHEMBL264_Ki
89709943,mondrian_iqr,cliffA,all,573,471,0.8219895287958116,0.7885557944144471,0.8511347034814406,1.7341954082513962,,,,,CHEMBL264_Ki
89709943,mondrian_iqr,cliffA,cliff,37,29,0.7837837837837838,0.6280485160803084,0.8861348800661442,1.845136273761127,,,,,CHEMBL264_Ki
89709943,mondrian_iqr,cliffA,noncliff,536,442,0.8246268656716418,0.7901544622114958,0.8544792433216442,1.7265371768635978,,,,,CHEMBL264_Ki
89709943,mondrian_iqr,__bins__,__summary__,-1,-1,,,,1.7341954082513962,0.7706422018348624,0.09174311926605505,0.6608695652173913,0.26086956521739135,CHEMBL264_Ki
89709943,mondrian_nb,cliffB_oracle,all,573,496,0.8656195462478184,0.83524596485768,0.8911234622923929,1.7845676194375717,,,,,CHEMBL264_Ki
89709943,mondrian_nb,cliffB_oracle,cliff,12,8,0.6666666666666666,0.39062208887279953,0.8618799089087867,1.6683302785914702,,,,,CHEMBL264_Ki
89709943,mondrian_nb,cliffB_oracle,noncliff,561,488,0.8698752228163993,0.8395003743995695,0.895219065045366,1.7870539796695737,,,,,CHEMBL264_Ki
89709943,mondrian_nb,cliffA,all,573,496,0.8656195462478184,0.83524596485768,0.8911234622923929,1.7845676194375717,,,,,CHEMBL264_Ki
89709943,mondrian_nb,cliffA,cliff,37,30,0.8108108108108109,0.6579530307016159,0.9052002126968799,1.7848742119319259,,,,,CHEMBL264_Ki
89709943,mondrian_nb,cliffA,noncliff,536,466,0.8694029850746269,0.83822860701446,0.89532009238532,1.784546455403446,,,,,CHEMBL264_Ki
89709943,mondrian_nb,__bins__,__summary__,-1,-1,,,,1.7845676194375717,0.7794117647058824,0.17471667566109017,0.7391304347826086,0.19130434782608696,CHEMBL264_Ki
89709943,mondrian_nnsim,cliffB_oracle,all,573,478,0.8342059336823735,0.8015500372340402,0.8624105608530196,1.7229582948225828,,,,,CHEMBL264_Ki
89709943,mondrian_nnsim,cliffB_oracle,cliff,12,10,0.8333333333333334,0.5519691377470266,0.9530348578161463,1.9314436335835314,,,,,CHEMBL264_Ki
89709943,mondrian_nnsim,cliffB_oracle,noncliff,561,468,0.8342245989304813,0.8011993698940205,0.8627037380381501,1.7184987153838458,,,,,CHEMBL264_Ki
89709943,mondrian_nnsim,cliffA,all,573,478,0.8342059336823735,0.8015500372340402,0.8624105608530196,1.7229582948225828,,,,,CHEMBL264_Ki
89709943,mondrian_nnsim,cliffA,cliff,37,32,0.8648648648648649,0.7202258821599021,0.9408670557426799,1.8637101110315224,,,,,CHEMBL264_Ki
89709943,mondrian_nnsim,cliffA,noncliff,536,446,0.832089552238806,0.7981069253816451,0.8613459457959347,1.7132422179574134,,,,,CHEMBL264_Ki
89709943,mondrian_nnsim,__bins__,__summary__,-1,-1,,,,1.7229582948225828,0.75,0.1490825688073395,0.6608695652173913,0.27826086956521745,CHEMBL264_Ki
89709943,mondrian_pairgap,cliffB_oracle,all,573,488,0.8516579406631762,0.8202159165407084,0.8784162532480253,1.8032714570653203,,,,,CHEMBL264_Ki
89709943,mondrian_pairgap,cliffB_oracle,cliff,12,9,0.75,0.46769466506643426,0.9110583316059453,1.611066364819133,,,,,CHEMBL264_Ki
89709943,mondrian_pairgap,cliffB_oracle,noncliff,561,479,0.8538324420677362,0.8221930658918944,0.880659024372297,1.807382795936897,,,,,CHEMBL264_Ki
89709943,mondrian_pairgap,cliffA,all,573,488,0.8516579406631762,0.8202159165407084,0.8784162532480253,1.8032714570653203,,,,,CHEMBL264_Ki
89709943,mondrian_pairgap,cliffA,cliff,37,28,0.7567567567567568,0.5988270787855735,0.8663864701088361,1.6824813131495202,,,,,CHEMBL264_Ki
89709943,mondrian_pairgap,cliffA,noncliff,536,460,0.8582089552238806,0.8261234662334664,0.8851964846996534,1.8116095826714484,,,,,CHEMBL264_Ki
89709943,mondrian_pairgap,__bins__,__summary__,-1,-1,,,,1.8032714570653203,0.7426470588235294,0.2114813815434431,0.6782608695652174,0.26956521739130435,CHEMBL264_Ki
89709943,mondrian_rfstd,cliffB_oracle,all,573,481,0.8394415357766143,0.8071365739467448,0.8672254956508171,1.7377882956718929,,,,,CHEMBL264_Ki
89709943,mondrian_rfstd,cliffB_oracle,cliff,12,8,0.6666666666666666,0.39062208887279953,0.8618799089087867,1.6936025975208604,,,,,CHEMBL264_Ki
89709943,mondrian_rfstd,cliffB_oracle,noncliff,561,473,0.8431372549019608,0.81072173897287,0.8708854518374918,1.738733444295444,,,,,CHEMBL264_Ki
89709943,mondrian_rfstd,cliffA,all,573,481,0.8394415357766143,0.8071365739467448,0.8672254956508171,1.7377882956718929,,,,,CHEMBL264_Ki
89709943,mondrian_rfstd,cliffA,cliff,37,28,0.7567567567567568,0.5988270787855735,0.8663864701088361,1.7269829753543378,,,,,CHEMBL264_Ki
89709943,mondrian_rfstd,cliffA,noncliff,536,453,0.8451492537313433,0.8120777776556942,0.8733086333996556,1.738534185320679,,,,,CHEMBL264_Ki
89709943,mondrian_rfstd,__bins__,__summary__,-1,-1,,,,1.7377882956718929,0.7706422018348624,0.12844036697247707,0.7652173913043478,0.12951945080091531,CHEMBL264_Ki
86921808,global,cliffB_oracle,all,573,491,0.8568935427574171,0.825841400486446,0.8831922408127899,1.9433966422904412,,,,,CHEMBL264_Ki
86921808,global,cliffB_oracle,cliff,18,10,0.5555555555555556,0.33716415642042774,0.7544048187299437,1.9433966422904407,,,,,CHEMBL264_Ki
86921808,global,cliffB_oracle,noncliff,555,481,0.8666666666666667,0.8358499573580954,0.8924424654318664,1.9433966422904412,,,,,CHEMBL264_Ki
86921808,global,cliffA,all,573,491,0.8568935427574171,0.825841400486446,0.8831922408127899,1.9433966422904412,,,,,CHEMBL264_Ki
86921808,global,cliffA,cliff,36,23,0.6388888888888888,0.4757507548555804,0.7752440705348462,1.9433966422904407,,,,,CHEMBL264_Ki
86921808,global,cliffA,noncliff,537,468,0.8715083798882681,0.840544060350945,0.8971952410517622,1.9433966422904414,,,,,CHEMBL264_Ki
86921808,global,__bins__,__summary__,-1,-1,,,,1.9433966422904412,0.744,0.2292142857142857,0.6695652173913044,0.28695652173913044,CHEMBL264_Ki
86921808,mondrian_pair,cliffB_oracle,all,573,491,0.8568935427574171,0.825841400486446,0.8831922408127899,1.9565624959187995,,,,,CHEMBL264_Ki
86921808,mondrian_pair,cliffB_oracle,cliff,18,8,0.4444444444444444,0.24559518127005633,0.6628358435795723,1.7570274635699734,,,,,CHEMBL264_Ki
86921808,mondrian_pair,cliffB_oracle,noncliff,555,483,0.8702702702702703,0.8397509708298065,0.8956991170490001,1.963033902373356,,,,,CHEMBL264_Ki
86921808,mondrian_pair,cliffA,all,573,491,0.8568935427574171,0.825841400486446,0.8831922408127899,1.9565624959187995,,,,,CHEMBL264_Ki
86921808,mondrian_pair,cliffA,cliff,36,22,0.6111111111111112,0.44864459096605147,0.75215126934629,1.7980513507374931,,,,,CHEMBL264_Ki
86921808,mondrian_pair,cliffA,noncliff,537,469,0.8733705772811918,0.8425662369870567,0.8988710057760653,1.9671889414058141,,,,,CHEMBL264_Ki
86921808,mondrian_pair,__bins__,__summary__,-1,-1,,,,1.9565624959187995,0.736,0.22828571428571431,0.6869565217391305,0.26086956521739124,CHEMBL264_Ki
86921808,mondrian_wstd,cliffB_oracle,all,573,500,0.8726003490401396,0.8427971772439043,0.8974408785868383,1.9886149264844915,,,,,CHEMBL264_Ki
86921808,mondrian_wstd,cliffB_oracle,cliff,18,12,0.6666666666666666,0.43749467295945105,0.837212252491663,2.3192866411756383,,,,,CHEMBL264_Ki
86921808,mondrian_wstd,cliffB_oracle,noncliff,555,488,0.8792792792792793,0.8495345130158978,0.9038097375850211,1.9778904384404545,,,,,CHEMBL264_Ki
86921808,mondrian_wstd,cliffA,all,573,500,0.8726003490401396,0.8427971772439043,0.8974408785868383,1.9886149264844915,,,,,CHEMBL264_Ki
86921808,mondrian_wstd,cliffA,cliff,36,28,0.7777777777777778,0.6191529705388181,0.8828366802420353,2.2260525931729815,,,,,CHEMBL264_Ki
86921808,mondrian_wstd,cliffA,noncliff,537,472,0.8789571694599627,0.8486445936728162,0.9038864731715492,1.972697317544481,,,,,CHEMBL264_Ki
86921808,mondrian_wstd,__bins__,__summary__,-1,-1,,,,1.9886149264844915,0.8392857142857143,0.08871428571428575,0.7739130434782608,0.18260869565217397,CHEMBL264_Ki
86921808,mondrian_std,cliffB_oracle,all,573,505,0.881326352530541,0.852273449240249,0.9053003924413309,2.009760952703225,,,,,CHEMBL264_Ki
86921808,mondrian_std,cliffB_oracle,cliff,18,12,0.6666666666666666,0.43749467295945105,0.837212252491663,2.326057388677445,,,,,CHEMBL264_Ki
86921808,mondrian_std,cliffB_oracle,noncliff,555,493,0.8882882882882883,0.859365767053269,0.911872646269762,1.9995026899148725,,,,,CHEMBL264_Ki
86921808,mondrian_std,cliffA,all,573,505,0.881326352530541,0.852273449240249,0.9053003924413309,2.009760952703225,,,,,CHEMBL264_Ki
86921808,mondrian_std,cliffA,cliff,36,27,0.75,0.5892954623327166,0.8624952233700517,2.2067246120201287,,,,,CHEMBL264_Ki
86921808,mondrian_std,cliffA,noncliff,537,478,0.8901303538175046,0.8608581343183334,0.9138605806885195,1.996556685039522,,,,,CHEMBL264_Ki
86921808,mondrian_std,__bins__,__summary__,-1,-1,,,,2.009760952703225,0.8392857142857143,0.0803571428571428,0.782608695652174,0.17391304347826086,CHEMBL264_Ki
86921808,mondrian_iqr,cliffB_oracle,all,573,504,0.8795811518324608,0.8503747246517568,0.9037319598596556,1.9948819821595403,,,,,CHEMBL264_Ki
86921808,mondrian_iqr,cliffB_oracle,cliff,18,12,0.6666666666666666,0.43749467295945105,0.837212252491663,2.234772161245501,,,,,CHEMBL264_Ki
86921808,mondrian_iqr,cliffB_oracle,noncliff,555,492,0.8864864864864865,0.8573954732128521,0.9102641075657565,1.9871017601351308,,,,,CHEMBL264_Ki
86921808,mondrian_iqr,cliffA,all,573,504,0.8795811518324608,0.8503747246517568,0.9037319598596556,1.9948819821595403,,,,,CHEMBL264_Ki
86921808,mondrian_iqr,cliffA,cliff,36,26,0.7222222222222222,0.5600751000260289,0.841516620598654,2.077654952676442,,,,,CHEMBL264_Ki
86921808,mondrian_iqr,cliffA,noncliff,537,478,0.8901303538175046,0.8608581343183334,0.9138605806885195,1.9893329562031001,,,,,CHEMBL264_Ki
86921808,mondrian_iqr,__bins__,__summary__,-1,-1,,,,1.9948819821595403,0.8392857142857143,0.0803571428571428,0.7652173913043478,0.19130434782608696,CHEMBL264_Ki
86921808,mondrian_nb,cliffB_oracle,all,573,489,0.8534031413612565,0.822089689923787,0.8800096370351141,1.8823515327631357,,,,,CHEMBL264_Ki
86921808,mondrian_nb,cliffB_oracle,cliff,18,10,0.5555555555555556,0.33716415642042774,0.7544048187299437,1.641438612179411,,,,,CHEMBL264_Ki
86921808,mondrian_nb,cliffB_oracle,noncliff,555,479,0.863063063063063,0.8319556694337246,0.8891790882673923,1.8901649247820673,,,,,CHEMBL264_Ki
86921808,mondrian_nb,cliffA,all,573,489,0.8534031413612565,0.822089689923787,0.8800096370351141,1.8823515327631357,,,,,CHEMBL264_Ki
86921808,mondrian_nb,cliffA,cliff,36,23,0.6388888888888888,0.4757507548555804,0.7752440705348462,1.6689357335237676,,,,,CHEMBL264_Ki
86921808,mondrian_nb,cliffA,noncliff,537,466,0.8677839851024208,0.8365054054794089,0.8938380132024691,1.8966587371814172,,,,,CHEMBL264_Ki
86921808,mondrian_nb,__bins__,__summary__,-1,-1,,,,1.8823515327631357,0.744,0.1935,0.6956521739130435,0.25217391304347825,CHEMBL264_Ki
86921808,mondrian_nnsim,cliffB_oracle,all,573,498,0.8691099476439791,0.8390183911708258,0.8942853503195822,1.9345395767484619,,,,,CHEMBL264_Ki
86921808,mondrian_nnsim,cliffB_oracle,cliff,18,12,0.6666666666666666,0.43749467295945105,0.837212252491663,2.129618494200953,,,,,CHEMBL264_Ki
86921808,mondrian_nnsim,cliffB_oracle,noncliff,555,486,0.8756756756756757,0.8456156202918367,0.9005709652202375,1.9282126929391918,,,,,CHEMBL264_Ki
86921808,mondrian_nnsim,cliffA,all,573,498,0.8691099476439791,0.8390183911708258,0.8942853503195822,1.9345395767484619,,,,,CHEMBL264_Ki
86921808,mondrian_nnsim,cliffA,cliff,36,26,0.7222222222222222,0.5600751000260289,0.841516620598654,2.011982195286416,,,,,CHEMBL264_Ki
86921808,mondrian_nnsim,cliffA,noncliff,537,472,0.8789571694599627,0.8486445936728162,0.9038864731715492,1.9293478928241299,,,,,CHEMBL264_Ki
86921808,mondrian_nnsim,__bins__,__summary__,-1,-1,,,,1.9345395767484619,0.792,0.17228571428571426,0.6956521739130435,0.27826086956521745,CHEMBL264_Ki
86921808,mondrian_pairgap,cliffB_oracle,all,573,495,0.8638743455497382,0.8333620716448539,0.8895401983350516,1.9812489833560702,,,,,CHEMBL264_Ki
86921808,mondrian_pairgap,cliffB_oracle,cliff,18,9,0.5,0.29031021505169974,0.7096897849483003,1.7925050274020984,,,,,CHEMBL264_Ki
86921808,mondrian_pairgap,cliffB_oracle,noncliff,555,486,0.8756756756756757,0.8456156202918367,0.9005709652202375,1.987370408954577,,,,,CHEMBL264_Ki
86921808,mondrian_pairgap,cliffA,all,573,495,0.8638743455497382,0.8333620716448539,0.8895401983350516,1.9812489833560702,,,,,CHEMBL264_Ki
86921808,mondrian_pairgap,cliffA,cliff,36,22,0.6111111111111112,0.44864459096605147,0.75215126934629,1.814720612873357,,,,,CHEMBL264_Ki
86921808,mondrian_pairgap,cliffA,noncliff,537,473,0.8808193668528864,0.8506747820811517,0.9055542261236286,1.9924128964610563,,,,,CHEMBL264_Ki
86921808,mondrian_pairgap,__bins__,__summary__,-1,-1,,,,1.9812489833560702,0.768,0.19628571428571429,0.7043478260869566,0.24347826086956514,CHEMBL264_Ki
86921808,mondrian_rfstd,cliffB_oracle,all,573,503,0.8778359511343804,0.8484777666787736,0.9021617606624711,1.9031744533077126,,,,,CHEMBL264_Ki
86921808,mondrian_rfstd,cliffB_oracle,cliff,18,8,0.4444444444444444,0.24559518127005633,0.6628358435795723,1.9126150305432843,,,,,CHEMBL264_Ki
86921808,mondrian_rfstd,cliffB_oracle,noncliff,555,495,0.8918918918918919,0.8633127142627994,0.9150833641490763,1.9028682724243968,,,,,CHEMBL264_Ki
86921808,mondrian_rfstd,cliffA,all,573,503,0.8778359511343804,0.8484777666787736,0.9021617606624711,1.9031744533077126,,,,,CHEMBL264_Ki
86921808,mondrian_rfstd,cliffA,cliff,36,20,0.5555555555555556,0.395810617556973,0.7045873125991978,1.8121857530012875,,,,,CHEMBL264_Ki
86921808,mondrian_rfstd,cliffA,noncliff,537,483,0.8994413407821229,0.8710999264446122,0.9221084953643137,1.9092742544455734,,,,,CHEMBL264_Ki
86921808,mondrian_rfstd,__bins__,__summary__,-1,-1,,,,1.9031744533077126,0.8482142857142857,0.0714285714285714,0.8521739130434782,0.05133485888634637,CHEMBL264_Ki
71339737,global,cliffB_oracle,all,470,368,0.7829787234042553,0.743498063127138,0.8178711354694264,1.6339649964365215,,,,,CHEMBL235_EC50
71339737,global,cliffB_oracle,cliff,23,8,0.34782608695652173,0.1881127593879773,0.55109664622737,1.633964996436521,,,,,CHEMBL235_EC50
71339737,global,cliffB_oracle,noncliff,447,360,0.8053691275167785,0.7661287067235462,0.8394056660781705,1.633964996436522,,,,,CHEMBL235_EC50
71339737,global,cliffA,all,470,368,0.7829787234042553,0.743498063127138,0.8178711354694264,1.6339649964365215,,,,,CHEMBL235_EC50
71339737,global,cliffA,cliff,41,21,0.5121951219512195,0.3648450865154381,0.6574557044556734,1.6339649964365215,,,,,CHEMBL235_EC50
71339737,global,cliffA,noncliff,429,347,0.8088578088578089,0.7689731129144433,0.8432602917183072,1.6339649964365217,,,,,CHEMBL235_EC50
71339737,global,__bins__,__summary__,-1,-1,,,,1.6339649964365215,0.625,0.26388888888888884,0.6170212765957447,0.276595744680851,CHEMBL235_EC50
71339737,mondrian_pair,cliffB_oracle,all,470,362,0.7702127659574468,0.7300797258217824,0.8059645465223053,1.600811331557763,,,,,CHEMBL235_EC50
71339737,mondrian_pair,cliffB_oracle,cliff,23,7,0.30434782608695654,0.15604024453214022,0.508657562687592,1.5967030546976937,,,,,CHEMBL235_EC50
71339737,mondrian_pair,cliffB_oracle,noncliff,447,355,0.7941834451901566,0.7542731480222927,0.829080478522951,1.6010227194051494,,,,,CHEMBL235_EC50
71339737,mondrian_pair,cliffA,all,470,362,0.7702127659574468,0.7300797258217824,0.8059645465223053,1.600811331557763,,,,,CHEMBL235_EC50
71339737,mondrian_pair,cliffA,cliff,41,20,0.4878048780487805,0.34254429554432664,0.6351549134845619,1.6180007397715659,,,,,CHEMBL235_EC50
71339737,mondrian_pair,cliffA,noncliff,429,342,0.7972027972027972,0.7565943563251325,0.8325359009629858,1.599168520982551,,,,,CHEMBL235_EC50
71339737,mondrian_pair,__bins__,__summary__,-1,-1,,,,1.600811331557763,0.6517857142857143,0.2037698412698412,0.6170212765957447,0.26595744680851063,CHEMBL235_EC50
71339737,mondrian_wstd,cliffB_oracle,all,470,361,0.7680851063829788,0.7278481425708812,0.8039753087311272,1.6615653325140527,,,,,CHEMBL235_EC50
71339737,mondrian_wstd,cliffB_oracle,cliff,23,8,0.34782608695652173,0.1881127593879773,0.55109664622737,1.6864463188935723,,,,,CHEMBL235_EC50
71339737,mondrian_wstd,cliffB_oracle,noncliff,447,353,0.7897091722595079,0.749543122477673,0.8249382055649814,1.6602851027898269,,,,,CHEMBL235_EC50
71339737,mondrian_wstd,cliffA,all,470,361,0.7680851063829788,0.7278481425708812,0.8039753087311272,1.6615653325140527,,,,,CHEMBL235_EC50
71339737,mondrian_wstd,cliffA,cliff,41,23,0.5609756097560976,0.4104052722210608,0.7010986826344964,1.6671440351727338,,,,,CHEMBL235_EC50
71339737,mondrian_wstd,cliffA,noncliff,429,338,0.7878787878787878,0.7467263880650792,0.8239213513473334,1.661032169789097,,,,,CHEMBL235_EC50
71339737,mondrian_wstd,__bins__,__summary__,-1,-1,,,,1.6615653325140527,0.6888888888888889,0.17627965043695382,0.6702127659574468,0.1914893617021276,CHEMBL235_EC50
71339737,mondrian_std,cliffB_oracle,all,470,362,0.7702127659574468,0.7300797258217824,0.8059645465223053,1.6162715929336389,,,,,CHEMBL235_EC50
71339737,mondrian_std,cliffB_oracle,cliff,23,7,0.30434782608695654,0.15604024453214022,0.508657562687592,1.627756095854954,,,,,CHEMBL235_EC50
71339737,mondrian_std,cliffB_oracle,noncliff,447,355,0.7941834451901566,0.7542731480222927,0.829080478522951,1.6156806677273967,,,,,CHEMBL235_EC50
71339737,mondrian_std,cliffA,all,470,362,0.7702127659574468,0.7300797258217824,0.8059645465223053,1.6162715929336389,,,,,CHEMBL235_EC50
71339737,mondrian_std,cliffA,cliff,41,22,0.5365853658536586,0.38746471267669474,0.6794376602366394,1.6223369711844111,,,,,CHEMBL235_EC50
71339737,mondrian_std,cliffA,noncliff,429,340,0.7925407925407926,0.7516565931315414,0.8282324052187241,1.6156919180891594,,,,,CHEMBL235_EC50
71339737,mondrian_std,__bins__,__summary__,-1,-1,,,,1.6162715929336389,0.6888888888888889,0.165043695380774,0.6702127659574468,0.1914893617021276,CHEMBL235_EC50
71339737,mondrian_iqr,cliffB_oracle,all,470,368,0.7829787234042553,0.743498063127138,0.8178711354694264,1.6644594037256875,,,,,CHEMBL235_EC50
71339737,mondrian_iqr,cliffB_oracle,cliff,23,6,0.2608695652173913,0.12548616044986347,0.4647000483742537,1.6251680014272882,,,,,CHEMBL235_EC50
71339737,mondrian_iqr,cliffB_oracle,noncliff,447,362,0.8098434004474273,0.7708835907127046,0.8435230805916013,1.6664811089893636,,,,,CHEMBL235_EC50
71339737,mondrian_iqr,cliffA,all,470,368,0.7829787234042553,0.743498063127138,0.8178711354694264,1.6644594037256875,,,,,CHEMBL235_EC50
71339737,mondrian_iqr,cliffA,cliff,41,20,0.4878048780487805,0.34254429554432664,0.6351549134845619,1.6950616647321926,,,,,CHEMBL235_EC50
71339737,mondrian_iqr,cliffA,noncliff,429,348,0.8111888111888111,0.7714549627241257,0.8453990713775511,1.6615347121143433,,,,,CHEMBL235_EC50
71339737,mondrian_iqr,__bins__,__summary__,-1,-1,,,,1.6644594037256875,0.7232142857142857,0.12123015873015874,0.6808510638297872,0.17021276595744683,CHEMBL235_EC50
71339737,mondrian_nb,cliffB_oracle,all,470,372,0.7914893617021277,0.7524721327195918,0.8257803500452903,1.7392213290315963,,,,,CHEMBL235_EC50
71339737,mondrian_nb,cliffB_oracle,cliff,23,7,0.30434782608695654,0.15604024453214022,0.508657562687592,1.6276891317536086,,,,,CHEMBL235_EC50
71339737,mondrian_nb,cliffB_oracle,noncliff,447,365,0.8165548098434005,0.7780300814874346,0.8496850375707552,1.7449601221801283,,,,,CHEMBL235_EC50
71339737,mondrian_nb,cliffA,all,470,372,0.7914893617021277,0.7524721327195918,0.8257803500452903,1.7392213290315963,,,,,CHEMBL235_EC50
71339737,mondrian_nb,cliffA,cliff,41,20,0.4878048780487805,0.34254429554432664,0.6351549134845619,1.6764324893518996,,,,,CHEMBL235_EC50
71339737,mondrian_nb,cliffA,noncliff,429,352,0.8205128205128205,0.7814036489553464,0.8539329030220362,1.7452221272294226,,,,,CHEMBL235_EC50
71339737,mondrian_nb,__bins__,__summary__,-1,-1,,,,1.7392213290315963,0.6875,0.21250000000000002,0.6702127659574468,0.22340425531914887,CHEMBL235_EC50
71339737,mondrian_nnsim,cliffB_oracle,all,470,369,0.7851063829787234,0.745739389698693,0.8198506299399506,1.642058384196794,,,,,CHEMBL235_EC50
71339737,mondrian_nnsim,cliffB_oracle,cliff,23,9,0.391304347826087,0.22157622792477952,0.592144776086183,1.692787074015658,,,,,CHEMBL235_EC50
71339737,mondrian_nnsim,cliffB_oracle,noncliff,447,360,0.8053691275167785,0.7661287067235462,0.8394056660781705,1.63944818315466,,,,,CHEMBL235_EC50
71339737,mondrian_nnsim,cliffA,all,470,369,0.7851063829787234,0.745739389698693,0.8198506299399506,1.642058384196794,,,,,CHEMBL235_EC50
71339737,mondrian_nnsim,cliffA,cliff,41,22,0.5365853658536586,0.38746471267669474,0.6794376602366394,1.667748270656267,,,,,CHEMBL235_EC50
71339737,mondrian_nnsim,cliffA,noncliff,429,347,0.8088578088578089,0.7689731129144433,0.8432602917183072,1.6396031736027648,,,,,CHEMBL235_EC50
71339737,mondrian_nnsim,__bins__,__summary__,-1,-1,,,,1.642058384196794,0.6428571428571429,0.2571428571428571,0.648936170212766,0.24468085106382975,CHEMBL235_EC50
71339737,mondrian_pairgap,cliffB_oracle,all,470,370,0.7872340425531915,0.7479821663197146,0.8218286743610086,1.651506475872381,,,,,CHEMBL235_EC50
71339737,mondrian_pairgap,cliffB_oracle,cliff,23,6,0.2608695652173913,0.12548616044986347,0.4647000483742537,1.5924412805506214,,,,,CHEMBL235_EC50
71339737,mondrian_pairgap,cliffB_oracle,noncliff,447,364,0.814317673378076,0.7756459951142495,0.8476329746926458,1.6545456246249546,,,,,CHEMBL235_EC50
71339737,mondrian_pairgap,cliffA,all,470,370,0.7872340425531915,0.7479821663197146,0.8218286743610086,1.651506475872381,,,,,CHEMBL235_EC50
71339737,mondrian_pairgap,cliffA,cliff,41,22,0.5365853658536586,0.38746471267669474,0.6794376602366394,1.6402613319328363,,,,,CHEMBL235_EC50
71339737,mondrian_pairgap,cliffA,noncliff,429,348,0.8111888111888111,0.7714549627241257,0.8453990713775511,1.6525811865985378,,,,,CHEMBL235_EC50
71339737,mondrian_pairgap,__bins__,__summary__,-1,-1,,,,1.651506475872381,0.7053571428571429,0.19464285714285712,0.6808510638297872,0.2021276595744681,CHEMBL235_EC50
71339737,mondrian_rfstd,cliffB_oracle,all,470,366,0.7787234042553192,0.7390196994629976,0.8139078570494078,1.6914214864530537,,,,,CHEMBL235_EC50
71339737,mondrian_rfstd,cliffB_oracle,cliff,23,9,0.391304347826087,0.22157622792477952,0.592144776086183,1.685133552554388,,,,,CHEMBL235_EC50
71339737,mondrian_rfstd,cliffB_oracle,noncliff,447,357,0.7986577181208053,0.7590100587936345,0.8332158662541983,1.6917450266760274,,,,,CHEMBL235_EC50
71339737,mondrian_rfstd,cliffA,all,470,366,0.7787234042553192,0.7390196994629976,0.8139078570494078,1.6914214864530537,,,,,CHEMBL235_EC50
71339737,mondrian_rfstd,cliffA,cliff,41,23,0.5609756097560976,0.4104052722210608,0.7010986826344964,1.747342119735031,,,,,CHEMBL235_EC50
71339737,mondrian_rfstd,cliffA,noncliff,429,343,0.7995337995337995,0.7590661314757002,0.8346847552813447,1.6860770902652658,,,,,CHEMBL235_EC50
71339737,mondrian_rfstd,__bins__,__summary__,-1,-1,,,,1.6914214864530537,0.7,0.12222222222222223,0.648936170212766,0.19148936170212771,CHEMBL235_EC50
99182118,global,cliffB_oracle,all,470,386,0.8212765957446808,0.7840779362423304,0.8532660411116636,1.7807137623655578,,,,,CHEMBL235_EC50
99182118,global,cliffB_oracle,cliff,14,8,0.5714285714285714,0.3259064457965074,0.7861920109552588,1.7807137623655578,,,,,CHEMBL235_EC50
99182118,global,cliffB_oracle,noncliff,456,378,0.8289473684210527,0.791672901413654,0.8607258639551271,1.780713762365558,,,,,CHEMBL235_EC50
99182118,global,cliffA,all,470,386,0.8212765957446808,0.7840779362423304,0.8532660411116636,1.7807137623655578,,,,,CHEMBL235_EC50
99182118,global,cliffA,cliff,32,19,0.59375,0.42260024875382873,0.7448036515733456,1.7807137623655578,,,,,CHEMBL235_EC50
99182118,global,cliffA,noncliff,438,367,0.8378995433789954,0.8004724903608884,0.8694510627390057,1.7807137623655578,,,,,CHEMBL235_EC50
99182118,global,__bins__,__summary__,-1,-1,,,,1.7807137623655578,0.6754385964912281,0.26838162822787304,0.6595744680851063,0.297872340425532,CHEMBL235_EC50
99182118,mondrian_pair,cliffB_oracle,all,470,394,0.8382978723404255,0.8022916281871281,0.8688189175035014,1.8570729615366215,,,,,CHEMBL235_EC50
99182118,mondrian_pair,cliffB_oracle,cliff,14,11,0.7857142857142857,0.524107694133997,0.9242861328730683,2.0630148214388657,,,,,CHEMBL235_EC50
99182118,mondrian_pair,cliffB_oracle,noncliff,456,383,0.8399122807017544,0.8034375575348971,0.8707078333461766,1.850750185136114,,,,,CHEMBL235_EC50
99182118,mondrian_pair,cliffA,all,470,394,0.8382978723404255,0.8022916281871281,0.8688189175035014,1.8570729615366215,,,,,CHEMBL235_EC50
99182118,mondrian_pair,cliffA,cliff,32,23,0.71875,0.5462549057408342,0.8443541950225723,2.053577158202315,,,,,CHEMBL235_EC50
99182118,mondrian_pair,cliffA,noncliff,438,371,0.8470319634703196,0.8103161220362298,0.8777134730393372,1.842716490547347,,,,,CHEMBL235_EC50
99182118,mondrian_pair,__bins__,__summary__,-1,-1,,,,1.8570729615366215,0.7192982456140351,0.2132860240488862,0.6702127659574468,0.276595744680851,CHEMBL235_EC50
99182118,mondrian_wstd,cliffB_oracle,all,470,388,0.825531914893617,0.7886201428709615,0.8571654765671913,1.8113684412596927,,,,,CHEMBL235_EC50
99182118,mondrian_wstd,cliffB_oracle,cliff,14,9,0.6428571428571429,0.38764423103907397,0.8365526824644587,2.0136307548980903,,,,,CHEMBL235_EC50
99182118,mondrian_wstd,cliffB_oracle,noncliff,456,379,0.831140350877193,0.7940216626984258,0.8627264277728137,1.8051586333848293,,,,,CHEMBL235_EC50
99182118,mondrian_wstd,cliffA,all,470,388,0.825531914893617,0.7886201428709615,0.8571654765671913,1.8113684412596927,,,,,CHEMBL235_EC50
99182118,mondrian_wstd,cliffA,cliff,32,21,0.65625,0.4831108797896222,0.7958956207556682,1.9834298425342543,,,,,CHEMBL235_EC50
99182118,mondrian_wstd,cliffA,noncliff,438,367,0.8378995433789954,0.8004724903608884,0.8694510627390057,1.798797745276163,,,,,CHEMBL235_EC50
99182118,mondrian_wstd,__bins__,__summary__,-1,-1,,,,1.8113684412596927,0.7865168539325843,0.0786516853932584,0.7340425531914894,0.15957446808510634,CHEMBL235_EC50
99182118,mondrian_std,cliffB_oracle,all,470,386,0.8212765957446808,0.7840779362423304,0.8532660411116636,1.799062737303792,,,,,CHEMBL235_EC50
99182118,mondrian_std,cliffB_oracle,cliff,14,9,0.6428571428571429,0.38764423103907397,0.8365526824644587,1.993818544319105,,,,,CHEMBL235_EC50
99182118,mondrian_std,cliffB_oracle,noncliff,456,377,0.8267543859649122,0.789326161767243,0.8587232784990794,1.7930833923515674,,,,,CHEMBL235_EC50
99182118,mondrian_std,cliffA,all,470,386,0.8212765957446808,0.7840779362423304,0.8532660411116636,1.799062737303792,,,,,CHEMBL235_EC50
99182118,mondrian_std,cliffA,cliff,32,21,0.65625,0.4831108797896222,0.7958956207556682,1.9418014928904617,,,,,CHEMBL235_EC50
99182118,mondrian_std,cliffA,noncliff,438,365,0.8333333333333334,0.7955651237254624,0.8653054083865954,1.7886343350691494,,,,,CHEMBL235_EC50
99182118,mondrian_std,__bins__,__summary__,-1,-1,,,,1.799062737303792,0.7752808988764045,0.101123595505618,0.7127659574468085,0.19148936170212771,CHEMBL235_EC50
99182118,mondrian_iqr,cliffB_oracle,all,470,394,0.8382978723404255,0.8022916281871281,0.8688189175035014,1.9057750107576288,,,,,CHEMBL235_EC50
99182118,mondrian_iqr,cliffB_oracle,cliff,14,9,0.6428571428571429,0.38764423103907397,0.8365526824644587,2.0562070932027376,,,,,CHEMBL235_EC50
99182118,mondrian_iqr,cliffB_oracle,noncliff,456,385,0.8442982456140351,0.808158488190396,0.8746855528955948,1.9011564819106301,,,,,CHEMBL235_EC50
99182118,mondrian_iqr,cliffA,all,470,394,0.8382978723404255,0.8022916281871281,0.8688189175035014,1.9057750107576288,,,,,CHEMBL235_EC50
99182118,mondrian_iqr,cliffA,cliff,32,21,0.65625,0.4831108797896222,0.7958956207556682,2.026646450582986,,,,,CHEMBL235_EC50
99182118,mondrian_iqr,cliffA,noncliff,438,373,0.8515981735159818,0.8152530734192984,0.8818295426441052,1.896944220633402,,,,,CHEMBL235_EC50
99182118,mondrian_iqr,__bins__,__summary__,-1,-1,,,,1.9057750107576288,0.8202247191011236,0.0449438202247191,0.7659574468085106,0.14893617021276595,CHEMBL235_EC50
99182118,mondrian_nb,cliffB_oracle,all,470,382,0.8127659574468085,0.7750147201781107,0.8454459730075655,1.8147174297916682,,,,,CHEMBL235_EC50
99182118,mondrian_nb,cliffB_oracle,cliff,14,7,0.5,0.26799202452413634,0.7320079754758637,1.8072049413653495,,,,,CHEMBL235_EC50
99182118,mondrian_nb,cliffB_oracle,noncliff,456,375,0.8223684210526315,0.7846386285920722,0.854712161469333,1.8149480763661605,,,,,CHEMBL235_EC50
99182118,mondrian_nb,cliffA,all,470,382,0.8127659574468085,0.7750147201781107,0.8454459730075655,1.8147174297916682,,,,,CHEMBL235_EC50
99182118,mondrian_nb,cliffA,cliff,32,17,0.53125,0.3644951711897464,0.6913061289193116,1.8051299044027753,,,,,CHEMBL235_EC50
99182118,mondrian_nb,cliffA,noncliff,438,365,0.8333333333333334,0.7955651237254624,0.8653054083865954,1.815417888267569,,,,,CHEMBL235_EC50
99182118,mondrian_nb,__bins__,__summary__,-1,-1,,,,1.8147174297916682,0.7192982456140351,0.1683422038241671,0.6914893617021277,0.202127659574468,CHEMBL235_EC50
99182118,mondrian_nnsim,cliffB_oracle,all,470,396,0.8425531914893617,0.8068645092659746,0.8726876785088137,1.9080930644619472,,,,,CHEMBL235_EC50
99182118,mondrian_nnsim,cliffB_oracle,cliff,14,11,0.7857142857142857,0.524107694133997,0.9242861328730683,2.121953157089472,,,,,CHEMBL235_EC50
99182118,mondrian_nnsim,cliffB_oracle,noncliff,456,385,0.8442982456140351,0.808158488190396,0.8746855528955948,1.901527184425137,,,,,CHEMBL235_EC50
99182118,mondrian_nnsim,cliffA,all,470,396,0.8425531914893617,0.8068645092659746,0.8726876785088137,1.9080930644619472,,,,,CHEMBL235_EC50
99182118,mondrian_nnsim,cliffA,cliff,32,23,0.71875,0.5462549057408342,0.8443541950225723,1.9907104244240423,,,,,CHEMBL235_EC50
99182118,mondrian_nnsim,cliffA,noncliff,438,373,0.8515981735159818,0.8152530734192984,0.8818295426441052,1.9020570929578666,,,,,CHEMBL235_EC50
99182118,mondrian_nnsim,__bins__,__summary__,-1,-1,,,,1.9080930644619472,0.7280701754385965,0.20451409422432476,0.6914893617021277,0.276595744680851,CHEMBL235_EC50
99182118,mondrian_pairgap,cliffB_oracle,all,470,401,0.8531914893617021,0.818333550421919,0.8823227425632664,1.9253661097483885,,,,,CHEMBL235_EC50
99182118,mondrian_pairgap,cliffB_oracle,cliff,14,12,0.8571428571428571,0.6005862050302965,0.9599060787285351,2.1796814201356036,,,,,CHEMBL235_EC50
99182118,mondrian_pairgap,cliffB_oracle,noncliff,456,389,0.8530701754385965,0.817627800773304,0.8826135407225211,1.9175581835522897,,,,,CHEMBL235_EC50
99182118,mondrian_pairgap,cliffA,all,470,401,0.8531914893617021,0.818333550421919,0.8823227425632664,1.9253661097483885,,,,,CHEMBL235_EC50
99182118,mondrian_pairgap,cliffA,cliff,32,24,0.75,0.5789344100575552,0.8674759908149096,2.086457078617088,,,,,CHEMBL235_EC50
99182118,mondrian_pairgap,cliffA,noncliff,438,377,0.860730593607306,0.8251591625009621,0.8900294955381142,1.9135969065433693,,,,,CHEMBL235_EC50
99182118,mondrian_pairgap,__bins__,__summary__,-1,-1,,,,1.9253661097483885,0.7368421052631579,0.18450620934358375,0.7340425531914894,0.22340425531914898,CHEMBL235_EC50
99182118,mondrian_rfstd,cliffB_oracle,all,470,381,0.8106382978723404,0.7727531960347979,0.843486676108799,1.7633345971950953,,,,,CHEMBL235_EC50
99182118,mondrian_rfstd,cliffB_oracle,cliff,14,10,0.7142857142857143,0.4535091567010681,0.8827862135542308,1.999541799878591,,,,,CHEMBL235_EC50
99182118,mondrian_rfstd,cliffB_oracle,noncliff,456,371,0.8135964912280702,0.7752865647840472,0.846666924867524,1.7560826216741108,,,,,CHEMBL235_EC50
99182118,mondrian_rfstd,cliffA,all,470,381,0.8106382978723404,0.7727531960347979,0.843486676108799,1.7633345971950953,,,,,CHEMBL235_EC50
99182118,mondrian_rfstd,cliffA,cliff,32,22,0.6875,0.5143332169904459,0.8204745836639026,1.8992431175265176,,,,,CHEMBL235_EC50
99182118,mondrian_rfstd,cliffA,noncliff,438,359,0.819634703196347,0.7808971707281943,0.8528142984203543,1.7534052075818407,,,,,CHEMBL235_EC50
99182118,mondrian_rfstd,__bins__,__summary__,-1,-1,,,,1.7633345971950953,0.7807017543859649,0.0619948748275182,0.776595744680851,0.13829787234042556,CHEMBL235_EC50
89709943,global,cliffB_oracle,all,470,390,0.8297872340425532,0.793169681355693,0.8610575801666187,1.7144407964127242,,,,,CHEMBL235_EC50
89709943,global,cliffB_oracle,cliff,17,7,0.4117647058823529,0.2161105679021481,0.6399455735700021,1.714440796412724,,,,,CHEMBL235_EC50
89709943,global,cliffB_oracle,noncliff,453,383,0.8454746136865342,0.8092977363865739,0.8758414819496707,1.7144407964127242,,,,,CHEMBL235_EC50
89709943,global,cliffA,all,470,390,0.8297872340425532,0.793169681355693,0.8610575801666187,1.7144407964127242,,,,,CHEMBL235_EC50
89709943,global,cliffA,cliff,35,21,0.6,0.435727090128925,0.7444927114061941,1.714440796412724,,,,,CHEMBL235_EC50
89709943,global,cliffA,noncliff,435,369,0.8482758620689655,0.8115237414268459,0.8789306217827217,1.7144407964127242,,,,,CHEMBL235_EC50
89709943,global,__bins__,__summary__,-1,-1,,,,1.7144407964127242,0.6880733944954128,0.23414882772680945,0.648936170212766,0.276595744680851,CHEMBL235_EC50
89709943,mondrian_pair,cliffB_oracle,all,470,392,0.8340425531914893,0.7977267668349323,0.8649421367715383,1.7131933218834359,,,,,CHEMBL235_EC50
89709943,mondrian_pair,cliffB_oracle,cliff,17,7,0.4117647058823529,0.2161105679021481,0.6399455735700021,1.734671494634517,,,,,CHEMBL235_EC50
89709943,mondrian_pair,cliffB_oracle,noncliff,453,385,0.8498896247240618,0.8140625532266514,0.8798324378678839,1.7123872977404595,,,,,CHEMBL235_EC50
89709943,mondrian_pair,cliffA,all,470,392,0.8340425531914893,0.7977267668349323,0.8649421367715383,1.7131933218834359,,,,,CHEMBL235_EC50
89709943,mondrian_pair,cliffA,cliff,35,22,0.6285714285714286,0.4633693684359532,0.7683418049663429,1.7519488984707208,,,,,CHEMBL235_EC50
89709943,mondrian_pair,cliffA,noncliff,435,370,0.8505747126436781,0.8140099120753342,0.8810019056768706,1.710075057100551,,,,,CHEMBL235_EC50
89709943,mondrian_pair,__bins__,__summary__,-1,-1,,,,1.7131933218834359,0.7247706422018348,0.2085626911314985,0.648936170212766,0.26595744680851063,CHEMBL235_EC50
89709943,mondrian_wstd,cliffB_oracle,all,470,394,0.8382978723404255,0.8022916281871281,0.8688189175035014,1.8104150785141162,,,,,CHEMBL235_EC50
89709943,mondrian_wstd,cliffB_oracle,cliff,17,8,0.47058823529411764,0.26165106442409436,0.6903676493999558,2.1219938481401375,,,,,CHEMBL235_EC50
89709943,mondrian_wstd,cliffB_oracle,noncliff,453,386,0.8520971302428256,0.8164485435415632,0.8818243339321175,1.798722277004972,,,,,CHEMBL235_EC50
89709943,mondrian_wstd,cliffA,all,470,394,0.8382978723404255,0.8022916281871281,0.8688189175035014,1.8104150785141162,,,,,CHEMBL235_EC50
89709943,mondrian_wstd,cliffA,cliff,35,23,0.6571428571428571,0.4915194951399626,0.7916830501295105,2.1495925347183986,,,,,CHEMBL235_EC50
89709943,mondrian_wstd,cliffA,noncliff,435,371,0.8528735632183908,0.8164987530663635,0.8830705192284788,1.7831249383597487,,,,,CHEMBL235_EC50
89709943,mondrian_wstd,__bins__,__summary__,-1,-1,,,,1.8104150785141162,0.8021978021978022,0.07557997557997553,0.6914893617021277,0.22340425531914887,CHEMBL235_EC50
89709943,mondrian_std,cliffB_oracle,all,470,390,0.8297872340425532,0.793169681355693,0.8610575801666187,1.8118358618712629,,,,,CHEMBL235_EC50
89709943,mondrian_std,cliffB_oracle,cliff,17,8,0.47058823529411764,0.26165106442409436,0.6903676493999558,2.1064275190407735,,,,,CHEMBL235_EC50
89709943,mondrian_std,cliffB_oracle,noncliff,453,382,0.8432671081677704,0.8069188270240033,0.8738425049330958,1.8007805458185442,,,,,CHEMBL235_EC50
89709943,mondrian_std,cliffA,all,470,390,0.8297872340425532,0.793169681355693,0.8610575801666187,1.8118358618712629,,,,,CHEMBL235_EC50
89709943,mondrian_std,cliffA,cliff,35,23,0.6571428571428571,0.4915194951399626,0.7916830501295105,2.1230685255613424,,,,,CHEMBL235_EC50
89709943,mondrian_std,cliffA,noncliff,435,367,0.8436781609195402,0.806559216907533,0.8747802372167596,1.7867941532984981,,,,,CHEMBL235_EC50
89709943,mondrian_std,__bins__,__summary__,-1,-1,,,,1.8118358618712629,0.7981651376146789,0.06850152905198781,0.6702127659574468,0.24468085106382975,CHEMBL235_EC50
89709943,mondrian_iqr,cliffB_oracle,all,470,394,0.8382978723404255,0.8022916281871281,0.8688189175035014,1.873797786360879,,,,,CHEMBL235_EC50
89709943,mondrian_iqr,cliffB_oracle,cliff,17,9,0.5294117647058824,0.30963235060004424,0.7383489355759056,2.053159451483847,,,,,CHEMBL235_EC50
89709943,mondrian_iqr,cliffB_oracle,noncliff,453,385,0.8498896247240618,0.8140625532266514,0.8798324378678839,1.8670667746454477,,,,,CHEMBL235_EC50
89709943,mondrian_iqr,cliffA,all,470,394,0.8382978723404255,0.8022916281871281,0.8688189175035014,1.873797786360879,,,,,CHEMBL235_EC50
89709943,mondrian_iqr,cliffA,cliff,35,23,0.6571428571428571,0.4915194951399626,0.7916830501295105,2.055289506677699,,,,,CHEMBL235_EC50
89709943,mondrian_iqr,cliffA,noncliff,435,371,0.8528735632183908,0.8164987530663635,0.8830705192284788,1.8591950042664227,,,,,CHEMBL235_EC50
89709943,mondrian_iqr,__bins__,__summary__,-1,-1,,,,1.873797786360879,0.7981651376146789,0.10293376348422223,0.723404255319149,0.18085106382978722,CHEMBL235_EC50
89709943,mondrian_nb,cliffB_oracle,all,470,396,0.8425531914893617,0.8068645092659746,0.8726876785088137,1.780867453631435,,,,,CHEMBL235_EC50
89709943,mondrian_nb,cliffB_oracle,cliff,17,7,0.4117647058823529,0.2161105679021481,0.6399455735700021,1.6895400804516283,,,,,CHEMBL235_EC50
89709943,mondrian_nb,cliffB_oracle,noncliff,453,389,0.8587196467991169,0.8236213716613429,0.8877851649497736,1.7842947501966815,,,,,CHEMBL235_EC50
89709943,mondrian_nb,cliffA,all,470,396,0.8425531914893617,0.8068645092659746,0.8726876785088137,1.780867453631435,,,,,CHEMBL235_EC50
89709943,mondrian_nb,cliffA,cliff,35,21,0.6,0.435727090128925,0.7444927114061941,1.6608598615067474,,,,,CHEMBL235_EC50
89709943,mondrian_nb,cliffA,noncliff,435,375,0.8620689655172413,0.8264818687996719,0.89131722166572,1.7905232369058353,,,,,CHEMBL235_EC50
89709943,mondrian_nb,__bins__,__summary__,-1,-1,,,,1.780867453631435,0.7155963302752294,0.19649158181268267,0.6808510638297872,0.23404255319148937,CHEMBL235_EC50
89709943,mondrian_nnsim,cliffB_oracle,all,470,402,0.8553191489361702,0.8206339643058315,0.8842431497214335,1.805013106303323,,,,,CHEMBL235_EC50
89709943,mondrian_nnsim,cliffB_oracle,cliff,17,7,0.4117647058823529,0.2161105679021481,0.6399455735700021,1.6203766624765326,,,,,CHEMBL235_EC50
89709943,mondrian_nnsim,cliffB_oracle,noncliff,453,395,0.8719646799116998,0.8380383370444716,0.8996355178415169,1.8119420677714368,,,,,CHEMBL235_EC50
89709943,mondrian_nnsim,cliffA,all,470,402,0.8553191489361702,0.8206339643058315,0.8842431497214335,1.805013106303323,,,,,CHEMBL235_EC50
89709943,mondrian_nnsim,cliffA,cliff,35,20,0.5714285714285714,0.4085741114397492,0.7201543182281931,1.6855381069592492,,,,,CHEMBL235_EC50
89709943,mondrian_nnsim,cliffA,noncliff,435,382,0.8781609195402299,0.8440683782109826,0.9056328940528713,1.81462603728503,,,,,CHEMBL235_EC50
89709943,mondrian_nnsim,__bins__,__summary__,-1,-1,,,,1.805013106303323,0.7247706422018348,0.21967380224260957,0.7340425531914894,0.1914893617021276,CHEMBL235_EC50
89709943,mondrian_pairgap,cliffB_oracle,all,470,398,0.8468085106382979,0.8114456702840082,0.876548159574939,1.7738357889032117,,,,,CHEMBL235_EC50
89709943,mondrian_pairgap,cliffB_oracle,cliff,17,8,0.47058823529411764,0.26165106442409436,0.6903676493999558,1.7400899419150635,,,,,CHEMBL235_EC50
89709943,mondrian_pairgap,cliffB_oracle,noncliff,453,390,0.8609271523178808,0.826017423682743,0.8897669993075189,1.7751021893420607,,,,,CHEMBL235_EC50
89709943,mondrian_pairgap,cliffA,all,470,398,0.8468085106382979,0.8114456702840082,0.876548159574939,1.7738357889032117,,,,,CHEMBL235_EC50
89709943,mondrian_pairgap,cliffA,cliff,35,23,0.6571428571428571,0.4915194951399626,0.7916830501295105,1.793898394662177,,,,,CHEMBL235_EC50
89709943,mondrian_pairgap,cliffA,noncliff,435,375,0.8620689655172413,0.8264818687996719,0.89131722166572,1.772221556255939,,,,,CHEMBL235_EC50
89709943,mondrian_pairgap,__bins__,__summary__,-1,-1,,,,1.7738357889032117,0.7431192660550459,0.16799184505606524,0.6808510638297872,0.24468085106382975,CHEMBL235_EC50
89709943,mondrian_rfstd,cliffB_oracle,all,470,396,0.8425531914893617,0.8068645092659746,0.8726876785088137,1.8005414286741563,,,,,CHEMBL235_EC50
89709943,mondrian_rfstd,cliffB_oracle,cliff,17,6,0.35294117647058826,0.17309720397243744,0.5869963651478132,1.7684338934482238,,,,,CHEMBL235_EC50
89709943,mondrian_rfstd,cliffB_oracle,noncliff,453,390,0.8609271523178808,0.826017423682743,0.8897669993075189,1.8017463472146438,,,,,CHEMBL235_EC50
89709943,mondrian_rfstd,cliffA,all,470,396,0.8425531914893617,0.8068645092659746,0.8726876785088137,1.8005414286741563,,,,,CHEMBL235_EC50
89709943,mondrian_rfstd,cliffA,cliff,35,19,0.5428571428571428,0.3818972506848375,0.6953398071159278,1.7615869394848997,,,,,CHEMBL235_EC50
89709943,mondrian_rfstd,cliffA,noncliff,435,377,0.8666666666666667,0.8314908716787268,0.89542312787194,1.803675697919269,,,,,CHEMBL235_EC50
89709943,mondrian_rfstd,__bins__,__summary__,-1,-1,,,,1.8005414286741563,0.7706422018348624,0.10847867728601668,0.8191489361702128,0.05319148936170215,CHEMBL235_EC50
86921808,global,cliffB_oracle,all,470,405,0.8617021276595744,0.8275491366768675,0.8899904404766357,1.8393070661105055,,,,,CHEMBL235_EC50
86921808,global,cliffB_oracle,cliff,18,9,0.5,0.29031021505169974,0.7096897849483003,1.8393070661105055,,,,,CHEMBL235_EC50
86921808,global,cliffB_oracle,noncliff,452,396,0.8761061946902655,0.8425266984952735,0.9033466603686018,1.8393070661105058,,,,,CHEMBL235_EC50
86921808,global,cliffA,all,470,405,0.8617021276595744,0.8275491366768675,0.8899904404766357,1.8393070661105055,,,,,CHEMBL235_EC50
86921808,global,cliffA,cliff,31,20,0.6451612903225806,0.46947954064368874,0.788833409061346,1.8393070661105058,,,,,CHEMBL235_EC50
86921808,global,cliffA,noncliff,439,385,0.876993166287016,0.84295810045482,0.9044877256010041,1.8393070661105058,,,,,CHEMBL235_EC50
86921808,global,__bins__,__summary__,-1,-1,,,,1.8393070661105055,0.7745098039215687,0.1494032395566922,0.7127659574468085,0.24468085106382986,CHEMBL235_EC50
86921808,mondrian_pair,cliffB_oracle,all,470,408,0.8680851063829788,0.8344861406482026,0.895715899631539,1.8520336973570912,,,,,CHEMBL235_EC50
86921808,mondrian_pair,cliffB_oracle,cliff,18,9,0.5,0.29031021505169974,0.7096897849483003,1.8564110762417418,,,,,CHEMBL235_EC50
86921808,mondrian_pair,cliffB_oracle,noncliff,452,399,0.8827433628318584,0.8498079808885632,0.9092278490140862,1.85185937695903,,,,,CHEMBL235_EC50
86921808,mondrian_pair,cliffA,all,470,408,0.8680851063829788,0.8344861406482026,0.895715899631539,1.8520336973570912,,,,,CHEMBL235_EC50
86921808,mondrian_pair,cliffA,cliff,31,20,0.6451612903225806,0.46947954064368874,0.788833409061346,1.8634260850052444,,,,,CHEMBL235_EC50
86921808,mondrian_pair,cliffA,noncliff,439,388,0.8838268792710706,0.8504679628655677,0.9105267301278243,1.8512292235140555,,,,,CHEMBL235_EC50
86921808,mondrian_pair,__bins__,__summary__,-1,-1,,,,1.8520336973570912,0.7745098039215687,0.16027280477408357,0.723404255319149,0.23404255319148937,CHEMBL235_EC50
86921808,mondrian_wstd,cliffB_oracle,all,470,404,0.8595744680851064,0.8252417145370288,0.888077041574395,1.815772029910592,,,,,CHEMBL235_EC50
86921808,mondrian_wstd,cliffB_oracle,cliff,18,10,0.5555555555555556,0.33716415642042774,0.7544048187299437,2.090866178286028,,,,,CHEMBL235_EC50
86921808,mondrian_wstd,cliffB_oracle,noncliff,452,394,0.8716814159292036,0.8376879549365928,0.8994104232347664,1.804816953205376,,,,,CHEMBL235_EC50
86921808,mondrian_wstd,cliffA,all,470,404,0.8595744680851064,0.8252417145370288,0.888077041574395,1.815772029910592,,,,,CHEMBL235_EC50
86921808,mondrian_wstd,cliffA,cliff,31,22,0.7096774193548387,0.5340767066925007,0.8390419984369939,2.0799292524628292,,,,,CHEMBL235_EC50
86921808,mondrian_wstd,cliffA,noncliff,439,382,0.8701594533029613,0.835478170793802,0.8984187883244544,1.7971185586141925,,,,,CHEMBL235_EC50
86921808,mondrian_wstd,__bins__,__summary__,-1,-1,,,,1.815772029910592,0.7934782608695652,0.1575021312872975,0.776595744680851,0.15957446808510645,CHEMBL235_EC50
86921808,mondrian_std,cliffB_oracle,all,470,399,0.8489361702127659,0.813739441938373,0.8784752089626535,1.7997043678135614,,,,,CHEMBL235_EC50
86921808,mondrian_std,cliffB_oracle,cliff,18,10,0.5555555555555556,0.33716415642042774,0.7544048187299437,2.045549481683513,,,,,CHEMBL235_EC50
86921808,mondrian_std,cliffB_oracle,noncliff,452,389,0.8606194690265486,0.8256413597198394,0.889519566720229,1.7899140756682979,,,,,CHEMBL235_EC50
86921808,mondrian_std,cliffA,all,470,399,0.8489361702127659,0.813739441938373,0.8784752089626535,1.7997043678135614,,,,,CHEMBL235_EC50
86921808,mondrian_std,cliffA,cliff,31,22,0.7096774193548387,0.5340767066925007,0.8390419984369939,2.0736636366134027,,,,,CHEMBL235_EC50
86921808,mondrian_std,cliffA,noncliff,439,377,0.8587699316628702,0.8230728948866899,0.8882426193356201,1.7803587246864656,,,,,CHEMBL235_EC50
86921808,mondrian_std,__bins__,__summary__,-1,-1,,,,1.7997043678135614,0.7934782608695652,0.10848252344416032,0.7659574468085106,0.17021276595744683,CHEMBL235_EC50
86921808,mondrian_iqr,cliffB_oracle,all,470,397,0.8446808510638298,0.8091540378390669,0.874618970977801,1.7719187129743046,,,,,CHEMBL235_EC50
86921808,mondrian_iqr,cliffB_oracle,cliff,18,9,0.5,0.29031021505169974,0.7096897849483003,1.8743709319367698,,,,,CHEMBL235_EC50
86921808,mondrian_iqr,cliffB_oracle,noncliff,452,388,0.8584070796460177,0.8232401935007827,0.8875332425930278,1.7678387573519054,,,,,CHEMBL235_EC50
86921808,mondrian_iqr,cliffA,all,470,397,0.8446808510638298,0.8091540378390669,0.874618970977801,1.7719187129743046,,,,,CHEMBL235_EC50
86921808,mondrian_iqr,cliffA,cliff,31,20,0.6451612903225806,0.46947954064368874,0.788833409061346,1.8949807191029615,,,,,CHEMBL235_EC50
86921808,mondrian_iqr,cliffA,noncliff,439,377,0.8587699316628702,0.8230728948866899,0.8882426193356201,1.7632286852066772,,,,,CHEMBL235_EC50
86921808,mondrian_iqr,__bins__,__summary__,-1,-1,,,,1.7719187129743046,0.8152173913043478,0.0434782608695653,0.7659574468085106,0.13829787234042556,CHEMBL235_EC50
86921808,mondrian_nb,cliffB_oracle,all,470,401,0.8531914893617021,0.818333550421919,0.8823227425632664,1.8649775313536203,,,,,CHEMBL235_EC50
86921808,mondrian_nb,cliffB_oracle,cliff,18,10,0.5555555555555556,0.33716415642042774,0.7544048187299437,1.8850154890498816,,,,,CHEMBL235_EC50
86921808,mondrian_nb,cliffB_oracle,noncliff,452,391,0.8650442477876106,0.8304516797928976,0.893484227339687,1.8641795595869552,,,,,CHEMBL235_EC50
86921808,mondrian_nb,cliffA,all,470,401,0.8531914893617021,0.818333550421919,0.8823227425632664,1.8649775313536203,,,,,CHEMBL235_EC50
86921808,mondrian_nb,cliffA,cliff,31,22,0.7096774193548387,0.5340767066925007,0.8390419984369939,1.8748339677131953,,,,,CHEMBL235_EC50
86921808,mondrian_nb,cliffA,noncliff,439,379,0.8633257403189066,0.8280262031666283,0.8923218890140603,1.8642815187633086,,,,,CHEMBL235_EC50
86921808,mondrian_nb,__bins__,__summary__,-1,-1,,,,1.8649775313536203,0.7745098039215687,0.1711423699914748,0.7340425531914894,0.21276595744680848,CHEMBL235_EC50
86921808,mondrian_nnsim,cliffB_oracle,all,470,416,0.8851063829787233,0.8531021518801972,0.9108664567361796,1.9164672444720774,,,,,CHEMBL235_EC50
86921808,mondrian_nnsim,cliffB_oracle,cliff,18,9,0.5,0.29031021505169974,0.7096897849483003,1.9522646759812388,,,,,CHEMBL235_EC50
86921808,mondrian_nnsim,cliffB_oracle,noncliff,452,407,0.9004424778761062,0.8693758274856785,0.9247599251870356,1.915041683040297,,,,,CHEMBL235_EC50
86921808,mondrian_nnsim,cliffA,all,470,416,0.8851063829787233,0.8531021518801972,0.9108664567361796,1.9164672444720774,,,,,CHEMBL235_EC50
86921808,mondrian_nnsim,cliffA,cliff,31,20,0.6451612903225806,0.46947954064368874,0.788833409061346,1.9425851345276397,,,,,CHEMBL235_EC50
86921808,mondrian_nnsim,cliffA,noncliff,439,396,0.9020501138952164,0.8706588985714523,0.9264661062554538,1.9146229287733931,,,,,CHEMBL235_EC50
86921808,mondrian_nnsim,__bins__,__summary__,-1,-1,,,,1.9164672444720774,0.7843137254901961,0.15046888320545615,0.7872340425531915,0.17021276595744683,CHEMBL235_EC50
86921808,mondrian_pairgap,cliffB_oracle,all,470,407,0.8659574468085106,0.8321713017467872,0.8938099174908748,1.8345428371019574,,,,,CHEMBL235_EC50
86921808,mondrian_pairgap,cliffB_oracle,cliff,18,9,0.5,0.29031021505169974,0.7096897849483003,1.814186671174507,,,,,CHEMBL235_EC50
86921808,mondrian_pairgap,cliffB_oracle,noncliff,452,398,0.8805309734513275,0.8473777024938592,0.9072706370625322,1.8353534808778291,,,,,CHEMBL235_EC50
86921808,mondrian_pairgap,cliffA,all,470,407,0.8659574468085106,0.8321713017467872,0.8938099174908748,1.8345428371019574,,,,,CHEMBL235_EC50
86921808,mondrian_pairgap,cliffA,cliff,31,20,0.6451612903225806,0.46947954064368874,0.788833409061346,1.8697835659285371,,,,,CHEMBL235_EC50
86921808,mondrian_pairgap,cliffA,noncliff,439,387,0.8815489749430524,0.8479612167229055,0.9085171872912973,1.8320543118317434,,,,,CHEMBL235_EC50
86921808,mondrian_pairgap,__bins__,__summary__,-1,-1,,,,1.8345428371019574,0.7843137254901961,0.15046888320545615,0.7340425531914894,0.21276595744680848,CHEMBL235_EC50
86921808,mondrian_rfstd,cliffB_oracle,all,470,411,0.874468085106383,0.8414462993083103,0.9014182040976695,1.7800238549186223,,,,,CHEMBL235_EC50
86921808,mondrian_rfstd,cliffB_oracle,cliff,18,9,0.5,0.29031021505169974,0.7096897849483003,1.9859875405694538,,,,,CHEMBL235_EC50
86921808,mondrian_rfstd,cliffB_oracle,noncliff,452,402,0.8893805309734514,0.8571188604111029,0.9150794405303211,1.7718217612422615,,,,,CHEMBL235_EC50
86921808,mondrian_rfstd,cliffA,all,470,411,0.874468085106383,0.8414462993083103,0.9014182040976695,1.7800238549186223,,,,,CHEMBL235_EC50
86921808,mondrian_rfstd,cliffA,cliff,31,21,0.6774193548387096,0.5014100930808565,0.8143057343364082,1.9520713748382645,,,,,CHEMBL235_EC50
86921808,mondrian_rfstd,cliffA,noncliff,439,390,0.8883826879271071,0.8554922680510021,0.9145350029007685,1.7678747134208797,,,,,CHEMBL235_EC50
86921808,mondrian_rfstd,__bins__,__summary__,-1,-1,,,,1.7800238549186223,0.8478260869565217,0.05434782608695654,0.8085106382978723,0.12765957446808518,CHEMBL235_EC50
71339737,global,cliffB_oracle,all,344,288,0.8372093023255814,0.7945107328070427,0.8724597910245968,1.9372767447690704,,,,,CHEMBL239_EC50
71339737,global,cliffB_oracle,cliff,24,15,0.625,0.42709962442674276,0.7884063244045122,1.9372767447690702,,,,,CHEMBL239_EC50
71339737,global,cliffB_oracle,noncliff,320,273,0.853125,0.8101559328907417,0.8877164174346459,1.9372767447690706,,,,,CHEMBL239_EC50
71339737,global,cliffA,all,344,288,0.8372093023255814,0.7945107328070427,0.8724597910245968,1.9372767447690704,,,,,CHEMBL239_EC50
71339737,global,cliffA,cliff,36,25,0.6944444444444444,0.5314372714948966,0.8199554840517008,1.93727674476907,,,,,CHEMBL239_EC50
71339737,global,cliffA,noncliff,308,263,0.8538961038961039,0.8100923613055787,0.8889808178169828,1.9372767447690704,,,,,CHEMBL239_EC50
71339737,global,__bins__,__summary__,-1,-1,,,,1.9372767447690704,0.6493506493506493,0.29094785811203727,0.6376811594202898,0.30434782608695654,CHEMBL239_EC50
71339737,mondrian_pair,cliffB_oracle,all,344,288,0.8372093023255814,0.7945107328070427,0.8724597910245968,1.9461036598025176,,,,,CHEMBL239_EC50
71339737,mondrian_pair,cliffB_oracle,cliff,24,15,0.625,0.42709962442674276,0.7884063244045122,1.9417952846076207,,,,,CHEMBL239_EC50
71339737,mondrian_pair,cliffB_oracle,noncliff,320,273,0.853125,0.8101559328907417,0.8877164174346459,1.9464267879421349,,,,,CHEMBL239_EC50
71339737,mondrian_pair,cliffA,all,344,288,0.8372093023255814,0.7945107328070427,0.8724597910245968,1.9461036598025176,,,,,CHEMBL239_EC50
71339737,mondrian_pair,cliffA,cliff,36,25,0.6944444444444444,0.5314372714948966,0.8199554840517008,1.9417952846076203,,,,,CHEMBL239_EC50
71339737,mondrian_pair,cliffA,noncliff,308,263,0.8538961038961039,0.8100923613055787,0.8889808178169828,1.9466072361239994,,,,,CHEMBL239_EC50
71339737,mondrian_pair,__bins__,__summary__,-1,-1,,,,1.9461036598025176,0.6493506493506493,0.29094785811203727,0.6376811594202898,0.30434782608695654,CHEMBL239_EC50
71339737,mondrian_wstd,cliffB_oracle,all,344,289,0.8401162790697675,0.7976624690570808,0.875057800669659,2.0274992482855767,,,,,CHEMBL239_EC50
71339737,mondrian_wstd,cliffB_oracle,cliff,24,15,0.625,0.42709962442674276,0.7884063244045122,2.172300027797012,,,,,CHEMBL239_EC50
71339737,mondrian_wstd,cliffB_oracle,noncliff,320,274,0.85625,0.8135803402145845,0.8904678716181074,2.016639189822219,,,,,CHEMBL239_EC50
71339737,mondrian_wstd,cliffA,all,344,289,0.8401162790697675,0.7976624690570808,0.875057800669659,2.0274992482855767,,,,,CHEMBL239_EC50
71339737,mondrian_wstd,cliffA,cliff,36,25,0.6944444444444444,0.5314372714948966,0.8199554840517008,2.1496690548963864,,,,,CHEMBL239_EC50
71339737,mondrian_wstd,cliffA,noncliff,308,264,0.8571428571428571,0.8136567885212637,0.8918299060060918,2.0132196604998973,,,,,CHEMBL239_EC50
71339737,mondrian_wstd,__bins__,__summary__,-1,-1,,,,2.0274992482855767,0.6753246753246753,0.2649738321380113,0.6811594202898551,0.24637681159420288,CHEMBL239_EC50
71339737,mondrian_std,cliffB_oracle,all,344,286,0.8313953488372093,0.7882200846802482,0.8672509473611906,1.9726546231430262,,,,,CHEMBL239_EC50
71339737,mondrian_std,cliffB_oracle,cliff,24,15,0.625,0.42709962442674276,0.7884063244045122,2.0556008521453024,,,,,CHEMBL239_EC50
71339737,mondrian_std,cliffB_oracle,noncliff,320,271,0.846875,0.8033244349945157,0.8821961923162633,1.9664336559678552,,,,,CHEMBL239_EC50
71339737,mondrian_std,cliffA,all,344,286,0.8313953488372093,0.7882200846802482,0.8672509473611906,1.9726546231430262,,,,,CHEMBL239_EC50
71339737,mondrian_std,cliffA,cliff,36,25,0.6944444444444444,0.5314372714948966,0.8199554840517008,2.0553519829137312,,,,,CHEMBL239_EC50
71339737,mondrian_std,cliffA,noncliff,308,261,0.8474025974025974,0.8029826488561009,0.8832634994568722,1.9629886979750215,,,,,CHEMBL239_EC50
71339737,mondrian_std,__bins__,__summary__,-1,-1,,,,1.9726546231430262,0.6753246753246753,0.2649738321380113,0.6521739130434783,0.2753623188405797,CHEMBL239_EC50
71339737,mondrian_iqr,cliffB_oracle,all,344,290,0.8430232558139535,0.8008186028543571,0.877651412767483,2.0125927480463606,,,,,CHEMBL239_EC50
71339737,mondrian_iqr,cliffB_oracle,cliff,24,15,0.625,0.42709962442674276,0.7884063244045122,2.04727123381703,,,,,CHEMBL239_EC50
71339737,mondrian_iqr,cliffB_oracle,noncliff,320,275,0.859375,0.8170107228152117,0.8932133505247843,2.009991861613561,,,,,CHEMBL239_EC50
71339737,mondrian_iqr,cliffA,all,344,290,0.8430232558139535,0.8008186028543571,0.877651412767483,2.0125927480463606,,,,,CHEMBL239_EC50
71339737,mondrian_iqr,cliffA,cliff,36,26,0.7222222222222222,0.5600751000260289,0.841516620598654,2.0575440236899363,,,,,CHEMBL239_EC50
71339737,mondrian_iqr,cliffA,noncliff,308,264,0.8571428571428571,0.8136567885212637,0.8918299060060918,2.0073387028412677,,,,,CHEMBL239_EC50
71339737,mondrian_iqr,__bins__,__summary__,-1,-1,,,,2.0125927480463606,0.6753246753246753,0.2649738321380113,0.6666666666666666,0.2898550724637682,CHEMBL239_EC50
71339737,mondrian_nb,cliffB_oracle,all,344,284,0.8255813953488372,0.7819459605093837,0.8620255797418546,1.976585579918556,,,,,CHEMBL239_EC50
71339737,mondrian_nb,cliffB_oracle,cliff,24,15,0.625,0.42709962442674276,0.7884063244045122,1.953748395780033,,,,,CHEMBL239_EC50
71339737,mondrian_nb,cliffB_oracle,noncliff,320,269,0.840625,0.7965150857603751,0.876653818535795,1.9782983687289453,,,,,CHEMBL239_EC50
71339737,mondrian_nb,cliffA,all,344,284,0.8255813953488372,0.7819459605093837,0.8620255797418546,1.976585579918556,,,,,CHEMBL239_EC50
71339737,mondrian_nb,cliffA,cliff,36,25,0.6944444444444444,0.5314372714948966,0.8199554840517008,1.9480217147337977,,,,,CHEMBL239_EC50
71339737,mondrian_nb,cliffA,noncliff,308,259,0.8409090909090909,0.7958973755738185,0.8775217419295666,1.97992421351158,,,,,CHEMBL239_EC50
71339737,mondrian_nb,__bins__,__summary__,-1,-1,,,,1.976585579918556,0.6363636363636364,0.30393487109905026,0.5942028985507246,0.33333333333333337,CHEMBL239_EC50
71339737,mondrian_nnsim,cliffB_oracle,all,344,290,0.8430232558139535,0.8008186028543571,0.877651412767483,2.011694323374273,,,,,CHEMBL239_EC50
71339737,mondrian_nnsim,cliffB_oracle,cliff,24,15,0.625,0.42709962442674276,0.7884063244045122,1.883416461724048,,,,,CHEMBL239_EC50
71339737,mondrian_nnsim,cliffB_oracle,noncliff,320,275,0.859375,0.8170107228152117,0.8932133505247843,2.0213151629980404,,,,,CHEMBL239_EC50
71339737,mondrian_nnsim,cliffA,all,344,290,0.8430232558139535,0.8008186028543571,0.877651412767483,2.011694323374273,,,,,CHEMBL239_EC50
71339737,mondrian_nnsim,cliffA,cliff,36,25,0.6944444444444444,0.5314372714948966,0.8199554840517008,1.9023518159702202,,,,,CHEMBL239_EC50
71339737,mondrian_nnsim,cliffA,noncliff,308,265,0.8603896103896104,0.8172278310927522,0.8946723788393974,2.024474616447474,,,,,CHEMBL239_EC50
71339737,mondrian_nnsim,__bins__,__summary__,-1,-1,,,,2.011694323374273,0.6493506493506493,0.29094785811203727,0.6521739130434783,0.28985507246376807,CHEMBL239_EC50
71339737,mondrian_pairgap,cliffB_oracle,all,344,288,0.8372093023255814,0.7945107328070427,0.8724597910245968,1.975407631745422,,,,,CHEMBL239_EC50
71339737,mondrian_pairgap,cliffB_oracle,cliff,24,16,0.6666666666666666,0.4670631683813174,0.8202780967270225,2.019705391608635,,,,,CHEMBL239_EC50
71339737,mondrian_pairgap,cliffB_oracle,noncliff,320,272,0.85,0.8067373466249323,0.8849591421931509,1.9720852997556808,,,,,CHEMBL239_EC50
71339737,mondrian_pairgap,cliffA,all,344,288,0.8372093023255814,0.7945107328070427,0.8724597910245968,1.975407631745422,,,,,CHEMBL239_EC50
71339737,mondrian_pairgap,cliffA,cliff,36,26,0.7222222222222222,0.5600751000260289,0.841516620598654,2.001215867443908,,,,,CHEMBL239_EC50
71339737,mondrian_pairgap,cliffA,noncliff,308,262,0.8506493506493507,0.806534371074872,0.8861252926428953,1.9723910847157287,,,,,CHEMBL239_EC50
71339737,mondrian_pairgap,__bins__,__summary__,-1,-1,,,,1.975407631745422,0.6493506493506493,0.29094785811203727,0.6521739130434783,0.30434782608695654,CHEMBL239_EC50
71339737,mondrian_rfstd,cliffB_oracle,all,344,280,0.813953488372093,0.769444770441689,0.8515277862291478,1.8581435228790097,,,,,CHEMBL239_EC50
71339737,mondrian_rfstd,cliffB_oracle,cliff,24,15,0.625,0.42709962442674276,0.7884063244045122,2.0114033559880067,,,,,CHEMBL239_EC50
71339737,mondrian_rfstd,cliffB_oracle,noncliff,320,265,0.828125,0.7829587893863698,0.8655066688805831,1.8466490353958354,,,,,CHEMBL239_EC50
71339737,mondrian_rfstd,cliffA,all,344,280,0.813953488372093,0.769444770441689,0.8515277862291478,1.8581435228790097,,,,,CHEMBL239_EC50
71339737,mondrian_rfstd,cliffA,cliff,36,24,0.6666666666666666,0.5033399787115652,0.7978538117569468,1.9520667167224925,,,,,CHEMBL239_EC50
71339737,mondrian_rfstd,cliffA,noncliff,308,256,0.8311688311688312,0.7853127218303456,0.8688658494586571,1.8471654872349668,,,,,CHEMBL239_EC50
71339737,mondrian_rfstd,__bins__,__summary__,-1,-1,,,,1.8581435228790097,0.7012987012987013,0.20779220779220775,0.7391304347826086,0.1594202898550725,CHEMBL239_EC50
99182118,global,cliffB_oracle,all,344,295,0.8575581395348837,0.8166688054936058,0.890549939603736,2.095038543110286,,,,,CHEMBL239_EC50
99182118,global,cliffB_oracle,cliff,17,10,0.5882352941176471,0.3600544264299978,0.7838894320978518,2.0950385431102863,,,,,CHEMBL239_EC50
99182118,global,cliffB_oracle,noncliff,327,285,0.8715596330275229,0.8309355022666446,0.9035552742708223,2.0950385431102863,,,,,CHEMBL239_EC50
99182118,global,cliffA,all,344,295,0.8575581395348837,0.8166688054936058,0.890549939603736,2.095038543110286,,,,,CHEMBL239_EC50
99182118,global,cliffA,cliff,42,32,0.7619047619047619,0.6147245613168169,0.8651903577535287,2.0950385431102863,,,,,CHEMBL239_EC50
99182118,global,cliffA,noncliff,302,263,0.8708609271523179,0.828331230556567,0.9040743787539897,2.0950385431102863,,,,,CHEMBL239_EC50
99182118,global,__bins__,__summary__,-1,-1,,,,2.095038543110286,0.75,0.16044776119402981,0.6376811594202898,0.33333333333333337,CHEMBL239_EC50
99182118,mondrian_pair,cliffB_oracle,all,344,295,0.8575581395348837,0.8166688054936058,0.890549939603736,2.0694156693963714,,,,,CHEMBL239_EC50
99182118,mondrian_pair,cliffB_oracle,cliff,17,10,0.5882352941176471,0.3600544264299978,0.7838894320978518,2.034555996379854,,,,,CHEMBL239_EC50
99182118,mondrian_pair,cliffB_oracle,noncliff,327,285,0.8715596330275229,0.8309355022666446,0.9035552742708223,2.071227945975212,,,,,CHEMBL239_EC50
99182118,mondrian_pair,cliffA,all,344,295,0.8575581395348837,0.8166688054936058,0.890549939603736,2.0694156693963714,,,,,CHEMBL239_EC50
99182118,mondrian_pair,cliffA,cliff,42,32,0.7619047619047619,0.6147245613168169,0.8651903577535287,2.0377986689732617,,,,,CHEMBL239_EC50
99182118,mondrian_pair,cliffA,noncliff,302,263,0.8708609271523179,0.828331230556567,0.9040743787539897,2.07381273568038,,,,,CHEMBL239_EC50
99182118,mondrian_pair,__bins__,__summary__,-1,-1,,,,2.0694156693963714,0.75,0.16044776119402981,0.6376811594202898,0.33333333333333337,CHEMBL239_EC50
99182118,mondrian_wstd,cliffB_oracle,all,344,296,0.8604651162790697,0.8198535371595861,0.893114953832856,2.1043818545323054,,,,,CHEMBL239_EC50
99182118,mondrian_wstd,cliffB_oracle,cliff,17,12,0.7058823529411765,0.4686688993346016,0.8672001038970478,2.1681231742718143,,,,,CHEMBL239_EC50
99182118,mondrian_wstd,cliffB_oracle,noncliff,327,284,0.8685015290519877,0.827556991921112,0.9008885930399148,2.1010680856161845,,,,,CHEMBL239_EC50
99182118,mondrian_wstd,cliffA,all,344,296,0.8604651162790697,0.8198535371595861,0.893114953832856,2.1043818545323054,,,,,CHEMBL239_EC50
99182118,mondrian_wstd,cliffA,cliff,42,35,0.8333333333333334,0.6939599725535115,0.9168408335360192,2.23863439991269,,,,,CHEMBL239_EC50
99182118,mondrian_wstd,cliffA,noncliff,302,261,0.8642384105960265,0.8210029692208004,0.8983239684949248,2.0857109707376824,,,,,CHEMBL239_EC50
99182118,mondrian_wstd,__bins__,__summary__,-1,-1,,,,2.1043818545323054,0.8208955223880597,0.11940298507462688,0.6666666666666666,0.2898550724637682,CHEMBL239_EC50
99182118,mondrian_std,cliffB_oracle,all,344,297,0.8633720930232558,0.8230434537319069,0.8956747831556355,2.099731707798396,,,,,CHEMBL239_EC50
99182118,mondrian_std,cliffB_oracle,cliff,17,12,0.7058823529411765,0.4686688993346016,0.8672001038970478,2.070753150081548,,,,,CHEMBL239_EC50
99182118,mondrian_std,cliffB_oracle,noncliff,327,285,0.8715596330275229,0.8309355022666446,0.9035552742708223,2.101238238321902,,,,,CHEMBL239_EC50
99182118,mondrian_std,cliffA,all,344,297,0.8633720930232558,0.8230434537319069,0.8956747831556355,2.099731707798396,,,,,CHEMBL239_EC50
99182118,mondrian_std,cliffA,cliff,42,35,0.8333333333333334,0.6939599725535115,0.9168408335360192,2.1821028342361948,,,,,CHEMBL239_EC50
99182118,mondrian_std,cliffA,noncliff,302,262,0.8675496688741722,0.8246632900730616,0.9012029834400793,2.0882761206779072,,,,,CHEMBL239_EC50
99182118,mondrian_std,__bins__,__summary__,-1,-1,,,,2.099731707798396,0.8208955223880597,0.08955223880597007,0.6956521739130435,0.2753623188405797,CHEMBL239_EC50
99182118,mondrian_iqr,cliffB_oracle,all,344,300,0.872093023255814,0.8326457109961805,0.903321763576663,2.136693294344482,,,,,CHEMBL239_EC50
99182118,mondrian_iqr,cliffB_oracle,cliff,17,13,0.7647058823529411,0.5273820188043501,0.9044495567791988,2.2825588227330456,,,,,CHEMBL239_EC50
99182118,mondrian_iqr,cliffB_oracle,noncliff,327,287,0.8776758409785933,0.8377122487749011,0.908868910915446,2.1291100711560857,,,,,CHEMBL239_EC50
99182118,mondrian_iqr,cliffA,all,344,300,0.872093023255814,0.8326457109961805,0.903321763576663,2.136693294344482,,,,,CHEMBL239_EC50
99182118,mondrian_iqr,cliffA,cliff,42,34,0.8095238095238095,0.6669922598996131,0.9001799171835226,2.287695519613043,,,,,CHEMBL239_EC50
99182118,mondrian_iqr,cliffA,noncliff,302,266,0.8807947019867549,0.8393832789982271,0.9126403377045765,2.1156929848700465,,,,,CHEMBL239_EC50
99182118,mondrian_iqr,__bins__,__summary__,-1,-1,,,,2.136693294344482,0.8289473684210527,0.09642576590730556,0.6956521739130435,0.26086956521739135,CHEMBL239_EC50
99182118,mondrian_nb,cliffB_oracle,all,344,299,0.8691860465116279,0.8294393933883847,0.9007783352893585,2.1022341048006026,,,,,CHEMBL239_EC50
99182118,mondrian_nb,cliffB_oracle,cliff,17,12,0.7058823529411765,0.4686688993346016,0.8672001038970478,2.0660841125472365,,,,,CHEMBL239_EC50
99182118,mondrian_nb,cliffB_oracle,noncliff,327,287,0.8776758409785933,0.8377122487749011,0.908868910915446,2.104113462196038,,,,,CHEMBL239_EC50
99182118,mondrian_nb,cliffA,all,344,299,0.8691860465116279,0.8294393933883847,0.9007783352893585,2.1022341048006026,,,,,CHEMBL239_EC50
99182118,mondrian_nb,cliffA,cliff,42,34,0.8095238095238095,0.6669922598996131,0.9001799171835226,2.065727671264637,,,,,CHEMBL239_EC50
99182118,mondrian_nb,cliffA,noncliff,302,265,0.8774834437086093,0.8356909579693679,0.9097933229360202,2.1073111584711675,,,,,CHEMBL239_EC50
99182118,mondrian_nb,__bins__,__summary__,-1,-1,,,,2.1022341048006026,0.7631578947368421,0.16221523959151607,0.6376811594202898,0.33333333333333337,CHEMBL239_EC50
99182118,mondrian_nnsim,cliffB_oracle,all,344,296,0.8604651162790697,0.8198535371595861,0.893114953832856,2.1112553239689174,,,,,CHEMBL239_EC50
99182118,mondrian_nnsim,cliffB_oracle,cliff,17,11,0.6470588235294118,0.41300363485218694,0.8269027960275627,2.163629108798416,,,,,CHEMBL239_EC50
99182118,mondrian_nnsim,cliffB_oracle,noncliff,327,285,0.8715596330275229,0.8309355022666446,0.9035552742708223,2.1085325278157017,,,,,CHEMBL239_EC50
99182118,mondrian_nnsim,cliffA,all,344,296,0.8604651162790697,0.8198535371595861,0.893114953832856,2.1112553239689174,,,,,CHEMBL239_EC50
99182118,mondrian_nnsim,cliffA,cliff,42,34,0.8095238095238095,0.6669922598996131,0.9001799171835226,2.1338371067464044,,,,,CHEMBL239_EC50
99182118,mondrian_nnsim,cliffA,noncliff,302,262,0.8675496688741722,0.8246632900730616,0.9012029834400793,2.108114811132313,,,,,CHEMBL239_EC50
99182118,mondrian_nnsim,__bins__,__summary__,-1,-1,,,,2.1112553239689174,0.7631578947368421,0.14728986645718767,0.6521739130434783,0.3188405797101449,CHEMBL239_EC50
99182118,mondrian_pairgap,cliffB_oracle,all,344,302,0.877906976744186,0.8390758400926547,0.9083911262703895,2.1837024210445195,,,,,CHEMBL239_EC50
99182118,mondrian_pairgap,cliffB_oracle,cliff,17,13,0.7647058823529411,0.5273820188043501,0.9044495567791988,2.2063115221165237,,,,,CHEMBL239_EC50
99182118,mondrian_pairgap,cliffB_oracle,noncliff,327,289,0.8837920489296636,0.8445166840293838,0.9141548588138433,2.182527024352703,,,,,CHEMBL239_EC50
99182118,mondrian_pairgap,cliffA,all,344,302,0.877906976744186,0.8390758400926547,0.9083911262703895,2.1837024210445195,,,,,CHEMBL239_EC50
99182118,mondrian_pairgap,cliffA,cliff,42,35,0.8333333333333334,0.6939599725535115,0.9168408335360192,2.227688634680394,,,,,CHEMBL239_EC50
99182118,mondrian_pairgap,cliffA,noncliff,302,267,0.8841059602649006,0.8430842908860107,0.9154786616142087,2.177585133055424,,,,,CHEMBL239_EC50
99182118,mondrian_pairgap,__bins__,__summary__,-1,-1,,,,2.1837024210445195,0.8026315789473685,0.12274155538098974,0.6666666666666666,0.30434782608695654,CHEMBL239_EC50
99182118,mondrian_rfstd,cliffB_oracle,all,344,301,0.875,0.83585780370585,0.9058594167620938,1.990735434629315,,,,,CHEMBL239_EC50
99182118,mondrian_rfstd,cliffB_oracle,cliff,17,10,0.5882352941176471,0.3600544264299978,0.7838894320978518,1.936075257334377,,,,,CHEMBL239_EC50
99182118,mondrian_rfstd,cliffB_oracle,noncliff,327,291,0.8899082568807339,0.8513506612548991,0.919411264741208,1.9935770952226302,,,,,CHEMBL239_EC50
99182118,mondrian_rfstd,cliffA,all,344,301,0.875,0.83585780370585,0.9058594167620938,1.990735434629315,,,,,CHEMBL239_EC50
99182118,mondrian_rfstd,cliffA,cliff,42,32,0.7619047619047619,0.6147245613168169,0.8651903577535287,1.9811997236354633,,,,,CHEMBL239_EC50
99182118,mondrian_rfstd,cliffA,noncliff,302,269,0.890728476821192,0.8505136677375589,0.9211279563574919,1.9920615931119041,,,,,CHEMBL239_EC50
99182118,mondrian_rfstd,__bins__,__summary__,-1,-1,,,,1.990735434629315,0.8421052631578947,0.06834249803613512,0.782608695652174,0.14492753623188404,CHEMBL239_EC50
89709943,global,cliffB_oracle,all,344,298,0.8662790697674418,0.8262386913507251,0.8982292914319177,2.113982016153662,,,,,CHEMBL239_EC50
89709943,global,cliffB_oracle,cliff,26,14,0.5384615384615384,0.35457938746858797,0.7124414646960878,2.1139820161536615,,,,,CHEMBL239_EC50
89709943,global,cliffB_oracle,noncliff,318,284,0.8930817610062893,0.8543058230805327,0.922474150873293,2.113982016153662,,,,,CHEMBL239_EC50
89709943,global,cliffA,all,344,298,0.8662790697674418,0.8262386913507251,0.8982292914319177,2.113982016153662,,,,,CHEMBL239_EC50
89709943,global,cliffA,cliff,36,22,0.6111111111111112,0.44864459096605147,0.75215126934629,2.113982016153661,,,,,CHEMBL239_EC50
89709943,global,cliffA,noncliff,308,276,0.8961038961038961,0.857009029204609,0.9254398501802762,2.113982016153662,,,,,CHEMBL239_EC50
89709943,global,__bins__,__summary__,-1,-1,,,,2.113982016153662,0.6875,0.2670454545454546,0.8115942028985508,0.13043478260869557,CHEMBL239_EC50
89709943,mondrian_pair,cliffB_oracle,all,344,294,0.8546511627906976,0.8134891293279849,0.8879798698742565,1.9965579944565297,,,,,CHEMBL239_EC50
89709943,mondrian_pair,cliffB_oracle,cliff,26,14,0.5384615384615384,0.35457938746858797,0.7124414646960878,1.9160213083636408,,,,,CHEMBL239_EC50
89709943,mondrian_pair,cliffB_oracle,noncliff,318,280,0.8805031446540881,0.8402335422652736,0.9116894725220297,2.0031427549546903,,,,,CHEMBL239_EC50
89709943,mondrian_pair,cliffA,all,344,294,0.8546511627906976,0.8134891293279849,0.8879798698742565,1.9965579944565297,,,,,CHEMBL239_EC50
89709943,mondrian_pair,cliffA,cliff,36,22,0.6111111111111112,0.44864459096605147,0.75215126934629,1.902075178939538,,,,,CHEMBL239_EC50
89709943,mondrian_pair,cliffA,noncliff,308,272,0.8831168831168831,0.842427698097533,0.9143671196681756,2.0076014404260483,,,,,CHEMBL239_EC50
89709943,mondrian_pair,__bins__,__summary__,-1,-1,,,,1.9965579944565297,0.675,0.27954545454545454,0.7971014492753623,0.14492753623188404,CHEMBL239_EC50
89709943,mondrian_wstd,cliffB_oracle,all,344,307,0.8924418604651163,0.8552618096701478,0.9209538861683982,2.1212980861030717,,,,,CHEMBL239_EC50
89709943,mondrian_wstd,cliffB_oracle,cliff,26,15,0.5769230769230769,0.3894861374659171,0.7445555668634343,2.188503857463152,,,,,CHEMBL239_EC50
89709943,mondrian_wstd,cliffB_oracle,noncliff,318,292,0.9182389937106918,0.8828986369563997,0.9435952553304708,2.115803274608222,,,,,CHEMBL239_EC50
89709943,mondrian_wstd,cliffA,all,344,307,0.8924418604651163,0.8552618096701478,0.9209538861683982,2.1212980861030717,,,,,CHEMBL239_EC50
89709943,mondrian_wstd,cliffA,cliff,36,24,0.6666666666666666,0.5033399787115652,0.7978538117569468,2.199260659925051,,,,,CHEMBL239_EC50
89709943,mondrian_wstd,cliffA,noncliff,308,283,0.9188311688311688,0.8829252236786438,0.9444182635398004,2.1121855774745284,,,,,CHEMBL239_EC50
89709943,mondrian_wstd,__bins__,__summary__,-1,-1,,,,2.1212980861030717,0.8,0.15454545454545454,0.855072463768116,0.08695652173913038,CHEMBL239_EC50
89709943,mondrian_std,cliffB_oracle,all,344,305,0.8866279069767442,0.8487674486663307,0.9159487553820146,2.0814655395028416,,,,,CHEMBL239_EC50
89709943,mondrian_std,cliffB_oracle,cliff,26,15,0.5769230769230769,0.3894861374659171,0.7445555668634343,2.1460793720878195,,,,,CHEMBL239_EC50
89709943,mondrian_std,cliffB_oracle,noncliff,318,290,0.9119496855345912,0.875686304024929,0.9383791086786804,2.076182647530485,,,,,CHEMBL239_EC50
89709943,mondrian_std,cliffA,all,344,305,0.8866279069767442,0.8487674486663307,0.9159487553820146,2.0814655395028416,,,,,CHEMBL239_EC50
89709943,mondrian_std,cliffA,cliff,36,24,0.6666666666666666,0.5033399787115652,0.7978538117569468,2.1664683413555936,,,,,CHEMBL239_EC50
89709943,mondrian_std,cliffA,noncliff,308,281,0.9123376623376623,0.8754617571731418,0.9390546992357143,2.071530147078494,,,,,CHEMBL239_EC50
89709943,mondrian_std,__bins__,__summary__,-1,-1,,,,2.0814655395028416,0.8125,0.14204545454545459,0.8405797101449275,0.08695652173913049,CHEMBL239_EC50
89709943,mondrian_iqr,cliffB_oracle,all,344,302,0.877906976744186,0.8390758400926547,0.9083911262703895,2.1252251030476526,,,,,CHEMBL239_EC50
89709943,mondrian_iqr,cliffB_oracle,cliff,26,16,0.6153846153846154,0.4253485008511553,0.7757140556428721,2.162660353833556,,,,,CHEMBL239_EC50
89709943,mondrian_iqr,cliffB_oracle,noncliff,318,286,0.89937106918239,0.861393503833924,0.9278149497031629,2.1221643592727046,,,,,CHEMBL239_EC50
89709943,mondrian_iqr,cliffA,all,344,302,0.877906976744186,0.8390758400926547,0.9083911262703895,2.1252251030476526,,,,,CHEMBL239_EC50
89709943,mondrian_iqr,cliffA,cliff,36,24,0.6666666666666666,0.5033399787115652,0.7978538117569468,2.174559218670283,,,,,CHEMBL239_EC50
89709943,mondrian_iqr,cliffA,noncliff,308,278,0.9025974025974026,0.8643574449892548,0.9309184652052189,2.1194587778450074,,,,,CHEMBL239_EC50
89709943,mondrian_iqr,__bins__,__summary__,-1,-1,,,,2.1252251030476526,0.775,0.17954545454545456,0.8405797101449275,0.08695652173913049,CHEMBL239_EC50
89709943,mondrian_nb,cliffB_oracle,all,344,300,0.872093023255814,0.8326457109961805,0.903321763576663,2.091482754749373,,,,,CHEMBL239_EC50
89709943,mondrian_nb,cliffB_oracle,cliff,26,14,0.5384615384615384,0.35457938746858797,0.7124414646960878,1.8960802431134807,,,,,CHEMBL239_EC50
89709943,mondrian_nb,cliffB_oracle,noncliff,318,286,0.89937106918239,0.861393503833924,0.9278149497031629,2.107459060732182,,,,,CHEMBL239_EC50
89709943,mondrian_nb,cliffA,all,344,300,0.872093023255814,0.8326457109961805,0.903321763576663,2.091482754749373,,,,,CHEMBL239_EC50
89709943,mondrian_nb,cliffA,cliff,36,23,0.6388888888888888,0.4757507548555804,0.7752440705348462,1.9397762565406964,,,,,CHEMBL239_EC50
89709943,mondrian_nb,cliffA,noncliff,308,277,0.8993506493506493,0.8606780999078069,0.9281842948818727,2.1092146831114262,,,,,CHEMBL239_EC50
89709943,mondrian_nb,__bins__,__summary__,-1,-1,,,,2.091482754749373,0.725,0.2295454545454546,0.8260869565217391,0.1159420289855072,CHEMBL239_EC50
89709943,mondrian_nnsim,cliffB_oracle,all,344,294,0.8546511627906976,0.8134891293279849,0.8879798698742565,2.1048308710139,,,,,CHEMBL239_EC50
89709943,mondrian_nnsim,cliffB_oracle,cliff,26,12,0.46153846153846156,0.2875585353039122,0.6454206125314121,1.877863258174926,,,,,CHEMBL239_EC50
89709943,mondrian_nnsim,cliffB_oracle,noncliff,318,282,0.8867924528301887,0.8472533281209216,0.9170981662496429,2.123387971434697,,,,,CHEMBL239_EC50
89709943,mondrian_nnsim,cliffA,all,344,294,0.8546511627906976,0.8134891293279849,0.8879798698742565,2.1048308710139,,,,,CHEMBL239_EC50
89709943,mondrian_nnsim,cliffA,cliff,36,20,0.5555555555555556,0.395810617556973,0.7045873125991978,1.9088111798329297,,,,,CHEMBL239_EC50
89709943,mondrian_nnsim,cliffA,noncliff,308,274,0.8896103896103896,0.8497000964920096,0.9199217520832874,2.1277422634895977,,,,,CHEMBL239_EC50
89709943,mondrian_nnsim,__bins__,__summary__,-1,-1,,,,2.1048308710139,0.6875,0.25189393939393945,0.7971014492753623,0.09995737425404949,CHEMBL239_EC50
89709943,mondrian_pairgap,cliffB_oracle,all,344,294,0.8546511627906976,0.8134891293279849,0.8879798698742565,2.055634513602712,,,,,CHEMBL239_EC50
89709943,mondrian_pairgap,cliffB_oracle,cliff,26,13,0.5,0.3206059352575905,0.6793940647424095,1.9365347963682533,,,,,CHEMBL239_EC50
89709943,mondrian_pairgap,cliffB_oracle,noncliff,318,281,0.8836477987421384,0.8437394885227749,0.9143977660561589,2.0653722263325736,,,,,CHEMBL239_EC50
89709943,mondrian_pairgap,cliffA,all,344,294,0.8546511627906976,0.8134891293279849,0.8879798698742565,2.055634513602712,,,,,CHEMBL239_EC50
89709943,mondrian_pairgap,cliffA,cliff,36,21,0.5833333333333334,0.4220025157487166,0.7285943794855394,1.9515159484940945,,,,,CHEMBL239_EC50
89709943,mondrian_pairgap,cliffA,noncliff,308,273,0.8863636363636364,0.846059498669272,0.9171488345012309,2.067804216018005,,,,,CHEMBL239_EC50
89709943,mondrian_pairgap,__bins__,__summary__,-1,-1,,,,2.055634513602712,0.725,0.24469696969696975,0.8115942028985508,0.08695652173913038,CHEMBL239_EC50
89709943,mondrian_rfstd,cliffB_oracle,all,344,286,0.8313953488372093,0.7882200846802482,0.8672509473611906,1.9734065857832885,,,,,CHEMBL239_EC50
89709943,mondrian_rfstd,cliffB_oracle,cliff,26,12,0.46153846153846156,0.2875585353039122,0.6454206125314121,1.975107071254603,,,,,CHEMBL239_EC50
89709943,mondrian_rfstd,cliffB_oracle,noncliff,318,274,0.8616352201257862,0.8193500377939297,0.89528753824359,1.9732675523799739,,,,,CHEMBL239_EC50
89709943,mondrian_rfstd,cliffA,all,344,286,0.8313953488372093,0.7882200846802482,0.8672509473611906,1.9734065857832885,,,,,CHEMBL239_EC50
89709943,mondrian_rfstd,cliffA,cliff,36,21,0.5833333333333334,0.4220025157487166,0.7285943794855394,1.9857401472940548,,,,,CHEMBL239_EC50
89709943,mondrian_rfstd,cliffA,noncliff,308,265,0.8603896103896104,0.8172278310927522,0.8946723788393974,1.971965000671641,,,,,CHEMBL239_EC50
89709943,mondrian_rfstd,__bins__,__summary__,-1,-1,,,,1.9734065857832885,0.7375,0.17159090909090902,0.7391304347826086,0.14492753623188415,CHEMBL239_EC50
86921808,global,cliffB_oracle,all,344,291,0.8459302325581395,0.803979231510849,0.8802405300060913,2.0487312675666245,,,,,CHEMBL239_EC50
86921808,global,cliffB_oracle,cliff,24,15,0.625,0.42709962442674276,0.7884063244045122,2.048731267566625,,,,,CHEMBL239_EC50
86921808,global,cliffB_oracle,noncliff,320,276,0.8625,0.820447243296002,0.8959526915512984,2.0487312675666245,,,,,CHEMBL239_EC50
86921808,global,cliffA,all,344,291,0.8459302325581395,0.803979231510849,0.8802405300060913,2.0487312675666245,,,,,CHEMBL239_EC50
86921808,global,cliffA,cliff,40,29,0.725,0.5716504419378943,0.8389198375233267,2.0487312675666245,,,,,CHEMBL239_EC50
86921808,global,cliffA,noncliff,304,262,0.8618421052631579,0.818516615141812,0.8961369628486093,2.0487312675666245,,,,,CHEMBL239_EC50
86921808,global,__bins__,__summary__,-1,-1,,,,2.0487312675666245,0.6973684210526315,0.2280047132757267,0.6521739130434783,0.28985507246376807,CHEMBL239_EC50
86921808,mondrian_pair,cliffB_oracle,all,344,288,0.8372093023255814,0.7945107328070427,0.8724597910245968,2.018239924504229,,,,,CHEMBL239_EC50
86921808,mondrian_pair,cliffB_oracle,cliff,24,13,0.5416666666666666,0.3507486535891948,0.72108666268789,1.8604245050354933,,,,,CHEMBL239_EC50
86921808,mondrian_pair,cliffB_oracle,noncliff,320,275,0.859375,0.8170107228152117,0.8932133505247843,2.030076080964384,,,,,CHEMBL239_EC50
86921808,mondrian_pair,cliffA,all,344,288,0.8372093023255814,0.7945107328070427,0.8724597910245968,2.018239924504229,,,,,CHEMBL239_EC50
86921808,mondrian_pair,cliffA,cliff,40,26,0.65,0.49505880837257693,0.7786547112682372,1.8403473954581095,,,,,CHEMBL239_EC50
86921808,mondrian_pair,cliffA,noncliff,304,262,0.8618421052631579,0.818516615141812,0.8961369628486093,2.0416468362208233,,,,,CHEMBL239_EC50
86921808,mondrian_pair,__bins__,__summary__,-1,-1,,,,2.018239924504229,0.6710526315789473,0.25432050274941087,0.6666666666666666,0.26086956521739135,CHEMBL239_EC50
86921808,mondrian_wstd,cliffB_oracle,all,344,299,0.8691860465116279,0.8294393933883847,0.9007783352893585,2.1156131711054096,,,,,CHEMBL239_EC50
86921808,mondrian_wstd,cliffB_oracle,cliff,24,15,0.625,0.42709962442674276,0.7884063244045122,2.1790905077311424,,,,,CHEMBL239_EC50
86921808,mondrian_wstd,cliffB_oracle,noncliff,320,284,0.8875,0.8481832315884408,0.9176235953172942,2.1108523708584803,,,,,CHEMBL239_EC50
86921808,mondrian_wstd,cliffA,all,344,299,0.8691860465116279,0.8294393933883847,0.9007783352893585,2.1156131711054096,,,,,CHEMBL239_EC50
86921808,mondrian_wstd,cliffA,cliff,40,29,0.725,0.5716504419378943,0.8389198375233267,2.0833980248339374,,,,,CHEMBL239_EC50
86921808,mondrian_wstd,cliffA,noncliff,304,270,0.8881578947368421,0.8477752977415438,0.9188530859209083,2.1198520061411297,,,,,CHEMBL239_EC50
86921808,mondrian_wstd,__bins__,__summary__,-1,-1,,,,2.1156131711054096,0.835820895522388,0.07462686567164178,0.7536231884057971,0.17391304347826086,CHEMBL239_EC50
86921808,mondrian_std,cliffB_oracle,all,344,298,0.8662790697674418,0.8262386913507251,0.8982292914319177,2.1128800517832182,,,,,CHEMBL239_EC50
86921808,mondrian_std,cliffB_oracle,cliff,24,15,0.625,0.42709962442674276,0.7884063244045122,2.1461228548377567,,,,,CHEMBL239_EC50
86921808,mondrian_std,cliffB_oracle,noncliff,320,283,0.884375,0.8446904995197962,0.9149404658786345,2.110386841554128,,,,,CHEMBL239_EC50
86921808,mondrian_std,cliffA,all,344,298,0.8662790697674418,0.8262386913507251,0.8982292914319177,2.1128800517832182,,,,,CHEMBL239_EC50
86921808,mondrian_std,cliffA,cliff,40,30,0.75,0.5980603857923197,0.858128813609037,2.074262892984842,,,,,CHEMBL239_EC50
86921808,mondrian_std,cliffA,noncliff,304,268,0.881578947368421,0.8404110607204724,0.9132236215239717,2.1179612568882678,,,,,CHEMBL239_EC50
86921808,mondrian_std,__bins__,__summary__,-1,-1,,,,2.1128800517832182,0.8289473684210527,0.08150039277297716,0.7391304347826086,0.2028985507246377,CHEMBL239_EC50
86921808,mondrian_iqr,cliffB_oracle,all,344,298,0.8662790697674418,0.8262386913507251,0.8982292914319177,2.0375824079076303,,,,,CHEMBL239_EC50
86921808,mondrian_iqr,cliffB_oracle,cliff,24,14,0.5833333333333334,0.3883466586522876,0.7553239739018824,1.9527829819314526,,,,,CHEMBL239_EC50
86921808,mondrian_iqr,cliffB_oracle,noncliff,320,284,0.8875,0.8481832315884408,0.9176235953172942,2.0439423648558437,,,,,CHEMBL239_EC50
86921808,mondrian_iqr,cliffA,all,344,298,0.8662790697674418,0.8262386913507251,0.8982292914319177,2.0375824079076303,,,,,CHEMBL239_EC50
86921808,mondrian_iqr,cliffA,cliff,40,28,0.7,0.5456998118185507,0.8192515477025347,1.989422133950232,,,,,CHEMBL239_EC50
86921808,mondrian_iqr,cliffA,noncliff,304,270,0.8881578947368421,0.8477752977415438,0.9188530859209083,2.04391928605992,,,,,CHEMBL239_EC50
86921808,mondrian_iqr,__bins__,__summary__,-1,-1,,,,2.0375824079076303,0.7763157894736842,0.13413197172034563,0.7391304347826086,0.2028985507246377,CHEMBL239_EC50
86921808,mondrian_nb,cliffB_oracle,all,344,287,0.8343023255813954,0.7913633010384159,0.8698574768981232,2.06926065634633,,,,,CHEMBL239_EC50
86921808,mondrian_nb,cliffB_oracle,cliff,24,13,0.5416666666666666,0.3507486535891948,0.72108666268789,2.03481889505295,,,,,CHEMBL239_EC50
86921808,mondrian_nb,cliffB_oracle,noncliff,320,274,0.85625,0.8135803402145845,0.8904678716181074,2.0718437884433336,,,,,CHEMBL239_EC50
86921808,mondrian_nb,cliffA,all,344,287,0.8343023255813954,0.7913633010384159,0.8698574768981232,2.06926065634633,,,,,CHEMBL239_EC50
86921808,mondrian_nb,cliffA,cliff,40,26,0.65,0.49505880837257693,0.7786547112682372,2.029292480537086,,,,,CHEMBL239_EC50
86921808,mondrian_nb,cliffA,noncliff,304,261,0.8585526315789473,0.8148937800931855,0.8932629471882321,2.0745196268475468,,,,,CHEMBL239_EC50
86921808,mondrian_nb,__bins__,__summary__,-1,-1,,,,2.06926065634633,0.6578947368421053,0.2674783974862529,0.6086956521739131,0.3188405797101449,CHEMBL239_EC50
86921808,mondrian_nnsim,cliffB_oracle,all,344,297,0.8633720930232558,0.8230434537319069,0.8956747831556355,2.1273216847362653,,,,,CHEMBL239_EC50
86921808,mondrian_nnsim,cliffB_oracle,cliff,24,16,0.6666666666666666,0.4670631683813174,0.8202780967270225,2.231761267863608,,,,,CHEMBL239_EC50
86921808,mondrian_nnsim,cliffB_oracle,noncliff,320,281,0.878125,0.8377282794031274,0.9095509629806947,2.1194887160017144,,,,,CHEMBL239_EC50
86921808,mondrian_nnsim,cliffA,all,344,297,0.8633720930232558,0.8230434537319069,0.8956747831556355,2.1273216847362653,,,,,CHEMBL239_EC50
86921808,mondrian_nnsim,cliffA,cliff,40,30,0.75,0.5980603857923197,0.858128813609037,2.1923144473994776,,,,,CHEMBL239_EC50
86921808,mondrian_nnsim,cliffA,noncliff,304,267,0.8782894736842105,0.8367420321747192,0.9103957993607212,2.118770005438474,,,,,CHEMBL239_EC50
86921808,mondrian_nnsim,__bins__,__summary__,-1,-1,,,,2.1273216847362653,0.7631578947368421,0.17714061272584447,0.6956521739130435,0.24637681159420288,CHEMBL239_EC50
86921808,mondrian_pairgap,cliffB_oracle,all,344,296,0.8604651162790697,0.8198535371595861,0.893114953832856,2.15522458562568,,,,,CHEMBL239_EC50
86921808,mondrian_pairgap,cliffB_oracle,cliff,24,14,0.5833333333333334,0.3883466586522876,0.7553239739018824,2.0729679904060596,,,,,CHEMBL239_EC50
86921808,mondrian_pairgap,cliffB_oracle,noncliff,320,282,0.88125,0.8412056020627307,0.9122495018283957,2.1613938302671514,,,,,CHEMBL239_EC50
86921808,mondrian_pairgap,cliffA,all,344,296,0.8604651162790697,0.8198535371595861,0.893114953832856,2.15522458562568,,,,,CHEMBL239_EC50
86921808,mondrian_pairgap,cliffA,cliff,40,28,0.7,0.5456998118185507,0.8192515477025347,2.0966829047378037,,,,,CHEMBL239_EC50
86921808,mondrian_pairgap,cliffA,noncliff,304,268,0.881578947368421,0.8404110607204724,0.9132236215239717,2.162927438374085,,,,,CHEMBL239_EC50
86921808,mondrian_pairgap,__bins__,__summary__,-1,-1,,,,2.15522458562568,0.75,0.17537313432835822,0.7101449275362319,0.21739130434782605,CHEMBL239_EC50
86921808,mondrian_rfstd,cliffB_oracle,all,344,284,0.8255813953488372,0.7819459605093837,0.8620255797418546,1.9390240320617393,,,,,CHEMBL239_EC50
86921808,mondrian_rfstd,cliffB_oracle,cliff,24,12,0.5,0.3142742581957335,0.6857257418042665,1.9225823224739802,,,,,CHEMBL239_EC50
86921808,mondrian_rfstd,cliffB_oracle,noncliff,320,272,0.85,0.8067373466249323,0.8849591421931509,1.9402571602808216,,,,,CHEMBL239_EC50
86921808,mondrian_rfstd,cliffA,all,344,284,0.8255813953488372,0.7819459605093837,0.8620255797418546,1.9390240320617393,,,,,CHEMBL239_EC50
86921808,mondrian_rfstd,cliffA,cliff,40,27,0.675,0.5201774618987768,0.799154977682173,1.9703458410278103,,,,,CHEMBL239_EC50
86921808,mondrian_rfstd,cliffA,noncliff,304,257,0.8453947368421053,0.8004697300900441,0.8816995943553583,1.9349027414083089,,,,,CHEMBL239_EC50
86921808,mondrian_rfstd,__bins__,__summary__,-1,-1,,,,1.9390240320617393,0.7105263157894737,0.18499607227022785,0.7536231884057971,0.13043478260869568,CHEMBL239_EC50
71339737,global,cliffB_oracle,all,373,310,0.8310991957104558,0.7897459539006035,0.8657020978423595,1.8193724361871837,,,,,CHEMBL219_Ki
71339737,global,cliffB_oracle,cliff,8,4,0.5,0.21521606221387757,0.7847839377861224,1.8193724361871837,,,,,CHEMBL219_Ki
71339737,global,cliffB_oracle,noncliff,365,306,0.8383561643835616,0.7970989476616481,0.8725654680191139,1.8193724361871841,,,,,CHEMBL219_Ki
71339737,global,cliffA,all,373,310,0.8310991957104558,0.7897459539006035,0.8657020978423595,1.8193724361871837,,,,,CHEMBL219_Ki
71339737,global,cliffA,cliff,19,13,0.6842105263157895,0.46010407675327475,0.8463562091220773,1.819372436187184,,,,,CHEMBL219_Ki
71339737,global,cliffA,noncliff,354,297,0.8389830508474576,0.7970889678090419,0.8735991095058292,1.819372436187184,,,,,CHEMBL219_Ki
71339737,global,__bins__,__summary__,-1,-1,,,,1.8193724361871837,0.6741573033707865,0.24133565437569238,0.6533333333333333,0.33333333333333337,CHEMBL219_Ki
71339737,mondrian_pair,cliffB_oracle,all,373,305,0.8176943699731903,0.775339537861399,0.8535721555114035,1.822054464333009,,,,,CHEMBL219_Ki
71339737,mondrian_pair,cliffB_oracle,cliff,8,4,0.5,0.21521606221387757,0.7847839377861224,1.6243181558413247,,,,,CHEMBL219_Ki
71339737,mondrian_pair,cliffB_oracle,noncliff,365,301,0.8246575342465754,0.7823223506751158,0.8602301453424577,1.8263884108204975,,,,,CHEMBL219_Ki
71339737,mondrian_pair,cliffA,all,373,305,0.8176943699731903,0.775339537861399,0.8535721555114035,1.822054464333009,,,,,CHEMBL219_Ki
71339737,mondrian_pair,cliffA,cliff,19,12,0.631578947368421,0.41039533164803066,0.8085048725486492,1.6689374196449533,,,,,CHEMBL219_Ki
71339737,mondrian_pair,cliffA,noncliff,354,293,0.827683615819209,0.7848791471110098,0.8634526609600323,1.830272610799317,,,,,CHEMBL219_Ki
71339737,mondrian_pair,__bins__,__summary__,-1,-1,,,,1.822054464333009,0.6404494382022472,0.2750435195442317,0.6533333333333333,0.32000000000000006,CHEMBL219_Ki
71339737,mondrian_wstd,cliffB_oracle,all,373,307,0.8230563002680965,0.7810924565852412,0.8584337801356255,1.855241565331993,,,,,CHEMBL219_Ki
71339737,mondrian_wstd,cliffB_oracle,cliff,8,6,0.75,0.40927543031016883,0.9285207872478909,2.084620758140378,,,,,CHEMBL219_Ki
71339737,mondrian_wstd,cliffB_oracle,noncliff,365,301,0.8246575342465754,0.7823223506751158,0.8602301453424577,1.850214076174549,,,,,CHEMBL219_Ki
71339737,mondrian_wstd,cliffA,all,373,307,0.8230563002680965,0.7810924565852412,0.8584337801356255,1.855241565331993,,,,,CHEMBL219_Ki
71339737,mondrian_wstd,cliffA,cliff,19,14,0.7368421052631579,0.5120844910218489,0.8819358765321748,1.9758626239544899,,,,,CHEMBL219_Ki
71339737,mondrian_wstd,cliffA,noncliff,354,293,0.827683615819209,0.7848791471110098,0.8634526609600323,1.8487675537110109,,,,,CHEMBL219_Ki
71339737,mondrian_wstd,__bins__,__summary__,-1,-1,,,,1.855241565331993,0.7746478873239436,0.07042253521126762,0.7466666666666667,0.18666666666666665,CHEMBL219_Ki
71339737,mondrian_std,cliffB_oracle,all,373,310,0.8310991957104558,0.7897459539006035,0.8657020978423595,1.878209715245444,,,,,CHEMBL219_Ki
71339737,mondrian_std,cliffB_oracle,cliff,8,7,0.875,0.5291118177871464,0.9775825085499433,2.2165684283329887,,,,,CHEMBL219_Ki
71339737,mondrian_std,cliffB_oracle,noncliff,365,303,0.8301369863013699,0.7882223092496876,0.8651749546331613,1.8707936338627031,,,,,CHEMBL219_Ki
71339737,mondrian_std,cliffA,all,373,310,0.8310991957104558,0.7897459539006035,0.8657020978423595,1.878209715245444,,,,,CHEMBL219_Ki
71339737,mondrian_std,cliffA,cliff,19,17,0.8947368421052632,0.6860591728889099,0.9706414397011299,2.072963810215833,,,,,CHEMBL219_Ki
71339737,mondrian_std,cliffA,noncliff,354,293,0.827683615819209,0.7848791471110098,0.8634526609600323,1.8677568118430783,,,,,CHEMBL219_Ki
71339737,mondrian_std,__bins__,__summary__,-1,-1,,,,1.878209715245444,0.7746478873239436,0.12676056338028174,0.76,0.18666666666666665,CHEMBL219_Ki
71339737,mondrian_iqr,cliffB_oracle,all,373,308,0.8257372654155496,0.7839736826625453,0.8608598257323535,1.8101726909229265,,,,,CHEMBL219_Ki
71339737,mondrian_iqr,cliffB_oracle,cliff,8,4,0.5,0.21521606221387757,0.7847839377861224,1.8767888679618556,,,,,CHEMBL219_Ki
71339737,mondrian_iqr,cliffB_oracle,noncliff,365,304,0.8328767123287671,0.7911775604496976,0.8676420873657891,1.8087126103302926,,,,,CHEMBL219_Ki
71339737,mondrian_iqr,cliffA,all,373,308,0.8257372654155496,0.7839736826625453,0.8608598257323535,1.8101726909229265,,,,,CHEMBL219_Ki
71339737,mondrian_iqr,cliffA,cliff,19,12,0.631578947368421,0.41039533164803066,0.8085048725486492,1.760118686789537,,,,,CHEMBL219_Ki
71339737,mondrian_iqr,cliffA,noncliff,354,296,0.8361581920903954,0.7940306215138018,0.871068388490112,1.8128592052690689,,,,,CHEMBL219_Ki
71339737,mondrian_iqr,__bins__,__summary__,-1,-1,,,,1.8101726909229265,0.7303370786516854,0.18515587909479347,0.72,0.20000000000000007,CHEMBL219_Ki
71339737,mondrian_nb,cliffB_oracle,all,373,311,0.8337801608579088,0.7926371200416616,0.8681182033753335,1.914839303549035,,,,,CHEMBL219_Ki
71339737,mondrian_nb,cliffB_oracle,cliff,8,5,0.625,0.30574239460262737,0.8631557141764026,1.751243642804363,,,,,CHEMBL219_Ki
71339737,mondrian_nb,cliffB_oracle,noncliff,365,306,0.8383561643835616,0.7970989476616481,0.8725654680191139,1.9184249618667262,,,,,CHEMBL219_Ki
71339737,mondrian_nb,cliffA,all,373,311,0.8337801608579088,0.7926371200416616,0.8681182033753335,1.914839303549035,,,,,CHEMBL219_Ki
71339737,mondrian_nb,cliffA,cliff,19,13,0.6842105263157895,0.46010407675327475,0.8463562091220773,1.7795127649085383,,,,,CHEMBL219_Ki
71339737,mondrian_nb,cliffA,noncliff,354,298,0.8418079096045198,0.800151376877831,0.8761257677479974,1.9221025923461235,,,,,CHEMBL219_Ki
71339737,mondrian_nb,__bins__,__summary__,-1,-1,,,,1.914839303549035,0.6741573033707865,0.22725114733343887,0.6933333333333334,0.2666666666666666,CHEMBL219_Ki
71339737,mondrian_nnsim,cliffB_oracle,all,373,311,0.8337801608579088,0.7926371200416616,0.8681182033753335,1.888003989529945,,,,,CHEMBL219_Ki
71339737,mondrian_nnsim,cliffB_oracle,cliff,8,5,0.625,0.30574239460262737,0.8631557141764026,2.22942419098111,,,,,CHEMBL219_Ki
71339737,mondrian_nnsim,cliffB_oracle,noncliff,365,306,0.8383561643835616,0.7970989476616481,0.8725654680191139,1.8805208070323853,,,,,CHEMBL219_Ki
71339737,mondrian_nnsim,cliffA,all,373,311,0.8337801608579088,0.7926371200416616,0.8681182033753335,1.888003989529945,,,,,CHEMBL219_Ki
71339737,mondrian_nnsim,cliffA,cliff,19,14,0.7368421052631579,0.5120844910218489,0.8819358765321748,2.096503858363597,,,,,CHEMBL219_Ki
71339737,mondrian_nnsim,cliffA,noncliff,354,297,0.8389830508474576,0.7970889678090419,0.8735991095058292,1.8768133186038447,,,,,CHEMBL219_Ki
71339737,mondrian_nnsim,__bins__,__summary__,-1,-1,,,,1.888003989529945,0.6853932584269663,0.21601519227725907,0.6666666666666666,0.29333333333333333,CHEMBL219_Ki
71339737,mondrian_pairgap,cliffB_oracle,all,373,304,0.8150134048257373,0.7724677372039805,0.8511366844947901,1.844527091205037,,,,,CHEMBL219_Ki
71339737,mondrian_pairgap,cliffB_oracle,cliff,8,4,0.5,0.21521606221387757,0.7847839377861224,1.6198154984253152,,,,,CHEMBL219_Ki
71339737,mondrian_pairgap,cliffB_oracle,noncliff,365,300,0.821917808219178,0.7793775148037979,0.8577525972811376,1.8494522768002093,,,,,CHEMBL219_Ki
71339737,mondrian_pairgap,cliffA,all,373,304,0.8150134048257373,0.7724677372039805,0.8511366844947901,1.844527091205037,,,,,CHEMBL219_Ki
71339737,mondrian_pairgap,cliffA,cliff,19,12,0.631578947368421,0.41039533164803066,0.8085048725486492,1.7331392569216384,,,,,CHEMBL219_Ki
71339737,mondrian_pairgap,cliffA,noncliff,354,292,0.8248587570621468,0.7818362562020331,0.8609064845580516,1.8505055342880445,,,,,CHEMBL219_Ki
71339737,mondrian_pairgap,__bins__,__summary__,-1,-1,,,,1.844527091205037,0.6966292134831461,0.19069473017882577,0.6933333333333334,0.24,CHEMBL219_Ki
71339737,mondrian_rfstd,cliffB_oracle,all,373,304,0.8150134048257373,0.7724677372039805,0.8511366844947901,1.8242715835110808,,,,,CHEMBL219_Ki
71339737,mondrian_rfstd,cliffB_oracle,cliff,8,5,0.625,0.30574239460262737,0.8631557141764026,1.9149726152906141,,,,,CHEMBL219_Ki
71339737,mondrian_rfstd,cliffB_oracle,noncliff,365,299,0.8191780821917808,0.7764360262796841,0.8552717018726135,1.8222836156912552,,,,,CHEMBL219_Ki
71339737,mondrian_rfstd,cliffA,all,373,304,0.8150134048257373,0.7724677372039805,0.8511366844947901,1.8242715835110808,,,,,CHEMBL219_Ki
71339737,mondrian_rfstd,cliffA,cliff,19,12,0.631578947368421,0.41039533164803066,0.8085048725486492,1.7041591105416118,,,,,CHEMBL219_Ki
71339737,mondrian_rfstd,cliffA,noncliff,354,292,0.8248587570621468,0.7818362562020331,0.8609064845580516,1.8307182981619843,,,,,CHEMBL219_Ki
71339737,mondrian_rfstd,__bins__,__summary__,-1,-1,,,,1.8242715835110808,0.7640449438202247,0.10919449279949356,0.7333333333333333,0.13333333333333341,CHEMBL219_Ki
99182118,global,cliffB_oracle,all,373,316,0.8471849865951743,0.807145902570564,0.8801457792165918,1.9743250949371838,,,,,CHEMBL219_Ki
99182118,global,cliffB_oracle,cliff,14,14,1.0,0.7846891972623643,1.0,1.9743250949371842,,,,,CHEMBL219_Ki
99182118,global,cliffB_oracle,noncliff,359,302,0.841225626740947,0.7998357090523588,0.875390327124152,1.9743250949371838,,,,,CHEMBL219_Ki
99182118,global,cliffA,all,373,316,0.8471849865951743,0.807145902570564,0.8801457792165918,1.9743250949371838,,,,,CHEMBL219_Ki
99182118,global,cliffA,cliff,28,25,0.8928571428571429,0.7280414845132785,0.9628816331707,1.974325094937184,,,,,CHEMBL219_Ki
99182118,global,cliffA,noncliff,345,291,0.8434782608695652,0.8013794599575758,0.8780122637246112,1.9743250949371842,,,,,CHEMBL219_Ki
99182118,global,__bins__,__summary__,-1,-1,,,,1.9743250949371838,0.7528089887640449,0.2049374901091945,0.6266666666666667,0.3466666666666667,CHEMBL219_Ki
99182118,mondrian_pair,cliffB_oracle,all,373,315,0.8445040214477212,0.804236849211752,0.8777475609013716,1.960530441742965,,,,,CHEMBL219_Ki
99182118,mondrian_pair,cliffB_oracle,cliff,14,14,1.0,0.7846891972623643,1.0,2.0135444083271974,,,,,CHEMBL219_Ki
99182118,mondrian_pair,cliffB_oracle,noncliff,359,301,0.8384401114206128,0.7968181096889225,0.8728958772126781,1.9584630447173963,,,,,CHEMBL219_Ki
99182118,mondrian_pair,cliffA,all,373,315,0.8445040214477212,0.804236849211752,0.8777475609013716,1.960530441742965,,,,,CHEMBL219_Ki
99182118,mondrian_pair,cliffA,cliff,28,25,0.8928571428571429,0.7280414845132785,0.9628816331707,2.0177126649747352,,,,,CHEMBL219_Ki
99182118,mondrian_pair,cliffA,noncliff,345,290,0.8405797101449275,0.7982320716043495,0.8754263885868484,1.9558895656545896,,,,,CHEMBL219_Ki
99182118,mondrian_pair,__bins__,__summary__,-1,-1,,,,1.960530441742965,0.7528089887640449,0.2049374901091945,0.6266666666666667,0.3466666666666667,CHEMBL219_Ki
99182118,mondrian_wstd,cliffB_oracle,all,373,322,0.8632707774798928,0.8246830538993557,0.8944522579319925,2.0631706251350233,,,,,CHEMBL219_Ki
99182118,mondrian_wstd,cliffB_oracle,cliff,14,14,1.0,0.7846891972623643,1.0,2.0689235927858336,,,,,CHEMBL219_Ki
99182118,mondrian_wstd,cliffB_oracle,noncliff,359,308,0.8579387186629527,0.8180282323312423,0.8902700994947305,2.0629462754216217,,,,,CHEMBL219_Ki
99182118,mondrian_wstd,cliffA,all,373,322,0.8632707774798928,0.8246830538993557,0.8944522579319925,2.0631706251350233,,,,,CHEMBL219_Ki
99182118,mondrian_wstd,cliffA,cliff,28,25,0.8928571428571429,0.7280414845132785,0.9628816331707,2.0495357723905485,,,,,CHEMBL219_Ki
99182118,mondrian_wstd,cliffA,noncliff,345,297,0.8608695652173913,0.8203615625727069,0.8934297420554135,2.0642772218795025,,,,,CHEMBL219_Ki
99182118,mondrian_wstd,__bins__,__summary__,-1,-1,,,,2.0631706251350233,0.797752808988764,0.1599936698844754,0.68,0.30666666666666664,CHEMBL219_Ki
99182118,mondrian_std,cliffB_oracle,all,373,324,0.868632707774799,0.83056256210261,0.8991872930768023,2.094430480629534,,,,,CHEMBL219_Ki
99182118,mondrian_std,cliffB_oracle,cliff,14,14,1.0,0.7846891972623643,1.0,2.1193836065893206,,,,,CHEMBL219_Ki
99182118,mondrian_std,cliffB_oracle,noncliff,359,310,0.8635097493036211,0.8241278459183349,0.8951945844574584,2.093457378224417,,,,,CHEMBL219_Ki
99182118,mondrian_std,cliffA,all,373,324,0.868632707774799,0.83056256210261,0.8991872930768023,2.094430480629534,,,,,CHEMBL219_Ki
99182118,mondrian_std,cliffA,cliff,28,25,0.8928571428571429,0.7280414845132785,0.9628816331707,2.0898233322275326,,,,,CHEMBL219_Ki
99182118,mondrian_std,cliffA,noncliff,345,299,0.8666666666666667,0.8267289612944428,0.8985288703156553,2.0948043941230297,,,,,CHEMBL219_Ki
99182118,mondrian_std,__bins__,__summary__,-1,-1,,,,2.094430480629534,0.8202247191011236,0.13752175977211578,0.6933333333333334,0.29333333333333333,CHEMBL219_Ki
99182118,mondrian_iqr,cliffB_oracle,all,373,324,0.868632707774799,0.83056256210261,0.8991872930768023,2.016169164866315,,,,,CHEMBL219_Ki
99182118,mondrian_iqr,cliffB_oracle,cliff,14,13,0.9285714285714286,0.6853129557584889,0.9872777847521093,2.125218244421847,,,,,CHEMBL219_Ki
99182118,mondrian_iqr,cliffB_oracle,noncliff,359,311,0.8662952646239555,0.8271847868179838,0.8976496928327198,2.0119165545215307,,,,,CHEMBL219_Ki
99182118,mondrian_iqr,cliffA,all,373,324,0.868632707774799,0.83056256210261,0.8991872930768023,2.016169164866315,,,,,CHEMBL219_Ki
99182118,mondrian_iqr,cliffA,cliff,28,24,0.8571428571428571,0.685101978364747,0.9430099468025059,2.123239237493188,,,,,CHEMBL219_Ki
99182118,mondrian_iqr,cliffA,noncliff,345,300,0.8695652173913043,0.8299207566965682,0.9010703384045188,2.0074794198415247,,,,,CHEMBL219_Ki
99182118,mondrian_iqr,__bins__,__summary__,-1,-1,,,,2.016169164866315,0.8202247191011236,0.10935274568760878,0.7066666666666667,0.2666666666666667,CHEMBL219_Ki
99182118,mondrian_nb,cliffB_oracle,all,373,327,0.8766756032171582,0.8394164538081401,0.9062552163933686,2.158309067591033,,,,,CHEMBL219_Ki
99182118,mondrian_nb,cliffB_oracle,cliff,14,12,0.8571428571428571,0.6005862050302965,0.9599060787285351,1.9301950273578892,,,,,CHEMBL219_Ki
99182118,mondrian_nb,cliffB_oracle,noncliff,359,315,0.8774373259052924,0.8394630827250946,0.9074195940252501,2.167204879744971,,,,,CHEMBL219_Ki
99182118,mondrian_nb,cliffA,all,373,327,0.8766756032171582,0.8394164538081401,0.9062552163933686,2.158309067591033,,,,,CHEMBL219_Ki
99182118,mondrian_nb,cliffA,cliff,28,22,0.7857142857142857,0.6046141434627812,0.8978753966710211,1.9249341452198512,,,,,CHEMBL219_Ki
99182118,mondrian_nb,cliffA,noncliff,345,305,0.8840579710144928,0.845966990465913,0.9136904220901189,2.1772496410008673,,,,,CHEMBL219_Ki
99182118,mondrian_nb,__bins__,__summary__,-1,-1,,,,2.158309067591033,0.7640449438202247,0.19370153505301468,0.7333333333333333,0.22666666666666668,CHEMBL219_Ki
99182118,mondrian_nnsim,cliffB_oracle,all,373,322,0.8632707774798928,0.8246830538993557,0.8944522579319925,2.091327116502542,,,,,CHEMBL219_Ki
99182118,mondrian_nnsim,cliffB_oracle,cliff,14,14,1.0,0.7846891972623643,1.0,2.0379666330845687,,,,,CHEMBL219_Ki
99182118,mondrian_nnsim,cliffB_oracle,noncliff,359,308,0.8579387186629527,0.8180282323312423,0.8902700994947305,2.093408026719399,,,,,CHEMBL219_Ki
99182118,mondrian_nnsim,cliffA,all,373,322,0.8632707774798928,0.8246830538993557,0.8944522579319925,2.091327116502542,,,,,CHEMBL219_Ki
99182118,mondrian_nnsim,cliffA,cliff,28,25,0.8928571428571429,0.7280414845132785,0.9628816331707,2.0537388266378107,,,,,CHEMBL219_Ki
99182118,mondrian_nnsim,cliffA,noncliff,345,297,0.8608695652173913,0.8203615625727069,0.8934297420554135,2.0943777603176508,,,,,CHEMBL219_Ki
99182118,mondrian_nnsim,__bins__,__summary__,-1,-1,,,,2.091327116502542,0.7640449438202247,0.17961702801076118,0.68,0.29333333333333333,CHEMBL219_Ki
99182118,mondrian_pairgap,cliffB_oracle,all,373,315,0.8445040214477212,0.804236849211752,0.8777475609013716,1.959278847253624,,,,,CHEMBL219_Ki
99182118,mondrian_pairgap,cliffB_oracle,cliff,14,14,1.0,0.7846891972623643,1.0,2.0135444083271974,,,,,CHEMBL219_Ki
99182118,mondrian_pairgap,cliffB_oracle,noncliff,359,301,0.8384401114206128,0.7968181096889225,0.8728958772126781,1.9571626415293066,,,,,CHEMBL219_Ki
99182118,mondrian_pairgap,cliffA,all,373,315,0.8445040214477212,0.804236849211752,0.8777475609013716,1.959278847253624,,,,,CHEMBL219_Ki
99182118,mondrian_pairgap,cliffA,cliff,28,25,0.8928571428571429,0.7280414845132785,0.9628816331707,2.0177126649747352,,,,,CHEMBL219_Ki
99182118,mondrian_pairgap,cliffA,noncliff,345,290,0.8405797101449275,0.7982320716043495,0.8754263885868484,1.9545363924820556,,,,,CHEMBL219_Ki
99182118,mondrian_pairgap,__bins__,__summary__,-1,-1,,,,1.959278847253624,0.7528089887640449,0.2049374901091945,0.6266666666666667,0.3466666666666667,CHEMBL219_Ki
99182118,mondrian_rfstd,cliffB_oracle,all,373,324,0.868632707774799,0.83056256210261,0.8991872930768023,2.017762458658073,,,,,CHEMBL219_Ki
99182118,mondrian_rfstd,cliffB_oracle,cliff,14,12,0.8571428571428571,0.6005862050302965,0.9599060787285351,1.8097558175986983,,,,,CHEMBL219_Ki
99182118,mondrian_rfstd,cliffB_oracle,noncliff,359,312,0.8690807799442897,0.8302466470473089,0.900099881878305,2.025874138253703,,,,,CHEMBL219_Ki
99182118,mondrian_rfstd,cliffA,all,373,324,0.868632707774799,0.83056256210261,0.8991872930768023,2.017762458658073,,,,,CHEMBL219_Ki
99182118,mondrian_rfstd,cliffA,cliff,28,22,0.7857142857142857,0.6046141434627812,0.8978753966710211,1.7950841580938541,,,,,CHEMBL219_Ki
99182118,mondrian_rfstd,cliffA,noncliff,345,302,0.8753623188405797,0.8363212937217391,0.9061363283613258,2.0358349004429948,,,,,CHEMBL219_Ki
99182118,mondrian_rfstd,__bins__,__summary__,-1,-1,,,,2.017762458658073,0.8202247191011236,0.13752175977211578,0.8,0.12,CHEMBL219_Ki
89709943,global,cliffB_oracle,all,373,302,0.8096514745308311,0.7667331976834144,0.846256680667292,2.0184075521084264,,,,,CHEMBL219_Ki
89709943,global,cliffB_oracle,cliff,16,12,0.75,0.5050168346449122,0.8981793250878696,2.0184075521084264,,,,,CHEMBL219_Ki
89709943,global,cliffB_oracle,noncliff,357,290,0.8123249299719888,0.7685766304517351,0.849423309823451,2.018407552108426,,,,,CHEMBL219_Ki
89709943,global,cliffA,all,373,302,0.8096514745308311,0.7667331976834144,0.846256680667292,2.0184075521084264,,,,,CHEMBL219_Ki
89709943,global,cliffA,cliff,31,27,0.8709677419354839,0.7114759374369357,0.9486571562537085,2.018407552108427,,,,,CHEMBL219_Ki
89709943,global,cliffA,noncliff,342,275,0.804093567251462,0.7587497359127506,0.8426819163514743,2.0184075521084264,,,,,CHEMBL219_Ki
89709943,global,__bins__,__summary__,-1,-1,,,,2.0184075521084264,0.7128712871287128,0.18418753640069896,0.6266666666666667,0.31999999999999995,CHEMBL219_Ki
89709943,mondrian_pair,cliffB_oracle,all,373,302,0.8096514745308311,0.7667331976834144,0.846256680667292,2.0216425737921884,,,,,CHEMBL219_Ki
89709943,mondrian_pair,cliffB_oracle,cliff,16,12,0.75,0.5050168346449122,0.8981793250878696,2.005746120663172,,,,,CHEMBL219_Ki
89709943,mondrian_pair,cliffB_oracle,noncliff,357,290,0.8123249299719888,0.7685766304517351,0.849423309823451,2.0223550198708002,,,,,CHEMBL219_Ki
89709943,mondrian_pair,cliffA,all,373,302,0.8096514745308311,0.7667331976834144,0.846256680667292,2.0216425737921884,,,,,CHEMBL219_Ki
89709943,mondrian_pair,cliffA,cliff,31,27,0.8709677419354839,0.7114759374369357,0.9486571562537085,2.003495882706009,,,,,CHEMBL219_Ki
89709943,mondrian_pair,cliffA,noncliff,342,275,0.804093567251462,0.7587497359127506,0.8426819163514743,2.0232874493,,,,,CHEMBL219_Ki
89709943,mondrian_pair,__bins__,__summary__,-1,-1,,,,2.0216425737921884,0.7128712871287128,0.18418753640069896,0.6266666666666667,0.31999999999999995,CHEMBL219_Ki
89709943,mondrian_wstd,cliffB_oracle,all,373,302,0.8096514745308311,0.7667331976834144,0.846256680667292,2.047031824469955,,,,,CHEMBL219_Ki
89709943,mondrian_wstd,cliffB_oracle,cliff,16,11,0.6875,0.44404355834740666,0.8583535614521796,2.128400413303054,,,,,CHEMBL219_Ki
89709943,mondrian_wstd,cliffB_oracle,noncliff,357,291,0.8151260504201681,0.7715775540572436,0.851964986579155,2.0433850529816366,,,,,CHEMBL219_Ki
89709943,mondrian_wstd,cliffA,all,373,302,0.8096514745308311,0.7667331976834144,0.846256680667292,2.047031824469955,,,,,CHEMBL219_Ki
89709943,mondrian_wstd,cliffA,cliff,31,26,0.8387096774193549,0.6736564604120674,0.9290737555663471,2.0781820703711036,,,,,CHEMBL219_Ki
89709943,mondrian_wstd,cliffA,noncliff,342,276,0.8070175438596491,0.7618757374810406,0.845338911439571,2.0442082641689736,,,,,CHEMBL219_Ki
89709943,mondrian_wstd,__bins__,__summary__,-1,-1,,,,2.047031824469955,0.7794117647058824,0.11764705882352944,0.6533333333333333,0.29333333333333333,CHEMBL219_Ki
89709943,mondrian_std,cliffB_oracle,all,373,298,0.7989276139410187,0.7552990442407366,0.8364617474138414,1.981001277551381,,,,,CHEMBL219_Ki
89709943,mondrian_std,cliffB_oracle,cliff,16,12,0.75,0.5050168346449122,0.8981793250878696,2.029183496792699,,,,,CHEMBL219_Ki
89709943,mondrian_std,cliffB_oracle,noncliff,357,286,0.8011204481792717,0.7566056925546495,0.839223846275687,1.978841850358493,,,,,CHEMBL219_Ki
89709943,mondrian_std,cliffA,all,373,298,0.7989276139410187,0.7552990442407366,0.8364617474138414,1.981001277551381,,,,,CHEMBL219_Ki
89709943,mondrian_std,cliffA,cliff,31,26,0.8387096774193549,0.6736564604120674,0.9290737555663471,1.9589697573456146,,,,,CHEMBL219_Ki
89709943,mondrian_std,cliffA,noncliff,342,272,0.7953216374269005,0.7493926743449214,0.8346899879501432,1.9829982866928395,,,,,CHEMBL219_Ki
89709943,mondrian_std,__bins__,__summary__,-1,-1,,,,1.981001277551381,0.7326732673267327,0.1496796738497379,0.6,0.33333333333333337,CHEMBL219_Ki
89709943,mondrian_iqr,cliffB_oracle,all,373,308,0.8257372654155496,0.7839736826625453,0.8608598257323535,2.060107549033873,,,,,CHEMBL219_Ki
89709943,mondrian_iqr,cliffB_oracle,cliff,16,9,0.5625,0.331785563988119,0.7690134759450765,2.0527822822137667,,,,,CHEMBL219_Ki
89709943,mondrian_iqr,cliffB_oracle,noncliff,357,299,0.8375350140056023,0.7957122045263711,0.8721711389997269,2.0604358523087236,,,,,CHEMBL219_Ki
89709943,mondrian_iqr,cliffA,all,373,308,0.8257372654155496,0.7839736826625453,0.8608598257323535,2.060107549033873,,,,,CHEMBL219_Ki
89709943,mondrian_iqr,cliffA,cliff,31,22,0.7096774193548387,0.5340767066925007,0.8390419984369939,1.9807929986316346,,,,,CHEMBL219_Ki
89709943,mondrian_iqr,cliffA,noncliff,342,286,0.8362573099415205,0.7933442349369313,0.8717003805475483,2.067296879625889,,,,,CHEMBL219_Ki
89709943,mondrian_iqr,__bins__,__summary__,-1,-1,,,,2.060107549033873,0.7623762376237624,0.11997670355270817,0.68,0.24,CHEMBL219_Ki
89709943,mondrian_nb,cliffB_oracle,all,373,299,0.8016085790884718,0.7581533288450845,0.8389147344835256,2.0499911406254956,,,,,CHEMBL219_Ki
89709943,mondrian_nb,cliffB_oracle,cliff,16,4,0.25,0.10182067491213048,0.49498316535508774,1.7280210622898555,,,,,CHEMBL219_Ki
89709943,mondrian_nb,cliffB_oracle,noncliff,357,295,0.8263305322128851,0.7836157300863582,0.86209721199489,2.0644211721475414,,,,,CHEMBL219_Ki
89709943,mondrian_nb,cliffA,all,373,299,0.8016085790884718,0.7581533288450845,0.8389147344835256,2.0499911406254956,,,,,CHEMBL219_Ki
89709943,mondrian_nb,cliffA,cliff,31,17,0.5483870967741935,0.37772167637354503,0.7083826401947998,1.6884958637336824,,,,,CHEMBL219_Ki
89709943,mondrian_nb,cliffA,noncliff,342,282,0.8245614035087719,0.780709366279559,0.8612032625793735,2.082758256367151,,,,,CHEMBL219_Ki
89709943,mondrian_nb,__bins__,__summary__,-1,-1,,,,2.0499911406254956,0.7425742574257426,0.12507280139778687,0.7066666666666667,0.18666666666666665,CHEMBL219_Ki
89709943,mondrian_nnsim,cliffB_oracle,all,373,306,0.8203753351206434,0.7782144266531694,0.8560045383936652,2.0737131017587145,,,,,CHEMBL219_Ki
89709943,mondrian_nnsim,cliffB_oracle,cliff,16,12,0.75,0.5050168346449122,0.8981793250878696,2.02359823019016,,,,,CHEMBL219_Ki
89709943,mondrian_nnsim,cliffB_oracle,noncliff,357,294,0.8235294117647058,0.780600889906262,0.8595694518137738,2.0759591464228513,,,,,CHEMBL219_Ki
89709943,mondrian_nnsim,cliffA,all,373,306,0.8203753351206434,0.7782144266531694,0.8560045383936652,2.0737131017587145,,,,,CHEMBL219_Ki
89709943,mondrian_nnsim,cliffA,cliff,31,27,0.8709677419354839,0.7114759374369357,0.9486571562537085,2.0148170501524434,,,,,CHEMBL219_Ki
89709943,mondrian_nnsim,cliffA,noncliff,342,279,0.8157894736842105,0.7712755236889245,0.8532881152008477,2.0790516327522655,,,,,CHEMBL219_Ki
89709943,mondrian_nnsim,__bins__,__summary__,-1,-1,,,,2.0737131017587145,0.7128712871287128,0.19889341875364008,0.6533333333333333,0.29333333333333333,CHEMBL219_Ki
89709943,mondrian_pairgap,cliffB_oracle,all,373,294,0.7882037533512064,0.7439091673907348,0.8266225375677148,1.969736316392383,,,,,CHEMBL219_Ki
89709943,mondrian_pairgap,cliffB_oracle,cliff,16,10,0.625,0.38641040545502714,0.8151876744113636,1.8758246879617635,,,,,CHEMBL219_Ki
89709943,mondrian_pairgap,cliffB_oracle,noncliff,357,284,0.7955182072829131,0.7506391502323044,0.834105187875607,1.973945240915884,,,,,CHEMBL219_Ki
89709943,mondrian_pairgap,cliffA,all,373,294,0.7882037533512064,0.7439091673907348,0.8266225375677148,1.969736316392383,,,,,CHEMBL219_Ki
89709943,mondrian_pairgap,cliffA,cliff,31,23,0.7419354838709677,0.5675386419056621,0.8629829409360625,1.840667303602358,,,,,CHEMBL219_Ki
89709943,mondrian_pairgap,cliffA,noncliff,342,271,0.7923976608187134,0.7462804496138379,0.83201921602484,1.9814355543938182,,,,,CHEMBL219_Ki
89709943,mondrian_pairgap,__bins__,__summary__,-1,-1,,,,1.969736316392383,0.693069306930693,0.15987186953989518,0.6133333333333333,0.32000000000000006,CHEMBL219_Ki
89709943,mondrian_rfstd,cliffB_oracle,all,373,295,0.7908847184986595,0.7467526249259852,0.8290863517064965,1.9808418437796176,,,,,CHEMBL219_Ki
89709943,mondrian_rfstd,cliffB_oracle,cliff,16,8,0.5,0.27999563610326017,0.7200043638967398,2.028990183835009,,,,,CHEMBL219_Ki
89709943,mondrian_rfstd,cliffB_oracle,noncliff,357,287,0.803921568627451,0.7595936202421587,0.8417785189493903,1.9786839349816163,,,,,CHEMBL219_Ki
89709943,mondrian_rfstd,cliffA,all,373,295,0.7908847184986595,0.7467526249259852,0.8290863517064965,1.9808418437796176,,,,,CHEMBL219_Ki
89709943,mondrian_rfstd,cliffA,cliff,31,20,0.6451612903225806,0.46947954064368874,0.788833409061346,1.834017606485206,,,,,CHEMBL219_Ki
89709943,mondrian_rfstd,cliffA,noncliff,342,275,0.804093567251462,0.7587497359127506,0.8426819163514743,1.9941504734758944,,,,,CHEMBL219_Ki
89709943,mondrian_rfstd,__bins__,__summary__,-1,-1,,,,1.9808418437796176,0.7425742574257426,0.139778683750728,0.6486486486486487,0.23135135135135132,CHEMBL219_Ki
86921808,global,cliffB_oracle,all,373,313,0.839142091152815,0.7984298341014555,0.8729400326636039,1.9265900195823453,,,,,CHEMBL219_Ki
86921808,global,cliffB_oracle,cliff,13,6,0.46153846153846156,0.23206067809538303,0.7085620428549398,1.9265900195823455,,,,,CHEMBL219_Ki
86921808,global,cliffB_oracle,noncliff,360,307,0.8527777777777777,0.8124551213328995,0.8856511385289666,1.9265900195823455,,,,,CHEMBL219_Ki
86921808,global,cliffA,all,373,313,0.839142091152815,0.7984298341014555,0.8729400326636039,1.9265900195823453,,,,,CHEMBL219_Ki
86921808,global,cliffA,cliff,29,21,0.7241379310344828,0.5428286758313405,0.8530124489791204,1.9265900195823458,,,,,CHEMBL219_Ki
86921808,global,cliffA,noncliff,344,292,0.8488372093023255,0.8071444568568853,0.8828250505551554,1.9265900195823455,,,,,CHEMBL219_Ki
86921808,global,__bins__,__summary__,-1,-1,,,,1.9265900195823453,0.7096774193548387,0.2046082949308755,0.6666666666666666,0.29333333333333333,CHEMBL219_Ki
86921808,mondrian_pair,cliffB_oracle,all,373,313,0.839142091152815,0.7984298341014555,0.8729400326636039,1.9041356434460628,,,,,CHEMBL219_Ki
86921808,mondrian_pair,cliffB_oracle,cliff,13,6,0.46153846153846156,0.23206067809538303,0.7085620428549398,1.8565973450826545,,,,,CHEMBL219_Ki
86921808,mondrian_pair,cliffB_oracle,noncliff,360,307,0.8527777777777777,0.8124551213328995,0.8856511385289666,1.9058523042202973,,,,,CHEMBL219_Ki
86921808,mondrian_pair,cliffA,all,373,313,0.839142091152815,0.7984298341014555,0.8729400326636039,1.9041356434460628,,,,,CHEMBL219_Ki
86921808,mondrian_pair,cliffA,cliff,29,21,0.7241379310344828,0.5428286758313405,0.8530124489791204,1.8530967294029583,,,,,CHEMBL219_Ki
86921808,mondrian_pair,cliffA,noncliff,344,292,0.8488372093023255,0.8071444568568853,0.8828250505551554,1.9084383425950455,,,,,CHEMBL219_Ki
86921808,mondrian_pair,__bins__,__summary__,-1,-1,,,,1.9041356434460628,0.7096774193548387,0.2046082949308755,0.6666666666666666,0.29333333333333333,CHEMBL219_Ki
86921808,mondrian_wstd,cliffB_oracle,all,373,316,0.8471849865951743,0.807145902570564,0.8801457792165918,2.0048605659066188,,,,,CHEMBL219_Ki
86921808,mondrian_wstd,cliffB_oracle,cliff,13,8,0.6153846153846154,0.355228915126657,0.8229029220223743,2.115963035602439,,,,,CHEMBL219_Ki
86921808,mondrian_wstd,cliffB_oracle,noncliff,360,308,0.8555555555555555,0.8154854729963137,0.8881176865495042,2.000848532278714,,,,,CHEMBL219_Ki
86921808,mondrian_wstd,cliffA,all,373,316,0.8471849865951743,0.807145902570564,0.8801457792165918,2.0048605659066188,,,,,CHEMBL219_Ki
86921808,mondrian_wstd,cliffA,cliff,29,23,0.7931034482758621,0.6160990959613211,0.9015392980215897,2.1128790936239374,,,,,CHEMBL219_Ki
86921808,mondrian_wstd,cliffA,noncliff,344,293,0.8517441860465116,0.8103143855364424,0.8854048677706986,1.9957543528141701,,,,,CHEMBL219_Ki
86921808,mondrian_wstd,__bins__,__summary__,-1,-1,,,,2.0048605659066188,0.8142857142857143,0.0714285714285714,0.8108108108108109,0.09585585585585576,CHEMBL219_Ki
86921808,mondrian_std,cliffB_oracle,all,373,315,0.8445040214477212,0.804236849211752,0.8777475609013716,2.0045061031492146,,,,,CHEMBL219_Ki
86921808,mondrian_std,cliffB_oracle,cliff,13,6,0.46153846153846156,0.23206067809538303,0.7085620428549398,2.0704434883682215,,,,,CHEMBL219_Ki
86921808,mondrian_std,cliffB_oracle,noncliff,360,309,0.8583333333333333,0.81852026724049,0.8905797919892796,2.002125030905195,,,,,CHEMBL219_Ki
86921808,mondrian_std,cliffA,all,373,315,0.8445040214477212,0.804236849211752,0.8777475609013716,2.0045061031492146,,,,,CHEMBL219_Ki
86921808,mondrian_std,cliffA,cliff,29,21,0.7241379310344828,0.5428286758313405,0.8530124489791204,2.0992052541818573,,,,,CHEMBL219_Ki
86921808,mondrian_std,cliffA,noncliff,344,294,0.8546511627906976,0.8134891293279849,0.8879798698742565,1.9965227444865792,,,,,CHEMBL219_Ki
86921808,mondrian_std,__bins__,__summary__,-1,-1,,,,2.0045061031492146,0.8142857142857143,0.0714285714285714,0.7972972972972973,0.10936936936936936,CHEMBL219_Ki
86921808,mondrian_iqr,cliffB_oracle,all,373,310,0.8310991957104558,0.7897459539006035,0.8657020978423595,1.9879578358121917,,,,,CHEMBL219_Ki
86921808,mondrian_iqr,cliffB_oracle,cliff,13,7,0.5384615384615384,0.29143795714506004,0.7679393219046169,2.0193017922554692,,,,,CHEMBL219_Ki
86921808,mondrian_iqr,cliffB_oracle,noncliff,360,303,0.8416666666666667,0.8003761699490098,0.8757424911770496,1.9868259707184064,,,,,CHEMBL219_Ki
86921808,mondrian_iqr,cliffA,all,373,310,0.8310991957104558,0.7897459539006035,0.8657020978423595,1.9879578358121917,,,,,CHEMBL219_Ki
86921808,mondrian_iqr,cliffA,cliff,29,20,0.6896551724137931,0.5076986576690685,0.8272438325551679,1.977268526295896,,,,,CHEMBL219_Ki
86921808,mondrian_iqr,cliffA,noncliff,344,290,0.8430232558139535,0.8008186028543571,0.877651412767483,1.9888589694632746,,,,,CHEMBL219_Ki
86921808,mondrian_iqr,__bins__,__summary__,-1,-1,,,,1.9879578358121917,0.7741935483870968,0.12580645161290327,0.7466666666666667,0.1333333333333333,CHEMBL219_Ki
86921808,mondrian_nb,cliffB_oracle,all,373,316,0.8471849865951743,0.807145902570564,0.8801457792165918,1.987756444237554,,,,,CHEMBL219_Ki
86921808,mondrian_nb,cliffB_oracle,cliff,13,6,0.46153846153846156,0.23206067809538303,0.7085620428549398,1.7896512468326686,,,,,CHEMBL219_Ki
86921808,mondrian_nb,cliffB_oracle,noncliff,360,310,0.8611111111111112,0.8215596108488507,0.8930373480648707,1.9949102430327303,,,,,CHEMBL219_Ki
86921808,mondrian_nb,cliffA,all,373,316,0.8471849865951743,0.807145902570564,0.8801457792165918,1.987756444237554,,,,,CHEMBL219_Ki
86921808,mondrian_nb,cliffA,cliff,29,20,0.6896551724137931,0.5076986576690685,0.8272438325551679,1.7392727800603438,,,,,CHEMBL219_Ki
86921808,mondrian_nb,cliffA,noncliff,344,296,0.8604651162790697,0.8198535371595861,0.893114953832856,2.0087041949966786,,,,,CHEMBL219_Ki
86921808,mondrian_nb,__bins__,__summary__,-1,-1,,,,1.987756444237554,0.7419354838709677,0.2009216589861751,0.7466666666666667,0.17333333333333334,CHEMBL219_Ki
86921808,mondrian_nnsim,cliffB_oracle,all,373,310,0.8310991957104558,0.7897459539006035,0.8657020978423595,1.9002599933863005,,,,,CHEMBL219_Ki
86921808,mondrian_nnsim,cliffB_oracle,cliff,13,6,0.46153846153846156,0.23206067809538303,0.7085620428549398,1.969564481124619,,,,,CHEMBL219_Ki
86921808,mondrian_nnsim,cliffB_oracle,noncliff,360,304,0.8444444444444444,0.8033897256344338,0.8782258351755774,1.8977573313290832,,,,,CHEMBL219_Ki
86921808,mondrian_nnsim,cliffA,all,373,310,0.8310991957104558,0.7897459539006035,0.8657020978423595,1.9002599933863005,,,,,CHEMBL219_Ki
86921808,mondrian_nnsim,cliffA,cliff,29,21,0.7241379310344828,0.5428286758313405,0.8530124489791204,1.9239890596246567,,,,,CHEMBL219_Ki
86921808,mondrian_nnsim,cliffA,noncliff,344,289,0.8401162790697675,0.7976624690570808,0.875057800669659,1.898259577918532,,,,,CHEMBL219_Ki
86921808,mondrian_nnsim,__bins__,__summary__,-1,-1,,,,1.9002599933863005,0.7204301075268817,0.20814132104454686,0.68,0.2799999999999999,CHEMBL219_Ki
86921808,mondrian_pairgap,cliffB_oracle,all,373,317,0.8498659517426274,0.8100587569831346,0.8825401964780533,1.9464182688688674,,,,,CHEMBL219_Ki
86921808,mondrian_pairgap,cliffB_oracle,cliff,13,6,0.46153846153846156,0.23206067809538303,0.7085620428549398,1.864040475338688,,,,,CHEMBL219_Ki
86921808,mondrian_pairgap,cliffB_oracle,noncliff,360,311,0.8638888888888889,0.8246036158351547,0.8954902427625183,1.949393022524124,,,,,CHEMBL219_Ki
86921808,mondrian_pairgap,cliffA,all,373,317,0.8498659517426274,0.8100587569831346,0.8825401964780533,1.9464182688688674,,,,,CHEMBL219_Ki
86921808,mondrian_pairgap,cliffA,cliff,29,21,0.7241379310344828,0.5428286758313405,0.8530124489791204,1.8595829451059567,,,,,CHEMBL219_Ki
86921808,mondrian_pairgap,cliffA,noncliff,344,296,0.8604651162790697,0.8198535371595861,0.893114953832856,1.9537386886046944,,,,,CHEMBL219_Ki
86921808,mondrian_pairgap,__bins__,__summary__,-1,-1,,,,1.9464182688688674,0.7204301075268817,0.1938556067588325,0.68,0.2799999999999999,CHEMBL219_Ki
86921808,mondrian_rfstd,cliffB_oracle,all,373,317,0.8498659517426274,0.8100587569831346,0.8825401964780533,1.996213178168188,,,,,CHEMBL219_Ki
86921808,mondrian_rfstd,cliffB_oracle,cliff,13,7,0.5384615384615384,0.29143795714506004,0.7679393219046169,1.882483311323639,,,,,CHEMBL219_Ki
86921808,mondrian_rfstd,cliffB_oracle,noncliff,360,310,0.8611111111111112,0.8215596108488507,0.8930373480648707,2.0003200900264635,,,,,CHEMBL219_Ki
86921808,mondrian_rfstd,cliffA,all,373,317,0.8498659517426274,0.8100587569831346,0.8825401964780533,1.996213178168188,,,,,CHEMBL219_Ki
86921808,mondrian_rfstd,cliffA,cliff,29,20,0.6896551724137931,0.5076986576690685,0.8272438325551679,1.888276405394186,,,,,CHEMBL219_Ki
86921808,mondrian_rfstd,cliffA,noncliff,344,297,0.8633720930232558,0.8230434537319069,0.8956747831556355,2.005312499128787,,,,,CHEMBL219_Ki
86921808,mondrian_rfstd,__bins__,__summary__,-1,-1,,,,1.996213178168188,0.8279569892473119,0.057757296466973806,0.7972972972972973,0.09459459459459463,CHEMBL219_Ki
71339737,global,cliffB_oracle,all,341,276,0.8093841642228738,0.7643379343507157,0.8475374495476944,2.030385446426177,,,,,CHEMBL228_Ki
71339737,global,cliffB_oracle,cliff,11,5,0.45454545454545453,0.21271271622459764,0.719908462590678,2.030385446426177,,,,,CHEMBL228_Ki
71339737,global,cliffB_oracle,noncliff,330,271,0.8212121212121212,0.7762470274956579,0.858784944713237,2.030385446426177,,,,,CHEMBL228_Ki
71339737,global,cliffA,all,341,276,0.8093841642228738,0.7643379343507157,0.8475374495476944,2.030385446426177,,,,,CHEMBL228_Ki
71339737,global,cliffA,cliff,18,12,0.6666666666666666,0.43749467295945105,0.837212252491663,2.0303854464261772,,,,,CHEMBL228_Ki
71339737,global,cliffA,noncliff,323,264,0.8173374613003096,0.771552508541341,0.855662902684881,2.030385446426177,,,,,CHEMBL228_Ki
71339737,global,__bins__,__summary__,-1,-1,,,,2.030385446426177,0.7010309278350515,0.20060841642724359,0.5362318840579711,0.41965046888320545,CHEMBL228_Ki
71339737,mondrian_pair,cliffB_oracle,all,341,276,0.8093841642228738,0.7643379343507157,0.8475374495476944,2.030385446426177,,,,,CHEMBL228_Ki
71339737,mondrian_pair,cliffB_oracle,cliff,11,5,0.45454545454545453,0.21271271622459764,0.719908462590678,2.030385446426177,,,,,CHEMBL228_Ki
71339737,mondrian_pair,cliffB_oracle,noncliff,330,271,0.8212121212121212,0.7762470274956579,0.858784944713237,2.030385446426177,,,,,CHEMBL228_Ki
71339737,mondrian_pair,cliffA,all,341,276,0.8093841642228738,0.7643379343507157,0.8475374495476944,2.030385446426177,,,,,CHEMBL228_Ki
71339737,mondrian_pair,cliffA,cliff,18,12,0.6666666666666666,0.43749467295945105,0.837212252491663,2.0303854464261772,,,,,CHEMBL228_Ki
71339737,mondrian_pair,cliffA,noncliff,323,264,0.8173374613003096,0.771552508541341,0.855662902684881,2.030385446426177,,,,,CHEMBL228_Ki
71339737,mondrian_pair,__bins__,__summary__,-1,-1,,,,2.030385446426177,0.7010309278350515,0.20060841642724359,0.5362318840579711,0.41965046888320545,CHEMBL228_Ki
71339737,mondrian_wstd,cliffB_oracle,all,341,284,0.8328445747800587,0.789582150584954,0.8686913666896391,2.1656271890259715,,,,,CHEMBL228_Ki
71339737,mondrian_wstd,cliffB_oracle,cliff,11,6,0.5454545454545454,0.280091537409322,0.7872872837754024,2.1981295678710193,,,,,CHEMBL228_Ki
71339737,mondrian_wstd,cliffB_oracle,noncliff,330,278,0.8424242424242424,0.7992028877551294,0.877765158090202,2.1645437763978035,,,,,CHEMBL228_Ki
71339737,mondrian_wstd,cliffA,all,341,284,0.8328445747800587,0.789582150584954,0.8686913666896391,2.1656271890259715,,,,,CHEMBL228_Ki
71339737,mondrian_wstd,cliffA,cliff,18,10,0.5555555555555556,0.33716415642042774,0.7544048187299437,2.083326028367063,,,,,CHEMBL228_Ki
71339737,mondrian_wstd,cliffA,noncliff,323,274,0.848297213622291,0.8050976188020467,0.8833095398608801,2.170213631415632,,,,,CHEMBL228_Ki
71339737,mondrian_wstd,__bins__,__summary__,-1,-1,,,,2.1656271890259715,0.7704918032786885,0.11475409836065575,0.6666666666666666,0.2598039215686275,CHEMBL228_Ki
71339737,mondrian_std,cliffB_oracle,all,341,284,0.8328445747800587,0.789582150584954,0.8686913666896391,2.1472162380297903,,,,,CHEMBL228_Ki
71339737,mondrian_std,cliffB_oracle,cliff,11,6,0.5454545454545454,0.280091537409322,0.7872872837754024,2.1923345924592494,,,,,CHEMBL228_Ki
71339737,mondrian_std,cliffB_oracle,noncliff,330,278,0.8424242424242424,0.7992028877551294,0.877765158090202,2.1457122928821417,,,,,CHEMBL228_Ki
71339737,mondrian_std,cliffA,all,341,284,0.8328445747800587,0.789582150584954,0.8686913666896391,2.1472162380297903,,,,,CHEMBL228_Ki
71339737,mondrian_std,cliffA,cliff,18,10,0.5555555555555556,0.33716415642042774,0.7544048187299437,2.076476139941241,,,,,CHEMBL228_Ki
71339737,mondrian_std,cliffA,noncliff,323,274,0.848297213622291,0.8050976188020467,0.8833095398608801,2.151158410678688,,,,,CHEMBL228_Ki
71339737,mondrian_std,__bins__,__summary__,-1,-1,,,,2.1472162380297903,0.7868852459016393,0.09836065573770492,0.6666666666666666,0.2598039215686275,CHEMBL228_Ki
71339737,mondrian_iqr,cliffB_oracle,all,341,268,0.7859237536656891,0.739329101206634,0.8261481493155934,1.9323336578601105,,,,,CHEMBL228_Ki
71339737,mondrian_iqr,cliffB_oracle,cliff,11,4,0.36363636363636365,0.15166471095367573,0.6461988254921511,1.9323480035587834,,,,,CHEMBL228_Ki
71339737,mondrian_iqr,cliffB_oracle,noncliff,330,264,0.8,0.7535013423567454,0.8395945562157132,1.9323331796701544,,,,,CHEMBL228_Ki
71339737,mondrian_iqr,cliffA,all,341,268,0.7859237536656891,0.739329101206634,0.8261481493155934,1.9323336578601105,,,,,CHEMBL228_Ki
71339737,mondrian_iqr,cliffA,cliff,18,7,0.3888888888888889,0.2030524657216362,0.613809583977621,1.8067093742128497,,,,,CHEMBL228_Ki
71339737,mondrian_iqr,cliffA,noncliff,323,261,0.8080495356037152,0.7615791279249985,0.8472787590702121,1.9393343919333323,,,,,CHEMBL228_Ki
71339737,mondrian_iqr,__bins__,__summary__,-1,-1,,,,1.9323336578601105,0.7010309278350515,0.1678215311813419,0.5797101449275363,0.33205456095481667,CHEMBL228_Ki
71339737,mondrian_nb,cliffB_oracle,all,341,274,0.8035190615835777,0.7580649129183631,0.8422109376360013,2.034556174018531,,,,,CHEMBL228_Ki
71339737,mondrian_nb,cliffB_oracle,cliff,11,3,0.2727272727272727,0.09746059290024889,0.5656453011761291,1.6068271977583017,,,,,CHEMBL228_Ki
71339737,mondrian_nb,cliffB_oracle,noncliff,330,271,0.8212121212121212,0.7762470274956579,0.858784944713237,2.0488138065605384,,,,,CHEMBL228_Ki
71339737,mondrian_nb,cliffA,all,341,274,0.8035190615835777,0.7580649129183631,0.8422109376360013,2.034556174018531,,,,,CHEMBL228_Ki
71339737,mondrian_nb,cliffA,cliff,18,8,0.4444444444444444,0.24559518127005633,0.6628358435795723,1.6842790015578022,,,,,CHEMBL228_Ki
71339737,mondrian_nb,cliffA,noncliff,323,266,0.8235294117647058,0.7782232875027784,0.8612304732107845,2.054076264124701,,,,,CHEMBL228_Ki
71339737,mondrian_nb,__bins__,__summary__,-1,-1,,,,2.034556174018531,0.7540983606557377,0.1311475409836066,0.6956521739130435,0.1867007672634271,CHEMBL228_Ki
71339737,mondrian_nnsim,cliffB_oracle,all,341,279,0.8181818181818182,0.773775121911161,0.8554995620033177,2.192666011623204,,,,,CHEMBL228_Ki
71339737,mondrian_nnsim,cliffB_oracle,cliff,11,5,0.45454545454545453,0.21271271622459764,0.719908462590678,2.843867220177522,,,,,CHEMBL228_Ki
71339737,mondrian_nnsim,cliffB_oracle,noncliff,330,274,0.8303030303030303,0.7860577856184835,0.8669467895774557,2.1709593046713933,,,,,CHEMBL228_Ki
71339737,mondrian_nnsim,cliffA,all,341,279,0.8181818181818182,0.773775121911161,0.8554995620033177,2.192666011623204,,,,,CHEMBL228_Ki
71339737,mondrian_nnsim,cliffA,cliff,18,12,0.6666666666666666,0.43749467295945105,0.837212252491663,2.774777400461135,,,,,CHEMBL228_Ki
71339737,mondrian_nnsim,cliffA,noncliff,323,267,0.826625386996904,0.7815654957143687,0.8640074397428648,2.1602263676631956,,,,,CHEMBL228_Ki
71339737,mondrian_nnsim,__bins__,__summary__,-1,-1,,,,2.192666011623204,0.7525773195876289,0.14906202467466623,0.5942028985507246,0.3616794543904519,CHEMBL228_Ki
71339737,mondrian_pairgap,cliffB_oracle,all,341,274,0.8035190615835777,0.7580649129183631,0.8422109376360013,1.9587671910842022,,,,,CHEMBL228_Ki
71339737,mondrian_pairgap,cliffB_oracle,cliff,11,5,0.45454545454545453,0.21271271622459764,0.719908462590678,1.548889928240628,,,,,CHEMBL228_Ki
71339737,mondrian_pairgap,cliffB_oracle,noncliff,330,269,0.8151515151515152,0.7697280460120416,0.8533221908721572,1.9724297665123214,,,,,CHEMBL228_Ki
71339737,mondrian_pairgap,cliffA,all,341,274,0.8035190615835777,0.7580649129183631,0.8422109376360013,1.9587671910842022,,,,,CHEMBL228_Ki
71339737,mondrian_pairgap,cliffA,cliff,18,9,0.5,0.29031021505169974,0.7096897849483003,1.5783024170094957,,,,,CHEMBL228_Ki
71339737,mondrian_pairgap,cliffA,noncliff,323,265,0.8204334365325078,0.7748856553661767,0.858448930603716,1.9799695623948668,,,,,CHEMBL228_Ki
71339737,mondrian_pairgap,__bins__,__summary__,-1,-1,,,,1.9587671910842022,0.711340206185567,0.19029913807672805,0.5797101449275363,0.3467604433077579,CHEMBL228_Ki
71339737,mondrian_rfstd,cliffB_oracle,all,341,275,0.8064516129032258,0.7611996223004412,0.844875994925946,1.9951068507823413,,,,,CHEMBL228_Ki
71339737,mondrian_rfstd,cliffB_oracle,cliff,11,4,0.36363636363636365,0.15166471095367573,0.6461988254921511,1.8556703300814696,,,,,CHEMBL228_Ki
71339737,mondrian_rfstd,cliffB_oracle,noncliff,330,271,0.8212121212121212,0.7762470274956579,0.858784944713237,1.9997547348057039,,,,,CHEMBL228_Ki
71339737,mondrian_rfstd,cliffA,all,341,275,0.8064516129032258,0.7611996223004412,0.844875994925946,1.9951068507823413,,,,,CHEMBL228_Ki
71339737,mondrian_rfstd,cliffA,cliff,18,8,0.4444444444444444,0.24559518127005633,0.6628358435795723,1.781680524691656,,,,,CHEMBL228_Ki
71339737,mondrian_rfstd,cliffA,noncliff,323,267,0.826625386996904,0.7815654957143687,0.8640074397428648,2.007000577932906,,,,,CHEMBL228_Ki
71339737,mondrian_rfstd,__bins__,__summary__,-1,-1,,,,1.9951068507823413,0.7377049180327869,0.14754098360655732,0.7536231884057971,0.11402387041773232,CHEMBL228_Ki
99182118,global,cliffB_oracle,all,341,289,0.8475073313782991,0.8054959558346826,0.8817763948000246,2.310829267620855,,,,,CHEMBL228_Ki
99182118,global,cliffB_oracle,cliff,9,3,0.3333333333333333,0.1205838183869109,0.6457978644196036,2.3108292676208553,,,,,CHEMBL228_Ki
99182118,global,cliffB_oracle,noncliff,332,286,0.8614457831325302,0.8201316953543202,0.8944912128558783,2.310829267620855,,,,,CHEMBL228_Ki
99182118,global,cliffA,all,341,289,0.8475073313782991,0.8054959558346826,0.8817763948000246,2.310829267620855,,,,,CHEMBL228_Ki
99182118,global,cliffA,cliff,18,12,0.6666666666666666,0.43749467295945105,0.837212252491663,2.3108292676208553,,,,,CHEMBL228_Ki
99182118,global,cliffA,noncliff,323,277,0.8575851393188855,0.8152624624899335,0.8915022204040045,2.310829267620855,,,,,CHEMBL228_Ki
99182118,global,__bins__,__summary__,-1,-1,,,,2.310829267620855,0.73,0.21999999999999997,0.6811594202898551,0.2600170502983802,CHEMBL228_Ki
99182118,mondrian_pair,cliffB_oracle,all,341,289,0.8475073313782991,0.8054959558346826,0.8817763948000246,2.285131805101178,,,,,CHEMBL228_Ki
99182118,mondrian_pair,cliffB_oracle,cliff,9,3,0.3333333333333333,0.1205838183869109,0.6457978644196036,2.2983064598763607,,,,,CHEMBL228_Ki
99182118,mondrian_pair,cliffB_oracle,noncliff,332,286,0.8614457831325302,0.8201316953543202,0.8944912128558783,2.284774660845224,,,,,CHEMBL228_Ki
99182118,mondrian_pair,cliffA,all,341,289,0.8475073313782991,0.8054959558346826,0.8817763948000246,2.285131805101178,,,,,CHEMBL228_Ki
99182118,mondrian_pair,cliffA,cliff,18,12,0.6666666666666666,0.43749467295945105,0.837212252491663,2.2983064598763607,,,,,CHEMBL228_Ki
99182118,mondrian_pair,cliffA,noncliff,323,277,0.8575851393188855,0.8152624624899335,0.8915022204040045,2.284397613813397,,,,,CHEMBL228_Ki
99182118,mondrian_pair,__bins__,__summary__,-1,-1,,,,2.285131805101178,0.73,0.21999999999999997,0.6811594202898551,0.2600170502983802,CHEMBL228_Ki
99182118,mondrian_wstd,cliffB_oracle,all,341,289,0.8475073313782991,0.8054959558346826,0.8817763948000246,2.311621723685891,,,,,CHEMBL228_Ki
99182118,mondrian_wstd,cliffB_oracle,cliff,9,4,0.4444444444444444,0.18877852109766452,0.733348706504507,2.242281586239316,,,,,CHEMBL228_Ki
99182118,mondrian_wstd,cliffB_oracle,noncliff,332,285,0.858433734939759,0.8168258249407959,0.8918418923676507,2.3135014262070333,,,,,CHEMBL228_Ki
99182118,mondrian_wstd,cliffA,all,341,289,0.8475073313782991,0.8054959558346826,0.8817763948000246,2.311621723685891,,,,,CHEMBL228_Ki
99182118,mondrian_wstd,cliffA,cliff,18,13,0.7222222222222222,0.4912734343970254,0.8750024662044601,2.135916286795828,,,,,CHEMBL228_Ki
99182118,mondrian_wstd,cliffA,noncliff,323,276,0.8544891640866873,0.8118684761017851,0.8887770320484825,2.3214133579398264,,,,,CHEMBL228_Ki
99182118,mondrian_wstd,__bins__,__summary__,-1,-1,,,,2.311621723685891,0.8333333333333334,0.033333333333333326,0.7794117647058824,0.13235294117647056,CHEMBL228_Ki
99182118,mondrian_std,cliffB_oracle,all,341,288,0.844574780058651,0.8023040996063368,0.8791684843563475,2.3031285917031004,,,,,CHEMBL228_Ki
99182118,mondrian_std,cliffB_oracle,cliff,9,5,0.5555555555555556,0.26665129349549305,0.8112214789023355,2.3911807959173643,,,,,CHEMBL228_Ki
99182118,mondrian_std,cliffB_oracle,noncliff,332,283,0.8524096385542169,0.8102306227220208,0.8865267127829226,2.3007416343599423,,,,,CHEMBL228_Ki
99182118,mondrian_std,cliffA,all,341,288,0.844574780058651,0.8023040996063368,0.8791684843563475,2.3031285917031004,,,,,CHEMBL228_Ki
99182118,mondrian_std,cliffA,cliff,18,14,0.7777777777777778,0.5478541568378739,0.9099907189139831,2.205977930520693,,,,,CHEMBL228_Ki
99182118,mondrian_std,cliffA,noncliff,323,274,0.848297213622291,0.8050976188020467,0.8833095398608801,2.308542560437724,,,,,CHEMBL228_Ki
99182118,mondrian_std,__bins__,__summary__,-1,-1,,,,2.3031285917031004,0.8333333333333334,0.0191256830601092,0.7794117647058824,0.13235294117647056,CHEMBL228_Ki
99182118,mondrian_iqr,cliffB_oracle,all,341,288,0.844574780058651,0.8023040996063368,0.8791684843563475,2.2149276440436476,,,,,CHEMBL228_Ki
99182118,mondrian_iqr,cliffB_oracle,cliff,9,3,0.3333333333333333,0.1205838183869109,0.6457978644196036,2.1214977661888255,,,,,CHEMBL228_Ki
99182118,mondrian_iqr,cliffB_oracle,noncliff,332,285,0.858433734939759,0.8168258249407959,0.8918418923676507,2.217460381696339,,,,,CHEMBL228_Ki
99182118,mondrian_iqr,cliffA,all,341,288,0.844574780058651,0.8023040996063368,0.8791684843563475,2.2149276440436476,,,,,CHEMBL228_Ki
99182118,mondrian_iqr,cliffA,cliff,18,12,0.6666666666666666,0.43749467295945105,0.837212252491663,2.059723342458363,,,,,CHEMBL228_Ki
99182118,mondrian_iqr,cliffA,noncliff,323,276,0.8544891640866873,0.8118684761017851,0.8887770320484825,2.223576800169144,,,,,CHEMBL228_Ki
99182118,mondrian_iqr,__bins__,__summary__,-1,-1,,,,2.2149276440436476,0.82,0.046666666666666745,0.7941176470588235,0.08823529411764708,CHEMBL228_Ki
99182118,mondrian_nb,cliffB_oracle,all,341,290,0.8504398826979472,0.808692567707887,0.884379549598843,2.3201255842783004,,,,,CHEMBL228_Ki
99182118,mondrian_nb,cliffB_oracle,cliff,9,3,0.3333333333333333,0.1205838183869109,0.6457978644196036,1.9578345713410488,,,,,CHEMBL228_Ki
99182118,mondrian_nb,cliffB_oracle,noncliff,332,287,0.8644578313253012,0.8234432742780737,0.8971348248338762,2.3299467261952738,,,,,CHEMBL228_Ki
99182118,mondrian_nb,cliffA,all,341,290,0.8504398826979472,0.808692567707887,0.884379549598843,2.3201255842783004,,,,,CHEMBL228_Ki
99182118,mondrian_nb,cliffA,cliff,18,11,0.6111111111111112,0.3861904160223791,0.7969475342783638,1.9880897438436638,,,,,CHEMBL228_Ki
99182118,mondrian_nb,cliffA,noncliff,323,279,0.8637770897832817,0.8220683152165622,0.8969347171647166,2.338629129565679,,,,,CHEMBL228_Ki
99182118,mondrian_nb,__bins__,__summary__,-1,-1,,,,2.3201255842783004,0.73,0.18666666666666665,0.7647058823529411,0.16176470588235303,CHEMBL228_Ki
99182118,mondrian_nnsim,cliffB_oracle,all,341,298,0.873900293255132,0.8344514644713712,0.9050187862115415,2.382740302362951,,,,,CHEMBL228_Ki
99182118,mondrian_nnsim,cliffB_oracle,cliff,9,5,0.5555555555555556,0.26665129349549305,0.8112214789023355,2.6151873750944556,,,,,CHEMBL228_Ki
99182118,mondrian_nnsim,cliffB_oracle,noncliff,332,293,0.8825301204819277,0.8434420496044278,0.9128671949180319,2.376439026294929,,,,,CHEMBL228_Ki
99182118,mondrian_nnsim,cliffA,all,341,298,0.873900293255132,0.8344514644713712,0.9050187862115415,2.382740302362951,,,,,CHEMBL228_Ki
99182118,mondrian_nnsim,cliffA,cliff,18,14,0.7777777777777778,0.5478541568378739,0.9099907189139831,2.547033340643139,,,,,CHEMBL228_Ki
99182118,mondrian_nnsim,cliffA,noncliff,323,284,0.8792569659442725,0.8391954317951836,0.9104034743044477,2.3735846531708664,,,,,CHEMBL228_Ki
99182118,mondrian_nnsim,__bins__,__summary__,-1,-1,,,,2.382740302362951,0.78,0.18666666666666665,0.7681159420289855,0.20247229326513216,CHEMBL228_Ki
99182118,mondrian_pairgap,cliffB_oracle,all,341,289,0.8475073313782991,0.8054959558346826,0.8817763948000246,2.3206026310013197,,,,,CHEMBL228_Ki
99182118,mondrian_pairgap,cliffB_oracle,cliff,9,3,0.3333333333333333,0.1205838183869109,0.6457978644196036,2.355714343886693,,,,,CHEMBL228_Ki
99182118,mondrian_pairgap,cliffB_oracle,noncliff,332,286,0.8614457831325302,0.8201316953543202,0.8944912128558783,2.319650807459246,,,,,CHEMBL228_Ki
99182118,mondrian_pairgap,cliffA,all,341,289,0.8475073313782991,0.8054959558346826,0.8817763948000246,2.3206026310013197,,,,,CHEMBL228_Ki
99182118,mondrian_pairgap,cliffA,cliff,18,12,0.6666666666666666,0.43749467295945105,0.837212252491663,2.350103709353464,,,,,CHEMBL228_Ki
99182118,mondrian_pairgap,cliffA,noncliff,323,277,0.8575851393188855,0.8152624624899335,0.8915022204040045,2.3189586080590954,,,,,CHEMBL228_Ki
99182118,mondrian_pairgap,__bins__,__summary__,-1,-1,,,,2.3206026310013197,0.73,0.21999999999999997,0.6811594202898551,0.2600170502983802,CHEMBL228_Ki
99182118,mondrian_rfstd,cliffB_oracle,all,341,284,0.8328445747800587,0.789582150584954,0.8686913666896391,2.12034370512407,,,,,CHEMBL228_Ki
99182118,mondrian_rfstd,cliffB_oracle,cliff,9,2,0.2222222222222222,0.06322510711784671,0.5474110308930111,1.736175344716664,,,,,CHEMBL228_Ki
99182118,mondrian_rfstd,cliffB_oracle,noncliff,332,282,0.8493975903614458,0.8069410156978732,0.8838611289053185,2.1307579076652345,,,,,CHEMBL228_Ki
99182118,mondrian_rfstd,cliffA,all,341,284,0.8328445747800587,0.789582150584954,0.8686913666896391,2.12034370512407,,,,,CHEMBL228_Ki
99182118,mondrian_rfstd,cliffA,cliff,18,11,0.6111111111111112,0.3861904160223791,0.7969475342783638,1.7626508112794665,,,,,CHEMBL228_Ki
99182118,mondrian_rfstd,cliffA,noncliff,323,273,0.8452012383900929,0.8017204649655538,0.8805675189537023,2.140277055245441,,,,,CHEMBL228_Ki
99182118,mondrian_rfstd,__bins__,__summary__,-1,-1,,,,2.12034370512407,0.8,0.04999999999999993,0.7205882352941176,0.17647058823529416,CHEMBL228_Ki
89709943,global,cliffB_oracle,all,341,298,0.873900293255132,0.8344514644713712,0.9050187862115415,2.207562150401286,,,,,CHEMBL228_Ki
89709943,global,cliffB_oracle,cliff,3,3,1.0,0.4385029682449546,1.0,2.207562150401285,,,,,CHEMBL228_Ki
89709943,global,cliffB_oracle,noncliff,338,295,0.8727810650887574,0.8330208424531392,0.9041629996395234,2.207562150401286,,,,,CHEMBL228_Ki
89709943,global,cliffA,all,341,298,0.873900293255132,0.8344514644713712,0.9050187862115415,2.207562150401286,,,,,CHEMBL228_Ki
89709943,global,cliffA,cliff,9,8,0.8888888888888888,0.5650002944233439,0.9801091123614551,2.2075621504012855,,,,,CHEMBL228_Ki
89709943,global,cliffA,noncliff,332,290,0.8734939759036144,0.8334138730359464,0.9050297987812586,2.207562150401286,,,,,CHEMBL228_Ki
89709943,global,__bins__,__summary__,-1,-1,,,,2.207562150401286,0.7849462365591398,0.15053763440860213,0.7101449275362319,0.2604433077578857,CHEMBL228_Ki
89709943,mondrian_pair,cliffB_oracle,all,341,300,0.8797653958944281,0.840948134620924,0.9101216494060345,2.211931081595917,,,,,CHEMBL228_Ki
89709943,mondrian_pair,cliffB_oracle,cliff,3,3,1.0,0.4385029682449546,1.0,2.24574216814167,,,,,CHEMBL228_Ki
89709943,mondrian_pair,cliffB_oracle,noncliff,338,297,0.878698224852071,0.8395729143109165,0.9093122586086138,2.211630983194623,,,,,CHEMBL228_Ki
89709943,mondrian_pair,cliffA,all,341,300,0.8797653958944281,0.840948134620924,0.9101216494060345,2.211931081595917,,,,,CHEMBL228_Ki
89709943,mondrian_pair,cliffA,cliff,9,8,0.8888888888888888,0.5650002944233439,0.9801091123614551,2.24574216814167,,,,,CHEMBL228_Ki
89709943,mondrian_pair,cliffA,noncliff,332,292,0.8795180722891566,0.8400925994768381,0.9102614541438699,2.2110145159967853,,,,,CHEMBL228_Ki
89709943,mondrian_pair,__bins__,__summary__,-1,-1,,,,2.211931081595917,0.7956989247311828,0.13978494623655913,0.7101449275362319,0.2604433077578857,CHEMBL228_Ki
89709943,mondrian_wstd,cliffB_oracle,all,341,291,0.8533724340175953,0.8118940479906462,0.8869778359881066,2.182950029121692,,,,,CHEMBL228_Ki
89709943,mondrian_wstd,cliffB_oracle,cliff,3,3,1.0,0.4385029682449546,1.0,2.2670292480123813,,,,,CHEMBL228_Ki
89709943,mondrian_wstd,cliffB_oracle,noncliff,338,288,0.8520710059171598,0.8102714830826792,0.8859577011159467,2.1822037638652656,,,,,CHEMBL228_Ki
89709943,mondrian_wstd,cliffA,all,341,291,0.8533724340175953,0.8118940479906462,0.8869778359881066,2.182950029121692,,,,,CHEMBL228_Ki
89709943,mondrian_wstd,cliffA,cliff,9,8,0.8888888888888888,0.5650002944233439,0.9801091123614551,2.1389706897968663,,,,,CHEMBL228_Ki
89709943,mondrian_wstd,cliffA,noncliff,332,283,0.8524096385542169,0.8102306227220208,0.8865267127829226,2.1841422401274855,,,,,CHEMBL228_Ki
89709943,mondrian_wstd,__bins__,__summary__,-1,-1,,,,2.182950029121692,0.7258064516129032,0.17741935483870963,0.7681159420289855,0.18776641091219104,CHEMBL228_Ki
89709943,mondrian_std,cliffB_oracle,all,341,293,0.8592375366568915,0.8183120928971418,0.8921593244256568,2.2179318381257382,,,,,CHEMBL228_Ki
89709943,mondrian_std,cliffB_oracle,cliff,3,3,1.0,0.4385029682449546,1.0,2.3144244528323856,,,,,CHEMBL228_Ki
89709943,mondrian_std,cliffB_oracle,noncliff,338,290,0.8579881656804734,0.8167440732639728,0.8911864417615207,2.2170753947999398,,,,,CHEMBL228_Ki
89709943,mondrian_std,cliffA,all,341,293,0.8592375366568915,0.8183120928971418,0.8921593244256568,2.2179318381257382,,,,,CHEMBL228_Ki
89709943,mondrian_std,cliffA,cliff,9,8,0.8888888888888888,0.5650002944233439,0.9801091123614551,2.233761099436875,,,,,CHEMBL228_Ki
89709943,mondrian_std,cliffA,noncliff,332,285,0.858433734939759,0.8168258249407959,0.8918418923676507,2.2175027316444127,,,,,CHEMBL228_Ki
89709943,mondrian_std,__bins__,__summary__,-1,-1,,,,2.2179318381257382,0.7419354838709677,0.17741935483870963,0.7681159420289855,0.18776641091219104,CHEMBL228_Ki
89709943,mondrian_iqr,cliffB_oracle,all,341,295,0.8651026392961877,0.8247511105123286,0.8973198401545155,2.136882150635937,,,,,CHEMBL228_Ki
89709943,mondrian_iqr,cliffB_oracle,cliff,3,3,1.0,0.4385029682449546,1.0,2.170606257918273,,,,,CHEMBL228_Ki
89709943,mondrian_iqr,cliffB_oracle,noncliff,338,292,0.863905325443787,0.8232378674648596,0.8963939783875016,2.1365828242399396,,,,,CHEMBL228_Ki
89709943,mondrian_iqr,cliffA,all,341,295,0.8651026392961877,0.8247511105123286,0.8973198401545155,2.136882150635937,,,,,CHEMBL228_Ki
89709943,mondrian_iqr,cliffA,cliff,9,8,0.8888888888888888,0.5650002944233439,0.9801091123614551,2.081960365363221,,,,,CHEMBL228_Ki
89709943,mondrian_iqr,cliffA,noncliff,332,287,0.8644578313253012,0.8234432742780737,0.8971348248338762,2.138370994212607,,,,,CHEMBL228_Ki
89709943,mondrian_iqr,__bins__,__summary__,-1,-1,,,,2.136882150635937,0.7956989247311828,0.13978494623655913,0.7681159420289855,0.20247229326513216,CHEMBL228_Ki
89709943,mondrian_nb,cliffB_oracle,all,341,306,0.8973607038123167,0.8605981784509595,0.9252702056081359,2.200391088861557,,,,,CHEMBL228_Ki
89709943,mondrian_nb,cliffB_oracle,cliff,3,3,1.0,0.4385029682449546,1.0,1.9279201081281114,,,,,CHEMBL228_Ki
89709943,mondrian_nb,cliffB_oracle,noncliff,338,303,0.8964497041420119,0.8593908588037501,0.9245983065963833,2.2028094703473564,,,,,CHEMBL228_Ki
89709943,mondrian_nb,cliffA,all,341,306,0.8973607038123167,0.8605981784509595,0.9252702056081359,2.200391088861557,,,,,CHEMBL228_Ki
89709943,mondrian_nb,cliffA,cliff,9,7,0.7777777777777778,0.45258896910698887,0.9367748928821533,1.9469415898341669,,,,,CHEMBL228_Ki
89709943,mondrian_nb,cliffA,noncliff,332,299,0.9006024096385542,0.8636948484177588,0.928345541515211,2.207261707811095,,,,,CHEMBL228_Ki
89709943,mondrian_nb,__bins__,__summary__,-1,-1,,,,2.200391088861557,0.8494623655913979,0.06989247311827951,0.7971014492753623,0.1594202898550725,CHEMBL228_Ki
89709943,mondrian_nnsim,cliffB_oracle,all,341,288,0.844574780058651,0.8023040996063368,0.8791684843563475,2.205354171107311,,,,,CHEMBL228_Ki
89709943,mondrian_nnsim,cliffB_oracle,cliff,3,3,1.0,0.4385029682449546,1.0,2.5549825206861363,,,,,CHEMBL228_Ki
89709943,mondrian_nnsim,cliffB_oracle,noncliff,338,285,0.8431952662721893,0.8006001308053805,0.8780770571529437,2.2022509609039482,,,,,CHEMBL228_Ki
89709943,mondrian_nnsim,cliffA,all,341,288,0.844574780058651,0.8023040996063368,0.8791684843563475,2.205354171107311,,,,,CHEMBL228_Ki
89709943,mondrian_nnsim,cliffA,cliff,9,8,0.8888888888888888,0.5650002944233439,0.9801091123614551,2.379817216455542,,,,,CHEMBL228_Ki
89709943,mondrian_nnsim,cliffA,noncliff,332,280,0.8433734939759037,0.8003771513894022,0.8785146114102862,2.200624751203293,,,,,CHEMBL228_Ki
89709943,mondrian_nnsim,__bins__,__summary__,-1,-1,,,,2.205354171107311,0.7634408602150538,0.13978494623655913,0.6521739130434783,0.30370843989769825,CHEMBL228_Ki
89709943,mondrian_pairgap,cliffB_oracle,all,341,300,0.8797653958944281,0.840948134620924,0.9101216494060345,2.2189340415627323,,,,,CHEMBL228_Ki
89709943,mondrian_pairgap,cliffB_oracle,cliff,3,3,1.0,0.4385029682449546,1.0,2.1493225958960793,,,,,CHEMBL228_Ki
89709943,mondrian_pairgap,cliffB_oracle,noncliff,338,297,0.878698224852071,0.8395729143109165,0.9093122586086138,2.2195518946307797,,,,,CHEMBL228_Ki
89709943,mondrian_pairgap,cliffA,all,341,300,0.8797653958944281,0.840948134620924,0.9101216494060345,2.2189340415627323,,,,,CHEMBL228_Ki
89709943,mondrian_pairgap,cliffA,cliff,9,8,0.8888888888888888,0.5650002944233439,0.9801091123614551,2.1493225958960793,,,,,CHEMBL228_Ki
89709943,mondrian_pairgap,cliffA,noncliff,332,292,0.8795180722891566,0.8400925994768381,0.9102614541438699,2.2208210988247803,,,,,CHEMBL228_Ki
89709943,mondrian_pairgap,__bins__,__summary__,-1,-1,,,,2.2189340415627323,0.7849462365591398,0.15053763440860213,0.7391304347826086,0.231457800511509,CHEMBL228_Ki
89709943,mondrian_rfstd,cliffB_oracle,all,341,301,0.8826979472140762,0.84420594074801,0.9126636099509713,2.0942535775699915,,,,,CHEMBL228_Ki
89709943,mondrian_rfstd,cliffB_oracle,cliff,3,2,0.6666666666666666,0.2076596008020477,0.9385080552796037,2.4828654586406818,,,,,CHEMBL228_Ki
89709943,mondrian_rfstd,cliffB_oracle,noncliff,338,299,0.8846153846153846,0.8461507802745102,0.9144357234718877,2.0908043596906656,,,,,CHEMBL228_Ki
89709943,mondrian_rfstd,cliffA,all,341,301,0.8826979472140762,0.84420594074801,0.9126636099509713,2.0942535775699915,,,,,CHEMBL228_Ki
89709943,mondrian_rfstd,cliffA,cliff,9,6,0.6666666666666666,0.3542021355803963,0.879416181613089,1.9677413107045187,,,,,CHEMBL228_Ki
89709943,mondrian_rfstd,cliffA,noncliff,332,295,0.8885542168674698,0.8501622285544331,0.91805739777153,2.097683126972971,,,,,CHEMBL228_Ki
89709943,mondrian_rfstd,__bins__,__summary__,-1,-1,,,,2.0942535775699915,0.8387096774193549,0.09677419354838701,0.8088235294117647,0.11764705882352944,CHEMBL228_Ki
86921808,global,cliffB_oracle,all,341,289,0.8475073313782991,0.8054959558346826,0.8817763948000246,2.0883860517752133,,,,,CHEMBL228_Ki
86921808,global,cliffB_oracle,cliff,8,7,0.875,0.5291118177871464,0.9775825085499433,2.0883860517752133,,,,,CHEMBL228_Ki
86921808,global,cliffB_oracle,noncliff,333,282,0.8468468468468469,0.8042291588841859,0.8815534072190112,2.0883860517752133,,,,,CHEMBL228_Ki
86921808,global,cliffA,all,341,289,0.8475073313782991,0.8054959558346826,0.8817763948000246,2.0883860517752133,,,,,CHEMBL228_Ki
86921808,global,cliffA,cliff,13,11,0.8461538461538461,0.5776536898051745,0.9567418216419186,2.0883860517752133,,,,,CHEMBL228_Ki
86921808,global,cliffA,noncliff,328,278,0.8475609756097561,0.8046550652397426,0.8824200242028837,2.0883860517752133,,,,,CHEMBL228_Ki
86921808,global,__bins__,__summary__,-1,-1,,,,2.0883860517752133,0.6551724137931034,0.2972085385878489,0.7101449275362319,0.2604433077578857,CHEMBL228_Ki
86921808,mondrian_pair,cliffB_oracle,all,341,289,0.8475073313782991,0.8054959558346826,0.8817763948000246,2.1020210554641148,,,,,CHEMBL228_Ki
86921808,mondrian_pair,cliffB_oracle,cliff,8,7,0.875,0.5291118177871464,0.9775825085499433,2.15296294424626,,,,,CHEMBL228_Ki
86921808,mondrian_pair,cliffB_oracle,noncliff,333,282,0.8468468468468469,0.8042291588841859,0.8815534072190112,2.1007972263041834,,,,,CHEMBL228_Ki
86921808,mondrian_pair,cliffA,all,341,289,0.8475073313782991,0.8054959558346826,0.8817763948000246,2.1020210554641148,,,,,CHEMBL228_Ki
86921808,mondrian_pair,cliffA,cliff,13,11,0.8461538461538461,0.5776536898051745,0.9567418216419186,2.1440215283656534,,,,,CHEMBL228_Ki
86921808,mondrian_pair,cliffA,noncliff,328,278,0.8475609756097561,0.8046550652397426,0.8824200242028837,2.1003564025747243,,,,,CHEMBL228_Ki
86921808,mondrian_pair,__bins__,__summary__,-1,-1,,,,2.1020210554641148,0.6551724137931034,0.2972085385878489,0.7101449275362319,0.2604433077578857,CHEMBL228_Ki
86921808,mondrian_wstd,cliffB_oracle,all,341,287,0.841642228739003,0.7991168914397949,0.8765559258508665,2.0790896642409584,,,,,CHEMBL228_Ki
86921808,mondrian_wstd,cliffB_oracle,cliff,8,6,0.75,0.40927543031016883,0.9285207872478909,2.137945992957024,,,,,CHEMBL228_Ki
86921808,mondrian_wstd,cliffB_oracle,noncliff,333,281,0.8438438438438438,0.8009591550879096,0.8788858996204545,2.0776756983859177,,,,,CHEMBL228_Ki
86921808,mondrian_wstd,cliffA,all,341,287,0.841642228739003,0.7991168914397949,0.8765559258508665,2.0790896642409584,,,,,CHEMBL228_Ki
86921808,mondrian_wstd,cliffA,cliff,13,9,0.6923076923076923,0.42369343180549035,0.8731929634428948,2.10906798164852,,,,,CHEMBL228_Ki
86921808,mondrian_wstd,cliffA,noncliff,328,278,0.8475609756097561,0.8046550652397426,0.8824200242028837,2.077901499221756,,,,,CHEMBL228_Ki
86921808,mondrian_wstd,__bins__,__summary__,-1,-1,,,,2.0790896642409584,0.7586206896551724,0.17788724685276414,0.7205882352941176,0.22058823529411764,CHEMBL228_Ki
86921808,mondrian_std,cliffB_oracle,all,341,285,0.8357771260997068,0.792756012951584,0.8713172709950319,2.0851244344371205,,,,,CHEMBL228_Ki
86921808,mondrian_std,cliffB_oracle,cliff,8,6,0.75,0.40927543031016883,0.9285207872478909,2.10728147150607,,,,,CHEMBL228_Ki
86921808,mondrian_std,cliffB_oracle,noncliff,333,279,0.8378378378378378,0.7944337402086731,0.8735362917100254,2.0845921332462747,,,,,CHEMBL228_Ki
86921808,mondrian_std,cliffA,all,341,285,0.8357771260997068,0.792756012951584,0.8713172709950319,2.0851244344371205,,,,,CHEMBL228_Ki
86921808,mondrian_std,cliffA,cliff,13,9,0.6923076923076923,0.42369343180549035,0.8731929634428948,2.0884114365157647,,,,,CHEMBL228_Ki
86921808,mondrian_std,cliffA,noncliff,328,276,0.8414634146341463,0.7980147474601829,0.8770063930448535,2.0849941569157107,,,,,CHEMBL228_Ki
86921808,mondrian_std,__bins__,__summary__,-1,-1,,,,2.0851244344371205,0.7471264367816092,0.1735084838533114,0.7205882352941176,0.22058823529411764,CHEMBL228_Ki
86921808,mondrian_iqr,cliffB_oracle,all,341,282,0.8269794721407625,0.7832471301322549,0.8634268537982924,2.0095994739085734,,,,,CHEMBL228_Ki
86921808,mondrian_iqr,cliffB_oracle,cliff,8,5,0.625,0.30574239460262737,0.8631557141764026,1.7260113942454487,,,,,CHEMBL228_Ki
86921808,mondrian_iqr,cliffB_oracle,noncliff,333,277,0.8318318318318318,0.7879270724434227,0.86816793668561,2.0164124007473267,,,,,CHEMBL228_Ki
86921808,mondrian_iqr,cliffA,all,341,282,0.8269794721407625,0.7832471301322549,0.8634268537982924,2.0095994739085734,,,,,CHEMBL228_Ki
86921808,mondrian_iqr,cliffA,cliff,13,8,0.6153846153846154,0.355228915126657,0.8229029220223743,1.8709473029310382,,,,,CHEMBL228_Ki
86921808,mondrian_iqr,cliffA,noncliff,328,274,0.8353658536585366,0.7913944204454411,0.8715727711220052,2.0150948343436585,,,,,CHEMBL228_Ki
86921808,mondrian_iqr,__bins__,__summary__,-1,-1,,,,2.0095994739085734,0.7011494252873564,0.21948549534756423,0.7352941176470589,0.19117647058823528,CHEMBL228_Ki
86921808,mondrian_nb,cliffB_oracle,all,341,285,0.8357771260997068,0.792756012951584,0.8713172709950319,2.175966685999462,,,,,CHEMBL228_Ki
86921808,mondrian_nb,cliffB_oracle,cliff,8,4,0.5,0.21521606221387757,0.7847839377861224,1.6925654940065664,,,,,CHEMBL228_Ki
86921808,mondrian_nb,cliffB_oracle,noncliff,333,281,0.8438438438438438,0.8009591550879096,0.8788858996204545,2.187579927849141,,,,,CHEMBL228_Ki
86921808,mondrian_nb,cliffA,all,341,285,0.8357771260997068,0.792756012951584,0.8713172709950319,2.175966685999462,,,,,CHEMBL228_Ki
86921808,mondrian_nb,cliffA,cliff,13,7,0.5384615384615384,0.29143795714506004,0.7679393219046169,1.751311923833664,,,,,CHEMBL228_Ki
86921808,mondrian_nb,cliffA,noncliff,328,278,0.8475609756097561,0.8046550652397426,0.8824200242028837,2.19279751498774,,,,,CHEMBL228_Ki
86921808,mondrian_nb,__bins__,__summary__,-1,-1,,,,2.175966685999462,0.735632183908046,0.18624281609195403,0.7941176470588235,0.07352941176470595,CHEMBL228_Ki
86921808,mondrian_nnsim,cliffB_oracle,all,341,282,0.8269794721407625,0.7832471301322549,0.8634268537982924,2.1238852214685675,,,,,CHEMBL228_Ki
86921808,mondrian_nnsim,cliffB_oracle,cliff,8,7,0.875,0.5291118177871464,0.9775825085499433,2.3609909631908224,,,,,CHEMBL228_Ki
86921808,mondrian_nnsim,cliffB_oracle,noncliff,333,275,0.8258258258258259,0.7814383647465202,0.862781621592847,2.1181889874331983,,,,,CHEMBL228_Ki
86921808,mondrian_nnsim,cliffA,all,341,282,0.8269794721407625,0.7832471301322549,0.8634268537982924,2.1238852214685675,,,,,CHEMBL228_Ki
86921808,mondrian_nnsim,cliffA,cliff,13,10,0.7692307692307693,0.49743624053272495,0.9182047128150143,2.2886915332957125,,,,,CHEMBL228_Ki
86921808,mondrian_nnsim,cliffA,noncliff,328,272,0.8292682926829268,0.7847932090821277,0.8661200335477286,2.1173532639876136,,,,,CHEMBL228_Ki
86921808,mondrian_nnsim,__bins__,__summary__,-1,-1,,,,2.1238852214685675,0.6551724137931034,0.2510775862068966,0.6956521739130435,0.24552429667519182,CHEMBL228_Ki
86921808,mondrian_pairgap,cliffB_oracle,all,341,289,0.8475073313782991,0.8054959558346826,0.8817763948000246,2.112731590963107,,,,,CHEMBL228_Ki
86921808,mondrian_pairgap,cliffB_oracle,cliff,8,7,0.875,0.5291118177871464,0.9775825085499433,2.0523587523086375,,,,,CHEMBL228_Ki
86921808,mondrian_pairgap,cliffB_oracle,noncliff,333,282,0.8468468468468469,0.8042291588841859,0.8815534072190112,2.114181989489341,,,,,CHEMBL228_Ki
86921808,mondrian_pairgap,cliffA,all,341,289,0.8475073313782991,0.8054959558346826,0.8817763948000246,2.112731590963107,,,,,CHEMBL228_Ki
86921808,mondrian_pairgap,cliffA,cliff,13,11,0.8461538461538461,0.5776536898051745,0.9567418216419186,2.0412844446264566,,,,,CHEMBL228_Ki
86921808,mondrian_pairgap,cliffA,noncliff,328,278,0.8475609756097561,0.8046550652397426,0.8824200242028837,2.115563337616694,,,,,CHEMBL228_Ki
86921808,mondrian_pairgap,__bins__,__summary__,-1,-1,,,,2.112731590963107,0.6666666666666666,0.2857142857142857,0.7101449275362319,0.2604433077578857,CHEMBL228_Ki
86921808,mondrian_rfstd,cliffB_oracle,all,341,286,0.8387096774193549,0.7959342286099272,0.8739388220087113,2.127752446593177,,,,,CHEMBL228_Ki
86921808,mondrian_rfstd,cliffB_oracle,cliff,8,5,0.625,0.30574239460262737,0.8631557141764026,2.2726769827137585,,,,,CHEMBL228_Ki
86921808,mondrian_rfstd,cliffB_oracle,noncliff,333,281,0.8438438438438438,0.8009591550879096,0.8788858996204545,2.124270776055746,,,,,CHEMBL228_Ki
86921808,mondrian_rfstd,cliffA,all,341,286,0.8387096774193549,0.7959342286099272,0.8739388220087113,2.127752446593177,,,,,CHEMBL228_Ki
86921808,mondrian_rfstd,cliffA,cliff,13,9,0.6923076923076923,0.42369343180549035,0.8731929634428948,2.248420909631878,,,,,CHEMBL228_Ki
86921808,mondrian_rfstd,cliffA,noncliff,328,277,0.8445121951219512,0.8013323495615424,0.8797157654122888,2.122969855070302,,,,,CHEMBL228_Ki
86921808,mondrian_rfstd,__bins__,__summary__,-1,-1,,,,2.127752446593177,0.7701149425287356,0.1346469622331692,0.7647058823529411,0.11935208866155167,CHEMBL228_Ki
71339737,global,cliffB_oracle,all,191,167,0.8743455497382199,0.8198422167432224,0.9140878249713491,2.6976839771772814,,,,,CHEMBL237_EC50
71339737,global,cliffB_oracle,cliff,9,7,0.7777777777777778,0.45258896910698887,0.9367748928821533,2.697683977177281,,,,,CHEMBL237_EC50
71339737,global,cliffB_oracle,noncliff,182,160,0.8791208791208791,0.8237655243507372,0.918802904005967,2.6976839771772814,,,,,CHEMBL237_EC50
71339737,global,cliffA,all,191,167,0.8743455497382199,0.8198422167432224,0.9140878249713491,2.6976839771772814,,,,,CHEMBL237_EC50
71339737,global,cliffA,cliff,21,17,0.8095238095238095,0.5999943530979508,0.9233243494723822,2.69768397717728,,,,,CHEMBL237_EC50
71339737,global,cliffA,noncliff,170,150,0.8823529411764706,0.8252701424257209,0.9225376640773659,2.697683977177281,,,,,CHEMBL237_EC50
71339737,global,__bins__,__summary__,-1,-1,,,,2.6976839771772814,0.8163265306122449,0.10034013605442171,0.8157894736842105,0.13157894736842102,CHEMBL237_EC50
71339737,mondrian_pair,cliffB_oracle,all,191,169,0.8848167539267016,0.8317663752303182,0.9226931781406049,2.7402067565525496,,,,,CHEMBL237_EC50
71339737,mondrian_pair,cliffB_oracle,cliff,9,7,0.7777777777777778,0.45258896910698887,0.9367748928821533,2.7956219094860884,,,,,CHEMBL237_EC50
71339737,mondrian_pair,cliffB_oracle,noncliff,182,162,0.8901098901098901,0.8363633968240498,0.9277287540937182,2.7374664467920997,,,,,CHEMBL237_EC50
71339737,mondrian_pair,cliffA,all,191,169,0.8848167539267016,0.8317663752303182,0.9226931781406049,2.7402067565525496,,,,,CHEMBL237_EC50
71339737,mondrian_pair,cliffA,cliff,21,17,0.8095238095238095,0.5999943530979508,0.9233243494723822,2.7855951055733317,,,,,CHEMBL237_EC50
71339737,mondrian_pair,cliffA,noncliff,170,152,0.8941176470588236,0.8388485280345371,0.9319687494378756,2.734599960497041,,,,,CHEMBL237_EC50
71339737,mondrian_pair,__bins__,__summary__,-1,-1,,,,2.7402067565525496,0.8163265306122449,0.12653061224489792,0.8421052631578947,0.10526315789473684,CHEMBL237_EC50
71339737,mondrian_wstd,cliffB_oracle,all,191,168,0.8795811518324608,0.8257911404986049,0.9184036570441425,2.707516729018263,,,,,CHEMBL237_EC50
71339737,mondrian_wstd,cliffB_oracle,cliff,9,7,0.7777777777777778,0.45258896910698887,0.9367748928821533,2.904240023189048,,,,,CHEMBL237_EC50
71339737,mondrian_wstd,cliffB_oracle,noncliff,182,161,0.8846153846153846,0.8300488639340768,0.9232814257031592,2.697788654031796,,,,,CHEMBL237_EC50
71339737,mondrian_wstd,cliffA,all,191,168,0.8795811518324608,0.8257911404986049,0.9184036570441425,2.707516729018263,,,,,CHEMBL237_EC50
71339737,mondrian_wstd,cliffA,cliff,21,18,0.8571428571428571,0.6536393971937906,0.9501898750027473,3.043689454221552,,,,,CHEMBL237_EC50
71339737,mondrian_wstd,cliffA,noncliff,170,150,0.8823529411764706,0.8252701424257209,0.9225376640773659,2.6659895100225635,,,,,CHEMBL237_EC50
71339737,mondrian_wstd,__bins__,__summary__,-1,-1,,,,2.707516729018263,0.7714285714285715,0.2081632653061224,0.8157894736842105,0.13157894736842102,CHEMBL237_EC50
71339737,mondrian_std,cliffB_oracle,all,191,170,0.8900523560209425,0.8377694128413457,0.9269548963577535,2.7628358640710378,,,,,CHEMBL237_EC50
71339737,mondrian_std,cliffB_oracle,cliff,9,8,0.8888888888888888,0.5650002944233439,0.9801091123614551,3.0986469250391453,,,,,CHEMBL237_EC50
71339737,mondrian_std,cliffB_oracle,noncliff,182,162,0.8901098901098901,0.8363633968240498,0.9277287540937182,2.7462298225945925,,,,,CHEMBL237_EC50
71339737,mondrian_std,cliffA,all,191,170,0.8900523560209425,0.8377694128413457,0.9269548963577535,2.7628358640710378,,,,,CHEMBL237_EC50
71339737,mondrian_std,cliffA,cliff,21,19,0.9047619047619048,0.7108586092608176,0.9734812325619255,3.127006697871593,,,,,CHEMBL237_EC50
71339737,mondrian_std,cliffA,noncliff,170,151,0.888235294117647,0.8320401915356466,0.9272723504521032,2.717850055189793,,,,,CHEMBL237_EC50
71339737,mondrian_std,__bins__,__summary__,-1,-1,,,,2.7628358640710378,0.8285714285714286,0.15102040816326523,0.8421052631578947,0.10526315789473684,CHEMBL237_EC50
71339737,mondrian_iqr,cliffB_oracle,all,191,158,0.8272251308900523,0.767299513901769,0.8742477253592201,2.549350759994707,,,,,CHEMBL237_EC50
71339737,mondrian_iqr,cliffB_oracle,cliff,9,6,0.6666666666666666,0.3542021355803963,0.879416181613089,2.587849353549052,,,,,CHEMBL237_EC50
71339737,mondrian_iqr,cliffB_oracle,noncliff,182,152,0.8351648351648352,0.7744444849199293,0.8820290531925193,2.5474469833903717,,,,,CHEMBL237_EC50
71339737,mondrian_iqr,cliffA,all,191,158,0.8272251308900523,0.767299513901769,0.8742477253592201,2.549350759994707,,,,,CHEMBL237_EC50
71339737,mondrian_iqr,cliffA,cliff,21,15,0.7142857142857143,0.5004361928391441,0.8618613704787788,2.5732378905308217,,,,,CHEMBL237_EC50
71339737,mondrian_iqr,cliffA,noncliff,170,143,0.8411764705882353,0.7787826856194077,0.8884919724910391,2.5463999968108344,,,,,CHEMBL237_EC50
71339737,mondrian_iqr,__bins__,__summary__,-1,-1,,,,2.549350759994707,0.7777777777777778,0.13650793650793647,0.7368421052631579,0.1578947368421053,CHEMBL237_EC50
71339737,mondrian_nb,cliffB_oracle,all,191,167,0.8743455497382199,0.8198422167432224,0.9140878249713491,2.5988027968104737,,,,,CHEMBL237_EC50
71339737,mondrian_nb,cliffB_oracle,cliff,9,7,0.7777777777777778,0.45258896910698887,0.9367748928821533,2.3747228004178123,,,,,CHEMBL237_EC50
71339737,mondrian_nb,cliffB_oracle,noncliff,182,160,0.8791208791208791,0.8237655243507372,0.918802904005967,2.6098836757529673,,,,,CHEMBL237_EC50
71339737,mondrian_nb,cliffA,all,191,167,0.8743455497382199,0.8198422167432224,0.9140878249713491,2.5988027968104737,,,,,CHEMBL237_EC50
71339737,mondrian_nb,cliffA,cliff,21,16,0.7619047619047619,0.5490882631704924,0.8937198697736354,2.3632185875885674,,,,,CHEMBL237_EC50
71339737,mondrian_nb,cliffA,noncliff,170,151,0.888235294117647,0.8320401915356466,0.9272723504521032,2.6279043755967084,,,,,CHEMBL237_EC50
71339737,mondrian_nb,__bins__,__summary__,-1,-1,,,,2.5988027968104737,0.8333333333333334,0.08095238095238089,0.8421052631578947,0.07894736842105265,CHEMBL237_EC50
71339737,mondrian_nnsim,cliffB_oracle,all,191,168,0.8795811518324608,0.8257911404986049,0.9184036570441425,2.6458987291678064,,,,,CHEMBL237_EC50
71339737,mondrian_nnsim,cliffB_oracle,cliff,9,6,0.6666666666666666,0.3542021355803963,0.879416181613089,2.446932865584094,,,,,CHEMBL237_EC50
71339737,mondrian_nnsim,cliffB_oracle,noncliff,182,162,0.8901098901098901,0.8363633968240498,0.9277287540937182,2.655737700443924,,,,,CHEMBL237_EC50
71339737,mondrian_nnsim,cliffA,all,191,168,0.8795811518324608,0.8257911404986049,0.9184036570441425,2.6458987291678064,,,,,CHEMBL237_EC50
71339737,mondrian_nnsim,cliffA,cliff,21,15,0.7142857142857143,0.5004361928391441,0.8618613704787788,2.5725303392406977,,,,,CHEMBL237_EC50
71339737,mondrian_nnsim,cliffA,noncliff,170,153,0.9,0.8456978197358397,0.9366241932212359,2.6549618832176263,,,,,CHEMBL237_EC50
71339737,mondrian_nnsim,__bins__,__summary__,-1,-1,,,,2.6458987291678064,0.8163265306122449,0.12653061224489792,0.8421052631578947,0.10526315789473684,CHEMBL237_EC50
71339737,mondrian_pairgap,cliffB_oracle,all,191,167,0.8743455497382199,0.8198422167432224,0.9140878249713491,2.6338724294567295,,,,,CHEMBL237_EC50
71339737,mondrian_pairgap,cliffB_oracle,cliff,9,7,0.7777777777777778,0.45258896910698887,0.9367748928821533,2.5505401926651583,,,,,CHEMBL237_EC50
71339737,mondrian_pairgap,cliffB_oracle,noncliff,182,160,0.8791208791208791,0.8237655243507372,0.918802904005967,2.637993254353016,,,,,CHEMBL237_EC50
71339737,mondrian_pairgap,cliffA,all,191,167,0.8743455497382199,0.8198422167432224,0.9140878249713491,2.6338724294567295,,,,,CHEMBL237_EC50
71339737,mondrian_pairgap,cliffA,cliff,21,17,0.8095238095238095,0.5999943530979508,0.9233243494723822,2.549613229646832,,,,,CHEMBL237_EC50
71339737,mondrian_pairgap,cliffA,noncliff,170,150,0.8823529411764706,0.8252701424257209,0.9225376640773659,2.644280918845011,,,,,CHEMBL237_EC50
71339737,mondrian_pairgap,__bins__,__summary__,-1,-1,,,,2.6338724294567295,0.8163265306122449,0.10034013605442171,0.8157894736842105,0.13157894736842102,CHEMBL237_EC50
71339737,mondrian_rfstd,cliffB_oracle,all,191,165,0.8638743455497382,0.8080180487766231,0.9053824812815967,2.678309383153312,,,,,CHEMBL237_EC50
71339737,mondrian_rfstd,cliffB_oracle,cliff,9,7,0.7777777777777778,0.45258896910698887,0.9367748928821533,2.6288752908069104,,,,,CHEMBL237_EC50
71339737,mondrian_rfstd,cliffB_oracle,noncliff,182,158,0.8681318681318682,0.8112856234033923,0.9097590823922481,2.6807539261814304,,,,,CHEMBL237_EC50
71339737,mondrian_rfstd,cliffA,all,191,165,0.8638743455497382,0.8080180487766231,0.9053824812815967,2.678309383153312,,,,,CHEMBL237_EC50
71339737,mondrian_rfstd,cliffA,cliff,21,17,0.8095238095238095,0.5999943530979508,0.9233243494723822,2.645074367481301,,,,,CHEMBL237_EC50
71339737,mondrian_rfstd,cliffA,noncliff,170,148,0.8705882352941177,0.8118357452733787,0.9129625902603826,2.682414885089266,,,,,CHEMBL237_EC50
71339737,mondrian_rfstd,__bins__,__summary__,-1,-1,,,,2.678309383153312,0.8163265306122449,0.12653061224489792,0.8421052631578947,0.052631578947368474,CHEMBL237_EC50
99182118,global,cliffB_oracle,all,191,160,0.837696335078534,0.778837662188897,0.8832390887284436,2.3625285946359647,,,,,CHEMBL237_EC50
99182118,global,cliffB_oracle,cliff,15,11,0.7333333333333333,0.4804956594401943,0.8910254667430761,2.362528594635965,,,,,CHEMBL237_EC50
99182118,global,cliffB_oracle,noncliff,176,149,0.8465909090909091,0.7859996192031655,0.8923756608908238,2.3625285946359647,,,,,CHEMBL237_EC50
99182118,global,cliffA,all,191,160,0.837696335078534,0.778837662188897,0.8832390887284436,2.3625285946359647,,,,,CHEMBL237_EC50
99182118,global,cliffA,cliff,25,19,0.76,0.5657031664457093,0.8850368630659855,2.3625285946359647,,,,,CHEMBL237_EC50
99182118,global,cliffA,noncliff,166,141,0.8493975903614458,0.7871280017185311,0.8958618925361108,2.3625285946359647,,,,,CHEMBL237_EC50
99182118,global,__bins__,__summary__,-1,-1,,,,2.3625285946359647,0.7021276595744681,0.24231678486997632,0.7435897435897436,0.20235620235620233,CHEMBL237_EC50
99182118,mondrian_pair,cliffB_oracle,all,191,160,0.837696335078534,0.778837662188897,0.8832390887284436,2.348660960179304,,,,,CHEMBL237_EC50
99182118,mondrian_pair,cliffB_oracle,cliff,15,11,0.7333333333333333,0.4804956594401943,0.8910254667430761,2.32826142781312,,,,,CHEMBL237_EC50
99182118,mondrian_pair,cliffB_oracle,noncliff,176,149,0.8465909090909091,0.7859996192031655,0.8923756608908238,2.350399556687786,,,,,CHEMBL237_EC50
99182118,mondrian_pair,cliffA,all,191,160,0.837696335078534,0.778837662188897,0.8832390887284436,2.348660960179304,,,,,CHEMBL237_EC50
99182118,mondrian_pair,cliffA,cliff,25,19,0.76,0.5657031664457093,0.8850368630659855,2.324782578989958,,,,,CHEMBL237_EC50
99182118,mondrian_pair,cliffA,noncliff,166,141,0.8493975903614458,0.7871280017185311,0.8958618925361108,2.3522571019246876,,,,,CHEMBL237_EC50
99182118,mondrian_pair,__bins__,__summary__,-1,-1,,,,2.348660960179304,0.723404255319149,0.22104018912529544,0.7368421052631579,0.2091038406827881,CHEMBL237_EC50
99182118,mondrian_wstd,cliffB_oracle,all,191,158,0.8272251308900523,0.767299513901769,0.8742477253592201,2.411981313585765,,,,,CHEMBL237_EC50
99182118,mondrian_wstd,cliffB_oracle,cliff,15,11,0.7333333333333333,0.4804956594401943,0.8910254667430761,2.3612144854641324,,,,,CHEMBL237_EC50
99182118,mondrian_wstd,cliffB_oracle,noncliff,176,147,0.8352272727272727,0.7733773536409898,0.8827561139909015,2.4163080318915857,,,,,CHEMBL237_EC50
99182118,mondrian_wstd,cliffA,all,191,158,0.8272251308900523,0.767299513901769,0.8742477253592201,2.411981313585765,,,,,CHEMBL237_EC50
99182118,mondrian_wstd,cliffA,cliff,25,17,0.68,0.48410269273102247,0.8279480969309202,2.294423824713796,,,,,CHEMBL237_EC50
99182118,mondrian_wstd,cliffA,noncliff,166,141,0.8493975903614458,0.7871280017185311,0.8958618925361108,2.4296857546809405,,,,,CHEMBL237_EC50
99182118,mondrian_wstd,__bins__,__summary__,-1,-1,,,,2.411981313585765,0.7659574468085106,0.1229314420803782,0.717948717948718,0.2031039136302294,CHEMBL237_EC50
99182118,mondrian_std,cliffB_oracle,all,191,161,0.8429319371727748,0.7846339475873886,0.8877075591581279,2.5175595627844145,,,,,CHEMBL237_EC50
99182118,mondrian_std,cliffB_oracle,cliff,15,11,0.7333333333333333,0.4804956594401943,0.8910254667430761,2.372338051447188,,,,,CHEMBL237_EC50
99182118,mondrian_std,cliffB_oracle,noncliff,176,150,0.8522727272727273,0.7923461880856805,0.8971499982393579,2.529936396137019,,,,,CHEMBL237_EC50
99182118,mondrian_std,cliffA,all,191,161,0.8429319371727748,0.7846339475873886,0.8877075591581279,2.5175595627844145,,,,,CHEMBL237_EC50
99182118,mondrian_std,cliffA,cliff,25,19,0.76,0.5657031664457093,0.8850368630659855,2.3435389497990635,,,,,CHEMBL237_EC50
99182118,mondrian_std,cliffA,noncliff,166,142,0.8554216867469879,0.7938860298325976,0.9008795522540207,2.5437674864267867,,,,,CHEMBL237_EC50
99182118,mondrian_std,__bins__,__summary__,-1,-1,,,,2.5175595627844145,0.7021276595744681,0.24231678486997632,0.7368421052631579,0.21052631578947367,CHEMBL237_EC50
99182118,mondrian_iqr,cliffB_oracle,all,191,163,0.8534031413612565,0.7962845430395921,0.896586475362276,2.5462321892109627,,,,,CHEMBL237_EC50
99182118,mondrian_iqr,cliffB_oracle,cliff,15,12,0.8,0.5481455128483065,0.9295245065301844,2.595708678661817,,,,,CHEMBL237_EC50
99182118,mondrian_iqr,cliffB_oracle,noncliff,176,151,0.8579545454545454,0.7987178100887,0.9018992824673873,2.5420154429509463,,,,,CHEMBL237_EC50
99182118,mondrian_iqr,cliffA,all,191,163,0.8534031413612565,0.7962845430395921,0.896586475362276,2.5462321892109627,,,,,CHEMBL237_EC50
99182118,mondrian_iqr,cliffA,cliff,25,20,0.8,0.6086904963045967,0.9113941531319742,2.5577003357560906,,,,,CHEMBL237_EC50
99182118,mondrian_iqr,cliffA,noncliff,166,143,0.8614457831325302,0.8006736987325396,0.9058675711860555,2.5445050587071782,,,,,CHEMBL237_EC50
99182118,mondrian_iqr,__bins__,__summary__,-1,-1,,,,2.5462321892109627,0.7659574468085106,0.150709219858156,0.7692307692307693,0.17813765182186225,CHEMBL237_EC50
99182118,mondrian_nb,cliffB_oracle,all,191,157,0.8219895287958116,0.7615563696560366,0.8697261137767767,2.5833906081452547,,,,,CHEMBL237_EC50
99182118,mondrian_nb,cliffB_oracle,cliff,15,10,0.6666666666666666,0.41713547738519774,0.8482367556028526,2.363261053099897,,,,,CHEMBL237_EC50
99182118,mondrian_nb,cliffB_oracle,noncliff,176,147,0.8352272727272727,0.7733773536409898,0.8827561139909015,2.602151649768439,,,,,CHEMBL237_EC50
99182118,mondrian_nb,cliffA,all,191,157,0.8219895287958116,0.7615563696560366,0.8697261137767767,2.5833906081452547,,,,,CHEMBL237_EC50
99182118,mondrian_nb,cliffA,cliff,25,17,0.68,0.48410269273102247,0.8279480969309202,2.373910874926798,,,,,CHEMBL237_EC50
99182118,mondrian_nb,cliffA,noncliff,166,140,0.8433734939759037,0.7803982128078754,0.89081599361479,2.6149387607383963,,,,,CHEMBL237_EC50
99182118,mondrian_nb,__bins__,__summary__,-1,-1,,,,2.5833906081452547,0.7021276595744681,0.21453900709219853,0.7105263157894737,0.21052631578947367,CHEMBL237_EC50
99182118,mondrian_nnsim,cliffB_oracle,all,191,156,0.8167539267015707,0.7558297341724367,0.8651879934322007,2.395658182846824,,,,,CHEMBL237_EC50
99182118,mondrian_nnsim,cliffB_oracle,cliff,15,9,0.6,0.357468301206246,0.8017550385865841,2.16446302200342,,,,,CHEMBL237_EC50
99182118,mondrian_nnsim,cliffB_oracle,noncliff,176,147,0.8352272727272727,0.7733773536409898,0.8827561139909015,2.4153623158732502,,,,,CHEMBL237_EC50
99182118,mondrian_nnsim,cliffA,all,191,156,0.8167539267015707,0.7558297341724367,0.8651879934322007,2.395658182846824,,,,,CHEMBL237_EC50
99182118,mondrian_nnsim,cliffA,cliff,25,16,0.64,0.44518497748164865,0.7975211922554178,2.238932571291,,,,,CHEMBL237_EC50
99182118,mondrian_nnsim,cliffA,noncliff,166,140,0.8433734939759037,0.7803982128078754,0.89081599361479,2.419261437599207,,,,,CHEMBL237_EC50
99182118,mondrian_nnsim,__bins__,__summary__,-1,-1,,,,2.395658182846824,0.723404255319149,0.19326241134751765,0.7105263157894737,0.2083926031294453,CHEMBL237_EC50
99182118,mondrian_pairgap,cliffB_oracle,all,191,161,0.8429319371727748,0.7846339475873886,0.8877075591581279,2.535360310604254,,,,,CHEMBL237_EC50
99182118,mondrian_pairgap,cliffB_oracle,cliff,15,11,0.7333333333333333,0.4804956594401943,0.8910254667430761,2.430400182756723,,,,,CHEMBL237_EC50
99182118,mondrian_pairgap,cliffB_oracle,noncliff,176,150,0.8522727272727273,0.7923461880856805,0.8971499982393579,2.544305776045805,,,,,CHEMBL237_EC50
99182118,mondrian_pairgap,cliffA,all,191,161,0.8429319371727748,0.7846339475873886,0.8877075591581279,2.535360310604254,,,,,CHEMBL237_EC50
99182118,mondrian_pairgap,cliffA,cliff,25,19,0.76,0.5657031664457093,0.8850368630659855,2.421241446722021,,,,,CHEMBL237_EC50
99182118,mondrian_pairgap,cliffA,noncliff,166,142,0.8554216867469879,0.7938860298325976,0.9008795522540207,2.5525468864901324,,,,,CHEMBL237_EC50
99182118,mondrian_pairgap,__bins__,__summary__,-1,-1,,,,2.535360310604254,0.723404255319149,0.22104018912529544,0.7368421052631579,0.21052631578947367,CHEMBL237_EC50
99182118,mondrian_rfstd,cliffB_oracle,all,191,161,0.8429319371727748,0.7846339475873886,0.8877075591581279,2.421748737343325,,,,,CHEMBL237_EC50
99182118,mondrian_rfstd,cliffB_oracle,cliff,15,11,0.7333333333333333,0.4804956594401943,0.8910254667430761,2.351362354470721,,,,,CHEMBL237_EC50
99182118,mondrian_rfstd,cliffB_oracle,noncliff,176,150,0.8522727272727273,0.7923461880856805,0.8971499982393579,2.427747576792694,,,,,CHEMBL237_EC50
99182118,mondrian_rfstd,cliffA,all,191,161,0.8429319371727748,0.7846339475873886,0.8877075591581279,2.421748737343325,,,,,CHEMBL237_EC50
99182118,mondrian_rfstd,cliffA,cliff,25,18,0.72,0.5242339480963842,0.8571614614904344,2.359827273584335,,,,,CHEMBL237_EC50
99182118,mondrian_rfstd,cliffA,noncliff,166,143,0.8614457831325302,0.8006736987325396,0.9058675711860555,2.431074258993775,,,,,CHEMBL237_EC50
99182118,mondrian_rfstd,__bins__,__summary__,-1,-1,,,,2.421748737343325,0.7872340425531915,0.1572104018912529,0.6842105263157895,0.26173541963015645,CHEMBL237_EC50
89709943,global,cliffB_oracle,all,191,155,0.8115183246073299,0.7501190748253568,0.8606338969511049,2.1664734922499167,,,,,CHEMBL237_EC50
89709943,global,cliffB_oracle,cliff,13,6,0.46153846153846156,0.23206067809538303,0.7085620428549398,2.166473492249917,,,,,CHEMBL237_EC50
89709943,global,cliffB_oracle,noncliff,178,149,0.8370786516853933,0.7758122544632188,0.8841032608336902,2.166473492249917,,,,,CHEMBL237_EC50
89709943,global,cliffA,all,191,155,0.8115183246073299,0.7501190748253568,0.8606338969511049,2.1664734922499167,,,,,CHEMBL237_EC50
89709943,global,cliffA,cliff,22,13,0.5909090909090909,0.3873481847631513,0.7674418380352814,2.1664734922499176,,,,,CHEMBL237_EC50
89709943,global,cliffA,noncliff,169,142,0.8402366863905325,0.7775323772921549,0.8878172488024797,2.166473492249917,,,,,CHEMBL237_EC50
89709943,global,__bins__,__summary__,-1,-1,,,,2.1664734922499167,0.6739130434782609,0.29905992949471216,0.6666666666666666,0.33333333333333337,CHEMBL237_EC50
89709943,mondrian_pair,cliffB_oracle,all,191,156,0.8167539267015707,0.7558297341724367,0.8651879934322007,2.1625872657226,,,,,CHEMBL237_EC50
89709943,mondrian_pair,cliffB_oracle,cliff,13,6,0.46153846153846156,0.23206067809538303,0.7085620428549398,2.1286200878174877,,,,,CHEMBL237_EC50
89709943,mondrian_pair,cliffB_oracle,noncliff,178,150,0.8426966292134831,0.7820457903543131,0.8888683168642108,2.1650680146707266,,,,,CHEMBL237_EC50
89709943,mondrian_pair,cliffA,all,191,156,0.8167539267015707,0.7558297341724367,0.8651879934322007,2.1625872657226,,,,,CHEMBL237_EC50
89709943,mondrian_pair,cliffA,cliff,22,13,0.5909090909090909,0.3873481847631513,0.7674418380352814,2.1228377963915723,,,,,CHEMBL237_EC50
89709943,mondrian_pair,cliffA,noncliff,169,143,0.8461538461538461,0.784124224920037,0.8927966990197217,2.16776175285445,,,,,CHEMBL237_EC50
89709943,mondrian_pair,__bins__,__summary__,-1,-1,,,,2.1625872657226,0.6956521739130435,0.27732079905992957,0.6923076923076923,0.3076923076923077,CHEMBL237_EC50
89709943,mondrian_wstd,cliffB_oracle,all,191,163,0.8534031413612565,0.7962845430395921,0.896586475362276,2.2963660279375753,,,,,CHEMBL237_EC50
89709943,mondrian_wstd,cliffB_oracle,cliff,13,7,0.5384615384615384,0.29143795714506004,0.7679393219046169,2.4612381911231425,,,,,CHEMBL237_EC50
89709943,mondrian_wstd,cliffB_oracle,noncliff,178,156,0.8764044943820225,0.8199603941531208,0.9169452645950942,2.2843248025363816,,,,,CHEMBL237_EC50
89709943,mondrian_wstd,cliffA,all,191,163,0.8534031413612565,0.7962845430395921,0.896586475362276,2.2963660279375753,,,,,CHEMBL237_EC50
89709943,mondrian_wstd,cliffA,cliff,22,14,0.6363636363636364,0.42951708090131013,0.8026679532963387,2.3781221807025577,,,,,CHEMBL237_EC50
89709943,mondrian_wstd,cliffA,noncliff,169,149,0.8816568047337278,0.824277520251718,0.922071190758785,2.2857232151516005,,,,,CHEMBL237_EC50
89709943,mondrian_wstd,__bins__,__summary__,-1,-1,,,,2.2963660279375753,0.75,0.16891891891891897,0.7435897435897436,0.2564102564102564,CHEMBL237_EC50
89709943,mondrian_std,cliffB_oracle,all,191,162,0.8481675392670157,0.7904493146725555,0.8921569479011369,2.278245105510541,,,,,CHEMBL237_EC50
89709943,mondrian_std,cliffB_oracle,cliff,13,7,0.5384615384615384,0.29143795714506004,0.7679393219046169,2.4612381911231425,,,,,CHEMBL237_EC50
89709943,mondrian_std,cliffB_oracle,noncliff,178,155,0.8707865168539326,0.8135741781409044,0.9123328886856953,2.264880441954564,,,,,CHEMBL237_EC50
89709943,mondrian_std,cliffA,all,191,162,0.8481675392670157,0.7904493146725555,0.8921569479011369,2.278245105510541,,,,,CHEMBL237_EC50
89709943,mondrian_std,cliffA,cliff,22,14,0.6363636363636364,0.42951708090131013,0.8026679532963387,2.3781221807025577,,,,,CHEMBL237_EC50
89709943,mondrian_std,cliffA,noncliff,169,148,0.8757396449704142,0.8175059182811527,0.9172714948842263,2.26524335607726,,,,,CHEMBL237_EC50
89709943,mondrian_std,__bins__,__summary__,-1,-1,,,,2.278245105510541,0.7608695652173914,0.15804935370152762,0.7435897435897436,0.2564102564102564,CHEMBL237_EC50
89709943,mondrian_iqr,cliffB_oracle,all,191,164,0.8586387434554974,0.8021404799547491,0.900995294275295,2.481585440434666,,,,,CHEMBL237_EC50
89709943,mondrian_iqr,cliffB_oracle,cliff,13,7,0.5384615384615384,0.29143795714506004,0.7679393219046169,2.3251196947496378,,,,,CHEMBL237_EC50
89709943,mondrian_iqr,cliffB_oracle,noncliff,178,157,0.8820224719101124,0.8263768535009196,0.9215273971689105,2.4930127139959324,,,,,CHEMBL237_EC50
89709943,mondrian_iqr,cliffA,all,191,164,0.8586387434554974,0.8021404799547491,0.900995294275295,2.481585440434666,,,,,CHEMBL237_EC50
89709943,mondrian_iqr,cliffA,cliff,22,15,0.6818181818181818,0.47318597741042745,0.8363940681864375,2.4781286547087507,,,,,CHEMBL237_EC50
89709943,mondrian_iqr,cliffA,noncliff,169,149,0.8816568047337278,0.824277520251718,0.922071190758785,2.482035436209637,,,,,CHEMBL237_EC50
89709943,mondrian_iqr,__bins__,__summary__,-1,-1,,,,2.481585440434666,0.717391304347826,0.255581668625147,0.717948717948718,0.28205128205128205,CHEMBL237_EC50
89709943,mondrian_nb,cliffB_oracle,all,191,161,0.8429319371727748,0.7846339475873886,0.8877075591581279,2.3699575505867925,,,,,CHEMBL237_EC50
89709943,mondrian_nb,cliffB_oracle,cliff,13,7,0.5384615384615384,0.29143795714506004,0.7679393219046169,2.5411420378646445,,,,,CHEMBL237_EC50
89709943,mondrian_nb,cliffB_oracle,noncliff,178,154,0.8651685393258427,0.8072166036462891,0.9076918712586954,2.357455312751894,,,,,CHEMBL237_EC50
89709943,mondrian_nb,cliffA,all,191,161,0.8429319371727748,0.7846339475873886,0.8877075591581279,2.3699575505867925,,,,,CHEMBL237_EC50
89709943,mondrian_nb,cliffA,cliff,22,14,0.6363636363636364,0.42951708090131013,0.8026679532963387,2.6097497387418342,,,,,CHEMBL237_EC50
89709943,mondrian_nb,cliffA,noncliff,169,147,0.8698224852071006,0.8107683953857258,0.9124377199345292,2.338741999466018,,,,,CHEMBL237_EC50
89709943,mondrian_nb,__bins__,__summary__,-1,-1,,,,2.3699575505867925,0.7391304347826086,0.23384253819036438,0.6923076923076923,0.3076923076923077,CHEMBL237_EC50
89709943,mondrian_nnsim,cliffB_oracle,all,191,153,0.8010471204188482,0.7387437312935834,0.8514797288265266,2.2607739901652004,,,,,CHEMBL237_EC50
89709943,mondrian_nnsim,cliffB_oracle,cliff,13,6,0.46153846153846156,0.23206067809538303,0.7085620428549398,1.9637825760985876,,,,,CHEMBL237_EC50
89709943,mondrian_nnsim,cliffB_oracle,noncliff,178,147,0.8258426966292135,0.7634095080304433,0.8745088234232352,2.2824643743386046,,,,,CHEMBL237_EC50
89709943,mondrian_nnsim,cliffA,all,191,153,0.8010471204188482,0.7387437312935834,0.8514797288265266,2.2607739901652004,,,,,CHEMBL237_EC50
89709943,mondrian_nnsim,cliffA,cliff,22,12,0.5454545454545454,0.3465979532073494,0.7307970581918668,1.918761119449418,,,,,CHEMBL237_EC50
89709943,mondrian_nnsim,cliffA,noncliff,169,141,0.834319526627219,0.770965751906083,0.8828125763434277,2.305296375702166,,,,,CHEMBL237_EC50
89709943,mondrian_nnsim,__bins__,__summary__,-1,-1,,,,2.2607739901652004,0.6666666666666666,0.3063063063063064,0.6410256410256411,0.30634278002699045,CHEMBL237_EC50
89709943,mondrian_pairgap,cliffB_oracle,all,191,165,0.8638743455497382,0.8080180487766231,0.9053824812815967,2.4240446623048317,,,,,CHEMBL237_EC50
89709943,mondrian_pairgap,cliffB_oracle,cliff,13,7,0.5384615384615384,0.29143795714506004,0.7679393219046169,2.3598043779650553,,,,,CHEMBL237_EC50
89709943,mondrian_pairgap,cliffB_oracle,noncliff,178,158,0.8876404494382022,0.832825340864612,0.926077501726833,2.4287363684644783,,,,,CHEMBL237_EC50
89709943,mondrian_pairgap,cliffA,all,191,165,0.8638743455497382,0.8080180487766231,0.9053824812815967,2.4240446623048317,,,,,CHEMBL237_EC50
89709943,mondrian_pairgap,cliffA,cliff,22,14,0.6363636363636364,0.42951708090131013,0.8026679532963387,2.389550984268982,,,,,CHEMBL237_EC50
89709943,mondrian_pairgap,cliffA,noncliff,169,151,0.893491124260355,0.837931647939205,0.9315596587615463,2.4285349635876052,,,,,CHEMBL237_EC50
89709943,mondrian_pairgap,__bins__,__summary__,-1,-1,,,,2.4240446623048317,0.7608695652173914,0.21210340775558167,0.7692307692307693,0.23076923076923073,CHEMBL237_EC50
89709943,mondrian_rfstd,cliffB_oracle,all,191,158,0.8272251308900523,0.767299513901769,0.8742477253592201,2.192035198944217,,,,,CHEMBL237_EC50
89709943,mondrian_rfstd,cliffB_oracle,cliff,13,6,0.46153846153846156,0.23206067809538303,0.7085620428549398,2.1010627860478204,,,,,CHEMBL237_EC50
89709943,mondrian_rfstd,cliffB_oracle,noncliff,178,152,0.8539325842696629,0.7945817396944924,0.8983295513672619,2.198679251571482,,,,,CHEMBL237_EC50
89709943,mondrian_rfstd,cliffA,all,191,158,0.8272251308900523,0.767299513901769,0.8742477253592201,2.192035198944217,,,,,CHEMBL237_EC50
89709943,mondrian_rfstd,cliffA,cliff,22,13,0.5909090909090909,0.3873481847631513,0.7674418380352814,2.137736014668059,,,,,CHEMBL237_EC50
89709943,mondrian_rfstd,cliffA,noncliff,169,145,0.8579881656804734,0.7973882580805921,0.9026752615494148,2.1991037318085684,,,,,CHEMBL237_EC50
89709943,mondrian_rfstd,__bins__,__summary__,-1,-1,,,,2.192035198944217,0.7222222222222222,0.2507507507507508,0.7027027027027027,0.24466571834992878,CHEMBL237_EC50
86921808,global,cliffB_oracle,all,191,167,0.8743455497382199,0.8198422167432224,0.9140878249713491,2.5079878187125826,,,,,CHEMBL237_EC50
86921808,global,cliffB_oracle,cliff,11,8,0.7272727272727273,0.43435469882387084,0.902539407099751,2.507987818712582,,,,,CHEMBL237_EC50
86921808,global,cliffB_oracle,noncliff,180,159,0.8833333333333333,0.8282324559717179,0.9224143289550454,2.5079878187125826,,,,,CHEMBL237_EC50
86921808,global,cliffA,all,191,167,0.8743455497382199,0.8198422167432224,0.9140878249713491,2.5079878187125826,,,,,CHEMBL237_EC50
86921808,global,cliffA,cliff,19,15,0.7894736842105263,0.5666572155618583,0.9149232336708375,2.507987818712582,,,,,CHEMBL237_EC50
86921808,global,cliffA,noncliff,172,152,0.8837209302325582,0.827222164068985,0.923454046679475,2.5079878187125826,,,,,CHEMBL237_EC50
86921808,global,__bins__,__summary__,-1,-1,,,,2.5079878187125826,0.8055555555555556,0.14039039039039036,0.7567567567567568,0.19061166429587473,CHEMBL237_EC50
86921808,mondrian_pair,cliffB_oracle,all,191,168,0.8795811518324608,0.8257911404986049,0.9184036570441425,2.528983772250437,,,,,CHEMBL237_EC50
86921808,mondrian_pair,cliffB_oracle,cliff,11,8,0.7272727272727273,0.43435469882387084,0.902539407099751,2.5495206658145055,,,,,CHEMBL237_EC50
86921808,mondrian_pair,cliffB_oracle,noncliff,180,160,0.8888888888888888,0.83461326608738,0.9269124577513652,2.527728739865966,,,,,CHEMBL237_EC50
86921808,mondrian_pair,cliffA,all,191,168,0.8795811518324608,0.8257911404986049,0.9184036570441425,2.528983772250437,,,,,CHEMBL237_EC50
86921808,mondrian_pair,cliffA,cliff,19,15,0.7894736842105263,0.5666572155618583,0.9149232336708375,2.545391669318993,,,,,CHEMBL237_EC50
86921808,mondrian_pair,cliffA,noncliff,172,153,0.8895348837209303,0.8339179743425661,0.9281321183869312,2.527171271992864,,,,,CHEMBL237_EC50
86921808,mondrian_pair,__bins__,__summary__,-1,-1,,,,2.528983772250437,0.8055555555555556,0.14039039039039036,0.7837837837837838,0.16358463726884775,CHEMBL237_EC50
86921808,mondrian_wstd,cliffB_oracle,all,191,169,0.8848167539267016,0.8317663752303182,0.9226931781406049,2.6217726837646174,,,,,CHEMBL237_EC50
86921808,mondrian_wstd,cliffB_oracle,cliff,11,8,0.7272727272727273,0.43435469882387084,0.902539407099751,2.6855695582525354,,,,,CHEMBL237_EC50
86921808,mondrian_wstd,cliffB_oracle,noncliff,180,161,0.8944444444444445,0.8410276570803017,0.9313770056704258,2.6178739858792452,,,,,CHEMBL237_EC50
86921808,mondrian_wstd,cliffA,all,191,169,0.8848167539267016,0.8317663752303182,0.9226931781406049,2.6217726837646174,,,,,CHEMBL237_EC50
86921808,mondrian_wstd,cliffA,cliff,19,16,0.8421052631578947,0.6243452472967093,0.9447952836146585,2.7127105618197858,,,,,CHEMBL237_EC50
86921808,mondrian_wstd,cliffA,noncliff,172,153,0.8895348837209303,0.8339179743425661,0.9281321183869312,2.611727220491082,,,,,CHEMBL237_EC50
86921808,mondrian_wstd,__bins__,__summary__,-1,-1,,,,2.6217726837646174,0.8055555555555556,0.17270531400966183,0.8461538461538461,0.0748987854251012,CHEMBL237_EC50
86921808,mondrian_std,cliffB_oracle,all,191,169,0.8848167539267016,0.8317663752303182,0.9226931781406049,2.540780689917944,,,,,CHEMBL237_EC50
86921808,mondrian_std,cliffB_oracle,cliff,11,8,0.7272727272727273,0.43435469882387084,0.902539407099751,2.6032693042030552,,,,,CHEMBL237_EC50
86921808,mondrian_std,cliffB_oracle,noncliff,180,161,0.8944444444444445,0.8410276570803017,0.9313770056704258,2.5369619412671875,,,,,CHEMBL237_EC50
86921808,mondrian_std,cliffA,all,191,169,0.8848167539267016,0.8317663752303182,0.9226931781406049,2.540780689917944,,,,,CHEMBL237_EC50
86921808,mondrian_std,cliffA,cliff,19,15,0.7894736842105263,0.5666572155618583,0.9149232336708375,2.5878095789993445,,,,,CHEMBL237_EC50
86921808,mondrian_std,cliffA,noncliff,172,154,0.8953488372093024,0.8406515484064717,0.9327724263040628,2.535585638217092,,,,,CHEMBL237_EC50
86921808,mondrian_std,__bins__,__summary__,-1,-1,,,,2.540780689917944,0.8055555555555556,0.15096618357487923,0.8461538461538461,0.0748987854251012,CHEMBL237_EC50
86921808,mondrian_iqr,cliffB_oracle,all,191,174,0.9109947643979057,0.8620960305820348,0.9436873019297675,2.7833337314985376,,,,,CHEMBL237_EC50
86921808,mondrian_iqr,cliffB_oracle,cliff,11,8,0.7272727272727273,0.43435469882387084,0.902539407099751,2.7495175461537245,,,,,CHEMBL237_EC50
86921808,mondrian_iqr,cliffB_oracle,noncliff,180,166,0.9222222222222223,0.8736927799483827,0.9531065773622551,2.7854002761584984,,,,,CHEMBL237_EC50
86921808,mondrian_iqr,cliffA,all,191,174,0.9109947643979057,0.8620960305820348,0.9436873019297675,2.7833337314985376,,,,,CHEMBL237_EC50
86921808,mondrian_iqr,cliffA,cliff,19,16,0.8421052631578947,0.6243452472967093,0.9447952836146585,2.904509722575039,,,,,CHEMBL237_EC50
86921808,mondrian_iqr,cliffA,noncliff,172,158,0.9186046511627907,0.868022220126896,0.9508972825077874,2.7699480115540402,,,,,CHEMBL237_EC50
86921808,mondrian_iqr,__bins__,__summary__,-1,-1,,,,2.7833337314985376,0.8333333333333334,0.16666666666666663,0.868421052631579,0.10526315789473684,CHEMBL237_EC50
86921808,mondrian_nb,cliffB_oracle,all,191,175,0.9162303664921466,0.8682675631806837,0.9477805251592945,2.7630247872972165,,,,,CHEMBL237_EC50
86921808,mondrian_nb,cliffB_oracle,cliff,11,9,0.8181818181818182,0.523019438039156,0.9486323102539149,3.1099821166754253,,,,,CHEMBL237_EC50
86921808,mondrian_nb,cliffB_oracle,noncliff,180,166,0.9222222222222223,0.8736927799483827,0.9531065773622551,2.7418218393907705,,,,,CHEMBL237_EC50
86921808,mondrian_nb,cliffA,all,191,175,0.9162303664921466,0.8682675631806837,0.9477805251592945,2.7630247872972165,,,,,CHEMBL237_EC50
86921808,mondrian_nb,cliffA,cliff,19,17,0.8947368421052632,0.6860591728889099,0.9706414397011299,3.0851533702967195,,,,,CHEMBL237_EC50
86921808,mondrian_nb,cliffA,noncliff,172,158,0.9186046511627907,0.868022220126896,0.9508972825077874,2.7274408159193646,,,,,CHEMBL237_EC50
86921808,mondrian_nb,__bins__,__summary__,-1,-1,,,,2.7630247872972165,0.8333333333333334,0.13963963963963966,0.8717948717948718,0.07557354925775972,CHEMBL237_EC50
86921808,mondrian_nnsim,cliffB_oracle,all,191,169,0.8848167539267016,0.8317663752303182,0.9226931781406049,2.604350861141576,,,,,CHEMBL237_EC50
86921808,mondrian_nnsim,cliffB_oracle,cliff,11,8,0.7272727272727273,0.43435469882387084,0.902539407099751,2.2599605668529836,,,,,CHEMBL237_EC50
86921808,mondrian_nnsim,cliffB_oracle,noncliff,180,161,0.8944444444444445,0.8410276570803017,0.9313770056704258,2.625396934681434,,,,,CHEMBL237_EC50
86921808,mondrian_nnsim,cliffA,all,191,169,0.8848167539267016,0.8317663752303182,0.9226931781406049,2.604350861141576,,,,,CHEMBL237_EC50
86921808,mondrian_nnsim,cliffA,cliff,19,15,0.7894736842105263,0.5666572155618583,0.9149232336708375,2.2509394184104115,,,,,CHEMBL237_EC50
86921808,mondrian_nnsim,cliffA,noncliff,172,154,0.8953488372093024,0.8406515484064717,0.9327724263040628,2.6433904972572275,,,,,CHEMBL237_EC50
86921808,mondrian_nnsim,__bins__,__summary__,-1,-1,,,,2.604350861141576,0.8055555555555556,0.16666666666666663,0.8205128205128205,0.12685560053981104,CHEMBL237_EC50
86921808,mondrian_pairgap,cliffB_oracle,all,191,176,0.9214659685863874,0.8744806919647072,0.9518321522034467,2.8574296375547137,,,,,CHEMBL237_EC50
86921808,mondrian_pairgap,cliffB_oracle,cliff,11,9,0.8181818181818182,0.523019438039156,0.9486323102539149,3.190282149383623,,,,,CHEMBL237_EC50
86921808,mondrian_pairgap,cliffB_oracle,noncliff,180,167,0.9277777777777778,0.8803680362789571,0.9573102599436628,2.8370886507207245,,,,,CHEMBL237_EC50
86921808,mondrian_pairgap,cliffA,all,191,176,0.9214659685863874,0.8744806919647072,0.9518321522034467,2.8574296375547137,,,,,CHEMBL237_EC50
86921808,mondrian_pairgap,cliffA,cliff,19,17,0.8947368421052632,0.6860591728889099,0.9706414397011299,3.242521163175297,,,,,CHEMBL237_EC50
86921808,mondrian_pairgap,cliffA,noncliff,172,159,0.9244186046511628,0.874992817438699,0.9553005671770217,2.8148904573989513,,,,,CHEMBL237_EC50
86921808,mondrian_pairgap,__bins__,__summary__,-1,-1,,,,2.8574296375547137,0.8611111111111112,0.09541062801932365,0.8918918918918919,0.05682605682605679,CHEMBL237_EC50
86921808,mondrian_rfstd,cliffB_oracle,all,191,164,0.8586387434554974,0.8021404799547491,0.900995294275295,2.509828445037493,,,,,CHEMBL237_EC50
86921808,mondrian_rfstd,cliffB_oracle,cliff,11,8,0.7272727272727273,0.43435469882387084,0.902539407099751,2.4131658526754833,,,,,CHEMBL237_EC50
86921808,mondrian_rfstd,cliffB_oracle,noncliff,180,156,0.8666666666666667,0.8092727787274112,0.908737189463406,2.515735603459616,,,,,CHEMBL237_EC50
86921808,mondrian_rfstd,cliffA,all,191,164,0.8586387434554974,0.8021404799547491,0.900995294275295,2.509828445037493,,,,,CHEMBL237_EC50
86921808,mondrian_rfstd,cliffA,cliff,19,16,0.8421052631578947,0.6243452472967093,0.9447952836146585,2.3625055601666314,,,,,CHEMBL237_EC50
86921808,mondrian_rfstd,cliffA,noncliff,172,148,0.8604651162790697,0.8007736660187119,0.9044070168055989,2.5261024846453206,,,,,CHEMBL237_EC50
86921808,mondrian_rfstd,__bins__,__summary__,-1,-1,,,,2.509828445037493,0.8055555555555556,0.11111111111111105,0.7631578947368421,0.18556005398110653,CHEMBL237_EC50
71339737,global,cliffB_oracle,all,225,200,0.8888888888888888,0.8411230955022124,0.9235984759378606,1.9084441421522342,,,,,CHEMBL3979_EC50
71339737,global,cliffB_oracle,cliff,8,7,0.875,0.5291118177871464,0.9775825085499433,1.9084441421522345,,,,,CHEMBL3979_EC50
71339737,global,cliffB_oracle,noncliff,217,193,0.8894009216589862,0.8407115878470047,0.9245432737286686,1.9084441421522342,,,,,CHEMBL3979_EC50
71339737,global,cliffA,all,225,200,0.8888888888888888,0.8411230955022124,0.9235984759378606,1.9084441421522342,,,,,CHEMBL3979_EC50
71339737,global,cliffA,cliff,22,19,0.8636363636363636,0.6666501283342828,0.9525099628594474,1.9084441421522342,,,,,CHEMBL3979_EC50
71339737,global,cliffA,noncliff,203,181,0.8916256157635468,0.841369781311267,0.9273349111935043,1.9084441421522342,,,,,CHEMBL3979_EC50
71339737,global,__bins__,__summary__,-1,-1,,,,1.9084441421522342,0.7719298245614035,0.18045112781954886,0.7777777777777778,0.1777777777777778,CHEMBL3979_EC50
71339737,mondrian_pair,cliffB_oracle,all,225,196,0.8711111111111111,0.8210232005152787,0.9087396705161053,1.8501321316970472,,,,,CHEMBL3979_EC50
71339737,mondrian_pair,cliffB_oracle,cliff,8,7,0.875,0.5291118177871464,0.9775825085499433,1.7587380917492952,,,,,CHEMBL3979_EC50
71339737,mondrian_pair,cliffB_oracle,noncliff,217,189,0.8709677419354839,0.8198326720496081,0.9091971073212994,1.853501497225075,,,,,CHEMBL3979_EC50
71339737,mondrian_pair,cliffA,all,225,196,0.8711111111111111,0.8210232005152787,0.9087396705161053,1.8501321316970472,,,,,CHEMBL3979_EC50
71339737,mondrian_pair,cliffA,cliff,22,18,0.8181818181818182,0.6148339256287345,0.9269311541657794,1.7544602346683205,,,,,CHEMBL3979_EC50
71339737,mondrian_pair,cliffA,noncliff,203,178,0.8768472906403941,0.8245218792298354,0.915175089029473,1.860500514626269,,,,,CHEMBL3979_EC50
71339737,mondrian_pair,__bins__,__summary__,-1,-1,,,,1.8501321316970472,0.7719298245614035,0.18045112781954886,0.7777777777777778,0.1333333333333333,CHEMBL3979_EC50
71339737,mondrian_wstd,cliffB_oracle,all,225,192,0.8533333333333334,0.8011840171986669,0.8936201534240281,1.7935910953008662,,,,,CHEMBL3979_EC50
71339737,mondrian_wstd,cliffB_oracle,cliff,8,7,0.875,0.5291118177871464,0.9775825085499433,1.8364670009813968,,,,,CHEMBL3979_EC50
71339737,mondrian_wstd,cliffB_oracle,noncliff,217,185,0.8525345622119815,0.7992382934577366,0.8935664037084053,1.7920104167504316,,,,,CHEMBL3979_EC50
71339737,mondrian_wstd,cliffA,all,225,192,0.8533333333333334,0.8011840171986669,0.8936201534240281,1.7935910953008662,,,,,CHEMBL3979_EC50
71339737,mondrian_wstd,cliffA,cliff,22,17,0.7727272727272727,0.5656004682477829,0.8987696001475147,1.7150265432441798,,,,,CHEMBL3979_EC50
71339737,mondrian_wstd,cliffA,noncliff,203,175,0.8620689655172413,0.8078731591314299,0.9028160848824152,1.8021054802528225,,,,,CHEMBL3979_EC50
71339737,mondrian_wstd,__bins__,__summary__,-1,-1,,,,1.7935910953008662,0.7380952380952381,0.19172932330827064,0.8222222222222222,0.06666666666666665,CHEMBL3979_EC50
71339737,mondrian_std,cliffB_oracle,all,225,190,0.8444444444444444,0.7913498315289043,0.8859749888894461,1.8049734391450234,,,,,CHEMBL3979_EC50
71339737,mondrian_std,cliffB_oracle,cliff,8,7,0.875,0.5291118177871464,0.9775825085499433,1.7835015566420962,,,,,CHEMBL3979_EC50
71339737,mondrian_std,cliffB_oracle,noncliff,217,183,0.8433179723502304,0.7890339038703207,0.8856582521934386,1.8057650292833802,,,,,CHEMBL3979_EC50
71339737,mondrian_std,cliffA,all,225,190,0.8444444444444444,0.7913498315289043,0.8859749888894461,1.8049734391450234,,,,,CHEMBL3979_EC50
71339737,mondrian_std,cliffA,cliff,22,16,0.7272727272727273,0.5184826598759762,0.8684923971201053,1.6664746530841967,,,,,CHEMBL3979_EC50
71339737,mondrian_std,cliffA,noncliff,203,174,0.8571428571428571,0.8023631760651667,0.8986568265335241,1.819983159801862,,,,,CHEMBL3979_EC50
71339737,mondrian_std,__bins__,__summary__,-1,-1,,,,1.8049734391450234,0.7619047619047619,0.1679197994987469,0.8222222222222222,0.04444444444444451,CHEMBL3979_EC50
71339737,mondrian_iqr,cliffB_oracle,all,225,200,0.8888888888888888,0.8411230955022124,0.9235984759378606,1.8812626446918128,,,,,CHEMBL3979_EC50
71339737,mondrian_iqr,cliffB_oracle,cliff,8,6,0.75,0.40927543031016883,0.9285207872478909,1.7540529505679887,,,,,CHEMBL3979_EC50
71339737,mondrian_iqr,cliffB_oracle,noncliff,217,194,0.8940092165898618,0.845982366652012,0.9283287654748525,1.8859524030005252,,,,,CHEMBL3979_EC50
71339737,mondrian_iqr,cliffA,all,225,200,0.8888888888888888,0.8411230955022124,0.9235984759378606,1.8812626446918128,,,,,CHEMBL3979_EC50
71339737,mondrian_iqr,cliffA,cliff,22,17,0.7727272727272727,0.5656004682477829,0.8987696001475147,1.8127921832537324,,,,,CHEMBL3979_EC50
71339737,mondrian_iqr,cliffA,noncliff,203,183,0.9014778325123153,0.852729001666153,0.9353141736689271,1.8886830887885504,,,,,CHEMBL3979_EC50
71339737,mondrian_iqr,__bins__,__summary__,-1,-1,,,,1.8812626446918128,0.8333333333333334,0.1428571428571428,0.8222222222222222,0.11111111111111116,CHEMBL3979_EC50
71339737,mondrian_nb,cliffB_oracle,all,225,196,0.8711111111111111,0.8210232005152787,0.9087396705161053,1.8896540690560644,,,,,CHEMBL3979_EC50
71339737,mondrian_nb,cliffB_oracle,cliff,8,6,0.75,0.40927543031016883,0.9285207872478909,1.68096734776753,,,,,CHEMBL3979_EC50
71339737,mondrian_nb,cliffB_oracle,noncliff,217,190,0.8755760368663594,0.8250237243840164,0.9130623255380825,1.8973475887349045,,,,,CHEMBL3979_EC50
71339737,mondrian_nb,cliffA,all,225,196,0.8711111111111111,0.8210232005152787,0.9087396705161053,1.8896540690560644,,,,,CHEMBL3979_EC50
71339737,mondrian_nb,cliffA,cliff,22,17,0.7727272727272727,0.5656004682477829,0.8987696001475147,1.7233967513512085,,,,,CHEMBL3979_EC50
71339737,mondrian_nb,cliffA,noncliff,203,179,0.8817733990147784,0.8301142182255428,0.9192519914489199,1.9076721034871327,,,,,CHEMBL3979_EC50
71339737,mondrian_nb,__bins__,__summary__,-1,-1,,,,1.8896540690560644,0.8095238095238095,0.19047619047619047,0.8,0.11111111111111105,CHEMBL3979_EC50
71339737,mondrian_nnsim,cliffB_oracle,all,225,197,0.8755555555555555,0.8260219610591668,0.9124805850743896,1.9717771575511591,,,,,CHEMBL3979_EC50
71339737,mondrian_nnsim,cliffB_oracle,cliff,8,7,0.875,0.5291118177871464,0.9775825085499433,2.517353769664421,,,,,CHEMBL3979_EC50
71339737,mondrian_nnsim,cliffB_oracle,noncliff,217,190,0.8755760368663594,0.8250237243840164,0.9130623255380825,1.9516637340631124,,,,,CHEMBL3979_EC50
71339737,mondrian_nnsim,cliffA,all,225,197,0.8755555555555555,0.8260219610591668,0.9124805850743896,1.9717771575511591,,,,,CHEMBL3979_EC50
71339737,mondrian_nnsim,cliffA,cliff,22,18,0.8181818181818182,0.6148339256287345,0.9269311541657794,2.267564660430213,,,,,CHEMBL3979_EC50
71339737,mondrian_nnsim,cliffA,noncliff,203,179,0.8817733990147784,0.8301142182255428,0.9192519914489199,1.9397213690618031,,,,,CHEMBL3979_EC50
71339737,mondrian_nnsim,__bins__,__summary__,-1,-1,,,,1.9717771575511591,0.8095238095238095,0.19047619047619047,0.8,0.11111111111111105,CHEMBL3979_EC50
71339737,mondrian_pairgap,cliffB_oracle,all,225,202,0.8977777777777778,0.851286694195248,0.9309142274491696,1.9408607156902935,,,,,CHEMBL3979_EC50
71339737,mondrian_pairgap,cliffB_oracle,cliff,8,7,0.875,0.5291118177871464,0.9775825085499433,1.8500773740332168,,,,,CHEMBL3979_EC50
71339737,mondrian_pairgap,cliffB_oracle,noncliff,217,195,0.8986175115207373,0.8512757706498777,0.9320916320281782,1.9442075669956236,,,,,CHEMBL3979_EC50
71339737,mondrian_pairgap,cliffA,all,225,202,0.8977777777777778,0.851286694195248,0.9309142274491696,1.9408607156902935,,,,,CHEMBL3979_EC50
71339737,mondrian_pairgap,cliffA,cliff,22,19,0.8636363636363636,0.6666501283342828,0.9525099628594474,1.8097084818317735,,,,,CHEMBL3979_EC50
71339737,mondrian_pairgap,cliffA,noncliff,203,183,0.9014778325123153,0.852729001666153,0.9353141736689271,1.9550742582759457,,,,,CHEMBL3979_EC50
71339737,mondrian_pairgap,__bins__,__summary__,-1,-1,,,,1.9408607156902935,0.7894736842105263,0.162907268170426,0.8,0.1333333333333333,CHEMBL3979_EC50
71339737,mondrian_rfstd,cliffB_oracle,all,225,203,0.9022222222222223,0.8564004581858048,0.9345401385607853,1.921517025271871,,,,,CHEMBL3979_EC50
71339737,mondrian_rfstd,cliffB_oracle,cliff,8,7,0.875,0.5291118177871464,0.9775825085499433,1.9896940457520558,,,,,CHEMBL3979_EC50
71339737,mondrian_rfstd,cliffB_oracle,noncliff,217,196,0.9032258064516129,0.8565931108923058,0.9358305623369415,1.9190035867288227,,,,,CHEMBL3979_EC50
71339737,mondrian_rfstd,cliffA,all,225,203,0.9022222222222223,0.8564004581858048,0.9345401385607853,1.921517025271871,,,,,CHEMBL3979_EC50
71339737,mondrian_rfstd,cliffA,cliff,22,19,0.8636363636363636,0.6666501283342828,0.9525099628594474,1.8645599894515963,,,,,CHEMBL3979_EC50
71339737,mondrian_rfstd,cliffA,noncliff,203,184,0.9064039408866995,0.8584515165799942,0.9392609001702403,1.9276897089568263,,,,,CHEMBL3979_EC50
71339737,mondrian_rfstd,__bins__,__summary__,-1,-1,,,,1.921517025271871,0.8571428571428571,0.11904761904761907,0.7777777777777778,0.1777777777777778,CHEMBL3979_EC50
99182118,global,cliffB_oracle,all,225,197,0.8755555555555555,0.8260219610591668,0.9124805850743896,1.7719984708362533,,,,,CHEMBL3979_EC50
99182118,global,cliffB_oracle,cliff,7,2,0.2857142857142857,0.08221892400405678,0.6410655481673808,1.7719984708362533,,,,,CHEMBL3979_EC50
99182118,global,cliffB_oracle,noncliff,218,195,0.8944954128440367,0.8466659889782291,0.9286624862055775,1.7719984708362533,,,,,CHEMBL3979_EC50
99182118,global,cliffA,all,225,197,0.8755555555555555,0.8260219610591668,0.9124805850743896,1.7719984708362533,,,,,CHEMBL3979_EC50
99182118,global,cliffA,cliff,15,10,0.6666666666666666,0.41713547738519774,0.8482367556028526,1.7719984708362528,,,,,CHEMBL3979_EC50
99182118,global,cliffA,noncliff,210,187,0.8904761904761904,0.8410210175570534,0.9259022951833158,1.7719984708362533,,,,,CHEMBL3979_EC50
99182118,global,__bins__,__summary__,-1,-1,,,,1.7719984708362533,0.7954545454545454,0.13636363636363635,0.7555555555555555,0.2222222222222222,CHEMBL3979_EC50
99182118,mondrian_pair,cliffB_oracle,all,225,190,0.8444444444444444,0.7913498315289043,0.8859749888894461,1.7417709972233668,,,,,CHEMBL3979_EC50
99182118,mondrian_pair,cliffB_oracle,cliff,7,2,0.2857142857142857,0.08221892400405678,0.6410655481673808,1.8380958391501998,,,,,CHEMBL3979_EC50
99182118,mondrian_pair,cliffB_oracle,noncliff,218,188,0.8623853211009175,0.8103454012378479,0.9018749422449512,1.7386779977119546,,,,,CHEMBL3979_EC50
99182118,mondrian_pair,cliffA,all,225,190,0.8444444444444444,0.7913498315289043,0.8859749888894461,1.7417709972233668,,,,,CHEMBL3979_EC50
99182118,mondrian_pair,cliffA,cliff,15,10,0.6666666666666666,0.41713547738519774,0.8482367556028526,1.8663650862374228,,,,,CHEMBL3979_EC50
99182118,mondrian_pair,cliffA,noncliff,210,180,0.8571428571428571,0.803389599368722,0.8980646500889328,1.7328714194366486,,,,,CHEMBL3979_EC50
99182118,mondrian_pair,__bins__,__summary__,-1,-1,,,,1.7417709972233668,0.75,0.18181818181818177,0.6888888888888889,0.24444444444444446,CHEMBL3979_EC50
99182118,mondrian_wstd,cliffB_oracle,all,225,196,0.8711111111111111,0.8210232005152787,0.9087396705161053,1.8552226911393532,,,,,CHEMBL3979_EC50
99182118,mondrian_wstd,cliffB_oracle,cliff,7,3,0.42857142857142855,0.15821985525146975,0.7495416354723428,2.21215541905259,,,,,CHEMBL3979_EC50
99182118,mondrian_wstd,cliffB_oracle,noncliff,218,193,0.8853211009174312,0.8361917960046367,0.9211057844074534,1.8437615484999372,,,,,CHEMBL3979_EC50
99182118,mondrian_wstd,cliffA,all,225,196,0.8711111111111111,0.8210232005152787,0.9087396705161053,1.8552226911393532,,,,,CHEMBL3979_EC50
99182118,mondrian_wstd,cliffA,cliff,15,11,0.7333333333333333,0.4804956594401943,0.8910254667430761,2.090601165968634,,,,,CHEMBL3979_EC50
99182118,mondrian_wstd,cliffA,noncliff,210,185,0.8809523809523809,0.8301678623413272,0.9180500037468379,1.838409942937262,,,,,CHEMBL3979_EC50
99182118,mondrian_wstd,__bins__,__summary__,-1,-1,,,,1.8552226911393532,0.75,0.18023255813953487,0.8,0.1333333333333333,CHEMBL3979_EC50
99182118,mondrian_std,cliffB_oracle,all,225,196,0.8711111111111111,0.8210232005152787,0.9087396705161053,1.8591028667495002,,,,,CHEMBL3979_EC50
99182118,mondrian_std,cliffB_oracle,cliff,7,3,0.42857142857142855,0.15821985525146975,0.7495416354723428,2.0218668613272053,,,,,CHEMBL3979_EC50
99182118,mondrian_std,cliffB_oracle,noncliff,218,193,0.8853211009174312,0.8361917960046367,0.9211057844074534,1.8538764999511335,,,,,CHEMBL3979_EC50
99182118,mondrian_std,cliffA,all,225,196,0.8711111111111111,0.8210232005152787,0.9087396705161053,1.8591028667495002,,,,,CHEMBL3979_EC50
99182118,mondrian_std,cliffA,cliff,15,11,0.7333333333333333,0.4804956594401943,0.8910254667430761,2.0059114237530733,,,,,CHEMBL3979_EC50
99182118,mondrian_std,cliffA,noncliff,210,185,0.8809523809523809,0.8301678623413272,0.9180500037468379,1.848616541249245,,,,,CHEMBL3979_EC50
99182118,mondrian_std,__bins__,__summary__,-1,-1,,,,1.8591028667495002,0.75,0.18023255813953487,0.8,0.1333333333333333,CHEMBL3979_EC50
99182118,mondrian_iqr,cliffB_oracle,all,225,200,0.8888888888888888,0.8411230955022124,0.9235984759378606,1.9127892510029256,,,,,CHEMBL3979_EC50
99182118,mondrian_iqr,cliffB_oracle,cliff,7,4,0.5714285714285714,0.2504583645276572,0.8417801447485302,2.0602936803085847,,,,,CHEMBL3979_EC50
99182118,mondrian_iqr,cliffB_oracle,noncliff,218,196,0.8990825688073395,0.8519362528954888,0.9324076696741761,1.9080528702454045,,,,,CHEMBL3979_EC50
99182118,mondrian_iqr,cliffA,all,225,200,0.8888888888888888,0.8411230955022124,0.9235984759378606,1.9127892510029256,,,,,CHEMBL3979_EC50
99182118,mondrian_iqr,cliffA,cliff,15,11,0.7333333333333333,0.4804956594401943,0.8910254667430761,2.002198503425188,,,,,CHEMBL3979_EC50
99182118,mondrian_iqr,cliffA,noncliff,210,189,0.9,0.8519683553183302,0.9336604040742433,1.9064028758299068,,,,,CHEMBL3979_EC50
99182118,mondrian_iqr,__bins__,__summary__,-1,-1,,,,1.9127892510029256,0.8409090909090909,0.09090909090909083,0.8444444444444444,0.0888888888888889,CHEMBL3979_EC50
99182118,mondrian_nb,cliffB_oracle,all,225,196,0.8711111111111111,0.8210232005152787,0.9087396705161053,1.826669621669095,,,,,CHEMBL3979_EC50
99182118,mondrian_nb,cliffB_oracle,cliff,7,2,0.2857142857142857,0.08221892400405678,0.6410655481673808,1.8518834124864934,,,,,CHEMBL3979_EC50
99182118,mondrian_nb,cliffB_oracle,noncliff,218,194,0.8899082568807339,0.8414182289350388,0.9248947988629096,1.8258600045327567,,,,,CHEMBL3979_EC50
99182118,mondrian_nb,cliffA,all,225,196,0.8711111111111111,0.8210232005152787,0.9087396705161053,1.826669621669095,,,,,CHEMBL3979_EC50
99182118,mondrian_nb,cliffA,cliff,15,9,0.6,0.357468301206246,0.8017550385865841,1.7433867749529777,,,,,CHEMBL3979_EC50
99182118,mondrian_nb,cliffA,noncliff,210,187,0.8904761904761904,0.8410210175570534,0.9259022951833158,1.8326183964345322,,,,,CHEMBL3979_EC50
99182118,mondrian_nb,__bins__,__summary__,-1,-1,,,,1.826669621669095,0.7647058823529411,0.16552667578659375,0.7555555555555555,0.20000000000000007,CHEMBL3979_EC50
99182118,mondrian_nnsim,cliffB_oracle,all,225,191,0.8488888888888889,0.7962602371050974,0.8898042584154254,1.7203763160789245,,,,,CHEMBL3979_EC50
99182118,mondrian_nnsim,cliffB_oracle,cliff,7,2,0.2857142857142857,0.08221892400405678,0.6410655481673808,1.3845548393844318,,,,,CHEMBL3979_EC50
99182118,mondrian_nnsim,cliffB_oracle,noncliff,218,189,0.8669724770642202,0.8154794098413618,0.9057563810272955,1.7311595745048947,,,,,CHEMBL3979_EC50
99182118,mondrian_nnsim,cliffA,all,225,191,0.8488888888888889,0.7962602371050974,0.8898042584154254,1.7203763160789245,,,,,CHEMBL3979_EC50
99182118,mondrian_nnsim,cliffA,cliff,15,8,0.5333333333333333,0.30116980025498397,0.7519046463426261,1.4136166981451754,,,,,CHEMBL3979_EC50
99182118,mondrian_nnsim,cliffA,noncliff,210,183,0.8714285714285714,0.8193995418245132,0.9101128776114478,1.7422877173599065,,,,,CHEMBL3979_EC50
99182118,mondrian_nnsim,__bins__,__summary__,-1,-1,,,,1.7203763160789245,0.7647058823529411,0.14438502673796794,0.7333333333333333,0.1777777777777778,CHEMBL3979_EC50
99182118,mondrian_pairgap,cliffB_oracle,all,225,190,0.8444444444444444,0.7913498315289043,0.8859749888894461,1.7897978505744838,,,,,CHEMBL3979_EC50
99182118,mondrian_pairgap,cliffB_oracle,cliff,7,2,0.2857142857142857,0.08221892400405678,0.6410655481673808,1.8393403467299017,,,,,CHEMBL3979_EC50
99182118,mondrian_pairgap,cliffB_oracle,noncliff,218,188,0.8623853211009175,0.8103454012378479,0.9018749422449512,1.78820703647775,,,,,CHEMBL3979_EC50
99182118,mondrian_pairgap,cliffA,all,225,190,0.8444444444444444,0.7913498315289043,0.8859749888894461,1.7897978505744838,,,,,CHEMBL3979_EC50
99182118,mondrian_pairgap,cliffA,cliff,15,10,0.6666666666666666,0.41713547738519774,0.8482367556028526,1.8617574793627696,,,,,CHEMBL3979_EC50
99182118,mondrian_pairgap,cliffA,noncliff,210,180,0.8571428571428571,0.803389599368722,0.8980646500889328,1.784657877089606,,,,,CHEMBL3979_EC50
99182118,mondrian_pairgap,__bins__,__summary__,-1,-1,,,,1.7897978505744838,0.75,0.18181818181818177,0.6888888888888889,0.2666666666666667,CHEMBL3979_EC50
99182118,mondrian_rfstd,cliffB_oracle,all,225,195,0.8666666666666667,0.8160406625343364,0.9049825333948756,1.840775392391571,,,,,CHEMBL3979_EC50
99182118,mondrian_rfstd,cliffB_oracle,cliff,7,3,0.42857142857142855,0.15821985525146975,0.7495416354723428,1.8342894015458806,,,,,CHEMBL3979_EC50
99182118,mondrian_rfstd,cliffB_oracle,noncliff,218,192,0.8807339449541285,0.8309856246308704,0.9172965083953615,1.8409836581526713,,,,,CHEMBL3979_EC50
99182118,mondrian_rfstd,cliffA,all,225,195,0.8666666666666667,0.8160406625343364,0.9049825333948756,1.840775392391571,,,,,CHEMBL3979_EC50
99182118,mondrian_rfstd,cliffA,cliff,15,10,0.6666666666666666,0.41713547738519774,0.8482367556028526,1.8329557400265712,,,,,CHEMBL3979_EC50
99182118,mondrian_rfstd,cliffA,noncliff,210,185,0.8809523809523809,0.8301678623413272,0.9180500037468379,1.841333938989071,,,,,CHEMBL3979_EC50
99182118,mondrian_rfstd,__bins__,__summary__,-1,-1,,,,1.840775392391571,0.813953488372093,0.07241014799154333,0.7777777777777778,0.15555555555555556,CHEMBL3979_EC50
89709943,global,cliffB_oracle,all,225,183,0.8133333333333334,0.757316904183472,0.8588301905196727,1.748189566170474,,,,,CHEMBL3979_EC50
89709943,global,cliffB_oracle,cliff,7,5,0.7142857142857143,0.35893445183261935,0.9177810759959433,1.748189566170474,,,,,CHEMBL3979_EC50
89709943,global,cliffB_oracle,noncliff,218,178,0.8165137614678899,0.7598046112457505,0.8622612583784665,1.748189566170474,,,,,CHEMBL3979_EC50
89709943,global,cliffA,all,225,183,0.8133333333333334,0.757316904183472,0.8588301905196727,1.748189566170474,,,,,CHEMBL3979_EC50
89709943,global,cliffA,cliff,22,16,0.7272727272727273,0.5184826598759762,0.8684923971201053,1.748189566170474,,,,,CHEMBL3979_EC50
89709943,global,cliffA,noncliff,203,167,0.8226600985221675,0.7642712206771003,0.8690640920155102,1.748189566170474,,,,,CHEMBL3979_EC50
89709943,global,__bins__,__summary__,-1,-1,,,,1.748189566170474,0.7142857142857143,0.17207792207792205,0.7111111111111111,0.1777777777777777,CHEMBL3979_EC50
89709943,mondrian_pair,cliffB_oracle,all,225,183,0.8133333333333334,0.757316904183472,0.8588301905196727,1.7618900456172586,,,,,CHEMBL3979_EC50
89709943,mondrian_pair,cliffB_oracle,cliff,7,5,0.7142857142857143,0.35893445183261935,0.9177810759959433,1.7066325610943296,,,,,CHEMBL3979_EC50
89709943,mondrian_pair,cliffB_oracle,noncliff,218,178,0.8165137614678899,0.7598046112457505,0.8622612583784665,1.7636643685147835,,,,,CHEMBL3979_EC50
89709943,mondrian_pair,cliffA,all,225,183,0.8133333333333334,0.757316904183472,0.8588301905196727,1.7618900456172586,,,,,CHEMBL3979_EC50
89709943,mondrian_pair,cliffA,cliff,22,16,0.7272727272727273,0.5184826598759762,0.8684923971201053,1.7346829762635672,,,,,CHEMBL3979_EC50
89709943,mondrian_pair,cliffA,noncliff,203,167,0.8226600985221675,0.7642712206771003,0.8690640920155102,1.7648385950053433,,,,,CHEMBL3979_EC50
89709943,mondrian_pair,__bins__,__summary__,-1,-1,,,,1.7618900456172586,0.7045454545454546,0.18181818181818177,0.7111111111111111,0.15555555555555556,CHEMBL3979_EC50
89709943,mondrian_wstd,cliffB_oracle,all,225,189,0.84,0.7864523470940457,0.8821327982221325,1.7825388068587238,,,,,CHEMBL3979_EC50
89709943,mondrian_wstd,cliffB_oracle,cliff,7,6,0.8571428571428571,0.4868721707256811,0.9743203756552565,2.2250453402094714,,,,,CHEMBL3979_EC50
89709943,mondrian_wstd,cliffB_oracle,noncliff,218,183,0.8394495412844036,0.7849060712026003,0.8822370353509076,1.7683298814759016,,,,,CHEMBL3979_EC50
89709943,mondrian_wstd,cliffA,all,225,189,0.84,0.7864523470940457,0.8821327982221325,1.7825388068587238,,,,,CHEMBL3979_EC50
89709943,mondrian_wstd,cliffA,cliff,22,17,0.7727272727272727,0.5656004682477829,0.8987696001475147,1.951213407137727,,,,,CHEMBL3979_EC50
89709943,mondrian_wstd,cliffA,noncliff,203,172,0.8472906403940886,0.7913976924601075,0.8902838273082746,1.7642588009171567,,,,,CHEMBL3979_EC50
89709943,mondrian_wstd,__bins__,__summary__,-1,-1,,,,1.7825388068587238,0.7954545454545454,0.10250463821892397,0.7777777777777778,0.1333333333333333,CHEMBL3979_EC50
89709943,mondrian_std,cliffB_oracle,all,225,188,0.8355555555555556,0.7815673608177688,0.8782781093962374,1.7634051679328877,,,,,CHEMBL3979_EC50
89709943,mondrian_std,cliffB_oracle,cliff,7,6,0.8571428571428571,0.4868721707256811,0.9743203756552565,2.152113272601857,,,,,CHEMBL3979_EC50
89709943,mondrian_std,cliffB_oracle,noncliff,218,182,0.8348623853211009,0.77986053926295,0.8782671199046997,1.7509237150306731,,,,,CHEMBL3979_EC50
89709943,mondrian_std,cliffA,all,225,188,0.8355555555555556,0.7815673608177688,0.8782781093962374,1.7634051679328877,,,,,CHEMBL3979_EC50
89709943,mondrian_std,cliffA,cliff,22,17,0.7727272727272727,0.5656004682477829,0.8987696001475147,1.9170341557959718,,,,,CHEMBL3979_EC50
89709943,mondrian_std,cliffA,noncliff,203,171,0.8423645320197044,0.7859407812943102,0.8860714970589174,1.7467557209723563,,,,,CHEMBL3979_EC50
89709943,mondrian_std,__bins__,__summary__,-1,-1,,,,1.7634051679328877,0.75,0.14795918367346939,0.7555555555555555,0.1333333333333333,CHEMBL3979_EC50
89709943,mondrian_iqr,cliffB_oracle,all,225,188,0.8355555555555556,0.7815673608177688,0.8782781093962374,1.7913696581098237,,,,,CHEMBL3979_EC50
89709943,mondrian_iqr,cliffB_oracle,cliff,7,6,0.8571428571428571,0.4868721707256811,0.9743203756552565,1.9142533421274268,,,,,CHEMBL3979_EC50
89709943,mondrian_iqr,cliffB_oracle,noncliff,218,182,0.8348623853211009,0.77986053926295,0.8782671199046997,1.787423851742286,,,,,CHEMBL3979_EC50
89709943,mondrian_iqr,cliffA,all,225,188,0.8355555555555556,0.7815673608177688,0.8782781093962374,1.7913696581098237,,,,,CHEMBL3979_EC50
89709943,mondrian_iqr,cliffA,cliff,22,17,0.7727272727272727,0.5656004682477829,0.8987696001475147,1.7965800407613555,,,,,CHEMBL3979_EC50
89709943,mondrian_iqr,cliffA,noncliff,203,171,0.8423645320197044,0.7859407812943102,0.8860714970589174,1.7908049860983277,,,,,CHEMBL3979_EC50
89709943,mondrian_iqr,__bins__,__summary__,-1,-1,,,,1.7913696581098237,0.7755102040816326,0.08812615955473102,0.7777777777777778,0.1333333333333333,CHEMBL3979_EC50
89709943,mondrian_nb,cliffB_oracle,all,225,189,0.84,0.7864523470940457,0.8821327982221325,1.8931705868240842,,,,,CHEMBL3979_EC50
89709943,mondrian_nb,cliffB_oracle,cliff,7,6,0.8571428571428571,0.4868721707256811,0.9743203756552565,1.8913675730600832,,,,,CHEMBL3979_EC50
89709943,mondrian_nb,cliffB_oracle,noncliff,218,183,0.8394495412844036,0.7849060712026003,0.8822370353509076,1.8932284817614602,,,,,CHEMBL3979_EC50
89709943,mondrian_nb,cliffA,all,225,189,0.84,0.7864523470940457,0.8821327982221325,1.8931705868240842,,,,,CHEMBL3979_EC50
89709943,mondrian_nb,cliffA,cliff,22,18,0.8181818181818182,0.6148339256287345,0.9269311541657794,1.826383153141674,,,,,CHEMBL3979_EC50
89709943,mondrian_nb,cliffA,noncliff,203,171,0.8423645320197044,0.7859407812943102,0.8860714970589174,1.9004086338241482,,,,,CHEMBL3979_EC50
89709943,mondrian_nb,__bins__,__summary__,-1,-1,,,,1.8931705868240842,0.75,0.13636363636363635,0.7777777777777778,0.11111111111111105,CHEMBL3979_EC50
89709943,mondrian_nnsim,cliffB_oracle,all,225,197,0.8755555555555555,0.8260219610591668,0.9124805850743896,1.9483490803336592,,,,,CHEMBL3979_EC50
89709943,mondrian_nnsim,cliffB_oracle,cliff,7,6,0.8571428571428571,0.4868721707256811,0.9743203756552565,1.996329763737881,,,,,CHEMBL3979_EC50
89709943,mondrian_nnsim,cliffB_oracle,noncliff,218,191,0.8761467889908257,0.8257987462778319,0.9134679393625417,1.946808416187652,,,,,CHEMBL3979_EC50
89709943,mondrian_nnsim,cliffA,all,225,197,0.8755555555555555,0.8260219610591668,0.9124805850743896,1.9483490803336592,,,,,CHEMBL3979_EC50
89709943,mondrian_nnsim,cliffA,cliff,22,18,0.8181818181818182,0.6148339256287345,0.9269311541657794,1.9965578295301276,,,,,CHEMBL3979_EC50
89709943,mondrian_nnsim,cliffA,noncliff,203,179,0.8817733990147784,0.8301142182255428,0.9192519914489199,1.9431244868246822,,,,,CHEMBL3979_EC50
89709943,mondrian_nnsim,__bins__,__summary__,-1,-1,,,,1.9483490803336592,0.7755102040816326,0.15630797773654914,0.7777777777777778,0.1777777777777778,CHEMBL3979_EC50
89709943,mondrian_pairgap,cliffB_oracle,all,225,185,0.8222222222222222,0.7669835615628444,0.8666428833446447,1.8391052761524367,,,,,CHEMBL3979_EC50
89709943,mondrian_pairgap,cliffB_oracle,cliff,7,5,0.7142857142857143,0.35893445183261935,0.9177810759959433,1.8478930802572562,,,,,CHEMBL3979_EC50
89709943,mondrian_pairgap,cliffB_oracle,noncliff,218,180,0.8256880733944955,0.7698081125747007,0.8702886518212327,1.8388230989564103,,,,,CHEMBL3979_EC50
89709943,mondrian_pairgap,cliffA,all,225,185,0.8222222222222222,0.7669835615628444,0.8666428833446447,1.8391052761524367,,,,,CHEMBL3979_EC50
89709943,mondrian_pairgap,cliffA,cliff,22,16,0.7272727272727273,0.5184826598759762,0.8684923971201053,1.8345401422000955,,,,,CHEMBL3979_EC50
89709943,mondrian_pairgap,cliffA,noncliff,203,169,0.8325123152709359,0.7750754844173674,0.8775983111055518,1.8396000197334785,,,,,CHEMBL3979_EC50
89709943,mondrian_pairgap,__bins__,__summary__,-1,-1,,,,1.8391052761524367,0.7045454545454546,0.20454545454545447,0.7111111111111111,0.15555555555555556,CHEMBL3979_EC50
89709943,mondrian_rfstd,cliffB_oracle,all,225,184,0.8177777777777778,0.7621448562452301,0.862741913560087,1.8421857596474496,,,,,CHEMBL3979_EC50
89709943,mondrian_rfstd,cliffB_oracle,cliff,7,4,0.5714285714285714,0.2504583645276572,0.8417801447485302,1.6988149858467116,,,,,CHEMBL3979_EC50
89709943,mondrian_rfstd,cliffB_oracle,noncliff,218,180,0.8256880733944955,0.7698081125747007,0.8702886518212327,1.846789408347473,,,,,CHEMBL3979_EC50
89709943,mondrian_rfstd,cliffA,all,225,184,0.8177777777777778,0.7621448562452301,0.862741913560087,1.8421857596474496,,,,,CHEMBL3979_EC50
89709943,mondrian_rfstd,cliffA,cliff,22,15,0.6818181818181818,0.47318597741042745,0.8363940681864375,1.8402636677835822,,,,,CHEMBL3979_EC50
89709943,mondrian_rfstd,cliffA,noncliff,203,169,0.8325123152709359,0.7750754844173674,0.8775983111055518,1.842394065169642,,,,,CHEMBL3979_EC50
89709943,mondrian_rfstd,__bins__,__summary__,-1,-1,,,,1.8421857596474496,0.75,0.13636363636363635,0.7777777777777778,0.06666666666666665,CHEMBL3979_EC50
86921808,global,cliffB_oracle,all,225,201,0.8933333333333333,0.8461946198449359,0.9272666266973095,2.061716915281405,,,,,CHEMBL3979_EC50
86921808,global,cliffB_oracle,cliff,12,8,0.6666666666666666,0.39062208887279953,0.8618799089087867,2.061716915281405,,,,,CHEMBL3979_EC50
86921808,global,cliffB_oracle,noncliff,213,193,0.9061032863849765,0.8594248224401767,0.9383930899686005,2.0617169152814054,,,,,CHEMBL3979_EC50
86921808,global,cliffA,all,225,201,0.8933333333333333,0.8461946198449359,0.9272666266973095,2.061716915281405,,,,,CHEMBL3979_EC50
86921808,global,cliffA,cliff,22,16,0.7272727272727273,0.5184826598759762,0.8684923971201053,2.0617169152814054,,,,,CHEMBL3979_EC50
86921808,global,cliffA,noncliff,203,185,0.9113300492610837,0.8642051865895177,0.943176471575871,2.061716915281405,,,,,CHEMBL3979_EC50
86921808,global,__bins__,__summary__,-1,-1,,,,2.061716915281405,0.7924528301886793,0.2075471698113207,0.7777777777777778,0.1777777777777778,CHEMBL3979_EC50
86921808,mondrian_pair,cliffB_oracle,all,225,200,0.8888888888888888,0.8411230955022124,0.9235984759378606,2.035985102565853,,,,,CHEMBL3979_EC50
86921808,mondrian_pair,cliffB_oracle,cliff,12,8,0.6666666666666666,0.39062208887279953,0.8618799089087867,2.1711240118850768,,,,,CHEMBL3979_EC50
86921808,mondrian_pair,cliffB_oracle,noncliff,213,192,0.9014084507042254,0.8539863885986632,0.9346081953429606,2.0283716428858964,,,,,CHEMBL3979_EC50
86921808,mondrian_pair,cliffA,all,225,200,0.8888888888888888,0.8411230955022124,0.9235984759378606,2.035985102565853,,,,,CHEMBL3979_EC50
86921808,mondrian_pair,cliffA,cliff,22,16,0.7272727272727273,0.5184826598759762,0.8684923971201053,2.1266425527047677,,,,,CHEMBL3979_EC50
86921808,mondrian_pair,cliffA,noncliff,203,184,0.9064039408866995,0.8584515165799942,0.9392609001702403,2.0261601572306005,,,,,CHEMBL3979_EC50
86921808,mondrian_pair,__bins__,__summary__,-1,-1,,,,2.035985102565853,0.7547169811320755,0.24528301886792447,0.7555555555555555,0.2222222222222222,CHEMBL3979_EC50
86921808,mondrian_wstd,cliffB_oracle,all,225,206,0.9155555555555556,0.871885269607211,0.9452743524458957,2.066562050699324,,,,,CHEMBL3979_EC50
86921808,mondrian_wstd,cliffB_oracle,cliff,12,7,0.5833333333333334,0.31951131254954973,0.8067396863412435,2.1960752949707967,,,,,CHEMBL3979_EC50
86921808,mondrian_wstd,cliffB_oracle,noncliff,213,199,0.9342723004694836,0.8927107458966729,0.9604471373150253,2.0592655298952973,,,,,CHEMBL3979_EC50
86921808,mondrian_wstd,cliffA,all,225,206,0.9155555555555556,0.871885269607211,0.9452743524458957,2.066562050699324,,,,,CHEMBL3979_EC50
86921808,mondrian_wstd,cliffA,cliff,22,15,0.6818181818181818,0.47318597741042745,0.8363940681864375,2.2243598393488058,,,,,CHEMBL3979_EC50
86921808,mondrian_wstd,cliffA,noncliff,203,191,0.9408866995073891,0.8995323041542583,0.9658648025020565,2.0494608125205622,,,,,CHEMBL3979_EC50
86921808,mondrian_wstd,__bins__,__summary__,-1,-1,,,,2.066562050699324,0.8837209302325582,0.046511627906976716,0.8666666666666667,0.0888888888888889,CHEMBL3979_EC50
86921808,mondrian_std,cliffB_oracle,all,225,205,0.9111111111111111,0.8666982540967064,0.9417216928542281,2.054192184596471,,,,,CHEMBL3979_EC50
86921808,mondrian_std,cliffB_oracle,cliff,12,7,0.5833333333333334,0.31951131254954973,0.8067396863412435,2.204131028558078,,,,,CHEMBL3979_EC50
86921808,mondrian_std,cliffB_oracle,noncliff,213,198,0.9295774647887324,0.8870727291215519,0.9568618256229928,2.0457449257817326,,,,,CHEMBL3979_EC50
86921808,mondrian_std,cliffA,all,225,205,0.9111111111111111,0.8666982540967064,0.9417216928542281,2.054192184596471,,,,,CHEMBL3979_EC50
86921808,mondrian_std,cliffA,cliff,22,15,0.6818181818181818,0.47318597741042745,0.8363940681864375,2.249058999069511,,,,,CHEMBL3979_EC50
86921808,mondrian_std,cliffA,noncliff,203,190,0.9359605911330049,0.8935312814231224,0.962196583818038,2.033073613569836,,,,,CHEMBL3979_EC50
86921808,mondrian_std,__bins__,__summary__,-1,-1,,,,2.054192184596471,0.8837209302325582,0.046511627906976716,0.8444444444444444,0.11111111111111116,CHEMBL3979_EC50
86921808,mondrian_iqr,cliffB_oracle,all,225,204,0.9066666666666666,0.8615371755751126,0.9381430962736496,2.069282863685139,,,,,CHEMBL3979_EC50
86921808,mondrian_iqr,cliffB_oracle,cliff,12,8,0.6666666666666666,0.39062208887279953,0.8618799089087867,2.1861525437142486,,,,,CHEMBL3979_EC50
86921808,mondrian_iqr,cliffB_oracle,noncliff,213,196,0.92018779342723,0.8759135568498294,0.9495743409604082,2.062698656359555,,,,,CHEMBL3979_EC50
86921808,mondrian_iqr,cliffA,all,225,204,0.9066666666666666,0.8615371755751126,0.9381430962736496,2.069282863685139,,,,,CHEMBL3979_EC50
86921808,mondrian_iqr,cliffA,cliff,22,16,0.7272727272727273,0.5184826598759762,0.8684923971201053,2.155711069885843,,,,,CHEMBL3979_EC50
86921808,mondrian_iqr,cliffA,noncliff,203,188,0.9261083743842364,0.8816770407169572,0.9547123416938947,2.059916260057476,,,,,CHEMBL3979_EC50
86921808,mondrian_iqr,__bins__,__summary__,-1,-1,,,,2.069282863685139,0.8604651162790697,0.11627906976744184,0.8444444444444444,0.15555555555555556,CHEMBL3979_EC50
86921808,mondrian_nb,cliffB_oracle,all,225,204,0.9066666666666666,0.8615371755751126,0.9381430962736496,2.1063596503784714,,,,,CHEMBL3979_EC50
86921808,mondrian_nb,cliffB_oracle,cliff,12,8,0.6666666666666666,0.39062208887279953,0.8618799089087867,2.301265176171784,,,,,CHEMBL3979_EC50
86921808,mondrian_nb,cliffB_oracle,noncliff,213,196,0.92018779342723,0.8759135568498294,0.9495743409604082,2.0953790573760314,,,,,CHEMBL3979_EC50
86921808,mondrian_nb,cliffA,all,225,204,0.9066666666666666,0.8615371755751126,0.9381430962736496,2.1063596503784714,,,,,CHEMBL3979_EC50
86921808,mondrian_nb,cliffA,cliff,22,16,0.7272727272727273,0.5184826598759762,0.8684923971201053,2.3098791903667997,,,,,CHEMBL3979_EC50
86921808,mondrian_nb,cliffA,noncliff,203,188,0.9261083743842364,0.8816770407169572,0.9547123416938947,2.0843033455521502,,,,,CHEMBL3979_EC50
86921808,mondrian_nb,__bins__,__summary__,-1,-1,,,,2.1063596503784714,0.7924528301886793,0.2075471698113207,0.8222222222222222,0.15555555555555556,CHEMBL3979_EC50
86921808,mondrian_nnsim,cliffB_oracle,all,225,198,0.88,0.8310376629422355,0.9162045582934931,2.0829506151861312,,,,,CHEMBL3979_EC50
86921808,mondrian_nnsim,cliffB_oracle,cliff,12,8,0.6666666666666666,0.39062208887279953,0.8618799089087867,1.9332805886329634,,,,,CHEMBL3979_EC50
86921808,mondrian_nnsim,cliffB_oracle,noncliff,213,190,0.892018779342723,0.8431858768788597,0.9269620501284569,2.091382729358141,,,,,CHEMBL3979_EC50
86921808,mondrian_nnsim,cliffA,all,225,198,0.88,0.8310376629422355,0.9162045582934931,2.0829506151861312,,,,,CHEMBL3979_EC50
86921808,mondrian_nnsim,cliffA,cliff,22,15,0.6818181818181818,0.47318597741042745,0.8363940681864375,1.9278168839640877,,,,,CHEMBL3979_EC50
86921808,mondrian_nnsim,cliffA,noncliff,203,183,0.9014778325123153,0.852729001666153,0.9353141736689271,2.0997631377816237,,,,,CHEMBL3979_EC50
86921808,mondrian_nnsim,__bins__,__summary__,-1,-1,,,,2.0829506151861312,0.7735849056603774,0.2264150943396226,0.8222222222222222,0.11111111111111116,CHEMBL3979_EC50
86921808,mondrian_pairgap,cliffB_oracle,all,225,204,0.9066666666666666,0.8615371755751126,0.9381430962736496,2.1065471755455367,,,,,CHEMBL3979_EC50
86921808,mondrian_pairgap,cliffB_oracle,cliff,12,8,0.6666666666666666,0.39062208887279953,0.8618799089087867,2.2367847579746316,,,,,CHEMBL3979_EC50
86921808,mondrian_pairgap,cliffB_oracle,noncliff,213,196,0.92018779342723,0.8759135568498294,0.9495743409604082,2.0992098469579825,,,,,CHEMBL3979_EC50
86921808,mondrian_pairgap,cliffA,all,225,204,0.9066666666666666,0.8615371755751126,0.9381430962736496,2.1065471755455367,,,,,CHEMBL3979_EC50
86921808,mondrian_pairgap,cliffA,cliff,22,16,0.7272727272727273,0.5184826598759762,0.8684923971201053,2.1934322868293425,,,,,CHEMBL3979_EC50
86921808,mondrian_pairgap,cliffA,noncliff,203,188,0.9261083743842364,0.8816770407169572,0.9547123416938947,2.0971310551108386,,,,,CHEMBL3979_EC50
86921808,mondrian_pairgap,__bins__,__summary__,-1,-1,,,,2.1065471755455367,0.7924528301886793,0.2075471698113207,0.7777777777777778,0.19999999999999996,CHEMBL3979_EC50
86921808,mondrian_rfstd,cliffB_oracle,all,225,201,0.8933333333333333,0.8461946198449359,0.9272666266973095,2.105631064021315,,,,,CHEMBL3979_EC50
86921808,mondrian_rfstd,cliffB_oracle,cliff,12,7,0.5833333333333334,0.31951131254954973,0.8067396863412435,1.9895262198713253,,,,,CHEMBL3979_EC50
86921808,mondrian_rfstd,cliffB_oracle,noncliff,213,194,0.9107981220657277,0.864890870374507,0.9421503705014239,2.1121721820015966,,,,,CHEMBL3979_EC50
86921808,mondrian_rfstd,cliffA,all,225,201,0.8933333333333333,0.8461946198449359,0.9272666266973095,2.105631064021315,,,,,CHEMBL3979_EC50
86921808,mondrian_rfstd,cliffA,cliff,22,15,0.6818181818181818,0.47318597741042745,0.8363940681864375,2.0433612503196223,,,,,CHEMBL3979_EC50
86921808,mondrian_rfstd,cliffA,noncliff,203,186,0.916256157635468,0.8699922408556117,0.9470586587249316,2.112379516737755,,,,,CHEMBL3979_EC50
86921808,mondrian_rfstd,__bins__,__summary__,-1,-1,,,,2.105631064021315,0.8372093023255814,0.11627906976744184,0.8222222222222222,0.15555555555555556,CHEMBL3979_EC50
71339737,global,cliffB_oracle,all,265,231,0.8716981132075472,0.826059648073031,0.9067142360747659,2.135681529834818,,,,,CHEMBL287_Ki
71339737,global,cliffB_oracle,cliff,8,4,0.5,0.21521606221387757,0.7847839377861224,2.1356815298348173,,,,,CHEMBL287_Ki
71339737,global,cliffB_oracle,noncliff,257,227,0.8832684824902723,0.8382500462866237,0.9169979917003913,2.135681529834818,,,,,CHEMBL287_Ki
71339737,global,cliffA,all,265,231,0.8716981132075472,0.826059648073031,0.9067142360747659,2.135681529834818,,,,,CHEMBL287_Ki
71339737,global,cliffA,cliff,15,10,0.6666666666666666,0.41713547738519774,0.8482367556028526,2.1356815298348177,,,,,CHEMBL287_Ki
71339737,global,cliffA,noncliff,250,221,0.884,0.8383692329120548,0.9180083930754438,2.1356815298348177,,,,,CHEMBL287_Ki
71339737,global,__bins__,__summary__,-1,-1,,,,2.135681529834818,0.8148148148148148,0.09822866344605474,0.7169811320754716,0.28301886792452835,CHEMBL287_Ki
71339737,mondrian_pair,cliffB_oracle,all,265,231,0.8716981132075472,0.826059648073031,0.9067142360747659,2.1629940797625995,,,,,CHEMBL287_Ki
71339737,mondrian_pair,cliffB_oracle,cliff,8,3,0.375,0.13684428582359742,0.6942576053973727,2.21475083322002,,,,,CHEMBL287_Ki
71339737,mondrian_pair,cliffB_oracle,noncliff,257,228,0.8871595330739299,0.8426400998917136,0.9202754308667431,2.16138297459661,,,,,CHEMBL287_Ki
71339737,mondrian_pair,cliffA,all,265,231,0.8716981132075472,0.826059648073031,0.9067142360747659,2.1629940797625995,,,,,CHEMBL287_Ki
71339737,mondrian_pair,cliffA,cliff,15,9,0.6,0.357468301206246,0.8017550385865841,2.2387557554679725,,,,,CHEMBL287_Ki
71339737,mondrian_pair,cliffA,noncliff,250,222,0.888,0.8428908673839414,0.9213656922075936,2.1584483792202773,,,,,CHEMBL287_Ki
71339737,mondrian_pair,__bins__,__summary__,-1,-1,,,,2.1629940797625995,0.8271604938271605,0.08588298443370901,0.7169811320754716,0.28301886792452835,CHEMBL287_Ki
71339737,mondrian_wstd,cliffB_oracle,all,265,227,0.8566037735849057,0.8093048750137015,0.8937116940417991,2.160430878818496,,,,,CHEMBL287_Ki
71339737,mondrian_wstd,cliffB_oracle,cliff,8,3,0.375,0.13684428582359742,0.6942576053973727,2.2058152601960312,,,,,CHEMBL287_Ki
71339737,mondrian_wstd,cliffB_oracle,noncliff,257,224,0.8715953307392996,0.8251573167235321,0.9070882429491577,2.1590181354293128,,,,,CHEMBL287_Ki
71339737,mondrian_wstd,cliffA,all,265,227,0.8566037735849057,0.8093048750137015,0.8937116940417991,2.160430878818496,,,,,CHEMBL287_Ki
71339737,mondrian_wstd,cliffA,cliff,15,9,0.6,0.357468301206246,0.8017550385865841,2.188433885415002,,,,,CHEMBL287_Ki
71339737,mondrian_wstd,cliffA,noncliff,250,218,0.872,0.824887758249811,0.9078530669255781,2.1587506984227063,,,,,CHEMBL287_Ki
71339737,mondrian_wstd,__bins__,__summary__,-1,-1,,,,2.160430878818496,0.7608695652173914,0.15217391304347816,0.7169811320754716,0.26415094339622647,CHEMBL287_Ki
71339737,mondrian_std,cliffB_oracle,all,265,226,0.8528301886792453,0.8051408273878761,0.8904364128945504,2.1573143962684163,,,,,CHEMBL287_Ki
71339737,mondrian_std,cliffB_oracle,cliff,8,3,0.375,0.13684428582359742,0.6942576053973727,2.2127056796897957,,,,,CHEMBL287_Ki
71339737,mondrian_std,cliffB_oracle,noncliff,257,223,0.867704280155642,0.8208172331186484,0.9037608337825996,2.1555901539829256,,,,,CHEMBL287_Ki
71339737,mondrian_std,cliffA,all,265,226,0.8528301886792453,0.8051408273878761,0.8904364128945504,2.1573143962684163,,,,,CHEMBL287_Ki
71339737,mondrian_std,cliffA,cliff,15,9,0.6,0.357468301206246,0.8017550385865841,2.1887089367628207,,,,,CHEMBL287_Ki
71339737,mondrian_std,cliffA,noncliff,250,217,0.868,0.8204199080951821,0.9044419834761707,2.155430723838752,,,,,CHEMBL287_Ki
71339737,mondrian_std,__bins__,__summary__,-1,-1,,,,2.1573143962684163,0.7608695652173914,0.13043478260869557,0.7169811320754716,0.26415094339622647,CHEMBL287_Ki
71339737,mondrian_iqr,cliffB_oracle,all,265,227,0.8566037735849057,0.8093048750137015,0.8937116940417991,2.1830274701314605,,,,,CHEMBL287_Ki
71339737,mondrian_iqr,cliffB_oracle,cliff,8,3,0.375,0.13684428582359742,0.6942576053973727,2.2265359689634994,,,,,CHEMBL287_Ki
71339737,mondrian_iqr,cliffB_oracle,noncliff,257,224,0.8715953307392996,0.8251573167235321,0.9070882429491577,2.1816731199732646,,,,,CHEMBL287_Ki
71339737,mondrian_iqr,cliffA,all,265,227,0.8566037735849057,0.8093048750137015,0.8937116940417991,2.1830274701314605,,,,,CHEMBL287_Ki
71339737,mondrian_iqr,cliffA,cliff,15,9,0.6,0.357468301206246,0.8017550385865841,2.1455848172120286,,,,,CHEMBL287_Ki
71339737,mondrian_iqr,cliffA,noncliff,250,218,0.872,0.824887758249811,0.9078530669255781,2.185274029306626,,,,,CHEMBL287_Ki
71339737,mondrian_iqr,__bins__,__summary__,-1,-1,,,,2.1830274701314605,0.8024691358024691,0.11057434245840037,0.6981132075471698,0.28301886792452835,CHEMBL287_Ki
71339737,mondrian_nb,cliffB_oracle,all,265,226,0.8528301886792453,0.8051408273878761,0.8904364128945504,2.1239750034137703,,,,,CHEMBL287_Ki
71339737,mondrian_nb,cliffB_oracle,cliff,8,2,0.25,0.071479212752109,0.5907245696898311,2.1126183957229463,,,,,CHEMBL287_Ki
71339737,mondrian_nb,cliffB_oracle,noncliff,257,224,0.8715953307392996,0.8251573167235321,0.9070882429491577,2.1243285164936405,,,,,CHEMBL287_Ki
71339737,mondrian_nb,cliffA,all,265,226,0.8528301886792453,0.8051408273878761,0.8904364128945504,2.1239750034137703,,,,,CHEMBL287_Ki
71339737,mondrian_nb,cliffA,cliff,15,8,0.5333333333333333,0.30116980025498397,0.7519046463426261,2.111859735686808,,,,,CHEMBL287_Ki
71339737,mondrian_nb,cliffA,noncliff,250,218,0.872,0.824887758249811,0.9078530669255781,2.124701919477388,,,,,CHEMBL287_Ki
71339737,mondrian_nb,__bins__,__summary__,-1,-1,,,,2.1239750034137703,0.8148148148148148,0.07648953301127215,0.7169811320754716,0.26415094339622647,CHEMBL287_Ki
71339737,mondrian_nnsim,cliffB_oracle,all,265,230,0.8679245283018868,0.821855494787922,0.9034790605868008,2.1074787965708293,,,,,CHEMBL287_Ki
71339737,mondrian_nnsim,cliffB_oracle,cliff,8,4,0.5,0.21521606221387757,0.7847839377861224,2.1953832888599045,,,,,CHEMBL287_Ki
71339737,mondrian_nnsim,cliffB_oracle,noncliff,257,226,0.8793774319066148,0.8338732471672454,0.9137072980483278,2.1047424699626087,,,,,CHEMBL287_Ki
71339737,mondrian_nnsim,cliffA,all,265,230,0.8679245283018868,0.821855494787922,0.9034790605868008,2.1074787965708293,,,,,CHEMBL287_Ki
71339737,mondrian_nnsim,cliffA,cliff,15,10,0.6666666666666666,0.41713547738519774,0.8482367556028526,2.160937113053539,,,,,CHEMBL287_Ki
71339737,mondrian_nnsim,cliffA,noncliff,250,220,0.88,0.8338618921256289,0.9146368002578331,2.104271297581867,,,,,CHEMBL287_Ki
71339737,mondrian_nnsim,__bins__,__summary__,-1,-1,,,,2.1074787965708293,0.8148148148148148,0.11996779388083745,0.6981132075471698,0.30188679245283023,CHEMBL287_Ki
71339737,mondrian_pairgap,cliffB_oracle,all,265,231,0.8716981132075472,0.826059648073031,0.9067142360747659,2.1712012236176683,,,,,CHEMBL287_Ki
71339737,mondrian_pairgap,cliffB_oracle,cliff,8,3,0.375,0.13684428582359742,0.6942576053973727,2.215103944596497,,,,,CHEMBL287_Ki
71339737,mondrian_pairgap,cliffB_oracle,noncliff,257,228,0.8871595330739299,0.8426400998917136,0.9202754308667431,2.1698346019529575,,,,,CHEMBL287_Ki
71339737,mondrian_pairgap,cliffA,all,265,231,0.8716981132075472,0.826059648073031,0.9067142360747659,2.1712012236176683,,,,,CHEMBL287_Ki
71339737,mondrian_pairgap,cliffA,cliff,15,9,0.6,0.357468301206246,0.8017550385865841,2.242770611788529,,,,,CHEMBL287_Ki
71339737,mondrian_pairgap,cliffA,noncliff,250,222,0.888,0.8428908673839414,0.9213656922075936,2.1669070603274165,,,,,CHEMBL287_Ki
71339737,mondrian_pairgap,__bins__,__summary__,-1,-1,,,,2.1712012236176683,0.8271604938271605,0.08588298443370901,0.7169811320754716,0.28301886792452835,CHEMBL287_Ki
71339737,mondrian_rfstd,cliffB_oracle,all,265,223,0.8415094339622642,0.7927030201438479,0.8805562338193564,2.019379757766006,,,,,CHEMBL287_Ki
71339737,mondrian_rfstd,cliffB_oracle,cliff,8,3,0.375,0.13684428582359742,0.6942576053973727,2.0006915581154487,,,,,CHEMBL287_Ki
71339737,mondrian_rfstd,cliffB_oracle,noncliff,257,220,0.8560311284046692,0.8078634758967922,0.8937121126901302,2.019961491607268,,,,,CHEMBL287_Ki
71339737,mondrian_rfstd,cliffA,all,265,223,0.8415094339622642,0.7927030201438479,0.8805562338193564,2.019379757766006,,,,,CHEMBL287_Ki
71339737,mondrian_rfstd,cliffA,cliff,15,9,0.6,0.357468301206246,0.8017550385865841,1.9256102198234577,,,,,CHEMBL287_Ki
71339737,mondrian_rfstd,cliffA,noncliff,250,214,0.856,0.8070876594372886,0.8941374313219549,2.025005930042559,,,,,CHEMBL287_Ki
71339737,mondrian_rfstd,__bins__,__summary__,-1,-1,,,,2.019379757766006,0.8043478260869565,0.06521739130434778,0.7924528301886793,0.13207547169811318,CHEMBL287_Ki
99182118,global,cliffB_oracle,all,265,234,0.8830188679245283,0.8387393520211164,0.9163525184459027,2.2258428011424165,,,,,CHEMBL287_Ki
99182118,global,cliffB_oracle,cliff,7,5,0.7142857142857143,0.35893445183261935,0.9177810759959433,2.2258428011424165,,,,,CHEMBL287_Ki
99182118,global,cliffB_oracle,noncliff,258,229,0.8875968992248062,0.8432318860205098,0.9205890951975851,2.225842801142417,,,,,CHEMBL287_Ki
99182118,global,cliffA,all,265,234,0.8830188679245283,0.8387393520211164,0.9163525184459027,2.2258428011424165,,,,,CHEMBL287_Ki
99182118,global,cliffA,cliff,16,12,0.75,0.5050168346449122,0.8981793250878696,2.2258428011424165,,,,,CHEMBL287_Ki
99182118,global,cliffA,noncliff,249,222,0.891566265060241,0.8468330808385217,0.9244011973906939,2.2258428011424165,,,,,CHEMBL287_Ki
99182118,global,__bins__,__summary__,-1,-1,,,,2.2258428011424165,0.8,0.15652173913043477,0.7735849056603774,0.18867924528301883,CHEMBL287_Ki
99182118,mondrian_pair,cliffB_oracle,all,265,228,0.8603773584905661,0.8134784556237091,0.8969774422048655,2.184308521382687,,,,,CHEMBL287_Ki
99182118,mondrian_pair,cliffB_oracle,cliff,7,4,0.5714285714285714,0.2504583645276572,0.8417801447485302,2.034261428956767,,,,,CHEMBL287_Ki
99182118,mondrian_pair,cliffB_oracle,noncliff,258,224,0.8682170542635659,0.8214897302585709,0.9041402018986193,2.188379566526026,,,,,CHEMBL287_Ki
99182118,mondrian_pair,cliffA,all,265,228,0.8603773584905661,0.8134784556237091,0.8969774422048655,2.184308521382687,,,,,CHEMBL287_Ki
99182118,mondrian_pair,cliffA,cliff,16,9,0.5625,0.331785563988119,0.7690134759450765,1.9888704706315743,,,,,CHEMBL287_Ki
99182118,mondrian_pair,cliffA,noncliff,249,219,0.8795180722891566,0.833215522442236,0.9142884703030036,2.196866789704044,,,,,CHEMBL287_Ki
99182118,mondrian_pair,__bins__,__summary__,-1,-1,,,,2.184308521382687,0.7625,0.17228260869565226,0.7547169811320755,0.2075471698113207,CHEMBL287_Ki
99182118,mondrian_wstd,cliffB_oracle,all,265,235,0.8867924528301887,0.8429898189128642,0.919541380327229,2.345590194454366,,,,,CHEMBL287_Ki
99182118,mondrian_wstd,cliffB_oracle,cliff,7,4,0.5714285714285714,0.2504583645276572,0.8417801447485302,2.382121210096979,,,,,CHEMBL287_Ki
99182118,mondrian_wstd,cliffB_oracle,noncliff,258,231,0.8953488372093024,0.8520214062328004,0.9270759946096565,2.3445990428671633,,,,,CHEMBL287_Ki
99182118,mondrian_wstd,cliffA,all,265,235,0.8867924528301887,0.8429898189128642,0.919541380327229,2.345590194454366,,,,,CHEMBL287_Ki
99182118,mondrian_wstd,cliffA,cliff,16,12,0.75,0.5050168346449122,0.8981793250878696,2.494157444445428,,,,,CHEMBL287_Ki
99182118,mondrian_wstd,cliffA,noncliff,249,223,0.8955823293172691,0.8514027787859522,0.9277415946045888,2.336043704495101,,,,,CHEMBL287_Ki
99182118,mondrian_wstd,__bins__,__summary__,-1,-1,,,,2.345590194454366,0.8478260869565217,0.08695652173913049,0.7735849056603774,0.18867924528301883,CHEMBL287_Ki
99182118,mondrian_std,cliffB_oracle,all,265,236,0.8905660377358491,0.8472530662916498,0.9227174617215175,2.3510365103738255,,,,,CHEMBL287_Ki
99182118,mondrian_std,cliffB_oracle,cliff,7,5,0.7142857142857143,0.35893445183261935,0.9177810759959433,2.432722041886071,,,,,CHEMBL287_Ki
99182118,mondrian_std,cliffB_oracle,noncliff,258,231,0.8953488372093024,0.8520214062328004,0.9270759946096565,2.3488202362630286,,,,,CHEMBL287_Ki
99182118,mondrian_std,cliffA,all,265,236,0.8905660377358491,0.8472530662916498,0.9227174617215175,2.3510365103738255,,,,,CHEMBL287_Ki
99182118,mondrian_std,cliffA,cliff,16,13,0.8125,0.5699111903802586,0.9340840092857187,2.5384331722608833,,,,,CHEMBL287_Ki
99182118,mondrian_std,cliffA,noncliff,249,223,0.8955823293172691,0.8514027787859522,0.9277415946045888,2.3389949578027696,,,,,CHEMBL287_Ki
99182118,mondrian_std,__bins__,__summary__,-1,-1,,,,2.3510365103738255,0.8625,0.07228260869565217,0.7735849056603774,0.18867924528301883,CHEMBL287_Ki
99182118,mondrian_iqr,cliffB_oracle,all,265,224,0.8452830188679246,0.7968401689503558,0.8838584137859226,2.2493365031684043,,,,,CHEMBL287_Ki
99182118,mondrian_iqr,cliffB_oracle,cliff,7,3,0.42857142857142855,0.15821985525146975,0.7495416354723428,1.9611823932322008,,,,,CHEMBL287_Ki
99182118,mondrian_iqr,cliffB_oracle,noncliff,258,221,0.8565891472868217,0.8085837406748495,0.8941315620457979,2.2571546379341156,,,,,CHEMBL287_Ki
99182118,mondrian_iqr,cliffA,all,265,224,0.8452830188679246,0.7968401689503558,0.8838584137859226,2.2493365031684043,,,,,CHEMBL287_Ki
99182118,mondrian_iqr,cliffA,cliff,16,10,0.625,0.38641040545502714,0.8151876744113636,1.848216038991263,,,,,CHEMBL287_Ki
99182118,mondrian_iqr,cliffA,noncliff,249,214,0.8594377510040161,0.8107885231697618,0.8971649937688517,2.275111312111514,,,,,CHEMBL287_Ki
99182118,mondrian_iqr,__bins__,__summary__,-1,-1,,,,2.2493365031684043,0.7608695652173914,0.21785383903792777,0.7735849056603774,0.1132075471698113,CHEMBL287_Ki
99182118,mondrian_nb,cliffB_oracle,all,265,230,0.8679245283018868,0.821855494787922,0.9034790605868008,2.2609540731177127,,,,,CHEMBL287_Ki
99182118,mondrian_nb,cliffB_oracle,cliff,7,4,0.5714285714285714,0.2504583645276572,0.8417801447485302,2.021635184535712,,,,,CHEMBL287_Ki
99182118,mondrian_nb,cliffB_oracle,noncliff,258,226,0.875968992248062,0.8301495548378546,0.9107567969436976,2.2674472212575343,,,,,CHEMBL287_Ki
99182118,mondrian_nb,cliffA,all,265,230,0.8679245283018868,0.821855494787922,0.9034790605868008,2.2609540731177127,,,,,CHEMBL287_Ki
99182118,mondrian_nb,cliffA,cliff,16,10,0.625,0.38641040545502714,0.8151876744113636,2.043081302817998,,,,,CHEMBL287_Ki
99182118,mondrian_nb,cliffA,noncliff,249,220,0.8835341365461847,0.8377401303165852,0.9176739575899799,2.2749539298437984,,,,,CHEMBL287_Ki
99182118,mondrian_nb,__bins__,__summary__,-1,-1,,,,2.2609540731177127,0.8,0.11489361702127654,0.7547169811320755,0.2075471698113207,CHEMBL287_Ki
99182118,mondrian_nnsim,cliffB_oracle,all,265,236,0.8905660377358491,0.8472530662916498,0.9227174617215175,2.308953350136256,,,,,CHEMBL287_Ki
99182118,mondrian_nnsim,cliffB_oracle,cliff,7,7,1.0,0.6456695649333126,1.0,2.726907136012745,,,,,CHEMBL287_Ki
99182118,mondrian_nnsim,cliffB_oracle,noncliff,258,229,0.8875968992248062,0.8432318860205098,0.9205890951975851,2.2976135187365063,,,,,CHEMBL287_Ki
99182118,mondrian_nnsim,cliffA,all,265,236,0.8905660377358491,0.8472530662916498,0.9227174617215175,2.308953350136256,,,,,CHEMBL287_Ki
99182118,mondrian_nnsim,cliffA,cliff,16,14,0.875,0.639771727342413,0.9650225122567595,2.5467033891607564,,,,,CHEMBL287_Ki
99182118,mondrian_nnsim,cliffA,noncliff,249,222,0.891566265060241,0.8468330808385217,0.9244011973906939,2.2936762391949226,,,,,CHEMBL287_Ki
99182118,mondrian_nnsim,__bins__,__summary__,-1,-1,,,,2.308953350136256,0.8,0.15652173913043477,0.7547169811320755,0.2264150943396226,CHEMBL287_Ki
99182118,mondrian_pairgap,cliffB_oracle,all,265,227,0.8566037735849057,0.8093048750137015,0.8937116940417991,2.15865970402178,,,,,CHEMBL287_Ki
99182118,mondrian_pairgap,cliffB_oracle,cliff,7,4,0.5714285714285714,0.2504583645276572,0.8417801447485302,2.079961642942126,,,,,CHEMBL287_Ki
99182118,mondrian_pairgap,cliffB_oracle,noncliff,258,223,0.8643410852713178,0.8171769631878505,0.9008147591571587,2.160794922733244,,,,,CHEMBL287_Ki
99182118,mondrian_pairgap,cliffA,all,265,227,0.8566037735849057,0.8093048750137015,0.8937116940417991,2.15865970402178,,,,,CHEMBL287_Ki
99182118,mondrian_pairgap,cliffA,cliff,16,9,0.5625,0.331785563988119,0.7690134759450765,2.0465401907207985,,,,,CHEMBL287_Ki
99182118,mondrian_pairgap,cliffA,noncliff,249,218,0.8755020080321285,0.8287046793966356,0.9108892181872789,2.165864170739916,,,,,CHEMBL287_Ki
99182118,mondrian_pairgap,__bins__,__summary__,-1,-1,,,,2.15865970402178,0.75,0.18478260869565222,0.7169811320754716,0.24528301886792458,CHEMBL287_Ki
99182118,mondrian_rfstd,cliffB_oracle,all,265,233,0.879245283018868,0.8345011480877604,0.9131513936061846,2.3163858921014664,,,,,CHEMBL287_Ki
99182118,mondrian_rfstd,cliffB_oracle,cliff,7,5,0.7142857142857143,0.35893445183261935,0.9177810759959433,2.296440888996583,,,,,CHEMBL287_Ki
99182118,mondrian_rfstd,cliffB_oracle,noncliff,258,228,0.8837209302325582,0.838858092888168,0.9173246785177461,2.31692703559656,,,,,CHEMBL287_Ki
99182118,mondrian_rfstd,cliffA,all,265,233,0.879245283018868,0.8345011480877604,0.9131513936061846,2.3163858921014664,,,,,CHEMBL287_Ki
99182118,mondrian_rfstd,cliffA,cliff,16,10,0.625,0.38641040545502714,0.8151876744113636,2.119413688304357,,,,,CHEMBL287_Ki
99182118,mondrian_rfstd,cliffA,noncliff,249,223,0.8955823293172691,0.8514027787859522,0.9277415946045888,2.329042740538229,,,,,CHEMBL287_Ki
99182118,mondrian_rfstd,__bins__,__summary__,-1,-1,,,,2.3163858921014664,0.8125,0.14494680851063835,0.8113207547169812,0.1132075471698113,CHEMBL287_Ki
89709943,global,cliffB_oracle,all,265,217,0.8188679245283019,0.7680499790547416,0.8605733022700183,1.9651475467735937,,,,,CHEMBL287_Ki
89709943,global,cliffB_oracle,cliff,8,6,0.75,0.40927543031016883,0.9285207872478909,1.9651475467735935,,,,,CHEMBL287_Ki
89709943,global,cliffB_oracle,noncliff,257,211,0.8210116731517509,0.7695237167219671,0.8630444369219794,1.9651475467735935,,,,,CHEMBL287_Ki
89709943,global,cliffA,all,265,217,0.8188679245283019,0.7680499790547416,0.8605733022700183,1.9651475467735937,,,,,CHEMBL287_Ki
89709943,global,cliffA,cliff,18,16,0.8888888888888888,0.672002348698212,0.9689804773543876,1.9651475467735935,,,,,CHEMBL287_Ki
89709943,global,cliffA,noncliff,247,201,0.8137651821862348,0.7605453090357426,0.8573748734122344,1.965147546773594,,,,,CHEMBL287_Ki
89709943,global,__bins__,__summary__,-1,-1,,,,1.9651475467735937,0.7285714285714285,0.16938775510204085,0.6226415094339622,0.30188679245283023,CHEMBL287_Ki
89709943,mondrian_pair,cliffB_oracle,all,265,216,0.8150943396226416,0.76396755711456,0.8572163954371258,1.9274462213910828,,,,,CHEMBL287_Ki
89709943,mondrian_pair,cliffB_oracle,cliff,8,5,0.625,0.30574239460262737,0.8631557141764026,1.9337955031762124,,,,,CHEMBL287_Ki
89709943,mondrian_pair,cliffB_oracle,noncliff,257,211,0.8210116731517509,0.7695237167219671,0.8630444369219794,1.927248578378316,,,,,CHEMBL287_Ki
89709943,mondrian_pair,cliffA,all,265,216,0.8150943396226416,0.76396755711456,0.8572163954371258,1.9274462213910828,,,,,CHEMBL287_Ki
89709943,mondrian_pair,cliffA,cliff,18,15,0.8333333333333334,0.6077796189608428,0.9416342319413856,1.9349566899761155,,,,,CHEMBL287_Ki
89709943,mondrian_pair,cliffA,noncliff,247,201,0.8137651821862348,0.7605453090357426,0.8573748734122344,1.9268988997937928,,,,,CHEMBL287_Ki
89709943,mondrian_pair,__bins__,__summary__,-1,-1,,,,1.9274462213910828,0.7285714285714285,0.16938775510204085,0.6226415094339622,0.28301886792452835,CHEMBL287_Ki
89709943,mondrian_wstd,cliffB_oracle,all,265,215,0.8113207547169812,0.7598922048536147,0.853852418924997,1.9204702460717242,,,,,CHEMBL287_Ki
89709943,mondrian_wstd,cliffB_oracle,cliff,8,4,0.5,0.21521606221387757,0.7847839377861224,1.8012197627927515,,,,,CHEMBL287_Ki
89709943,mondrian_wstd,cliffB_oracle,noncliff,257,211,0.8210116731517509,0.7695237167219671,0.8630444369219794,1.924182323372237,,,,,CHEMBL287_Ki
89709943,mondrian_wstd,cliffA,all,265,215,0.8113207547169812,0.7598922048536147,0.853852418924997,1.9204702460717242,,,,,CHEMBL287_Ki
89709943,mondrian_wstd,cliffA,cliff,18,14,0.7777777777777778,0.5478541568378739,0.9099907189139831,1.8510453314314077,,,,,CHEMBL287_Ki
89709943,mondrian_wstd,cliffA,noncliff,247,201,0.8137651821862348,0.7605453090357426,0.8573748734122344,1.9255295515920712,,,,,CHEMBL287_Ki
89709943,mondrian_wstd,__bins__,__summary__,-1,-1,,,,1.9204702460717242,0.7551020408163265,0.10204081632653061,0.6415094339622641,0.26415094339622647,CHEMBL287_Ki
89709943,mondrian_std,cliffB_oracle,all,265,215,0.8113207547169812,0.7598922048536147,0.853852418924997,1.940446663424008,,,,,CHEMBL287_Ki
89709943,mondrian_std,cliffB_oracle,cliff,8,4,0.5,0.21521606221387757,0.7847839377861224,1.8409291861150705,,,,,CHEMBL287_Ki
89709943,mondrian_std,cliffB_oracle,noncliff,257,211,0.8210116731517509,0.7695237167219671,0.8630444369219794,1.9435444837293447,,,,,CHEMBL287_Ki
89709943,mondrian_std,cliffA,all,265,215,0.8113207547169812,0.7598922048536147,0.853852418924997,1.940446663424008,,,,,CHEMBL287_Ki
89709943,mondrian_std,cliffA,cliff,18,14,0.7777777777777778,0.5478541568378739,0.9099907189139831,1.8881917980614884,,,,,CHEMBL287_Ki
89709943,mondrian_std,cliffA,noncliff,247,201,0.8137651821862348,0.7605453090357426,0.8573748734122344,1.9442547102925316,,,,,CHEMBL287_Ki
89709943,mondrian_std,__bins__,__summary__,-1,-1,,,,1.940446663424008,0.7551020408163265,0.10204081632653061,0.6415094339622641,0.26415094339622647,CHEMBL287_Ki
89709943,mondrian_iqr,cliffB_oracle,all,265,216,0.8150943396226416,0.76396755711456,0.8572163954371258,1.9701229665677369,,,,,CHEMBL287_Ki
89709943,mondrian_iqr,cliffB_oracle,cliff,8,4,0.5,0.21521606221387757,0.7847839377861224,1.8312292474356378,,,,,CHEMBL287_Ki
89709943,mondrian_iqr,cliffB_oracle,noncliff,257,212,0.8249027237354085,0.7737490538015986,0.8664865926137896,1.9744465064628993,,,,,CHEMBL287_Ki
89709943,mondrian_iqr,cliffA,all,265,216,0.8150943396226416,0.76396755711456,0.8572163954371258,1.9701229665677369,,,,,CHEMBL287_Ki
89709943,mondrian_iqr,cliffA,cliff,18,13,0.7222222222222222,0.4912734343970254,0.8750024662044601,1.874285352706403,,,,,CHEMBL287_Ki
89709943,mondrian_iqr,cliffA,noncliff,247,203,0.8218623481781376,0.7693267543649782,0.8645397553719787,1.9771070841770646,,,,,CHEMBL287_Ki
89709943,mondrian_iqr,__bins__,__summary__,-1,-1,,,,1.9701229665677369,0.7142857142857143,0.18367346938775508,0.6415094339622641,0.26415094339622647,CHEMBL287_Ki
89709943,mondrian_nb,cliffB_oracle,all,265,216,0.8150943396226416,0.76396755711456,0.8572163954371258,1.9595376976627235,,,,,CHEMBL287_Ki
89709943,mondrian_nb,cliffB_oracle,cliff,8,5,0.625,0.30574239460262737,0.8631557141764026,1.9012131007119475,,,,,CHEMBL287_Ki
89709943,mondrian_nb,cliffB_oracle,noncliff,257,211,0.8210116731517509,0.7695237167219671,0.8630444369219794,1.9613532493187786,,,,,CHEMBL287_Ki
89709943,mondrian_nb,cliffA,all,265,216,0.8150943396226416,0.76396755711456,0.8572163954371258,1.9595376976627235,,,,,CHEMBL287_Ki
89709943,mondrian_nb,cliffA,cliff,18,14,0.7777777777777778,0.5478541568378739,0.9099907189139831,1.8876205010568567,,,,,CHEMBL287_Ki
89709943,mondrian_nb,cliffA,noncliff,247,202,0.8178137651821862,0.7649317567699908,0.8609615893224759,1.9647786269700334,,,,,CHEMBL287_Ki
89709943,mondrian_nb,__bins__,__summary__,-1,-1,,,,1.9595376976627235,0.7428571428571429,0.1551020408163265,0.660377358490566,0.24528301886792458,CHEMBL287_Ki
89709943,mondrian_nnsim,cliffB_oracle,all,265,217,0.8188679245283019,0.7680499790547416,0.8605733022700183,1.953204888597426,,,,,CHEMBL287_Ki
89709943,mondrian_nnsim,cliffB_oracle,cliff,8,7,0.875,0.5291118177871464,0.9775825085499433,2.18374151305623,,,,,CHEMBL287_Ki
89709943,mondrian_nnsim,cliffB_oracle,noncliff,257,210,0.8171206225680934,0.7653062916020011,0.8595943692705036,1.946028651260187,,,,,CHEMBL287_Ki
89709943,mondrian_nnsim,cliffA,all,265,217,0.8188679245283019,0.7680499790547416,0.8605733022700183,1.953204888597426,,,,,CHEMBL287_Ki
89709943,mondrian_nnsim,cliffA,cliff,18,16,0.8888888888888888,0.672002348698212,0.9689804773543876,2.061003402857861,,,,,CHEMBL287_Ki
89709943,mondrian_nnsim,cliffA,noncliff,247,201,0.8137651821862348,0.7605453090357426,0.8573748734122344,1.9453491264246012,,,,,CHEMBL287_Ki
89709943,mondrian_nnsim,__bins__,__summary__,-1,-1,,,,1.953204888597426,0.7285714285714285,0.16938775510204085,0.660377358490566,0.26415094339622647,CHEMBL287_Ki
89709943,mondrian_pairgap,cliffB_oracle,all,265,213,0.8037735849056604,0.751762079520927,0.8471038867115366,1.9010871310136728,,,,,CHEMBL287_Ki
89709943,mondrian_pairgap,cliffB_oracle,cliff,8,5,0.625,0.30574239460262737,0.8631557141764026,1.777096118951289,,,,,CHEMBL287_Ki
89709943,mondrian_pairgap,cliffB_oracle,noncliff,257,208,0.8093385214007782,0.7568944204756687,0.8526712548539526,1.9049467734125014,,,,,CHEMBL287_Ki
89709943,mondrian_pairgap,cliffA,all,265,213,0.8037735849056604,0.751762079520927,0.8471038867115366,1.9010871310136728,,,,,CHEMBL287_Ki
89709943,mondrian_pairgap,cliffA,cliff,18,13,0.7222222222222222,0.4912734343970254,0.8750024662044601,1.7670747235983262,,,,,CHEMBL287_Ki
89709943,mondrian_pairgap,cliffA,noncliff,247,200,0.8097165991902834,0.7561672010169466,0.8537798177865402,1.9108532173840216,,,,,CHEMBL287_Ki
89709943,mondrian_pairgap,__bins__,__summary__,-1,-1,,,,1.9010871310136728,0.7285714285714285,0.189795918367347,0.6226415094339622,0.28301886792452835,CHEMBL287_Ki
89709943,mondrian_rfstd,cliffB_oracle,all,265,219,0.8264150943396227,0.776236711422862,0.867265227448046,1.904137466969996,,,,,CHEMBL287_Ki
89709943,mondrian_rfstd,cliffB_oracle,cliff,8,4,0.5,0.21521606221387757,0.7847839377861224,1.8733802580310073,,,,,CHEMBL287_Ki
89709943,mondrian_rfstd,cliffB_oracle,noncliff,257,215,0.8365758754863813,0.7864746164411869,0.8767635082885268,1.9050948898163462,,,,,CHEMBL287_Ki
89709943,mondrian_rfstd,cliffA,all,265,219,0.8264150943396227,0.776236711422862,0.867265227448046,1.904137466969996,,,,,CHEMBL287_Ki
89709943,mondrian_rfstd,cliffA,cliff,18,13,0.7222222222222222,0.4912734343970254,0.8750024662044601,1.860546607606877,,,,,CHEMBL287_Ki
89709943,mondrian_rfstd,cliffA,noncliff,247,206,0.8340080971659919,0.7825653311439986,0.8752206695264284,1.907314128785932,,,,,CHEMBL287_Ki
89709943,mondrian_rfstd,__bins__,__summary__,-1,-1,,,,1.904137466969996,0.7714285714285715,0.14693877551020407,0.7547169811320755,0.13207547169811318,CHEMBL287_Ki
86921808,global,cliffB_oracle,all,265,230,0.8679245283018868,0.821855494787922,0.9034790605868008,2.214436085765655,,,,,CHEMBL287_Ki
86921808,global,cliffB_oracle,cliff,10,4,0.4,0.16818032970623614,0.6873262302663417,2.214436085765655,,,,,CHEMBL287_Ki
86921808,global,cliffB_oracle,noncliff,255,226,0.8862745098039215,0.8414430353547098,0.9196406059504751,2.214436085765655,,,,,CHEMBL287_Ki
86921808,global,cliffA,all,265,230,0.8679245283018868,0.821855494787922,0.9034790605868008,2.214436085765655,,,,,CHEMBL287_Ki
86921808,global,cliffA,cliff,16,10,0.625,0.38641040545502714,0.8151876744113636,2.214436085765655,,,,,CHEMBL287_Ki
86921808,global,cliffA,noncliff,249,220,0.8835341365461847,0.8377401303165852,0.9176739575899799,2.214436085765655,,,,,CHEMBL287_Ki
86921808,global,__bins__,__summary__,-1,-1,,,,2.214436085765655,0.810126582278481,0.12604363048747647,0.7735849056603774,0.2075471698113207,CHEMBL287_Ki
86921808,mondrian_pair,cliffB_oracle,all,265,228,0.8603773584905661,0.8134784556237091,0.8969774422048655,2.161783815361956,,,,,CHEMBL287_Ki
86921808,mondrian_pair,cliffB_oracle,cliff,10,4,0.4,0.16818032970623614,0.6873262302663417,2.0399746582715697,,,,,CHEMBL287_Ki
86921808,mondrian_pair,cliffB_oracle,noncliff,255,224,0.8784313725490196,0.8326105363023629,0.913019630052463,2.1665606450517743,,,,,CHEMBL287_Ki
86921808,mondrian_pair,cliffA,all,265,228,0.8603773584905661,0.8134784556237091,0.8969774422048655,2.161783815361956,,,,,CHEMBL287_Ki
86921808,mondrian_pair,cliffA,cliff,16,10,0.625,0.38641040545502714,0.8151876744113636,2.051613874604125,,,,,CHEMBL287_Ki
86921808,mondrian_pair,cliffA,noncliff,249,218,0.8755020080321285,0.8287046793966356,0.9108892181872789,2.1688630083423788,,,,,CHEMBL287_Ki
86921808,mondrian_pair,__bins__,__summary__,-1,-1,,,,2.161783815361956,0.7848101265822784,0.15136008618367902,0.7547169811320755,0.2075471698113207,CHEMBL287_Ki
86921808,mondrian_wstd,cliffB_oracle,all,265,227,0.8566037735849057,0.8093048750137015,0.8937116940417991,2.204831913376125,,,,,CHEMBL287_Ki
86921808,mondrian_wstd,cliffB_oracle,cliff,10,5,0.5,0.236593090512564,0.7634069094874361,2.28248825723889,,,,,CHEMBL287_Ki
86921808,mondrian_wstd,cliffB_oracle,noncliff,255,222,0.8705882352941177,0.8238294389546462,0.9063472524498207,2.2017865665579768,,,,,CHEMBL287_Ki
86921808,mondrian_wstd,cliffA,all,265,227,0.8566037735849057,0.8093048750137015,0.8937116940417991,2.204831913376125,,,,,CHEMBL287_Ki
86921808,mondrian_wstd,cliffA,cliff,16,10,0.625,0.38641040545502714,0.8151876744113636,2.2354511148239764,,,,,CHEMBL287_Ki
86921808,mondrian_wstd,cliffA,noncliff,249,217,0.8714859437751004,0.8242070499242995,0.9074767524982896,2.2028644144879093,,,,,CHEMBL287_Ki
86921808,mondrian_wstd,__bins__,__summary__,-1,-1,,,,2.204831913376125,0.717391304347826,0.18134287286736384,0.7735849056603774,0.18867924528301883,CHEMBL287_Ki
86921808,mondrian_std,cliffB_oracle,all,265,232,0.8754716981132076,0.8302747281848076,0.9099384847360633,2.213700058852056,,,,,CHEMBL287_Ki
86921808,mondrian_std,cliffB_oracle,cliff,10,5,0.5,0.236593090512564,0.7634069094874361,2.3834576601712327,,,,,CHEMBL287_Ki
86921808,mondrian_std,cliffB_oracle,noncliff,255,227,0.8901960784313725,0.8458799355943177,0.9229304431860467,2.2070428980160095,,,,,CHEMBL287_Ki
86921808,mondrian_std,cliffA,all,265,232,0.8754716981132076,0.8302747281848076,0.9099384847360633,2.213700058852056,,,,,CHEMBL287_Ki
86921808,mondrian_std,cliffA,cliff,16,11,0.6875,0.44404355834740666,0.8583535614521796,2.2741914078682486,,,,,CHEMBL287_Ki
86921808,mondrian_std,cliffA,noncliff,249,221,0.8875502008032129,0.8422791002196575,0.921045082848233,2.2098130645377627,,,,,CHEMBL287_Ki
86921808,mondrian_std,__bins__,__summary__,-1,-1,,,,2.213700058852056,0.8260869565217391,0.07264722069345075,0.7924528301886793,0.16981132075471694,CHEMBL287_Ki
86921808,mondrian_iqr,cliffB_oracle,all,265,231,0.8716981132075472,0.826059648073031,0.9067142360747659,2.194893090731946,,,,,CHEMBL287_Ki
86921808,mondrian_iqr,cliffB_oracle,cliff,10,4,0.4,0.16818032970623614,0.6873262302663417,2.1887193607930078,,,,,CHEMBL287_Ki
86921808,mondrian_iqr,cliffB_oracle,noncliff,255,227,0.8901960784313725,0.8458799355943177,0.9229304431860467,2.195135197788374,,,,,CHEMBL287_Ki
86921808,mondrian_iqr,cliffA,all,265,231,0.8716981132075472,0.826059648073031,0.9067142360747659,2.194893090731946,,,,,CHEMBL287_Ki
86921808,mondrian_iqr,cliffA,cliff,16,9,0.5625,0.331785563988119,0.7690134759450765,2.099218372706632,,,,,CHEMBL287_Ki
86921808,mondrian_iqr,cliffA,noncliff,249,222,0.891566265060241,0.8468330808385217,0.9244011973906939,2.201040863777749,,,,,CHEMBL287_Ki
86921808,mondrian_iqr,__bins__,__summary__,-1,-1,,,,2.194893090731946,0.8354430379746836,0.07945057904659303,0.7924528301886793,0.16981132075471694,CHEMBL287_Ki
86921808,mondrian_nb,cliffB_oracle,all,265,233,0.879245283018868,0.8345011480877604,0.9131513936061846,2.1580779594830184,,,,,CHEMBL287_Ki
86921808,mondrian_nb,cliffB_oracle,cliff,10,4,0.4,0.16818032970623614,0.6873262302663417,1.9058188020330369,,,,,CHEMBL287_Ki
86921808,mondrian_nb,cliffB_oracle,noncliff,255,229,0.8980392156862745,0.8547982097887388,0.929465643941985,2.167970475461449,,,,,CHEMBL287_Ki
86921808,mondrian_nb,cliffA,all,265,233,0.879245283018868,0.8345011480877604,0.9131513936061846,2.1580779594830184,,,,,CHEMBL287_Ki
86921808,mondrian_nb,cliffA,cliff,16,10,0.625,0.38641040545502714,0.8151876744113636,1.876948719535691,,,,,CHEMBL287_Ki
86921808,mondrian_nb,cliffA,noncliff,249,223,0.8955823293172691,0.8514027787859522,0.9277415946045888,2.1761424889575456,,,,,CHEMBL287_Ki
86921808,mondrian_nb,__bins__,__summary__,-1,-1,,,,2.1580779594830184,0.8297872340425532,0.1063829787234043,0.7924528301886793,0.16981132075471694,CHEMBL287_Ki
86921808,mondrian_nnsim,cliffB_oracle,all,265,236,0.8905660377358491,0.8472530662916498,0.9227174617215175,2.276495765243181,,,,,CHEMBL287_Ki
86921808,mondrian_nnsim,cliffB_oracle,cliff,10,7,0.7,0.39677814746114537,0.8922087325936989,2.6081201466297816,,,,,CHEMBL287_Ki
86921808,mondrian_nnsim,cliffB_oracle,noncliff,255,229,0.8980392156862745,0.8547982097887388,0.929465643941985,2.2634908875417454,,,,,CHEMBL287_Ki
86921808,mondrian_nnsim,cliffA,all,265,236,0.8905660377358491,0.8472530662916498,0.9227174617215175,2.276495765243181,,,,,CHEMBL287_Ki
86921808,mondrian_nnsim,cliffA,cliff,16,13,0.8125,0.5699111903802586,0.9340840092857187,2.4785327111100184,,,,,CHEMBL287_Ki
86921808,mondrian_nnsim,cliffA,noncliff,249,223,0.8955823293172691,0.8514027787859522,0.9277415946045888,2.2635134715328618,,,,,CHEMBL287_Ki
86921808,mondrian_nnsim,__bins__,__summary__,-1,-1,,,,2.276495765243181,0.8481012658227848,0.10934554268785357,0.7924528301886793,0.18867924528301883,CHEMBL287_Ki
86921808,mondrian_pairgap,cliffB_oracle,all,265,226,0.8528301886792453,0.8051408273878761,0.8904364128945504,2.1527448439507353,,,,,CHEMBL287_Ki
86921808,mondrian_pairgap,cliffB_oracle,cliff,10,4,0.4,0.16818032970623614,0.6873262302663417,2.0014002341426176,,,,,CHEMBL287_Ki
86921808,mondrian_pairgap,cliffB_oracle,noncliff,255,222,0.8705882352941177,0.8238294389546462,0.9063472524498207,2.1586799266883085,,,,,CHEMBL287_Ki
86921808,mondrian_pairgap,cliffA,all,265,226,0.8528301886792453,0.8051408273878761,0.8904364128945504,2.1527448439507353,,,,,CHEMBL287_Ki
86921808,mondrian_pairgap,cliffA,cliff,16,9,0.5625,0.331785563988119,0.7690134759450765,1.9346590034041953,,,,,CHEMBL287_Ki
86921808,mondrian_pairgap,cliffA,noncliff,249,217,0.8714859437751004,0.8242070499242995,0.9074767524982896,2.1667583919376616,,,,,CHEMBL287_Ki
86921808,mondrian_pairgap,__bins__,__summary__,-1,-1,,,,2.1527448439507353,0.7974683544303798,0.1174252625908968,0.7547169811320755,0.2264150943396226,CHEMBL287_Ki
86921808,mondrian_rfstd,cliffB_oracle,all,265,228,0.8603773584905661,0.8134784556237091,0.8969774422048655,2.084881245487781,,,,,CHEMBL287_Ki
86921808,mondrian_rfstd,cliffB_oracle,cliff,10,4,0.4,0.16818032970623614,0.6873262302663417,2.1784597012750604,,,,,CHEMBL287_Ki
86921808,mondrian_rfstd,cliffB_oracle,noncliff,255,224,0.8784313725490196,0.8326105363023629,0.913019630052463,2.0812115021235744,,,,,CHEMBL287_Ki
86921808,mondrian_rfstd,cliffA,all,265,228,0.8603773584905661,0.8134784556237091,0.8969774422048655,2.084881245487781,,,,,CHEMBL287_Ki
86921808,mondrian_rfstd,cliffA,cliff,16,9,0.5625,0.331785563988119,0.7690134759450765,2.059070726151873,,,,,CHEMBL287_Ki
86921808,mondrian_rfstd,cliffA,noncliff,249,219,0.8795180722891566,0.833215522442236,0.9142884703030036,2.0865397527543457,,,,,CHEMBL287_Ki
86921808,mondrian_rfstd,__bins__,__summary__,-1,-1,,,,2.084881245487781,0.8227848101265823,0.07083221115001337,0.8113207547169812,0.09433962264150941,CHEMBL287_Ki
