seed,method,group_def,side,n,k,coverage,ci_lo,ci_hi,mean_width,worst_d_wstd_cov,worst_d_wstd_spread,worst_rf_std_cov,worst_rf_std_spread,dataset
71339737,global,cliffB_oracle,all,629,568,0.9030206677265501,0.8773885646126776,0.9237599583440819,2.4430956837659963,,,,,CHEMBL233_Ki
71339737,global,cliffB_oracle,cliff,67,57,0.8507462686567164,0.7465960395409149,0.9168572656622017,2.443095683765996,,,,,CHEMBL233_Ki
71339737,global,cliffB_oracle,noncliff,562,511,0.9092526690391459,0.8826438493350895,0.9303047121908105,2.4430956837659963,,,,,CHEMBL233_Ki
71339737,global,cliffA,all,629,568,0.9030206677265501,0.8773885646126776,0.9237599583440819,2.4430956837659963,,,,,CHEMBL233_Ki
71339737,global,cliffA,cliff,104,93,0.8942307692307693,0.8204688159769196,0.9399066546140318,2.4430956837659963,,,,,CHEMBL233_Ki
71339737,global,cliffA,noncliff,525,475,0.9047619047619048,0.8766312747862821,0.9270122234896312,2.4430956837659963,,,,,CHEMBL233_Ki
71339737,global,__bins__,__summary__,-1,-1,,,,2.4430956837659963,0.8823529411764706,0.07598039215686281,0.8253968253968254,0.1428571428571429,CHEMBL233_Ki
71339737,mondrian_pair,cliffB_oracle,all,629,572,0.9093799682034976,0.8843914811543093,0.9293984386143911,2.494395178877615,,,,,CHEMBL233_Ki
71339737,mondrian_pair,cliffB_oracle,cliff,67,56,0.835820895522388,0.7294473706077896,0.9057738790547688,2.259293886965949,,,,,CHEMBL233_Ki
71339737,mondrian_pair,cliffB_oracle,noncliff,562,516,0.9181494661921709,0.8925454885172741,0.9380758678244063,2.522423268838614,,,,,CHEMBL233_Ki
71339737,mondrian_pair,cliffA,all,629,572,0.9093799682034976,0.8843914811543093,0.9293984386143911,2.494395178877615,,,,,CHEMBL233_Ki
71339737,mondrian_pair,cliffA,cliff,104,90,0.8653846153846154,0.786649411801308,0.9180888292342079,2.235457338821725,,,,,CHEMBL233_Ki
71339737,mondrian_pair,cliffA,noncliff,525,482,0.9180952380952381,0.8914903838218231,0.9386260767502379,2.545689531955353,,,,,CHEMBL233_Ki
71339737,mondrian_pair,__bins__,__summary__,-1,-1,,,,2.494395178877615,0.8571428571428571,0.10119047619047628,0.8571428571428571,0.10317460317460325,CHEMBL233_Ki
71339737,mondrian_wstd,cliffB_oracle,all,629,568,0.9030206677265501,0.8773885646126776,0.9237599583440819,2.4513768894741648,,,,,CHEMBL233_Ki
71339737,mondrian_wstd,cliffB_oracle,cliff,67,58,0.8656716417910447,0.7639962773866296,0.927689083357045,2.587150868287575,,,,,CHEMBL233_Ki
71339737,mondrian_wstd,cliffB_oracle,noncliff,562,510,0.9074733096085409,0.8806718501360876,0.9287421524266563,2.4351903119287934,,,,,CHEMBL233_Ki
71339737,mondrian_wstd,cliffA,all,629,568,0.9030206677265501,0.8773885646126776,0.9237599583440819,2.4513768894741648,,,,,CHEMBL233_Ki
71339737,mondrian_wstd,cliffA,cliff,104,94,0.9038461538461539,0.8319911824573768,0.9469300313187198,2.5181384776493183,,,,,CHEMBL233_Ki
71339737,mondrian_wstd,cliffA,noncliff,525,474,0.9028571428571428,0.8745211190529412,0.9253405274663795,2.4381517367689916,,,,,CHEMBL233_Ki
71339737,mondrian_wstd,__bins__,__summary__,-1,-1,,,,2.4513768894741648,0.859504132231405,0.08644181371454096,0.8492063492063492,0.10317460317460314,CHEMBL233_Ki
71339737,mondrian_std,cliffB_oracle,all,629,568,0.9030206677265501,0.8773885646126776,0.9237599583440819,2.446073556515912,,,,,CHEMBL233_Ki
71339737,mondrian_std,cliffB_oracle,cliff,67,58,0.8656716417910447,0.7639962773866296,0.927689083357045,2.593217116543133,,,,,CHEMBL233_Ki
71339737,mondrian_std,cliffB_oracle,noncliff,562,510,0.9074733096085409,0.8806718501360876,0.9287421524266563,2.4285315306763686,,,,,CHEMBL233_Ki
71339737,mondrian_std,cliffA,all,629,568,0.9030206677265501,0.8773885646126776,0.9237599583440819,2.446073556515912,,,,,CHEMBL233_Ki
71339737,mondrian_std,cliffA,cliff,104,94,0.9038461538461539,0.8319911824573768,0.9469300313187198,2.5256240897269944,,,,,CHEMBL233_Ki
71339737,mondrian_std,cliffA,noncliff,525,474,0.9028571428571428,0.8745211190529412,0.9253405274663795,2.43031497469886,,,,,CHEMBL233_Ki
71339737,mondrian_std,__bins__,__summary__,-1,-1,,,,2.446073556515912,0.859504132231405,0.08644181371454096,0.8492063492063492,0.10317460317460314,CHEMBL233_Ki
71339737,mondrian_iqr,cliffB_oracle,all,629,575,0.9141494435612083,0.8896648481212429,0.9336061192564132,2.4234411052605034,,,,,CHEMBL233_Ki
71339737,mondrian_iqr,cliffB_oracle,cliff,67,61,0.9104477611940298,0.8180724780033378,0.9583090493620113,2.545140103770093,,,,,CHEMBL233_Ki
71339737,mondrian_iqr,cliffB_oracle,noncliff,562,514,0.9145907473309609,0.8885762012623722,0.9349760371529962,2.408932505794058,,,,,CHEMBL233_Ki
71339737,mondrian_iqr,cliffA,all,629,575,0.9141494435612083,0.8896648481212429,0.9336061192564132,2.4234411052605034,,,,,CHEMBL233_Ki
71339737,mondrian_iqr,cliffA,cliff,104,96,0.9230769230769231,0.8555044538374418,0.960508246308945,2.5062871803433002,,,,,CHEMBL233_Ki
71339737,mondrian_iqr,cliffA,noncliff,525,479,0.9123809523809524,0.8851024449953737,0.9336684603069099,2.407029692291722,,,,,CHEMBL233_Ki
71339737,mondrian_iqr,__bins__,__summary__,-1,-1,,,,2.4234411052605034,0.8823529411764706,0.05979581915410792,0.8492063492063492,0.11904761904761907,CHEMBL233_Ki
71339737,mondrian_nb,cliffB_oracle,all,629,566,0.8998410174880763,0.8738984165925628,0.9209294079582261,2.509210302291025,,,,,CHEMBL233_Ki
71339737,mondrian_nb,cliffB_oracle,cliff,67,54,0.8059701492537313,0.695808877745558,0.8829482608358841,2.210884835001267,,,,,CHEMBL233_Ki
71339737,mondrian_nb,cliffB_oracle,noncliff,562,512,0.9110320284697508,0.8846185262267064,0.9318645942623495,2.5447757939430065,,,,,CHEMBL233_Ki
71339737,mondrian_nb,cliffA,all,629,566,0.8998410174880763,0.8738984165925628,0.9209294079582261,2.509210302291025,,,,,CHEMBL233_Ki
71339737,mondrian_nb,cliffA,cliff,104,87,0.8365384615384616,0.7537363724335733,0.8953646390465073,2.209624984613392,,,,,CHEMBL233_Ki
71339737,mondrian_nb,cliffA,noncliff,525,479,0.9123809523809524,0.8851024449953737,0.9336684603069099,2.568556727126213,,,,,CHEMBL233_Ki
71339737,mondrian_nb,__bins__,__summary__,-1,-1,,,,2.509210302291025,0.8487394957983193,0.10993819015209394,0.8650793650793651,0.0793650793650793,CHEMBL233_Ki
71339737,mondrian_nnsim,cliffB_oracle,all,629,575,0.9141494435612083,0.8896648481212429,0.9336061192564132,2.5071047564635687,,,,,CHEMBL233_Ki
71339737,mondrian_nnsim,cliffB_oracle,cliff,67,53,0.7910447761194029,0.6792819349311752,0.8712431481097087,2.2078017170617485,,,,,CHEMBL233_Ki
71339737,mondrian_nnsim,cliffB_oracle,noncliff,562,522,0.9288256227758007,0.9045301990836716,0.9472985110369452,2.5427867914100486,,,,,CHEMBL233_Ki
71339737,mondrian_nnsim,cliffA,all,629,575,0.9141494435612083,0.8896648481212429,0.9336061192564132,2.5071047564635687,,,,,CHEMBL233_Ki
71339737,mondrian_nnsim,cliffA,cliff,104,87,0.8365384615384616,0.7537363724335733,0.8953646390465073,2.213085925020312,,,,,CHEMBL233_Ki
71339737,mondrian_nnsim,cliffA,noncliff,525,488,0.9295238095238095,0.9043677141583392,0.9484398569532771,2.565348486882804,,,,,CHEMBL233_Ki
71339737,mondrian_nnsim,__bins__,__summary__,-1,-1,,,,2.5071047564635687,0.8783783783783784,0.07162162162162156,0.8888888888888888,0.07142857142857151,CHEMBL233_Ki
71339737,mondrian_pairgap,cliffB_oracle,all,629,571,0.9077901430842608,0.8826378190062323,0.9279917515594829,2.4611821949821393,,,,,CHEMBL233_Ki
71339737,mondrian_pairgap,cliffB_oracle,cliff,67,58,0.8656716417910447,0.7639962773866296,0.927689083357045,2.2296372044806083,,,,,CHEMBL233_Ki
71339737,mondrian_pairgap,cliffB_oracle,noncliff,562,513,0.9128113879003559,0.88659595196991,0.933421727482302,2.4887863130668415,,,,,CHEMBL233_Ki
71339737,mondrian_pairgap,cliffA,all,629,571,0.9077901430842608,0.8826378190062323,0.9279917515594829,2.4611821949821393,,,,,CHEMBL233_Ki
71339737,mondrian_pairgap,cliffA,cliff,104,93,0.8942307692307693,0.8204688159769196,0.9399066546140318,2.203003587993478,,,,,CHEMBL233_Ki
71339737,mondrian_pairgap,cliffA,noncliff,525,478,0.9104761904761904,0.8829799018761709,0.93200915166952,2.5123261476046546,,,,,CHEMBL233_Ki
71339737,mondrian_pairgap,__bins__,__summary__,-1,-1,,,,2.4611821949821393,0.8739495798319328,0.06771708683473388,0.8333333333333334,0.12698412698412698,CHEMBL233_Ki
71339737,mondrian_rfstd,cliffB_oracle,all,629,563,0.8950715421303657,0.8686764555053191,0.9166703214365141,2.2838805957665707,,,,,CHEMBL233_Ki
71339737,mondrian_rfstd,cliffB_oracle,cliff,67,51,0.7611940298507462,0.646742362444697,0.8473186095150708,2.2102392624612657,,,,,CHEMBL233_Ki
71339737,mondrian_rfstd,cliffB_oracle,noncliff,562,512,0.9110320284697508,0.8846185262267064,0.9318645942623495,2.292659900626812,,,,,CHEMBL233_Ki
71339737,mondrian_rfstd,cliffA,all,629,563,0.8950715421303657,0.8686764555053191,0.9166703214365141,2.2838805957665707,,,,,CHEMBL233_Ki
71339737,mondrian_rfstd,cliffA,cliff,104,85,0.8173076923076923,0.7322037581041858,0.8798057670056043,2.14583684597337,,,,,CHEMBL233_Ki
71339737,mondrian_rfstd,cliffA,noncliff,525,478,0.9104761904761904,0.8829799018761709,0.93200915166952,2.311226405249414,,,,,CHEMBL233_Ki
71339737,mondrian_rfstd,__bins__,__summary__,-1,-1,,,,2.2838805957665707,0.8739495798319328,0.05938375350140057,0.8650793650793651,0.06349206349206349,CHEMBL233_Ki
99182118,global,cliffB_oracle,all,629,570,0.9062003179650239,0.8808861414752466,0.9265830798874833,2.5488024071266095,,,,,CHEMBL233_Ki
99182118,global,cliffB_oracle,cliff,72,60,0.8333333333333334,0.7308929306946451,0.9020062875743832,2.54880240712661,,,,,CHEMBL233_Ki
99182118,global,cliffB_oracle,noncliff,557,510,0.9156193895870736,0.8895929632376467,0.9359522826034334,2.54880240712661,,,,,CHEMBL233_Ki
99182118,global,cliffA,all,629,570,0.9062003179650239,0.8808861414752466,0.9265830798874833,2.5488024071266095,,,,,CHEMBL233_Ki
99182118,global,cliffA,cliff,129,113,0.875968992248062,0.8080002352347273,0.9221934923945967,2.5488024071266095,,,,,CHEMBL233_Ki
99182118,global,cliffA,noncliff,500,457,0.914,0.8861601885014425,0.9355268575963924,2.5488024071266095,,,,,CHEMBL233_Ki
99182118,global,__bins__,__summary__,-1,-1,,,,2.5488024071266095,0.8378378378378378,0.11216216216216213,0.7936507936507936,0.17460317460317465,CHEMBL233_Ki
99182118,mondrian_pair,cliffB_oracle,all,629,574,0.9125596184419714,0.8879049463630002,0.9322056718116707,2.641770253170512,,,,,CHEMBL233_Ki
99182118,mondrian_pair,cliffB_oracle,cliff,72,57,0.7916666666666666,0.6843073658064066,0.869479450178993,2.4340746581995734,,,,,CHEMBL233_Ki
99182118,mondrian_pair,cliffB_oracle,noncliff,557,517,0.9281867145421903,0.903686303592059,0.9468214334839566,2.6686177986604713,,,,,CHEMBL233_Ki
99182118,mondrian_pair,cliffA,all,629,574,0.9125596184419714,0.8879049463630002,0.9322056718116707,2.641770253170512,,,,,CHEMBL233_Ki
99182118,mondrian_pair,cliffA,cliff,129,110,0.8527131782945736,0.7813915846337536,0.9036355206679834,2.4385659456972024,,,,,CHEMBL233_Ki
99182118,mondrian_pair,cliffA,noncliff,500,464,0.928,0.9019315959830375,0.9475419685818739,2.6941969644986257,,,,,CHEMBL233_Ki
99182118,mondrian_pair,__bins__,__summary__,-1,-1,,,,2.641770253170512,0.8445945945945946,0.1058186285459013,0.8174603174603174,0.15873015873015872,CHEMBL233_Ki
99182118,mondrian_wstd,cliffB_oracle,all,629,578,0.918918918918919,0.8949578701214588,0.9377941448651533,2.522805489564574,,,,,CHEMBL233_Ki
99182118,mondrian_wstd,cliffB_oracle,cliff,72,60,0.8333333333333334,0.7308929306946451,0.9020062875743832,2.5428746971708716,,,,,CHEMBL233_Ki
99182118,mondrian_wstd,cliffB_oracle,noncliff,557,518,0.9299820466786356,0.9057136956836568,0.9483601115687784,2.520211265242037,,,,,CHEMBL233_Ki
99182118,mondrian_wstd,cliffA,all,629,578,0.918918918918919,0.8949578701214588,0.9377941448651533,2.522805489564574,,,,,CHEMBL233_Ki
99182118,mondrian_wstd,cliffA,cliff,129,113,0.875968992248062,0.8080002352347273,0.9221934923945967,2.554633234214581,,,,,CHEMBL233_Ki
99182118,mondrian_wstd,cliffA,noncliff,500,465,0.93,0.9042028101480832,0.949240257054982,2.5145939314448724,,,,,CHEMBL233_Ki
99182118,mondrian_wstd,__bins__,__summary__,-1,-1,,,,2.522805489564574,0.9,0.04166666666666663,0.8253968253968254,0.1428571428571429,CHEMBL233_Ki
99182118,mondrian_std,cliffB_oracle,all,629,573,0.9109697933227345,0.8861471741806662,0.9308030947910194,2.514437575540736,,,,,CHEMBL233_Ki
99182118,mondrian_std,cliffB_oracle,cliff,72,59,0.8194444444444444,0.7151965826080176,0.891331834899801,2.532133971167807,,,,,CHEMBL233_Ki
99182118,mondrian_std,cliffB_oracle,noncliff,557,514,0.9228007181328546,0.8976261024724244,0.9421834240743334,2.512150070181402,,,,,CHEMBL233_Ki
99182118,mondrian_std,cliffA,all,629,573,0.9109697933227345,0.8861471741806662,0.9308030947910194,2.514437575540736,,,,,CHEMBL233_Ki
99182118,mondrian_std,cliffA,cliff,129,112,0.8682170542635659,0.7990710311857545,0.9160671556677071,2.5492054532965276,,,,,CHEMBL233_Ki
99182118,mondrian_std,cliffA,noncliff,500,461,0.922,0.8951464501266115,0.9424186065238385,2.505467463079742,,,,,CHEMBL233_Ki
99182118,mondrian_std,__bins__,__summary__,-1,-1,,,,2.514437575540736,0.8916666666666667,0.04221763085399444,0.8253968253968254,0.1428571428571429,CHEMBL233_Ki
99182118,mondrian_iqr,cliffB_oracle,all,629,573,0.9109697933227345,0.8861471741806662,0.9308030947910194,2.4953617619123336,,,,,CHEMBL233_Ki
99182118,mondrian_iqr,cliffB_oracle,cliff,72,57,0.7916666666666666,0.6843073658064066,0.869479450178993,2.4967822262768573,,,,,CHEMBL233_Ki
99182118,mondrian_iqr,cliffB_oracle,noncliff,557,516,0.926391382405745,0.9016626545644172,0.9452790123351792,2.4951781471291277,,,,,CHEMBL233_Ki
99182118,mondrian_iqr,cliffA,all,629,573,0.9109697933227345,0.8861471741806662,0.9308030947910194,2.4953617619123336,,,,,CHEMBL233_Ki
99182118,mondrian_iqr,cliffA,cliff,129,109,0.8449612403100775,0.7726338105870777,0.8973377539387969,2.4557286393377153,,,,,CHEMBL233_Ki
99182118,mondrian_iqr,cliffA,noncliff,500,464,0.928,0.9019315959830375,0.9475419685818739,2.5055871075365848,,,,,CHEMBL233_Ki
99182118,mondrian_iqr,__bins__,__summary__,-1,-1,,,,2.4953617619123336,0.8716216216216216,0.07052713870895688,0.8412698412698413,0.12698412698412698,CHEMBL233_Ki
99182118,mondrian_nb,cliffB_oracle,all,629,571,0.9077901430842608,0.8826378190062323,0.9279917515594829,2.5249470416972737,,,,,CHEMBL233_Ki
99182118,mondrian_nb,cliffB_oracle,cliff,72,55,0.7638888888888888,0.6540123102714637,0.8470329041915168,2.3453227469915725,,,,,CHEMBL233_Ki
99182118,mondrian_nb,cliffB_oracle,noncliff,557,516,0.926391382405745,0.9016626545644172,0.9452790123351792,2.5481659810488186,,,,,CHEMBL233_Ki
99182118,mondrian_nb,cliffA,all,629,571,0.9077901430842608,0.8826378190062323,0.9279917515594829,2.5249470416972737,,,,,CHEMBL233_Ki
99182118,mondrian_nb,cliffA,cliff,129,107,0.8294573643410853,0.7552665710541416,0.8845939119200085,2.3218967762705094,,,,,CHEMBL233_Ki
99182118,mondrian_nb,cliffA,noncliff,500,464,0.928,0.9019315959830375,0.9475419685818739,2.577334010177379,,,,,CHEMBL233_Ki
99182118,mondrian_nb,__bins__,__summary__,-1,-1,,,,2.5249470416972737,0.8648648648648649,0.09381282108554834,0.8333333333333334,0.12698412698412698,CHEMBL233_Ki
99182118,mondrian_nnsim,cliffB_oracle,all,629,558,0.8871224165341812,0.8600062769680544,0.9095387539588525,2.4716400516440915,,,,,CHEMBL233_Ki
99182118,mondrian_nnsim,cliffB_oracle,cliff,72,58,0.8055555555555556,0.6996724105411147,0.8804852062054944,2.512386895840142,,,,,CHEMBL233_Ki
99182118,mondrian_nnsim,cliffB_oracle,noncliff,557,500,0.8976660682226212,0.8697109083564362,0.9201736357204505,2.4663729550873312,,,,,CHEMBL233_Ki
99182118,mondrian_nnsim,cliffA,all,629,558,0.8871224165341812,0.8600062769680544,0.9095387539588525,2.4716400516440915,,,,,CHEMBL233_Ki
99182118,mondrian_nnsim,cliffA,cliff,129,105,0.813953488372093,0.7380801476526884,0.8716692537697368,2.4148191493694156,,,,,CHEMBL233_Ki
99182118,mondrian_nnsim,cliffA,noncliff,500,453,0.906,0.8772354441374409,0.9285735914077787,2.486299844430958,,,,,CHEMBL233_Ki
99182118,mondrian_nnsim,__bins__,__summary__,-1,-1,,,,2.4716400516440915,0.8175675675675675,0.12458119276301094,0.8095238095238095,0.1507936507936508,CHEMBL233_Ki
99182118,mondrian_pairgap,cliffB_oracle,all,629,573,0.9109697933227345,0.8861471741806662,0.9308030947910194,2.6092663497251243,,,,,CHEMBL233_Ki
99182118,mondrian_pairgap,cliffB_oracle,cliff,72,55,0.7638888888888888,0.6540123102714637,0.8470329041915168,2.3447484319576763,,,,,CHEMBL233_Ki
99182118,mondrian_pairgap,cliffB_oracle,noncliff,557,518,0.9299820466786356,0.9057136956836568,0.9483601115687784,2.643458971052335,,,,,CHEMBL233_Ki
99182118,mondrian_pairgap,cliffA,all,629,573,0.9109697933227345,0.8861471741806662,0.9308030947910194,2.6092663497251243,,,,,CHEMBL233_Ki
99182118,mondrian_pairgap,cliffA,cliff,129,109,0.8449612403100775,0.7726338105870777,0.8973377539387969,2.380073468352031,,,,,CHEMBL233_Ki
99182118,mondrian_pairgap,cliffA,noncliff,500,464,0.928,0.9019315959830375,0.9475419685818739,2.668398113119382,,,,,CHEMBL233_Ki
99182118,mondrian_pairgap,__bins__,__summary__,-1,-1,,,,2.6092663497251243,0.8648648648648649,0.08513513513513504,0.8095238095238095,0.15873015873015872,CHEMBL233_Ki
99182118,mondrian_rfstd,cliffB_oracle,all,629,572,0.9093799682034976,0.8843914811543093,0.9293984386143911,2.4859230386371833,,,,,CHEMBL233_Ki
99182118,mondrian_rfstd,cliffB_oracle,cliff,72,54,0.75,0.6390649259565606,0.8356094877452105,2.3785370311492042,,,,,CHEMBL233_Ki
99182118,mondrian_rfstd,cliffB_oracle,noncliff,557,518,0.9299820466786356,0.9057136956836568,0.9483601115687784,2.4998041742550186,,,,,CHEMBL233_Ki
99182118,mondrian_rfstd,cliffA,all,629,572,0.9093799682034976,0.8843914811543093,0.9293984386143911,2.4859230386371833,,,,,CHEMBL233_Ki
99182118,mondrian_rfstd,cliffA,cliff,129,103,0.7984496124031008,0.7210577281210392,0.8585805917496613,2.321328357538029,,,,,CHEMBL233_Ki
99182118,mondrian_rfstd,cliffA,noncliff,500,469,0.938,0.9133402868983618,0.9559807908573184,2.528388466360765,,,,,CHEMBL233_Ki
99182118,mondrian_rfstd,__bins__,__summary__,-1,-1,,,,2.4859230386371833,0.8783783783783784,0.08029930757203485,0.8968253968253969,0.04761904761904756,CHEMBL233_Ki
89709943,global,cliffB_oracle,all,629,563,0.8950715421303657,0.8686764555053191,0.9166703214365141,2.4633145207828946,,,,,CHEMBL233_Ki
89709943,global,cliffB_oracle,cliff,66,58,0.8787878787878788,0.7786256097735968,0.9372815440040234,2.4633145207828946,,,,,CHEMBL233_Ki
89709943,global,cliffB_oracle,noncliff,563,505,0.8969804618117229,0.8691212625650432,0.919459023940424,2.4633145207828946,,,,,CHEMBL233_Ki
89709943,global,cliffA,all,629,563,0.8950715421303657,0.8686764555053191,0.9166703214365141,2.4633145207828946,,,,,CHEMBL233_Ki
89709943,global,cliffA,cliff,111,101,0.9099099099099099,0.8420685326403188,0.9503282283768102,2.463314520782894,,,,,CHEMBL233_Ki
89709943,global,cliffA,noncliff,518,462,0.8918918918918919,0.8622094732239192,0.9158046020040562,2.4633145207828946,,,,,CHEMBL233_Ki
89709943,global,__bins__,__summary__,-1,-1,,,,2.4633145207828946,0.8356164383561644,0.12306124759424886,0.7619047619047619,0.2063492063492064,CHEMBL233_Ki
89709943,mondrian_pair,cliffB_oracle,all,629,561,0.8918918918918919,0.8652035802086309,0.9138224983272318,2.4380601615433233,,,,,CHEMBL233_Ki
89709943,mondrian_pair,cliffB_oracle,cliff,66,56,0.8484848484848485,0.7430709513021234,0.9155636301732872,2.3617361249178828,,,,,CHEMBL233_Ki
89709943,mondrian_pair,cliffB_oracle,noncliff,563,505,0.8969804618117229,0.8691212625650432,0.919459023940424,2.4470075619292544,,,,,CHEMBL233_Ki
89709943,mondrian_pair,cliffA,all,629,561,0.8918918918918919,0.8652035802086309,0.9138224983272318,2.4380601615433233,,,,,CHEMBL233_Ki
89709943,mondrian_pair,cliffA,cliff,111,99,0.8918918918918919,0.8204982036488334,0.9370679305103996,2.3629431096831217,,,,,CHEMBL233_Ki
89709943,mondrian_pair,cliffA,noncliff,518,462,0.8918918918918919,0.8622094732239192,0.9158046020040562,2.454156672656224,,,,,CHEMBL233_Ki
89709943,mondrian_pair,__bins__,__summary__,-1,-1,,,,2.4380601615433233,0.815068493150685,0.14360919279972828,0.7619047619047619,0.2063492063492064,CHEMBL233_Ki
89709943,mondrian_wstd,cliffB_oracle,all,629,560,0.890302066772655,0.8634695747150253,0.9123961546178522,2.4107418841788943,,,,,CHEMBL233_Ki
89709943,mondrian_wstd,cliffB_oracle,cliff,66,59,0.8939393939393939,0.7968769124835199,0.9476665274452051,2.660043292770063,,,,,CHEMBL233_Ki
89709943,mondrian_wstd,cliffB_oracle,noncliff,563,501,0.8898756660746003,0.8613278591410689,0.9131391336461796,2.3815164970261105,,,,,CHEMBL233_Ki
89709943,mondrian_wstd,cliffA,all,629,560,0.890302066772655,0.8634695747150253,0.9123961546178522,2.4107418841788943,,,,,CHEMBL233_Ki
89709943,mondrian_wstd,cliffA,cliff,111,103,0.9279279279279279,0.8641974721405519,0.9630299157344726,2.625379520684702,,,,,CHEMBL233_Ki
89709943,mondrian_wstd,cliffA,noncliff,518,457,0.8822393822393823,0.8516279066067834,0.9072232603643454,2.3647481049276498,,,,,CHEMBL233_Ki
89709943,mondrian_wstd,__bins__,__summary__,-1,-1,,,,2.4107418841788943,0.85,0.0746575342465754,0.7777777777777778,0.18253968253968256,CHEMBL233_Ki
89709943,mondrian_std,cliffB_oracle,all,629,564,0.8966613672496025,0.8704153890809713,0.9180917370638472,2.420365106915262,,,,,CHEMBL233_Ki
89709943,mondrian_std,cliffB_oracle,cliff,66,59,0.8939393939393939,0.7968769124835199,0.9476665274452051,2.6764052774493488,,,,,CHEMBL233_Ki
89709943,mondrian_std,cliffB_oracle,noncliff,563,505,0.8969804618117229,0.8691212625650432,0.919459023940424,2.3903497405649072,,,,,CHEMBL233_Ki
89709943,mondrian_std,cliffA,all,629,564,0.8966613672496025,0.8704153890809713,0.9180917370638472,2.420365106915262,,,,,CHEMBL233_Ki
89709943,mondrian_std,cliffA,cliff,111,103,0.9279279279279279,0.8641974721405519,0.9630299157344726,2.6559451235021996,,,,,CHEMBL233_Ki
89709943,mondrian_std,cliffA,noncliff,518,461,0.88996138996139,0.8600881790547993,0.9140933145218068,2.3698836747894902,,,,,CHEMBL233_Ki
89709943,mondrian_std,__bins__,__summary__,-1,-1,,,,2.420365106915262,0.8677685950413223,0.056888939205253064,0.7857142857142857,0.18253968253968256,CHEMBL233_Ki
89709943,mondrian_iqr,cliffB_oracle,all,629,561,0.8918918918918919,0.8652035802086309,0.9138224983272318,2.4858269879233204,,,,,CHEMBL233_Ki
89709943,mondrian_iqr,cliffB_oracle,cliff,66,59,0.8939393939393939,0.7968769124835199,0.9476665274452051,2.708899847563664,,,,,CHEMBL233_Ki
89709943,mondrian_iqr,cliffB_oracle,noncliff,563,502,0.8916518650088809,0.863272993355116,0.9147223228616872,2.459676350736353,,,,,CHEMBL233_Ki
89709943,mondrian_iqr,cliffA,all,629,561,0.8918918918918919,0.8652035802086309,0.9138224983272318,2.4858269879233204,,,,,CHEMBL233_Ki
89709943,mondrian_iqr,cliffA,cliff,111,103,0.9279279279279279,0.8641974721405519,0.9630299157344726,2.73508535456275,,,,,CHEMBL233_Ki
89709943,mondrian_iqr,cliffA,noncliff,518,458,0.8841698841698842,0.8537393473658261,0.9089444012566721,2.4324144807863,,,,,CHEMBL233_Ki
89709943,mondrian_iqr,__bins__,__summary__,-1,-1,,,,2.4858269879233204,0.8583333333333333,0.06728650137741055,0.7857142857142857,0.16666666666666663,CHEMBL233_Ki
89709943,mondrian_nb,cliffB_oracle,all,629,562,0.8934817170111288,0.8669391967033577,0.9152472310354902,2.4570870630405555,,,,,CHEMBL233_Ki
89709943,mondrian_nb,cliffB_oracle,cliff,66,57,0.8636363636363636,0.7607040702832047,0.9265667973433106,2.4122399781671198,,,,,CHEMBL233_Ki
89709943,mondrian_nb,cliffB_oracle,noncliff,563,505,0.8969804618117229,0.8691212625650432,0.919459023940424,2.46234444776817,,,,,CHEMBL233_Ki
89709943,mondrian_nb,cliffA,all,629,562,0.8934817170111288,0.8669391967033577,0.9152472310354902,2.4570870630405555,,,,,CHEMBL233_Ki
89709943,mondrian_nb,cliffA,cliff,111,100,0.9009009009009009,0.8312216653336616,0.9437597822545195,2.4309574494407036,,,,,CHEMBL233_Ki
89709943,mondrian_nb,cliffA,noncliff,518,462,0.8918918918918919,0.8622094732239192,0.9158046020040562,2.4626862659548094,,,,,CHEMBL233_Ki
89709943,mondrian_nb,__bins__,__summary__,-1,-1,,,,2.4570870630405555,0.8287671232876712,0.12164609985282471,0.7777777777777778,0.18253968253968256,CHEMBL233_Ki
89709943,mondrian_nnsim,cliffB_oracle,all,629,558,0.8871224165341812,0.8600062769680544,0.9095387539588525,2.4452495922377873,,,,,CHEMBL233_Ki
89709943,mondrian_nnsim,cliffB_oracle,cliff,66,58,0.8787878787878788,0.7786256097735968,0.9372815440040234,2.5362835199096914,,,,,CHEMBL233_Ki
89709943,mondrian_nnsim,cliffB_oracle,noncliff,563,500,0.8880994671403197,0.8593847945247743,0.9115538748329197,2.4345777641270487,,,,,CHEMBL233_Ki
89709943,mondrian_nnsim,cliffA,all,629,558,0.8871224165341812,0.8600062769680544,0.9095387539588525,2.4452495922377873,,,,,CHEMBL233_Ki
89709943,mondrian_nnsim,cliffA,cliff,111,99,0.8918918918918919,0.8204982036488334,0.9370679305103996,2.531591570227316,,,,,CHEMBL233_Ki
89709943,mondrian_nnsim,cliffA,noncliff,518,459,0.8861003861003861,0.8558531713863611,0.9106631588875063,2.42674773981146,,,,,CHEMBL233_Ki
89709943,mondrian_nnsim,__bins__,__summary__,-1,-1,,,,2.4452495922377873,0.8356164383561644,0.11479678478433153,0.753968253968254,0.2063492063492064,CHEMBL233_Ki
89709943,mondrian_pairgap,cliffB_oracle,all,629,564,0.8966613672496025,0.8704153890809713,0.9180917370638472,2.4764887869943673,,,,,CHEMBL233_Ki
89709943,mondrian_pairgap,cliffB_oracle,cliff,66,58,0.8787878787878788,0.7786256097735968,0.9372815440040234,2.440279762510186,,,,,CHEMBL233_Ki
89709943,mondrian_pairgap,cliffB_oracle,noncliff,563,506,0.8987566607460036,0.8710751335348004,0.9210334764002215,2.4807335394205765,,,,,CHEMBL233_Ki
89709943,mondrian_pairgap,cliffA,all,629,564,0.8966613672496025,0.8704153890809713,0.9180917370638472,2.4764887869943673,,,,,CHEMBL233_Ki
89709943,mondrian_pairgap,cliffA,cliff,111,101,0.9099099099099099,0.8420685326403188,0.9503282283768102,2.4361679281565616,,,,,CHEMBL233_Ki
89709943,mondrian_pairgap,cliffA,noncliff,518,463,0.8938223938223938,0.8643333719700255,0.9175132849093193,2.48512897103104,,,,,CHEMBL233_Ki
89709943,mondrian_pairgap,__bins__,__summary__,-1,-1,,,,2.4764887869943673,0.8424657534246576,0.11621193252575568,0.7777777777777778,0.18253968253968256,CHEMBL233_Ki
89709943,mondrian_rfstd,cliffB_oracle,all,629,563,0.8950715421303657,0.8686764555053191,0.9166703214365141,2.3795739684041153,,,,,CHEMBL233_Ki
89709943,mondrian_rfstd,cliffB_oracle,cliff,66,57,0.8636363636363636,0.7607040702832047,0.9265667973433106,2.3725443827220047,,,,,CHEMBL233_Ki
89709943,mondrian_rfstd,cliffB_oracle,noncliff,563,506,0.8987566607460036,0.8710751335348004,0.9210334764002215,2.380398040615517,,,,,CHEMBL233_Ki
89709943,mondrian_rfstd,cliffA,all,629,563,0.8950715421303657,0.8686764555053191,0.9166703214365141,2.3795739684041153,,,,,CHEMBL233_Ki
89709943,mondrian_rfstd,cliffA,cliff,111,100,0.9009009009009009,0.8312216653336616,0.9437597822545195,2.2841235035046976,,,,,CHEMBL233_Ki
89709943,mondrian_rfstd,cliffA,noncliff,518,463,0.8938223938223938,0.8643333719700255,0.9175132849093193,2.4000276394539903,,,,,CHEMBL233_Ki
89709943,mondrian_rfstd,__bins__,__summary__,-1,-1,,,,2.3795739684041153,0.863013698630137,0.07913506170044149,0.872,0.07244444444444442,CHEMBL233_Ki
86921808,global,cliffB_oracle,all,629,568,0.9030206677265501,0.8773885646126776,0.9237599583440819,2.4885132854176777,,,,,CHEMBL233_Ki
86921808,global,cliffB_oracle,cliff,67,62,0.9253731343283582,0.83690963207223,0.9677039508336773,2.4885132854176777,,,,,CHEMBL233_Ki
86921808,global,cliffB_oracle,noncliff,562,506,0.900355871886121,0.8728093185191617,0.9224664481909579,2.4885132854176777,,,,,CHEMBL233_Ki
86921808,global,cliffA,all,629,568,0.9030206677265501,0.8773885646126776,0.9237599583440819,2.4885132854176777,,,,,CHEMBL233_Ki
86921808,global,cliffA,cliff,121,112,0.9256198347107438,0.8646691146497353,0.9603773160230725,2.488513285417679,,,,,CHEMBL233_Ki
86921808,global,cliffA,noncliff,508,456,0.8976377952755905,0.8682240581124768,0.9210828513567838,2.4885132854176786,,,,,CHEMBL233_Ki
86921808,global,__bins__,__summary__,-1,-1,,,,2.4885132854176777,0.8811188811188811,0.04450095359186268,0.8333333333333334,0.1428571428571428,CHEMBL233_Ki
86921808,mondrian_pair,cliffB_oracle,all,629,567,0.9014308426073132,0.8756425818358458,0.9223455919179284,2.4863939426022927,,,,,CHEMBL233_Ki
86921808,mondrian_pair,cliffB_oracle,cliff,67,62,0.9253731343283582,0.83690963207223,0.9677039508336773,2.456551887752892,,,,,CHEMBL233_Ki
86921808,mondrian_pair,cliffB_oracle,noncliff,562,505,0.8985765124555161,0.8708497490941469,0.9208914586528165,2.4899516252978624,,,,,CHEMBL233_Ki
86921808,mondrian_pair,cliffA,all,629,567,0.9014308426073132,0.8756425818358458,0.9223455919179284,2.4863939426022927,,,,,CHEMBL233_Ki
86921808,mondrian_pair,cliffA,cliff,121,112,0.9256198347107438,0.8646691146497353,0.9603773160230725,2.448429208234048,,,,,CHEMBL233_Ki
86921808,mondrian_pair,cliffA,noncliff,508,455,0.8956692913385826,0.8660511725934359,0.9193482769279571,2.495436723819926,,,,,CHEMBL233_Ki
86921808,mondrian_pair,__bins__,__summary__,-1,-1,,,,2.4863939426022927,0.8811188811188811,0.04511062707784019,0.8333333333333334,0.1428571428571428,CHEMBL233_Ki
86921808,mondrian_wstd,cliffB_oracle,all,629,566,0.8998410174880763,0.8738984165925628,0.9209294079582261,2.4535156564790763,,,,,CHEMBL233_Ki
86921808,mondrian_wstd,cliffB_oracle,cliff,67,62,0.9253731343283582,0.83690963207223,0.9677039508336773,2.5506109284794447,,,,,CHEMBL233_Ki
86921808,mondrian_wstd,cliffB_oracle,noncliff,562,504,0.896797153024911,0.8688924930157944,0.9193141557680129,2.441940241489709,,,,,CHEMBL233_Ki
86921808,mondrian_wstd,cliffA,all,629,566,0.8998410174880763,0.8738984165925628,0.9209294079582261,2.4535156564790763,,,,,CHEMBL233_Ki
86921808,mondrian_wstd,cliffA,cliff,121,110,0.9090909090909091,0.8445270273318659,0.9484787652565609,2.4956550087730833,,,,,CHEMBL233_Ki
86921808,mondrian_wstd,cliffA,noncliff,508,456,0.8976377952755905,0.8682240581124768,0.9210828513567838,2.443478527290938,,,,,CHEMBL233_Ki
86921808,mondrian_wstd,__bins__,__summary__,-1,-1,,,,2.4535156564790763,0.8760330578512396,0.061029879211697446,0.8412698412698413,0.13492063492063489,CHEMBL233_Ki
86921808,mondrian_std,cliffB_oracle,all,629,566,0.8998410174880763,0.8738984165925628,0.9209294079582261,2.4568475877885385,,,,,CHEMBL233_Ki
86921808,mondrian_std,cliffB_oracle,cliff,67,62,0.9253731343283582,0.83690963207223,0.9677039508336773,2.5315984292112463,,,,,CHEMBL233_Ki
86921808,mondrian_std,cliffB_oracle,noncliff,562,504,0.896797153024911,0.8688924930157944,0.9193141557680129,2.447936010608251,,,,,CHEMBL233_Ki
86921808,mondrian_std,cliffA,all,629,566,0.8998410174880763,0.8738984165925628,0.9209294079582261,2.4568475877885385,,,,,CHEMBL233_Ki
86921808,mondrian_std,cliffA,cliff,121,110,0.9090909090909091,0.8445270273318659,0.9484787652565609,2.4852034488295875,,,,,CHEMBL233_Ki
86921808,mondrian_std,cliffA,noncliff,508,456,0.8976377952755905,0.8682240581124768,0.9210828513567838,2.4500935342728556,,,,,CHEMBL233_Ki
86921808,mondrian_std,__bins__,__summary__,-1,-1,,,,2.4568475877885385,0.8677685950413223,0.06929434202161477,0.8333333333333334,0.1428571428571428,CHEMBL233_Ki
86921808,mondrian_iqr,cliffB_oracle,all,629,566,0.8998410174880763,0.8738984165925628,0.9209294079582261,2.470803477870946,,,,,CHEMBL233_Ki
86921808,mondrian_iqr,cliffB_oracle,cliff,67,59,0.8805970149253731,0.7816797416192777,0.9382376746649551,2.540009187167191,,,,,CHEMBL233_Ki
86921808,mondrian_iqr,cliffB_oracle,noncliff,562,507,0.902135231316726,0.8747712554640726,0.9240390702092031,2.4625529751612514,,,,,CHEMBL233_Ki
86921808,mondrian_iqr,cliffA,all,629,566,0.8998410174880763,0.8738984165925628,0.9209294079582261,2.470803477870946,,,,,CHEMBL233_Ki
86921808,mondrian_iqr,cliffA,cliff,121,109,0.9008264462809917,0.8346307100233649,0.9423547635228716,2.4930121916319066,,,,,CHEMBL233_Ki
86921808,mondrian_iqr,cliffA,noncliff,508,457,0.8996062992125984,0.8703998775149204,0.9228144919022079,2.465513607073552,,,,,CHEMBL233_Ki
86921808,mondrian_iqr,__bins__,__summary__,-1,-1,,,,2.470803477870946,0.8677685950413223,0.062301335028607796,0.8571428571428571,0.10317460317460325,CHEMBL233_Ki
86921808,mondrian_nb,cliffB_oracle,all,629,579,0.9205087440381559,0.8967268422350881,0.9391855219545092,2.5810801040215376,,,,,CHEMBL233_Ki
86921808,mondrian_nb,cliffB_oracle,cliff,67,62,0.9253731343283582,0.83690963207223,0.9677039508336773,2.3901514657744514,,,,,CHEMBL233_Ki
86921808,mondrian_nb,cliffB_oracle,noncliff,562,517,0.9199288256227758,0.894534695961361,0.9396212193434753,2.6038420591150513,,,,,CHEMBL233_Ki
86921808,mondrian_nb,cliffA,all,629,579,0.9205087440381559,0.8967268422350881,0.9391855219545092,2.5810801040215376,,,,,CHEMBL233_Ki
86921808,mondrian_nb,cliffA,cliff,121,111,0.9173553719008265,0.854535161068024,0.9544909505625935,2.389239324528739,,,,,CHEMBL233_Ki
86921808,mondrian_nb,cliffA,noncliff,508,468,0.9212598425196851,0.8945520417385927,0.9416443871050796,2.626774462916476,,,,,CHEMBL233_Ki
86921808,mondrian_nb,__bins__,__summary__,-1,-1,,,,2.5810801040215376,0.8842975206611571,0.08291559409294125,0.872,0.1200634920634921,CHEMBL233_Ki
86921808,mondrian_nnsim,cliffB_oracle,all,629,570,0.9062003179650239,0.8808861414752466,0.9265830798874833,2.571809085054492,,,,,CHEMBL233_Ki
86921808,mondrian_nnsim,cliffB_oracle,cliff,67,61,0.9104477611940298,0.8180724780033378,0.9583090493620113,2.382329190362798,,,,,CHEMBL233_Ki
86921808,mondrian_nnsim,cliffB_oracle,noncliff,562,509,0.905693950177936,0.8787024607783158,0.9271769828212719,2.594398325168982,,,,,CHEMBL233_Ki
86921808,mondrian_nnsim,cliffA,all,629,570,0.9062003179650239,0.8808861414752466,0.9265830798874833,2.571809085054492,,,,,CHEMBL233_Ki
86921808,mondrian_nnsim,cliffA,cliff,121,109,0.9008264462809917,0.8346307100233649,0.9423547635228716,2.4266368677861436,,,,,CHEMBL233_Ki
86921808,mondrian_nnsim,cliffA,noncliff,508,461,0.90748031496063,0.8791340552177649,0.9297101539908341,2.606387506884158,,,,,CHEMBL233_Ki
86921808,mondrian_nnsim,__bins__,__summary__,-1,-1,,,,2.571809085054492,0.8601398601398601,0.09067981199128738,0.8412698412698413,0.12698412698412698,CHEMBL233_Ki
86921808,mondrian_pairgap,cliffB_oracle,all,629,569,0.904610492845787,0.8791364042003086,0.9251724679594361,2.504336782587574,,,,,CHEMBL233_Ki
86921808,mondrian_pairgap,cliffB_oracle,cliff,67,61,0.9104477611940298,0.8180724780033378,0.9583090493620113,2.457215745243208,,,,,CHEMBL233_Ki
86921808,mondrian_pairgap,cliffB_oracle,noncliff,562,508,0.9039145907473309,0.8767356165059761,0.9256092681304555,2.509954415153539,,,,,CHEMBL233_Ki
86921808,mondrian_pairgap,cliffA,all,629,569,0.904610492845787,0.8791364042003086,0.9251724679594361,2.504336782587574,,,,,CHEMBL233_Ki
86921808,mondrian_pairgap,cliffA,cliff,121,110,0.9090909090909091,0.8445270273318659,0.9484787652565609,2.4338845410019605,,,,,CHEMBL233_Ki
86921808,mondrian_pairgap,cliffA,noncliff,508,459,0.9035433070866141,0.8747606225744952,0.9262686667383683,2.521117729894384,,,,,CHEMBL233_Ki
86921808,mondrian_pairgap,__bins__,__summary__,-1,-1,,,,2.504336782587574,0.8811188811188811,0.04511062707784019,0.8253968253968254,0.1507936507936508,CHEMBL233_Ki
86921808,mondrian_rfstd,cliffB_oracle,all,629,562,0.8934817170111288,0.8669391967033577,0.9152472310354902,2.361468628016694,,,,,CHEMBL233_Ki
86921808,mondrian_rfstd,cliffB_oracle,cliff,67,57,0.8507462686567164,0.7465960395409149,0.9168572656622017,2.2398545949359243,,,,,CHEMBL233_Ki
86921808,mondrian_rfstd,cliffB_oracle,noncliff,562,505,0.8985765124555161,0.8708497490941469,0.9208914586528165,2.3759670981526577,,,,,CHEMBL233_Ki
86921808,mondrian_rfstd,cliffA,all,629,562,0.8934817170111288,0.8669391967033577,0.9152472310354902,2.361468628016694,,,,,CHEMBL233_Ki
86921808,mondrian_rfstd,cliffA,cliff,121,105,0.8677685950413223,0.7959633756720691,0.9169408217054055,2.127408842783602,,,,,CHEMBL233_Ki
86921808,mondrian_rfstd,cliffA,noncliff,508,457,0.8996062992125984,0.8703998775149204,0.9228144919022079,2.4172190886726077,,,,,CHEMBL233_Ki
86921808,mondrian_rfstd,__bins__,__summary__,-1,-1,,,,2.361468628016694,0.8688524590163934,0.04723145706752263,0.856,0.08844444444444444,CHEMBL233_Ki
89165191,global,cliffB_oracle,all,629,551,0.875993640699523,0.8479313611469218,0.8994912253590884,2.510057674655517,,,,,CHEMBL233_Ki
89165191,global,cliffB_oracle,cliff,52,42,0.8076923076923077,0.6810113918634199,0.8920395397526649,2.5100576746555165,,,,,CHEMBL233_Ki
89165191,global,cliffB_oracle,noncliff,577,509,0.8821490467937608,0.8532786841327238,0.9059646400187238,2.510057674655517,,,,,CHEMBL233_Ki
89165191,global,cliffA,all,629,551,0.875993640699523,0.8479313611469218,0.8994912253590884,2.510057674655517,,,,,CHEMBL233_Ki
89165191,global,cliffA,cliff,106,90,0.8490566037735849,0.7687968486643733,0.9049014142182972,2.5100576746555165,,,,,CHEMBL233_Ki
89165191,global,cliffA,noncliff,523,461,0.8814531548757171,0.8509292423550397,0.9064143442585494,2.510057674655516,,,,,CHEMBL233_Ki
89165191,global,__bins__,__summary__,-1,-1,,,,2.510057674655517,0.823943661971831,0.10167617273891283,0.6825396825396826,0.3015873015873015,CHEMBL233_Ki
89165191,mondrian_pair,cliffB_oracle,all,629,553,0.8791732909379968,0.8513742333422184,0.9023690515697623,2.4925465884055575,,,,,CHEMBL233_Ki
89165191,mondrian_pair,cliffB_oracle,cliff,52,41,0.7884615384615384,0.6596789537149542,0.8775562946751251,2.2412579185364256,,,,,CHEMBL233_Ki
89165191,mondrian_pair,cliffB_oracle,noncliff,577,512,0.8873483535528596,0.8589473217776936,0.9106258435186715,2.515193054320973,,,,,CHEMBL233_Ki
89165191,mondrian_pair,cliffA,all,629,553,0.8791732909379968,0.8513742333422184,0.9023690515697623,2.4925465884055575,,,,,CHEMBL233_Ki
89165191,mondrian_pair,cliffA,cliff,106,87,0.8207547169811321,0.7369360546798733,0.8821380247258237,2.2320134208029336,,,,,CHEMBL233_Ki
89165191,mondrian_pair,cliffA,noncliff,523,466,0.8910133843212237,0.8614005053926396,0.9149241234919668,2.5453506338470064,,,,,CHEMBL233_Ki
89165191,mondrian_pair,__bins__,__summary__,-1,-1,,,,2.4925465884055575,0.8309859154929577,0.11116284483762073,0.7301587301587301,0.24603174603174605,CHEMBL233_Ki
89165191,mondrian_wstd,cliffB_oracle,all,629,553,0.8791732909379968,0.8513742333422184,0.9023690515697623,2.5114000516816835,,,,,CHEMBL233_Ki
89165191,mondrian_wstd,cliffB_oracle,cliff,52,42,0.8076923076923077,0.6810113918634199,0.8920395397526649,2.58611591146261,,,,,CHEMBL233_Ki
89165191,mondrian_wstd,cliffB_oracle,noncliff,577,511,0.8856152512998267,0.8570559331666473,0.9090739517480787,2.504666559985656,,,,,CHEMBL233_Ki
89165191,mondrian_wstd,cliffA,all,629,553,0.8791732909379968,0.8513742333422184,0.9023690515697623,2.5114000516816835,,,,,CHEMBL233_Ki
89165191,mondrian_wstd,cliffA,cliff,106,90,0.8490566037735849,0.7687968486643733,0.9049014142182972,2.5649448359066653,,,,,CHEMBL233_Ki
89165191,mondrian_wstd,cliffA,noncliff,523,463,0.8852772466539197,0.8551106256844051,0.909825377837591,2.5005477627183033,,,,,CHEMBL233_Ki
89165191,mondrian_wstd,__bins__,__summary__,-1,-1,,,,2.5114000516816835,0.8524590163934426,0.0489494343107828,0.7222222222222222,0.25396825396825395,CHEMBL233_Ki
89165191,mondrian_std,cliffB_oracle,all,629,557,0.8855325914149443,0.8582769274059509,0.9081077543179709,2.546640625977025,,,,,CHEMBL233_Ki
89165191,mondrian_std,cliffB_oracle,cliff,52,43,0.8269230769230769,0.702691358755192,0.9061752560868979,2.6203841389282214,,,,,CHEMBL233_Ki
89165191,mondrian_std,cliffB_oracle,noncliff,577,514,0.8908145580589255,0.8627358112304585,0.9137239148291852,2.539994763458026,,,,,CHEMBL233_Ki
89165191,mondrian_std,cliffA,all,629,557,0.8855325914149443,0.8582769274059509,0.9081077543179709,2.546640625977025,,,,,CHEMBL233_Ki
89165191,mondrian_std,cliffA,cliff,106,91,0.8584905660377359,0.7795766972144925,0.9123296268271689,2.5973745404043527,,,,,CHEMBL233_Ki
89165191,mondrian_std,cliffA,noncliff,523,466,0.8910133843212237,0.8614005053926396,0.9149241234919668,2.5363580352900335,,,,,CHEMBL233_Ki
89165191,mondrian_std,__bins__,__summary__,-1,-1,,,,2.546640625977025,0.8524590163934426,0.05663189269746649,0.7222222222222222,0.25396825396825395,CHEMBL233_Ki
89165191,mondrian_iqr,cliffB_oracle,all,629,560,0.890302066772655,0.8634695747150253,0.9123961546178522,2.519534865483378,,,,,CHEMBL233_Ki
89165191,mondrian_iqr,cliffB_oracle,cliff,52,42,0.8076923076923077,0.6810113918634199,0.8920395397526649,2.4921698999046433,,,,,CHEMBL233_Ki
89165191,mondrian_iqr,cliffB_oracle,noncliff,577,518,0.8977469670710572,0.8703367623415778,0.9198960852446229,2.522001032225309,,,,,CHEMBL233_Ki
89165191,mondrian_iqr,cliffA,all,629,560,0.890302066772655,0.8634695747150253,0.9123961546178522,2.519534865483378,,,,,CHEMBL233_Ki
89165191,mondrian_iqr,cliffA,cliff,106,90,0.8490566037735849,0.7687968486643733,0.9049014142182972,2.4554635395758373,,,,,CHEMBL233_Ki
89165191,mondrian_iqr,cliffA,noncliff,523,470,0.8986615678776291,0.8698225506159949,0.9216869120854254,2.5325206409063217,,,,,CHEMBL233_Ki
89165191,mondrian_iqr,__bins__,__summary__,-1,-1,,,,2.519534865483378,0.8442622950819673,0.07377049180327866,0.8095238095238095,0.16666666666666663,CHEMBL233_Ki
89165191,mondrian_nb,cliffB_oracle,all,629,554,0.8807631160572337,0.853097752115814,0.903805881999152,2.4885030534915695,,,,,CHEMBL233_Ki
89165191,mondrian_nb,cliffB_oracle,cliff,52,41,0.7884615384615384,0.6596789537149542,0.8775562946751251,2.2789391482505583,,,,,CHEMBL233_Ki
89165191,mondrian_nb,cliffB_oracle,noncliff,577,513,0.8890814558058926,0.8608406017320926,0.912175843945912,2.507389228660603,,,,,CHEMBL233_Ki
89165191,mondrian_nb,cliffA,all,629,554,0.8807631160572337,0.853097752115814,0.903805881999152,2.4885030534915695,,,,,CHEMBL233_Ki
89165191,mondrian_nb,cliffA,cliff,106,88,0.8301886792452831,0.7474817619368073,0.889800378627881,2.2795919125237747,,,,,CHEMBL233_Ki
89165191,mondrian_nb,cliffA,noncliff,523,466,0.8910133843212237,0.8614005053926396,0.9149241234919668,2.5308445084487134,,,,,CHEMBL233_Ki
89165191,mondrian_nb,__bins__,__summary__,-1,-1,,,,2.4885030534915695,0.823943661971831,0.09408912491341492,0.7777777777777778,0.19841269841269837,CHEMBL233_Ki
89165191,mondrian_nnsim,cliffB_oracle,all,629,564,0.8966613672496025,0.8704153890809713,0.9180917370638472,2.5859418561708547,,,,,CHEMBL233_Ki
89165191,mondrian_nnsim,cliffB_oracle,cliff,52,45,0.8653846153846154,0.747266798348062,0.9332311829460386,2.620929401691379,,,,,CHEMBL233_Ki
89165191,mondrian_nnsim,cliffB_oracle,noncliff,577,519,0.8994800693240901,0.8722422474688486,0.9214338804989911,2.58278873248443,,,,,CHEMBL233_Ki
89165191,mondrian_nnsim,cliffA,all,629,564,0.8966613672496025,0.8704153890809713,0.9180917370638472,2.5859418561708547,,,,,CHEMBL233_Ki
89165191,mondrian_nnsim,cliffA,cliff,106,92,0.8679245283018868,0.7904464384418581,0.9196679467587945,2.547644972073354,,,,,CHEMBL233_Ki
89165191,mondrian_nnsim,cliffA,noncliff,523,472,0.9024856596558317,0.8740499156695835,0.9250519639402436,2.5937037485500807,,,,,CHEMBL233_Ki
89165191,mondrian_nnsim,__bins__,__summary__,-1,-1,,,,2.5859418561708547,0.852112676056338,0.09830054708415792,0.7936507936507936,0.17460317460317465,CHEMBL233_Ki
89165191,mondrian_pairgap,cliffB_oracle,all,629,550,0.8744038155802861,0.8462119623221724,0.8980502749808525,2.5090802567217247,,,,,CHEMBL233_Ki
89165191,mondrian_pairgap,cliffB_oracle,cliff,52,41,0.7884615384615384,0.6596789537149542,0.8775562946751251,2.3499699119277198,,,,,CHEMBL233_Ki
89165191,mondrian_pairgap,cliffB_oracle,noncliff,577,509,0.8821490467937608,0.8532786841327238,0.9059646400187238,2.5234194905679783,,,,,CHEMBL233_Ki
89165191,mondrian_pairgap,cliffA,all,629,550,0.8744038155802861,0.8462119623221724,0.8980502749808525,2.5090802567217247,,,,,CHEMBL233_Ki
89165191,mondrian_pairgap,cliffA,cliff,106,87,0.8207547169811321,0.7369360546798733,0.8821380247258237,2.316374984271233,,,,,CHEMBL233_Ki
89165191,mondrian_pairgap,cliffA,noncliff,523,463,0.8852772466539197,0.8551106256844051,0.909825377837591,2.548137157065419,,,,,CHEMBL233_Ki
89165191,mondrian_pairgap,__bins__,__summary__,-1,-1,,,,2.5090802567217247,0.8098591549295775,0.132289605401001,0.7142857142857143,0.26984126984126977,CHEMBL233_Ki
89165191,mondrian_rfstd,cliffB_oracle,all,629,568,0.9030206677265501,0.8773885646126776,0.9237599583440819,2.529373560971047,,,,,CHEMBL233_Ki
89165191,mondrian_rfstd,cliffB_oracle,cliff,52,42,0.8076923076923077,0.6810113918634199,0.8920395397526649,2.396681327022385,,,,,CHEMBL233_Ki
89165191,mondrian_rfstd,cliffB_oracle,noncliff,577,526,0.9116117850953206,0.8856450386535809,0.9321340519857334,2.5413319598710995,,,,,CHEMBL233_Ki
89165191,mondrian_rfstd,cliffA,all,629,568,0.9030206677265501,0.8773885646126776,0.9237599583440819,2.529373560971047,,,,,CHEMBL233_Ki
89165191,mondrian_rfstd,cliffA,cliff,106,90,0.8490566037735849,0.7687968486643733,0.9049014142182972,2.34552634307806,,,,,CHEMBL233_Ki
89165191,mondrian_rfstd,cliffA,noncliff,523,478,0.9139579349904398,0.8868044305313681,0.9350746998036797,2.566635138593717,,,,,CHEMBL233_Ki
89165191,mondrian_rfstd,__bins__,__summary__,-1,-1,,,,2.529373560971047,0.8934426229508197,0.023912748950006835,0.8571428571428571,0.09523809523809523,CHEMBL233_Ki
71339737,global,cliffB_oracle,all,732,654,0.8934426229508197,0.8690005942336607,0.9137767188619264,2.2127115548020715,,,,,CHEMBL234_Ki
71339737,global,cliffB_oracle,cliff,62,53,0.8548387096774194,0.7465660628844542,0.9217058859468299,2.2127115548020715,,,,,CHEMBL234_Ki
71339737,global,cliffB_oracle,noncliff,670,601,0.8970149253731343,0.8716916681447827,0.917811549616656,2.212711554802071,,,,,CHEMBL234_Ki
71339737,global,cliffA,all,732,654,0.8934426229508197,0.8690005942336607,0.9137767188619264,2.2127115548020715,,,,,CHEMBL234_Ki
71339737,global,cliffA,cliff,103,91,0.883495145631068,0.8073288034372147,0.9320845373388708,2.2127115548020715,,,,,CHEMBL234_Ki
71339737,global,cliffA,noncliff,629,563,0.8950715421303657,0.8686764555053191,0.9166703214365141,2.212711554802071,,,,,CHEMBL234_Ki
71339737,global,__bins__,__summary__,-1,-1,,,,2.2127115548020715,0.7989130434782609,0.17188987622976837,0.7619047619047619,0.217687074829932,CHEMBL234_Ki
71339737,mondrian_pair,cliffB_oracle,all,732,655,0.894808743169399,0.8704848282004278,0.9150104616767412,2.190378587545489,,,,,CHEMBL234_Ki
71339737,mondrian_pair,cliffB_oracle,cliff,62,51,0.8225806451612904,0.7095843311430364,0.8979356223399492,2.009264405931814,,,,,CHEMBL234_Ki
71339737,mondrian_pair,cliffB_oracle,noncliff,670,604,0.9014925373134328,0.8765874557562255,0.9218199336341016,2.2071384073366054,,,,,CHEMBL234_Ki
71339737,mondrian_pair,cliffA,all,732,655,0.894808743169399,0.8704848282004278,0.9150104616767412,2.190378587545489,,,,,CHEMBL234_Ki
71339737,mondrian_pair,cliffA,cliff,103,89,0.8640776699029126,0.7846989505636784,0.9172757400465291,2.0345973914298914,,,,,CHEMBL234_Ki
71339737,mondrian_pair,cliffA,noncliff,629,566,0.8998410174880763,0.8738984165925628,0.9209294079582261,2.2158880679904915,,,,,CHEMBL234_Ki
71339737,mondrian_pair,__bins__,__summary__,-1,-1,,,,2.190378587545489,0.8260869565217391,0.1374166931132974,0.7959183673469388,0.18367346938775508,CHEMBL234_Ki
71339737,mondrian_wstd,cliffB_oracle,all,732,659,0.9002732240437158,0.8764334291360999,0.9199337678673966,2.2385887344503144,,,,,CHEMBL234_Ki
71339737,mondrian_wstd,cliffB_oracle,cliff,62,53,0.8548387096774194,0.7465660628844542,0.9217058859468299,2.4281221459728535,,,,,CHEMBL234_Ki
71339737,mondrian_wstd,cliffB_oracle,noncliff,670,606,0.9044776119402985,0.8798590442384093,0.9244844595711768,2.2210498217422585,,,,,CHEMBL234_Ki
71339737,mondrian_wstd,cliffA,all,732,659,0.9002732240437158,0.8764334291360999,0.9199337678673966,2.2385887344503144,,,,,CHEMBL234_Ki
71339737,mondrian_wstd,cliffA,cliff,103,91,0.883495145631068,0.8073288034372147,0.9320845373388708,2.359156685245857,,,,,CHEMBL234_Ki
71339737,mondrian_wstd,cliffA,noncliff,629,568,0.9030206677265501,0.8773885646126776,0.9237599583440819,2.2188454929050985,,,,,CHEMBL234_Ki
71339737,mondrian_wstd,__bins__,__summary__,-1,-1,,,,2.2385887344503144,0.8832116788321168,0.06569343065693423,0.8231292517006803,0.15646258503401356,CHEMBL234_Ki
71339737,mondrian_std,cliffB_oracle,all,732,656,0.8961748633879781,0.8719702085975073,0.9162430580612436,2.22368065535004,,,,,CHEMBL234_Ki
71339737,mondrian_std,cliffB_oracle,cliff,62,53,0.8548387096774194,0.7465660628844542,0.9217058859468299,2.3899253663006426,,,,,CHEMBL234_Ki
71339737,mondrian_std,cliffB_oracle,noncliff,670,603,0.9,0.8749540109842241,0.9204853211964735,2.208296816426253,,,,,CHEMBL234_Ki
71339737,mondrian_std,cliffA,all,732,656,0.8961748633879781,0.8719702085975073,0.9162430580612436,2.22368065535004,,,,,CHEMBL234_Ki
71339737,mondrian_std,cliffA,cliff,103,91,0.883495145631068,0.8073288034372147,0.9320845373388708,2.32875189818911,,,,,CHEMBL234_Ki
71339737,mondrian_std,cliffA,noncliff,629,565,0.8982511923688394,0.8721560311183526,0.9195114442294511,2.2064750305290155,,,,,CHEMBL234_Ki
71339737,mondrian_std,__bins__,__summary__,-1,-1,,,,2.22368065535004,0.8759124087591241,0.07299270072992692,0.8231292517006803,0.15646258503401356,CHEMBL234_Ki
71339737,mondrian_iqr,cliffB_oracle,all,732,654,0.8934426229508197,0.8690005942336607,0.9137767188619264,2.151966627372193,,,,,CHEMBL234_Ki
71339737,mondrian_iqr,cliffB_oracle,cliff,62,55,0.8870967741935484,0.7848025794735822,0.9442213647060003,2.296269172916033,,,,,CHEMBL234_Ki
71339737,mondrian_iqr,cliffB_oracle,noncliff,670,599,0.8940298507462686,0.8684351970450576,0.915131906297122,2.138613257486047,,,,,CHEMBL234_Ki
71339737,mondrian_iqr,cliffA,all,732,654,0.8934426229508197,0.8690005942336607,0.9137767188619264,2.151966627372193,,,,,CHEMBL234_Ki
71339737,mondrian_iqr,cliffA,cliff,103,92,0.8932038834951457,0.8188200043472509,0.9393126615117735,2.2500306845458082,,,,,CHEMBL234_Ki
71339737,mondrian_iqr,cliffA,noncliff,629,562,0.8934817170111288,0.8669391967033577,0.9152472310354902,2.135908443129137,,,,,CHEMBL234_Ki
71339737,mondrian_iqr,__bins__,__summary__,-1,-1,,,,2.151966627372193,0.8369565217391305,0.09735004760393517,0.8095238095238095,0.15646258503401356,CHEMBL234_Ki
71339737,mondrian_nb,cliffB_oracle,all,732,658,0.8989071038251366,0.8749444883318519,0.9187047318900629,2.2003196698714116,,,,,CHEMBL234_Ki
71339737,mondrian_nb,cliffB_oracle,cliff,62,52,0.8387096774193549,0.7279366398602256,0.9099593112969091,2.0665485497663245,,,,,CHEMBL234_Ki
71339737,mondrian_nb,cliffB_oracle,noncliff,670,606,0.9044776119402985,0.8798590442384093,0.9244844595711768,2.2126984899408377,,,,,CHEMBL234_Ki
71339737,mondrian_nb,cliffA,all,732,658,0.8989071038251366,0.8749444883318519,0.9187047318900629,2.2003196698714116,,,,,CHEMBL234_Ki
71339737,mondrian_nb,cliffA,cliff,103,89,0.8640776699029126,0.7846989505636784,0.9172757400465291,2.073808084553974,,,,,CHEMBL234_Ki
71339737,mondrian_nb,cliffA,noncliff,629,569,0.904610492845787,0.8791364042003086,0.9251724679594361,2.2210361933812623,,,,,CHEMBL234_Ki
71339737,mondrian_nb,__bins__,__summary__,-1,-1,,,,2.2003196698714116,0.8260869565217391,0.1447159631862901,0.8027210884353742,0.14965986394557818,CHEMBL234_Ki
71339737,mondrian_nnsim,cliffB_oracle,all,732,654,0.8934426229508197,0.8690005942336607,0.9137767188619264,2.2459162734676563,,,,,CHEMBL234_Ki
71339737,mondrian_nnsim,cliffB_oracle,cliff,62,54,0.8709677419354839,0.7655067270982637,0.9331412194071697,2.399548882284017,,,,,CHEMBL234_Ki
71339737,mondrian_nnsim,cliffB_oracle,noncliff,670,600,0.8955223880597015,0.8700627124156708,0.9164724481361386,2.2316995245921123,,,,,CHEMBL234_Ki
71339737,mondrian_nnsim,cliffA,all,732,654,0.8934426229508197,0.8690005942336607,0.9137767188619264,2.2459162734676563,,,,,CHEMBL234_Ki
71339737,mondrian_nnsim,cliffA,cliff,103,93,0.9029126213592233,0.8304457619814031,0.9464062289605603,2.3456157776826876,,,,,CHEMBL234_Ki
71339737,mondrian_nnsim,cliffA,noncliff,629,561,0.8918918918918919,0.8652035802086309,0.9138224983272318,2.2295902815214745,,,,,CHEMBL234_Ki
71339737,mondrian_nnsim,__bins__,__summary__,-1,-1,,,,2.2459162734676563,0.8152173913043478,0.15558552840368145,0.782312925170068,0.19727891156462585,CHEMBL234_Ki
71339737,mondrian_pairgap,cliffB_oracle,all,732,657,0.8975409836065574,0.8734567551759701,0.9174744882643627,2.2741263957465616,,,,,CHEMBL234_Ki
71339737,mondrian_pairgap,cliffB_oracle,cliff,62,53,0.8548387096774194,0.7465660628844542,0.9217058859468299,2.1916760626374527,,,,,CHEMBL234_Ki
71339737,mondrian_pairgap,cliffB_oracle,noncliff,670,604,0.9014925373134328,0.8765874557562255,0.9218199336341016,2.281756128064121,,,,,CHEMBL234_Ki
71339737,mondrian_pairgap,cliffA,all,732,657,0.8975409836065574,0.8734567551759701,0.9174744882643627,2.2741263957465616,,,,,CHEMBL234_Ki
71339737,mondrian_pairgap,cliffA,cliff,103,91,0.883495145631068,0.8073288034372147,0.9320845373388708,2.205791267551497,,,,,CHEMBL234_Ki
71339737,mondrian_pairgap,cliffA,noncliff,629,566,0.8998410174880763,0.8738984165925628,0.9209294079582261,2.2853164087896327,,,,,CHEMBL234_Ki
71339737,mondrian_pairgap,__bins__,__summary__,-1,-1,,,,2.2741263957465616,0.8152173913043478,0.16288479847667414,0.782312925170068,0.19727891156462585,CHEMBL234_Ki
71339737,mondrian_rfstd,cliffB_oracle,all,732,657,0.8975409836065574,0.8734567551759701,0.9174744882643627,2.1400447646051726,,,,,CHEMBL234_Ki
71339737,mondrian_rfstd,cliffB_oracle,cliff,62,51,0.8225806451612904,0.7095843311430364,0.8979356223399492,2.208417773609259,,,,,CHEMBL234_Ki
71339737,mondrian_rfstd,cliffB_oracle,noncliff,670,606,0.9044776119402985,0.8798590442384093,0.9244844595711768,2.133717710040615,,,,,CHEMBL234_Ki
71339737,mondrian_rfstd,cliffA,all,732,657,0.8975409836065574,0.8734567551759701,0.9174744882643627,2.1400447646051726,,,,,CHEMBL234_Ki
71339737,mondrian_rfstd,cliffA,cliff,103,87,0.8446601941747572,0.7624742780120963,0.9020617624322336,2.100197638306969,,,,,CHEMBL234_Ki
71339737,mondrian_rfstd,cliffA,noncliff,629,570,0.9062003179650239,0.8808861414752466,0.9265830798874833,2.1465698107239564,,,,,CHEMBL234_Ki
71339737,mondrian_rfstd,__bins__,__summary__,-1,-1,,,,2.1400447646051726,0.8695652173913043,0.08663916217073953,0.8698630136986302,0.04170161215170998,CHEMBL234_Ki
99182118,global,cliffB_oracle,all,732,673,0.9193989071038251,0.897419123453525,0.9369997484921181,2.2867064626478353,,,,,CHEMBL234_Ki
99182118,global,cliffB_oracle,cliff,63,57,0.9047619047619048,0.8073829893716311,0.955616515723108,2.2867064626478344,,,,,CHEMBL234_Ki
99182118,global,cliffB_oracle,noncliff,669,616,0.9207772795216741,0.8978263276690589,0.9389235375767361,2.2867064626478353,,,,,CHEMBL234_Ki
99182118,global,cliffA,all,732,673,0.9193989071038251,0.897419123453525,0.9369997484921181,2.2867064626478353,,,,,CHEMBL234_Ki
99182118,global,cliffA,cliff,105,96,0.9142857142857143,0.8450772435843179,0.9542505212458481,2.2867064626478353,,,,,CHEMBL234_Ki
99182118,global,cliffA,noncliff,627,577,0.9202551834130781,0.8964023016479259,0.9389898442411264,2.2867064626478357,,,,,CHEMBL234_Ki
99182118,global,__bins__,__summary__,-1,-1,,,,2.2867064626478353,0.8586956521739131,0.10480799746112346,0.7619047619047619,0.23809523809523814,CHEMBL234_Ki
99182118,mondrian_pair,cliffB_oracle,all,732,671,0.9166666666666666,0.894403662778423,0.9345792556040563,2.3827312478088603,,,,,CHEMBL234_Ki
99182118,mondrian_pair,cliffB_oracle,cliff,63,52,0.8253968253968254,0.7137857247924102,0.8996060342053211,2.0514998101388078,,,,,CHEMBL234_Ki
99182118,mondrian_pair,cliffB_oracle,noncliff,669,619,0.9252615844544095,0.9028159353215138,0.9428513352377356,2.4139234459750982,,,,,CHEMBL234_Ki
99182118,mondrian_pair,cliffA,all,732,671,0.9166666666666666,0.894403662778423,0.9345792556040563,2.3827312478088603,,,,,CHEMBL234_Ki
99182118,mondrian_pair,cliffA,cliff,105,90,0.8571428571428571,0.7776004677299959,0.9114751916063542,2.0799410315317077,,,,,CHEMBL234_Ki
99182118,mondrian_pair,cliffA,noncliff,627,581,0.9266347687400319,0.9035252263346271,0.9445483942548286,2.433437743357665,,,,,CHEMBL234_Ki
99182118,mondrian_pair,__bins__,__summary__,-1,-1,,,,2.3827312478088603,0.8759124087591241,0.08029197080291972,0.8163265306122449,0.16326530612244894,CHEMBL234_Ki
99182118,mondrian_wstd,cliffB_oracle,all,732,670,0.9153005464480874,0.8928982909044181,0.9333666506964795,2.2511366736762377,,,,,CHEMBL234_Ki
99182118,mondrian_wstd,cliffB_oracle,cliff,63,57,0.9047619047619048,0.8073829893716311,0.955616515723108,2.425231392876854,,,,,CHEMBL234_Ki
99182118,mondrian_wstd,cliffB_oracle,noncliff,669,613,0.9162929745889388,0.892855515030234,0.9349769449021068,2.234742103706673,,,,,CHEMBL234_Ki
99182118,mondrian_wstd,cliffA,all,732,670,0.9153005464480874,0.8928982909044181,0.9333666506964795,2.2511366736762377,,,,,CHEMBL234_Ki
99182118,mondrian_wstd,cliffA,cliff,105,95,0.9047619047619048,0.8335087237779633,0.9474436901365668,2.31373273046274,,,,,CHEMBL234_Ki
99182118,mondrian_wstd,cliffA,noncliff,627,575,0.9170653907496013,0.8928556843765213,0.9361957241623297,2.240654080434479,,,,,CHEMBL234_Ki
99182118,mondrian_wstd,__bins__,__summary__,-1,-1,,,,2.2511366736762377,0.8905109489051095,0.060576007616629624,0.7959183673469388,0.17006802721088432,CHEMBL234_Ki
99182118,mondrian_std,cliffB_oracle,all,732,668,0.912568306010929,0.8898920958568038,0.9309368921809299,2.249377301133361,,,,,CHEMBL234_Ki
99182118,mondrian_std,cliffB_oracle,cliff,63,56,0.8888888888888888,0.7879534424991748,0.9451245133761628,2.4148364930608053,,,,,CHEMBL234_Ki
99182118,mondrian_std,cliffB_oracle,noncliff,669,612,0.9147982062780269,0.8912025176038467,0.933657473890676,2.233795942252301,,,,,CHEMBL234_Ki
99182118,mondrian_std,cliffA,all,732,668,0.912568306010929,0.8898920958568038,0.9309368921809299,2.249377301133361,,,,,CHEMBL234_Ki
99182118,mondrian_std,cliffA,cliff,105,93,0.8857142857142857,0.8107987321190485,0.9334029799642095,2.3110118851889063,,,,,CHEMBL234_Ki
99182118,mondrian_std,cliffA,noncliff,627,575,0.9170653907496013,0.8928556843765213,0.9361957241623297,2.2390557200714274,,,,,CHEMBL234_Ki
99182118,mondrian_std,__bins__,__summary__,-1,-1,,,,2.249377301133361,0.8832116788321168,0.05700571247223096,0.7959183673469388,0.1768707482993197,CHEMBL234_Ki
99182118,mondrian_iqr,cliffB_oracle,all,732,670,0.9153005464480874,0.8928982909044181,0.9333666506964795,2.29276537759878,,,,,CHEMBL234_Ki
99182118,mondrian_iqr,cliffB_oracle,cliff,63,55,0.873015873015873,0.7689296552173035,0.9342267514386327,2.3368417687272975,,,,,CHEMBL234_Ki
99182118,mondrian_iqr,cliffB_oracle,noncliff,669,615,0.9192825112107623,0.8961673716553784,0.9376100251525985,2.2886146860575294,,,,,CHEMBL234_Ki
99182118,mondrian_iqr,cliffA,all,732,670,0.9153005464480874,0.8928982909044181,0.9333666506964795,2.29276537759878,,,,,CHEMBL234_Ki
99182118,mondrian_iqr,cliffA,cliff,105,92,0.8761904761904762,0.7996280033768919,0.9261983577907302,2.314806979043631,,,,,CHEMBL234_Ki
99182118,mondrian_iqr,cliffA,noncliff,627,578,0.9218500797448166,0.8981792200092155,0.9403832945549379,2.2890742003233266,,,,,CHEMBL234_Ki
99182118,mondrian_iqr,__bins__,__summary__,-1,-1,,,,2.29276537759878,0.8978102189781022,0.03649635036496346,0.8231292517006803,0.1494734880253471,CHEMBL234_Ki
99182118,mondrian_nb,cliffB_oracle,all,732,670,0.9153005464480874,0.8928982909044181,0.9333666506964795,2.2561221745993643,,,,,CHEMBL234_Ki
99182118,mondrian_nb,cliffB_oracle,cliff,63,52,0.8253968253968254,0.7137857247924102,0.8996060342053211,1.9619383600555327,,,,,CHEMBL234_Ki
99182118,mondrian_nb,cliffB_oracle,noncliff,669,618,0.9237668161434978,0.9011505540235154,0.9415442480979159,2.2838255831438508,,,,,CHEMBL234_Ki
99182118,mondrian_nb,cliffA,all,732,670,0.9153005464480874,0.8928982909044181,0.9333666506964795,2.2561221745993643,,,,,CHEMBL234_Ki
99182118,mondrian_nb,cliffA,cliff,105,89,0.8476190476190476,0.7667269516059707,0.9039733568147432,1.9693586078889433,,,,,CHEMBL234_Ki
99182118,mondrian_nb,cliffA,noncliff,627,581,0.9266347687400319,0.9035252263346271,0.9445483942548286,2.304144781464746,,,,,CHEMBL234_Ki
99182118,mondrian_nb,__bins__,__summary__,-1,-1,,,,2.2561221745993643,0.8467153284671532,0.1021897810218978,0.8231292517006803,0.14965986394557818,CHEMBL234_Ki
99182118,mondrian_nnsim,cliffB_oracle,all,732,681,0.930327868852459,0.9095495130904184,0.9466131731078798,2.3891553223664816,,,,,CHEMBL234_Ki
99182118,mondrian_nnsim,cliffB_oracle,cliff,63,59,0.9365079365079365,0.8478082215469362,0.9750343819866059,2.8573344162709935,,,,,CHEMBL234_Ki
99182118,mondrian_nnsim,cliffB_oracle,noncliff,669,622,0.929745889387145,0.9078258757049942,0.9467588001677094,2.34506670814229,,,,,CHEMBL234_Ki
99182118,mondrian_nnsim,cliffA,all,732,681,0.930327868852459,0.9095495130904184,0.9466131731078798,2.3891553223664816,,,,,CHEMBL234_Ki
99182118,mondrian_nnsim,cliffA,cliff,105,98,0.9333333333333333,0.8687443513174588,0.9673341153439793,2.623071071310925,,,,,CHEMBL234_Ki
99182118,mondrian_nnsim,cliffA,noncliff,627,583,0.9298245614035088,0.9071026888444967,0.9473116690951603,2.349982828524111,,,,,CHEMBL234_Ki
99182118,mondrian_nnsim,__bins__,__summary__,-1,-1,,,,2.3891553223664816,0.8913043478260869,0.07949857188194231,0.8367346938775511,0.15646258503401356,CHEMBL234_Ki
99182118,mondrian_pairgap,cliffB_oracle,all,732,665,0.9084699453551912,0.8853937080240968,0.9272813496688912,2.292675880566703,,,,,CHEMBL234_Ki
99182118,mondrian_pairgap,cliffB_oracle,cliff,63,54,0.8571428571428571,0.7502543407837413,0.922980516652793,2.0752452390881375,,,,,CHEMBL234_Ki
99182118,mondrian_pairgap,cliffB_oracle,noncliff,669,611,0.9133034379671151,0.8895514129960759,0.9323361100606288,2.313151411827017,,,,,CHEMBL234_Ki
99182118,mondrian_pairgap,cliffA,all,732,665,0.9084699453551912,0.8853937080240968,0.9272813496688912,2.292675880566703,,,,,CHEMBL234_Ki
99182118,mondrian_pairgap,cliffA,cliff,105,90,0.8571428571428571,0.7776004677299959,0.9114751916063542,2.0962980477168056,,,,,CHEMBL234_Ki
99182118,mondrian_pairgap,cliffA,noncliff,627,575,0.9170653907496013,0.8928556843765213,0.9361957241623297,2.3255621205176427,,,,,CHEMBL234_Ki
99182118,mondrian_pairgap,__bins__,__summary__,-1,-1,,,,2.292675880566703,0.8695652173913043,0.07933989209774672,0.7959183673469388,0.17668437237908863,CHEMBL234_Ki
99182118,mondrian_rfstd,cliffB_oracle,all,732,671,0.9166666666666666,0.894403662778423,0.9345792556040563,2.1675573456717223,,,,,CHEMBL234_Ki
99182118,mondrian_rfstd,cliffB_oracle,cliff,63,50,0.7936507936507936,0.6783018567138667,0.8752468038450617,2.070877403535412,,,,,CHEMBL234_Ki
99182118,mondrian_rfstd,cliffB_oracle,noncliff,669,621,0.9282511210762332,0.9061535320690972,0.9454586753657883,2.1766617348415096,,,,,CHEMBL234_Ki
99182118,mondrian_rfstd,cliffA,all,732,671,0.9166666666666666,0.894403662778423,0.9345792556040563,2.1675573456717223,,,,,CHEMBL234_Ki
99182118,mondrian_rfstd,cliffA,cliff,105,87,0.8285714285714286,0.7452274603731152,0.888722146216327,2.055746067098393,,,,,CHEMBL234_Ki
99182118,mondrian_rfstd,cliffA,noncliff,627,584,0.9314194577352473,0.9088957037731761,0.948689022841582,2.186281722466299,,,,,CHEMBL234_Ki
99182118,mondrian_rfstd,__bins__,__summary__,-1,-1,,,,2.1675573456717223,0.8967391304347826,0.03756743890828307,0.8767123287671232,0.07534246575342474,CHEMBL234_Ki
89709943,global,cliffB_oracle,all,732,659,0.9002732240437158,0.8764334291360999,0.9199337678673966,2.319017642575057,,,,,CHEMBL234_Ki
89709943,global,cliffB_oracle,cliff,54,47,0.8703703703703703,0.7557826977763024,0.9357627925267374,2.3190176425750573,,,,,CHEMBL234_Ki
89709943,global,cliffB_oracle,noncliff,678,612,0.9026548672566371,0.8780212712779877,0.922751390660692,2.319017642575057,,,,,CHEMBL234_Ki
89709943,global,cliffA,all,732,659,0.9002732240437158,0.8764334291360999,0.9199337678673966,2.319017642575057,,,,,CHEMBL234_Ki
89709943,global,cliffA,cliff,98,85,0.8673469387755102,0.7861710985395127,0.9208101332078238,2.319017642575057,,,,,CHEMBL234_Ki
89709943,global,cliffA,noncliff,634,574,0.9053627760252366,0.8800745175189827,0.9257683653665784,2.319017642575057,,,,,CHEMBL234_Ki
89709943,global,__bins__,__summary__,-1,-1,,,,2.319017642575057,0.8260869565217391,0.12281815296731191,0.7482993197278912,0.23115273506662937,CHEMBL234_Ki
89709943,mondrian_pair,cliffB_oracle,all,732,660,0.9016393442622951,0.8779235993663403,0.9211615744187382,2.3821499563153883,,,,,CHEMBL234_Ki
89709943,mondrian_pair,cliffB_oracle,cliff,54,42,0.7777777777777778,0.6506132834036111,0.8680458343236688,2.022690834384321,,,,,CHEMBL234_Ki
89709943,mondrian_pair,cliffB_oracle,noncliff,678,618,0.911504424778761,0.8877423302066086,0.9306297308955586,2.4107794439028187,,,,,CHEMBL234_Ki
89709943,mondrian_pair,cliffA,all,732,660,0.9016393442622951,0.8779235993663403,0.9211615744187382,2.3821499563153883,,,,,CHEMBL234_Ki
89709943,mondrian_pair,cliffA,cliff,98,79,0.8061224489795918,0.7169317562014913,0.8722192702546226,2.0157056257630224,,,,,CHEMBL234_Ki
89709943,mondrian_pair,cliffA,noncliff,634,581,0.916403785488959,0.8922703396730751,0.935521571151003,2.438792770817174,,,,,CHEMBL234_Ki
89709943,mondrian_pair,__bins__,__summary__,-1,-1,,,,2.3821499563153883,0.8206521739130435,0.1355522056490004,0.7278911564625851,0.25850340136054417,CHEMBL234_Ki
89709943,mondrian_wstd,cliffB_oracle,all,732,667,0.9112021857923497,0.8883912092394397,0.9297198020167119,2.4052538466977404,,,,,CHEMBL234_Ki
89709943,mondrian_wstd,cliffB_oracle,cliff,54,47,0.8703703703703703,0.7557826977763024,0.9357627925267374,2.4661823728033223,,,,,CHEMBL234_Ki
89709943,mondrian_wstd,cliffB_oracle,noncliff,678,620,0.9144542772861357,0.8909962252720104,0.9332423022179862,2.400401132229154,,,,,CHEMBL234_Ki
89709943,mondrian_wstd,cliffA,all,732,667,0.9112021857923497,0.8883912092394397,0.9297198020167119,2.4052538466977404,,,,,CHEMBL234_Ki
89709943,mondrian_wstd,cliffA,cliff,98,85,0.8673469387755102,0.7861710985395127,0.9208101332078238,2.4654274438365253,,,,,CHEMBL234_Ki
89709943,mondrian_wstd,cliffA,noncliff,634,582,0.917981072555205,0.8940210550262445,0.9369064312176217,2.3959525651210822,,,,,CHEMBL234_Ki
89709943,mondrian_wstd,__bins__,__summary__,-1,-1,,,,2.4052538466977404,0.8804347826086957,0.053871786734369986,0.782312925170068,0.20408163265306123,CHEMBL234_Ki
89709943,mondrian_std,cliffB_oracle,all,732,666,0.9098360655737705,0.8868917562434594,0.9285012782311105,2.399179283260442,,,,,CHEMBL234_Ki
89709943,mondrian_std,cliffB_oracle,cliff,54,46,0.8518518518518519,0.7339988471639411,0.9229693686239466,2.4625030098843115,,,,,CHEMBL234_Ki
89709943,mondrian_std,cliffB_oracle,noncliff,678,620,0.9144542772861357,0.8909962252720104,0.9332423022179862,2.3941358006089835,,,,,CHEMBL234_Ki
89709943,mondrian_std,cliffA,all,732,666,0.9098360655737705,0.8868917562434594,0.9285012782311105,2.399179283260442,,,,,CHEMBL234_Ki
89709943,mondrian_std,cliffA,cliff,98,84,0.8571428571428571,0.7743875696687049,0.9129552945300946,2.4687337596694188,,,,,CHEMBL234_Ki
89709943,mondrian_std,cliffA,noncliff,634,582,0.917981072555205,0.8940210550262445,0.9369064312176217,2.3884279604085807,,,,,CHEMBL234_Ki
89709943,mondrian_std,__bins__,__summary__,-1,-1,,,,2.399179283260442,0.8804347826086957,0.053871786734369986,0.782312925170068,0.20408163265306123,CHEMBL234_Ki
89709943,mondrian_iqr,cliffB_oracle,all,732,672,0.9180327868852459,0.8959105952947577,0.9357902998693037,2.431827324509734,,,,,CHEMBL234_Ki
89709943,mondrian_iqr,cliffB_oracle,cliff,54,47,0.8703703703703703,0.7557826977763024,0.9357627925267374,2.446725540767998,,,,,CHEMBL234_Ki
89709943,mondrian_iqr,cliffB_oracle,noncliff,678,625,0.9218289085545722,0.8991636212601075,0.9397410721994617,2.430640740913943,,,,,CHEMBL234_Ki
89709943,mondrian_iqr,cliffA,all,732,672,0.9180327868852459,0.8959105952947577,0.9357902998693037,2.431827324509734,,,,,CHEMBL234_Ki
89709943,mondrian_iqr,cliffA,cliff,98,86,0.8775510204081632,0.798071601716968,0.9285479975789057,2.4355586668228093,,,,,CHEMBL234_Ki
89709943,mondrian_iqr,cliffA,noncliff,634,586,0.9242902208201893,0.9010472773756185,0.9424225105474006,2.431250555508659,,,,,CHEMBL234_Ki
89709943,mondrian_iqr,__bins__,__summary__,-1,-1,,,,2.431827324509734,0.875,0.07390510948905105,0.782312925170068,0.19727891156462585,CHEMBL234_Ki
89709943,mondrian_nb,cliffB_oracle,all,732,656,0.8961748633879781,0.8719702085975073,0.9162430580612436,2.3011004939564064,,,,,CHEMBL234_Ki
89709943,mondrian_nb,cliffB_oracle,cliff,54,41,0.7592592592592593,0.6305247581649721,0.8535570850471558,2.0508210163609273,,,,,CHEMBL234_Ki
89709943,mondrian_nb,cliffB_oracle,noncliff,678,615,0.9070796460176991,0.8828744539123577,0.9266979076080658,2.321034257658701,,,,,CHEMBL234_Ki
89709943,mondrian_nb,cliffA,all,732,656,0.8961748633879781,0.8719702085975073,0.9162430580612436,2.3011004939564064,,,,,CHEMBL234_Ki
89709943,mondrian_nb,cliffA,cliff,98,78,0.7959183673469388,0.7056896702936686,0.8638229886139082,2.022876480612584,,,,,CHEMBL234_Ki
89709943,mondrian_nb,cliffA,noncliff,634,578,0.9116719242902208,0.8870312816180337,0.93135390294668,2.3441067294575015,,,,,CHEMBL234_Ki
89709943,mondrian_nb,__bins__,__summary__,-1,-1,,,,2.3011004939564064,0.8369565217391305,0.11194858774992056,0.782312925170068,0.17006802721088432,CHEMBL234_Ki
89709943,mondrian_nnsim,cliffB_oracle,all,732,662,0.9043715846994536,0.8809077189531465,0.9236134083950958,2.3353462752469096,,,,,CHEMBL234_Ki
89709943,mondrian_nnsim,cliffB_oracle,cliff,54,48,0.8888888888888888,0.7780529897881872,0.9480697750300044,2.7491727436062408,,,,,CHEMBL234_Ki
89709943,mondrian_nnsim,cliffB_oracle,noncliff,678,614,0.9056047197640118,0.8812551390677111,0.925383989258798,2.3023866450236,,,,,CHEMBL234_Ki
89709943,mondrian_nnsim,cliffA,all,732,662,0.9043715846994536,0.8809077189531465,0.9236134083950958,2.3353462752469096,,,,,CHEMBL234_Ki
89709943,mondrian_nnsim,cliffA,cliff,98,86,0.8775510204081632,0.798071601716968,0.9285479975789057,2.567971135208141,,,,,CHEMBL234_Ki
89709943,mondrian_nnsim,cliffA,noncliff,634,576,0.9085173501577287,0.8835489653372414,0.928565068387896,2.299388489322303,,,,,CHEMBL234_Ki
89709943,mondrian_nnsim,__bins__,__summary__,-1,-1,,,,2.3353462752469096,0.8315217391304348,0.12468264043160904,0.7414965986394558,0.23809523809523803,CHEMBL234_Ki
89709943,mondrian_pairgap,cliffB_oracle,all,732,656,0.8961748633879781,0.8719702085975073,0.9162430580612436,2.3565948428992467,,,,,CHEMBL234_Ki
89709943,mondrian_pairgap,cliffB_oracle,cliff,54,42,0.7777777777777778,0.6506132834036111,0.8680458343236688,2.035931099595093,,,,,CHEMBL234_Ki
89709943,mondrian_pairgap,cliffB_oracle,noncliff,678,614,0.9056047197640118,0.8812551390677111,0.925383989258798,2.3821344330739143,,,,,CHEMBL234_Ki
89709943,mondrian_pairgap,cliffA,all,732,656,0.8961748633879781,0.8719702085975073,0.9162430580612436,2.3565948428992467,,,,,CHEMBL234_Ki
89709943,mondrian_pairgap,cliffA,cliff,98,79,0.8061224489795918,0.7169317562014913,0.8722192702546226,2.0282867839150414,,,,,CHEMBL234_Ki
89709943,mondrian_pairgap,cliffA,noncliff,634,577,0.9100946372239748,0.8852891172114735,0.929960491933452,2.4073427763069004,,,,,CHEMBL234_Ki
89709943,mondrian_pairgap,__bins__,__summary__,-1,-1,,,,2.3565948428992467,0.8097826086956522,0.14642177086639163,0.7210884353741497,0.25850340136054417,CHEMBL234_Ki
89709943,mondrian_rfstd,cliffB_oracle,all,732,669,0.9139344262295082,0.8913944460422344,0.932152518777081,2.3209930386580524,,,,,CHEMBL234_Ki
89709943,mondrian_rfstd,cliffB_oracle,cliff,54,46,0.8518518518518519,0.7339988471639411,0.9229693686239466,2.2441010741952088,,,,,CHEMBL234_Ki
89709943,mondrian_rfstd,cliffB_oracle,noncliff,678,623,0.9188790560471977,0.8958908403913305,0.9371473866804098,2.3271171774205794,,,,,CHEMBL234_Ki
89709943,mondrian_rfstd,cliffA,all,732,669,0.9139344262295082,0.8913944460422344,0.932152518777081,2.3209930386580524,,,,,CHEMBL234_Ki
89709943,mondrian_rfstd,cliffA,cliff,98,86,0.8775510204081632,0.798071601716968,0.9285479975789057,2.2908768766910126,,,,,CHEMBL234_Ki
89709943,mondrian_rfstd,cliffA,noncliff,634,583,0.919558359621451,0.8957740450091725,0.9382890166544819,2.3256482182680998,,,,,CHEMBL234_Ki
89709943,mondrian_rfstd,__bins__,__summary__,-1,-1,,,,2.3209930386580524,0.8905109489051095,0.04379562043795615,0.8972602739726028,0.048317957319914284,CHEMBL234_Ki
86921808,global,cliffB_oracle,all,732,637,0.8702185792349727,0.8439275065362623,0.8926442012724326,2.1012897413587943,,,,,CHEMBL234_Ki
86921808,global,cliffB_oracle,cliff,65,56,0.8615384615384616,0.7573190275365485,0.9254090959684629,2.1012897413587943,,,,,CHEMBL234_Ki
86921808,global,cliffB_oracle,noncliff,667,581,0.8710644677661169,0.8434907489490169,0.8943885122257251,2.1012897413587948,,,,,CHEMBL234_Ki
86921808,global,cliffA,all,732,637,0.8702185792349727,0.8439275065362623,0.8926442012724326,2.1012897413587943,,,,,CHEMBL234_Ki
86921808,global,cliffA,cliff,107,95,0.8878504672897196,0.8141461014738314,0.9346711811845225,2.101289741358794,,,,,CHEMBL234_Ki
86921808,global,cliffA,noncliff,625,542,0.8672,0.8383383430608783,0.8915753634253186,2.101289741358794,,,,,CHEMBL234_Ki
86921808,global,__bins__,__summary__,-1,-1,,,,2.1012897413587943,0.8248587570621468,0.1031987968946877,0.7006802721088435,0.25850340136054417,CHEMBL234_Ki
86921808,mondrian_pair,cliffB_oracle,all,732,644,0.8797814207650273,0.854217371981732,0.9013801732980361,2.1891871566897434,,,,,CHEMBL234_Ki
86921808,mondrian_pair,cliffB_oracle,cliff,65,52,0.8,0.6872986736183406,0.8792204075879453,1.9686279146910992,,,,,CHEMBL234_Ki
86921808,mondrian_pair,cliffB_oracle,noncliff,667,592,0.8875562218890555,0.8613283281628362,0.9093455668418945,2.210680935895008,,,,,CHEMBL234_Ki
86921808,mondrian_pair,cliffA,all,732,644,0.8797814207650273,0.854217371981732,0.9013801732980361,2.1891871566897434,,,,,CHEMBL234_Ki
86921808,mondrian_pair,cliffA,cliff,107,91,0.8504672897196262,0.7708304349721777,0.9058116879118769,2.0314482181363376,,,,,CHEMBL234_Ki
86921808,mondrian_pair,cliffA,noncliff,625,553,0.8848,0.8573856604379706,0.907513016729482,2.2161920629700864,,,,,CHEMBL234_Ki
86921808,mondrian_pair,__bins__,__summary__,-1,-1,,,,2.1891871566897434,0.8361581920903954,0.0918993618664391,0.7346938775510204,0.23809523809523803,CHEMBL234_Ki
86921808,mondrian_wstd,cliffB_oracle,all,732,639,0.8729508196721312,0.8468629087260705,0.8951447526457882,2.1204506224776303,,,,,CHEMBL234_Ki
86921808,mondrian_wstd,cliffB_oracle,cliff,65,55,0.8461538461538461,0.7394468036002149,0.914229059330115,2.1940083697597497,,,,,CHEMBL234_Ki
86921808,mondrian_wstd,cliffB_oracle,noncliff,667,584,0.8755622188905547,0.8483412078241892,0.8984820443950954,2.11328232626573,,,,,CHEMBL234_Ki
86921808,mondrian_wstd,cliffA,all,732,639,0.8729508196721312,0.8468629087260705,0.8951447526457882,2.1204506224776303,,,,,CHEMBL234_Ki
86921808,mondrian_wstd,cliffA,cliff,107,94,0.8785046728971962,0.8031678343823965,0.9276056583323826,2.2056613743255133,,,,,CHEMBL234_Ki
86921808,mondrian_wstd,cliffA,noncliff,625,545,0.872,0.8435167978288306,0.8959382642977088,2.105862541761273,,,,,CHEMBL234_Ki
86921808,mondrian_wstd,__bins__,__summary__,-1,-1,,,,2.1204506224776303,0.841726618705036,0.05035971223021585,0.7210884353741497,0.23809523809523803,CHEMBL234_Ki
86921808,mondrian_std,cliffB_oracle,all,732,637,0.8702185792349727,0.8439275065362623,0.8926442012724326,2.1229891654258313,,,,,CHEMBL234_Ki
86921808,mondrian_std,cliffB_oracle,cliff,65,55,0.8461538461538461,0.7394468036002149,0.914229059330115,2.1988091933944345,,,,,CHEMBL234_Ki
86921808,mondrian_std,cliffB_oracle,noncliff,667,582,0.8725637181409296,0.8451064347324381,0.8957541567904849,2.1156004070780665,,,,,CHEMBL234_Ki
86921808,mondrian_std,cliffA,all,732,637,0.8702185792349727,0.8439275065362623,0.8926442012724326,2.1229891654258313,,,,,CHEMBL234_Ki
86921808,mondrian_std,cliffA,cliff,107,94,0.8785046728971962,0.8031678343823965,0.9276056583323826,2.2110216361791504,,,,,CHEMBL234_Ki
86921808,mondrian_std,cliffA,noncliff,625,543,0.8688,0.8400632101108894,0.8930309482554217,2.1079180064328633,,,,,CHEMBL234_Ki
86921808,mondrian_std,__bins__,__summary__,-1,-1,,,,2.1229891654258313,0.841726618705036,0.05035971223021585,0.7142857142857143,0.2448979591836734,CHEMBL234_Ki
86921808,mondrian_iqr,cliffB_oracle,all,732,646,0.8825136612021858,0.8571658157019068,0.9038676831410252,2.1794167879674387,,,,,CHEMBL234_Ki
86921808,mondrian_iqr,cliffB_oracle,cliff,65,55,0.8461538461538461,0.7394468036002149,0.914229059330115,2.260864151428591,,,,,CHEMBL234_Ki
86921808,mondrian_iqr,cliffB_oracle,noncliff,667,591,0.8860569715142429,0.8597005291817968,0.9079920354747532,2.1714796386046573,,,,,CHEMBL234_Ki
86921808,mondrian_iqr,cliffA,all,732,646,0.8825136612021858,0.8571658157019068,0.9038676831410252,2.1794167879674387,,,,,CHEMBL234_Ki
86921808,mondrian_iqr,cliffA,cliff,107,94,0.8785046728971962,0.8031678343823965,0.9276056583323826,2.245064856537512,,,,,CHEMBL234_Ki
86921808,mondrian_iqr,cliffA,noncliff,625,552,0.8832,0.8556470404410265,0.906071184846312,2.168177838628242,,,,,CHEMBL234_Ki
86921808,mondrian_iqr,__bins__,__summary__,-1,-1,,,,2.1794167879674387,0.864406779661017,0.04206804048286794,0.7346938775510204,0.22448979591836726,CHEMBL234_Ki
86921808,mondrian_nb,cliffB_oracle,all,732,642,0.8770491803278688,0.8512727872927797,0.8988888044238246,2.148140016685703,,,,,CHEMBL234_Ki
86921808,mondrian_nb,cliffB_oracle,cliff,65,51,0.7846153846153846,0.6703343975431146,0.8671324230884898,1.9496100216945689,,,,,CHEMBL234_Ki
86921808,mondrian_nb,cliffB_oracle,noncliff,667,591,0.8860569715142429,0.8597005291817968,0.9079920354747532,2.1674870176968333,,,,,CHEMBL234_Ki
86921808,mondrian_nb,cliffA,all,732,642,0.8770491803278688,0.8512727872927797,0.8988888044238246,2.148140016685703,,,,,CHEMBL234_Ki
86921808,mondrian_nb,cliffA,cliff,107,90,0.8411214953271028,0.7602251013923458,0.8983732315481341,1.9719755773200764,,,,,CHEMBL234_Ki
86921808,mondrian_nb,cliffA,noncliff,625,552,0.8832,0.8556470404410265,0.906071184846312,2.1782993687050984,,,,,CHEMBL234_Ki
86921808,mondrian_nb,__bins__,__summary__,-1,-1,,,,2.148140016685703,0.8192090395480226,0.10832719233603538,0.7619047619047619,0.1768707482993198,CHEMBL234_Ki
86921808,mondrian_nnsim,cliffB_oracle,all,732,652,0.8907103825136612,0.8660354896436621,0.9113058698887612,2.181773258984015,,,,,CHEMBL234_Ki
86921808,mondrian_nnsim,cliffB_oracle,cliff,65,57,0.8769230769230769,0.7754850591783848,0.9362953249013077,2.2111917751019003,,,,,CHEMBL234_Ki
86921808,mondrian_nnsim,cliffB_oracle,noncliff,667,595,0.8920539730134932,0.8662197621695726,0.9133981238797002,2.178906387098464,,,,,CHEMBL234_Ki
86921808,mondrian_nnsim,cliffA,all,732,652,0.8907103825136612,0.8660354896436621,0.9113058698887612,2.181773258984015,,,,,CHEMBL234_Ki
86921808,mondrian_nnsim,cliffA,cliff,107,96,0.897196261682243,0.825240244677948,0.9416208279239807,2.2100720150792217,,,,,CHEMBL234_Ki
86921808,mondrian_nnsim,cliffA,noncliff,625,556,0.8896,0.8626106771409593,0.9118293556668357,2.176928511940516,,,,,CHEMBL234_Ki
86921808,mondrian_nnsim,__bins__,__summary__,-1,-1,,,,2.181773258984015,0.8192090395480226,0.12323700361744505,0.7278911564625851,0.2448979591836734,CHEMBL234_Ki
86921808,mondrian_pairgap,cliffB_oracle,all,732,639,0.8729508196721312,0.8468629087260705,0.8951447526457882,2.179012825134112,,,,,CHEMBL234_Ki
86921808,mondrian_pairgap,cliffB_oracle,cliff,65,50,0.7692307692307693,0.6535529085185335,0.8548616515383899,1.9608174308678208,,,,,CHEMBL234_Ki
86921808,mondrian_pairgap,cliffB_oracle,noncliff,667,589,0.8830584707646177,0.85644881399939,0.9052810899607984,2.200276244365459,,,,,CHEMBL234_Ki
86921808,mondrian_pairgap,cliffA,all,732,639,0.8729508196721312,0.8468629087260705,0.8951447526457882,2.179012825134112,,,,,CHEMBL234_Ki
86921808,mondrian_pairgap,cliffA,cliff,107,88,0.822429906542056,0.7392402603548631,0.8832704926984671,2.0324845905311157,,,,,CHEMBL234_Ki
86921808,mondrian_pairgap,cliffA,noncliff,625,551,0.8816,0.8539099016809188,0.9046278717263057,2.2040984588981445,,,,,CHEMBL234_Ki
86921808,mondrian_pairgap,__bins__,__summary__,-1,-1,,,,2.179012825134112,0.8273381294964028,0.1007194244604317,0.7210884353741497,0.2517006802721088,CHEMBL234_Ki
86921808,mondrian_rfstd,cliffB_oracle,all,732,629,0.8592896174863388,0.8322200265880221,0.8826078669680176,1.9611996180161153,,,,,CHEMBL234_Ki
86921808,mondrian_rfstd,cliffB_oracle,cliff,65,47,0.7230769230769231,0.6041936164611803,0.817064161871699,1.8435103128842392,,,,,CHEMBL234_Ki
86921808,mondrian_rfstd,cliffB_oracle,noncliff,667,582,0.8725637181409296,0.8451064347324381,0.8957541567904849,1.9726685907800912,,,,,CHEMBL234_Ki
86921808,mondrian_rfstd,cliffA,all,732,629,0.8592896174863388,0.8322200265880221,0.8826078669680176,1.9611996180161153,,,,,CHEMBL234_Ki
86921808,mondrian_rfstd,cliffA,cliff,107,87,0.8130841121495327,0.7288517015069753,0.8756152616027801,1.8807269480245103,,,,,CHEMBL234_Ki
86921808,mondrian_rfstd,cliffA,noncliff,625,542,0.8672,0.8383383430608783,0.8915753634253186,1.9749765391186782,,,,,CHEMBL234_Ki
86921808,mondrian_rfstd,__bins__,__summary__,-1,-1,,,,1.9611996180161153,0.8273381294964028,0.05755395683453246,0.815068493150685,0.10273972602739723,CHEMBL234_Ki
89165191,global,cliffB_oracle,all,732,671,0.9166666666666666,0.894403662778423,0.9345792556040563,2.245366958774074,,,,,CHEMBL234_Ki
89165191,global,cliffB_oracle,cliff,64,60,0.9375,0.8500251490779133,0.9754287986033819,2.245366958774074,,,,,CHEMBL234_Ki
89165191,global,cliffB_oracle,noncliff,668,611,0.9146706586826348,0.8910420336752826,0.9335572713042805,2.245366958774074,,,,,CHEMBL234_Ki
89165191,global,cliffA,all,732,671,0.9166666666666666,0.894403662778423,0.9345792556040563,2.245366958774074,,,,,CHEMBL234_Ki
89165191,global,cliffA,cliff,100,94,0.94,0.8752318455410406,0.9722138760368118,2.245366958774074,,,,,CHEMBL234_Ki
89165191,global,cliffA,noncliff,632,577,0.9129746835443038,0.8884289095091396,0.9325304550597613,2.245366958774074,,,,,CHEMBL234_Ki
89165191,global,__bins__,__summary__,-1,-1,,,,2.245366958774074,0.8197674418604651,0.1588039867109634,0.7959183673469388,0.1768707482993197,CHEMBL234_Ki
89165191,mondrian_pair,cliffB_oracle,all,732,665,0.9084699453551912,0.8853937080240968,0.9272813496688912,2.1623119499582124,,,,,CHEMBL234_Ki
89165191,mondrian_pair,cliffB_oracle,cliff,64,56,0.875,0.7722543817887005,0.9352775733666955,1.959034661985,,,,,CHEMBL234_Ki
89165191,mondrian_pair,cliffB_oracle,noncliff,668,609,0.9116766467065869,0.8877368416383019,0.9309086777457408,2.181787618267023,,,,,CHEMBL234_Ki
89165191,mondrian_pair,cliffA,all,732,665,0.9084699453551912,0.8853937080240968,0.9272813496688912,2.1623119499582124,,,,,CHEMBL234_Ki
89165191,mondrian_pair,cliffA,cliff,100,90,0.9,0.8256343384950865,0.9447708629393249,2.012077448497785,,,,,CHEMBL234_Ki
89165191,mondrian_pair,cliffA,noncliff,632,575,0.9098101265822784,0.8849317400613332,0.9297367481507177,2.186083231834862,,,,,CHEMBL234_Ki
89165191,mondrian_pair,__bins__,__summary__,-1,-1,,,,2.1623119499582124,0.8372093023255814,0.13421926910298998,0.8231292517006803,0.14965986394557818,CHEMBL234_Ki
89165191,mondrian_wstd,cliffB_oracle,all,732,668,0.912568306010929,0.8898920958568038,0.9309368921809299,2.201197312802782,,,,,CHEMBL234_Ki
89165191,mondrian_wstd,cliffB_oracle,cliff,64,59,0.921875,0.8298046264583709,0.9661688230914496,2.354771820535129,,,,,CHEMBL234_Ki
89165191,mondrian_wstd,cliffB_oracle,noncliff,668,609,0.9116766467065869,0.8877368416383019,0.9309086777457408,2.1864835875110598,,,,,CHEMBL234_Ki
89165191,mondrian_wstd,cliffA,all,732,668,0.912568306010929,0.8898920958568038,0.9309368921809299,2.201197312802782,,,,,CHEMBL234_Ki
89165191,mondrian_wstd,cliffA,cliff,100,92,0.92,0.8500189229905127,0.9589065385156194,2.3160469644356474,,,,,CHEMBL234_Ki
89165191,mondrian_wstd,cliffA,noncliff,632,576,0.9113924050632911,0.8866792908481751,0.9311346355423009,2.1830248995697334,,,,,CHEMBL234_Ki
89165191,mondrian_wstd,__bins__,__summary__,-1,-1,,,,2.201197312802782,0.8642857142857143,0.07857142857142851,0.8095238095238095,0.14965986394557818,CHEMBL234_Ki
89165191,mondrian_std,cliffB_oracle,all,732,672,0.9180327868852459,0.8959105952947577,0.9357902998693037,2.280656242384983,,,,,CHEMBL234_Ki
89165191,mondrian_std,cliffB_oracle,cliff,64,60,0.9375,0.8500251490779133,0.9754287986033819,2.416969311406969,,,,,CHEMBL234_Ki
89165191,mondrian_std,cliffB_oracle,noncliff,668,612,0.9161676646706587,0.8926974520063595,0.9348787457709635,2.2675963076283856,,,,,CHEMBL234_Ki
89165191,mondrian_std,cliffA,all,732,672,0.9180327868852459,0.8959105952947577,0.9357902998693037,2.280656242384983,,,,,CHEMBL234_Ki
89165191,mondrian_std,cliffA,cliff,100,95,0.95,0.8882495307680808,0.9784563208456319,2.3788398964691435,,,,,CHEMBL234_Ki
89165191,mondrian_std,cliffA,noncliff,632,577,0.9129746835443038,0.8884289095091396,0.9325304550597613,2.265120854080527,,,,,CHEMBL234_Ki
89165191,mondrian_std,__bins__,__summary__,-1,-1,,,,2.280656242384983,0.8642857142857143,0.09285714285714286,0.8299319727891157,0.1360544217687074,CHEMBL234_Ki
89165191,mondrian_iqr,cliffB_oracle,all,732,658,0.8989071038251366,0.8749444883318519,0.9187047318900629,2.164569104711988,,,,,CHEMBL234_Ki
89165191,mondrian_iqr,cliffB_oracle,cliff,64,59,0.921875,0.8298046264583709,0.9661688230914496,2.25622559674257,,,,,CHEMBL234_Ki
89165191,mondrian_iqr,cliffB_oracle,noncliff,668,599,0.8967065868263473,0.8713136226836469,0.9175629687227942,2.1557876443976807,,,,,CHEMBL234_Ki
89165191,mondrian_iqr,cliffA,all,732,658,0.8989071038251366,0.8749444883318519,0.9187047318900629,2.164569104711988,,,,,CHEMBL234_Ki
89165191,mondrian_iqr,cliffA,cliff,100,91,0.91,0.837737871472837,0.9519274599974348,2.2147440932621,,,,,CHEMBL234_Ki
89165191,mondrian_iqr,cliffA,noncliff,632,567,0.8971518987341772,0.8710204059725518,0.9184845768121,2.156630024245198,,,,,CHEMBL234_Ki
89165191,mondrian_iqr,__bins__,__summary__,-1,-1,,,,2.164569104711988,0.8546511627906976,0.0882059800664452,0.7959183673469388,0.1496598639455783,CHEMBL234_Ki
89165191,mondrian_nb,cliffB_oracle,all,732,669,0.9139344262295082,0.8913944460422344,0.932152518777081,2.19447744189022,,,,,CHEMBL234_Ki
89165191,mondrian_nb,cliffB_oracle,cliff,64,60,0.9375,0.8500251490779133,0.9754287986033819,1.9886036037928982,,,,,CHEMBL234_Ki
89165191,mondrian_nb,cliffB_oracle,noncliff,668,609,0.9116766467065869,0.8877368416383019,0.9309086777457408,2.214201881468407,,,,,CHEMBL234_Ki
89165191,mondrian_nb,cliffA,all,732,669,0.9139344262295082,0.8913944460422344,0.932152518777081,2.19447744189022,,,,,CHEMBL234_Ki
89165191,mondrian_nb,cliffA,cliff,100,92,0.92,0.8500189229905127,0.9589065385156194,2.057353091696607,,,,,CHEMBL234_Ki
89165191,mondrian_nb,cliffA,noncliff,632,577,0.9129746835443038,0.8884289095091396,0.9325304550597613,2.2161743327436403,,,,,CHEMBL234_Ki
89165191,mondrian_nb,__bins__,__summary__,-1,-1,,,,2.19447744189022,0.8488372093023255,0.11544850498338877,0.8435374149659864,0.10166806448606835,CHEMBL234_Ki
89165191,mondrian_nnsim,cliffB_oracle,all,732,670,0.9153005464480874,0.8928982909044181,0.9333666506964795,2.244187851456851,,,,,CHEMBL234_Ki
89165191,mondrian_nnsim,cliffB_oracle,cliff,64,61,0.953125,0.8710034625990631,0.983930983213707,2.309876420003782,,,,,CHEMBL234_Ki
89165191,mondrian_nnsim,cliffB_oracle,noncliff,668,609,0.9116766467065869,0.8877368416383019,0.9309086777457408,2.2378943359074444,,,,,CHEMBL234_Ki
89165191,mondrian_nnsim,cliffA,all,732,670,0.9153005464480874,0.8928982909044181,0.9333666506964795,2.244187851456851,,,,,CHEMBL234_Ki
89165191,mondrian_nnsim,cliffA,cliff,100,94,0.94,0.8752318455410406,0.9722138760368118,2.3091656244014236,,,,,CHEMBL234_Ki
89165191,mondrian_nnsim,cliffA,noncliff,632,576,0.9113924050632911,0.8866792908481751,0.9311346355423009,2.233906558269419,,,,,CHEMBL234_Ki
89165191,mondrian_nnsim,__bins__,__summary__,-1,-1,,,,2.244187851456851,0.8255813953488372,0.1458471760797342,0.8231292517006803,0.14965986394557818,CHEMBL234_Ki
89165191,mondrian_pairgap,cliffB_oracle,all,732,660,0.9016393442622951,0.8779235993663403,0.9211615744187382,2.1592445829571543,,,,,CHEMBL234_Ki
89165191,mondrian_pairgap,cliffB_oracle,cliff,64,56,0.875,0.7722543817887005,0.9352775733666955,2.061338899875624,,,,,CHEMBL234_Ki
89165191,mondrian_pairgap,cliffB_oracle,noncliff,668,604,0.9041916167664671,0.879504878154357,0.9242561772408849,2.1686247681625703,,,,,CHEMBL234_Ki
89165191,mondrian_pairgap,cliffA,all,732,660,0.9016393442622951,0.8779235993663403,0.9211615744187382,2.1592445829571543,,,,,CHEMBL234_Ki
89165191,mondrian_pairgap,cliffA,cliff,100,89,0.89,0.8136870349691969,0.9374580364293543,2.085556225744506,,,,,CHEMBL234_Ki
89165191,mondrian_pairgap,cliffA,noncliff,632,571,0.9034810126582279,0.8779612842052363,0.9241254512931153,2.1709041331490293,,,,,CHEMBL234_Ki
89165191,mondrian_pairgap,__bins__,__summary__,-1,-1,,,,2.1592445829571543,0.8197674418604651,0.1516611295681063,0.7891156462585034,0.1768707482993197,CHEMBL234_Ki
89165191,mondrian_rfstd,cliffB_oracle,all,732,657,0.8975409836065574,0.8734567551759701,0.9174744882643627,2.023673374028828,,,,,CHEMBL234_Ki
89165191,mondrian_rfstd,cliffB_oracle,cliff,64,51,0.796875,0.6828636426898583,0.8772658218081634,1.996407937793227,,,,,CHEMBL234_Ki
89165191,mondrian_rfstd,cliffB_oracle,noncliff,668,606,0.907185628742515,0.8827925388569865,0.9269223021337757,2.0262856313927182,,,,,CHEMBL234_Ki
89165191,mondrian_rfstd,cliffA,all,732,657,0.8975409836065574,0.8734567551759701,0.9174744882643627,2.023673374028828,,,,,CHEMBL234_Ki
89165191,mondrian_rfstd,cliffA,cliff,100,83,0.83,0.7445199523239887,0.8910643388594006,1.9643638134287018,,,,,CHEMBL234_Ki
89165191,mondrian_rfstd,cliffA,noncliff,632,574,0.9082278481012658,0.8831862091053893,0.9283368409282369,2.033057798174418,,,,,CHEMBL234_Ki
89165191,mondrian_rfstd,__bins__,__summary__,-1,-1,,,,2.023673374028828,0.8372093023255814,0.11993355481727574,0.8493150684931506,0.08904109589041098,CHEMBL234_Ki
71339737,global,cliffB_oracle,all,620,546,0.8806451612903226,0.8527526561774612,0.903849832044892,2.5386614836474912,,,,,CHEMBL244_Ki
71339737,global,cliffB_oracle,cliff,72,63,0.875,0.7791894627583916,0.9328221577942649,2.538661483647491,,,,,CHEMBL244_Ki
71339737,global,cliffB_oracle,noncliff,548,483,0.8813868613138686,0.8516248288873041,0.9058391008675961,2.5386614836474912,,,,,CHEMBL244_Ki
71339737,global,cliffA,all,620,546,0.8806451612903226,0.8527526561774612,0.903849832044892,2.5386614836474912,,,,,CHEMBL244_Ki
71339737,global,cliffA,cliff,110,97,0.8818181818181818,0.8082495498597607,0.9296187177307321,2.5386614836474917,,,,,CHEMBL244_Ki
71339737,global,cliffA,noncliff,510,449,0.8803921568627451,0.8493469519540953,0.9057497677432409,2.538661483647491,,,,,CHEMBL244_Ki
71339737,global,__bins__,__summary__,-1,-1,,,,2.5386614836474912,0.8294573643410853,0.09737190395159767,0.782258064516129,0.19354838709677424,CHEMBL244_Ki
71339737,mondrian_pair,cliffB_oracle,all,620,557,0.8983870967741936,0.8720981397232941,0.9197697187128131,2.706828475717082,,,,,CHEMBL244_Ki
71339737,mondrian_pair,cliffB_oracle,cliff,72,62,0.8611111111111112,0.762868127494437,0.9227726922970102,2.48400035769449,,,,,CHEMBL244_Ki
71339737,mondrian_pair,cliffB_oracle,noncliff,548,495,0.9032846715328468,0.8756576180636783,0.9252970636388719,2.7361051627565467,,,,,CHEMBL244_Ki
71339737,mondrian_pair,cliffA,all,620,557,0.8983870967741936,0.8720981397232941,0.9197697187128131,2.706828475717082,,,,,CHEMBL244_Ki
71339737,mondrian_pair,cliffA,cliff,110,95,0.8636363636363636,0.7871432478694177,0.9155884355500993,2.506611394220515,,,,,CHEMBL244_Ki
71339737,mondrian_pair,cliffA,noncliff,510,462,0.9058823529411765,0.8774195794138797,0.9282764050054428,2.7500125521183025,,,,,CHEMBL244_Ki
71339737,mondrian_pair,__bins__,__summary__,-1,-1,,,,2.706828475717082,0.8294573643410853,0.11316558647858688,0.8306451612903226,0.15322580645161288,CHEMBL244_Ki
71339737,mondrian_wstd,cliffB_oracle,all,620,547,0.882258064516129,0.8545034288696964,0.9053050020993616,2.508591820919612,,,,,CHEMBL244_Ki
71339737,mondrian_wstd,cliffB_oracle,cliff,72,63,0.875,0.7791894627583916,0.9328221577942649,2.647788560710328,,,,,CHEMBL244_Ki
71339737,mondrian_wstd,cliffB_oracle,noncliff,548,484,0.8832116788321168,0.8536154358881896,0.9074727231956816,2.490303198173386,,,,,CHEMBL244_Ki
71339737,mondrian_wstd,cliffA,all,620,547,0.882258064516129,0.8545034288696964,0.9053050020993616,2.508591820919612,,,,,CHEMBL244_Ki
71339737,mondrian_wstd,cliffA,cliff,110,99,0.9,0.8297649719024331,0.9432398798590356,2.7039310164713406,,,,,CHEMBL244_Ki
71339737,mondrian_wstd,cliffA,noncliff,510,448,0.8784313725490196,0.8472057617616944,0.9039987068031812,2.4664598375653175,,,,,CHEMBL244_Ki
71339737,mondrian_wstd,__bins__,__summary__,-1,-1,,,,2.508591820919612,0.8130081300813008,0.14823217999621863,0.7983870967741935,0.17741935483870974,CHEMBL244_Ki
71339737,mondrian_std,cliffB_oracle,all,620,544,0.8774193548387097,0.8492554950171937,0.9009351077117499,2.4718915149812384,,,,,CHEMBL244_Ki
71339737,mondrian_std,cliffB_oracle,cliff,72,63,0.875,0.7791894627583916,0.9328221577942649,2.6330639127479643,,,,,CHEMBL244_Ki
71339737,mondrian_std,cliffB_oracle,noncliff,548,481,0.8777372262773723,0.847649610111035,0.9025658609859236,2.4507155795082376,,,,,CHEMBL244_Ki
71339737,mondrian_std,cliffA,all,620,544,0.8774193548387097,0.8492554950171937,0.9009351077117499,2.4718915149812384,,,,,CHEMBL244_Ki
71339737,mondrian_std,cliffA,cliff,110,99,0.9,0.8297649719024331,0.9432398798590356,2.676208690960969,,,,,CHEMBL244_Ki
71339737,mondrian_std,cliffA,noncliff,510,445,0.8725490196078431,0.8407959779302778,0.8987317372372163,2.427823104475806,,,,,CHEMBL244_Ki
71339737,mondrian_std,__bins__,__summary__,-1,-1,,,,2.4718915149812384,0.8130081300813008,0.1404802420117225,0.782258064516129,0.19354838709677424,CHEMBL244_Ki
71339737,mondrian_iqr,cliffB_oracle,all,620,549,0.885483870967742,0.8580094875570828,0.9082108289053853,2.5714474888156174,,,,,CHEMBL244_Ki
71339737,mondrian_iqr,cliffB_oracle,cliff,72,63,0.875,0.7791894627583916,0.9328221577942649,2.60843344540697,,,,,CHEMBL244_Ki
71339737,mondrian_iqr,cliffB_oracle,noncliff,548,486,0.8868613138686131,0.857602846523165,0.9107337712186477,2.5665880200663884,,,,,CHEMBL244_Ki
71339737,mondrian_iqr,cliffA,all,620,549,0.885483870967742,0.8580094875570828,0.9082108289053853,2.5714474888156174,,,,,CHEMBL244_Ki
71339737,mondrian_iqr,cliffA,cliff,110,98,0.8909090909090909,0.8189511686524213,0.9364853910235593,2.704708717047327,,,,,CHEMBL244_Ki
71339737,mondrian_iqr,cliffA,noncliff,510,451,0.884313725490196,0.8536365150259291,0.9092447069363281,2.5427048709617197,,,,,CHEMBL244_Ki
71339737,mondrian_iqr,__bins__,__summary__,-1,-1,,,,2.5714474888156174,0.8699186991869918,0.024390243902439046,0.8064516129032258,0.1693548387096775,CHEMBL244_Ki
71339737,mondrian_nb,cliffB_oracle,all,620,560,0.9032258064516129,0.8774103031342926,0.9240753835419291,2.7489706737133224,,,,,CHEMBL244_Ki
71339737,mondrian_nb,cliffB_oracle,cliff,72,62,0.8611111111111112,0.762868127494437,0.9227726922970102,2.604377424811102,,,,,CHEMBL244_Ki
71339737,mondrian_nb,cliffB_oracle,noncliff,548,498,0.9087591240875912,0.8817209537581407,0.9301064159313217,2.7679683268537603,,,,,CHEMBL244_Ki
71339737,mondrian_nb,cliffA,all,620,560,0.9032258064516129,0.8774103031342926,0.9240753835419291,2.7489706737133224,,,,,CHEMBL244_Ki
71339737,mondrian_nb,cliffA,cliff,110,96,0.8727272727272727,0.7976497893934749,0.9226501861115299,2.5953126101943123,,,,,CHEMBL244_Ki
71339737,mondrian_nb,cliffA,noncliff,510,464,0.9098039215686274,0.8817828981653502,0.9316975885188934,2.782112608982129,,,,,CHEMBL244_Ki
71339737,mondrian_nb,__bins__,__summary__,-1,-1,,,,2.7489706737133224,0.8536585365853658,0.08943089430894313,0.8387096774193549,0.13709677419354838,CHEMBL244_Ki
71339737,mondrian_nnsim,cliffB_oracle,all,620,553,0.8919354838709678,0.8650404385450804,0.9140036489042073,2.6688188165222955,,,,,CHEMBL244_Ki
71339737,mondrian_nnsim,cliffB_oracle,cliff,72,65,0.9027777777777778,0.8126495420487314,0.9521036800263443,2.8108941292372873,,,,,CHEMBL244_Ki
71339737,mondrian_nnsim,cliffB_oracle,noncliff,548,488,0.8905109489051095,0.8615988065404244,0.9139862698593301,2.6501519871144863,,,,,CHEMBL244_Ki
71339737,mondrian_nnsim,cliffA,all,620,553,0.8919354838709678,0.8650404385450804,0.9140036489042073,2.6688188165222955,,,,,CHEMBL244_Ki
71339737,mondrian_nnsim,cliffA,cliff,110,97,0.8818181818181818,0.8082495498597607,0.9296187177307321,2.7601511295460854,,,,,CHEMBL244_Ki
71339737,mondrian_nnsim,cliffA,noncliff,510,456,0.8941176470588236,0.8644048393197039,0.9179376383048559,2.6491196901838308,,,,,CHEMBL244_Ki
71339737,mondrian_nnsim,__bins__,__summary__,-1,-1,,,,2.6688188165222955,0.8217054263565892,0.1213840045377198,0.7903225806451613,0.19354838709677424,CHEMBL244_Ki
71339737,mondrian_pairgap,cliffB_oracle,all,620,553,0.8919354838709678,0.8650404385450804,0.9140036489042073,2.7171022003532,,,,,CHEMBL244_Ki
71339737,mondrian_pairgap,cliffB_oracle,cliff,72,62,0.8611111111111112,0.762868127494437,0.9227726922970102,2.5545974940332172,,,,,CHEMBL244_Ki
71339737,mondrian_pairgap,cliffB_oracle,noncliff,548,491,0.8959854014598541,0.8676095930622727,0.9188481713243943,2.7384531836653143,,,,,CHEMBL244_Ki
71339737,mondrian_pairgap,cliffA,all,620,553,0.8919354838709678,0.8650404385450804,0.9140036489042073,2.7171022003532,,,,,CHEMBL244_Ki
71339737,mondrian_pairgap,cliffA,cliff,110,96,0.8727272727272727,0.7976497893934749,0.9226501861115299,2.6334715286205066,,,,,CHEMBL244_Ki
71339737,mondrian_pairgap,cliffA,noncliff,510,457,0.8960784313725491,0.8665665931430336,0.9196681356139865,2.735140188373977,,,,,CHEMBL244_Ki
71339737,mondrian_pairgap,__bins__,__summary__,-1,-1,,,,2.7171022003532,0.8372093023255814,0.09721692718261532,0.8064516129032258,0.1693548387096775,CHEMBL244_Ki
71339737,mondrian_rfstd,cliffB_oracle,all,620,571,0.9209677419354839,0.8970467112850348,0.9397043456049409,2.6845753218516824,,,,,CHEMBL244_Ki
71339737,mondrian_rfstd,cliffB_oracle,cliff,72,64,0.8888888888888888,0.7957706176633595,0.9426118036505066,2.4220585616340813,,,,,CHEMBL244_Ki
71339737,mondrian_rfstd,cliffB_oracle,noncliff,548,507,0.9251824817518248,0.9000729769400866,0.9443724567101133,2.719066575018958,,,,,CHEMBL244_Ki
71339737,mondrian_rfstd,cliffA,all,620,571,0.9209677419354839,0.8970467112850348,0.9397043456049409,2.6845753218516824,,,,,CHEMBL244_Ki
71339737,mondrian_rfstd,cliffA,cliff,110,101,0.9181818181818182,0.8517820822110996,0.9563593537213447,2.5366007587177535,,,,,CHEMBL244_Ki
71339737,mondrian_rfstd,cliffA,noncliff,510,470,0.9215686274509803,0.8949586411169289,0.9418753523620774,2.716491404096255,,,,,CHEMBL244_Ki
71339737,mondrian_rfstd,__bins__,__summary__,-1,-1,,,,2.6845753218516824,0.8780487804878049,0.05993571563622613,0.8790322580645161,0.08064516129032262,CHEMBL244_Ki
99182118,global,cliffB_oracle,all,620,548,0.8838709677419355,0.8562556971008911,0.906758676614872,2.4895055096999283,,,,,CHEMBL244_Ki
99182118,global,cliffB_oracle,cliff,78,67,0.8589743589743589,0.7648602182063984,0.9193895594361288,2.4895055096999292,,,,,CHEMBL244_Ki
99182118,global,cliffB_oracle,noncliff,542,481,0.8874538745387454,0.8580746024504461,0.9113795920100148,2.4895055096999275,,,,,CHEMBL244_Ki
99182118,global,cliffA,all,620,548,0.8838709677419355,0.8562556971008911,0.906758676614872,2.4895055096999283,,,,,CHEMBL244_Ki
99182118,global,cliffA,cliff,120,104,0.8666666666666667,0.7943520342531574,0.916233910373127,2.489505509699927,,,,,CHEMBL244_Ki
99182118,global,cliffA,noncliff,500,444,0.888,0.8573463119959378,0.9127371998058978,2.4895055096999275,,,,,CHEMBL244_Ki
99182118,global,__bins__,__summary__,-1,-1,,,,2.4895055096999283,0.8074074074074075,0.13521554341226472,0.717741935483871,0.25806451612903225,CHEMBL244_Ki
99182118,mondrian_pair,cliffB_oracle,all,620,555,0.8951612903225806,0.8685658133819113,0.916890159560786,2.6707505305420436,,,,,CHEMBL244_Ki
99182118,mondrian_pair,cliffB_oracle,cliff,78,65,0.8333333333333334,0.7354442476924203,0.8999305458327835,2.518550689739468,,,,,CHEMBL244_Ki
99182118,mondrian_pair,cliffB_oracle,noncliff,542,490,0.9040590405904059,0.876345565121748,0.9260852376727327,2.6926538286649238,,,,,CHEMBL244_Ki
99182118,mondrian_pair,cliffA,all,620,555,0.8951612903225806,0.8685658133819113,0.916890159560786,2.6707505305420436,,,,,CHEMBL244_Ki
99182118,mondrian_pair,cliffA,cliff,120,102,0.85,0.775324706432755,0.9029618770741527,2.539725956105021,,,,,CHEMBL244_Ki
99182118,mondrian_pair,cliffA,noncliff,500,453,0.906,0.8772354441374409,0.9285735914077787,2.702196428406929,,,,,CHEMBL244_Ki
99182118,mondrian_pair,__bins__,__summary__,-1,-1,,,,2.6707505305420436,0.837037037037037,0.10558591378263515,0.7580645161290323,0.217741935483871,CHEMBL244_Ki
99182118,mondrian_wstd,cliffB_oracle,all,620,558,0.9,0.8738669993319952,0.9212068018508168,2.5927342304186047,,,,,CHEMBL244_Ki
99182118,mondrian_wstd,cliffB_oracle,cliff,78,68,0.8717948717948718,0.7798404960135338,0.9288467736876552,2.6891130739879756,,,,,CHEMBL244_Ki
99182118,mondrian_wstd,cliffB_oracle,noncliff,542,490,0.9040590405904059,0.876345565121748,0.9260852376727327,2.5788642123403553,,,,,CHEMBL244_Ki
99182118,mondrian_wstd,cliffA,all,620,558,0.9,0.8738669993319952,0.9212068018508168,2.5927342304186047,,,,,CHEMBL244_Ki
99182118,mondrian_wstd,cliffA,cliff,120,105,0.875,0.8039705979199262,0.9227650272660463,2.660382400429576,,,,,CHEMBL244_Ki
99182118,mondrian_wstd,cliffA,noncliff,500,453,0.906,0.8772354441374409,0.9285735914077787,2.576498669615971,,,,,CHEMBL244_Ki
99182118,mondrian_wstd,__bins__,__summary__,-1,-1,,,,2.5927342304186047,0.859504132231405,0.0886440159167432,0.782258064516129,0.185483870967742,CHEMBL244_Ki
99182118,mondrian_std,cliffB_oracle,all,620,556,0.896774193548387,0.8703310900305572,0.9183308256588449,2.563136464211487,,,,,CHEMBL244_Ki
99182118,mondrian_std,cliffB_oracle,cliff,78,68,0.8717948717948718,0.7798404960135338,0.9288467736876552,2.6889520268103975,,,,,CHEMBL244_Ki
99182118,mondrian_std,cliffB_oracle,noncliff,542,488,0.9003690036900369,0.8722678970228188,0.9228347705863242,2.5450301655348913,,,,,CHEMBL244_Ki
99182118,mondrian_std,cliffA,all,620,556,0.896774193548387,0.8703310900305572,0.9183308256588449,2.563136464211487,,,,,CHEMBL244_Ki
99182118,mondrian_std,cliffA,cliff,120,105,0.875,0.8039705979199262,0.9227650272660463,2.6432097273546313,,,,,CHEMBL244_Ki
99182118,mondrian_std,cliffA,noncliff,500,451,0.902,0.8727939491335183,0.9250760811353939,2.543918881057133,,,,,CHEMBL244_Ki
99182118,mondrian_std,__bins__,__summary__,-1,-1,,,,2.563136464211487,0.859504132231405,0.0886440159167432,0.7661290322580645,0.2016129032258065,CHEMBL244_Ki
99182118,mondrian_iqr,cliffB_oracle,all,620,551,0.8887096774193548,0.8615217465372444,0.9111104554186333,2.5093567814437976,,,,,CHEMBL244_Ki
99182118,mondrian_iqr,cliffB_oracle,cliff,78,66,0.8461538461538461,0.7500673346677367,0.9097449509161288,2.561565145425371,,,,,CHEMBL244_Ki
99182118,mondrian_iqr,cliffB_oracle,noncliff,542,485,0.8948339483394834,0.8661706717795978,0.9179397930515385,2.5018434006494017,,,,,CHEMBL244_Ki
99182118,mondrian_iqr,cliffA,all,620,551,0.8887096774193548,0.8615217465372444,0.9111104554186333,2.5093567814437976,,,,,CHEMBL244_Ki
99182118,mondrian_iqr,cliffA,cliff,120,103,0.8583333333333333,0.7848050551014282,0.9096312089651676,2.469043541030671,,,,,CHEMBL244_Ki
99182118,mondrian_iqr,cliffA,noncliff,500,448,0.896,0.8661557291243417,0.919805793230109,2.5190319591429478,,,,,CHEMBL244_Ki
99182118,mondrian_iqr,__bins__,__summary__,-1,-1,,,,2.5093567814437976,0.8814814814814815,0.027609427609427528,0.7741935483870968,0.185483870967742,CHEMBL244_Ki
99182118,mondrian_nb,cliffB_oracle,all,620,560,0.9032258064516129,0.8774103031342926,0.9240753835419291,2.644921734793298,,,,,CHEMBL244_Ki
99182118,mondrian_nb,cliffB_oracle,cliff,78,66,0.8461538461538461,0.7500673346677367,0.9097449509161288,2.569279186797335,,,,,CHEMBL244_Ki
99182118,mondrian_nb,cliffB_oracle,noncliff,542,494,0.9114391143911439,0.8845341426226482,0.9325529305425079,2.6558075627336764,,,,,CHEMBL244_Ki
99182118,mondrian_nb,cliffA,all,620,560,0.9032258064516129,0.8774103031342926,0.9240753835419291,2.644921734793298,,,,,CHEMBL244_Ki
99182118,mondrian_nb,cliffA,cliff,120,104,0.8666666666666667,0.7943520342531574,0.916233910373127,2.578497554355531,,,,,CHEMBL244_Ki
99182118,mondrian_nb,cliffA,noncliff,500,456,0.912,0.8839235279346099,0.9337940155250711,2.660863538098362,,,,,CHEMBL244_Ki
99182118,mondrian_nb,__bins__,__summary__,-1,-1,,,,2.644921734793298,0.8444444444444444,0.11457194899817846,0.7903225806451613,0.185483870967742,CHEMBL244_Ki
99182118,mondrian_nnsim,cliffB_oracle,all,620,556,0.896774193548387,0.8703310900305572,0.9183308256588449,2.6599477404545917,,,,,CHEMBL244_Ki
99182118,mondrian_nnsim,cliffB_oracle,cliff,78,65,0.8333333333333334,0.7354442476924203,0.8999305458327835,2.341856816220467,,,,,CHEMBL244_Ki
99182118,mondrian_nnsim,cliffB_oracle,noncliff,542,491,0.9059040590405905,0.8783884473426473,0.9277064230445022,2.705724663130351,,,,,CHEMBL244_Ki
99182118,mondrian_nnsim,cliffA,all,620,556,0.896774193548387,0.8703310900305572,0.9183308256588449,2.6599477404545917,,,,,CHEMBL244_Ki
99182118,mondrian_nnsim,cliffA,cliff,120,101,0.8416666666666667,0.7659066765413198,0.8962302264058994,2.389323037708533,,,,,CHEMBL244_Ki
99182118,mondrian_nnsim,cliffA,noncliff,500,455,0.91,0.8816905887106666,0.9320574521108606,2.7248976691136457,,,,,CHEMBL244_Ki
99182118,mondrian_nnsim,__bins__,__summary__,-1,-1,,,,2.6599477404545917,0.8296296296296296,0.11299332119004257,0.7741935483870968,0.19354838709677424,CHEMBL244_Ki
99182118,mondrian_pairgap,cliffB_oracle,all,620,560,0.9032258064516129,0.8774103031342926,0.9240753835419291,2.6991142851984526,,,,,CHEMBL244_Ki
99182118,mondrian_pairgap,cliffB_oracle,cliff,78,66,0.8461538461538461,0.7500673346677367,0.9097449509161288,2.560176414272233,,,,,CHEMBL244_Ki
99182118,mondrian_pairgap,cliffB_oracle,noncliff,542,494,0.9114391143911439,0.8845341426226482,0.9325529305425079,2.7191090341509345,,,,,CHEMBL244_Ki
99182118,mondrian_pairgap,cliffA,all,620,560,0.9032258064516129,0.8774103031342926,0.9240753835419291,2.6991142851984526,,,,,CHEMBL244_Ki
99182118,mondrian_pairgap,cliffA,cliff,120,104,0.8666666666666667,0.7943520342531574,0.916233910373127,2.5795471491120336,,,,,CHEMBL244_Ki
99182118,mondrian_pairgap,cliffA,noncliff,500,456,0.912,0.8839235279346099,0.9337940155250711,2.727810397859193,,,,,CHEMBL244_Ki
99182118,mondrian_pairgap,__bins__,__summary__,-1,-1,,,,2.6991142851984526,0.837037037037037,0.10558591378263515,0.7661290322580645,0.20967741935483875,CHEMBL244_Ki
99182118,mondrian_rfstd,cliffB_oracle,all,620,559,0.9016129032258065,0.8756377071820901,0.9226420367474267,2.424027579362367,,,,,CHEMBL244_Ki
99182118,mondrian_rfstd,cliffB_oracle,cliff,78,61,0.782051282051282,0.6783929457018985,0.8592318795886587,2.32605473859202,,,,,CHEMBL244_Ki
99182118,mondrian_rfstd,cliffB_oracle,noncliff,542,498,0.9188191881918819,0.8927711952817812,0.9389721482540503,2.438126991871753,,,,,CHEMBL244_Ki
99182118,mondrian_rfstd,cliffA,all,620,559,0.9016129032258065,0.8756377071820901,0.9226420367474267,2.424027579362367,,,,,CHEMBL244_Ki
99182118,mondrian_rfstd,cliffA,cliff,120,99,0.825,0.7472429012735073,0.8825946405543355,2.257223546566857,,,,,CHEMBL244_Ki
99182118,mondrian_rfstd,cliffA,noncliff,500,460,0.92,0.8928936834221488,0.9407018705901475,2.4640605472332897,,,,,CHEMBL244_Ki
99182118,mondrian_rfstd,__bins__,__summary__,-1,-1,,,,2.424027579362367,0.8677685950413223,0.05785123966942152,0.8629032258064516,0.08870967741935487,CHEMBL244_Ki
89709943,global,cliffB_oracle,all,620,536,0.864516129032258,0.8353218932616618,0.8892211674936427,2.3985488966307216,,,,,CHEMBL244_Ki
89709943,global,cliffB_oracle,cliff,68,51,0.75,0.6356144714454861,0.8376498602944786,2.398548896630722,,,,,CHEMBL244_Ki
89709943,global,cliffB_oracle,noncliff,552,485,0.8786231884057971,0.8487324351388141,0.9032805595141098,2.3985488966307216,,,,,CHEMBL244_Ki
89709943,global,cliffA,all,620,536,0.864516129032258,0.8353218932616618,0.8892211674936427,2.3985488966307216,,,,,CHEMBL244_Ki
89709943,global,cliffA,cliff,131,106,0.8091603053435115,0.7334438580403313,0.8672615978959621,2.398548896630722,,,,,CHEMBL244_Ki
89709943,global,cliffA,noncliff,489,430,0.8793456032719836,0.847480028578983,0.905297550011412,2.398548896630721,,,,,CHEMBL244_Ki
89709943,global,__bins__,__summary__,-1,-1,,,,2.3985488966307216,0.7313432835820896,0.23559886517824102,0.6532258064516129,0.30645161290322587,CHEMBL244_Ki
89709943,mondrian_pair,cliffB_oracle,all,620,544,0.8774193548387097,0.8492554950171937,0.9009351077117499,2.467423649108042,,,,,CHEMBL244_Ki
89709943,mondrian_pair,cliffB_oracle,cliff,68,52,0.7647058823529411,0.6514483202805676,0.8496550897970421,2.400019543902171,,,,,CHEMBL244_Ki
89709943,mondrian_pair,cliffB_oracle,noncliff,552,492,0.8913043478260869,0.8625834049586192,0.9146166277927279,2.475727053372534,,,,,CHEMBL244_Ki
89709943,mondrian_pair,cliffA,all,620,544,0.8774193548387097,0.8492554950171937,0.9009351077117499,2.467423649108042,,,,,CHEMBL244_Ki
89709943,mondrian_pair,cliffA,cliff,131,108,0.8244274809160306,0.7503075877011014,0.880062335195009,2.414934959329433,,,,,CHEMBL244_Ki
89709943,mondrian_pair,cliffA,noncliff,489,436,0.8916155419222904,0.8609486400150531,0.9161775395000987,2.481485036349347,,,,,CHEMBL244_Ki
89709943,mondrian_pair,__bins__,__summary__,-1,-1,,,,2.467423649108042,0.7686567164179104,0.19828543234242013,0.7096774193548387,0.25806451612903225,CHEMBL244_Ki
89709943,mondrian_wstd,cliffB_oracle,all,620,541,0.8725806451612903,0.8440203510964841,0.8965524233923448,2.4947244671019155,,,,,CHEMBL244_Ki
89709943,mondrian_wstd,cliffB_oracle,cliff,68,50,0.7352941176470589,0.6199226601011089,0.8255025933012111,2.5195833909564196,,,,,CHEMBL244_Ki
89709943,mondrian_wstd,cliffB_oracle,noncliff,552,491,0.8894927536231884,0.8605984207682505,0.9130034636833216,2.491662135902448,,,,,CHEMBL244_Ki
89709943,mondrian_wstd,cliffA,all,620,541,0.8725806451612903,0.8440203510964841,0.8965524233923448,2.4947244671019155,,,,,CHEMBL244_Ki
89709943,mondrian_wstd,cliffA,cliff,131,108,0.8244274809160306,0.7503075877011014,0.880062335195009,2.56220421047948,,,,,CHEMBL244_Ki
89709943,mondrian_wstd,cliffA,noncliff,489,433,0.885480572597137,0.8542017777815407,0.9107501012712327,2.4766470716367603,,,,,CHEMBL244_Ki
89709943,mondrian_wstd,__bins__,__summary__,-1,-1,,,,2.4947244671019155,0.8347107438016529,0.07438016528925617,0.7338709677419355,0.22580645161290325,CHEMBL244_Ki
89709943,mondrian_std,cliffB_oracle,all,620,539,0.8693548387096774,0.8405370556394823,0.8936238333559369,2.4785845032165463,,,,,CHEMBL244_Ki
89709943,mondrian_std,cliffB_oracle,cliff,68,50,0.7352941176470589,0.6199226601011089,0.8255025933012111,2.518121103071711,,,,,CHEMBL244_Ki
89709943,mondrian_std,cliffB_oracle,noncliff,552,489,0.8858695652173914,0.8566348977743878,0.909770690077635,2.4737140525097505,,,,,CHEMBL244_Ki
89709943,mondrian_std,cliffA,all,620,539,0.8693548387096774,0.8405370556394823,0.8936238333559369,2.4785845032165463,,,,,CHEMBL244_Ki
89709943,mondrian_std,cliffA,cliff,131,107,0.816793893129771,0.7418556590748258,0.8736820303413761,2.5564759456032506,,,,,CHEMBL244_Ki
89709943,mondrian_std,cliffA,noncliff,489,432,0.8834355828220859,0.8519584886192352,0.908935290279412,2.457717879591478,,,,,CHEMBL244_Ki
89709943,mondrian_std,__bins__,__summary__,-1,-1,,,,2.4785845032165463,0.8208955223880597,0.08819538670284932,0.717741935483871,0.24193548387096775,CHEMBL244_Ki
89709943,mondrian_iqr,cliffB_oracle,all,620,545,0.8790322580645161,0.851003353216429,0.9023931922592194,2.528307193866224,,,,,CHEMBL244_Ki
89709943,mondrian_iqr,cliffB_oracle,cliff,68,51,0.75,0.6356144714454861,0.8376498602944786,2.5485991795379928,,,,,CHEMBL244_Ki
89709943,mondrian_iqr,cliffB_oracle,noncliff,552,494,0.894927536231884,0.8665600524128337,0.9178362769380629,2.525807456500861,,,,,CHEMBL244_Ki
89709943,mondrian_iqr,cliffA,all,620,545,0.8790322580645161,0.851003353216429,0.9023931922592194,2.528307193866224,,,,,CHEMBL244_Ki
89709943,mondrian_iqr,cliffA,cliff,131,107,0.816793893129771,0.7418556590748258,0.8736820303413761,2.5081117303271236,,,,,CHEMBL244_Ki
89709943,mondrian_iqr,cliffA,noncliff,489,438,0.8957055214723927,0.8654614006709805,0.9197809791524235,2.5337174305198475,,,,,CHEMBL244_Ki
89709943,mondrian_iqr,__bins__,__summary__,-1,-1,,,,2.528307193866224,0.8059701492537313,0.14444307388676458,0.75,0.20967741935483875,CHEMBL244_Ki
89709943,mondrian_nb,cliffB_oracle,all,620,541,0.8725806451612903,0.8440203510964841,0.8965524233923448,2.5016632298738504,,,,,CHEMBL244_Ki
89709943,mondrian_nb,cliffB_oracle,cliff,68,49,0.7205882352941176,0.604365654302676,0.8132205207619988,2.4104588417490604,,,,,CHEMBL244_Ki
89709943,mondrian_nb,cliffB_oracle,noncliff,552,492,0.8913043478260869,0.8625834049586192,0.9146166277927279,2.512898553048643,,,,,CHEMBL244_Ki
89709943,mondrian_nb,cliffA,all,620,541,0.8725806451612903,0.8440203510964841,0.8965524233923448,2.5016632298738504,,,,,CHEMBL244_Ki
89709943,mondrian_nb,cliffA,cliff,131,104,0.7938931297709924,0.716733738492647,0.8543072504838295,2.4010488065447646,,,,,CHEMBL244_Ki
89709943,mondrian_nb,cliffA,noncliff,489,437,0.8936605316973415,0.863203486426032,0.9179807932432459,2.5286171960417647,,,,,CHEMBL244_Ki
89709943,mondrian_nb,__bins__,__summary__,-1,-1,,,,2.5016632298738504,0.746268656716418,0.22067349204391262,0.717741935483871,0.24193548387096775,CHEMBL244_Ki
89709943,mondrian_nnsim,cliffB_oracle,all,620,540,0.8709677419354839,0.8422780377450648,0.8950887939970592,2.4714563217424024,,,,,CHEMBL244_Ki
89709943,mondrian_nnsim,cliffB_oracle,cliff,68,49,0.7205882352941176,0.604365654302676,0.8132205207619988,2.3967298604234237,,,,,CHEMBL244_Ki
89709943,mondrian_nnsim,cliffB_oracle,noncliff,552,491,0.8894927536231884,0.8605984207682505,0.9130034636833216,2.4806617553831454,,,,,CHEMBL244_Ki
89709943,mondrian_nnsim,cliffA,all,620,540,0.8709677419354839,0.8422780377450648,0.8950887939970592,2.4714563217424024,,,,,CHEMBL244_Ki
89709943,mondrian_nnsim,cliffA,cliff,131,104,0.7938931297709924,0.716733738492647,0.8543072504838295,2.3709500452577306,,,,,CHEMBL244_Ki
89709943,mondrian_nnsim,cliffA,noncliff,489,436,0.8916155419222904,0.8609486400150531,0.9161775395000987,2.498381316056291,,,,,CHEMBL244_Ki
89709943,mondrian_nnsim,__bins__,__summary__,-1,-1,,,,2.4714563217424024,0.7388059701492538,0.2198717158011595,0.6693548387096774,0.2983870967741936,CHEMBL244_Ki
89709943,mondrian_pairgap,cliffB_oracle,all,620,550,0.8870967741935484,0.8597648278450146,0.9096614313641583,2.5377506254581212,,,,,CHEMBL244_Ki
89709943,mondrian_pairgap,cliffB_oracle,cliff,68,54,0.7941176470588235,0.683577175548106,0.8732043912047937,2.503912512007606,,,,,CHEMBL244_Ki
89709943,mondrian_pairgap,cliffB_oracle,noncliff,552,496,0.8985507246376812,0.8705459400052048,0.9210466859452414,2.5419190887092715,,,,,CHEMBL244_Ki
89709943,mondrian_pairgap,cliffA,all,620,550,0.8870967741935484,0.8597648278450146,0.9096614313641583,2.5377506254581212,,,,,CHEMBL244_Ki
89709943,mondrian_pairgap,cliffA,cliff,131,111,0.8473282442748091,0.7759248009704179,0.8989418223654179,2.5175874324793948,,,,,CHEMBL244_Ki
89709943,mondrian_pairgap,cliffA,noncliff,489,439,0.8977505112474438,0.8677224609720476,0.9215780190054824,2.5431522170331995,,,,,CHEMBL244_Ki
89709943,mondrian_pairgap,__bins__,__summary__,-1,-1,,,,2.5377506254581212,0.8059701492537313,0.16923646231651657,0.7338709677419355,0.24193548387096775,CHEMBL244_Ki
89709943,mondrian_rfstd,cliffB_oracle,all,620,545,0.8790322580645161,0.851003353216429,0.9023931922592194,2.294751510037064,,,,,CHEMBL244_Ki
89709943,mondrian_rfstd,cliffB_oracle,cliff,68,51,0.75,0.6356144714454861,0.8376498602944786,2.2065602379650846,,,,,CHEMBL244_Ki
89709943,mondrian_rfstd,cliffB_oracle,noncliff,552,494,0.894927536231884,0.8665600524128337,0.9178362769380629,2.3056156522488296,,,,,CHEMBL244_Ki
89709943,mondrian_rfstd,cliffA,all,620,545,0.8790322580645161,0.851003353216429,0.9023931922592194,2.294751510037064,,,,,CHEMBL244_Ki
89709943,mondrian_rfstd,cliffA,cliff,131,106,0.8091603053435115,0.7334438580403313,0.8672615978959621,2.2036873789300633,,,,,CHEMBL244_Ki
89709943,mondrian_rfstd,cliffA,noncliff,489,439,0.8977505112474438,0.8677224609720476,0.9215780190054824,2.319147013462457,,,,,CHEMBL244_Ki
89709943,mondrian_rfstd,__bins__,__summary__,-1,-1,,,,2.294751510037064,0.8208955223880597,0.11353070712013702,0.8225806451612904,0.12096774193548387,CHEMBL244_Ki
86921808,global,cliffB_oracle,all,620,565,0.9112903225806451,0.8863031186553707,0.9312122817543755,2.7256726050603777,,,,,CHEMBL244_Ki
86921808,global,cliffB_oracle,cliff,66,54,0.8181818181818182,0.7085480732292817,0.8928139359439193,2.7256726050603777,,,,,CHEMBL244_Ki
86921808,global,cliffB_oracle,noncliff,554,511,0.9223826714801444,0.8970805028788985,0.9418675397950474,2.725672605060378,,,,,CHEMBL244_Ki
86921808,global,cliffA,all,620,565,0.9112903225806451,0.8863031186553707,0.9312122817543755,2.7256726050603777,,,,,CHEMBL244_Ki
86921808,global,cliffA,cliff,119,101,0.8487394957983193,0.7735406236582529,0.9021270279377052,2.725672605060378,,,,,CHEMBL244_Ki
86921808,global,cliffA,noncliff,501,464,0.9261477045908184,0.8998622043071733,0.9459478862457478,2.7256726050603786,,,,,CHEMBL244_Ki
86921808,global,__bins__,__summary__,-1,-1,,,,2.7256726050603777,0.8062015503875969,0.16127812440915112,0.7419354838709677,0.24193548387096775,CHEMBL244_Ki
86921808,mondrian_pair,cliffB_oracle,all,620,569,0.917741935483871,0.8934560936802409,0.9368830777163248,2.8206128435633935,,,,,CHEMBL244_Ki
86921808,mondrian_pair,cliffB_oracle,cliff,66,54,0.8181818181818182,0.7085480732292817,0.8928139359439193,2.7441552307173334,,,,,CHEMBL244_Ki
86921808,mondrian_pair,cliffB_oracle,noncliff,554,515,0.9296028880866426,0.9052108938613165,0.9480781409950901,2.8297215122418047,,,,,CHEMBL244_Ki
86921808,mondrian_pair,cliffA,all,620,569,0.917741935483871,0.8934560936802409,0.9368830777163248,2.8206128435633935,,,,,CHEMBL244_Ki
86921808,mondrian_pair,cliffA,cliff,119,102,0.8571428571428571,0.7830941981595465,0.9088546016676395,2.739671426706189,,,,,CHEMBL244_Ki
86921808,mondrian_pair,cliffA,noncliff,501,467,0.9321357285429142,0.9066627576544292,0.951032252203685,2.839838449563408,,,,,CHEMBL244_Ki
86921808,mondrian_pair,__bins__,__summary__,-1,-1,,,,2.8206128435633935,0.8217054263565892,0.1539043297409718,0.7903225806451613,0.185483870967742,CHEMBL244_Ki
86921808,mondrian_wstd,cliffB_oracle,all,620,567,0.9145161290322581,0.8898750561703671,0.934052229732789,2.763924264324087,,,,,CHEMBL244_Ki
86921808,mondrian_wstd,cliffB_oracle,cliff,66,54,0.8181818181818182,0.7085480732292817,0.8928139359439193,2.9709335773525334,,,,,CHEMBL244_Ki
86921808,mondrian_wstd,cliffB_oracle,noncliff,554,513,0.9259927797833934,0.90113841004132,0.9449801287238562,2.7392625050102284,,,,,CHEMBL244_Ki
86921808,mondrian_wstd,cliffA,all,620,567,0.9145161290322581,0.8898750561703671,0.934052229732789,2.763924264324087,,,,,CHEMBL244_Ki
86921808,mondrian_wstd,cliffA,cliff,119,101,0.8487394957983193,0.7735406236582529,0.9021270279377052,3.027769206575752,,,,,CHEMBL244_Ki
86921808,mondrian_wstd,cliffA,noncliff,501,466,0.9301397205588823,0.9043909273449497,0.9493424427447668,2.701254507581675,,,,,CHEMBL244_Ki
86921808,mondrian_wstd,__bins__,__summary__,-1,-1,,,,2.763924264324087,0.8837209302325582,0.05936850066175081,0.7903225806451613,0.17741935483870974,CHEMBL244_Ki
86921808,mondrian_std,cliffB_oracle,all,620,561,0.9048387096774193,0.8791848286723595,0.925506800750567,2.7138245808740065,,,,,CHEMBL244_Ki
86921808,mondrian_std,cliffB_oracle,cliff,66,52,0.7878787878787878,0.6748692879502294,0.8692201489207618,2.8722595142438303,,,,,CHEMBL244_Ki
86921808,mondrian_std,cliffB_oracle,noncliff,554,509,0.9187725631768953,0.893036267887696,0.9387412786950198,2.694949661014064,,,,,CHEMBL244_Ki
86921808,mondrian_std,cliffA,all,620,561,0.9048387096774193,0.8791848286723595,0.925506800750567,2.7138245808740065,,,,,CHEMBL244_Ki
86921808,mondrian_std,cliffA,cliff,119,99,0.8319327731092437,0.7546185865114623,0.8884867686220401,2.9054815981840476,,,,,CHEMBL244_Ki
86921808,mondrian_std,cliffA,noncliff,501,462,0.9221556886227545,0.895352206374371,0.9425346046417545,2.668301257401163,,,,,CHEMBL244_Ki
86921808,mondrian_std,__bins__,__summary__,-1,-1,,,,2.7138245808740065,0.8837209302325582,0.05936850066175081,0.7741935483870968,0.19354838709677424,CHEMBL244_Ki
86921808,mondrian_iqr,cliffB_oracle,all,620,565,0.9112903225806451,0.8863031186553707,0.9312122817543755,2.687547650871742,,,,,CHEMBL244_Ki
86921808,mondrian_iqr,cliffB_oracle,cliff,66,52,0.7878787878787878,0.6748692879502294,0.8692201489207618,2.7254729144079604,,,,,CHEMBL244_Ki
86921808,mondrian_iqr,cliffB_oracle,noncliff,554,513,0.9259927797833934,0.90113841004132,0.9449801287238562,2.683029478681507,,,,,CHEMBL244_Ki
86921808,mondrian_iqr,cliffA,all,620,565,0.9112903225806451,0.8863031186553707,0.9312122817543755,2.687547650871742,,,,,CHEMBL244_Ki
86921808,mondrian_iqr,cliffA,cliff,119,99,0.8319327731092437,0.7546185865114623,0.8884867686220401,2.8118842746621504,,,,,CHEMBL244_Ki
86921808,mondrian_iqr,cliffA,noncliff,501,466,0.9301397205588823,0.9043909273449497,0.9493424427447668,2.6580146005103478,,,,,CHEMBL244_Ki
86921808,mondrian_iqr,__bins__,__summary__,-1,-1,,,,2.687547650871742,0.8604651162790697,0.08262431461523922,0.7983870967741935,0.1693548387096775,CHEMBL244_Ki
86921808,mondrian_nb,cliffB_oracle,all,620,566,0.9129032258064517,0.8880879782127536,0.9326333649436976,2.7562768744022406,,,,,CHEMBL244_Ki
86921808,mondrian_nb,cliffB_oracle,cliff,66,55,0.8333333333333334,0.7256941288004796,0.9043041665238262,2.633972989705309,,,,,CHEMBL244_Ki
86921808,mondrian_nb,cliffB_oracle,noncliff,554,511,0.9223826714801444,0.8970805028788985,0.9418675397950474,2.7708473733011534,,,,,CHEMBL244_Ki
86921808,mondrian_nb,cliffA,all,620,566,0.9129032258064517,0.8880879782127536,0.9326333649436976,2.7562768744022406,,,,,CHEMBL244_Ki
86921808,mondrian_nb,cliffA,cliff,119,103,0.865546218487395,0.7927150943383466,0.9155148537200674,2.6405586532661216,,,,,CHEMBL244_Ki
86921808,mondrian_nb,cliffA,noncliff,501,463,0.9241516966067864,0.8976049483206877,0.9442435024638355,2.783762839103235,,,,,CHEMBL244_Ki
86921808,mondrian_nb,__bins__,__summary__,-1,-1,,,,2.7562768744022406,0.8062015503875969,0.16940820570996407,0.7741935483870968,0.19354838709677424,CHEMBL244_Ki
86921808,mondrian_nnsim,cliffB_oracle,all,620,569,0.917741935483871,0.8934560936802409,0.9368830777163248,2.803823592391353,,,,,CHEMBL244_Ki
86921808,mondrian_nnsim,cliffB_oracle,cliff,66,54,0.8181818181818182,0.7085480732292817,0.8928139359439193,3.0793369477091024,,,,,CHEMBL244_Ki
86921808,mondrian_nnsim,cliffB_oracle,noncliff,554,515,0.9296028880866426,0.9052108938613165,0.9480781409950901,2.7710007016856277,,,,,CHEMBL244_Ki
86921808,mondrian_nnsim,cliffA,all,620,569,0.917741935483871,0.8934560936802409,0.9368830777163248,2.803823592391353,,,,,CHEMBL244_Ki
86921808,mondrian_nnsim,cliffA,cliff,119,102,0.8571428571428571,0.7830941981595465,0.9088546016676395,2.960331608362916,,,,,CHEMBL244_Ki
86921808,mondrian_nnsim,cliffA,noncliff,501,467,0.9321357285429142,0.9066627576544292,0.951032252203685,2.766649033707488,,,,,CHEMBL244_Ki
86921808,mondrian_nnsim,__bins__,__summary__,-1,-1,,,,2.803823592391353,0.8372093023255814,0.14653053507279257,0.8064516129032258,0.16129032258064524,CHEMBL244_Ki
86921808,mondrian_pairgap,cliffB_oracle,all,620,568,0.9161290322580645,0.8916644084707364,0.9354688201791246,2.7610252201936154,,,,,CHEMBL244_Ki
86921808,mondrian_pairgap,cliffB_oracle,cliff,66,55,0.8333333333333334,0.7256941288004796,0.9043041665238262,2.8184398718050727,,,,,CHEMBL244_Ki
86921808,mondrian_pairgap,cliffB_oracle,noncliff,554,513,0.9259927797833934,0.90113841004132,0.9449801287238562,2.7541852075467634,,,,,CHEMBL244_Ki
86921808,mondrian_pairgap,cliffA,all,620,568,0.9161290322580645,0.8916644084707364,0.9354688201791246,2.7610252201936154,,,,,CHEMBL244_Ki
86921808,mondrian_pairgap,cliffA,cliff,119,102,0.8571428571428571,0.7830941981595465,0.9088546016676395,2.8062113119799847,,,,,CHEMBL244_Ki
86921808,mondrian_pairgap,cliffA,noncliff,501,466,0.9301397205588823,0.9043909273449497,0.9493424427447668,2.7502923959968535,,,,,CHEMBL244_Ki
86921808,mondrian_pairgap,__bins__,__summary__,-1,-1,,,,2.7610252201936154,0.8294573643410853,0.12989222915484966,0.782258064516129,0.19354838709677424,CHEMBL244_Ki
86921808,mondrian_rfstd,cliffB_oracle,all,620,557,0.8983870967741936,0.8720981397232941,0.9197697187128131,2.424601345673833,,,,,CHEMBL244_Ki
86921808,mondrian_rfstd,cliffB_oracle,cliff,66,50,0.7575757575757576,0.6419087139865022,0.8449081505822794,2.2073958520845722,,,,,CHEMBL244_Ki
86921808,mondrian_rfstd,cliffB_oracle,noncliff,554,507,0.9151624548736462,0.8890048970213928,0.9356021534700927,2.4504778124191238,,,,,CHEMBL244_Ki
86921808,mondrian_rfstd,cliffA,all,620,557,0.8983870967741936,0.8720981397232941,0.9197697187128131,2.424601345673833,,,,,CHEMBL244_Ki
86921808,mondrian_rfstd,cliffA,cliff,119,96,0.8067226890756303,0.7266474889478867,0.8676144214919321,2.3684828908196276,,,,,CHEMBL244_Ki
86921808,mondrian_rfstd,cliffA,noncliff,501,461,0.9201596806387226,0.8931038241260436,0.940821347121684,2.437930878862756,,,,,CHEMBL244_Ki
86921808,mondrian_rfstd,__bins__,__summary__,-1,-1,,,,2.424601345673833,0.8449612403100775,0.0981281905842315,0.8629032258064516,0.07258064516129026,CHEMBL244_Ki
89165191,global,cliffB_oracle,all,620,539,0.8693548387096774,0.8405370556394823,0.8936238333559369,2.468736626369628,,,,,CHEMBL244_Ki
89165191,global,cliffB_oracle,cliff,69,58,0.8405797101449275,0.7366551828518044,0.9085817572223196,2.4687366263696284,,,,,CHEMBL244_Ki
89165191,global,cliffB_oracle,noncliff,551,481,0.8729582577132486,0.8425462060101429,0.8982059376266599,2.4687366263696284,,,,,CHEMBL244_Ki
89165191,global,cliffA,all,620,539,0.8693548387096774,0.8405370556394823,0.8936238333559369,2.468736626369628,,,,,CHEMBL244_Ki
89165191,global,cliffA,cliff,124,107,0.8629032258064516,0.7913874142881933,0.9126095584484116,2.468736626369627,,,,,CHEMBL244_Ki
89165191,global,cliffA,noncliff,496,432,0.8709677419354839,0.8385899388399459,0.8976435077978028,2.468736626369628,,,,,CHEMBL244_Ki
89165191,global,__bins__,__summary__,-1,-1,,,,2.468736626369628,0.7910447761194029,0.15110398421117555,0.6774193548387096,0.29032258064516137,CHEMBL244_Ki
89165191,mondrian_pair,cliffB_oracle,all,620,542,0.8741935483870967,0.8457640169947079,0.8980147002408257,2.5151854173124217,,,,,CHEMBL244_Ki
89165191,mondrian_pair,cliffB_oracle,cliff,69,56,0.8115942028985508,0.7038706411837159,0.8864525167564403,2.436674067802146,,,,,CHEMBL244_Ki
89165191,mondrian_pair,cliffB_oracle,noncliff,551,486,0.8820326678765881,0.8524173733803664,0.9063579367682808,2.525017147105905,,,,,CHEMBL244_Ki
89165191,mondrian_pair,cliffA,all,620,542,0.8741935483870967,0.8457640169947079,0.8980147002408257,2.5151854173124217,,,,,CHEMBL244_Ki
89165191,mondrian_pair,cliffA,cliff,124,106,0.8548387096774194,0.7821891669914196,0.9061634285732607,2.4378883223595285,,,,,CHEMBL244_Ki
89165191,mondrian_pair,cliffA,noncliff,496,436,0.8790322580645161,0.84738419077206,0.9048543307925964,2.5345096910506455,,,,,CHEMBL244_Ki
89165191,mondrian_pair,__bins__,__summary__,-1,-1,,,,2.5151854173124217,0.7910447761194029,0.15936844702109298,0.7096774193548387,0.25806451612903225,CHEMBL244_Ki
89165191,mondrian_wstd,cliffB_oracle,all,620,543,0.8758064516129033,0.8475090574110853,0.8994756025711534,2.385753734618025,,,,,CHEMBL244_Ki
89165191,mondrian_wstd,cliffB_oracle,cliff,69,56,0.8115942028985508,0.7038706411837159,0.8864525167564403,2.4814853300416977,,,,,CHEMBL244_Ki
89165191,mondrian_wstd,cliffB_oracle,noncliff,551,487,0.8838475499092558,0.8543974513770433,0.9079824920739726,2.3737655674960036,,,,,CHEMBL244_Ki
89165191,mondrian_wstd,cliffA,all,620,543,0.8758064516129033,0.8475090574110853,0.8994756025711534,2.385753734618025,,,,,CHEMBL244_Ki
89165191,mondrian_wstd,cliffA,cliff,124,106,0.8548387096774194,0.7821891669914196,0.9061634285732607,2.4604784565058866,,,,,CHEMBL244_Ki
89165191,mondrian_wstd,cliffA,noncliff,496,437,0.8810483870967742,0.8495889020986653,0.906650888197718,2.367072554146059,,,,,CHEMBL244_Ki
89165191,mondrian_wstd,__bins__,__summary__,-1,-1,,,,2.385753734618025,0.8347107438016529,0.09917355371900827,0.7258064516129032,0.2338709677419355,CHEMBL244_Ki
89165191,mondrian_std,cliffB_oracle,all,620,540,0.8709677419354839,0.8422780377450648,0.8950887939970592,2.355462026876405,,,,,CHEMBL244_Ki
89165191,mondrian_std,cliffB_oracle,cliff,69,56,0.8115942028985508,0.7038706411837159,0.8864525167564403,2.466445454646461,,,,,CHEMBL244_Ki
89165191,mondrian_std,cliffB_oracle,noncliff,551,484,0.8784029038112523,0.8484631734939944,0.903102870049915,2.341563920676525,,,,,CHEMBL244_Ki
89165191,mondrian_std,cliffA,all,620,540,0.8709677419354839,0.8422780377450648,0.8950887939970592,2.355462026876405,,,,,CHEMBL244_Ki
89165191,mondrian_std,cliffA,cliff,124,105,0.8467741935483871,0.7730507471592929,0.8996574712334628,2.4384850814951573,,,,,CHEMBL244_Ki
89165191,mondrian_std,cliffA,noncliff,496,435,0.8770161290322581,0.8451819898760207,0.9030552629569089,2.3347062632217166,,,,,CHEMBL244_Ki
89165191,mondrian_std,__bins__,__summary__,-1,-1,,,,2.355462026876405,0.8347107438016529,0.08264462809917361,0.717741935483871,0.2338709677419355,CHEMBL244_Ki
89165191,mondrian_iqr,cliffB_oracle,all,620,547,0.882258064516129,0.8545034288696964,0.9053050020993616,2.4382956197831356,,,,,CHEMBL244_Ki
89165191,mondrian_iqr,cliffB_oracle,cliff,69,57,0.8260869565217391,0.7201637386871083,0.8976163103200319,2.451733234250318,,,,,CHEMBL244_Ki
89165191,mondrian_iqr,cliffB_oracle,noncliff,551,490,0.8892921960072595,0.8603500829935729,0.9128437603645496,2.436612869514106,,,,,CHEMBL244_Ki
89165191,mondrian_iqr,cliffA,all,620,547,0.882258064516129,0.8545034288696964,0.9053050020993616,2.4382956197831356,,,,,CHEMBL244_Ki
89165191,mondrian_iqr,cliffA,cliff,124,106,0.8548387096774194,0.7821891669914196,0.9061634285732607,2.4586542616369305,,,,,CHEMBL244_Ki
89165191,mondrian_iqr,cliffA,noncliff,496,441,0.8891129032258065,0.858433972113832,0.913810893109459,2.4332059593196864,,,,,CHEMBL244_Ki
89165191,mondrian_iqr,__bins__,__summary__,-1,-1,,,,2.4382956197831356,0.8582089552238806,0.07567534229678052,0.75,0.20967741935483875,CHEMBL244_Ki
89165191,mondrian_nb,cliffB_oracle,all,620,552,0.8903225806451613,0.8632802732201532,0.9125578714824296,2.577150104240762,,,,,CHEMBL244_Ki
89165191,mondrian_nb,cliffB_oracle,cliff,69,57,0.8260869565217391,0.7201637386871083,0.8976163103200319,2.449973093037119,,,,,CHEMBL244_Ki
89165191,mondrian_nb,cliffB_oracle,noncliff,551,495,0.8983666061705989,0.8703151660280117,0.9209018438419552,2.5930760820502927,,,,,CHEMBL244_Ki
89165191,mondrian_nb,cliffA,all,620,552,0.8903225806451613,0.8632802732201532,0.9125578714824296,2.577150104240762,,,,,CHEMBL244_Ki
89165191,mondrian_nb,cliffA,cliff,124,107,0.8629032258064516,0.7913874142881933,0.9126095584484116,2.463096690666422,,,,,CHEMBL244_Ki
89165191,mondrian_nb,cliffA,noncliff,496,445,0.8971774193548387,0.8673239971095632,0.9209259430406351,2.6056634576343476,,,,,CHEMBL244_Ki
89165191,mondrian_nb,__bins__,__summary__,-1,-1,,,,2.577150104240762,0.8134328358208955,0.13698038731960038,0.75,0.20967741935483875,CHEMBL244_Ki
89165191,mondrian_nnsim,cliffB_oracle,all,620,548,0.8838709677419355,0.8562556971008911,0.906758676614872,2.4868193017489775,,,,,CHEMBL244_Ki
89165191,mondrian_nnsim,cliffB_oracle,cliff,69,57,0.8260869565217391,0.7201637386871083,0.8976163103200319,2.3141885936773634,,,,,CHEMBL244_Ki
89165191,mondrian_nnsim,cliffB_oracle,noncliff,551,491,0.8911070780399274,0.862338570292313,0.9144599063681784,2.5084373033042247,,,,,CHEMBL244_Ki
89165191,mondrian_nnsim,cliffA,all,620,548,0.8838709677419355,0.8562556971008911,0.906758676614872,2.4868193017489775,,,,,CHEMBL244_Ki
89165191,mondrian_nnsim,cliffA,cliff,124,106,0.8548387096774194,0.7821891669914196,0.9061634285732607,2.298157654931191,,,,,CHEMBL244_Ki
89165191,mondrian_nnsim,cliffA,noncliff,496,442,0.8911290322580645,0.860652097409339,0.9155940365456787,2.533984713453424,,,,,CHEMBL244_Ki
89165191,mondrian_nnsim,__bins__,__summary__,-1,-1,,,,2.4868193017489775,0.8059701492537313,0.13617861107684714,0.7096774193548387,0.25,CHEMBL244_Ki
89165191,mondrian_pairgap,cliffB_oracle,all,620,552,0.8903225806451613,0.8632802732201532,0.9125578714824296,2.53345331726658,,,,,CHEMBL244_Ki
89165191,mondrian_pairgap,cliffB_oracle,cliff,69,59,0.855072463768116,0.7533647839478652,0.9193290471932429,2.5350335248369826,,,,,CHEMBL244_Ki
89165191,mondrian_pairgap,cliffB_oracle,noncliff,551,493,0.8947368421052632,0.8663222382537146,0.9176855050115147,2.533255432833989,,,,,CHEMBL244_Ki
89165191,mondrian_pairgap,cliffA,all,620,552,0.8903225806451613,0.8632802732201532,0.9125578714824296,2.53345331726658,,,,,CHEMBL244_Ki
89165191,mondrian_pairgap,cliffA,cliff,124,110,0.8870967741935484,0.8193861015044891,0.9315440027478895,2.5029624178188894,,,,,CHEMBL244_Ki
89165191,mondrian_pairgap,cliffA,noncliff,496,442,0.8911290322580645,0.860652097409339,0.9155940365456787,2.541076042128503,,,,,CHEMBL244_Ki
89165191,mondrian_pairgap,__bins__,__summary__,-1,-1,,,,2.53345331726658,0.8432835820895522,0.11539410386086102,0.7580645161290323,0.20967741935483875,CHEMBL244_Ki
89165191,mondrian_rfstd,cliffB_oracle,all,620,541,0.8725806451612903,0.8440203510964841,0.8965524233923448,2.295130277092759,,,,,CHEMBL244_Ki
89165191,mondrian_rfstd,cliffB_oracle,cliff,69,52,0.7536231884057971,0.6403933718423956,0.8401022218298245,2.1013405838908237,,,,,CHEMBL244_Ki
89165191,mondrian_rfstd,cliffB_oracle,noncliff,551,489,0.8874773139745916,0.8583637637664222,0.9112254462893316,2.319397951922039,,,,,CHEMBL244_Ki
89165191,mondrian_rfstd,cliffA,all,620,541,0.8725806451612903,0.8440203510964841,0.8965524233923448,2.295130277092759,,,,,CHEMBL244_Ki
89165191,mondrian_rfstd,cliffA,cliff,124,100,0.8064516129032258,0.7281417480431168,0.8663445844900161,2.0841014686228942,,,,,CHEMBL244_Ki
89165191,mondrian_rfstd,cliffA,noncliff,496,441,0.8891129032258065,0.858433972113832,0.913810893109459,2.3478874792102253,,,,,CHEMBL244_Ki
89165191,mondrian_rfstd,__bins__,__summary__,-1,-1,,,,2.295130277092759,0.8264462809917356,0.1074380165289256,0.8145161290322581,0.11290322580645151,CHEMBL244_Ki
71339737,global,cliffB_oracle,all,664,613,0.9231927710843374,0.9004166842768698,0.9411004042135723,2.2757107545567745,,,,,CHEMBL214_Ki
71339737,global,cliffB_oracle,cliff,53,46,0.8679245283018868,0.7515974469109508,0.9345214671553674,2.275710754556774,,,,,CHEMBL214_Ki
71339737,global,cliffB_oracle,noncliff,611,567,0.9279869067103109,0.9047051508471453,0.9459206364950876,2.2757107545567745,,,,,CHEMBL214_Ki
71339737,global,cliffA,all,664,613,0.9231927710843374,0.9004166842768698,0.9411004042135723,2.2757107545567745,,,,,CHEMBL214_Ki
71339737,global,cliffA,cliff,106,92,0.8679245283018868,0.7904464384418581,0.9196679467587945,2.2757107545567745,,,,,CHEMBL214_Ki
71339737,global,cliffA,noncliff,558,521,0.9336917562724014,0.9099395274944428,0.951513454305648,2.275710754556774,,,,,CHEMBL214_Ki
71339737,global,__bins__,__summary__,-1,-1,,,,2.2757107545567745,0.864516129032258,0.10398780797561591,0.8045112781954887,0.1578947368421052,CHEMBL214_Ki
71339737,mondrian_pair,cliffB_oracle,all,664,614,0.9246987951807228,0.902094346613411,0.9424174646118724,2.256831597290583,,,,,CHEMBL214_Ki
71339737,mondrian_pair,cliffB_oracle,cliff,53,46,0.8679245283018868,0.7515974469109508,0.9345214671553674,2.178990780594257,,,,,CHEMBL214_Ki
71339737,mondrian_pair,cliffB_oracle,noncliff,611,568,0.9296235679214403,0.9065441284710436,0.947334529950892,2.2635837466930466,,,,,CHEMBL214_Ki
71339737,mondrian_pair,cliffA,all,664,614,0.9246987951807228,0.902094346613411,0.9424174646118724,2.256831597290583,,,,,CHEMBL214_Ki
71339737,mondrian_pair,cliffA,cliff,106,93,0.8773584905660378,0.8014136606026787,0.9269087857569649,2.185345653826186,,,,,CHEMBL214_Ki
71339737,mondrian_pair,cliffA,noncliff,558,521,0.9336917562724014,0.9099395274944428,0.951513454305648,2.2704113643286226,,,,,CHEMBL214_Ki
71339737,mondrian_pair,__bins__,__summary__,-1,-1,,,,2.256831597290583,0.864516129032258,0.1118618237236475,0.8045112781954887,0.16541353383458646,CHEMBL214_Ki
71339737,mondrian_wstd,cliffB_oracle,all,664,606,0.9126506024096386,0.8887320728626952,0.9318219564838571,2.266168462375401,,,,,CHEMBL214_Ki
71339737,mondrian_wstd,cliffB_oracle,cliff,53,46,0.8679245283018868,0.7515974469109508,0.9345214671553674,2.335322824056762,,,,,CHEMBL214_Ki
71339737,mondrian_wstd,cliffB_oracle,noncliff,611,560,0.9165302782324058,0.8919107682535921,0.9359449215307225,2.2601698025241537,,,,,CHEMBL214_Ki
71339737,mondrian_wstd,cliffA,all,664,606,0.9126506024096386,0.8887320728626952,0.9318219564838571,2.266168462375401,,,,,CHEMBL214_Ki
71339737,mondrian_wstd,cliffA,cliff,106,94,0.8867924528301887,0.8124873280829136,0.9340431794357212,2.322235933361897,,,,,CHEMBL214_Ki
71339737,mondrian_wstd,cliffA,noncliff,558,512,0.9175627240143369,0.8917876359737378,0.9376278382387464,2.2555176524747407,,,,,CHEMBL214_Ki
71339737,mondrian_wstd,__bins__,__summary__,-1,-1,,,,2.266168462375401,0.84251968503937,0.1058674117348235,0.849624060150376,0.12030075187969924,CHEMBL214_Ki
71339737,mondrian_std,cliffB_oracle,all,664,611,0.9201807228915663,0.8970679511265812,0.938459691894178,2.2909656887190013,,,,,CHEMBL214_Ki
71339737,mondrian_std,cliffB_oracle,cliff,53,46,0.8679245283018868,0.7515974469109508,0.9345214671553674,2.326691148218086,,,,,CHEMBL214_Ki
71339737,mondrian_std,cliffB_oracle,noncliff,611,565,0.9247135842880524,0.9010360130289616,0.943084032153866,2.287866753606969,,,,,CHEMBL214_Ki
71339737,mondrian_std,cliffA,all,664,611,0.9201807228915663,0.8970679511265812,0.938459691894178,2.2909656887190013,,,,,CHEMBL214_Ki
71339737,mondrian_std,cliffA,cliff,106,95,0.8962264150943396,0.8236781566158943,0.9410604120617315,2.339437883333112,,,,,CHEMBL214_Ki
71339737,mondrian_std,cliffA,noncliff,558,516,0.9247311827956989,0.8998196790165359,0.9438346874571067,2.2817577090969654,,,,,CHEMBL214_Ki
71339737,mondrian_std,__bins__,__summary__,-1,-1,,,,2.2909656887190013,0.8818897637795275,0.06299212598425197,0.849624060150376,0.12030075187969924,CHEMBL214_Ki
71339737,mondrian_iqr,cliffB_oracle,all,664,601,0.9051204819277109,0.8804429166688915,0.9251374990034537,2.157419568643602,,,,,CHEMBL214_Ki
71339737,mondrian_iqr,cliffB_oracle,cliff,53,45,0.8490566037735849,0.7294575072380466,0.9214758214915374,2.0351262603864164,,,,,CHEMBL214_Ki
71339737,mondrian_iqr,cliffB_oracle,noncliff,611,556,0.9099836333878887,0.8846548657026931,0.9301893397628109,2.1680276624858785,,,,,CHEMBL214_Ki
71339737,mondrian_iqr,cliffA,all,664,601,0.9051204819277109,0.8804429166688915,0.9251374990034537,2.157419568643602,,,,,CHEMBL214_Ki
71339737,mondrian_iqr,cliffA,cliff,106,90,0.8490566037735849,0.7687968486643733,0.9049014142182972,2.0427368361460574,,,,,CHEMBL214_Ki
71339737,mondrian_iqr,cliffA,noncliff,558,511,0.9157706093189965,0.889787603541075,0.9360681476061197,2.1792051773259313,,,,,CHEMBL214_Ki
71339737,mondrian_iqr,__bins__,__summary__,-1,-1,,,,2.157419568643602,0.8740157480314961,0.06299212598425197,0.8270676691729323,0.1278195488721805,CHEMBL214_Ki
71339737,mondrian_nb,cliffB_oracle,all,664,616,0.927710843373494,0.9054565630126353,0.945044693682331,2.370687714036452,,,,,CHEMBL214_Ki
71339737,mondrian_nb,cliffB_oracle,cliff,53,47,0.8867924528301887,0.7742348088800781,0.9470696905229743,2.2119848907458257,,,,,CHEMBL214_Ki
71339737,mondrian_nb,cliffB_oracle,noncliff,611,569,0.9312602291325696,0.9083861686360722,0.9487453608655659,2.3844540800502054,,,,,CHEMBL214_Ki
71339737,mondrian_nb,cliffA,all,664,616,0.927710843373494,0.9054565630126353,0.945044693682331,2.370687714036452,,,,,CHEMBL214_Ki
71339737,mondrian_nb,cliffA,cliff,106,93,0.8773584905660378,0.8014136606026787,0.9269087857569649,2.224611495372548,,,,,CHEMBL214_Ki
71339737,mondrian_nb,cliffA,noncliff,558,523,0.9372759856630825,0.9140155562351883,0.9545568716954819,2.3984369598758315,,,,,CHEMBL214_Ki
71339737,mondrian_nb,__bins__,__summary__,-1,-1,,,,2.370687714036452,0.8838709677419355,0.07675895351790696,0.8571428571428571,0.1278195488721805,CHEMBL214_Ki
71339737,mondrian_nnsim,cliffB_oracle,all,664,611,0.9201807228915663,0.8970679511265812,0.938459691894178,2.271310352766641,,,,,CHEMBL214_Ki
71339737,mondrian_nnsim,cliffB_oracle,cliff,53,50,0.9433962264150944,0.8462979168981911,0.9805633385150642,2.556779714549776,,,,,CHEMBL214_Ki
71339737,mondrian_nnsim,cliffB_oracle,noncliff,611,561,0.9181669394435352,0.893730677334355,0.9373778835296624,2.2465478713026372,,,,,CHEMBL214_Ki
71339737,mondrian_nnsim,cliffA,all,664,611,0.9201807228915663,0.8970679511265812,0.938459691894178,2.271310352766641,,,,,CHEMBL214_Ki
71339737,mondrian_nnsim,cliffA,cliff,106,96,0.9056603773584906,0.834999132489902,0.9479474973467148,2.399617802274441,,,,,CHEMBL214_Ki
71339737,mondrian_nnsim,cliffA,noncliff,558,515,0.9229390681003584,0.8978066862077644,0.9422879572005888,2.246936536193474,,,,,CHEMBL214_Ki
71339737,mondrian_nnsim,__bins__,__summary__,-1,-1,,,,2.271310352766641,0.8709677419354839,0.09753619507239009,0.8195488721804511,0.1578947368421052,CHEMBL214_Ki
71339737,mondrian_pairgap,cliffB_oracle,all,664,613,0.9231927710843374,0.9004166842768698,0.9411004042135723,2.252526618663036,,,,,CHEMBL214_Ki
71339737,mondrian_pairgap,cliffB_oracle,cliff,53,45,0.8490566037735849,0.7294575072380466,0.9214758214915374,2.16590377668478,,,,,CHEMBL214_Ki
71339737,mondrian_pairgap,cliffB_oracle,noncliff,611,568,0.9296235679214403,0.9065441284710436,0.947334529950892,2.260040547672607,,,,,CHEMBL214_Ki
71339737,mondrian_pairgap,cliffA,all,664,613,0.9231927710843374,0.9004166842768698,0.9411004042135723,2.252526618663036,,,,,CHEMBL214_Ki
71339737,mondrian_pairgap,cliffA,cliff,106,92,0.8679245283018868,0.7904464384418581,0.9196679467587945,2.1928968961811166,,,,,CHEMBL214_Ki
71339737,mondrian_pairgap,cliffA,noncliff,558,521,0.9336917562724014,0.9099395274944428,0.951513454305648,2.263854128668562,,,,,CHEMBL214_Ki
71339737,mondrian_pairgap,__bins__,__summary__,-1,-1,,,,2.252526618663036,0.864516129032258,0.1118618237236475,0.8045112781954887,0.1729323308270676,CHEMBL214_Ki
71339737,mondrian_rfstd,cliffB_oracle,all,664,602,0.9066265060240963,0.8820972576582541,0.9264778807489323,2.212077898579636,,,,,CHEMBL214_Ki
71339737,mondrian_rfstd,cliffB_oracle,cliff,53,37,0.6981132075471698,0.5646316733114988,0.8048169727242108,1.9306843901852377,,,,,CHEMBL214_Ki
71339737,mondrian_rfstd,cliffB_oracle,noncliff,611,565,0.9247135842880524,0.9010360130289616,0.943084032153866,2.2364868281130286,,,,,CHEMBL214_Ki
71339737,mondrian_rfstd,cliffA,all,664,602,0.9066265060240963,0.8820972576582541,0.9264778807489323,2.212077898579636,,,,,CHEMBL214_Ki
71339737,mondrian_rfstd,cliffA,cliff,106,83,0.7830188679245284,0.6954044306414119,0.850837404128321,1.9961831428714558,,,,,CHEMBL214_Ki
71339737,mondrian_rfstd,cliffA,noncliff,558,519,0.9301075268817204,0.9058801133541785,0.9484534223153331,2.253090164000903,,,,,CHEMBL214_Ki
71339737,mondrian_rfstd,__bins__,__summary__,-1,-1,,,,2.212077898579636,0.8903225806451613,0.03936491935483866,0.8421052631578947,0.10526315789473684,CHEMBL214_Ki
99182118,global,cliffB_oracle,all,664,586,0.8825301204819277,0.8558112072988797,0.9048483673508438,2.210400523995636,,,,,CHEMBL214_Ki
99182118,global,cliffB_oracle,cliff,70,54,0.7714285714285715,0.6604966840601509,0.8541193677742756,2.210400523995637,,,,,CHEMBL214_Ki
99182118,global,cliffB_oracle,noncliff,594,532,0.8956228956228957,0.8684406179328567,0.91772098572562,2.210400523995636,,,,,CHEMBL214_Ki
99182118,global,cliffA,all,664,586,0.8825301204819277,0.8558112072988797,0.9048483673508438,2.210400523995636,,,,,CHEMBL214_Ki
99182118,global,cliffA,cliff,113,93,0.8230088495575221,0.742375590039561,0.8824026413930539,2.2104005239956366,,,,,CHEMBL214_Ki
99182118,global,cliffA,noncliff,551,493,0.8947368421052632,0.8663222382537146,0.9176855050115147,2.210400523995636,,,,,CHEMBL214_Ki
99182118,global,__bins__,__summary__,-1,-1,,,,2.210400523995636,0.7987804878048781,0.14521951219512186,0.7218045112781954,0.24060150375939848,CHEMBL214_Ki
99182118,mondrian_pair,cliffB_oracle,all,664,591,0.8900602409638554,0.8639861609525203,0.9116470273714103,2.253652206425683,,,,,CHEMBL214_Ki
99182118,mondrian_pair,cliffB_oracle,cliff,70,55,0.7857142857142857,0.676088137365211,0.8656129698289221,2.109566264660257,,,,,CHEMBL214_Ki
99182118,mondrian_pair,cliffB_oracle,noncliff,594,536,0.9023569023569024,0.8758376258268712,0.9237054519364307,2.270632031212854,,,,,CHEMBL214_Ki
99182118,mondrian_pair,cliffA,all,664,591,0.8900602409638554,0.8639861609525203,0.9116470273714103,2.253652206425683,,,,,CHEMBL214_Ki
99182118,mondrian_pair,cliffA,cliff,113,95,0.8407079646017699,0.7622131425197989,0.8967995125529595,2.142552450437507,,,,,CHEMBL214_Ki
99182118,mondrian_pair,cliffA,noncliff,551,496,0.9001814882032668,0.8723152362632182,0.9225064069091177,2.276436729886053,,,,,CHEMBL214_Ki
99182118,mondrian_pair,__bins__,__summary__,-1,-1,,,,2.253652206425683,0.7987804878048781,0.15321951219512187,0.7443609022556391,0.21052631578947367,CHEMBL214_Ki
99182118,mondrian_wstd,cliffB_oracle,all,664,590,0.8885542168674698,0.8623485074029194,0.9102899581861699,2.1777332627750097,,,,,CHEMBL214_Ki
99182118,mondrian_wstd,cliffB_oracle,cliff,70,59,0.8428571428571429,0.7401175342315778,0.909923794401382,2.2953764894384694,,,,,CHEMBL214_Ki
99182118,mondrian_wstd,cliffB_oracle,noncliff,594,531,0.8939393939393939,0.8665963298657979,0.9162199052664723,2.163869582865175,,,,,CHEMBL214_Ki
99182118,mondrian_wstd,cliffA,all,664,590,0.8885542168674698,0.8623485074029194,0.9102899581861699,2.1777332627750097,,,,,CHEMBL214_Ki
99182118,mondrian_wstd,cliffA,cliff,113,96,0.8495575221238938,0.772230734012465,0.9038991328803649,2.2647409395672216,,,,,CHEMBL214_Ki
99182118,mondrian_wstd,cliffA,noncliff,551,494,0.896551724137931,0.8683175184512665,0.9192948581163317,2.159889583142488,,,,,CHEMBL214_Ki
99182118,mondrian_wstd,__bins__,__summary__,-1,-1,,,,2.1777332627750097,0.872,0.04800000000000004,0.7593984962406015,0.18045112781954886,CHEMBL214_Ki
99182118,mondrian_std,cliffB_oracle,all,664,589,0.8870481927710844,0.8607122081739755,0.9089315346802724,2.166376010083842,,,,,CHEMBL214_Ki
99182118,mondrian_std,cliffB_oracle,cliff,70,59,0.8428571428571429,0.7401175342315778,0.909923794401382,2.273034119719268,,,,,CHEMBL214_Ki
99182118,mondrian_std,cliffB_oracle,noncliff,594,530,0.8922558922558923,0.8647539448151944,0.9147169217908697,2.1538068725847177,,,,,CHEMBL214_Ki
99182118,mondrian_std,cliffA,all,664,589,0.8870481927710844,0.8607122081739755,0.9089315346802724,2.166376010083842,,,,,CHEMBL214_Ki
99182118,mondrian_std,cliffA,cliff,113,96,0.8495575221238938,0.772230734012465,0.9038991328803649,2.24507499070708,,,,,CHEMBL214_Ki
99182118,mondrian_std,cliffA,noncliff,551,493,0.8947368421052632,0.8663222382537146,0.9176855050115147,2.150236291734611,,,,,CHEMBL214_Ki
99182118,mondrian_std,__bins__,__summary__,-1,-1,,,,2.166376010083842,0.864,0.05600000000000005,0.7593984962406015,0.1729323308270676,CHEMBL214_Ki
99182118,mondrian_iqr,cliffB_oracle,all,664,590,0.8885542168674698,0.8623485074029194,0.9102899581861699,2.211445172339306,,,,,CHEMBL214_Ki
99182118,mondrian_iqr,cliffB_oracle,cliff,70,56,0.8,0.6918335550374695,0.8769526075163705,2.2250914232101344,,,,,CHEMBL214_Ki
99182118,mondrian_iqr,cliffB_oracle,noncliff,594,534,0.898989898989899,0.8721350648887084,0.9207172758221808,2.209837028297289,,,,,CHEMBL214_Ki
99182118,mondrian_iqr,cliffA,all,664,590,0.8885542168674698,0.8623485074029194,0.9102899581861699,2.211445172339306,,,,,CHEMBL214_Ki
99182118,mondrian_iqr,cliffA,cliff,113,92,0.8141592920353983,0.7325480865089783,0.8751129331035653,2.1726241236003756,,,,,CHEMBL214_Ki
99182118,mondrian_iqr,cliffA,noncliff,551,498,0.9038112522686026,0.8763228782469461,0.9257080315301276,2.2194066578338596,,,,,CHEMBL214_Ki
99182118,mondrian_iqr,__bins__,__summary__,-1,-1,,,,2.211445172339306,0.8658536585365854,0.05414634146341468,0.7819548872180451,0.14228753702437913,CHEMBL214_Ki
99182118,mondrian_nb,cliffB_oracle,all,664,589,0.8870481927710844,0.8607122081739755,0.9089315346802724,2.2411751342848696,,,,,CHEMBL214_Ki
99182118,mondrian_nb,cliffB_oracle,cliff,70,54,0.7714285714285715,0.6604966840601509,0.8541193677742756,2.0342513171235943,,,,,CHEMBL214_Ki
99182118,mondrian_nb,cliffB_oracle,noncliff,594,535,0.9006734006734006,0.8739853087659819,0.9222124004711136,2.265560095903201,,,,,CHEMBL214_Ki
99182118,mondrian_nb,cliffA,all,664,589,0.8870481927710844,0.8607122081739755,0.9089315346802724,2.2411751342848696,,,,,CHEMBL214_Ki
99182118,mondrian_nb,cliffA,cliff,113,91,0.8053097345132744,0.7227771200548647,0.8677666877376071,2.0640572508664823,,,,,CHEMBL214_Ki
99182118,mondrian_nb,cliffA,noncliff,551,498,0.9038112522686026,0.8763228782469461,0.9257080315301276,2.2774987655485313,,,,,CHEMBL214_Ki
99182118,mondrian_nb,__bins__,__summary__,-1,-1,,,,2.2411751342848696,0.8109756097560976,0.12502439024390244,0.7593984962406015,0.1729323308270676,CHEMBL214_Ki
99182118,mondrian_nnsim,cliffB_oracle,all,664,590,0.8885542168674698,0.8623485074029194,0.9102899581861699,2.2165198995994975,,,,,CHEMBL214_Ki
99182118,mondrian_nnsim,cliffB_oracle,cliff,70,58,0.8285714285714286,0.7238335196785457,0.8991227535947075,2.4991440316122953,,,,,CHEMBL214_Ki
99182118,mondrian_nnsim,cliffB_oracle,noncliff,594,532,0.8956228956228957,0.8684406179328567,0.91772098572562,2.1832140254565755,,,,,CHEMBL214_Ki
99182118,mondrian_nnsim,cliffA,all,664,590,0.8885542168674698,0.8623485074029194,0.9102899581861699,2.2165198995994975,,,,,CHEMBL214_Ki
99182118,mondrian_nnsim,cliffA,cliff,113,96,0.8495575221238938,0.772230734012465,0.9038991328803649,2.3935387871235156,,,,,CHEMBL214_Ki
99182118,mondrian_nnsim,cliffA,noncliff,551,494,0.896551724137931,0.8683175184512665,0.9192948581163317,2.1802165705791454,,,,,CHEMBL214_Ki
99182118,mondrian_nnsim,__bins__,__summary__,-1,-1,,,,2.2165198995994975,0.8292682926829268,0.12273170731707317,0.7518796992481203,0.20300751879699253,CHEMBL214_Ki
99182118,mondrian_pairgap,cliffB_oracle,all,664,588,0.8855421686746988,0.8590772399847371,0.9075717801346694,2.1985264738510635,,,,,CHEMBL214_Ki
99182118,mondrian_pairgap,cliffB_oracle,cliff,70,55,0.7857142857142857,0.676088137365211,0.8656129698289221,2.05242237702693,,,,,CHEMBL214_Ki
99182118,mondrian_pairgap,cliffB_oracle,noncliff,594,533,0.8973063973063973,0.8702868490583991,0.9192201231262837,2.2157441283589576,,,,,CHEMBL214_Ki
99182118,mondrian_pairgap,cliffA,all,664,588,0.8855421686746988,0.8590772399847371,0.9075717801346694,2.1985264738510635,,,,,CHEMBL214_Ki
99182118,mondrian_pairgap,cliffA,cliff,113,95,0.8407079646017699,0.7622131425197989,0.8967995125529595,2.0930122399993825,,,,,CHEMBL214_Ki
99182118,mondrian_pairgap,cliffA,noncliff,551,493,0.8947368421052632,0.8663222382537146,0.9176855050115147,2.2201655091055823,,,,,CHEMBL214_Ki
99182118,mondrian_pairgap,__bins__,__summary__,-1,-1,,,,2.1985264738510635,0.8048780487804879,0.1391219512195121,0.7293233082706767,0.22556390977443608,CHEMBL214_Ki
99182118,mondrian_rfstd,cliffB_oracle,all,664,589,0.8870481927710844,0.8607122081739755,0.9089315346802724,2.1039118610558405,,,,,CHEMBL214_Ki
99182118,mondrian_rfstd,cliffB_oracle,cliff,70,53,0.7571428571428571,0.6450496077036256,0.8424813887710942,1.987864887191116,,,,,CHEMBL214_Ki
99182118,mondrian_rfstd,cliffB_oracle,noncliff,594,536,0.9023569023569024,0.8758376258268712,0.9237054519364307,2.1175874303664983,,,,,CHEMBL214_Ki
99182118,mondrian_rfstd,cliffA,all,664,589,0.8870481927710844,0.8607122081739755,0.9089315346802724,2.1039118610558405,,,,,CHEMBL214_Ki
99182118,mondrian_rfstd,cliffA,cliff,113,92,0.8141592920353983,0.7325480865089783,0.8751129331035653,2.048180397618463,,,,,CHEMBL214_Ki
99182118,mondrian_rfstd,cliffA,noncliff,551,497,0.9019963702359347,0.8743177868892107,0.9241084895854941,2.115341362631927,,,,,CHEMBL214_Ki
99182118,mondrian_rfstd,__bins__,__summary__,-1,-1,,,,2.1039118610558405,0.8353658536585366,0.0926341463414635,0.8421052631578947,0.10486443381180233,CHEMBL214_Ki
89709943,global,cliffB_oracle,all,664,590,0.8885542168674698,0.8623485074029194,0.9102899581861699,2.2371790806656975,,,,,CHEMBL214_Ki
89709943,global,cliffB_oracle,cliff,64,53,0.828125,0.7178678837734179,0.9012225769875536,2.2371790806656975,,,,,CHEMBL214_Ki
89709943,global,cliffB_oracle,noncliff,600,537,0.895,0.8679075557284016,0.917066700470775,2.2371790806656975,,,,,CHEMBL214_Ki
89709943,global,cliffA,all,664,590,0.8885542168674698,0.8623485074029194,0.9102899581861699,2.2371790806656975,,,,,CHEMBL214_Ki
89709943,global,cliffA,cliff,111,93,0.8378378378378378,0.7581819919602146,0.8948922616253312,2.2371790806656975,,,,,CHEMBL214_Ki
89709943,global,cliffA,noncliff,553,497,0.8987341772151899,0.870775894532874,0.9211909984028123,2.2371790806656975,,,,,CHEMBL214_Ki
89709943,global,__bins__,__summary__,-1,-1,,,,2.2371790806656975,0.7790697674418605,0.19653998865570044,0.7669172932330827,0.18796992481203012,CHEMBL214_Ki
89709943,mondrian_pair,cliffB_oracle,all,664,596,0.8975903614457831,0.8721956151764346,0.9184111868217032,2.2951894409775844,,,,,CHEMBL214_Ki
89709943,mondrian_pair,cliffB_oracle,cliff,64,53,0.828125,0.7178678837734179,0.9012225769875536,2.206894288226522,,,,,CHEMBL214_Ki
89709943,mondrian_pair,cliffB_oracle,noncliff,600,543,0.905,0.8788951125090315,0.9259519096698711,2.3046075906043644,,,,,CHEMBL214_Ki
89709943,mondrian_pair,cliffA,all,664,596,0.8975903614457831,0.8721956151764346,0.9184111868217032,2.2951894409775844,,,,,CHEMBL214_Ki
89709943,mondrian_pair,cliffA,cliff,111,94,0.8468468468468469,0.7683643307514041,0.9021252362630896,2.220833009243391,,,,,CHEMBL214_Ki
89709943,mondrian_pair,cliffA,noncliff,553,502,0.9077757685352622,0.8807663453777841,0.9291589805042895,2.3101145113618435,,,,,CHEMBL214_Ki
89709943,mondrian_pair,__bins__,__summary__,-1,-1,,,,2.2951894409775844,0.7848837209302325,0.19072603516732844,0.7744360902255639,0.18796992481203,CHEMBL214_Ki
89709943,mondrian_wstd,cliffB_oracle,all,664,600,0.9036144578313253,0.8787902471504533,0.9237954457870504,2.150165191064378,,,,,CHEMBL214_Ki
89709943,mondrian_wstd,cliffB_oracle,cliff,64,54,0.84375,0.7357193822745122,0.912851576617934,2.274793266552353,,,,,CHEMBL214_Ki
89709943,mondrian_wstd,cliffB_oracle,noncliff,600,546,0.91,0.8844172269988464,0.9303661781699191,2.1368715296789937,,,,,CHEMBL214_Ki
89709943,mondrian_wstd,cliffA,all,664,600,0.9036144578313253,0.8787902471504533,0.9237954457870504,2.150165191064378,,,,,CHEMBL214_Ki
89709943,mondrian_wstd,cliffA,cliff,111,97,0.8738738738738738,0.7993740636378681,0.9233614436634692,2.229680750098589,,,,,CHEMBL214_Ki
89709943,mondrian_wstd,cliffA,noncliff,553,503,0.9095840867992767,0.8827723521693259,0.9307446603020252,2.134204563482466,,,,,CHEMBL214_Ki
89709943,mondrian_wstd,__bins__,__summary__,-1,-1,,,,2.150165191064378,0.8546511627906976,0.08843826810361133,0.8195488721804511,0.13533834586466165,CHEMBL214_Ki
89709943,mondrian_std,cliffB_oracle,all,664,602,0.9066265060240963,0.8820972576582541,0.9264778807489323,2.1661602530740978,,,,,CHEMBL214_Ki
89709943,mondrian_std,cliffB_oracle,cliff,64,55,0.859375,0.7538371825842297,0.9242142744396914,2.286526256810304,,,,,CHEMBL214_Ki
89709943,mondrian_std,cliffB_oracle,noncliff,600,547,0.9116666666666666,0.8862624651137733,0.9318330677182797,2.153321212675569,,,,,CHEMBL214_Ki
89709943,mondrian_std,cliffA,all,664,602,0.9066265060240963,0.8820972576582541,0.9264778807489323,2.1661602530740978,,,,,CHEMBL214_Ki
89709943,mondrian_std,cliffA,cliff,111,98,0.8828828828828829,0.8098857474187109,0.9302650733115743,2.2371392424292638,,,,,CHEMBL214_Ki
89709943,mondrian_std,cliffA,noncliff,553,504,0.9113924050632911,0.8847811590841972,0.9323275399764313,2.15191311416194,,,,,CHEMBL214_Ki
89709943,mondrian_std,__bins__,__summary__,-1,-1,,,,2.1661602530740978,0.8546511627906976,0.08843826810361133,0.8195488721804511,0.13533834586466165,CHEMBL214_Ki
89709943,mondrian_iqr,cliffB_oracle,all,664,585,0.8810240963855421,0.8541800998403282,0.9034847520745539,2.210845879959102,,,,,CHEMBL214_Ki
89709943,mondrian_iqr,cliffB_oracle,cliff,64,49,0.765625,0.6486674241743136,0.8525010440607586,2.133098255139571,,,,,CHEMBL214_Ki
89709943,mondrian_iqr,cliffB_oracle,noncliff,600,536,0.8933333333333333,0.866083119474195,0.9155790090616936,2.219138959939852,,,,,CHEMBL214_Ki
89709943,mondrian_iqr,cliffA,all,664,585,0.8810240963855421,0.8541800998403282,0.9034847520745539,2.210845879959102,,,,,CHEMBL214_Ki
89709943,mondrian_iqr,cliffA,cliff,111,92,0.8288288288288288,0.7480684077980693,0.8875905323585285,2.1186591778425967,,,,,CHEMBL214_Ki
89709943,mondrian_iqr,cliffA,noncliff,553,493,0.891500904159132,0.8628273707719079,0.9147727758066684,2.2293499015412572,,,,,CHEMBL214_Ki
89709943,mondrian_iqr,__bins__,__summary__,-1,-1,,,,2.210845879959102,0.8313953488372093,0.11982416335791257,0.8195488721804511,0.11278195488721798,CHEMBL214_Ki
89709943,mondrian_nb,cliffB_oracle,all,664,594,0.8945783132530121,0.8689074922778528,0.9157098642506023,2.2923839030400117,,,,,CHEMBL214_Ki
89709943,mondrian_nb,cliffB_oracle,cliff,64,51,0.796875,0.6828636426898583,0.8772658218081634,2.049393869925262,,,,,CHEMBL214_Ki
89709943,mondrian_nb,cliffB_oracle,noncliff,600,543,0.905,0.8788951125090315,0.9259519096698711,2.318302839905585,,,,,CHEMBL214_Ki
89709943,mondrian_nb,cliffA,all,664,594,0.8945783132530121,0.8689074922778528,0.9157098642506023,2.2923839030400117,,,,,CHEMBL214_Ki
89709943,mondrian_nb,cliffA,cliff,111,90,0.8108108108108109,0.7280316720176518,0.8727966412810504,2.057449279430759,,,,,CHEMBL214_Ki
89709943,mondrian_nb,cliffA,noncliff,553,504,0.9113924050632911,0.8847811590841972,0.9323275399764313,2.339540762390151,,,,,CHEMBL214_Ki
89709943,mondrian_nb,__bins__,__summary__,-1,-1,,,,2.2923839030400117,0.8023255813953488,0.17328417470221213,0.849624060150376,0.09774436090225558,CHEMBL214_Ki
89709943,mondrian_nnsim,cliffB_oracle,all,664,597,0.8990963855421686,0.8738419300367393,0.91975959469624,2.267021546336714,,,,,CHEMBL214_Ki
89709943,mondrian_nnsim,cliffB_oracle,cliff,64,58,0.90625,0.810171204003544,0.9563217474148016,2.5129060633438343,,,,,CHEMBL214_Ki
89709943,mondrian_nnsim,cliffB_oracle,noncliff,600,539,0.8983333333333333,0.8715621099533396,0.9200364015724122,2.240793864522621,,,,,CHEMBL214_Ki
89709943,mondrian_nnsim,cliffA,all,664,597,0.8990963855421686,0.8738419300367393,0.91975959469624,2.267021546336714,,,,,CHEMBL214_Ki
89709943,mondrian_nnsim,cliffA,cliff,111,98,0.8828828828828829,0.8098857474187109,0.9302650733115743,2.3962664927798567,,,,,CHEMBL214_Ki
89709943,mondrian_nnsim,cliffA,noncliff,553,499,0.9023508137432188,0.8747644189053305,0.9243858472089106,2.2410790706492114,,,,,CHEMBL214_Ki
89709943,mondrian_nnsim,__bins__,__summary__,-1,-1,,,,2.267021546336714,0.8023255813953488,0.1814142560030252,0.8045112781954887,0.18045112781954886,CHEMBL214_Ki
89709943,mondrian_pairgap,cliffB_oracle,all,664,599,0.9021084337349398,0.8771392147292427,0.9224517554734195,2.2964152816867194,,,,,CHEMBL214_Ki
89709943,mondrian_pairgap,cliffB_oracle,cliff,64,53,0.828125,0.7178678837734179,0.9012225769875536,2.2691550135368086,,,,,CHEMBL214_Ki
89709943,mondrian_pairgap,cliffB_oracle,noncliff,600,546,0.91,0.8844172269988464,0.9303661781699191,2.2993230436227097,,,,,CHEMBL214_Ki
89709943,mondrian_pairgap,cliffA,all,664,599,0.9021084337349398,0.8771392147292427,0.9224517554734195,2.2964152816867194,,,,,CHEMBL214_Ki
89709943,mondrian_pairgap,cliffA,cliff,111,95,0.8558558558558559,0.7786200797943343,0.9092848006491072,2.2704840043758305,,,,,CHEMBL214_Ki
89709943,mondrian_pairgap,cliffA,noncliff,553,504,0.9113924050632911,0.8847811590841972,0.9323275399764313,2.3016202939498456,,,,,CHEMBL214_Ki
89709943,mondrian_pairgap,__bins__,__summary__,-1,-1,,,,2.2964152816867194,0.7965116279069767,0.17909812819058424,0.7894736842105263,0.1729323308270676,CHEMBL214_Ki
89709943,mondrian_rfstd,cliffB_oracle,all,664,602,0.9066265060240963,0.8820972576582541,0.9264778807489323,2.249698679604741,,,,,CHEMBL214_Ki
89709943,mondrian_rfstd,cliffB_oracle,cliff,64,49,0.765625,0.6486674241743136,0.8525010440607586,2.1110237837990087,,,,,CHEMBL214_Ki
89709943,mondrian_rfstd,cliffB_oracle,noncliff,600,553,0.9216666666666666,0.8973856994464167,0.9405825993653625,2.2644906684906854,,,,,CHEMBL214_Ki
89709943,mondrian_rfstd,cliffA,all,664,602,0.9066265060240963,0.8820972576582541,0.9264778807489323,2.249698679604741,,,,,CHEMBL214_Ki
89709943,mondrian_rfstd,cliffA,cliff,111,90,0.8108108108108109,0.7280316720176518,0.8727966412810504,2.071730082942288,,,,,CHEMBL214_Ki
89709943,mondrian_rfstd,cliffA,noncliff,553,512,0.9258589511754068,0.900962417916259,0.9448797738585895,2.2854211284827373,,,,,CHEMBL214_Ki
89709943,mondrian_rfstd,__bins__,__summary__,-1,-1,,,,2.249698679604741,0.8488372093023255,0.10238230289279637,0.8796992481203008,0.05211893369788101,CHEMBL214_Ki
86921808,global,cliffB_oracle,all,664,573,0.8629518072289156,0.8346986415655061,0.8870295375312788,2.094108030104371,,,,,CHEMBL214_Ki
86921808,global,cliffB_oracle,cliff,67,56,0.835820895522388,0.7294473706077896,0.9057738790547688,2.0941080301043704,,,,,CHEMBL214_Ki
86921808,global,cliffB_oracle,noncliff,597,517,0.8659966499162479,0.8363177812169976,0.8909955450932819,2.094108030104371,,,,,CHEMBL214_Ki
86921808,global,cliffA,all,664,573,0.8629518072289156,0.8346986415655061,0.8870295375312788,2.094108030104371,,,,,CHEMBL214_Ki
86921808,global,cliffA,cliff,122,102,0.8360655737704918,0.7603151063673728,0.8912984458629629,2.094108030104371,,,,,CHEMBL214_Ki
86921808,global,cliffA,noncliff,542,471,0.8690036900369004,0.8379833954757498,0.8948301230580225,2.094108030104371,,,,,CHEMBL214_Ki
86921808,global,__bins__,__summary__,-1,-1,,,,2.094108030104371,0.7388888888888889,0.22805325987144165,0.6766917293233082,0.3007518796992481,CHEMBL214_Ki
86921808,mondrian_pair,cliffB_oracle,all,664,577,0.8689759036144579,0.8411744659935382,0.8925326040426126,2.1330967251981643,,,,,CHEMBL214_Ki
86921808,mondrian_pair,cliffB_oracle,cliff,67,56,0.835820895522388,0.7294473706077896,0.9057738790547688,2.038350115959832,,,,,CHEMBL214_Ki
86921808,mondrian_pair,cliffB_oracle,noncliff,597,521,0.8726968174204355,0.8435563186886323,0.8970716680575335,2.143729929250037,,,,,CHEMBL214_Ki
86921808,mondrian_pair,cliffA,all,664,577,0.8689759036144579,0.8411744659935382,0.8925326040426126,2.1330967251981643,,,,,CHEMBL214_Ki
86921808,mondrian_pair,cliffA,cliff,122,102,0.8360655737704918,0.7603151063673728,0.8912984458629629,2.0396645802853244,,,,,CHEMBL214_Ki
86921808,mondrian_pair,cliffA,noncliff,542,475,0.8763837638376384,0.8459960106154681,0.9014737782889796,2.154127577005113,,,,,CHEMBL214_Ki
86921808,mondrian_pair,__bins__,__summary__,-1,-1,,,,2.1330967251981643,0.7333333333333333,0.2336088154269973,0.6917293233082706,0.29323308270676696,CHEMBL214_Ki
86921808,mondrian_wstd,cliffB_oracle,all,664,594,0.8945783132530121,0.8689074922778528,0.9157098642506023,2.2115285441677326,,,,,CHEMBL214_Ki
86921808,mondrian_wstd,cliffB_oracle,cliff,67,61,0.9104477611940298,0.8180724780033378,0.9583090493620113,2.3046069586532907,,,,,CHEMBL214_Ki
86921808,mondrian_wstd,cliffB_oracle,noncliff,597,533,0.8927973199329984,0.8654218122596793,0.915150155794145,2.2010825579524353,,,,,CHEMBL214_Ki
86921808,mondrian_wstd,cliffA,all,664,594,0.8945783132530121,0.8689074922778528,0.9157098642506023,2.2115285441677326,,,,,CHEMBL214_Ki
86921808,mondrian_wstd,cliffA,cliff,122,109,0.8934426229508197,0.826201642634992,0.9366630038785716,2.20171432074531,,,,,CHEMBL214_Ki
86921808,mondrian_wstd,cliffA,noncliff,542,485,0.8948339483394834,0.8661706717795978,0.9179397930515385,2.2137376498089423,,,,,CHEMBL214_Ki
86921808,mondrian_wstd,__bins__,__summary__,-1,-1,,,,2.2115285441677326,0.8264462809917356,0.1322314049586777,0.8045112781954887,0.15037593984962405,CHEMBL214_Ki
86921808,mondrian_std,cliffB_oracle,all,664,591,0.8900602409638554,0.8639861609525203,0.9116470273714103,2.193774325740041,,,,,CHEMBL214_Ki
86921808,mondrian_std,cliffB_oracle,cliff,67,61,0.9104477611940298,0.8180724780033378,0.9583090493620113,2.251714317759286,,,,,CHEMBL214_Ki
86921808,mondrian_std,cliffB_oracle,noncliff,597,530,0.8877721943048577,0.8599326864551265,0.910653286271783,2.187271847573727,,,,,CHEMBL214_Ki
86921808,mondrian_std,cliffA,all,664,591,0.8900602409638554,0.8639861609525203,0.9116470273714103,2.193774325740041,,,,,CHEMBL214_Ki
86921808,mondrian_std,cliffA,cliff,122,108,0.8852459016393442,0.8165707956145146,0.9304008374300164,2.1606085654460574,,,,,CHEMBL214_Ki
86921808,mondrian_std,cliffA,noncliff,542,483,0.8911439114391144,0.8621180201319687,0.91466430951383,2.201239681378171,,,,,CHEMBL214_Ki
86921808,mondrian_std,__bins__,__summary__,-1,-1,,,,2.193774325740041,0.8512396694214877,0.1074380165289256,0.7969924812030075,0.16541353383458646,CHEMBL214_Ki
86921808,mondrian_iqr,cliffB_oracle,all,664,602,0.9066265060240963,0.8820972576582541,0.9264778807489323,2.228516003380123,,,,,CHEMBL214_Ki
86921808,mondrian_iqr,cliffB_oracle,cliff,67,60,0.8955223880597015,0.7996871695126198,0.9484623023121714,2.2534253943178757,,,,,CHEMBL214_Ki
86921808,mondrian_iqr,cliffB_oracle,noncliff,597,542,0.9078726968174204,0.8819937772602962,0.9285361767742717,2.2257204770939767,,,,,CHEMBL214_Ki
86921808,mondrian_iqr,cliffA,all,664,602,0.9066265060240963,0.8820972576582541,0.9264778807489323,2.228516003380123,,,,,CHEMBL214_Ki
86921808,mondrian_iqr,cliffA,cliff,122,109,0.8934426229508197,0.826201642634992,0.9366630038785716,2.2088409896015793,,,,,CHEMBL214_Ki
86921808,mondrian_iqr,cliffA,noncliff,542,493,0.9095940959409594,0.8824826604117336,0.9309403451607535,2.232944696518467,,,,,CHEMBL214_Ki
86921808,mondrian_iqr,__bins__,__summary__,-1,-1,,,,2.228516003380123,0.8833333333333333,0.07534435261707995,0.8421052631578947,0.13533834586466165,CHEMBL214_Ki
86921808,mondrian_nb,cliffB_oracle,all,664,585,0.8810240963855421,0.8541800998403282,0.9034847520745539,2.1495767173245883,,,,,CHEMBL214_Ki
86921808,mondrian_nb,cliffB_oracle,cliff,67,53,0.7910447761194029,0.6792819349311752,0.8712431481097087,1.9047788353321529,,,,,CHEMBL214_Ki
86921808,mondrian_nb,cliffB_oracle,noncliff,597,532,0.8911222780569514,0.8635902989319533,0.9136530040128994,2.177049846459418,,,,,CHEMBL214_Ki
86921808,mondrian_nb,cliffA,all,664,585,0.8810240963855421,0.8541800998403282,0.9034847520745539,2.1495767173245883,,,,,CHEMBL214_Ki
86921808,mondrian_nb,cliffA,cliff,122,98,0.8032786885245902,0.7239527940587409,0.8640887042954644,1.9226562731127819,,,,,CHEMBL214_Ki
86921808,mondrian_nb,cliffA,noncliff,542,487,0.8985239852398524,0.8702329797542975,0.9212056202621767,2.2006547508925602,,,,,CHEMBL214_Ki
86921808,mondrian_nb,__bins__,__summary__,-1,-1,,,,2.1495767173245883,0.8,0.1586776859504132,0.7819548872180451,0.19548872180451127,CHEMBL214_Ki
86921808,mondrian_nnsim,cliffB_oracle,all,664,587,0.8840361445783133,0.8574435803003283,0.9062107170842367,2.1527835380661595,,,,,CHEMBL214_Ki
86921808,mondrian_nnsim,cliffB_oracle,cliff,67,59,0.8805970149253731,0.7816797416192777,0.9382376746649551,2.4515318426566375,,,,,CHEMBL214_Ki
86921808,mondrian_nnsim,cliffB_oracle,noncliff,597,528,0.8844221105527639,0.8562820623605469,0.9076465801484197,2.119255671386826,,,,,CHEMBL214_Ki
86921808,mondrian_nnsim,cliffA,all,664,587,0.8840361445783133,0.8574435803003283,0.9062107170842367,2.1527835380661595,,,,,CHEMBL214_Ki
86921808,mondrian_nnsim,cliffA,cliff,122,106,0.8688524590163934,0.7975497130263897,0.9176358930800762,2.2846815343426266,,,,,CHEMBL214_Ki
86921808,mondrian_nnsim,cliffA,noncliff,542,481,0.8874538745387454,0.8580746024504461,0.9113795920100148,2.123094321192121,,,,,CHEMBL214_Ki
86921808,mondrian_nnsim,__bins__,__summary__,-1,-1,,,,2.1527835380661595,0.8166666666666667,0.15027548209366393,0.7669172932330827,0.20300751879699253,CHEMBL214_Ki
86921808,mondrian_pairgap,cliffB_oracle,all,664,581,0.875,0.8476679248920553,0.8980180360834611,2.145141890499652,,,,,CHEMBL214_Ki
86921808,mondrian_pairgap,cliffB_oracle,cliff,67,55,0.8208955223880597,0.7125251075208199,0.8944640866011804,2.011412956539038,,,,,CHEMBL214_Ki
86921808,mondrian_pairgap,cliffB_oracle,noncliff,597,526,0.88107202680067,0.8526381670096371,0.9046331452813862,2.160149995316002,,,,,CHEMBL214_Ki
86921808,mondrian_pairgap,cliffA,all,664,581,0.875,0.8476679248920553,0.8980180360834611,2.145141890499652,,,,,CHEMBL214_Ki
86921808,mondrian_pairgap,cliffA,cliff,122,101,0.8278688524590164,0.7511503474511101,0.8845701913101931,2.0120733879244783,,,,,CHEMBL214_Ki
86921808,mondrian_pairgap,cliffA,noncliff,542,480,0.8856088560885609,0.8560562336153233,0.9097338932524687,2.1750945792711853,,,,,CHEMBL214_Ki
86921808,mondrian_pairgap,__bins__,__summary__,-1,-1,,,,2.145141890499652,0.7555555555555555,0.21138659320477504,0.7142857142857143,0.2706766917293233,CHEMBL214_Ki
86921808,mondrian_rfstd,cliffB_oracle,all,664,595,0.8960843373493976,0.8705508121153992,0.9170612671478974,2.156993641259942,,,,,CHEMBL214_Ki
86921808,mondrian_rfstd,cliffB_oracle,cliff,67,54,0.8059701492537313,0.695808877745558,0.8829482608358841,2.005927136224262,,,,,CHEMBL214_Ki
86921808,mondrian_rfstd,cliffB_oracle,noncliff,597,541,0.9061976549413735,0.8801440645720766,0.9270572243535198,2.1739475036341305,,,,,CHEMBL214_Ki
86921808,mondrian_rfstd,cliffA,all,664,595,0.8960843373493976,0.8705508121153992,0.9170612671478974,2.156993641259942,,,,,CHEMBL214_Ki
86921808,mondrian_rfstd,cliffA,cliff,122,104,0.8524590163934426,0.7788100522620708,0.9045895269063299,2.0485850594017574,,,,,CHEMBL214_Ki
86921808,mondrian_rfstd,cliffA,noncliff,542,491,0.9059040590405905,0.8783884473426473,0.9277064230445022,2.1813955729697185,,,,,CHEMBL214_Ki
86921808,mondrian_rfstd,__bins__,__summary__,-1,-1,,,,2.156993641259942,0.8333333333333334,0.10881542699724511,0.8421052631578947,0.10526315789473684,CHEMBL214_Ki
89165191,global,cliffB_oracle,all,664,575,0.8659638554216867,0.837934412348061,0.8897832122184068,2.1124294175957345,,,,,CHEMBL214_Ki
89165191,global,cliffB_oracle,cliff,66,53,0.803030303030303,0.6916121200582055,0.8811136029638906,2.1124294175957345,,,,,CHEMBL214_Ki
89165191,global,cliffB_oracle,noncliff,598,522,0.8729096989966555,0.8438130489193238,0.897245901844778,2.1124294175957345,,,,,CHEMBL214_Ki
89165191,global,cliffA,all,664,575,0.8659638554216867,0.837934412348061,0.8897832122184068,2.1124294175957345,,,,,CHEMBL214_Ki
89165191,global,cliffA,cliff,103,88,0.8543689320388349,0.7735400473827414,0.9097153181445274,2.1124294175957345,,,,,CHEMBL214_Ki
89165191,global,cliffA,noncliff,561,487,0.8680926916221033,0.8375709496985039,0.8936076731707933,2.1124294175957345,,,,,CHEMBL214_Ki
89165191,global,__bins__,__summary__,-1,-1,,,,2.1124294175957345,0.75,0.2008196721311475,0.706766917293233,0.24020277967646397,CHEMBL214_Ki
89165191,mondrian_pair,cliffB_oracle,all,664,574,0.8644578313253012,0.836315999080461,0.8884069027511654,2.0473268005904477,,,,,CHEMBL214_Ki
89165191,mondrian_pair,cliffB_oracle,cliff,66,50,0.7575757575757576,0.6419087139865022,0.8449081505822794,1.894713832735025,,,,,CHEMBL214_Ki
89165191,mondrian_pair,cliffB_oracle,noncliff,598,524,0.8762541806020067,0.8474352499152024,0.9002699694656179,2.0641703722935545,,,,,CHEMBL214_Ki
89165191,mondrian_pair,cliffA,all,664,574,0.8644578313253012,0.836315999080461,0.8884069027511654,2.0473268005904477,,,,,CHEMBL214_Ki
89165191,mondrian_pair,cliffA,cliff,103,84,0.8155339805825242,0.7297734374257518,0.8786046277697614,1.8896295684069864,,,,,CHEMBL214_Ki
89165191,mondrian_pair,cliffA,noncliff,561,490,0.8734402852049911,0.8433643164823437,0.8984367561138682,2.0762801248594256,,,,,CHEMBL214_Ki
89165191,mondrian_pair,__bins__,__summary__,-1,-1,,,,2.0473268005904477,0.7386363636363636,0.22038002980625926,0.7142857142857143,0.2554112554112554,CHEMBL214_Ki
89165191,mondrian_wstd,cliffB_oracle,all,664,596,0.8975903614457831,0.8721956151764346,0.9184111868217032,2.229983515045995,,,,,CHEMBL214_Ki
89165191,mondrian_wstd,cliffB_oracle,cliff,66,55,0.8333333333333334,0.7256941288004796,0.9043041665238262,2.2573628617755532,,,,,CHEMBL214_Ki
89165191,mondrian_wstd,cliffB_oracle,noncliff,598,541,0.9046822742474916,0.8784967331946946,0.925701769428232,2.2269617142363787,,,,,CHEMBL214_Ki
89165191,mondrian_wstd,cliffA,all,664,596,0.8975903614457831,0.8721956151764346,0.9184111868217032,2.229983515045995,,,,,CHEMBL214_Ki
89165191,mondrian_wstd,cliffA,cliff,103,90,0.8737864077669902,0.7959587945728204,0.9247352211203261,2.2474483081873364,,,,,CHEMBL214_Ki
89165191,mondrian_wstd,cliffA,noncliff,561,506,0.9019607843137255,0.8745518902247642,0.9239022475816596,2.226776966572629,,,,,CHEMBL214_Ki
89165191,mondrian_wstd,__bins__,__summary__,-1,-1,,,,2.229983515045995,0.8409090909090909,0.10991058122205655,0.7894736842105263,0.16541353383458646,CHEMBL214_Ki
89165191,mondrian_std,cliffB_oracle,all,664,593,0.8930722891566265,0.8672656280805093,0.9143570057131043,2.221057562946182,,,,,CHEMBL214_Ki
89165191,mondrian_std,cliffB_oracle,cliff,66,54,0.8181818181818182,0.7085480732292817,0.8928139359439193,2.2606545622975385,,,,,CHEMBL214_Ki
89165191,mondrian_std,cliffB_oracle,noncliff,598,539,0.9013377926421404,0.8748141599504474,0.9227380740557608,2.2166873255595774,,,,,CHEMBL214_Ki
89165191,mondrian_std,cliffA,all,664,593,0.8930722891566265,0.8672656280805093,0.9143570057131043,2.221057562946182,,,,,CHEMBL214_Ki
89165191,mondrian_std,cliffA,cliff,103,89,0.8640776699029126,0.7846989505636784,0.9172757400465291,2.260746368692151,,,,,CHEMBL214_Ki
89165191,mondrian_std,cliffA,noncliff,561,504,0.8983957219251337,0.870623575644622,0.9207489290105254,2.2137706699126083,,,,,CHEMBL214_Ki
89165191,mondrian_std,__bins__,__summary__,-1,-1,,,,2.221057562946182,0.8409090909090909,0.10171385991058124,0.7894736842105263,0.16507177033492826,CHEMBL214_Ki
89165191,mondrian_iqr,cliffB_oracle,all,664,577,0.8689759036144579,0.8411744659935382,0.8925326040426126,2.1727072523502513,,,,,CHEMBL214_Ki
89165191,mondrian_iqr,cliffB_oracle,cliff,66,52,0.7878787878787878,0.6748692879502294,0.8692201489207618,2.1625846022502215,,,,,CHEMBL214_Ki
89165191,mondrian_iqr,cliffB_oracle,noncliff,598,525,0.8779264214046822,0.8492486401126147,0.9017797135765646,2.173824467913131,,,,,CHEMBL214_Ki
89165191,mondrian_iqr,cliffA,all,664,577,0.8689759036144579,0.8411744659935382,0.8925326040426126,2.1727072523502513,,,,,CHEMBL214_Ki
89165191,mondrian_iqr,cliffA,cliff,103,85,0.8252427184466019,0.7405963558470099,0.8865010344314423,2.136629063807082,,,,,CHEMBL214_Ki
89165191,mondrian_iqr,cliffA,noncliff,561,492,0.8770053475935828,0.8472352509532068,0.9016474547942814,2.179331233490976,,,,,CHEMBL214_Ki
89165191,mondrian_iqr,__bins__,__summary__,-1,-1,,,,2.1727072523502513,0.8125,0.1383196721311475,0.7669172932330827,0.17247664616085678,CHEMBL214_Ki
89165191,mondrian_nb,cliffB_oracle,all,664,573,0.8629518072289156,0.8346986415655061,0.8870295375312788,2.0946948276892816,,,,,CHEMBL214_Ki
89165191,mondrian_nb,cliffB_oracle,cliff,66,49,0.7424242424242424,0.6256690145359197,0.8325115638817572,1.8554833537627662,,,,,CHEMBL214_Ki
89165191,mondrian_nb,cliffB_oracle,noncliff,598,524,0.8762541806020067,0.8474352499152024,0.9002699694656179,2.1210960940423753,,,,,CHEMBL214_Ki
89165191,mondrian_nb,cliffA,all,664,573,0.8629518072289156,0.8346986415655061,0.8870295375312788,2.0946948276892816,,,,,CHEMBL214_Ki
89165191,mondrian_nb,cliffA,cliff,103,80,0.7766990291262136,0.6871583963606128,0.8463423685031449,1.861515676501872,,,,,CHEMBL214_Ki
89165191,mondrian_nb,cliffA,noncliff,561,493,0.8787878787878788,0.8491734201582267,0.9032501021648999,2.137506686106934,,,,,CHEMBL214_Ki
89165191,mondrian_nb,__bins__,__summary__,-1,-1,,,,2.0946948276892816,0.7727272727272727,0.16989567809239947,0.7894736842105263,0.14234449760765544,CHEMBL214_Ki
89165191,mondrian_nnsim,cliffB_oracle,all,664,572,0.8614457831325302,0.8330823253437142,0.8856511310182295,2.126969249026972,,,,,CHEMBL214_Ki
89165191,mondrian_nnsim,cliffB_oracle,cliff,66,53,0.803030303030303,0.6916121200582055,0.8811136029638906,2.2753482043730218,,,,,CHEMBL214_Ki
89165191,mondrian_nnsim,cliffB_oracle,noncliff,598,519,0.8678929765886287,0.8383908195785643,0.8926987282604599,2.110592976363361,,,,,CHEMBL214_Ki
89165191,mondrian_nnsim,cliffA,all,664,572,0.8614457831325302,0.8330823253437142,0.8856511310182295,2.126969249026972,,,,,CHEMBL214_Ki
89165191,mondrian_nnsim,cliffA,cliff,103,87,0.8446601941747572,0.7624742780120963,0.9020617624322336,2.1886229044604004,,,,,CHEMBL214_Ki
89165191,mondrian_nnsim,cliffA,noncliff,561,485,0.8645276292335116,0.8337170500577513,0.8903799396602694,2.115649593929569,,,,,CHEMBL214_Ki
89165191,mondrian_nnsim,__bins__,__summary__,-1,-1,,,,2.126969249026972,0.75,0.19262295081967218,0.706766917293233,0.23308270676691734,CHEMBL214_Ki
89165191,mondrian_pairgap,cliffB_oracle,all,664,581,0.875,0.8476679248920553,0.8980180360834611,2.1423538614232385,,,,,CHEMBL214_Ki
89165191,mondrian_pairgap,cliffB_oracle,cliff,66,52,0.7878787878787878,0.6748692879502294,0.8692201489207618,2.118728450523084,,,,,CHEMBL214_Ki
89165191,mondrian_pairgap,cliffB_oracle,noncliff,598,529,0.8846153846153846,0.8565181013904662,0.90780278953215,2.1449613482449945,,,,,CHEMBL214_Ki
89165191,mondrian_pairgap,cliffA,all,664,581,0.875,0.8476679248920553,0.8980180360834611,2.1423538614232385,,,,,CHEMBL214_Ki
89165191,mondrian_pairgap,cliffA,cliff,103,86,0.8349514563106796,0.7514949670794417,0.8943217482819492,2.1124028313422563,,,,,CHEMBL214_Ki
89165191,mondrian_pairgap,cliffA,noncliff,561,495,0.8823529411764706,0.8530553322940437,0.9064498231803595,2.147852891901565,,,,,CHEMBL214_Ki
89165191,mondrian_pairgap,__bins__,__summary__,-1,-1,,,,2.1423538614232385,0.7443181818181818,0.21469821162444114,0.7142857142857143,0.262987012987013,CHEMBL214_Ki
89165191,mondrian_rfstd,cliffB_oracle,all,664,575,0.8659638554216867,0.837934412348061,0.8897832122184068,2.0864454073659133,,,,,CHEMBL214_Ki
89165191,mondrian_rfstd,cliffB_oracle,cliff,66,47,0.7121212121212122,0.5936275059135345,0.8072805002019328,2.0589642054619812,,,,,CHEMBL214_Ki
89165191,mondrian_rfstd,cliffB_oracle,noncliff,598,528,0.882943143812709,0.8546982936821335,0.9062994629321235,2.089478449716515,,,,,CHEMBL214_Ki
89165191,mondrian_rfstd,cliffA,all,664,575,0.8659638554216867,0.837934412348061,0.8897832122184068,2.0864454073659133,,,,,CHEMBL214_Ki
89165191,mondrian_rfstd,cliffA,cliff,103,80,0.7766990291262136,0.6871583963606128,0.8463423685031449,2.007681462431625,,,,,CHEMBL214_Ki
89165191,mondrian_rfstd,cliffA,noncliff,561,495,0.8823529411764706,0.8530553322940437,0.9064498231803595,2.1009065238155245,,,,,CHEMBL214_Ki
89165191,mondrian_rfstd,__bins__,__summary__,-1,-1,,,,2.0864454073659133,0.8181818181818182,0.09165424739195227,0.849624060150376,0.03007518796992481,CHEMBL214_Ki
71339737,global,cliffB_oracle,all,519,449,0.8651252408477842,0.8330401397158143,0.8918449924901537,2.1552664837837625,,,,,CHEMBL236_Ki
71339737,global,cliffB_oracle,cliff,76,64,0.8421052631578947,0.743985675457256,0.9073050294981764,2.1552664837837616,,,,,CHEMBL236_Ki
71339737,global,cliffB_oracle,noncliff,443,385,0.8690744920993227,0.834465001619558,0.8973381772148764,2.1552664837837625,,,,,CHEMBL236_Ki
71339737,global,cliffA,all,519,449,0.8651252408477842,0.8330401397158143,0.8918449924901537,2.1552664837837625,,,,,CHEMBL236_Ki
71339737,global,cliffA,cliff,130,115,0.8846153846153846,0.8183363179804783,0.9288163272545744,2.1552664837837625,,,,,CHEMBL236_Ki
71339737,global,cliffA,noncliff,389,334,0.8586118251928021,0.8204727114622725,0.8897374604415664,2.1552664837837625,,,,,CHEMBL236_Ki
71339737,global,__bins__,__summary__,-1,-1,,,,2.1552664837837625,0.7982456140350878,0.13244745527184298,0.6923076923076923,0.27884615384615385,CHEMBL236_Ki
71339737,mondrian_pair,cliffB_oracle,all,519,452,0.8709055876685935,0.839310505913084,0.8970503803647464,2.1953477601241267,,,,,CHEMBL236_Ki
71339737,mondrian_pair,cliffB_oracle,cliff,76,66,0.868421052631579,0.7744588056311937,0.9269311843208105,2.227227779333706,,,,,CHEMBL236_Ki
71339737,mondrian_pair,cliffB_oracle,noncliff,443,386,0.871331828442438,0.836930319810119,0.8993487194453211,2.1898785017495714,,,,,CHEMBL236_Ki
71339737,mondrian_pair,cliffA,all,519,452,0.8709055876685935,0.839310505913084,0.8970503803647464,2.1953477601241267,,,,,CHEMBL236_Ki
71339737,mondrian_pair,cliffA,cliff,130,117,0.9,0.83641423905855,0.940624511985905,2.2276489403063113,,,,,CHEMBL236_Ki
71339737,mondrian_pair,cliffA,noncliff,389,335,0.8611825192802056,0.8232779179170561,0.8920233663301794,2.184553021245762,,,,,CHEMBL236_Ki
71339737,mondrian_pair,__bins__,__summary__,-1,-1,,,,2.1953477601241267,0.8070175438596491,0.12367552544728166,0.6923076923076923,0.2692307692307693,CHEMBL236_Ki
71339737,mondrian_wstd,cliffB_oracle,all,519,445,0.8574181117533719,0.8247068996359032,0.8848772271409152,2.1857669075723667,,,,,CHEMBL236_Ki
71339737,mondrian_wstd,cliffB_oracle,cliff,76,66,0.868421052631579,0.7744588056311937,0.9269311843208105,2.3290509860747854,,,,,CHEMBL236_Ki
71339737,mondrian_wstd,cliffB_oracle,noncliff,443,379,0.8555304740406321,0.8197340569472837,0.8852139593611164,2.1611854403800783,,,,,CHEMBL236_Ki
71339737,mondrian_wstd,cliffA,all,519,445,0.8574181117533719,0.8247068996359032,0.8848772271409152,2.1857669075723667,,,,,CHEMBL236_Ki
71339737,mondrian_wstd,cliffA,cliff,130,117,0.9,0.83641423905855,0.940624511985905,2.3125530531668623,,,,,CHEMBL236_Ki
71339737,mondrian_wstd,cliffA,noncliff,389,328,0.8431876606683805,0.8037178050185178,0.8759456928249411,2.143396216242587,,,,,CHEMBL236_Ki
71339737,mondrian_wstd,__bins__,__summary__,-1,-1,,,,2.1857669075723667,0.801980198019802,0.07056882158804112,0.7211538461538461,0.23076923076923073,CHEMBL236_Ki
71339737,mondrian_std,cliffB_oracle,all,519,450,0.8670520231213873,0.8351282573550207,0.8935821262082346,2.219422290276246,,,,,CHEMBL236_Ki
71339737,mondrian_std,cliffB_oracle,cliff,76,66,0.868421052631579,0.7744588056311937,0.9269311843208105,2.3729808842621907,,,,,CHEMBL236_Ki
71339737,mondrian_std,cliffB_oracle,noncliff,443,384,0.8668171557562077,0.8320026880857263,0.8953246303277023,2.193078152256084,,,,,CHEMBL236_Ki
71339737,mondrian_std,cliffA,all,519,450,0.8670520231213873,0.8351282573550207,0.8935821262082346,2.219422290276246,,,,,CHEMBL236_Ki
71339737,mondrian_std,cliffA,cliff,130,117,0.9,0.83641423905855,0.940624511985905,2.3483231006730123,,,,,CHEMBL236_Ki
71339737,mondrian_std,cliffA,noncliff,389,333,0.8560411311053985,0.8176712713506432,0.887447788209799,2.1763448986269407,,,,,CHEMBL236_Ki
71339737,mondrian_std,__bins__,__summary__,-1,-1,,,,2.219422290276246,0.8118811881188119,0.08910891089108908,0.7211538461538461,0.25,CHEMBL236_Ki
71339737,mondrian_iqr,cliffB_oracle,all,519,446,0.859344894026975,0.8267873912834013,0.8866219868507045,2.2080098611849763,,,,,CHEMBL236_Ki
71339737,mondrian_iqr,cliffB_oracle,cliff,76,63,0.8289473684210527,0.729021253009869,0.8972198094472776,2.2392009541180937,,,,,CHEMBL236_Ki
71339737,mondrian_iqr,cliffB_oracle,noncliff,443,383,0.8645598194130926,0.829543315769681,0.893308142222742,2.2026587933228616,,,,,CHEMBL236_Ki
71339737,mondrian_iqr,cliffA,all,519,446,0.859344894026975,0.8267873912834013,0.8866219868507045,2.2080098611849763,,,,,CHEMBL236_Ki
71339737,mondrian_iqr,cliffA,cliff,130,114,0.8769230769230769,0.8094058911768179,0.9228037011535338,2.2596342047874467,,,,,CHEMBL236_Ki
71339737,mondrian_iqr,cliffA,noncliff,389,332,0.8534704370179949,0.8148735153053938,0.8851544319116517,2.190757509852532,,,,,CHEMBL236_Ki
71339737,mondrian_iqr,__bins__,__summary__,-1,-1,,,,2.2080098611849763,0.8118811881188119,0.11949136090079593,0.7596153846153846,0.20192307692307698,CHEMBL236_Ki
71339737,mondrian_nb,cliffB_oracle,all,519,448,0.8631984585741811,0.8309539787934043,0.8901059020552763,2.206751491345018,,,,,CHEMBL236_Ki
71339737,mondrian_nb,cliffB_oracle,cliff,76,63,0.8289473684210527,0.729021253009869,0.8972198094472776,2.126001494171799,,,,,CHEMBL236_Ki
71339737,mondrian_nb,cliffB_oracle,noncliff,443,385,0.8690744920993227,0.834465001619558,0.8973381772148764,2.22060476399776,,,,,CHEMBL236_Ki
71339737,mondrian_nb,cliffA,all,519,448,0.8631984585741811,0.8309539787934043,0.8901059020552763,2.206751491345018,,,,,CHEMBL236_Ki
71339737,mondrian_nb,cliffA,cliff,130,114,0.8769230769230769,0.8094058911768179,0.9228037011535338,2.1002369897738244,,,,,CHEMBL236_Ki
71339737,mondrian_nb,cliffA,noncliff,389,334,0.8586118251928021,0.8204727114622725,0.8897374604415664,2.242347597268553,,,,,CHEMBL236_Ki
71339737,mondrian_nb,__bins__,__summary__,-1,-1,,,,2.206751491345018,0.7894736842105263,0.14121938509640442,0.6826923076923077,0.27884615384615385,CHEMBL236_Ki
71339737,mondrian_nnsim,cliffB_oracle,all,519,454,0.8747591522157996,0.8435010239186752,0.90051036507373,2.246372685430704,,,,,CHEMBL236_Ki
71339737,mondrian_nnsim,cliffB_oracle,cliff,76,66,0.868421052631579,0.7744588056311937,0.9269311843208105,2.2258102356840648,,,,,CHEMBL236_Ki
71339737,mondrian_nnsim,cliffB_oracle,noncliff,443,388,0.8758465011286681,0.8418702377068478,0.9033605223906037,2.249900329179563,,,,,CHEMBL236_Ki
71339737,mondrian_nnsim,cliffA,all,519,454,0.8747591522157996,0.8435010239186752,0.90051036507373,2.246372685430704,,,,,CHEMBL236_Ki
71339737,mondrian_nnsim,cliffA,cliff,130,117,0.9,0.83641423905855,0.940624511985905,2.2450641106218723,,,,,CHEMBL236_Ki
71339737,mondrian_nnsim,cliffA,noncliff,389,337,0.8663239074550129,0.8288999778780121,0.896583531056017,2.246809998348823,,,,,CHEMBL236_Ki
71339737,mondrian_nnsim,__bins__,__summary__,-1,-1,,,,2.246372685430704,0.7982456140350878,0.14234844537085278,0.6923076923076923,0.27884615384615385,CHEMBL236_Ki
71339737,mondrian_pairgap,cliffB_oracle,all,519,453,0.8728323699421965,0.8414047116609449,0.8987814259741727,2.1974167319541595,,,,,CHEMBL236_Ki
71339737,mondrian_pairgap,cliffB_oracle,cliff,76,67,0.881578947368421,0.7900078224920806,0.9364318099582094,2.230700322751482,,,,,CHEMBL236_Ki
71339737,mondrian_pairgap,cliffB_oracle,noncliff,443,386,0.871331828442438,0.836930319810119,0.8993487194453211,2.1917066802598106,,,,,CHEMBL236_Ki
71339737,mondrian_pairgap,cliffA,all,519,453,0.8728323699421965,0.8414047116609449,0.8987814259741727,2.1974167319541595,,,,,CHEMBL236_Ki
71339737,mondrian_pairgap,cliffA,cliff,130,118,0.9076923076923077,0.8455752288750985,0.9464065750740575,2.214491028629525,,,,,CHEMBL236_Ki
71339737,mondrian_pairgap,cliffA,noncliff,389,335,0.8611825192802056,0.8232779179170561,0.8920233663301794,2.191710668797868,,,,,CHEMBL236_Ki
71339737,mondrian_pairgap,__bins__,__summary__,-1,-1,,,,2.1974167319541595,0.8157894736842105,0.11490359562272023,0.6923076923076923,0.27884615384615385,CHEMBL236_Ki
71339737,mondrian_rfstd,cliffB_oracle,all,519,450,0.8670520231213873,0.8351282573550207,0.8935821262082346,2.141000817736147,,,,,CHEMBL236_Ki
71339737,mondrian_rfstd,cliffB_oracle,cliff,76,60,0.7894736842105263,0.6850436020610325,0.8660485329012565,2.0855372547080964,,,,,CHEMBL236_Ki
71339737,mondrian_rfstd,cliffB_oracle,noncliff,443,390,0.8803611738148984,0.8468230068670551,0.9073594740724079,2.15051601139333,,,,,CHEMBL236_Ki
71339737,mondrian_rfstd,cliffA,all,519,450,0.8670520231213873,0.8351282573550207,0.8935821262082346,2.141000817736147,,,,,CHEMBL236_Ki
71339737,mondrian_rfstd,cliffA,cliff,130,107,0.823076923076923,0.7484929806460034,0.8791152413514407,2.0717881087548555,,,,,CHEMBL236_Ki
71339737,mondrian_rfstd,cliffA,noncliff,389,343,0.8817480719794345,0.8458663847768974,0.9101637982175118,2.1641310289638285,,,,,CHEMBL236_Ki
71339737,mondrian_rfstd,__bins__,__summary__,-1,-1,,,,2.141000817736147,0.8217821782178217,0.11939429237041355,0.7884615384615384,0.14423076923076927,CHEMBL236_Ki
99182118,global,cliffB_oracle,all,519,474,0.9132947976878613,0.8859470505414244,0.9345693655967293,2.3416661707444923,,,,,CHEMBL236_Ki
99182118,global,cliffB_oracle,cliff,55,52,0.9454545454545454,0.8514693945594621,0.9812767844453155,2.3416661707444923,,,,,CHEMBL236_Ki
99182118,global,cliffB_oracle,noncliff,464,422,0.9094827586206896,0.8799046801980429,0.9323362891206671,2.3416661707444923,,,,,CHEMBL236_Ki
99182118,global,cliffA,all,519,474,0.9132947976878613,0.8859470505414244,0.9345693655967293,2.3416661707444923,,,,,CHEMBL236_Ki
99182118,global,cliffA,cliff,117,114,0.9743589743589743,0.9273169764853294,0.9912419442961798,2.341666170744491,,,,,CHEMBL236_Ki
99182118,global,cliffA,noncliff,402,360,0.8955223880597015,0.861784942681361,0.9217722644212688,2.3416661707444923,,,,,CHEMBL236_Ki
99182118,global,__bins__,__summary__,-1,-1,,,,2.3416661707444923,0.8333333333333334,0.12745098039215685,0.7980769230769231,0.1826923076923076,CHEMBL236_Ki
99182118,mondrian_pair,cliffB_oracle,all,519,476,0.9171483622350675,0.8902571580318002,0.9379097608209284,2.447000558867464,,,,,CHEMBL236_Ki
99182118,mondrian_pair,cliffB_oracle,cliff,55,52,0.9454545454545454,0.8514693945594621,0.9812767844453155,2.400881618644029,,,,,CHEMBL236_Ki
99182118,mondrian_pair,cliffB_oracle,noncliff,464,424,0.9137931034482759,0.8847367158020886,0.9360541584568186,2.452467243592224,,,,,CHEMBL236_Ki
99182118,mondrian_pair,cliffA,all,519,476,0.9171483622350675,0.8902571580318002,0.9379097608209284,2.447000558867464,,,,,CHEMBL236_Ki
99182118,mondrian_pair,cliffA,cliff,117,114,0.9743589743589743,0.9273169764853294,0.9912419442961798,2.397338814068842,,,,,CHEMBL236_Ki
99182118,mondrian_pair,cliffA,noncliff,402,362,0.900497512437811,0.8673384794299592,0.9260747931708166,2.4614543502640776,,,,,CHEMBL236_Ki
99182118,mondrian_pair,__bins__,__summary__,-1,-1,,,,2.447000558867464,0.8508771929824561,0.1099071207430341,0.8076923076923077,0.17307692307692302,CHEMBL236_Ki
99182118,mondrian_wstd,cliffB_oracle,all,519,469,0.9036608863198459,0.875230711109915,0.9261594482418015,2.3110103543975344,,,,,CHEMBL236_Ki
99182118,mondrian_wstd,cliffB_oracle,cliff,55,49,0.8909090909090909,0.7817445091344648,0.9490327499921767,2.4288411130999314,,,,,CHEMBL236_Ki
99182118,mondrian_wstd,cliffB_oracle,noncliff,464,420,0.9051724137931034,0.875089893051684,0.9286011713268291,2.29704334636169,,,,,CHEMBL236_Ki
99182118,mondrian_wstd,cliffA,all,519,469,0.9036608863198459,0.875230711109915,0.9261594482418015,2.3110103543975344,,,,,CHEMBL236_Ki
99182118,mondrian_wstd,cliffA,cliff,117,110,0.9401709401709402,0.8816369507918818,0.9707195252486178,2.4980163705826963,,,,,CHEMBL236_Ki
99182118,mondrian_wstd,cliffA,noncliff,402,359,0.8930348258706468,0.859015888066551,0.9196132862870054,2.2565832302839426,,,,,CHEMBL236_Ki
99182118,mondrian_wstd,__bins__,__summary__,-1,-1,,,,2.3110103543975344,0.803921568627451,0.15647447097650935,0.8076923076923077,0.13461538461538458,CHEMBL236_Ki
99182118,mondrian_std,cliffB_oracle,all,519,470,0.905587668593449,0.8773676175118501,0.927847793197154,2.3247552477588664,,,,,CHEMBL236_Ki
99182118,mondrian_std,cliffB_oracle,cliff,55,48,0.8727272727272727,0.7598297234409093,0.9369578957263536,2.4267463982235173,,,,,CHEMBL236_Ki
99182118,mondrian_std,cliffB_oracle,noncliff,464,422,0.9094827586206896,0.8799046801980429,0.9323362891206671,2.3126657794925825,,,,,CHEMBL236_Ki
99182118,mondrian_std,cliffA,all,519,470,0.905587668593449,0.8773676175118501,0.927847793197154,2.3247552477588664,,,,,CHEMBL236_Ki
99182118,mondrian_std,cliffA,cliff,117,110,0.9401709401709402,0.8816369507918818,0.9707195252486178,2.518691809802811,,,,,CHEMBL236_Ki
99182118,mondrian_std,cliffA,noncliff,402,360,0.8955223880597015,0.861784942681361,0.9217722644212688,2.2683110244774207,,,,,CHEMBL236_Ki
99182118,mondrian_std,__bins__,__summary__,-1,-1,,,,2.3247552477588664,0.803921568627451,0.17627645117452917,0.8173076923076923,0.14423076923076927,CHEMBL236_Ki
99182118,mondrian_iqr,cliffB_oracle,all,519,473,0.9113680154142582,0.8837972418634632,0.9328939229174029,2.329158257382216,,,,,CHEMBL236_Ki
99182118,mondrian_iqr,cliffB_oracle,cliff,55,50,0.9090909090909091,0.8042250541602005,0.9605418449258196,2.4013170223246156,,,,,CHEMBL236_Ki
99182118,mondrian_iqr,cliffB_oracle,noncliff,464,423,0.9116379310344828,0.8823184732931412,0.9341974484956673,2.3206049555032675,,,,,CHEMBL236_Ki
99182118,mondrian_iqr,cliffA,all,519,473,0.9113680154142582,0.8837972418634632,0.9328939229174029,2.329158257382216,,,,,CHEMBL236_Ki
99182118,mondrian_iqr,cliffA,cliff,117,112,0.9572649572649573,0.9038475294928947,0.9816101689181098,2.349439373514557,,,,,CHEMBL236_Ki
99182118,mondrian_iqr,cliffA,noncliff,402,361,0.8980099502487562,0.8645590860653677,0.9239261537863351,2.323255544478027,,,,,CHEMBL236_Ki
99182118,mondrian_iqr,__bins__,__summary__,-1,-1,,,,2.329158257382216,0.8859649122807017,0.06501547987616096,0.8365384615384616,0.11538461538461531,CHEMBL236_Ki
99182118,mondrian_nb,cliffB_oracle,all,519,485,0.9344894026974951,0.9098498704846095,0.9527443105837058,2.529090508314385,,,,,CHEMBL236_Ki
99182118,mondrian_nb,cliffB_oracle,cliff,55,53,0.9636363636363636,0.8767653602534898,0.9899704587106665,2.503134623345854,,,,,CHEMBL236_Ki
99182118,mondrian_nb,cliffB_oracle,noncliff,464,432,0.9310344827586207,0.9042627208096988,0.9507277732099958,2.5321671757136723,,,,,CHEMBL236_Ki
99182118,mondrian_nb,cliffA,all,519,485,0.9344894026974951,0.9098498704846095,0.9527443105837058,2.529090508314385,,,,,CHEMBL236_Ki
99182118,mondrian_nb,cliffA,cliff,117,115,0.9829059829059829,0.9398099145713432,0.9952996173954185,2.422036643167957,,,,,CHEMBL236_Ki
99182118,mondrian_nb,cliffA,noncliff,402,370,0.9203980099502488,0.8897856480933027,0.9430518865000584,2.560247976528643,,,,,CHEMBL236_Ki
99182118,mondrian_nb,__bins__,__summary__,-1,-1,,,,2.529090508314385,0.868421052631579,0.1217750257997936,0.8365384615384616,0.14423076923076916,CHEMBL236_Ki
99182118,mondrian_nnsim,cliffB_oracle,all,519,485,0.9344894026974951,0.9098498704846095,0.9527443105837058,2.470822531761818,,,,,CHEMBL236_Ki
99182118,mondrian_nnsim,cliffB_oracle,cliff,55,51,0.9272727272727272,0.8274005992784393,0.9713559397669594,2.1722478936037573,,,,,CHEMBL236_Ki
99182118,mondrian_nnsim,cliffB_oracle,noncliff,464,434,0.9353448275862069,0.9092016628906682,0.9543387360692234,2.506213922060727,,,,,CHEMBL236_Ki
99182118,mondrian_nnsim,cliffA,all,519,485,0.9344894026974951,0.9098498704846095,0.9527443105837058,2.470822531761818,,,,,CHEMBL236_Ki
99182118,mondrian_nnsim,cliffA,cliff,117,112,0.9572649572649573,0.9038475294928947,0.9816101689181098,2.238929458486107,,,,,CHEMBL236_Ki
99182118,mondrian_nnsim,cliffA,noncliff,402,373,0.927860696517413,0.8983162803643285,0.949305352476252,2.5383137993569878,,,,,CHEMBL236_Ki
99182118,mondrian_nnsim,__bins__,__summary__,-1,-1,,,,2.470822531761818,0.8596491228070176,0.1207430340557275,0.8461538461538461,0.11538461538461542,CHEMBL236_Ki
99182118,mondrian_pairgap,cliffB_oracle,all,519,483,0.930635838150289,0.9054650734977217,0.9494786048560191,2.4791859893352926,,,,,CHEMBL236_Ki
99182118,mondrian_pairgap,cliffB_oracle,cliff,55,52,0.9454545454545454,0.8514693945594621,0.9812767844453155,2.4688724996122327,,,,,CHEMBL236_Ki
99182118,mondrian_pairgap,cliffB_oracle,noncliff,464,431,0.9288793103448276,0.9018026755067772,0.9489128660428192,2.4804084935050517,,,,,CHEMBL236_Ki
99182118,mondrian_pairgap,cliffA,all,519,483,0.930635838150289,0.9054650734977217,0.9494786048560191,2.4791859893352926,,,,,CHEMBL236_Ki
99182118,mondrian_pairgap,cliffA,cliff,117,114,0.9743589743589743,0.9273169764853294,0.9912419442961798,2.481467778314085,,,,,CHEMBL236_Ki
99182118,mondrian_pairgap,cliffA,noncliff,402,369,0.917910447761194,0.8869570684411956,0.9409524334030923,2.4785218865728083,,,,,CHEMBL236_Ki
99182118,mondrian_pairgap,__bins__,__summary__,-1,-1,,,,2.4791859893352926,0.868421052631579,0.10187597707139129,0.8461538461538461,0.13461538461538458,CHEMBL236_Ki
99182118,mondrian_rfstd,cliffB_oracle,all,519,464,0.8940269749518305,0.8645898726293393,0.9176740299359403,2.139316238095626,,,,,CHEMBL236_Ki
99182118,mondrian_rfstd,cliffB_oracle,cliff,55,51,0.9272727272727272,0.8274005992784393,0.9713559397669594,2.189658225826426,,,,,CHEMBL236_Ki
99182118,mondrian_rfstd,cliffB_oracle,noncliff,464,413,0.8900862068965517,0.8583601093378609,0.9154062877499628,2.133348976618915,,,,,CHEMBL236_Ki
99182118,mondrian_rfstd,cliffA,all,519,464,0.8940269749518305,0.8645898726293393,0.9176740299359403,2.139316238095626,,,,,CHEMBL236_Ki
99182118,mondrian_rfstd,cliffA,cliff,117,110,0.9401709401709402,0.8816369507918818,0.9707195252486178,2.178828948411123,,,,,CHEMBL236_Ki
99182118,mondrian_rfstd,cliffA,noncliff,402,354,0.8805970149253731,0.8452418986938068,0.908747111914384,2.127816270167981,,,,,CHEMBL236_Ki
99182118,mondrian_rfstd,__bins__,__summary__,-1,-1,,,,2.139316238095626,0.8725490196078431,0.04824305960007769,0.7692307692307693,0.17307692307692302,CHEMBL236_Ki
89709943,global,cliffB_oracle,all,519,467,0.8998073217726397,0.8709658580982598,0.922773798538882,2.5126745606900287,,,,,CHEMBL236_Ki
89709943,global,cliffB_oracle,cliff,50,42,0.84,0.7148578393696501,0.916625793219666,2.5126745606900283,,,,,CHEMBL236_Ki
89709943,global,cliffB_oracle,noncliff,469,425,0.906183368869936,0.8763963073864013,0.9293706000887715,2.512674560690029,,,,,CHEMBL236_Ki
89709943,global,cliffA,all,519,467,0.8998073217726397,0.8709658580982598,0.922773798538882,2.5126745606900287,,,,,CHEMBL236_Ki
89709943,global,cliffA,cliff,111,98,0.8828828828828829,0.8098857474187109,0.9302650733115743,2.512674560690027,,,,,CHEMBL236_Ki
89709943,global,cliffA,noncliff,408,369,0.9044117647058824,0.8719934262924526,0.929285786696335,2.512674560690029,,,,,CHEMBL236_Ki
89709943,global,__bins__,__summary__,-1,-1,,,,2.5126745606900287,0.8173913043478261,0.15290572535514413,0.75,0.23076923076923073,CHEMBL236_Ki
89709943,mondrian_pair,cliffB_oracle,all,519,468,0.9017341040462428,0.8730968170363463,0.9244680909580828,2.572835670766009,,,,,CHEMBL236_Ki
89709943,mondrian_pair,cliffB_oracle,cliff,50,42,0.84,0.7148578393696501,0.916625793219666,2.5369734369171266,,,,,CHEMBL236_Ki
89709943,mondrian_pair,cliffB_oracle,noncliff,469,426,0.908315565031983,0.8787766860815034,0.9312199689394709,2.5766589366347596,,,,,CHEMBL236_Ki
89709943,mondrian_pair,cliffA,all,519,468,0.9017341040462428,0.8730968170363463,0.9244680909580828,2.572835670766009,,,,,CHEMBL236_Ki
89709943,mondrian_pair,cliffA,cliff,111,98,0.8828828828828829,0.8098857474187109,0.9302650733115743,2.534881486049395,,,,,CHEMBL236_Ki
89709943,mondrian_pair,cliffA,noncliff,408,370,0.9068627450980392,0.8747440667863972,0.931391383856868,2.583161441608029,,,,,CHEMBL236_Ki
89709943,mondrian_pair,__bins__,__summary__,-1,-1,,,,2.572835670766009,0.8260869565217391,0.13430908308222123,0.75,0.24038461538461542,CHEMBL236_Ki
89709943,mondrian_wstd,cliffB_oracle,all,519,463,0.8921001926782274,0.8624699507292274,0.9159687004787646,2.419509793332604,,,,,CHEMBL236_Ki
89709943,mondrian_wstd,cliffB_oracle,cliff,50,42,0.84,0.7148578393696501,0.916625793219666,2.485585662523278,,,,,CHEMBL236_Ki
89709943,mondrian_wstd,cliffB_oracle,noncliff,469,421,0.8976545842217484,0.8669137060318235,0.9219342112601436,2.412465457597991,,,,,CHEMBL236_Ki
89709943,mondrian_wstd,cliffA,all,519,463,0.8921001926782274,0.8624699507292274,0.9159687004787646,2.419509793332604,,,,,CHEMBL236_Ki
89709943,mondrian_wstd,cliffA,cliff,111,99,0.8918918918918919,0.8204982036488334,0.9370679305103996,2.503252085107048,,,,,CHEMBL236_Ki
89709943,mondrian_wstd,cliffA,noncliff,408,364,0.8921568627450981,0.8583194106546732,0.9186786140617271,2.3967269639527924,,,,,CHEMBL236_Ki
89709943,mondrian_wstd,__bins__,__summary__,-1,-1,,,,2.419509793332604,0.8613861386138614,0.07920792079207917,0.7788461538461539,0.17307692307692302,CHEMBL236_Ki
89709943,mondrian_std,cliffB_oracle,all,519,463,0.8921001926782274,0.8624699507292274,0.9159687004787646,2.4583400291376436,,,,,CHEMBL236_Ki
89709943,mondrian_std,cliffB_oracle,cliff,50,42,0.84,0.7148578393696501,0.916625793219666,2.5268269767034095,,,,,CHEMBL236_Ki
89709943,mondrian_std,cliffB_oracle,noncliff,469,421,0.8976545842217484,0.8669137060318235,0.9219342112601436,2.4510386488001425,,,,,CHEMBL236_Ki
89709943,mondrian_std,cliffA,all,519,463,0.8921001926782274,0.8624699507292274,0.9159687004787646,2.4583400291376436,,,,,CHEMBL236_Ki
89709943,mondrian_std,cliffA,cliff,111,99,0.8918918918918919,0.8204982036488334,0.9370679305103996,2.562069426095407,,,,,CHEMBL236_Ki
89709943,mondrian_std,cliffA,noncliff,408,364,0.8921568627450981,0.8583194106546732,0.9186786140617271,2.430119531435899,,,,,CHEMBL236_Ki
89709943,mondrian_std,__bins__,__summary__,-1,-1,,,,2.4583400291376436,0.8613861386138614,0.06930693069306937,0.7692307692307693,0.1826923076923076,CHEMBL236_Ki
89709943,mondrian_iqr,cliffB_oracle,all,519,467,0.8998073217726397,0.8709658580982598,0.922773798538882,2.4899501056604354,,,,,CHEMBL236_Ki
89709943,mondrian_iqr,cliffB_oracle,cliff,50,43,0.86,0.7381380628941446,0.9304916657298371,2.506824215840785,,,,,CHEMBL236_Ki
89709943,mondrian_iqr,cliffB_oracle,noncliff,469,424,0.9040511727078892,0.8740199333616328,0.9275172265677387,2.4881511600122104,,,,,CHEMBL236_Ki
89709943,mondrian_iqr,cliffA,all,519,467,0.8998073217726397,0.8709658580982598,0.922773798538882,2.4899501056604354,,,,,CHEMBL236_Ki
89709943,mondrian_iqr,cliffA,cliff,111,99,0.8918918918918919,0.8204982036488334,0.9370679305103996,2.5266506021640853,,,,,CHEMBL236_Ki
89709943,mondrian_iqr,cliffA,noncliff,408,368,0.9019607843137255,0.8692482933282848,0.9271746820060254,2.4799654117587075,,,,,CHEMBL236_Ki
89709943,mondrian_iqr,__bins__,__summary__,-1,-1,,,,2.4899501056604354,0.8434782608695652,0.12681876883340504,0.7692307692307693,0.20192307692307687,CHEMBL236_Ki
89709943,mondrian_nb,cliffB_oracle,all,519,466,0.8978805394990366,0.8688377606908746,0.9210766445889795,2.5264057687144494,,,,,CHEMBL236_Ki
89709943,mondrian_nb,cliffB_oracle,cliff,50,41,0.82,0.6920394632569922,0.9022980732976582,2.4934622994833466,,,,,CHEMBL236_Ki
89709943,mondrian_nb,cliffB_oracle,noncliff,469,425,0.906183368869936,0.8763963073864013,0.9293706000887715,2.5299178656474033,,,,,CHEMBL236_Ki
89709943,mondrian_nb,cliffA,all,519,466,0.8978805394990366,0.8688377606908746,0.9210766445889795,2.5264057687144494,,,,,CHEMBL236_Ki
89709943,mondrian_nb,cliffA,cliff,111,96,0.8648648648648649,0.7889545906393329,0.9163656032330565,2.469274932683177,,,,,CHEMBL236_Ki
89709943,mondrian_nb,cliffA,noncliff,408,370,0.9068627450980392,0.8747440667863972,0.931391383856868,2.5419487167523696,,,,,CHEMBL236_Ki
89709943,mondrian_nb,__bins__,__summary__,-1,-1,,,,2.5264057687144494,0.808695652173913,0.16160137752905723,0.75,0.23076923076923073,CHEMBL236_Ki
89709943,mondrian_nnsim,cliffB_oracle,all,519,468,0.9017341040462428,0.8730968170363463,0.9244680909580828,2.561639243984235,,,,,CHEMBL236_Ki
89709943,mondrian_nnsim,cliffB_oracle,cliff,50,41,0.82,0.6920394632569922,0.9022980732976582,2.4528876604668253,,,,,CHEMBL236_Ki
89709943,mondrian_nnsim,cliffB_oracle,noncliff,469,427,0.9104477611940298,0.8811611923573274,0.9330652102094482,2.573233229433853,,,,,CHEMBL236_Ki
89709943,mondrian_nnsim,cliffA,all,519,468,0.9017341040462428,0.8730968170363463,0.9244680909580828,2.561639243984235,,,,,CHEMBL236_Ki
89709943,mondrian_nnsim,cliffA,cliff,111,98,0.8828828828828829,0.8098857474187109,0.9302650733115743,2.471385134369548,,,,,CHEMBL236_Ki
89709943,mondrian_nnsim,cliffA,noncliff,408,370,0.9068627450980392,0.8747440667863972,0.931391383856868,2.586193670864701,,,,,CHEMBL236_Ki
89709943,mondrian_nnsim,__bins__,__summary__,-1,-1,,,,2.561639243984235,0.8,0.19009900990099005,0.7692307692307693,0.20192307692307687,CHEMBL236_Ki
89709943,mondrian_pairgap,cliffB_oracle,all,519,468,0.9017341040462428,0.8730968170363463,0.9244680909580828,2.5594928588327854,,,,,CHEMBL236_Ki
89709943,mondrian_pairgap,cliffB_oracle,cliff,50,42,0.84,0.7148578393696501,0.916625793219666,2.5135872011359424,,,,,CHEMBL236_Ki
89709943,mondrian_pairgap,cliffB_oracle,noncliff,469,426,0.908315565031983,0.8787766860815034,0.9312199689394709,2.5643868521906574,,,,,CHEMBL236_Ki
89709943,mondrian_pairgap,cliffA,all,519,468,0.9017341040462428,0.8730968170363463,0.9244680909580828,2.5594928588327854,,,,,CHEMBL236_Ki
89709943,mondrian_pairgap,cliffA,cliff,111,98,0.8828828828828829,0.8098857474187109,0.9302650733115743,2.506133051192726,,,,,CHEMBL236_Ki
89709943,mondrian_pairgap,cliffA,noncliff,408,370,0.9068627450980392,0.8747440667863972,0.931391383856868,2.5740098653230956,,,,,CHEMBL236_Ki
89709943,mondrian_pairgap,__bins__,__summary__,-1,-1,,,,2.5594928588327854,0.8260869565217391,0.13430908308222123,0.75,0.24038461538461542,CHEMBL236_Ki
89709943,mondrian_rfstd,cliffB_oracle,all,519,468,0.9017341040462428,0.8730968170363463,0.9244680909580828,2.300989519703337,,,,,CHEMBL236_Ki
89709943,mondrian_rfstd,cliffB_oracle,cliff,50,42,0.84,0.7148578393696501,0.916625793219666,2.251500825484291,,,,,CHEMBL236_Ki
89709943,mondrian_rfstd,cliffB_oracle,noncliff,469,426,0.908315565031983,0.8787766860815034,0.9312199689394709,2.3062654998972656,,,,,CHEMBL236_Ki
89709943,mondrian_rfstd,cliffA,all,519,468,0.9017341040462428,0.8730968170363463,0.9244680909580828,2.300989519703337,,,,,CHEMBL236_Ki
89709943,mondrian_rfstd,cliffA,cliff,111,100,0.9009009009009009,0.8312216653336616,0.9437597822545195,2.2855670532562082,,,,,CHEMBL236_Ki
89709943,mondrian_rfstd,cliffA,noncliff,408,368,0.9019607843137255,0.8692482933282848,0.9271746820060254,2.305185337780865,,,,,CHEMBL236_Ki
89709943,mondrian_rfstd,__bins__,__summary__,-1,-1,,,,2.300989519703337,0.8608695652173913,0.07972449418854921,0.8461538461538461,0.08653846153846156,CHEMBL236_Ki
86921808,global,cliffB_oracle,all,519,477,0.9190751445086706,0.8924176725577516,0.9395744976522645,2.423692416763429,,,,,CHEMBL236_Ki
86921808,global,cliffB_oracle,cliff,59,52,0.8813559322033898,0.7747635960001831,0.9413241722420971,2.423692416763428,,,,,CHEMBL236_Ki
86921808,global,cliffB_oracle,noncliff,460,425,0.9239130434782609,0.8960194877706762,0.9447850427074007,2.423692416763428,,,,,CHEMBL236_Ki
86921808,global,cliffA,all,519,477,0.9190751445086706,0.8924176725577516,0.9395744976522645,2.423692416763429,,,,,CHEMBL236_Ki
86921808,global,cliffA,cliff,110,100,0.9090909090909091,0.8407034728180641,0.9498696710288924,2.4236924167634277,,,,,CHEMBL236_Ki
86921808,global,cliffA,noncliff,409,377,0.921760391198044,0.8916356468542697,0.9440362379063179,2.4236924167634286,,,,,CHEMBL236_Ki
86921808,global,__bins__,__summary__,-1,-1,,,,2.423692416763429,0.8761061946902655,0.07487419746659718,0.7884615384615384,0.20192307692307698,CHEMBL236_Ki
86921808,mondrian_pair,cliffB_oracle,all,519,480,0.9248554913294798,0.8989224886384194,0.9445454356434589,2.502540874895446,,,,,CHEMBL236_Ki
86921808,mondrian_pair,cliffB_oracle,cliff,59,50,0.847457627118644,0.7348201621622644,0.9176153600140352,2.3993718851335473,,,,,CHEMBL236_Ki
86921808,mondrian_pair,cliffB_oracle,noncliff,460,430,0.9347826086956522,0.9084252668927401,0.9539383541104159,2.5157734192344723,,,,,CHEMBL236_Ki
86921808,mondrian_pair,cliffA,all,519,480,0.9248554913294798,0.8989224886384194,0.9445454356434589,2.502540874895446,,,,,CHEMBL236_Ki
86921808,mondrian_pair,cliffA,cliff,110,98,0.8909090909090909,0.8189511686524213,0.9364853910235593,2.379175719270806,,,,,CHEMBL236_Ki
86921808,mondrian_pair,cliffA,noncliff,409,382,0.9339853300733496,0.9056568358424357,0.9542374223894732,2.53571976760623,,,,,CHEMBL236_Ki
86921808,mondrian_pair,__bins__,__summary__,-1,-1,,,,2.502540874895446,0.8849557522123894,0.07544028739157094,0.8076923076923077,0.1826923076923077,CHEMBL236_Ki
86921808,mondrian_wstd,cliffB_oracle,all,519,475,0.9152215799614644,0.8881003209674221,0.936241346528019,2.297833928644244,,,,,CHEMBL236_Ki
86921808,mondrian_wstd,cliffB_oracle,cliff,59,52,0.8813559322033898,0.7747635960001831,0.9413241722420971,2.3850812158866423,,,,,CHEMBL236_Ki
86921808,mondrian_wstd,cliffB_oracle,noncliff,460,423,0.9195652173913044,0.8910976431386249,0.9410832511294204,2.286643515715328,,,,,CHEMBL236_Ki
86921808,mondrian_wstd,cliffA,all,519,475,0.9152215799614644,0.8881003209674221,0.936241346528019,2.297833928644244,,,,,CHEMBL236_Ki
86921808,mondrian_wstd,cliffA,cliff,110,100,0.9090909090909091,0.8407034728180641,0.9498696710288924,2.3196833877800698,,,,,CHEMBL236_Ki
86921808,mondrian_wstd,cliffA,noncliff,409,375,0.9168704156479217,0.8860794100932091,0.9399035252788498,2.291957545991577,,,,,CHEMBL236_Ki
86921808,mondrian_wstd,__bins__,__summary__,-1,-1,,,,2.297833928644244,0.9019607843137255,0.028732284993205237,0.8365384615384616,0.14423076923076916,CHEMBL236_Ki
86921808,mondrian_std,cliffB_oracle,all,519,474,0.9132947976878613,0.8859470505414244,0.9345693655967293,2.304704277639646,,,,,CHEMBL236_Ki
86921808,mondrian_std,cliffB_oracle,cliff,59,52,0.8813559322033898,0.7747635960001831,0.9413241722420971,2.3965262174422444,,,,,CHEMBL236_Ki
86921808,mondrian_std,cliffB_oracle,noncliff,460,422,0.9173913043478261,0.8886445397839393,0.9392245363790903,2.2929271157954,,,,,CHEMBL236_Ki
86921808,mondrian_std,cliffA,all,519,474,0.9132947976878613,0.8859470505414244,0.9345693655967293,2.304704277639646,,,,,CHEMBL236_Ki
86921808,mondrian_std,cliffA,cliff,110,100,0.9090909090909091,0.8407034728180641,0.9498696710288924,2.3511989924689476,,,,,CHEMBL236_Ki
86921808,mondrian_std,cliffA,noncliff,409,374,0.9144254278728606,0.883311292005545,0.9378271686722497,2.292199586609761,,,,,CHEMBL236_Ki
86921808,mondrian_std,__bins__,__summary__,-1,-1,,,,2.304704277639646,0.9019607843137255,0.018831294894195327,0.8365384615384616,0.14423076923076916,CHEMBL236_Ki
86921808,mondrian_iqr,cliffB_oracle,all,519,474,0.9132947976878613,0.8859470505414244,0.9345693655967293,2.325123583806837,,,,,CHEMBL236_Ki
86921808,mondrian_iqr,cliffB_oracle,cliff,59,52,0.8813559322033898,0.7747635960001831,0.9413241722420971,2.3937991725482144,,,,,CHEMBL236_Ki
86921808,mondrian_iqr,cliffB_oracle,noncliff,460,422,0.9173913043478261,0.8886445397839393,0.9392245363790903,2.316315193076965,,,,,CHEMBL236_Ki
86921808,mondrian_iqr,cliffA,all,519,474,0.9132947976878613,0.8859470505414244,0.9345693655967293,2.325123583806837,,,,,CHEMBL236_Ki
86921808,mondrian_iqr,cliffA,cliff,110,99,0.9,0.8297649719024331,0.9432398798590356,2.349622661288824,,,,,CHEMBL236_Ki
86921808,mondrian_iqr,cliffA,noncliff,409,375,0.9168704156479217,0.8860794100932091,0.9399035252788498,2.318534589863027,,,,,CHEMBL236_Ki
86921808,mondrian_iqr,__bins__,__summary__,-1,-1,,,,2.325123583806837,0.8613861386138614,0.07979033197437391,0.8269230769230769,0.15384615384615385,CHEMBL236_Ki
86921808,mondrian_nb,cliffB_oracle,all,519,478,0.9210019267822736,0.8945819817840994,0.9412354397832039,2.4294110928499464,,,,,CHEMBL236_Ki
86921808,mondrian_nb,cliffB_oracle,cliff,59,51,0.864406779661017,0.7546033919346271,0.9296582532746629,2.35407520371288,,,,,CHEMBL236_Ki
86921808,mondrian_nb,cliffB_oracle,noncliff,460,427,0.9282608695652174,0.9009635275009994,0.9484646391871091,2.439073739500136,,,,,CHEMBL236_Ki
86921808,mondrian_nb,cliffA,all,519,478,0.9210019267822736,0.8945819817840994,0.9412354397832039,2.4294110928499464,,,,,CHEMBL236_Ki
86921808,mondrian_nb,cliffA,cliff,110,99,0.9,0.8297649719024331,0.9432398798590356,2.3067144086418643,,,,,CHEMBL236_Ki
86921808,mondrian_nb,cliffA,noncliff,409,379,0.9266503667481663,0.8972204235173481,0.948140410631768,2.462410201072169,,,,,CHEMBL236_Ki
86921808,mondrian_nb,__bins__,__summary__,-1,-1,,,,2.4294110928499464,0.8712871287128713,0.08910891089108908,0.8173076923076923,0.17307692307692313,CHEMBL236_Ki
86921808,mondrian_nnsim,cliffB_oracle,all,519,476,0.9171483622350675,0.8902571580318002,0.9379097608209284,2.467269852849002,,,,,CHEMBL236_Ki
86921808,mondrian_nnsim,cliffB_oracle,cliff,59,50,0.847457627118644,0.7348201621622644,0.9176153600140352,2.2763120827436354,,,,,CHEMBL236_Ki
86921808,mondrian_nnsim,cliffB_oracle,noncliff,460,426,0.9260869565217391,0.8984886253774103,0.9466277232056823,2.4917622624929505,,,,,CHEMBL236_Ki
86921808,mondrian_nnsim,cliffA,all,519,476,0.9171483622350675,0.8902571580318002,0.9379097608209284,2.467269852849002,,,,,CHEMBL236_Ki
86921808,mondrian_nnsim,cliffA,cliff,110,98,0.8909090909090909,0.8189511686524213,0.9364853910235593,2.3049599310832045,,,,,CHEMBL236_Ki
86921808,mondrian_nnsim,cliffA,noncliff,409,378,0.9242053789731052,0.8944243165682259,0.9460920428866261,2.5109228880427366,,,,,CHEMBL236_Ki
86921808,mondrian_nnsim,__bins__,__summary__,-1,-1,,,,2.467269852849002,0.8849557522123894,0.06602463994447327,0.7980769230769231,0.1923076923076923,CHEMBL236_Ki
86921808,mondrian_pairgap,cliffB_oracle,all,519,480,0.9248554913294798,0.8989224886384194,0.9445454356434589,2.4772777983720804,,,,,CHEMBL236_Ki
86921808,mondrian_pairgap,cliffB_oracle,cliff,59,54,0.9152542372881356,0.8164820473258972,0.9632579669823632,2.3568961491628206,,,,,CHEMBL236_Ki
86921808,mondrian_pairgap,cliffB_oracle,noncliff,460,426,0.9260869565217391,0.8984886253774103,0.9466277232056823,2.4927180533793547,,,,,CHEMBL236_Ki
86921808,mondrian_pairgap,cliffA,all,519,480,0.9248554913294798,0.8989224886384194,0.9445454356434589,2.4772777983720804,,,,,CHEMBL236_Ki
86921808,mondrian_pairgap,cliffA,cliff,110,101,0.9181818181818182,0.8517820822110996,0.9563593537213447,2.3313306507466356,,,,,CHEMBL236_Ki
86921808,mondrian_pairgap,cliffA,noncliff,409,379,0.9266503667481663,0.8972204235173481,0.948140410631768,2.5165300874644974,,,,,CHEMBL236_Ki
86921808,mondrian_pairgap,__bins__,__summary__,-1,-1,,,,2.4772777983720804,0.8849557522123894,0.07544028739157094,0.8076923076923077,0.17307692307692302,CHEMBL236_Ki
86921808,mondrian_rfstd,cliffB_oracle,all,519,475,0.9152215799614644,0.8881003209674221,0.936241346528019,2.2398143945898537,,,,,CHEMBL236_Ki
86921808,mondrian_rfstd,cliffB_oracle,cliff,59,53,0.8983050847457628,0.795361863737675,0.9525520275375955,2.2325432228341433,,,,,CHEMBL236_Ki
86921808,mondrian_rfstd,cliffB_oracle,noncliff,460,422,0.9173913043478261,0.8886445397839393,0.9392245363790903,2.2407470014019992,,,,,CHEMBL236_Ki
86921808,mondrian_rfstd,cliffA,all,519,475,0.9152215799614644,0.8881003209674221,0.936241346528019,2.2398143945898537,,,,,CHEMBL236_Ki
86921808,mondrian_rfstd,cliffA,cliff,110,100,0.9090909090909091,0.8407034728180641,0.9498696710288924,2.166454802370079,,,,,CHEMBL236_Ki
86921808,mondrian_rfstd,cliffA,noncliff,409,375,0.9168704156479217,0.8860794100932091,0.9399035252788498,2.2595443582675436,,,,,CHEMBL236_Ki
86921808,mondrian_rfstd,__bins__,__summary__,-1,-1,,,,2.2398143945898537,0.8910891089108911,0.04028344010871676,0.875,0.09615384615384615,CHEMBL236_Ki
89165191,global,cliffB_oracle,all,519,469,0.9036608863198459,0.875230711109915,0.9261594482418015,2.408373128350531,,,,,CHEMBL236_Ki
89165191,global,cliffB_oracle,cliff,55,50,0.9090909090909091,0.8042250541602005,0.9605418449258196,2.408373128350531,,,,,CHEMBL236_Ki
89165191,global,cliffB_oracle,noncliff,464,419,0.9030172413793104,0.8726886432805652,0.9267274686278495,2.4083731283505316,,,,,CHEMBL236_Ki
89165191,global,cliffA,all,519,469,0.9036608863198459,0.875230711109915,0.9261594482418015,2.408373128350531,,,,,CHEMBL236_Ki
89165191,global,cliffA,cliff,107,95,0.8878504672897196,0.8141461014738314,0.9346711811845225,2.408373128350531,,,,,CHEMBL236_Ki
89165191,global,cliffA,noncliff,412,374,0.9077669902912622,0.8759353072862547,0.9320649362509806,2.408373128350531,,,,,CHEMBL236_Ki
89165191,global,__bins__,__summary__,-1,-1,,,,2.408373128350531,0.8050847457627118,0.15531129384124853,0.7596153846153846,0.23076923076923084,CHEMBL236_Ki
89165191,mondrian_pair,cliffB_oracle,all,519,471,0.9075144508670521,0.8795076172736733,0.9295330447926182,2.406004362564184,,,,,CHEMBL236_Ki
89165191,mondrian_pair,cliffB_oracle,cliff,55,50,0.9090909090909091,0.8042250541602005,0.9605418449258196,2.362184355237756,,,,,CHEMBL236_Ki
89165191,mondrian_pair,cliffB_oracle,noncliff,464,421,0.9073275862068966,0.8774951972695805,0.9304708195790311,2.411198544467102,,,,,CHEMBL236_Ki
89165191,mondrian_pair,cliffA,all,519,471,0.9075144508670521,0.8795076172736733,0.9295330447926182,2.406004362564184,,,,,CHEMBL236_Ki
89165191,mondrian_pair,cliffA,cliff,107,94,0.8785046728971962,0.8031678343823965,0.9276056583323826,2.369381113828805,,,,,CHEMBL236_Ki
89165191,mondrian_pair,cliffA,noncliff,412,377,0.9150485436893204,0.8841441678546278,0.9382846514600582,2.4155157402697323,,,,,CHEMBL236_Ki
89165191,mondrian_pair,__bins__,__summary__,-1,-1,,,,2.406004362564184,0.8135593220338984,0.15644067796610162,0.75,0.24038461538461542,CHEMBL236_Ki
89165191,mondrian_wstd,cliffB_oracle,all,519,473,0.9113680154142582,0.8837972418634632,0.9328939229174029,2.400688149243463,,,,,CHEMBL236_Ki
89165191,mondrian_wstd,cliffB_oracle,cliff,55,50,0.9090909090909091,0.8042250541602005,0.9605418449258196,2.665158676501756,,,,,CHEMBL236_Ki
89165191,mondrian_wstd,cliffB_oracle,noncliff,464,423,0.9116379310344828,0.8823184732931412,0.9341974484956673,2.3693392720900013,,,,,CHEMBL236_Ki
89165191,mondrian_wstd,cliffA,all,519,473,0.9113680154142582,0.8837972418634632,0.9328939229174029,2.400688149243463,,,,,CHEMBL236_Ki
89165191,mondrian_wstd,cliffA,cliff,107,95,0.8878504672897196,0.8141461014738314,0.9346711811845225,2.6441509771730702,,,,,CHEMBL236_Ki
89165191,mondrian_wstd,cliffA,noncliff,412,378,0.9174757281553398,0.8868927114739085,0.9403456330999276,2.3374587254850456,,,,,CHEMBL236_Ki
89165191,mondrian_wstd,__bins__,__summary__,-1,-1,,,,2.400688149243463,0.87,0.07999999999999996,0.8269230769230769,0.16346153846153855,CHEMBL236_Ki
89165191,mondrian_std,cliffB_oracle,all,519,478,0.9210019267822736,0.8945819817840994,0.9412354397832039,2.432750633313982,,,,,CHEMBL236_Ki
89165191,mondrian_std,cliffB_oracle,cliff,55,51,0.9272727272727272,0.8274005992784393,0.9713559397669594,2.6718187034903926,,,,,CHEMBL236_Ki
89165191,mondrian_std,cliffB_oracle,noncliff,464,427,0.9202586206896551,0.8920196636481764,0.9415960680210259,2.4044128232715196,,,,,CHEMBL236_Ki
89165191,mondrian_std,cliffA,all,519,478,0.9210019267822736,0.8945819817840994,0.9412354397832039,2.432750633313982,,,,,CHEMBL236_Ki
89165191,mondrian_std,cliffA,cliff,107,97,0.9065420560747663,0.8364631287640076,0.9484417337814959,2.665448501537442,,,,,CHEMBL236_Ki
89165191,mondrian_std,cliffA,noncliff,412,381,0.9247572815533981,0.8951785614961995,0.9464883588550873,2.3723169636540056,,,,,CHEMBL236_Ki
89165191,mondrian_std,__bins__,__summary__,-1,-1,,,,2.432750633313982,0.8910891089108911,0.05891089108910885,0.8173076923076923,0.17307692307692313,CHEMBL236_Ki
89165191,mondrian_iqr,cliffB_oracle,all,519,471,0.9075144508670521,0.8795076172736733,0.9295330447926182,2.4147812177418957,,,,,CHEMBL236_Ki
89165191,mondrian_iqr,cliffB_oracle,cliff,55,49,0.8909090909090909,0.7817445091344648,0.9490327499921767,2.482391585402837,,,,,CHEMBL236_Ki
89165191,mondrian_iqr,cliffB_oracle,noncliff,464,422,0.9094827586206896,0.8799046801980429,0.9323362891206671,2.406767057782086,,,,,CHEMBL236_Ki
89165191,mondrian_iqr,cliffA,all,519,471,0.9075144508670521,0.8795076172736733,0.9295330447926182,2.4147812177418957,,,,,CHEMBL236_Ki
89165191,mondrian_iqr,cliffA,cliff,107,94,0.8785046728971962,0.8031678343823965,0.9276056583323826,2.4781070574098916,,,,,CHEMBL236_Ki
89165191,mondrian_iqr,cliffA,noncliff,412,377,0.9150485436893204,0.8841441678546278,0.9382846514600582,2.3983349438475376,,,,,CHEMBL236_Ki
89165191,mondrian_iqr,__bins__,__summary__,-1,-1,,,,2.4147812177418957,0.84,0.09999999999999998,0.7980769230769231,0.1826923076923076,CHEMBL236_Ki
89165191,mondrian_nb,cliffB_oracle,all,519,468,0.9017341040462428,0.8730968170363463,0.9244680909580828,2.415365728573253,,,,,CHEMBL236_Ki
89165191,mondrian_nb,cliffB_oracle,cliff,55,44,0.8,0.6763512084273607,0.8844778509023875,2.220256774077948,,,,,CHEMBL236_Ki
89165191,mondrian_nb,cliffB_oracle,noncliff,464,424,0.9137931034482759,0.8847367158020886,0.9360541584568186,2.4384928675759294,,,,,CHEMBL236_Ki
89165191,mondrian_nb,cliffA,all,519,468,0.9017341040462428,0.8730968170363463,0.9244680909580828,2.415365728573253,,,,,CHEMBL236_Ki
89165191,mondrian_nb,cliffA,cliff,107,88,0.822429906542056,0.7392402603548631,0.8832704926984671,2.2836409690591126,,,,,CHEMBL236_Ki
89165191,mondrian_nb,cliffA,noncliff,412,380,0.9223300970873787,0.89240963482108,0.9444477602710565,2.449575799612119,,,,,CHEMBL236_Ki
89165191,mondrian_nb,__bins__,__summary__,-1,-1,,,,2.415365728573253,0.8305084745762712,0.13978855512669908,0.7788461538461539,0.20192307692307687,CHEMBL236_Ki
89165191,mondrian_nnsim,cliffB_oracle,all,519,470,0.905587668593449,0.8773676175118501,0.927847793197154,2.4581745459583835,,,,,CHEMBL236_Ki
89165191,mondrian_nnsim,cliffB_oracle,cliff,55,49,0.8909090909090909,0.7817445091344648,0.9490327499921767,2.3107114308831327,,,,,CHEMBL236_Ki
89165191,mondrian_nnsim,cliffB_oracle,noncliff,464,421,0.9073275862068966,0.8774951972695805,0.9304708195790311,2.4756540100298037,,,,,CHEMBL236_Ki
89165191,mondrian_nnsim,cliffA,all,519,470,0.905587668593449,0.8773676175118501,0.927847793197154,2.4581745459583835,,,,,CHEMBL236_Ki
89165191,mondrian_nnsim,cliffA,cliff,107,92,0.8598130841121495,0.7815182005609461,0.9131677122666834,2.316770659501904,,,,,CHEMBL236_Ki
89165191,mondrian_nnsim,cliffA,noncliff,412,378,0.9174757281553398,0.8868927114739085,0.9403456330999276,2.4948983708390715,,,,,CHEMBL236_Ki
89165191,mondrian_nnsim,__bins__,__summary__,-1,-1,,,,2.4581745459583835,0.8135593220338984,0.15644067796610162,0.7788461538461539,0.21153846153846156,CHEMBL236_Ki
89165191,mondrian_pairgap,cliffB_oracle,all,519,469,0.9036608863198459,0.875230711109915,0.9261594482418015,2.415945662235214,,,,,CHEMBL236_Ki
89165191,mondrian_pairgap,cliffB_oracle,cliff,55,49,0.8909090909090909,0.7817445091344648,0.9490327499921767,2.3978517300248128,,,,,CHEMBL236_Ki
89165191,mondrian_pairgap,cliffB_oracle,noncliff,464,420,0.9051724137931034,0.875089893051684,0.9286011713268291,2.418090417130843,,,,,CHEMBL236_Ki
89165191,mondrian_pairgap,cliffA,all,519,469,0.9036608863198459,0.875230711109915,0.9261594482418015,2.415945662235214,,,,,CHEMBL236_Ki
89165191,mondrian_pairgap,cliffA,cliff,107,93,0.8691588785046729,0.7922948277257333,0.920434875045471,2.374981504884769,,,,,CHEMBL236_Ki
89165191,mondrian_pairgap,cliffA,noncliff,412,376,0.912621359223301,0.8814019029298517,0.9362173911256841,2.4265844118383635,,,,,CHEMBL236_Ki
89165191,mondrian_pairgap,__bins__,__summary__,-1,-1,,,,2.415945662235214,0.8220338983050848,0.1479661016949152,0.75,0.24038461538461542,CHEMBL236_Ki
89165191,mondrian_rfstd,cliffB_oracle,all,519,470,0.905587668593449,0.8773676175118501,0.927847793197154,2.338583151373843,,,,,CHEMBL236_Ki
89165191,mondrian_rfstd,cliffB_oracle,cliff,55,45,0.8181818181818182,0.6966954036336236,0.8981232956555033,2.3161617725802848,,,,,CHEMBL236_Ki
89165191,mondrian_rfstd,cliffB_oracle,noncliff,464,425,0.915948275862069,0.8871595554280441,0.9379062713009613,2.341240857911873,,,,,CHEMBL236_Ki
89165191,mondrian_rfstd,cliffA,all,519,470,0.905587668593449,0.8773676175118501,0.927847793197154,2.338583151373843,,,,,CHEMBL236_Ki
89165191,mondrian_rfstd,cliffA,cliff,107,91,0.8504672897196262,0.7708304349721777,0.9058116879118769,2.277012141915867,,,,,CHEMBL236_Ki
89165191,mondrian_rfstd,cliffA,noncliff,412,379,0.9199029126213593,0.8896477792919054,0.9424000905410809,2.354573680529191,,,,,CHEMBL236_Ki
89165191,mondrian_rfstd,__bins__,__summary__,-1,-1,,,,2.338583151373843,0.88,0.06059405940594054,0.883495145631068,0.05881254667662428,CHEMBL236_Ki
71339737,global,cliffB_oracle,all,551,508,0.9219600725952813,0.8965290585848883,0.941548184215874,2.66531645279391,,,,,CHEMBL204_Ki
71339737,global,cliffB_oracle,cliff,59,52,0.8813559322033898,0.7747635960001831,0.9413241722420971,2.66531645279391,,,,,CHEMBL204_Ki
71339737,global,cliffB_oracle,noncliff,492,456,0.926829268292683,0.9003635548835471,0.9466813876650755,2.66531645279391,,,,,CHEMBL204_Ki
71339737,global,cliffA,all,551,508,0.9219600725952813,0.8965290585848883,0.941548184215874,2.66531645279391,,,,,CHEMBL204_Ki
71339737,global,cliffA,cliff,92,84,0.9130434782608695,0.8376974325974105,0.9552788110362063,2.66531645279391,,,,,CHEMBL204_Ki
71339737,global,cliffA,noncliff,459,424,0.9237472766884531,0.8957969598543947,0.9446636181395476,2.6653164527939097,,,,,CHEMBL204_Ki
71339737,global,__bins__,__summary__,-1,-1,,,,2.66531645279391,0.8429752066115702,0.11029582142581296,0.8288288288288288,0.16208026208026216,CHEMBL204_Ki
71339737,mondrian_pair,cliffB_oracle,all,551,511,0.9274047186932849,0.902653730766848,0.9462374119410207,2.745169167271783,,,,,CHEMBL204_Ki
71339737,mondrian_pair,cliffB_oracle,cliff,59,53,0.8983050847457628,0.795361863737675,0.9525520275375955,2.8867399676694427,,,,,CHEMBL204_Ki
71339737,mondrian_pair,cliffB_oracle,noncliff,492,458,0.9308943089430894,0.9049832001429722,0.9501288370965896,2.728192181045234,,,,,CHEMBL204_Ki
71339737,mondrian_pair,cliffA,all,551,511,0.9274047186932849,0.902653730766848,0.9462374119410207,2.745169167271783,,,,,CHEMBL204_Ki
71339737,mondrian_pair,cliffA,cliff,92,86,0.9347826086956522,0.8649420387269413,0.9697697966768659,2.8703239756203014,,,,,CHEMBL204_Ki
71339737,mondrian_pair,cliffA,noncliff,459,425,0.9259259259259259,0.8982713384237535,0.9465103736472784,2.720083671916524,,,,,CHEMBL204_Ki
71339737,mondrian_pair,__bins__,__summary__,-1,-1,,,,2.745169167271783,0.8677685950413223,0.08550243299606086,0.8468468468468469,0.1440622440622441,CHEMBL204_Ki
71339737,mondrian_wstd,cliffB_oracle,all,551,498,0.9038112522686026,0.8763228782469461,0.9257080315301276,2.618497652097551,,,,,CHEMBL204_Ki
71339737,mondrian_wstd,cliffB_oracle,cliff,59,49,0.8305084745762712,0.71536779263512,0.9052416065081895,2.747922312014426,,,,,CHEMBL204_Ki
71339737,mondrian_wstd,cliffB_oracle,noncliff,492,449,0.9126016260162602,0.8843422115431864,0.9344678995871486,2.6029772152376007,,,,,CHEMBL204_Ki
71339737,mondrian_wstd,cliffA,all,551,498,0.9038112522686026,0.8763228782469461,0.9257080315301276,2.618497652097551,,,,,CHEMBL204_Ki
71339737,mondrian_wstd,cliffA,cliff,92,80,0.8695652173913043,0.7857198638002064,0.9237851962930296,2.7090061001750483,,,,,CHEMBL204_Ki
71339737,mondrian_wstd,cliffA,noncliff,459,418,0.9106753812636166,0.8810606778781863,0.9334730956532179,2.6003565252497736,,,,,CHEMBL204_Ki
71339737,mondrian_wstd,__bins__,__summary__,-1,-1,,,,2.618497652097551,0.8785046728971962,0.08411214953271029,0.8198198198198198,0.14381654381654385,CHEMBL204_Ki
71339737,mondrian_std,cliffB_oracle,all,551,493,0.8947368421052632,0.8663222382537146,0.9176855050115147,2.4978418245401133,,,,,CHEMBL204_Ki
71339737,mondrian_std,cliffB_oracle,cliff,59,49,0.8305084745762712,0.71536779263512,0.9052416065081895,2.561136209700719,,,,,CHEMBL204_Ki
71339737,mondrian_std,cliffB_oracle,noncliff,492,444,0.9024390243902439,0.873018719524393,0.9256236548785939,2.490251644205812,,,,,CHEMBL204_Ki
71339737,mondrian_std,cliffA,all,551,493,0.8947368421052632,0.8663222382537146,0.9176855050115147,2.4978418245401133,,,,,CHEMBL204_Ki
71339737,mondrian_std,cliffA,cliff,92,80,0.8695652173913043,0.7857198638002064,0.9237851962930296,2.5735940659206658,,,,,CHEMBL204_Ki
71339737,mondrian_std,cliffA,noncliff,459,413,0.8997821350762527,0.8689062668685797,0.9240218362773761,2.4826583687514177,,,,,CHEMBL204_Ki
71339737,mondrian_std,__bins__,__summary__,-1,-1,,,,2.4978418245401133,0.8703703703703703,0.04551748009691936,0.8198198198198198,0.1347256347256348,CHEMBL204_Ki
71339737,mondrian_iqr,cliffB_oracle,all,551,500,0.9074410163339383,0.8803409385902707,0.9288992377915404,2.5601506540544294,,,,,CHEMBL204_Ki
71339737,mondrian_iqr,cliffB_oracle,cliff,59,47,0.7966101694915254,0.6773198772795009,0.879637275797828,2.5703544795250366,,,,,CHEMBL204_Ki
71339737,mondrian_iqr,cliffB_oracle,noncliff,492,453,0.9207317073170732,0.8934708178244772,0.9414734826877365,2.558927024577263,,,,,CHEMBL204_Ki
71339737,mondrian_iqr,cliffA,all,551,500,0.9074410163339383,0.8803409385902707,0.9288992377915404,2.5601506540544294,,,,,CHEMBL204_Ki
71339737,mondrian_iqr,cliffA,cliff,92,77,0.8369565217391305,0.7482715701531195,0.8986301022848311,2.520726444877718,,,,,CHEMBL204_Ki
71339737,mondrian_iqr,cliffA,noncliff,459,423,0.9215686274509803,0.8933281399445603,0.9428113039722923,2.5680526741944236,,,,,CHEMBL204_Ki
71339737,mondrian_iqr,__bins__,__summary__,-1,-1,,,,2.5601506540544294,0.8691588785046729,0.09380408445829003,0.8558558558558559,0.10778050778050774,CHEMBL204_Ki
71339737,mondrian_nb,cliffB_oracle,all,551,508,0.9219600725952813,0.8965290585848883,0.941548184215874,2.84231816289995,,,,,CHEMBL204_Ki
71339737,mondrian_nb,cliffB_oracle,cliff,59,51,0.864406779661017,0.7546033919346271,0.9296582532746629,2.9060097393630953,,,,,CHEMBL204_Ki
71339737,mondrian_nb,cliffB_oracle,noncliff,492,457,0.9288617886178862,0.9026708053714034,0.9484076845226885,2.8346803519013206,,,,,CHEMBL204_Ki
71339737,mondrian_nb,cliffA,all,551,508,0.9219600725952813,0.8965290585848883,0.941548184215874,2.84231816289995,,,,,CHEMBL204_Ki
71339737,mondrian_nb,cliffA,cliff,92,82,0.8913043478260869,0.8113621754329581,0.9398784764304682,2.8469313789241557,,,,,CHEMBL204_Ki
71339737,mondrian_nb,cliffA,noncliff,459,426,0.9281045751633987,0.9007514955310454,0.9483513506170764,2.841393509579194,,,,,CHEMBL204_Ki
71339737,mondrian_nb,__bins__,__summary__,-1,-1,,,,2.84231816289995,0.8347107438016529,0.14659766741330038,0.8378378378378378,0.14398034398034398,CHEMBL204_Ki
71339737,mondrian_nnsim,cliffB_oracle,all,551,507,0.9201451905626135,0.8944945253197694,0.939978084178624,2.731450224877029,,,,,CHEMBL204_Ki
71339737,mondrian_nnsim,cliffB_oracle,cliff,59,49,0.8305084745762712,0.71536779263512,0.9052416065081895,2.495802779196544,,,,,CHEMBL204_Ki
71339737,mondrian_nnsim,cliffB_oracle,noncliff,492,458,0.9308943089430894,0.9049832001429722,0.9501288370965896,2.7597087600297705,,,,,CHEMBL204_Ki
71339737,mondrian_nnsim,cliffA,all,551,507,0.9201451905626135,0.8944945253197694,0.939978084178624,2.731450224877029,,,,,CHEMBL204_Ki
71339737,mondrian_nnsim,cliffA,cliff,92,81,0.8804347826086957,0.7984642040664938,0.9319086519118376,2.521449459345026,,,,,CHEMBL204_Ki
71339737,mondrian_nnsim,cliffA,noncliff,459,426,0.9281045751633987,0.9007514955310454,0.9483513506170764,2.773541881584969,,,,,CHEMBL204_Ki
71339737,mondrian_nnsim,__bins__,__summary__,-1,-1,,,,2.731450224877029,0.8099173553719008,0.16230486685032142,0.8288288288288288,0.152989352989353,CHEMBL204_Ki
71339737,mondrian_pairgap,cliffB_oracle,all,551,510,0.925589836660617,0.9006085477516069,0.9446779616538928,2.6994049553276382,,,,,CHEMBL204_Ki
71339737,mondrian_pairgap,cliffB_oracle,cliff,59,51,0.864406779661017,0.7546033919346271,0.9296582532746629,2.733610228300937,,,,,CHEMBL204_Ki
71339737,mondrian_pairgap,cliffB_oracle,noncliff,492,459,0.9329268292682927,0.9073009440422957,0.9518446405427359,2.695303103487344,,,,,CHEMBL204_Ki
71339737,mondrian_pairgap,cliffA,all,551,510,0.925589836660617,0.9006085477516069,0.9446779616538928,2.6994049553276382,,,,,CHEMBL204_Ki
71339737,mondrian_pairgap,cliffA,cliff,92,84,0.9130434782608695,0.8376974325974105,0.9552788110362063,2.750921889998513,,,,,CHEMBL204_Ki
71339737,mondrian_pairgap,cliffA,noncliff,459,426,0.9281045751633987,0.9007514955310454,0.9483513506170764,2.6890791209273757,,,,,CHEMBL204_Ki
71339737,mondrian_pairgap,__bins__,__summary__,-1,-1,,,,2.6994049553276382,0.8677685950413223,0.09484822738858423,0.8468468468468469,0.13497133497133496,CHEMBL204_Ki
71339737,mondrian_rfstd,cliffB_oracle,all,551,496,0.9001814882032668,0.8723152362632182,0.9225064069091177,2.4922768313601025,,,,,CHEMBL204_Ki
71339737,mondrian_rfstd,cliffB_oracle,cliff,59,42,0.711864406779661,0.5861915342706008,0.811635003641777,2.382987607557163,,,,,CHEMBL204_Ki
71339737,mondrian_rfstd,cliffB_oracle,noncliff,492,454,0.9227642276422764,0.8957637342914795,0.9432141135662038,2.505382652913707,,,,,CHEMBL204_Ki
71339737,mondrian_rfstd,cliffA,all,551,496,0.9001814882032668,0.8723152362632182,0.9225064069091177,2.4922768313601025,,,,,CHEMBL204_Ki
71339737,mondrian_rfstd,cliffA,cliff,92,74,0.8043478260869565,0.7117967165323347,0.8725015682503303,2.375017457756457,,,,,CHEMBL204_Ki
71339737,mondrian_rfstd,cliffA,noncliff,459,422,0.9193899782135077,0.8908646734418741,0.940953636397889,2.5157797994898097,,,,,CHEMBL204_Ki
71339737,mondrian_rfstd,__bins__,__summary__,-1,-1,,,,2.4922768313601025,0.8611111111111112,0.07407407407407407,0.8454545454545455,0.08247338247338243,CHEMBL204_Ki
99182118,global,cliffB_oracle,all,551,501,0.9092558983666061,0.8823540428910605,0.9304907667931196,2.629766305791362,,,,,CHEMBL204_Ki
99182118,global,cliffB_oracle,cliff,54,50,0.9259259259259259,0.8244588416140005,0.9708184722344951,2.6297663057913607,,,,,CHEMBL204_Ki
99182118,global,cliffB_oracle,noncliff,497,451,0.9074446680080482,0.8787468923063461,0.9298922346413968,2.629766305791362,,,,,CHEMBL204_Ki
99182118,global,cliffA,all,551,501,0.9092558983666061,0.8823540428910605,0.9304907667931196,2.629766305791362,,,,,CHEMBL204_Ki
99182118,global,cliffA,cliff,101,94,0.9306930693069307,0.8637997214654843,0.9660246722296894,2.6297663057913616,,,,,CHEMBL204_Ki
99182118,global,cliffA,noncliff,450,407,0.9044444444444445,0.873758569424795,0.9282836259838244,2.629766305791362,,,,,CHEMBL204_Ki
99182118,global,__bins__,__summary__,-1,-1,,,,2.629766305791362,0.8032786885245902,0.149992339512793,0.7297297297297297,0.26117936117936125,CHEMBL204_Ki
99182118,mondrian_pair,cliffB_oracle,all,551,501,0.9092558983666061,0.8823540428910605,0.9304907667931196,2.6445789243851805,,,,,CHEMBL204_Ki
99182118,mondrian_pair,cliffB_oracle,cliff,54,50,0.9259259259259259,0.8244588416140005,0.9708184722344951,2.684095190437943,,,,,CHEMBL204_Ki
99182118,mondrian_pair,cliffB_oracle,noncliff,497,451,0.9074446680080482,0.8787468923063461,0.9298922346413968,2.6402854065444377,,,,,CHEMBL204_Ki
99182118,mondrian_pair,cliffA,all,551,501,0.9092558983666061,0.8823540428910605,0.9304907667931196,2.6445789243851805,,,,,CHEMBL204_Ki
99182118,mondrian_pair,cliffA,cliff,101,94,0.9306930693069307,0.8637997214654843,0.9660246722296894,2.6780437194028486,,,,,CHEMBL204_Ki
99182118,mondrian_pair,cliffA,noncliff,450,407,0.9044444444444445,0.873758569424795,0.9282836259838244,2.637067937058992,,,,,CHEMBL204_Ki
99182118,mondrian_pair,__bins__,__summary__,-1,-1,,,,2.6445789243851805,0.7950819672131147,0.15818906082426842,0.7207207207207207,0.2701883701883703,CHEMBL204_Ki
99182118,mondrian_wstd,cliffB_oracle,all,551,513,0.9310344827586207,0.9067555939086093,0.9493448154039973,2.8796332959484108,,,,,CHEMBL204_Ki
99182118,mondrian_wstd,cliffB_oracle,cliff,54,49,0.9074074074074074,0.8009011740903732,0.9597988652429706,2.9174570262028685,,,,,CHEMBL204_Ki
99182118,mondrian_wstd,cliffB_oracle,noncliff,497,464,0.9336016096579477,0.9082186456150897,0.9523331166428787,2.8755236753573827,,,,,CHEMBL204_Ki
99182118,mondrian_wstd,cliffA,all,551,513,0.9310344827586207,0.9067555939086093,0.9493448154039973,2.8796332959484108,,,,,CHEMBL204_Ki
99182118,mondrian_wstd,cliffA,cliff,101,93,0.9207920792079208,0.8514289441723368,0.9593190266792695,2.8762605600490305,,,,,CHEMBL204_Ki
99182118,mondrian_wstd,cliffA,noncliff,450,420,0.9333333333333333,0.9064249366459758,0.9529059870061163,2.8803902877836047,,,,,CHEMBL204_Ki
99182118,mondrian_wstd,__bins__,__summary__,-1,-1,,,,2.8796332959484108,0.9158878504672897,0.03738317757009346,0.8198198198198198,0.1710892710892712,CHEMBL204_Ki
99182118,mondrian_std,cliffB_oracle,all,551,514,0.9328493647912885,0.9088125457402875,0.950892496874688,2.8787889179923694,,,,,CHEMBL204_Ki
99182118,mondrian_std,cliffB_oracle,cliff,54,49,0.9074074074074074,0.8009011740903732,0.9597988652429706,2.9124140684788427,,,,,CHEMBL204_Ki
99182118,mondrian_std,cliffB_oracle,noncliff,497,465,0.9356136820925554,0.9105191244064258,0.9540259174907907,2.8751354811185874,,,,,CHEMBL204_Ki
99182118,mondrian_std,cliffA,all,551,514,0.9328493647912885,0.9088125457402875,0.950892496874688,2.8787889179923694,,,,,CHEMBL204_Ki
99182118,mondrian_std,cliffA,cliff,101,93,0.9207920792079208,0.8514289441723368,0.9593190266792695,2.877203525357535,,,,,CHEMBL204_Ki
99182118,mondrian_std,cliffA,noncliff,450,421,0.9355555555555556,0.9089796434333337,0.9547581054682563,2.879144750561521,,,,,CHEMBL204_Ki
99182118,mondrian_std,__bins__,__summary__,-1,-1,,,,2.8787889179923694,0.9158878504672897,0.03738317757009346,0.8198198198198198,0.1710892710892712,CHEMBL204_Ki
99182118,mondrian_iqr,cliffB_oracle,all,551,505,0.9165154264972777,0.890435359718812,0.9368279831748435,2.6705175982198197,,,,,CHEMBL204_Ki
99182118,mondrian_iqr,cliffB_oracle,cliff,54,46,0.8518518518518519,0.7339988471639411,0.9229693686239466,2.5724949143204827,,,,,CHEMBL204_Ki
99182118,mondrian_iqr,cliffB_oracle,noncliff,497,459,0.9235412474849095,0.8967947220284008,0.9437906420333272,2.681167950192786,,,,,CHEMBL204_Ki
99182118,mondrian_iqr,cliffA,all,551,505,0.9165154264972777,0.890435359718812,0.9368279831748435,2.6705175982198197,,,,,CHEMBL204_Ki
99182118,mondrian_iqr,cliffA,cliff,101,88,0.8712871287128713,0.7921530010704891,0.9232128555632813,2.536284674748006,,,,,CHEMBL204_Ki
99182118,mondrian_iqr,cliffA,noncliff,450,417,0.9266666666666666,0.8988015642441322,0.9473088836594662,2.7006454321546043,,,,,CHEMBL204_Ki
99182118,mondrian_iqr,__bins__,__summary__,-1,-1,,,,2.6705175982198197,0.860655737704918,0.09304796599878573,0.8018018018018018,0.1618345618345618,CHEMBL204_Ki
99182118,mondrian_nb,cliffB_oracle,all,551,504,0.9147005444646098,0.8884105352165586,0.9352481743747283,2.593821993653147,,,,,CHEMBL204_Ki
99182118,mondrian_nb,cliffB_oracle,cliff,54,50,0.9259259259259259,0.8244588416140005,0.9708184722344951,2.6670405733141624,,,,,CHEMBL204_Ki
99182118,mondrian_nb,cliffB_oracle,noncliff,497,454,0.9134808853118712,0.8854851815053226,0.9351337843601646,2.5858666550179463,,,,,CHEMBL204_Ki
99182118,mondrian_nb,cliffA,all,551,504,0.9147005444646098,0.8884105352165586,0.9352481743747283,2.593821993653147,,,,,CHEMBL204_Ki
99182118,mondrian_nb,cliffA,cliff,101,93,0.9207920792079208,0.8514289441723368,0.9593190266792695,2.665206909047269,,,,,CHEMBL204_Ki
99182118,mondrian_nb,cliffA,noncliff,450,411,0.9133333333333333,0.883715062908305,0.9359544334983059,2.5778000459757995,,,,,CHEMBL204_Ki
99182118,mondrian_nb,__bins__,__summary__,-1,-1,,,,2.593821993653147,0.819672131147541,0.13359889688984217,0.7477477477477478,0.23407043407043404,CHEMBL204_Ki
99182118,mondrian_nnsim,cliffB_oracle,all,551,500,0.9074410163339383,0.8803409385902707,0.9288992377915404,2.6445786649793486,,,,,CHEMBL204_Ki
99182118,mondrian_nnsim,cliffB_oracle,cliff,54,46,0.8518518518518519,0.7339988471639411,0.9229693686239466,2.3403460742060958,,,,,CHEMBL204_Ki
99182118,mondrian_nnsim,cliffB_oracle,noncliff,497,454,0.9134808853118712,0.8854851815053226,0.9351337843601646,2.6776341174979716,,,,,CHEMBL204_Ki
99182118,mondrian_nnsim,cliffA,all,551,500,0.9074410163339383,0.8803409385902707,0.9288992377915404,2.6445786649793486,,,,,CHEMBL204_Ki
99182118,mondrian_nnsim,cliffA,cliff,101,90,0.8910891089108911,0.8154299832554898,0.9380887190654149,2.436910992887899,,,,,CHEMBL204_Ki
99182118,mondrian_nnsim,cliffA,noncliff,450,410,0.9111111111111111,0.8812189489409606,0.9340437222161523,2.6911885202709844,,,,,CHEMBL204_Ki
99182118,mondrian_nnsim,__bins__,__summary__,-1,-1,,,,2.6445786649793486,0.7950819672131147,0.14936247723132967,0.7477477477477478,0.23407043407043404,CHEMBL204_Ki
99182118,mondrian_pairgap,cliffB_oracle,all,551,503,0.9128856624319419,0.8863887630470745,0.9336653132418434,2.67689600410994,,,,,CHEMBL204_Ki
99182118,mondrian_pairgap,cliffB_oracle,cliff,54,50,0.9259259259259259,0.8244588416140005,0.9708184722344951,2.7748075262226752,,,,,CHEMBL204_Ki
99182118,mondrian_pairgap,cliffB_oracle,noncliff,497,453,0.9114688128772636,0.8832353746496902,0.933390311576549,2.66625773007757,,,,,CHEMBL204_Ki
99182118,mondrian_pairgap,cliffA,all,551,503,0.9128856624319419,0.8863887630470745,0.9336653132418434,2.67689600410994,,,,,CHEMBL204_Ki
99182118,mondrian_pairgap,cliffA,cliff,101,94,0.9306930693069307,0.8637997214654843,0.9660246722296894,2.763643174076228,,,,,CHEMBL204_Ki
99182118,mondrian_pairgap,cliffA,noncliff,450,409,0.9088888888888889,0.8787275955163254,0.9321282503912895,2.657426083739728,,,,,CHEMBL204_Ki
99182118,mondrian_pairgap,__bins__,__summary__,-1,-1,,,,2.67689600410994,0.8032786885245902,0.15933813390531637,0.7387387387387387,0.26126126126126126,CHEMBL204_Ki
99182118,mondrian_rfstd,cliffB_oracle,all,551,502,0.911070780399274,0.8843699589690117,0.9320794840175373,2.65018101391781,,,,,CHEMBL204_Ki
99182118,mondrian_rfstd,cliffB_oracle,cliff,54,40,0.7407407407407407,0.6106910949571832,0.8388134737397926,2.4326500060093768,,,,,CHEMBL204_Ki
99182118,mondrian_rfstd,cliffB_oracle,noncliff,497,462,0.9295774647887324,0.9036339919725543,0.9489312110069178,2.6738161737307986,,,,,CHEMBL204_Ki
99182118,mondrian_rfstd,cliffA,all,551,502,0.911070780399274,0.8843699589690117,0.9320794840175373,2.65018101391781,,,,,CHEMBL204_Ki
99182118,mondrian_rfstd,cliffA,cliff,101,79,0.7821782178217822,0.6921548637306663,0.8515231873109992,2.3576607922937387,,,,,CHEMBL204_Ki
99182118,mondrian_rfstd,cliffA,noncliff,450,423,0.94,0.9141113590470286,0.9584400403535572,2.7158355525489903,,,,,CHEMBL204_Ki
99182118,mondrian_rfstd,__bins__,__summary__,-1,-1,,,,2.65018101391781,0.8598130841121495,0.10280373831775702,0.8545454545454545,0.09090909090909094,CHEMBL204_Ki
89709943,global,cliffB_oracle,all,551,506,0.9183303085299456,0.8924633252539348,0.9384046509420897,2.6914150527250675,,,,,CHEMBL204_Ki
89709943,global,cliffB_oracle,cliff,57,52,0.9122807017543859,0.8105512290044132,0.9619483282220778,2.6914150527250675,,,,,CHEMBL204_Ki
89709943,global,cliffB_oracle,noncliff,494,454,0.9190283400809717,0.8916152885270612,0.9399747541758889,2.6914150527250684,,,,,CHEMBL204_Ki
89709943,global,cliffA,all,551,506,0.9183303085299456,0.8924633252539348,0.9384046509420897,2.6914150527250675,,,,,CHEMBL204_Ki
89709943,global,cliffA,cliff,100,93,0.93,0.8625048526092651,0.9656807389327273,2.6914150527250684,,,,,CHEMBL204_Ki
89709943,global,cliffA,noncliff,451,413,0.9157427937915743,0.8864636972762597,0.9379994045972903,2.691415052725069,,,,,CHEMBL204_Ki
89709943,global,__bins__,__summary__,-1,-1,,,,2.6914150527250675,0.8512396694214877,0.12072294740094225,0.8018018018018018,0.19819819819819817,CHEMBL204_Ki
89709943,mondrian_pair,cliffB_oracle,all,551,499,0.9056261343012704,0.8783305734545646,0.9273049696248779,2.6150691404760775,,,,,CHEMBL204_Ki
89709943,mondrian_pair,cliffB_oracle,cliff,57,51,0.8947368421052632,0.7887718941661297,0.9508553414762553,2.7673319332597894,,,,,CHEMBL204_Ki
89709943,mondrian_pair,cliffB_oracle,noncliff,494,448,0.9068825910931174,0.8780240089372477,0.9294619745569213,2.5975003566933412,,,,,CHEMBL204_Ki
89709943,mondrian_pair,cliffA,all,551,499,0.9056261343012704,0.8783305734545646,0.9273049696248779,2.6150691404760775,,,,,CHEMBL204_Ki
89709943,mondrian_pair,cliffA,cliff,100,93,0.93,0.8625048526092651,0.9656807389327273,2.793780254361063,,,,,CHEMBL204_Ki
89709943,mondrian_pair,cliffA,noncliff,451,406,0.9002217294900222,0.8690919646530848,0.9245911814171861,2.5754436163330645,,,,,CHEMBL204_Ki
89709943,mondrian_pair,__bins__,__summary__,-1,-1,,,,2.6150691404760775,0.8347107438016529,0.11856028423573028,0.7657657657657657,0.22514332514332525,CHEMBL204_Ki
89709943,mondrian_wstd,cliffB_oracle,all,551,500,0.9074410163339383,0.8803409385902707,0.9288992377915404,2.5857186822929417,,,,,CHEMBL204_Ki
89709943,mondrian_wstd,cliffB_oracle,cliff,57,50,0.8771929824561403,0.7675355156482598,0.9392193984100191,2.6510636256620295,,,,,CHEMBL204_Ki
89709943,mondrian_wstd,cliffB_oracle,noncliff,494,450,0.9109311740890689,0.8825390169889239,0.9329816529081724,2.5781788811349697,,,,,CHEMBL204_Ki
89709943,mondrian_wstd,cliffA,all,551,500,0.9074410163339383,0.8803409385902707,0.9288992377915404,2.5857186822929417,,,,,CHEMBL204_Ki
89709943,mondrian_wstd,cliffA,cliff,100,92,0.92,0.8500189229905127,0.9589065385156194,2.694063468737099,,,,,CHEMBL204_Ki
89709943,mondrian_wstd,cliffA,noncliff,451,408,0.9046563192904656,0.8740330105554299,0.928444408601492,2.561695448048118,,,,,CHEMBL204_Ki
89709943,mondrian_wstd,__bins__,__summary__,-1,-1,,,,2.5857186822929417,0.8611111111111112,0.08281412253374865,0.8018018018018018,0.19819819819819817,CHEMBL204_Ki
89709943,mondrian_std,cliffB_oracle,all,551,500,0.9074410163339383,0.8803409385902707,0.9288992377915404,2.5854069204848313,,,,,CHEMBL204_Ki
89709943,mondrian_std,cliffB_oracle,cliff,57,50,0.8771929824561403,0.7675355156482598,0.9392193984100191,2.6625919138026046,,,,,CHEMBL204_Ki
89709943,mondrian_std,cliffB_oracle,noncliff,494,450,0.9109311740890689,0.8825390169889239,0.9329816529081724,2.576500959717396,,,,,CHEMBL204_Ki
89709943,mondrian_std,cliffA,all,551,500,0.9074410163339383,0.8803409385902707,0.9288992377915404,2.5854069204848313,,,,,CHEMBL204_Ki
89709943,mondrian_std,cliffA,cliff,100,92,0.92,0.8500189229905127,0.9589065385156194,2.7072238121500956,,,,,CHEMBL204_Ki
89709943,mondrian_std,cliffA,noncliff,451,408,0.9046563192904656,0.8740330105554299,0.928444408601492,2.558396523219806,,,,,CHEMBL204_Ki
89709943,mondrian_std,__bins__,__summary__,-1,-1,,,,2.5854069204848313,0.8611111111111112,0.08281412253374865,0.8018018018018018,0.19819819819819817,CHEMBL204_Ki
89709943,mondrian_iqr,cliffB_oracle,all,551,500,0.9074410163339383,0.8803409385902707,0.9288992377915404,2.690977834894073,,,,,CHEMBL204_Ki
89709943,mondrian_iqr,cliffB_oracle,cliff,57,50,0.8771929824561403,0.7675355156482598,0.9392193984100191,2.6325994184728003,,,,,CHEMBL204_Ki
89709943,mondrian_iqr,cliffB_oracle,noncliff,494,450,0.9109311740890689,0.8825390169889239,0.9329816529081724,2.6977138060196046,,,,,CHEMBL204_Ki
89709943,mondrian_iqr,cliffA,all,551,500,0.9074410163339383,0.8803409385902707,0.9288992377915404,2.690977834894073,,,,,CHEMBL204_Ki
89709943,mondrian_iqr,cliffA,cliff,100,92,0.92,0.8500189229905127,0.9589065385156194,2.6891969507617532,,,,,CHEMBL204_Ki
89709943,mondrian_iqr,cliffA,noncliff,451,408,0.9046563192904656,0.8740330105554299,0.928444408601492,2.6913727094245217,,,,,CHEMBL204_Ki
89709943,mondrian_iqr,__bins__,__summary__,-1,-1,,,,2.690977834894073,0.8760330578512396,0.06789217579362017,0.8108108108108109,0.1800982800982801,CHEMBL204_Ki
89709943,mondrian_nb,cliffB_oracle,all,551,500,0.9074410163339383,0.8803409385902707,0.9288992377915404,2.736954653576122,,,,,CHEMBL204_Ki
89709943,mondrian_nb,cliffB_oracle,cliff,57,49,0.8596491228070176,0.746755353906559,0.9271272385676139,2.670082344515694,,,,,CHEMBL204_Ki
89709943,mondrian_nb,cliffB_oracle,noncliff,494,451,0.9129554655870445,0.8848021253801719,0.9347358877183878,2.74467068923694,,,,,CHEMBL204_Ki
89709943,mondrian_nb,cliffA,all,551,500,0.9074410163339383,0.8803409385902707,0.9288992377915404,2.736954653576122,,,,,CHEMBL204_Ki
89709943,mondrian_nb,cliffA,cliff,100,90,0.9,0.8256343384950865,0.9447708629393249,2.6828818474954046,,,,,CHEMBL204_Ki
89709943,mondrian_nb,cliffA,noncliff,451,410,0.9090909090909091,0.8789913348833485,0.9322803573602247,2.748944189292467,,,,,CHEMBL204_Ki
89709943,mondrian_nb,__bins__,__summary__,-1,-1,,,,2.736954653576122,0.8264462809917356,0.1548621302232177,0.8018018018018018,0.18910728910728913,CHEMBL204_Ki
89709943,mondrian_nnsim,cliffB_oracle,all,551,509,0.9237749546279492,0.8985670292998454,0.9431148468032858,2.7447934331188666,,,,,CHEMBL204_Ki
89709943,mondrian_nnsim,cliffB_oracle,cliff,57,52,0.9122807017543859,0.8105512290044132,0.9619483282220778,2.6998240065773293,,,,,CHEMBL204_Ki
89709943,mondrian_nnsim,cliffB_oracle,noncliff,494,457,0.9251012145748988,0.8984670418654183,0.9451750304419225,2.7499822131044285,,,,,CHEMBL204_Ki
89709943,mondrian_nnsim,cliffA,all,551,509,0.9237749546279492,0.8985670292998454,0.9431148468032858,2.7447934331188666,,,,,CHEMBL204_Ki
89709943,mondrian_nnsim,cliffA,cliff,100,94,0.94,0.8752318455410406,0.9722138760368118,2.7105520488113477,,,,,CHEMBL204_Ki
89709943,mondrian_nnsim,cliffA,noncliff,451,415,0.9201773835920177,0.891470413162383,0.9417869617978183,2.7523857577990256,,,,,CHEMBL204_Ki
89709943,mondrian_nnsim,__bins__,__summary__,-1,-1,,,,2.7447934331188666,0.859504132231405,0.12180427898354829,0.8108108108108109,0.18918918918918914,CHEMBL204_Ki
89709943,mondrian_pairgap,cliffB_oracle,all,551,497,0.9019963702359347,0.8743177868892107,0.9241084895854941,2.5877303309390722,,,,,CHEMBL204_Ki
89709943,mondrian_pairgap,cliffB_oracle,cliff,57,51,0.8947368421052632,0.7887718941661297,0.9508553414762553,2.7392380575245237,,,,,CHEMBL204_Ki
89709943,mondrian_pairgap,cliffB_oracle,noncliff,494,446,0.902834008097166,0.8735232388859564,0.9259280582052856,2.5702486701792124,,,,,CHEMBL204_Ki
89709943,mondrian_pairgap,cliffA,all,551,497,0.9019963702359347,0.8743177868892107,0.9241084895854941,2.5877303309390722,,,,,CHEMBL204_Ki
89709943,mondrian_pairgap,cliffA,cliff,100,93,0.93,0.8625048526092651,0.9656807389327273,2.773676751322627,,,,,CHEMBL204_Ki
89709943,mondrian_pairgap,cliffA,noncliff,451,404,0.8957871396895787,0.8641672001132045,0.920721672870415,2.546500525975978,,,,,CHEMBL204_Ki
89709943,mondrian_pairgap,__bins__,__summary__,-1,-1,,,,2.5877303309390722,0.8264462809917356,0.1268247470456476,0.7567567567567568,0.23415233415233416,CHEMBL204_Ki
89709943,mondrian_rfstd,cliffB_oracle,all,551,501,0.9092558983666061,0.8823540428910605,0.9304907667931196,2.495970314198383,,,,,CHEMBL204_Ki
89709943,mondrian_rfstd,cliffB_oracle,cliff,57,47,0.8245614035087719,0.7063264717030607,0.9018114776029004,2.341116819658879,,,,,CHEMBL204_Ki
89709943,mondrian_rfstd,cliffB_oracle,noncliff,494,454,0.9190283400809717,0.8916152885270612,0.9399747541758889,2.513838025106788,,,,,CHEMBL204_Ki
89709943,mondrian_rfstd,cliffA,all,551,501,0.9092558983666061,0.8823540428910605,0.9304907667931196,2.495970314198383,,,,,CHEMBL204_Ki
89709943,mondrian_rfstd,cliffA,cliff,100,88,0.88,0.8018790057328857,0.9300059356298052,2.3795390501454285,,,,,CHEMBL204_Ki
89709943,mondrian_rfstd,cliffA,noncliff,451,413,0.9157427937915743,0.8864636972762597,0.9379994045972903,2.5217865589994823,,,,,CHEMBL204_Ki
89709943,mondrian_rfstd,__bins__,__summary__,-1,-1,,,,2.495970314198383,0.8703703703703703,0.08333333333333337,0.8636363636363636,0.11818181818181817,CHEMBL204_Ki
86921808,global,cliffB_oracle,all,551,492,0.8929219600725953,0.8643292724653463,0.916073837497514,2.4979113183586468,,,,,CHEMBL204_Ki
86921808,global,cliffB_oracle,cliff,59,48,0.8135593220338984,0.6962104955303725,0.8925727805799468,2.497911318358647,,,,,CHEMBL204_Ki
86921808,global,cliffB_oracle,noncliff,492,444,0.9024390243902439,0.873018719524393,0.9256236548785939,2.4979113183586468,,,,,CHEMBL204_Ki
86921808,global,cliffA,all,551,492,0.8929219600725953,0.8643292724653463,0.916073837497514,2.4979113183586468,,,,,CHEMBL204_Ki
86921808,global,cliffA,cliff,100,83,0.83,0.7445199523239887,0.8910643388594006,2.4979113183586468,,,,,CHEMBL204_Ki
86921808,global,cliffA,noncliff,451,409,0.9068736141906873,0.8765099461775482,0.9303646095226993,2.4979113183586468,,,,,CHEMBL204_Ki
86921808,global,__bins__,__summary__,-1,-1,,,,2.4979113183586468,0.7459016393442623,0.21706132361870056,0.7207207207207207,0.2792792792792793,CHEMBL204_Ki
86921808,mondrian_pair,cliffB_oracle,all,551,496,0.9001814882032668,0.8723152362632182,0.9225064069091177,2.576785023498864,,,,,CHEMBL204_Ki
86921808,mondrian_pair,cliffB_oracle,cliff,59,48,0.8135593220338984,0.6962104955303725,0.8925727805799468,2.531568242435969,,,,,CHEMBL204_Ki
86921808,mondrian_pair,cliffB_oracle,noncliff,492,448,0.9105691056910569,0.8820701478519147,0.9327064159329507,2.5822073610653486,,,,,CHEMBL204_Ki
86921808,mondrian_pair,cliffA,all,551,496,0.9001814882032668,0.8723152362632182,0.9225064069091177,2.576785023498864,,,,,CHEMBL204_Ki
86921808,mondrian_pair,cliffA,cliff,100,83,0.83,0.7445199523239887,0.8910643388594006,2.529480647927525,,,,,CHEMBL204_Ki
86921808,mondrian_pair,cliffA,noncliff,451,413,0.9157427937915743,0.8864636972762597,0.9379994045972903,2.5872737985701137,,,,,CHEMBL204_Ki
86921808,mondrian_pair,__bins__,__summary__,-1,-1,,,,2.576785023498864,0.7622950819672131,0.20066788099574984,0.7477477477477478,0.25225225225225223,CHEMBL204_Ki
86921808,mondrian_wstd,cliffB_oracle,all,551,499,0.9056261343012704,0.8783305734545646,0.9273049696248779,2.660131730920207,,,,,CHEMBL204_Ki
86921808,mondrian_wstd,cliffB_oracle,cliff,59,47,0.7966101694915254,0.6773198772795009,0.879637275797828,2.648347847832074,,,,,CHEMBL204_Ki
86921808,mondrian_wstd,cliffB_oracle,noncliff,492,452,0.9186991869918699,0.8911823508389344,0.9397284023278095,2.661544838851508,,,,,CHEMBL204_Ki
86921808,mondrian_wstd,cliffA,all,551,499,0.9056261343012704,0.8783305734545646,0.9273049696248779,2.660131730920207,,,,,CHEMBL204_Ki
86921808,mondrian_wstd,cliffA,cliff,100,84,0.84,0.7557973061072976,0.8990471151119521,2.742311844126673,,,,,CHEMBL204_Ki
86921808,mondrian_wstd,cliffA,noncliff,451,415,0.9201773835920177,0.891470413162383,0.9417869617978183,2.6419099763289733,,,,,CHEMBL204_Ki
86921808,mondrian_wstd,__bins__,__summary__,-1,-1,,,,2.660131730920207,0.8504672897196262,0.10280373831775702,0.7387387387387387,0.26126126126126126,CHEMBL204_Ki
86921808,mondrian_std,cliffB_oracle,all,551,495,0.8983666061705989,0.8703151660280117,0.9209018438419552,2.6304566433485856,,,,,CHEMBL204_Ki
86921808,mondrian_std,cliffB_oracle,cliff,59,48,0.8135593220338984,0.6962104955303725,0.8925727805799468,2.6642181108478167,,,,,CHEMBL204_Ki
86921808,mondrian_std,cliffB_oracle,noncliff,492,447,0.9085365853658537,0.8798018747211738,0.9309411417182221,2.6264080120834343,,,,,CHEMBL204_Ki
86921808,mondrian_std,cliffA,all,551,495,0.8983666061705989,0.8703151660280117,0.9209018438419552,2.6304566433485856,,,,,CHEMBL204_Ki
86921808,mondrian_std,cliffA,cliff,100,85,0.85,0.7671644040916763,0.9069401471634337,2.724376887910044,,,,,CHEMBL204_Ki
86921808,mondrian_std,cliffA,noncliff,451,410,0.9090909090909091,0.8789913348833485,0.9322803573602247,2.6096317554192154,,,,,CHEMBL204_Ki
86921808,mondrian_std,__bins__,__summary__,-1,-1,,,,2.6304566433485856,0.8130841121495327,0.14018691588785048,0.7387387387387387,0.26126126126126126,CHEMBL204_Ki
86921808,mondrian_iqr,cliffB_oracle,all,551,500,0.9074410163339383,0.8803409385902707,0.9288992377915404,2.649374579573226,,,,,CHEMBL204_Ki
86921808,mondrian_iqr,cliffB_oracle,cliff,59,47,0.7966101694915254,0.6773198772795009,0.879637275797828,2.5320409548451632,,,,,CHEMBL204_Ki
86921808,mondrian_iqr,cliffB_oracle,noncliff,492,453,0.9207317073170732,0.8934708178244772,0.9414734826877365,2.6634450752215098,,,,,CHEMBL204_Ki
86921808,mondrian_iqr,cliffA,all,551,500,0.9074410163339383,0.8803409385902707,0.9288992377915404,2.649374579573226,,,,,CHEMBL204_Ki
86921808,mondrian_iqr,cliffA,cliff,100,83,0.83,0.7445199523239887,0.8910643388594006,2.596576074588,,,,,CHEMBL204_Ki
86921808,mondrian_iqr,cliffA,noncliff,451,417,0.9246119733924612,0.896498984095497,0.9455526639513553,2.6610815651575335,,,,,CHEMBL204_Ki
86921808,mondrian_iqr,__bins__,__summary__,-1,-1,,,,2.649374579573226,0.8442622950819673,0.10018214936247716,0.8018018018018018,0.18001638001637998,CHEMBL204_Ki
86921808,mondrian_nb,cliffB_oracle,all,551,487,0.8838475499092558,0.8543974513770433,0.9079824920739726,2.620697740809986,,,,,CHEMBL204_Ki
86921808,mondrian_nb,cliffB_oracle,cliff,59,47,0.7966101694915254,0.6773198772795009,0.879637275797828,2.437593655781874,,,,,CHEMBL204_Ki
86921808,mondrian_nb,cliffB_oracle,noncliff,492,440,0.8943089430894309,0.864021474887124,0.9184867101339844,2.6426553445023813,,,,,CHEMBL204_Ki
86921808,mondrian_nb,cliffA,all,551,487,0.8838475499092558,0.8543974513770433,0.9079824920739726,2.620697740809986,,,,,CHEMBL204_Ki
86921808,mondrian_nb,cliffA,cliff,100,81,0.81,0.7222115462093562,0.8748524849023126,2.443700069002904,,,,,CHEMBL204_Ki
86921808,mondrian_nb,cliffA,noncliff,451,406,0.9002217294900222,0.8690919646530848,0.9245911814171861,2.659943344314882,,,,,CHEMBL204_Ki
86921808,mondrian_nb,__bins__,__summary__,-1,-1,,,,2.620697740809986,0.7377049180327869,0.23451730418943528,0.7207207207207207,0.2792792792792793,CHEMBL204_Ki
86921808,mondrian_nnsim,cliffB_oracle,all,551,501,0.9092558983666061,0.8823540428910605,0.9304907667931196,2.651095269280388,,,,,CHEMBL204_Ki
86921808,mondrian_nnsim,cliffB_oracle,cliff,59,46,0.7796610169491526,0.6586730063236291,0.8664580237207097,2.256422222340618,,,,,CHEMBL204_Ki
86921808,mondrian_nnsim,cliffB_oracle,noncliff,492,455,0.9247967479674797,0.8980612574654646,0.9449501377376882,2.698423947673572,,,,,CHEMBL204_Ki
86921808,mondrian_nnsim,cliffA,all,551,501,0.9092558983666061,0.8823540428910605,0.9304907667931196,2.651095269280388,,,,,CHEMBL204_Ki
86921808,mondrian_nnsim,cliffA,cliff,100,83,0.83,0.7445199523239887,0.8910643388594006,2.3206976095087377,,,,,CHEMBL204_Ki
86921808,mondrian_nnsim,cliffA,noncliff,451,418,0.926829268292683,0.8990219974417183,0.9474267871484597,2.7243541738860753,,,,,CHEMBL204_Ki
86921808,mondrian_nnsim,__bins__,__summary__,-1,-1,,,,2.651095269280388,0.7950819672131147,0.16788099574984816,0.7657657657657657,0.23423423423423428,CHEMBL204_Ki
86921808,mondrian_pairgap,cliffB_oracle,all,551,492,0.8929219600725953,0.8643292724653463,0.916073837497514,2.650043353233926,,,,,CHEMBL204_Ki
86921808,mondrian_pairgap,cliffB_oracle,cliff,59,47,0.7966101694915254,0.6773198772795009,0.879637275797828,2.480307228051138,,,,,CHEMBL204_Ki
86921808,mondrian_pairgap,cliffB_oracle,noncliff,492,445,0.9044715447154471,0.8752762628375598,0.9273996589108967,2.670397888570886,,,,,CHEMBL204_Ki
86921808,mondrian_pairgap,cliffA,all,551,492,0.8929219600725953,0.8643292724653463,0.916073837497514,2.650043353233926,,,,,CHEMBL204_Ki
86921808,mondrian_pairgap,cliffA,cliff,100,83,0.83,0.7445199523239887,0.8910643388594006,2.5090724872969914,,,,,CHEMBL204_Ki
86921808,mondrian_pairgap,cliffA,noncliff,451,409,0.9068736141906873,0.8765099461775482,0.9303646095226993,2.681300751446107,,,,,CHEMBL204_Ki
86921808,mondrian_pairgap,__bins__,__summary__,-1,-1,,,,2.650043353233926,0.7459016393442623,0.21706132361870056,0.7567567567567568,0.23415233415233416,CHEMBL204_Ki
86921808,mondrian_rfstd,cliffB_oracle,all,551,504,0.9147005444646098,0.8884105352165586,0.9352481743747283,2.546449192997927,,,,,CHEMBL204_Ki
86921808,mondrian_rfstd,cliffB_oracle,cliff,59,45,0.7627118644067796,0.6402510929359725,0.853053814075376,2.377984668186088,,,,,CHEMBL204_Ki
86921808,mondrian_rfstd,cliffB_oracle,noncliff,492,459,0.9329268292682927,0.9073009440422957,0.9518446405427359,2.566651239672517,,,,,CHEMBL204_Ki
86921808,mondrian_rfstd,cliffA,all,551,504,0.9147005444646098,0.8884105352165586,0.9352481743747283,2.546449192997927,,,,,CHEMBL204_Ki
86921808,mondrian_rfstd,cliffA,cliff,100,81,0.81,0.7222115462093562,0.8748524849023126,2.4433829342175577,,,,,CHEMBL204_Ki
86921808,mondrian_rfstd,cliffA,noncliff,451,423,0.9379157427937915,0.9117345522644326,0.9566999150423733,2.569302021995792,,,,,CHEMBL204_Ki
86921808,mondrian_rfstd,__bins__,__summary__,-1,-1,,,,2.546449192997927,0.819672131147541,0.1525500910746812,0.8348623853211009,0.13786488740617187,CHEMBL204_Ki
89165191,global,cliffB_oracle,all,551,514,0.9328493647912885,0.9088125457402875,0.950892496874688,3.0379381758567727,,,,,CHEMBL204_Ki
89165191,global,cliffB_oracle,cliff,60,53,0.8833333333333333,0.7782121197582914,0.9423227935994396,3.0379381758567727,,,,,CHEMBL204_Ki
89165191,global,cliffB_oracle,noncliff,491,461,0.9389002036659878,0.9141167114680893,0.9568693231846235,3.0379381758567727,,,,,CHEMBL204_Ki
89165191,global,cliffA,all,551,514,0.9328493647912885,0.9088125457402875,0.950892496874688,3.0379381758567727,,,,,CHEMBL204_Ki
89165191,global,cliffA,cliff,103,94,0.912621359223301,0.8422225372494128,0.9533487787754893,3.0379381758567727,,,,,CHEMBL204_Ki
89165191,global,cliffA,noncliff,448,420,0.9375,0.9111533535983912,0.9564075847517984,3.037938175856773,,,,,CHEMBL204_Ki
89165191,global,__bins__,__summary__,-1,-1,,,,3.0379381758567727,0.8503937007874016,0.14017233694844744,0.8468468468468469,0.12588042588042592,CHEMBL204_Ki
89165191,mondrian_pair,cliffB_oracle,all,551,516,0.9364791288566243,0.9129392370489566,0.9539750721707565,3.064361153562977,,,,,CHEMBL204_Ki
89165191,mondrian_pair,cliffB_oracle,cliff,60,53,0.8833333333333333,0.7782121197582914,0.9423227935994396,3.1129341654329514,,,,,CHEMBL204_Ki
89165191,mondrian_pair,cliffB_oracle,noncliff,491,463,0.9429735234215886,0.9188157147137012,0.9602537170123545,3.058425551297807,,,,,CHEMBL204_Ki
89165191,mondrian_pair,cliffA,all,551,516,0.9364791288566243,0.9129392370489566,0.9539750721707565,3.064361153562977,,,,,CHEMBL204_Ki
89165191,mondrian_pair,cliffA,cliff,103,94,0.912621359223301,0.8422225372494128,0.9533487787754893,3.1097539533491996,,,,,CHEMBL204_Ki
89165191,mondrian_pair,cliffA,noncliff,448,422,0.9419642857142857,0.916323231108139,0.9600903698782771,3.0539248625406983,,,,,CHEMBL204_Ki
89165191,mondrian_pair,__bins__,__summary__,-1,-1,,,,3.064361153562977,0.8503937007874016,0.14017233694844744,0.8468468468468469,0.13497133497133496,CHEMBL204_Ki
89165191,mondrian_wstd,cliffB_oracle,all,551,515,0.9346642468239564,0.9108737070161943,0.9524359689011501,2.8080941572151117,,,,,CHEMBL204_Ki
89165191,mondrian_wstd,cliffB_oracle,cliff,60,55,0.9166666666666666,0.8193105798166558,0.9638795433982692,2.8639793631196753,,,,,CHEMBL204_Ki
89165191,mondrian_wstd,cliffB_oracle,noncliff,491,460,0.9368635437881874,0.9117768846689825,0.9551674514470586,2.8012650078174053,,,,,CHEMBL204_Ki
89165191,mondrian_wstd,cliffA,all,551,515,0.9346642468239564,0.9108737070161943,0.9524359689011501,2.8080941572151117,,,,,CHEMBL204_Ki
89165191,mondrian_wstd,cliffA,cliff,103,94,0.912621359223301,0.8422225372494128,0.9533487787754893,2.7738790027796476,,,,,CHEMBL204_Ki
89165191,mondrian_wstd,cliffA,noncliff,448,421,0.9397321428571429,0.9137342439202152,0.9582530257480877,2.8159605878107654,,,,,CHEMBL204_Ki
89165191,mondrian_wstd,__bins__,__summary__,-1,-1,,,,2.8080941572151117,0.9212598425196851,0.04064491938507686,0.8558558558558559,0.12596232596232593,CHEMBL204_Ki
89165191,mondrian_std,cliffB_oracle,all,551,513,0.9310344827586207,0.9067555939086093,0.9493448154039973,2.853467759430472,,,,,CHEMBL204_Ki
89165191,mondrian_std,cliffB_oracle,cliff,60,54,0.9,0.7985053527602123,0.9533571655261158,2.9034798495767977,,,,,CHEMBL204_Ki
89165191,mondrian_std,cliffB_oracle,noncliff,491,459,0.9348268839103869,0.9094431319311991,0.9534595056481705,2.8473563023861144,,,,,CHEMBL204_Ki
89165191,mondrian_std,cliffA,all,551,513,0.9310344827586207,0.9067555939086093,0.9493448154039973,2.853467759430472,,,,,CHEMBL204_Ki
89165191,mondrian_std,cliffA,cliff,103,93,0.9029126213592233,0.8304457619814031,0.9464062289605603,2.8282767947456477,,,,,CHEMBL204_Ki
89165191,mondrian_std,cliffA,noncliff,448,420,0.9375,0.9111533535983912,0.9564075847517984,2.8592594321147056,,,,,CHEMBL204_Ki
89165191,mondrian_std,__bins__,__summary__,-1,-1,,,,2.853467759430472,0.9065420560747663,0.055362705829995584,0.8558558558558559,0.12596232596232593,CHEMBL204_Ki
89165191,mondrian_iqr,cliffB_oracle,all,551,511,0.9274047186932849,0.902653730766848,0.9462374119410207,2.946576151016634,,,,,CHEMBL204_Ki
89165191,mondrian_iqr,cliffB_oracle,cliff,60,54,0.9,0.7985053527602123,0.9533571655261158,2.9662984317135987,,,,,CHEMBL204_Ki
89165191,mondrian_iqr,cliffB_oracle,noncliff,491,457,0.9307535641547862,0.9047928450942665,0.9500263954117601,2.9441660963489817,,,,,CHEMBL204_Ki
89165191,mondrian_iqr,cliffA,all,551,511,0.9274047186932849,0.902653730766848,0.9462374119410207,2.946576151016634,,,,,CHEMBL204_Ki
89165191,mondrian_iqr,cliffA,cliff,103,94,0.912621359223301,0.8422225372494128,0.9533487787754893,2.913994671613255,,,,,CHEMBL204_Ki
89165191,mondrian_iqr,cliffA,noncliff,448,417,0.9308035714285714,0.9034555338547064,0.9508264105411436,2.9540669822187513,,,,,CHEMBL204_Ki
89165191,mondrian_iqr,__bins__,__summary__,-1,-1,,,,2.946576151016634,0.8818897637795275,0.07094042489971775,0.8468468468468469,0.11678951678951677,CHEMBL204_Ki
89165191,mondrian_nb,cliffB_oracle,all,551,504,0.9147005444646098,0.8884105352165586,0.9352481743747283,3.090720884242504,,,,,CHEMBL204_Ki
89165191,mondrian_nb,cliffB_oracle,cliff,60,52,0.8666666666666667,0.7583484032350039,0.9308589051941303,3.0530870282334583,,,,,CHEMBL204_Ki
89165191,mondrian_nb,cliffB_oracle,noncliff,491,452,0.9205702647657841,0.8932575920387869,0.9413531557838821,3.0953197261173364,,,,,CHEMBL204_Ki
89165191,mondrian_nb,cliffA,all,551,504,0.9147005444646098,0.8884105352165586,0.9352481743747283,3.090720884242504,,,,,CHEMBL204_Ki
89165191,mondrian_nb,cliffA,cliff,103,93,0.9029126213592233,0.8304457619814031,0.9464062289605603,3.0538757978391966,,,,,CHEMBL204_Ki
89165191,mondrian_nb,cliffA,noncliff,448,411,0.9174107142857143,0.8882346633822834,0.9394892931048874,3.0991919643754073,,,,,CHEMBL204_Ki
89165191,mondrian_nb,__bins__,__summary__,-1,-1,,,,3.090720884242504,0.8188976377952756,0.17166839994057348,0.7837837837837838,0.19803439803439804,CHEMBL204_Ki
89165191,mondrian_nnsim,cliffB_oracle,all,551,517,0.9382940108892922,0.9150093061942863,0.9555096363277957,3.1308720227326345,,,,,CHEMBL204_Ki
89165191,mondrian_nnsim,cliffB_oracle,cliff,60,53,0.8833333333333333,0.7782121197582914,0.9423227935994396,3.061504259201205,,,,,CHEMBL204_Ki
89165191,mondrian_nnsim,cliffB_oracle,noncliff,491,464,0.945010183299389,0.9211755152224478,0.9619356150402795,3.139348735180467,,,,,CHEMBL204_Ki
89165191,mondrian_nnsim,cliffA,all,551,517,0.9382940108892922,0.9150093061942863,0.9555096363277957,3.1308720227326345,,,,,CHEMBL204_Ki
89165191,mondrian_nnsim,cliffA,cliff,103,94,0.912621359223301,0.8422225372494128,0.9533487787754893,3.044149696146996,,,,,CHEMBL204_Ki
89165191,mondrian_nnsim,cliffA,noncliff,448,423,0.9441964285714286,0.9189207397746337,0.9619191925298956,3.150810414782458,,,,,CHEMBL204_Ki
89165191,mondrian_nnsim,__bins__,__summary__,-1,-1,,,,3.1308720227326345,0.8503937007874016,0.14960629921259838,0.8468468468468469,0.13497133497133496,CHEMBL204_Ki
89165191,mondrian_pairgap,cliffB_oracle,all,551,516,0.9364791288566243,0.9129392370489566,0.9539750721707565,3.0730178554676777,,,,,CHEMBL204_Ki
89165191,mondrian_pairgap,cliffB_oracle,cliff,60,53,0.8833333333333333,0.7782121197582914,0.9423227935994396,3.1883078656205104,,,,,CHEMBL204_Ki
89165191,mondrian_pairgap,cliffB_oracle,noncliff,491,463,0.9429735234215886,0.9188157147137012,0.9602537170123545,3.058929463188309,,,,,CHEMBL204_Ki
89165191,mondrian_pairgap,cliffA,all,551,516,0.9364791288566243,0.9129392370489566,0.9539750721707565,3.0730178554676777,,,,,CHEMBL204_Ki
89165191,mondrian_pairgap,cliffA,cliff,103,94,0.912621359223301,0.8422225372494128,0.9533487787754893,3.1819132652302726,,,,,CHEMBL204_Ki
89165191,mondrian_pairgap,cliffA,noncliff,448,422,0.9419642857142857,0.916323231108139,0.9600903698782771,3.047981634026724,,,,,CHEMBL204_Ki
89165191,mondrian_pairgap,__bins__,__summary__,-1,-1,,,,3.0730178554676777,0.84251968503937,0.14804635269647903,0.8378378378378378,0.14398034398034398,CHEMBL204_Ki
89165191,mondrian_rfstd,cliffB_oracle,all,551,510,0.925589836660617,0.9006085477516069,0.9446779616538928,2.7439532764023453,,,,,CHEMBL204_Ki
89165191,mondrian_rfstd,cliffB_oracle,cliff,60,52,0.8666666666666667,0.7583484032350039,0.9308589051941303,2.7035627258237356,,,,,CHEMBL204_Ki
89165191,mondrian_rfstd,cliffB_oracle,noncliff,491,458,0.9327902240325866,0.907115197742851,0.9517457412998472,2.7488889852306886,,,,,CHEMBL204_Ki
89165191,mondrian_rfstd,cliffA,all,551,510,0.925589836660617,0.9006085477516069,0.9446779616538928,2.7439532764023453,,,,,CHEMBL204_Ki
89165191,mondrian_rfstd,cliffA,cliff,103,92,0.8932038834951457,0.8188200043472509,0.9393126615117735,2.5295481197522482,,,,,CHEMBL204_Ki
89165191,mondrian_rfstd,cliffA,noncliff,448,418,0.9330357142857143,0.9060143411109302,0.9526939346030331,2.79324731911431,,,,,CHEMBL204_Ki
89165191,mondrian_rfstd,__bins__,__summary__,-1,-1,,,,2.7439532764023453,0.8818897637795275,0.08980834942801963,0.9090909090909091,0.036363636363636376,CHEMBL204_Ki
71339737,global,cliffB_oracle,all,520,456,0.8769230769230769,0.8458904721174224,0.9024275416619677,2.3515740972722767,,,,,CHEMBL237_Ki
71339737,global,cliffB_oracle,cliff,66,54,0.8181818181818182,0.7085480732292817,0.8928139359439193,2.3515740972722767,,,,,CHEMBL237_Ki
71339737,global,cliffB_oracle,noncliff,454,402,0.8854625550660793,0.8528787734822554,0.911577990441065,2.351574097272277,,,,,CHEMBL237_Ki
71339737,global,cliffA,all,520,456,0.8769230769230769,0.8458904721174224,0.9024275416619677,2.3515740972722767,,,,,CHEMBL237_Ki
71339737,global,cliffA,cliff,111,94,0.8468468468468469,0.7683643307514041,0.9021252362630896,2.3515740972722776,,,,,CHEMBL237_Ki
71339737,global,cliffA,noncliff,409,362,0.8850855745721271,0.8505308659074666,0.9124738984391567,2.3515740972722767,,,,,CHEMBL237_Ki
71339737,global,__bins__,__summary__,-1,-1,,,,2.3515740972722767,0.8188976377952756,0.09946970914349995,0.75,0.22115384615384615,CHEMBL237_Ki
71339737,mondrian_pair,cliffB_oracle,all,520,457,0.8788461538461538,0.8479872040305559,0.904148758798729,2.351012596215775,,,,,CHEMBL237_Ki
71339737,mondrian_pair,cliffB_oracle,cliff,66,54,0.8181818181818182,0.7085480732292817,0.8928139359439193,2.2621994679075894,,,,,CHEMBL237_Ki
71339737,mondrian_pair,cliffB_oracle,noncliff,454,403,0.8876651982378855,0.8553053073251985,0.913519780963398,2.3639237558376696,,,,,CHEMBL237_Ki
71339737,mondrian_pair,cliffA,all,520,457,0.8788461538461538,0.8479872040305559,0.904148758798729,2.351012596215775,,,,,CHEMBL237_Ki
71339737,mondrian_pair,cliffA,cliff,111,94,0.8468468468468469,0.7683643307514041,0.9021252362630896,2.2636830469558693,,,,,CHEMBL237_Ki
71339737,mondrian_pair,cliffA,noncliff,409,363,0.8875305623471883,0.85323551676444,0.9146137222764478,2.374713280733744,,,,,CHEMBL237_Ki
71339737,mondrian_pair,__bins__,__summary__,-1,-1,,,,2.351012596215775,0.8110236220472441,0.11826930724568518,0.7692307692307693,0.20192307692307687,CHEMBL237_Ki
71339737,mondrian_wstd,cliffB_oracle,all,520,452,0.8692307692307693,0.83752497722075,0.8955212403590607,2.286470995158259,,,,,CHEMBL237_Ki
71339737,mondrian_wstd,cliffB_oracle,cliff,66,55,0.8333333333333334,0.7256941288004796,0.9043041665238262,2.3271029038069115,,,,,CHEMBL237_Ki
71339737,mondrian_wstd,cliffB_oracle,noncliff,454,397,0.8744493392070485,0.8407947873861891,0.9018203547107507,2.2805641538128603,,,,,CHEMBL237_Ki
71339737,mondrian_wstd,cliffA,all,520,452,0.8692307692307693,0.83752497722075,0.8955212403590607,2.286470995158259,,,,,CHEMBL237_Ki
71339737,mondrian_wstd,cliffA,cliff,111,96,0.8648648648648649,0.7889545906393329,0.9163656032330565,2.2999832280668793,,,,,CHEMBL237_Ki
71339737,mondrian_wstd,cliffA,noncliff,409,356,0.8704156479217604,0.834389776401793,0.8995481397792447,2.282803861043694,,,,,CHEMBL237_Ki
71339737,mondrian_wstd,__bins__,__summary__,-1,-1,,,,2.286470995158259,0.8383838383838383,0.05957534528963104,0.7980769230769231,0.17307692307692302,CHEMBL237_Ki
71339737,mondrian_std,cliffB_oracle,all,520,453,0.8711538461538462,0.8396132179004122,0.8972509487292933,2.3091725214189402,,,,,CHEMBL237_Ki
71339737,mondrian_std,cliffB_oracle,cliff,66,55,0.8333333333333334,0.7256941288004796,0.9043041665238262,2.3809186153154145,,,,,CHEMBL237_Ki
71339737,mondrian_std,cliffB_oracle,noncliff,454,398,0.8766519823788547,0.8432053445565507,0.9037781219056652,2.298742472526501,,,,,CHEMBL237_Ki
71339737,mondrian_std,cliffA,all,520,453,0.8711538461538462,0.8396132179004122,0.8972509487292933,2.3091725214189402,,,,,CHEMBL237_Ki
71339737,mondrian_std,cliffA,cliff,111,96,0.8648648648648649,0.7889545906393329,0.9163656032330565,2.342866544117632,,,,,CHEMBL237_Ki
71339737,mondrian_std,cliffA,noncliff,409,357,0.8728606356968215,0.8370701408307173,0.9017122500445847,2.3000281778503457,,,,,CHEMBL237_Ki
71339737,mondrian_std,__bins__,__summary__,-1,-1,,,,2.3091725214189402,0.8383838383838383,0.05957534528963104,0.7980769230769231,0.17307692307692302,CHEMBL237_Ki
71339737,mondrian_iqr,cliffB_oracle,all,520,461,0.8865384615384615,0.8563968907127906,0.9110108683160736,2.32436793018358,,,,,CHEMBL237_Ki
71339737,mondrian_iqr,cliffB_oracle,cliff,66,57,0.8636363636363636,0.7607040702832047,0.9265667973433106,2.390513083395532,,,,,CHEMBL237_Ki
71339737,mondrian_iqr,cliffB_oracle,noncliff,454,404,0.8898678414096917,0.857735274941146,0.9154581377127267,2.3147521149589347,,,,,CHEMBL237_Ki
71339737,mondrian_iqr,cliffA,all,520,461,0.8865384615384615,0.8563968907127906,0.9110108683160736,2.32436793018358,,,,,CHEMBL237_Ki
71339737,mondrian_iqr,cliffA,cliff,111,96,0.8648648648648649,0.7889545906393329,0.9163656032330565,2.384239800926052,,,,,CHEMBL237_Ki
71339737,mondrian_iqr,cliffA,noncliff,409,365,0.8924205378973105,0.858658252269031,0.9188799361603851,2.308119085067652,,,,,CHEMBL237_Ki
71339737,mondrian_iqr,__bins__,__summary__,-1,-1,,,,2.32436793018358,0.8673469387755102,0.04081632653061229,0.8365384615384616,0.11538461538461531,CHEMBL237_Ki
71339737,mondrian_nb,cliffB_oracle,all,520,461,0.8865384615384615,0.8563968907127906,0.9110108683160736,2.383409587438453,,,,,CHEMBL237_Ki
71339737,mondrian_nb,cliffB_oracle,cliff,66,54,0.8181818181818182,0.7085480732292817,0.8928139359439193,2.2660520145805023,,,,,CHEMBL237_Ki
71339737,mondrian_nb,cliffB_oracle,noncliff,454,407,0.8964757709251101,0.8650466877358846,0.9212516980138165,2.4004703799684632,,,,,CHEMBL237_Ki
71339737,mondrian_nb,cliffA,all,520,461,0.8865384615384615,0.8563968907127906,0.9110108683160736,2.383409587438453,,,,,CHEMBL237_Ki
71339737,mondrian_nb,cliffA,cliff,111,93,0.8378378378378378,0.7581819919602146,0.8948922616253312,2.293338255312308,,,,,CHEMBL237_Ki
71339737,mondrian_nb,cliffA,noncliff,409,368,0.8997555012224939,0.8668279501092027,0.9252436624030065,2.407854374396893,,,,,CHEMBL237_Ki
71339737,mondrian_nb,__bins__,__summary__,-1,-1,,,,2.383409587438453,0.8031496062992126,0.1463453431957369,0.7884615384615384,0.1826923076923077,CHEMBL237_Ki
71339737,mondrian_nnsim,cliffB_oracle,all,520,460,0.8846153846153846,0.854290959708131,0.9092988502708383,2.361259836365842,,,,,CHEMBL237_Ki
71339737,mondrian_nnsim,cliffB_oracle,cliff,66,52,0.7878787878787878,0.6748692879502294,0.8692201489207618,2.1893967980602524,,,,,CHEMBL237_Ki
71339737,mondrian_nnsim,cliffB_oracle,noncliff,454,408,0.8986784140969163,0.8674913210502895,0.9231753890646877,2.3862443309212797,,,,,CHEMBL237_Ki
71339737,mondrian_nnsim,cliffA,all,520,460,0.8846153846153846,0.854290959708131,0.9092988502708383,2.361259836365842,,,,,CHEMBL237_Ki
71339737,mondrian_nnsim,cliffA,cliff,111,93,0.8378378378378378,0.7581819919602146,0.8948922616253312,2.2395569775513517,,,,,CHEMBL237_Ki
71339737,mondrian_nnsim,cliffA,noncliff,409,367,0.8973105134474327,0.864099780234914,0.9231273575830308,2.3942892185868896,,,,,CHEMBL237_Ki
71339737,mondrian_nnsim,__bins__,__summary__,-1,-1,,,,2.361259836365842,0.8110236220472441,0.12775188815683758,0.7692307692307693,0.21153846153846145,CHEMBL237_Ki
71339737,mondrian_pairgap,cliffB_oracle,all,520,452,0.8692307692307693,0.83752497722075,0.8955212403590607,2.3335180267261606,,,,,CHEMBL237_Ki
71339737,mondrian_pairgap,cliffB_oracle,cliff,66,54,0.8181818181818182,0.7085480732292817,0.8928139359439193,2.2206674043459573,,,,,CHEMBL237_Ki
71339737,mondrian_pairgap,cliffB_oracle,noncliff,454,398,0.8766519823788547,0.8432053445565507,0.9037781219056652,2.3499236238122703,,,,,CHEMBL237_Ki
71339737,mondrian_pairgap,cliffA,all,520,452,0.8692307692307693,0.83752497722075,0.8955212403590607,2.3335180267261606,,,,,CHEMBL237_Ki
71339737,mondrian_pairgap,cliffA,cliff,111,92,0.8288288288288288,0.7480684077980693,0.8875905323585285,2.281844701786014,,,,,CHEMBL237_Ki
71339737,mondrian_pairgap,cliffA,noncliff,409,360,0.8801955990220048,0.8451343962237603,0.9081814187343344,2.3475418386292324,,,,,CHEMBL237_Ki
71339737,mondrian_pairgap,__bins__,__summary__,-1,-1,,,,2.3335180267261606,0.8031496062992126,0.10594130279169645,0.7596153846153846,0.20192307692307698,CHEMBL237_Ki
71339737,mondrian_rfstd,cliffB_oracle,all,520,455,0.875,0.8437959251812458,0.9007041395482495,2.347212757985399,,,,,CHEMBL237_Ki
71339737,mondrian_rfstd,cliffB_oracle,cliff,66,50,0.7575757575757576,0.6419087139865022,0.8449081505822794,2.233363152021807,,,,,CHEMBL237_Ki
71339737,mondrian_rfstd,cliffB_oracle,noncliff,454,405,0.8920704845814978,0.8601687648281787,0.91739297219097,2.363763581759842,,,,,CHEMBL237_Ki
71339737,mondrian_rfstd,cliffA,all,520,455,0.875,0.8437959251812458,0.9007041395482495,2.347212757985399,,,,,CHEMBL237_Ki
71339737,mondrian_rfstd,cliffA,cliff,111,87,0.7837837837837838,0.6984044920003547,0.8501778810115037,2.2008214796120167,,,,,CHEMBL237_Ki
71339737,mondrian_rfstd,cliffA,noncliff,409,368,0.8997555012224939,0.8668279501092027,0.9252436624030065,2.3869424203312315,,,,,CHEMBL237_Ki
71339737,mondrian_rfstd,__bins__,__summary__,-1,-1,,,,2.347212757985399,0.8367346938775511,0.0714285714285714,0.7403846153846154,0.1826923076923077,CHEMBL237_Ki
99182118,global,cliffB_oracle,all,520,469,0.9019230769230769,0.8733364407829969,0.9246149106450263,2.5384485539647157,,,,,CHEMBL237_Ki
99182118,global,cliffB_oracle,cliff,44,37,0.8409090909090909,0.7063379493775939,0.9207332298779876,2.538448553964716,,,,,CHEMBL237_Ki
99182118,global,cliffB_oracle,noncliff,476,432,0.907563025210084,0.8781800622449103,0.930420347051917,2.5384485539647157,,,,,CHEMBL237_Ki
99182118,global,cliffA,all,520,469,0.9019230769230769,0.8733364407829969,0.9246149106450263,2.5384485539647157,,,,,CHEMBL237_Ki
99182118,global,cliffA,cliff,111,100,0.9009009009009009,0.8312216653336616,0.9437597822545195,2.538448553964716,,,,,CHEMBL237_Ki
99182118,global,cliffA,noncliff,409,369,0.902200488997555,0.8695612654847878,0.9273548217216855,2.5384485539647166,,,,,CHEMBL237_Ki
99182118,global,__bins__,__summary__,-1,-1,,,,2.5384485539647157,0.847457627118644,0.11293841248531633,0.7692307692307693,0.22115384615384615,CHEMBL237_Ki
99182118,mondrian_pair,cliffB_oracle,all,520,461,0.8865384615384615,0.8563968907127906,0.9110108683160736,2.427823192475357,,,,,CHEMBL237_Ki
99182118,mondrian_pair,cliffB_oracle,cliff,44,34,0.7727272727272727,0.6300764193536367,0.8715805240508284,2.301329676593187,,,,,CHEMBL237_Ki
99182118,mondrian_pair,cliffB_oracle,noncliff,476,427,0.8970588235294118,0.8665052270502462,0.9212549655121269,2.439515870414045,,,,,CHEMBL237_Ki
99182118,mondrian_pair,cliffA,all,520,461,0.8865384615384615,0.8563968907127906,0.9110108683160736,2.427823192475357,,,,,CHEMBL237_Ki
99182118,mondrian_pair,cliffA,cliff,111,97,0.8738738738738738,0.7993740636378681,0.9233614436634692,2.2776097415621392,,,,,CHEMBL237_Ki
99182118,mondrian_pair,cliffA,noncliff,409,364,0.8899755501222494,0.8559446032955256,0.9167491104396264,2.468590168151071,,,,,CHEMBL237_Ki
99182118,mondrian_pair,__bins__,__summary__,-1,-1,,,,2.427823192475357,0.8050847457627118,0.15491525423728814,0.75,0.23076923076923073,CHEMBL237_Ki
99182118,mondrian_wstd,cliffB_oracle,all,520,459,0.8826923076923077,0.8521874010373478,0.9075844598917266,2.4086705773298607,,,,,CHEMBL237_Ki
99182118,mondrian_wstd,cliffB_oracle,cliff,44,38,0.8636363636363636,0.7329054695148456,0.9359704550244412,2.4614327777332234,,,,,CHEMBL237_Ki
99182118,mondrian_wstd,cliffB_oracle,noncliff,476,421,0.884453781512605,0.8526076488289913,0.9101442836520366,2.403793399141314,,,,,CHEMBL237_Ki
99182118,mondrian_wstd,cliffA,all,520,459,0.8826923076923077,0.8521874010373478,0.9075844598917266,2.4086705773298607,,,,,CHEMBL237_Ki
99182118,mondrian_wstd,cliffA,cliff,111,99,0.8918918918918919,0.8204982036488334,0.9370679305103996,2.411160701181886,,,,,CHEMBL237_Ki
99182118,mondrian_wstd,cliffA,noncliff,409,360,0.8801955990220048,0.8451343962237603,0.9081814187343344,2.407994773546059,,,,,CHEMBL237_Ki
99182118,mondrian_wstd,__bins__,__summary__,-1,-1,,,,2.4086705773298607,0.83,0.08089108910891096,0.7692307692307693,0.20192307692307687,CHEMBL237_Ki
99182118,mondrian_std,cliffB_oracle,all,520,464,0.8923076923076924,0.8627294458558383,0.9161321603227106,2.460285465718176,,,,,CHEMBL237_Ki
99182118,mondrian_std,cliffB_oracle,cliff,44,39,0.8863636363636364,0.7602084758339172,0.950472193989075,2.430680439062142,,,,,CHEMBL237_Ki
99182118,mondrian_std,cliffB_oracle,noncliff,476,425,0.8928571428571429,0.8618599181956815,0.91756418767291,2.4630220648208345,,,,,CHEMBL237_Ki
99182118,mondrian_std,cliffA,all,520,464,0.8923076923076924,0.8627294458558383,0.9161321603227106,2.460285465718176,,,,,CHEMBL237_Ki
99182118,mondrian_std,cliffA,cliff,111,102,0.918918918918919,0.8530540770306423,0.9567579974154345,2.398961922110463,,,,,CHEMBL237_Ki
99182118,mondrian_std,cliffA,noncliff,409,362,0.8850855745721271,0.8505308659074666,0.9124738984391567,2.476928285621492,,,,,CHEMBL237_Ki
99182118,mondrian_std,__bins__,__summary__,-1,-1,,,,2.460285465718176,0.83,0.12,0.7692307692307693,0.22115384615384615,CHEMBL237_Ki
99182118,mondrian_iqr,cliffB_oracle,all,520,469,0.9019230769230769,0.8733364407829969,0.9246149106450263,2.5248540405462134,,,,,CHEMBL237_Ki
99182118,mondrian_iqr,cliffB_oracle,cliff,44,38,0.8636363636363636,0.7329054695148456,0.9359704550244412,2.5777066096054035,,,,,CHEMBL237_Ki
99182118,mondrian_iqr,cliffB_oracle,noncliff,476,431,0.9054621848739496,0.8758376620487317,0.9285947039012049,2.519968508952507,,,,,CHEMBL237_Ki
99182118,mondrian_iqr,cliffA,all,520,469,0.9019230769230769,0.8733364407829969,0.9246149106450263,2.5248540405462134,,,,,CHEMBL237_Ki
99182118,mondrian_iqr,cliffA,cliff,111,100,0.9009009009009009,0.8312216653336616,0.9437597822545195,2.601824014348705,,,,,CHEMBL237_Ki
99182118,mondrian_iqr,cliffA,noncliff,409,369,0.902200488997555,0.8695612654847878,0.9273548217216855,2.5039648789518933,,,,,CHEMBL237_Ki
99182118,mondrian_iqr,__bins__,__summary__,-1,-1,,,,2.5248540405462134,0.86,0.08059405940594055,0.7884615384615384,0.1826923076923077,CHEMBL237_Ki
99182118,mondrian_nb,cliffB_oracle,all,520,468,0.9,0.8712094686539531,0.9229239337241752,2.455956086402574,,,,,CHEMBL237_Ki
99182118,mondrian_nb,cliffB_oracle,cliff,44,37,0.8409090909090909,0.7063379493775939,0.9207332298779876,2.336707661424481,,,,,CHEMBL237_Ki
99182118,mondrian_nb,cliffB_oracle,noncliff,476,431,0.9054621848739496,0.8758376620487317,0.9285947039012049,2.466979050056011,,,,,CHEMBL237_Ki
99182118,mondrian_nb,cliffA,all,520,468,0.9,0.8712094686539531,0.9229239337241752,2.455956086402574,,,,,CHEMBL237_Ki
99182118,mondrian_nb,cliffA,cliff,111,100,0.9009009009009009,0.8312216653336616,0.9437597822545195,2.326156046393418,,,,,CHEMBL237_Ki
99182118,mondrian_nb,cliffA,noncliff,409,368,0.8997555012224939,0.8668279501092027,0.9252436624030065,2.4911829921263307,,,,,CHEMBL237_Ki
99182118,mondrian_nb,__bins__,__summary__,-1,-1,,,,2.455956086402574,0.82,0.1403960396039604,0.7884615384615384,0.1923076923076923,CHEMBL237_Ki
99182118,mondrian_nnsim,cliffB_oracle,all,520,467,0.8980769230769231,0.8690853516540739,0.9212301016741596,2.489427888639901,,,,,CHEMBL237_Ki
99182118,mondrian_nnsim,cliffB_oracle,cliff,44,36,0.8181818181818182,0.6803944911281533,0.9048719428437227,2.3720947317232244,,,,,CHEMBL237_Ki
99182118,mondrian_nnsim,cliffB_oracle,noncliff,476,431,0.9054621848739496,0.8758376620487317,0.9285947039012049,2.500273810707829,,,,,CHEMBL237_Ki
99182118,mondrian_nnsim,cliffA,all,520,467,0.8980769230769231,0.8690853516540739,0.9212301016741596,2.489427888639901,,,,,CHEMBL237_Ki
99182118,mondrian_nnsim,cliffA,cliff,111,99,0.8918918918918919,0.8204982036488334,0.9370679305103996,2.408082441213662,,,,,CHEMBL237_Ki
99182118,mondrian_nnsim,cliffA,noncliff,409,368,0.8997555012224939,0.8668279501092027,0.9252436624030065,2.5115045259609583,,,,,CHEMBL237_Ki
99182118,mondrian_nnsim,__bins__,__summary__,-1,-1,,,,2.489427888639901,0.83,0.14,0.7596153846153846,0.22115384615384615,CHEMBL237_Ki
99182118,mondrian_pairgap,cliffB_oracle,all,520,468,0.9,0.8712094686539531,0.9229239337241752,2.535780012440642,,,,,CHEMBL237_Ki
99182118,mondrian_pairgap,cliffB_oracle,cliff,44,37,0.8409090909090909,0.7063379493775939,0.9207332298779876,2.5139271298095722,,,,,CHEMBL237_Ki
99182118,mondrian_pairgap,cliffB_oracle,noncliff,476,431,0.9054621848739496,0.8758376620487317,0.9285947039012049,2.5378000268014977,,,,,CHEMBL237_Ki
99182118,mondrian_pairgap,cliffA,all,520,468,0.9,0.8712094686539531,0.9229239337241752,2.535780012440642,,,,,CHEMBL237_Ki
99182118,mondrian_pairgap,cliffA,cliff,111,100,0.9009009009009009,0.8312216653336616,0.9437597822545195,2.464167818518604,,,,,CHEMBL237_Ki
99182118,mondrian_pairgap,cliffA,noncliff,409,368,0.8997555012224939,0.8668279501092027,0.9252436624030065,2.5552151066346434,,,,,CHEMBL237_Ki
99182118,mondrian_pairgap,__bins__,__summary__,-1,-1,,,,2.535780012440642,0.8389830508474576,0.12101694915254235,0.7692307692307693,0.22115384615384615,CHEMBL237_Ki
99182118,mondrian_rfstd,cliffB_oracle,all,520,455,0.875,0.8437959251812458,0.9007041395482495,2.3060440374905333,,,,,CHEMBL237_Ki
99182118,mondrian_rfstd,cliffB_oracle,cliff,44,35,0.7954545454545454,0.6549942193889834,0.8884674692991871,2.2647429327714548,,,,,CHEMBL237_Ki
99182118,mondrian_rfstd,cliffB_oracle,noncliff,476,420,0.8823529411764706,0.850302127325486,0.908281761808651,2.3098617866662465,,,,,CHEMBL237_Ki
99182118,mondrian_rfstd,cliffA,all,520,455,0.875,0.8437959251812458,0.9007041395482495,2.3060440374905333,,,,,CHEMBL237_Ki
99182118,mondrian_rfstd,cliffA,cliff,111,95,0.8558558558558559,0.7786200797943343,0.9092848006491072,2.101123945358557,,,,,CHEMBL237_Ki
99182118,mondrian_rfstd,cliffA,noncliff,409,360,0.8801955990220048,0.8451343962237603,0.9081814187343344,2.361658047824639,,,,,CHEMBL237_Ki
99182118,mondrian_rfstd,__bins__,__summary__,-1,-1,,,,2.3060440374905333,0.8,0.1399999999999999,0.7980769230769231,0.15384615384615374,CHEMBL237_Ki
89709943,global,cliffB_oracle,all,520,457,0.8788461538461538,0.8479872040305559,0.904148758798729,2.313700148377406,,,,,CHEMBL237_Ki
89709943,global,cliffB_oracle,cliff,52,43,0.8269230769230769,0.702691358755192,0.9061752560868979,2.3137001483774053,,,,,CHEMBL237_Ki
89709943,global,cliffB_oracle,noncliff,468,414,0.8846153846153846,0.8524873817427789,0.9104807578093765,2.3137001483774062,,,,,CHEMBL237_Ki
89709943,global,cliffA,all,520,457,0.8788461538461538,0.8479872040305559,0.904148758798729,2.313700148377406,,,,,CHEMBL237_Ki
89709943,global,cliffA,cliff,128,114,0.890625,0.8247655486183226,0.9337212042929989,2.3137001483774053,,,,,CHEMBL237_Ki
89709943,global,cliffA,noncliff,392,343,0.875,0.8385785202467031,0.9041430756060809,2.313700148377406,,,,,CHEMBL237_Ki
89709943,global,__bins__,__summary__,-1,-1,,,,2.313700148377406,0.7734375,0.20615433673469385,0.7307692307692307,0.22115384615384615,CHEMBL237_Ki
89709943,mondrian_pair,cliffB_oracle,all,520,460,0.8846153846153846,0.854290959708131,0.9092988502708383,2.340217338888532,,,,,CHEMBL237_Ki
89709943,mondrian_pair,cliffB_oracle,cliff,52,43,0.8269230769230769,0.702691358755192,0.9061752560868979,2.3759550400463194,,,,,CHEMBL237_Ki
89709943,mondrian_pair,cliffB_oracle,noncliff,468,417,0.8910256410256411,0.8595462390676151,0.9161380361437431,2.3362464832043335,,,,,CHEMBL237_Ki
89709943,mondrian_pair,cliffA,all,520,460,0.8846153846153846,0.854290959708131,0.9092988502708383,2.340217338888532,,,,,CHEMBL237_Ki
89709943,mondrian_pair,cliffA,cliff,128,114,0.890625,0.8247655486183226,0.9337212042929989,2.3721703182223175,,,,,CHEMBL237_Ki
89709943,mondrian_pair,cliffA,noncliff,392,346,0.8826530612244898,0.8470185410586223,0.9108606383829941,2.329783712983622,,,,,CHEMBL237_Ki
89709943,mondrian_pair,__bins__,__summary__,-1,-1,,,,2.340217338888532,0.7734375,0.20615433673469385,0.7403846153846154,0.22115384615384615,CHEMBL237_Ki
89709943,mondrian_wstd,cliffB_oracle,all,520,454,0.8730769230769231,0.8417035207457746,0.8989785949338258,2.314315704442744,,,,,CHEMBL237_Ki
89709943,mondrian_wstd,cliffB_oracle,cliff,52,42,0.8076923076923077,0.6810113918634199,0.8920395397526649,2.3461536639431846,,,,,CHEMBL237_Ki
89709943,mondrian_wstd,cliffB_oracle,noncliff,468,412,0.8803418803418803,0.8477969975812565,0.9066937181980972,2.31077815338714,,,,,CHEMBL237_Ki
89709943,mondrian_wstd,cliffA,all,520,454,0.8730769230769231,0.8417035207457746,0.8989785949338258,2.314315704442744,,,,,CHEMBL237_Ki
89709943,mondrian_wstd,cliffA,cliff,128,113,0.8828125,0.8156338413466524,0.9276831765064426,2.3371885365666065,,,,,CHEMBL237_Ki
89709943,mondrian_wstd,cliffA,noncliff,392,341,0.8698979591836735,0.8329735748639525,0.8996429652629433,2.3068470245655646,,,,,CHEMBL237_Ki
89709943,mondrian_wstd,__bins__,__summary__,-1,-1,,,,2.314315704442744,0.796875,0.18271683673469385,0.7307692307692307,0.22115384615384615,CHEMBL237_Ki
89709943,mondrian_std,cliffB_oracle,all,520,457,0.8788461538461538,0.8479872040305559,0.904148758798729,2.357827851354871,,,,,CHEMBL237_Ki
89709943,mondrian_std,cliffB_oracle,cliff,52,43,0.8269230769230769,0.702691358755192,0.9061752560868979,2.4457747787502977,,,,,CHEMBL237_Ki
89709943,mondrian_std,cliffB_oracle,noncliff,468,414,0.8846153846153846,0.8524873817427789,0.9104807578093765,2.3480559705331565,,,,,CHEMBL237_Ki
89709943,mondrian_std,cliffA,all,520,457,0.8788461538461538,0.8479872040305559,0.904148758798729,2.357827851354871,,,,,CHEMBL237_Ki
89709943,mondrian_std,cliffA,cliff,128,114,0.890625,0.8247655486183226,0.9337212042929989,2.4021248485640547,,,,,CHEMBL237_Ki
89709943,mondrian_std,cliffA,noncliff,392,343,0.875,0.8385785202467031,0.9041430756060809,2.3433635257355454,,,,,CHEMBL237_Ki
89709943,mondrian_std,__bins__,__summary__,-1,-1,,,,2.357827851354871,0.7890625,0.19052933673469385,0.7307692307692307,0.22115384615384615,CHEMBL237_Ki
89709943,mondrian_iqr,cliffB_oracle,all,520,458,0.8807692307692307,0.8500861650476034,0.9058677468315764,2.398085399030068,,,,,CHEMBL237_Ki
89709943,mondrian_iqr,cliffB_oracle,cliff,52,43,0.8269230769230769,0.702691358755192,0.9061752560868979,2.4860406059156386,,,,,CHEMBL237_Ki
89709943,mondrian_iqr,cliffB_oracle,noncliff,468,415,0.8867521367521367,0.8548371554232382,0.9123696960153179,2.3883125982650046,,,,,CHEMBL237_Ki
89709943,mondrian_iqr,cliffA,all,520,458,0.8807692307692307,0.8500861650476034,0.9058677468315764,2.398085399030068,,,,,CHEMBL237_Ki
89709943,mondrian_iqr,cliffA,cliff,128,114,0.890625,0.8247655486183226,0.9337212042929989,2.49166137652141,,,,,CHEMBL237_Ki
89709943,mondrian_iqr,cliffA,noncliff,392,344,0.8775510204081632,0.8413874000350342,0.9063867236806938,2.3675299778084056,,,,,CHEMBL237_Ki
89709943,mondrian_iqr,__bins__,__summary__,-1,-1,,,,2.398085399030068,0.78125,0.1779336734693877,0.7403846153846154,0.21153846153846145,CHEMBL237_Ki
89709943,mondrian_nb,cliffB_oracle,all,520,463,0.8903846153846153,0.8606160787430172,0.9144275783856367,2.392224191876406,,,,,CHEMBL237_Ki
89709943,mondrian_nb,cliffB_oracle,cliff,52,44,0.8461538461538461,0.7247591482358985,0.9199231498321968,2.3425520043403467,,,,,CHEMBL237_Ki
89709943,mondrian_nb,cliffB_oracle,noncliff,468,419,0.8952991452991453,0.8642685771721406,0.9198931218120192,2.397743323824857,,,,,CHEMBL237_Ki
89709943,mondrian_nb,cliffA,all,520,463,0.8903846153846153,0.8606160787430172,0.9144275783856367,2.392224191876406,,,,,CHEMBL237_Ki
89709943,mondrian_nb,cliffA,cliff,128,114,0.890625,0.8247655486183226,0.9337212042929989,2.3399473249494807,,,,,CHEMBL237_Ki
89709943,mondrian_nb,cliffA,noncliff,392,349,0.8903061224489796,0.8555005927412864,0.9175361702891622,2.4092941892403,,,,,CHEMBL237_Ki
89709943,mondrian_nb,__bins__,__summary__,-1,-1,,,,2.392224191876406,0.8046875,0.17490433673469385,0.7788461538461539,0.17307692307692302,CHEMBL237_Ki
89709943,mondrian_nnsim,cliffB_oracle,all,520,459,0.8826923076923077,0.8521874010373478,0.9075844598917266,2.340821760143234,,,,,CHEMBL237_Ki
89709943,mondrian_nnsim,cliffB_oracle,cliff,52,40,0.7692307692307693,0.6386621744190016,0.8627573907450726,2.247114363513357,,,,,CHEMBL237_Ki
89709943,mondrian_nnsim,cliffB_oracle,noncliff,468,419,0.8952991452991453,0.8642685771721406,0.9198931218120192,2.3512336931021096,,,,,CHEMBL237_Ki
89709943,mondrian_nnsim,cliffA,all,520,459,0.8826923076923077,0.8521874010373478,0.9075844598917266,2.340821760143234,,,,,CHEMBL237_Ki
89709943,mondrian_nnsim,cliffA,cliff,128,111,0.8671875,0.7975798330550461,0.9153977146815961,2.2595085173728995,,,,,CHEMBL237_Ki
89709943,mondrian_nnsim,cliffA,noncliff,392,348,0.8877551020408163,0.8526683511174427,0.9153158840500619,2.3673730230886494,,,,,CHEMBL237_Ki
89709943,mondrian_nnsim,__bins__,__summary__,-1,-1,,,,2.340821760143234,0.765625,0.21396683673469385,0.7307692307692307,0.24038461538461542,CHEMBL237_Ki
89709943,mondrian_pairgap,cliffB_oracle,all,520,461,0.8865384615384615,0.8563968907127906,0.9110108683160736,2.362020062631303,,,,,CHEMBL237_Ki
89709943,mondrian_pairgap,cliffB_oracle,cliff,52,43,0.8269230769230769,0.702691358755192,0.9061752560868979,2.3546542231941356,,,,,CHEMBL237_Ki
89709943,mondrian_pairgap,cliffB_oracle,noncliff,468,418,0.8931623931623932,0.8619057089124872,0.9180172781852719,2.3628384892354326,,,,,CHEMBL237_Ki
89709943,mondrian_pairgap,cliffA,all,520,461,0.8865384615384615,0.8563968907127906,0.9110108683160736,2.362020062631303,,,,,CHEMBL237_Ki
89709943,mondrian_pairgap,cliffA,cliff,128,114,0.890625,0.8247655486183226,0.9337212042929989,2.3493189806624235,,,,,CHEMBL237_Ki
89709943,mondrian_pairgap,cliffA,noncliff,392,347,0.8852040816326531,0.8498410471222965,0.913090660182264,2.366167354702774,,,,,CHEMBL237_Ki
89709943,mondrian_pairgap,__bins__,__summary__,-1,-1,,,,2.362020062631303,0.7734375,0.20615433673469385,0.7403846153846154,0.23076923076923073,CHEMBL237_Ki
89709943,mondrian_rfstd,cliffB_oracle,all,520,472,0.9076923076923077,0.8797352407012617,0.9296699578764458,2.4752800550510123,,,,,CHEMBL237_Ki
89709943,mondrian_rfstd,cliffB_oracle,cliff,52,44,0.8461538461538461,0.7247591482358985,0.9199231498321968,2.449106409079444,,,,,CHEMBL237_Ki
89709943,mondrian_rfstd,cliffB_oracle,noncliff,468,428,0.9145299145299145,0.8857038591669468,0.9366062467948206,2.4781882379367413,,,,,CHEMBL237_Ki
89709943,mondrian_rfstd,cliffA,all,520,472,0.9076923076923077,0.8797352407012617,0.9296699578764458,2.4752800550510123,,,,,CHEMBL237_Ki
89709943,mondrian_rfstd,cliffA,cliff,128,116,0.90625,0.8432700274269215,0.945556195600853,2.394544528895204,,,,,CHEMBL237_Ki
89709943,mondrian_rfstd,cliffA,noncliff,392,356,0.9081632653061225,0.8754781097997,0.9329263482713575,2.5016426758365817,,,,,CHEMBL237_Ki
89709943,mondrian_rfstd,__bins__,__summary__,-1,-1,,,,2.4752800550510123,0.8671875,0.10220025510204078,0.8846153846153846,0.06730769230769229,CHEMBL237_Ki
86921808,global,cliffB_oracle,all,520,476,0.9153846153846154,0.8883118446981964,0.9363651500790906,2.4727112650253504,,,,,CHEMBL237_Ki
86921808,global,cliffB_oracle,cliff,50,46,0.92,0.8116175308165717,0.968450485911407,2.4727112650253495,,,,,CHEMBL237_Ki
86921808,global,cliffB_oracle,noncliff,470,430,0.9148936170212766,0.8861813725922769,0.936878730613212,2.47271126502535,,,,,CHEMBL237_Ki
86921808,global,cliffA,all,520,476,0.9153846153846154,0.8883118446981964,0.9363651500790906,2.4727112650253504,,,,,CHEMBL237_Ki
86921808,global,cliffA,cliff,103,95,0.9223300970873787,0.8541709980201915,0.9601196430876495,2.4727112650253487,,,,,CHEMBL237_Ki
86921808,global,cliffA,noncliff,417,381,0.9136690647482014,0.8827958623617774,0.9369902893324463,2.4727112650253495,,,,,CHEMBL237_Ki
86921808,global,__bins__,__summary__,-1,-1,,,,2.4727112650253504,0.84,0.10949494949494953,0.8173076923076923,0.16346153846153844,CHEMBL237_Ki
86921808,mondrian_pair,cliffB_oracle,all,520,476,0.9153846153846154,0.8883118446981964,0.9363651500790906,2.467533427058839,,,,,CHEMBL237_Ki
86921808,mondrian_pair,cliffB_oracle,cliff,50,46,0.92,0.8116175308165717,0.968450485911407,2.4470231143225023,,,,,CHEMBL237_Ki
86921808,mondrian_pair,cliffB_oracle,noncliff,470,430,0.9148936170212766,0.8861813725922769,0.936878730613212,2.4697153752222785,,,,,CHEMBL237_Ki
86921808,mondrian_pair,cliffA,all,520,476,0.9153846153846154,0.8883118446981964,0.9363651500790906,2.467533427058839,,,,,CHEMBL237_Ki
86921808,mondrian_pair,cliffA,cliff,103,95,0.9223300970873787,0.8541709980201915,0.9601196430876495,2.449937257271237,,,,,CHEMBL237_Ki
86921808,mondrian_pair,cliffA,noncliff,417,381,0.9136690647482014,0.8827958623617774,0.9369902893324463,2.471879723193426,,,,,CHEMBL237_Ki
86921808,mondrian_pair,__bins__,__summary__,-1,-1,,,,2.467533427058839,0.84,0.10949494949494953,0.8173076923076923,0.16346153846153844,CHEMBL237_Ki
86921808,mondrian_wstd,cliffB_oracle,all,520,479,0.9211538461538461,0.8947813495945718,0.9413494923323997,2.488920827429858,,,,,CHEMBL237_Ki
86921808,mondrian_wstd,cliffB_oracle,cliff,50,47,0.94,0.8378290831116182,0.979385029651026,2.5727066593722316,,,,,CHEMBL237_Ki
86921808,mondrian_wstd,cliffB_oracle,noncliff,470,432,0.9191489361702128,0.8909715283869449,0.9405302169027029,2.4800074410530106,,,,,CHEMBL237_Ki
86921808,mondrian_wstd,cliffA,all,520,479,0.9211538461538461,0.8947813495945718,0.9413494923323997,2.488920827429858,,,,,CHEMBL237_Ki
86921808,mondrian_wstd,cliffA,cliff,103,95,0.9223300970873787,0.8541709980201915,0.9601196430876495,2.534929564447479,,,,,CHEMBL237_Ki
86921808,mondrian_wstd,cliffA,noncliff,417,384,0.920863309352518,0.8909456849860014,0.9430976171724699,2.4775565590538036,,,,,CHEMBL237_Ki
86921808,mondrian_wstd,__bins__,__summary__,-1,-1,,,,2.488920827429858,0.896,0.053494949494949484,0.8365384615384616,0.15384615384615385,CHEMBL237_Ki
86921808,mondrian_std,cliffB_oracle,all,520,478,0.9192307692307692,0.8926211005006705,0.9396917923764062,2.510207241375914,,,,,CHEMBL237_Ki
86921808,mondrian_std,cliffB_oracle,cliff,50,46,0.92,0.8116175308165717,0.968450485911407,2.5940712228503937,,,,,CHEMBL237_Ki
86921808,mondrian_std,cliffB_oracle,noncliff,470,432,0.9191489361702128,0.8909715283869449,0.9405302169027029,2.5012855412190547,,,,,CHEMBL237_Ki
86921808,mondrian_std,cliffA,all,520,478,0.9192307692307692,0.8926211005006705,0.9396917923764062,2.510207241375914,,,,,CHEMBL237_Ki
86921808,mondrian_std,cliffA,cliff,103,94,0.912621359223301,0.8422225372494128,0.9533487787754893,2.58340076516446,,,,,CHEMBL237_Ki
86921808,mondrian_std,cliffA,noncliff,417,384,0.920863309352518,0.8909456849860014,0.9430976171724699,2.4921282654761057,,,,,CHEMBL237_Ki
86921808,mondrian_std,__bins__,__summary__,-1,-1,,,,2.510207241375914,0.896,0.053494949494949484,0.8461538461538461,0.14423076923076927,CHEMBL237_Ki
86921808,mondrian_iqr,cliffB_oracle,all,520,473,0.9096153846153846,0.8818744050314969,0.9313487425961054,2.4636547793253034,,,,,CHEMBL237_Ki
86921808,mondrian_iqr,cliffB_oracle,cliff,50,44,0.88,0.7619518261679701,0.9438239984906773,2.4400142906134956,,,,,CHEMBL237_Ki
86921808,mondrian_iqr,cliffB_oracle,noncliff,470,429,0.9127659574468086,0.8837931678033383,0.9350461143600713,2.4661697249329433,,,,,CHEMBL237_Ki
86921808,mondrian_iqr,cliffA,all,520,473,0.9096153846153846,0.8818744050314969,0.9313487425961054,2.4636547793253034,,,,,CHEMBL237_Ki
86921808,mondrian_iqr,cliffA,cliff,103,91,0.883495145631068,0.8073288034372147,0.9320845373388708,2.4208375520403465,,,,,CHEMBL237_Ki
86921808,mondrian_iqr,cliffA,noncliff,417,382,0.9160671462829736,0.8855061957004852,0.9390323394818209,2.4742307371438907,,,,,CHEMBL237_Ki
86921808,mondrian_iqr,__bins__,__summary__,-1,-1,,,,2.4636547793253034,0.888,0.051393939393939436,0.8269230769230769,0.14423076923076927,CHEMBL237_Ki
86921808,mondrian_nb,cliffB_oracle,all,520,471,0.9057692307692308,0.8775992478499783,0.9279880016778344,2.478164710954848,,,,,CHEMBL237_Ki
86921808,mondrian_nb,cliffB_oracle,cliff,50,45,0.9,0.7863976856252035,0.9565242350681096,2.438226015320913,,,,,CHEMBL237_Ki
86921808,mondrian_nb,cliffB_oracle,noncliff,470,426,0.9063829787234042,0.8766543194639953,0.9295224995731759,2.482413508362713,,,,,CHEMBL237_Ki
86921808,mondrian_nb,cliffA,all,520,471,0.9057692307692308,0.8775992478499783,0.9279880016778344,2.478164710954848,,,,,CHEMBL237_Ki
86921808,mondrian_nb,cliffA,cliff,103,93,0.9029126213592233,0.8304457619814031,0.9464062289605603,2.4941198631627755,,,,,CHEMBL237_Ki
86921808,mondrian_nb,cliffA,noncliff,417,378,0.9064748201438849,0.8746998308053534,0.9308291704246231,2.4742237500977335,,,,,CHEMBL237_Ki
86921808,mondrian_nb,__bins__,__summary__,-1,-1,,,,2.478164710954848,0.848,0.11159595959595958,0.7980769230769231,0.17307692307692302,CHEMBL237_Ki
86921808,mondrian_nnsim,cliffB_oracle,all,520,479,0.9211538461538461,0.8947813495945718,0.9413494923323997,2.499425578436083,,,,,CHEMBL237_Ki
86921808,mondrian_nnsim,cliffB_oracle,cliff,50,45,0.9,0.7863976856252035,0.9565242350681096,2.2902201247682576,,,,,CHEMBL237_Ki
86921808,mondrian_nnsim,cliffB_oracle,noncliff,470,434,0.9234042553191489,0.895781095193799,0.9441622921800077,2.5216814777624474,,,,,CHEMBL237_Ki
86921808,mondrian_nnsim,cliffA,all,520,479,0.9211538461538461,0.8947813495945718,0.9413494923323997,2.499425578436083,,,,,CHEMBL237_Ki
86921808,mondrian_nnsim,cliffA,cliff,103,93,0.9029126213592233,0.8304457619814031,0.9464062289605603,2.355606538033668,,,,,CHEMBL237_Ki
86921808,mondrian_nnsim,cliffA,noncliff,417,386,0.9256594724220624,0.8964119785850865,0.9471360905495495,2.534949226305264,,,,,CHEMBL237_Ki
86921808,mondrian_nnsim,__bins__,__summary__,-1,-1,,,,2.499425578436083,0.84,0.11959595959595959,0.8173076923076923,0.17307692307692313,CHEMBL237_Ki
86921808,mondrian_pairgap,cliffB_oracle,all,520,482,0.926923076923077,0.9012860934204691,0.946298595656187,2.515265720340112,,,,,CHEMBL237_Ki
86921808,mondrian_pairgap,cliffB_oracle,cliff,50,47,0.94,0.8378290831116182,0.979385029651026,2.6302187849115977,,,,,CHEMBL237_Ki
86921808,mondrian_pairgap,cliffB_oracle,noncliff,470,435,0.925531914893617,0.8981936043700476,0.9459706040458384,2.5030366709176137,,,,,CHEMBL237_Ki
86921808,mondrian_pairgap,cliffA,all,520,482,0.926923076923077,0.9012860934204691,0.946298595656187,2.515265720340112,,,,,CHEMBL237_Ki
86921808,mondrian_pairgap,cliffA,cliff,103,96,0.9320388349514563,0.866317705300666,0.966692260890114,2.5684948943412125,,,,,CHEMBL237_Ki
86921808,mondrian_pairgap,cliffA,noncliff,417,386,0.9256594724220624,0.8964119785850865,0.9471360905495495,2.502117986713941,,,,,CHEMBL237_Ki
86921808,mondrian_pairgap,__bins__,__summary__,-1,-1,,,,2.515265720340112,0.88,0.0694949494949495,0.8269230769230769,0.16346153846153855,CHEMBL237_Ki
86921808,mondrian_rfstd,cliffB_oracle,all,520,476,0.9153846153846154,0.8883118446981964,0.9363651500790906,2.476386589962023,,,,,CHEMBL237_Ki
86921808,mondrian_rfstd,cliffB_oracle,cliff,50,45,0.9,0.7863976856252035,0.9565242350681096,2.482609776505923,,,,,CHEMBL237_Ki
86921808,mondrian_rfstd,cliffB_oracle,noncliff,470,431,0.9170212765957447,0.8885741078356766,0.9387068164118919,2.4757245488403314,,,,,CHEMBL237_Ki
86921808,mondrian_rfstd,cliffA,all,520,476,0.9153846153846154,0.8883118446981964,0.9363651500790906,2.476386589962023,,,,,CHEMBL237_Ki
86921808,mondrian_rfstd,cliffA,cliff,103,94,0.912621359223301,0.8422225372494128,0.9533487787754893,2.3657873632465654,,,,,CHEMBL237_Ki
86921808,mondrian_rfstd,cliffA,noncliff,417,382,0.9160671462829736,0.8855061957004852,0.9390323394818209,2.503704864186705,,,,,CHEMBL237_Ki
86921808,mondrian_rfstd,__bins__,__summary__,-1,-1,,,,2.476386589962023,0.896,0.04339393939393943,0.875,0.07692307692307687,CHEMBL237_Ki
89165191,global,cliffB_oracle,all,520,465,0.8942307692307693,0.8648454057490372,0.9178341494794066,2.4582686759665293,,,,,CHEMBL237_Ki
89165191,global,cliffB_oracle,cliff,43,36,0.8372093023255814,0.7002759410625283,0.91883372652938,2.4582686759665298,,,,,CHEMBL237_Ki
89165191,global,cliffB_oracle,noncliff,477,429,0.89937106918239,0.8691026402649146,0.9232583199036116,2.458268675966529,,,,,CHEMBL237_Ki
89165191,global,cliffA,all,520,465,0.8942307692307693,0.8648454057490372,0.9178341494794066,2.4582686759665293,,,,,CHEMBL237_Ki
89165191,global,cliffA,cliff,106,93,0.8773584905660378,0.8014136606026787,0.9269087857569649,2.458268675966529,,,,,CHEMBL237_Ki
89165191,global,cliffA,noncliff,414,372,0.8985507246376812,0.865706353065122,0.9240668803794104,2.4582686759665293,,,,,CHEMBL237_Ki
89165191,global,__bins__,__summary__,-1,-1,,,,2.4582686759665293,0.7804878048780488,0.17910815471791075,0.7788461538461539,0.17307692307692302,CHEMBL237_Ki
89165191,mondrian_pair,cliffB_oracle,all,520,466,0.8961538461538462,0.866964019674937,0.9195334846034017,2.456816361584357,,,,,CHEMBL237_Ki
89165191,mondrian_pair,cliffB_oracle,cliff,43,36,0.8372093023255814,0.7002759410625283,0.91883372652938,2.438184506039717,,,,,CHEMBL237_Ki
89165191,mondrian_pair,cliffB_oracle,noncliff,477,430,0.9014675052410901,0.8714291460320666,0.9250911892554542,2.4584959628179406,,,,,CHEMBL237_Ki
89165191,mondrian_pair,cliffA,all,520,466,0.8961538461538462,0.866964019674937,0.9195334846034017,2.456816361584357,,,,,CHEMBL237_Ki
89165191,mondrian_pair,cliffA,cliff,106,93,0.8773584905660378,0.8014136606026787,0.9269087857569649,2.438369000348552,,,,,CHEMBL237_Ki
89165191,mondrian_pair,cliffA,noncliff,414,373,0.9009661835748792,0.8684026050161434,0.9261571328735073,2.46153959900222,,,,,CHEMBL237_Ki
89165191,mondrian_pair,__bins__,__summary__,-1,-1,,,,2.456816361584357,0.7886178861788617,0.1709780734170978,0.7884615384615384,0.16346153846153844,CHEMBL237_Ki
89165191,mondrian_wstd,cliffB_oracle,all,520,462,0.8884615384615384,0.8585052457614677,0.9127204623172913,2.454673205896695,,,,,CHEMBL237_Ki
89165191,mondrian_wstd,cliffB_oracle,cliff,43,36,0.8372093023255814,0.7002759410625283,0.91883372652938,2.516214755245875,,,,,CHEMBL237_Ki
89165191,mondrian_wstd,cliffB_oracle,noncliff,477,426,0.8930817610062893,0.8621437827005937,0.9177390521109478,2.4491254352006466,,,,,CHEMBL237_Ki
89165191,mondrian_wstd,cliffA,all,520,462,0.8884615384615384,0.8585052457614677,0.9127204623172913,2.454673205896695,,,,,CHEMBL237_Ki
89165191,mondrian_wstd,cliffA,cliff,106,93,0.8773584905660378,0.8014136606026787,0.9269087857569649,2.4597136266001947,,,,,CHEMBL237_Ki
89165191,mondrian_wstd,cliffA,noncliff,414,369,0.8913043478260869,0.8576465161252264,0.9177672039839507,2.453382663397731,,,,,CHEMBL237_Ki
89165191,mondrian_wstd,__bins__,__summary__,-1,-1,,,,2.454673205896695,0.7967479674796748,0.1527469820152747,0.7788461538461539,0.1826923076923077,CHEMBL237_Ki
89165191,mondrian_std,cliffB_oracle,all,520,462,0.8884615384615384,0.8585052457614677,0.9127204623172913,2.4531455316001045,,,,,CHEMBL237_Ki
89165191,mondrian_std,cliffB_oracle,cliff,43,36,0.8372093023255814,0.7002759410625283,0.91883372652938,2.5060432566071915,,,,,CHEMBL237_Ki
89165191,mondrian_std,cliffB_oracle,noncliff,477,426,0.8930817610062893,0.8621437827005937,0.9177390521109478,2.4483769735805976,,,,,CHEMBL237_Ki
89165191,mondrian_std,cliffA,all,520,462,0.8884615384615384,0.8585052457614677,0.9127204623172913,2.4531455316001045,,,,,CHEMBL237_Ki
89165191,mondrian_std,cliffA,cliff,106,93,0.8773584905660378,0.8014136606026787,0.9269087857569649,2.4555874526241253,,,,,CHEMBL237_Ki
89165191,mondrian_std,cliffA,noncliff,414,369,0.8913043478260869,0.8576465161252264,0.9177672039839507,2.452520305444196,,,,,CHEMBL237_Ki
89165191,mondrian_std,__bins__,__summary__,-1,-1,,,,2.4531455316001045,0.7967479674796748,0.1527469820152747,0.7788461538461539,0.1826923076923077,CHEMBL237_Ki
89165191,mondrian_iqr,cliffB_oracle,all,520,467,0.8980769230769231,0.8690853516540739,0.9212301016741596,2.4874797448189256,,,,,CHEMBL237_Ki
89165191,mondrian_iqr,cliffB_oracle,cliff,43,39,0.9069767441860465,0.783972963587464,0.9632283593682872,2.5752296175956437,,,,,CHEMBL237_Ki
89165191,mondrian_iqr,cliffB_oracle,noncliff,477,428,0.8972746331236897,0.8667796389154,0.9214219461341312,2.4795693789292006,,,,,CHEMBL237_Ki
89165191,mondrian_iqr,cliffA,all,520,467,0.8980769230769231,0.8690853516540739,0.9212301016741596,2.4874797448189256,,,,,CHEMBL237_Ki
89165191,mondrian_iqr,cliffA,cliff,106,96,0.9056603773584906,0.834999132489902,0.9479474973467148,2.5614455402915315,,,,,CHEMBL237_Ki
89165191,mondrian_iqr,cliffA,noncliff,414,371,0.8961352657004831,0.8630150180458128,0.9219717109536011,2.4685416425964712,,,,,CHEMBL237_Ki
89165191,mondrian_iqr,__bins__,__summary__,-1,-1,,,,2.4874797448189256,0.8130081300813008,0.1364868194136487,0.7980769230769231,0.15384615384615374,CHEMBL237_Ki
89165191,mondrian_nb,cliffB_oracle,all,520,470,0.9038461538461539,0.8754663415012954,0.9263029589766226,2.5226289510295823,,,,,CHEMBL237_Ki
89165191,mondrian_nb,cliffB_oracle,cliff,43,37,0.8604651162790697,0.7273641203261714,0.9344427657203511,2.3918780161414888,,,,,CHEMBL237_Ki
89165191,mondrian_nb,cliffB_oracle,noncliff,477,433,0.9077568134171907,0.878430692286593,0.9305677683579126,2.5344157229377338,,,,,CHEMBL237_Ki
89165191,mondrian_nb,cliffA,all,520,470,0.9038461538461539,0.8754663415012954,0.9263029589766226,2.5226289510295823,,,,,CHEMBL237_Ki
89165191,mondrian_nb,cliffA,cliff,106,94,0.8867924528301887,0.8124873280829136,0.9340431794357212,2.4015377319401146,,,,,CHEMBL237_Ki
89165191,mondrian_nb,cliffA,noncliff,414,376,0.9082125603864735,0.8765224752299802,0.9323967759950259,2.5536329829703637,,,,,CHEMBL237_Ki
89165191,mondrian_nb,__bins__,__summary__,-1,-1,,,,2.5226289510295823,0.8211382113821138,0.1384577482138457,0.8365384615384616,0.11538461538461531,CHEMBL237_Ki
89165191,mondrian_nnsim,cliffB_oracle,all,520,456,0.8769230769230769,0.8458904721174224,0.9024275416619677,2.307864630426906,,,,,CHEMBL237_Ki
89165191,mondrian_nnsim,cliffB_oracle,cliff,43,36,0.8372093023255814,0.7002759410625283,0.91883372652938,2.3749886390398953,,,,,CHEMBL237_Ki
89165191,mondrian_nnsim,cliffB_oracle,noncliff,477,420,0.8805031446540881,0.8483115209501125,0.9066150631474595,2.3018136191682927,,,,,CHEMBL237_Ki
89165191,mondrian_nnsim,cliffA,all,520,456,0.8769230769230769,0.8458904721174224,0.9024275416619677,2.307864630426906,,,,,CHEMBL237_Ki
89165191,mondrian_nnsim,cliffA,cliff,106,93,0.8773584905660378,0.8014136606026787,0.9269087857569649,2.3002343816763346,,,,,CHEMBL237_Ki
89165191,mondrian_nnsim,cliffA,noncliff,414,363,0.8768115942028986,0.8416451802519586,0.9050495131865085,2.3098182689958935,,,,,CHEMBL237_Ki
89165191,mondrian_nnsim,__bins__,__summary__,-1,-1,,,,2.307864630426906,0.7886178861788617,0.1507760532150777,0.7788461538461539,0.15384615384615385,CHEMBL237_Ki
89165191,mondrian_pairgap,cliffB_oracle,all,520,465,0.8942307692307693,0.8648454057490372,0.9178341494794066,2.4635909683081554,,,,,CHEMBL237_Ki
89165191,mondrian_pairgap,cliffB_oracle,cliff,43,36,0.8372093023255814,0.7002759410625283,0.91883372652938,2.459894706257865,,,,,CHEMBL237_Ki
89165191,mondrian_pairgap,cliffB_oracle,noncliff,477,429,0.89937106918239,0.8691026402649146,0.9232583199036116,2.4639241743210745,,,,,CHEMBL237_Ki
89165191,mondrian_pairgap,cliffA,all,520,465,0.8942307692307693,0.8648454057490372,0.9178341494794066,2.4635909683081554,,,,,CHEMBL237_Ki
89165191,mondrian_pairgap,cliffA,cliff,106,93,0.8773584905660378,0.8014136606026787,0.9269087857569649,2.4588329536592495,,,,,CHEMBL237_Ki
89165191,mondrian_pairgap,cliffA,noncliff,414,372,0.8985507246376812,0.865706353065122,0.9240668803794104,2.4648092039428993,,,,,CHEMBL237_Ki
89165191,mondrian_pairgap,__bins__,__summary__,-1,-1,,,,2.4635909683081554,0.7804878048780488,0.17910815471791075,0.7788461538461539,0.17307692307692302,CHEMBL237_Ki
89165191,mondrian_rfstd,cliffB_oracle,all,520,465,0.8942307692307693,0.8648454057490372,0.9178341494794066,2.486212851919247,,,,,CHEMBL237_Ki
89165191,mondrian_rfstd,cliffB_oracle,cliff,43,36,0.8372093023255814,0.7002759410625283,0.91883372652938,2.306709961771183,,,,,CHEMBL237_Ki
89165191,mondrian_rfstd,cliffB_oracle,noncliff,477,429,0.89937106918239,0.8691026402649146,0.9232583199036116,2.5023944541757808,,,,,CHEMBL237_Ki
89165191,mondrian_rfstd,cliffA,all,520,465,0.8942307692307693,0.8648454057490372,0.9178341494794066,2.486212851919247,,,,,CHEMBL237_Ki
89165191,mondrian_rfstd,cliffA,cliff,106,92,0.8679245283018868,0.7904464384418581,0.9196679467587945,2.2896841099179013,,,,,CHEMBL237_Ki
89165191,mondrian_rfstd,cliffA,noncliff,414,373,0.9009661835748792,0.8684026050161434,0.9261571328735073,2.5365318051852914,,,,,CHEMBL237_Ki
89165191,mondrian_rfstd,__bins__,__summary__,-1,-1,,,,2.486212851919247,0.8455284552845529,0.08376447400837639,0.8653846153846154,0.05769230769230771,CHEMBL237_Ki
71339737,global,cliffB_oracle,all,573,523,0.912739965095986,0.886797514731884,0.933185156012709,2.233300017146192,,,,,CHEMBL264_Ki
71339737,global,cliffB_oracle,cliff,41,37,0.9024390243902439,0.7745231869447662,0.9614029151019106,2.233300017146192,,,,,CHEMBL264_Ki
71339737,global,cliffB_oracle,noncliff,532,486,0.9135338345864662,0.886588618473605,0.934549784979486,2.233300017146192,,,,,CHEMBL264_Ki
71339737,global,cliffA,all,573,523,0.912739965095986,0.886797514731884,0.933185156012709,2.233300017146192,,,,,CHEMBL264_Ki
71339737,global,cliffA,cliff,78,73,0.9358974358974359,0.8585640453682883,0.9723106846262091,2.2333000171461914,,,,,CHEMBL264_Ki
71339737,global,cliffA,noncliff,495,450,0.9090909090909091,0.88051716401903,0.9313640315765731,2.2333000171461914,,,,,CHEMBL264_Ki
71339737,global,__bins__,__summary__,-1,-1,,,,2.233300017146192,0.8646616541353384,0.09897470950102527,0.782608695652174,0.20869565217391306,CHEMBL264_Ki
71339737,mondrian_pair,cliffB_oracle,all,573,522,0.9109947643979057,0.8848598274064312,0.9316556861679945,2.2355317934662797,,,,,CHEMBL264_Ki
71339737,mondrian_pair,cliffB_oracle,cliff,41,37,0.9024390243902439,0.7745231869447662,0.9614029151019106,2.244412841211809,,,,,CHEMBL264_Ki
71339737,mondrian_pair,cliffB_oracle,noncliff,532,485,0.9116541353383458,0.8844932990150732,0.9329126571495946,2.234847351816718,,,,,CHEMBL264_Ki
71339737,mondrian_pair,cliffA,all,573,522,0.9109947643979057,0.8848598274064312,0.9316556861679945,2.2355317934662797,,,,,CHEMBL264_Ki
71339737,mondrian_pair,cliffA,cliff,78,73,0.9358974358974359,0.8585640453682883,0.9723106846262091,2.2466138347402174,,,,,CHEMBL264_Ki
71339737,mondrian_pair,cliffA,noncliff,495,449,0.907070707070707,0.8782659254110644,0.9296059803297455,2.2337855324170532,,,,,CHEMBL264_Ki
71339737,mondrian_pair,__bins__,__summary__,-1,-1,,,,2.2355317934662797,0.8646616541353384,0.09897470950102527,0.7739130434782608,0.21739130434782616,CHEMBL264_Ki
71339737,mondrian_wstd,cliffB_oracle,all,573,510,0.8900523560209425,0.8617947779867863,0.9131148495456307,2.2257780886720515,,,,,CHEMBL264_Ki
71339737,mondrian_wstd,cliffB_oracle,cliff,41,34,0.8292682926829268,0.6873738759959581,0.91474748022405,2.2350836563545786,,,,,CHEMBL264_Ki
71339737,mondrian_wstd,cliffB_oracle,noncliff,532,476,0.8947368421052632,0.8657687388166763,0.9180451917521834,2.2250609302604287,,,,,CHEMBL264_Ki
71339737,mondrian_wstd,cliffA,all,573,510,0.8900523560209425,0.8617947779867863,0.9131148495456307,2.2257780886720515,,,,,CHEMBL264_Ki
71339737,mondrian_wstd,cliffA,cliff,78,67,0.8589743589743589,0.7648602182063984,0.9193895594361288,2.0443742536699276,,,,,CHEMBL264_Ki
71339737,mondrian_wstd,cliffA,noncliff,495,443,0.8949494949494949,0.8648297446025499,0.9189864220095014,2.254362935399659,,,,,CHEMBL264_Ki
71339737,mondrian_wstd,__bins__,__summary__,-1,-1,,,,2.2257780886720515,0.8468468468468469,0.09860769860769858,0.8260869565217391,0.12173913043478257,CHEMBL264_Ki
71339737,mondrian_std,cliffB_oracle,all,573,514,0.8970331588132635,0.8694473815428259,0.9193308746702606,2.231419660376959,,,,,CHEMBL264_Ki
71339737,mondrian_std,cliffB_oracle,cliff,41,33,0.8048780487804879,0.6598641481293658,0.8976556261484198,2.1761380256253084,,,,,CHEMBL264_Ki
71339737,mondrian_std,cliffB_oracle,noncliff,532,481,0.9041353383458647,0.8761429377541426,0.9263332292568328,2.2356800871153384,,,,,CHEMBL264_Ki
71339737,mondrian_std,cliffA,all,573,514,0.8970331588132635,0.8694473815428259,0.9193308746702606,2.231419660376959,,,,,CHEMBL264_Ki
71339737,mondrian_std,cliffA,cliff,78,67,0.8589743589743589,0.7648602182063984,0.9193895594361288,2.038583651990488,,,,,CHEMBL264_Ki
71339737,mondrian_std,cliffA,noncliff,495,447,0.9030303030303031,0.873773998898936,0.9260793271322879,2.261805940486342,,,,,CHEMBL264_Ki
71339737,mondrian_std,__bins__,__summary__,-1,-1,,,,2.231419660376959,0.8198198198198198,0.1347256347256348,0.8347826086956521,0.12173913043478268,CHEMBL264_Ki
71339737,mondrian_iqr,cliffB_oracle,all,573,512,0.893542757417103,0.8656169384268179,0.9162270034459338,2.3272336076860407,,,,,CHEMBL264_Ki
71339737,mondrian_iqr,cliffB_oracle,cliff,41,35,0.8536585365853658,0.7155654195751904,0.9311575185870407,2.474835753822952,,,,,CHEMBL264_Ki
71339737,mondrian_iqr,cliffB_oracle,noncliff,532,477,0.8966165413533834,0.8678382825605349,0.9197080952967478,2.3158582543183464,,,,,CHEMBL264_Ki
71339737,mondrian_iqr,cliffA,all,573,512,0.893542757417103,0.8656169384268179,0.9162270034459338,2.3272336076860407,,,,,CHEMBL264_Ki
71339737,mondrian_iqr,cliffA,cliff,78,70,0.8974358974358975,0.8104556014759761,0.9471066523425362,2.3164022645660682,,,,,CHEMBL264_Ki
71339737,mondrian_iqr,cliffA,noncliff,495,442,0.8929292929292929,0.8626014395261754,0.9172054372310829,2.3289403647837332,,,,,CHEMBL264_Ki
71339737,mondrian_iqr,__bins__,__summary__,-1,-1,,,,2.3272336076860407,0.8378378378378378,0.08943488943488942,0.8347826086956521,0.12173913043478268,CHEMBL264_Ki
71339737,mondrian_nb,cliffB_oracle,all,573,524,0.9144851657940664,0.888737890731247,0.9347119371835136,2.2658095521329136,,,,,CHEMBL264_Ki
71339737,mondrian_nb,cliffB_oracle,cliff,41,33,0.8048780487804879,0.6598641481293658,0.8976556261484198,1.9902353844388576,,,,,CHEMBL264_Ki
71339737,mondrian_nb,cliffB_oracle,noncliff,532,491,0.9229323308270677,0.8971162689142722,0.9426843709809347,2.2870474109213657,,,,,CHEMBL264_Ki
71339737,mondrian_nb,cliffA,all,573,524,0.9144851657940664,0.888737890731247,0.9347119371835136,2.2658095521329136,,,,,CHEMBL264_Ki
71339737,mondrian_nb,cliffA,cliff,78,69,0.8846153846153846,0.7950298680151837,0.9380948937446667,2.034600523602673,,,,,CHEMBL264_Ki
71339737,mondrian_nb,cliffA,noncliff,495,455,0.9191919191919192,0.8918304685777328,0.9400971762918359,2.302242489961921,,,,,CHEMBL264_Ki
71339737,mondrian_nb,__bins__,__summary__,-1,-1,,,,2.2658095521329136,0.8646616541353384,0.11715652768284346,0.8608695652173913,0.11304347826086958,CHEMBL264_Ki
71339737,mondrian_nnsim,cliffB_oracle,all,573,519,0.9057591623036649,0.8790622158571149,0.9270518262068086,2.291944656573462,,,,,CHEMBL264_Ki
71339737,mondrian_nnsim,cliffB_oracle,cliff,41,39,0.9512195121951219,0.8386102112962914,0.9865190546348308,2.369565111291881,,,,,CHEMBL264_Ki
71339737,mondrian_nnsim,cliffB_oracle,noncliff,532,480,0.9022556390977443,0.8740626709615215,0.9246810487610305,2.2859626290481696,,,,,CHEMBL264_Ki
71339737,mondrian_nnsim,cliffA,all,573,519,0.9057591623036649,0.8790622158571149,0.9270518262068086,2.291944656573462,,,,,CHEMBL264_Ki
71339737,mondrian_nnsim,cliffA,cliff,78,73,0.9358974358974359,0.8585640453682883,0.9723106846262091,2.338693228013815,,,,,CHEMBL264_Ki
71339737,mondrian_nnsim,cliffA,noncliff,495,446,0.901010101010101,0.8715331180282219,0.9243109181482089,2.284578215013163,,,,,CHEMBL264_Ki
71339737,mondrian_nnsim,__bins__,__summary__,-1,-1,,,,2.291944656573462,0.8345864661654135,0.12904989747095008,0.7739130434782608,0.20869565217391306,CHEMBL264_Ki
71339737,mondrian_pairgap,cliffB_oracle,all,573,525,0.9162303664921466,0.8906810286361034,0.9362359564488246,2.2797404293090517,,,,,CHEMBL264_Ki
71339737,mondrian_pairgap,cliffB_oracle,cliff,41,37,0.9024390243902439,0.7745231869447662,0.9614029151019106,2.2731381829511443,,,,,CHEMBL264_Ki
71339737,mondrian_pairgap,cliffB_oracle,noncliff,532,488,0.9172932330827067,0.8907891606857782,0.937814137344159,2.2802492490471606,,,,,CHEMBL264_Ki
71339737,mondrian_pairgap,cliffA,all,573,525,0.9162303664921466,0.8906810286361034,0.9362359564488246,2.2797404293090517,,,,,CHEMBL264_Ki
71339737,mondrian_pairgap,cliffA,cliff,78,73,0.9358974358974359,0.8585640453682883,0.9723106846262091,2.2801635168623418,,,,,CHEMBL264_Ki
71339737,mondrian_pairgap,cliffA,noncliff,495,452,0.9131313131313131,0.8850307139684397,0.9348690613367496,2.279673760967321,,,,,CHEMBL264_Ki
71339737,mondrian_pairgap,__bins__,__summary__,-1,-1,,,,2.2797404293090517,0.8646616541353384,0.09897470950102527,0.7913043478260869,0.20000000000000007,CHEMBL264_Ki
71339737,mondrian_rfstd,cliffB_oracle,all,573,516,0.900523560209424,0.8732864747316943,0.9224260958217269,2.077434484009576,,,,,CHEMBL264_Ki
71339737,mondrian_rfstd,cliffB_oracle,cliff,41,35,0.8536585365853658,0.7155654195751904,0.9311575185870407,1.9413184565460582,,,,,CHEMBL264_Ki
71339737,mondrian_rfstd,cliffB_oracle,noncliff,532,481,0.9041353383458647,0.8761429377541426,0.9263332292568328,2.0879246289832682,,,,,CHEMBL264_Ki
71339737,mondrian_rfstd,cliffA,all,573,516,0.900523560209424,0.8732864747316943,0.9224260958217269,2.077434484009576,,,,,CHEMBL264_Ki
71339737,mondrian_rfstd,cliffA,cliff,78,70,0.8974358974358975,0.8104556014759761,0.9471066523425362,1.8852489229559621,,,,,CHEMBL264_Ki
71339737,mondrian_rfstd,cliffA,noncliff,495,446,0.901010101010101,0.8715331180282219,0.9243109181482089,2.1077182693877217,,,,,CHEMBL264_Ki
71339737,mondrian_rfstd,__bins__,__summary__,-1,-1,,,,2.077434484009576,0.8872180451127819,0.030963773069036304,0.8508771929824561,0.0882532418001526,CHEMBL264_Ki
99182118,global,cliffB_oracle,all,573,505,0.881326352530541,0.852273449240249,0.9053003924413309,2.210596842669263,,,,,CHEMBL264_Ki
99182118,global,cliffB_oracle,cliff,45,45,1.0,0.9213484012671117,1.0,2.210596842669263,,,,,CHEMBL264_Ki
99182118,global,cliffB_oracle,noncliff,528,460,0.8712121212121212,0.8399369248675593,0.8971248319748298,2.2105968426692626,,,,,CHEMBL264_Ki
99182118,global,cliffA,all,573,505,0.881326352530541,0.852273449240249,0.9053003924413309,2.210596842669263,,,,,CHEMBL264_Ki
99182118,global,cliffA,cliff,90,87,0.9666666666666667,0.9065271396961013,0.9885996097771937,2.210596842669263,,,,,CHEMBL264_Ki
99182118,global,cliffA,noncliff,483,418,0.865424430641822,0.832089590188511,0.8929924536766385,2.210596842669263,,,,,CHEMBL264_Ki
99182118,global,__bins__,__summary__,-1,-1,,,,2.210596842669263,0.8214285714285714,0.12451737451737455,0.7130434782608696,0.26064073226544626,CHEMBL264_Ki
99182118,mondrian_pair,cliffB_oracle,all,573,510,0.8900523560209425,0.8617947779867863,0.9131148495456307,2.2619210960663056,,,,,CHEMBL264_Ki
99182118,mondrian_pair,cliffB_oracle,cliff,45,41,0.9111111111111111,0.7926642466571064,0.9648888832736299,2.0812218327841885,,,,,CHEMBL264_Ki
99182118,mondrian_pair,cliffB_oracle,noncliff,528,469,0.8882575757575758,0.8585313843784702,0.912375044971988,2.277321601459668,,,,,CHEMBL264_Ki
99182118,mondrian_pair,cliffA,all,573,510,0.8900523560209425,0.8617947779867863,0.9131148495456307,2.2619210960663056,,,,,CHEMBL264_Ki
99182118,mondrian_pair,cliffA,cliff,90,82,0.9111111111111111,0.8342945337394592,0.9542695074632055,2.0812218327841885,,,,,CHEMBL264_Ki
99182118,mondrian_pair,cliffA,noncliff,483,428,0.8861283643892339,0.8547006038240045,0.9114625756708986,2.295591766243098,,,,,CHEMBL264_Ki
99182118,mondrian_pair,__bins__,__summary__,-1,-1,,,,2.2619210960663056,0.8203125,0.143651463963964,0.7304347826086957,0.24347826086956526,CHEMBL264_Ki
99182118,mondrian_wstd,cliffB_oracle,all,573,494,0.8621291448516579,0.8314796920446531,0.8879554207650852,2.194969719109089,,,,,CHEMBL264_Ki
99182118,mondrian_wstd,cliffB_oracle,cliff,45,43,0.9555555555555556,0.8517248923056439,0.9877258732932802,2.204602579214133,,,,,CHEMBL264_Ki
99182118,mondrian_wstd,cliffB_oracle,noncliff,528,451,0.8541666666666666,0.8215041153353045,0.8817129689990156,2.194148736713773,,,,,CHEMBL264_Ki
99182118,mondrian_wstd,cliffA,all,573,494,0.8621291448516579,0.8314796920446531,0.8879554207650852,2.194969719109089,,,,,CHEMBL264_Ki
99182118,mondrian_wstd,cliffA,cliff,90,84,0.9333333333333333,0.8620990522567448,0.9690900722541721,2.2606398466934676,,,,,CHEMBL264_Ki
99182118,mondrian_wstd,cliffA,noncliff,483,410,0.8488612836438924,0.8141726152743073,0.8780445200870396,2.1827330493728696,,,,,CHEMBL264_Ki
99182118,mondrian_wstd,__bins__,__summary__,-1,-1,,,,2.194969719109089,0.8214285714285714,0.09749034749034757,0.7304347826086957,0.21739130434782605,CHEMBL264_Ki
99182118,mondrian_std,cliffB_oracle,all,573,494,0.8621291448516579,0.8314796920446531,0.8879554207650852,2.2575600355623613,,,,,CHEMBL264_Ki
99182118,mondrian_std,cliffB_oracle,cliff,45,43,0.9555555555555556,0.8517248923056439,0.9877258732932802,2.3108183752731395,,,,,CHEMBL264_Ki
99182118,mondrian_std,cliffB_oracle,noncliff,528,451,0.8541666666666666,0.8215041153353045,0.8817129689990156,2.2530209725188297,,,,,CHEMBL264_Ki
99182118,mondrian_std,cliffA,all,573,494,0.8621291448516579,0.8314796920446531,0.8879554207650852,2.2575600355623613,,,,,CHEMBL264_Ki
99182118,mondrian_std,cliffA,cliff,90,84,0.9333333333333333,0.8620990522567448,0.9690900722541721,2.3253661728525414,,,,,CHEMBL264_Ki
99182118,mondrian_std,cliffA,noncliff,483,410,0.8488612836438924,0.8141726152743073,0.8780445200870396,2.2449253515952474,,,,,CHEMBL264_Ki
99182118,mondrian_std,__bins__,__summary__,-1,-1,,,,2.2575600355623613,0.8214285714285714,0.10649935649935649,0.7304347826086957,0.21739130434782605,CHEMBL264_Ki
99182118,mondrian_iqr,cliffB_oracle,all,573,510,0.8900523560209425,0.8617947779867863,0.9131148495456307,2.2392790021044675,,,,,CHEMBL264_Ki
99182118,mondrian_iqr,cliffB_oracle,cliff,45,43,0.9555555555555556,0.8517248923056439,0.9877258732932802,2.241501733402778,,,,,CHEMBL264_Ki
99182118,mondrian_iqr,cliffB_oracle,noncliff,528,467,0.884469696969697,0.8543838367369897,0.909001554278342,2.2390895647779065,,,,,CHEMBL264_Ki
99182118,mondrian_iqr,cliffA,all,573,510,0.8900523560209425,0.8617947779867863,0.9131148495456307,2.2392790021044675,,,,,CHEMBL264_Ki
99182118,mondrian_iqr,cliffA,cliff,90,83,0.9222222222222223,0.8480613981740798,0.9618151846827111,2.252989820982161,,,,,CHEMBL264_Ki
99182118,mondrian_iqr,cliffA,noncliff,483,427,0.8840579710144928,0.8524274752400436,0.9096275906918843,2.2367241911334688,,,,,CHEMBL264_Ki
99182118,mondrian_iqr,__bins__,__summary__,-1,-1,,,,2.2392790021044675,0.84375,0.10219594594594594,0.7565217391304347,0.20869565217391306,CHEMBL264_Ki
99182118,mondrian_nb,cliffB_oracle,all,573,514,0.8970331588132635,0.8694473815428259,0.9193308746702606,2.1814170413077862,,,,,CHEMBL264_Ki
99182118,mondrian_nb,cliffB_oracle,cliff,45,40,0.8888888888888888,0.7650090300423141,0.9515952820543282,1.9870481932775035,,,,,CHEMBL264_Ki
99182118,mondrian_nb,cliffB_oracle,noncliff,528,474,0.8977272727272727,0.8689428812549299,0.9207661439333442,2.197982568128549,,,,,CHEMBL264_Ki
99182118,mondrian_nb,cliffA,all,573,514,0.8970331588132635,0.8694473815428259,0.9193308746702606,2.1814170413077862,,,,,CHEMBL264_Ki
99182118,mondrian_nb,cliffA,cliff,90,81,0.9,0.8207582512456635,0.9464932483028752,2.0463197219268148,,,,,CHEMBL264_Ki
99182118,mondrian_nb,cliffA,noncliff,483,433,0.8964803312629399,0.866111114238406,0.9205926330713737,2.206590454857036,,,,,CHEMBL264_Ki
99182118,mondrian_nb,__bins__,__summary__,-1,-1,,,,2.1814170413077862,0.8046875,0.15026745495495497,0.7913043478260869,0.17391304347826086,CHEMBL264_Ki
99182118,mondrian_nnsim,cliffB_oracle,all,573,502,0.8760907504363001,0.8465825432557658,0.9005898269153118,2.2256043203880025,,,,,CHEMBL264_Ki
99182118,mondrian_nnsim,cliffB_oracle,cliff,45,44,0.9777777777777777,0.8843331823158513,0.9960664011171667,2.6617873185729755,,,,,CHEMBL264_Ki
99182118,mondrian_nnsim,cliffB_oracle,noncliff,528,458,0.8674242424242424,0.835827708662036,0.8937130098452266,2.1884296330426922,,,,,CHEMBL264_Ki
99182118,mondrian_nnsim,cliffA,all,573,502,0.8760907504363001,0.8465825432557658,0.9005898269153118,2.2256043203880025,,,,,CHEMBL264_Ki
99182118,mondrian_nnsim,cliffA,cliff,90,85,0.9444444444444444,0.8764626377820048,0.976039028383038,2.480735298181284,,,,,CHEMBL264_Ki
99182118,mondrian_nnsim,cliffA,noncliff,483,417,0.8633540372670807,0.8298422019867343,0.89113172831544,2.1780643866377014,,,,,CHEMBL264_Ki
99182118,mondrian_nnsim,__bins__,__summary__,-1,-1,,,,2.2256043203880025,0.828125,0.09980292792792789,0.7391304347826086,0.22608695652173916,CHEMBL264_Ki
99182118,mondrian_pairgap,cliffB_oracle,all,573,510,0.8900523560209425,0.8617947779867863,0.9131148495456307,2.331779564010062,,,,,CHEMBL264_Ki
99182118,mondrian_pairgap,cliffB_oracle,cliff,45,40,0.8888888888888888,0.7650090300423141,0.9515952820543282,2.099026586878127,,,,,CHEMBL264_Ki
99182118,mondrian_pairgap,cliffB_oracle,noncliff,528,470,0.8901515151515151,0.8606087035148041,0.9140582450032172,2.3516164654701703,,,,,CHEMBL264_Ki
99182118,mondrian_pairgap,cliffA,all,573,510,0.8900523560209425,0.8617947779867863,0.9131148495456307,2.331779564010062,,,,,CHEMBL264_Ki
99182118,mondrian_pairgap,cliffA,cliff,90,80,0.8888888888888888,0.8074221497873896,0.9385168081070229,2.097136191583066,,,,,CHEMBL264_Ki
99182118,mondrian_pairgap,cliffA,noncliff,483,430,0.8902691511387164,0.8592556176019633,0.9151237890188907,2.3755019315430426,,,,,CHEMBL264_Ki
99182118,mondrian_pairgap,__bins__,__summary__,-1,-1,,,,2.331779564010062,0.828125,0.135838963963964,0.7478260869565218,0.22608695652173916,CHEMBL264_Ki
99182118,mondrian_rfstd,cliffB_oracle,all,573,497,0.8673647469458988,0.8371313962470143,0.8927051880732263,2.02630759888882,,,,,CHEMBL264_Ki
99182118,mondrian_rfstd,cliffB_oracle,cliff,45,38,0.8444444444444444,0.7121609112760374,0.9225457651524174,1.8755536036620255,,,,,CHEMBL264_Ki
99182118,mondrian_rfstd,cliffB_oracle,noncliff,528,459,0.8693181818181818,0.8378813414196281,0.8954198962551977,2.0391559507547394,,,,,CHEMBL264_Ki
99182118,mondrian_rfstd,cliffA,all,573,497,0.8673647469458988,0.8371313962470143,0.8927051880732263,2.02630759888882,,,,,CHEMBL264_Ki
99182118,mondrian_rfstd,cliffA,cliff,90,78,0.8666666666666667,0.7812606949930235,0.9220531795931369,1.9444099662605288,,,,,CHEMBL264_Ki
99182118,mondrian_rfstd,cliffA,noncliff,483,419,0.8674948240165632,0.8343393227567715,0.8948508346713535,2.0415680273288737,,,,,CHEMBL264_Ki
99182118,mondrian_rfstd,__bins__,__summary__,-1,-1,,,,2.02630759888882,0.8515625,0.040329391891891886,0.8260869565217391,0.06864988558352403,CHEMBL264_Ki
89709943,global,cliffB_oracle,all,573,516,0.900523560209424,0.8732864747316943,0.9224260958217269,2.146207563951016,,,,,CHEMBL264_Ki
89709943,global,cliffB_oracle,cliff,32,31,0.96875,0.8425573617998744,0.9944621398359969,2.146207563951016,,,,,CHEMBL264_Ki
89709943,global,cliffB_oracle,noncliff,541,485,0.8964879852125693,0.8679613759668318,0.9194236386180857,2.1462075639510156,,,,,CHEMBL264_Ki
89709943,global,cliffA,all,573,516,0.900523560209424,0.8732864747316943,0.9224260958217269,2.146207563951016,,,,,CHEMBL264_Ki
89709943,global,cliffA,cliff,74,70,0.9459459459459459,0.8690962359544764,0.9787809878271253,2.146207563951016,,,,,CHEMBL264_Ki
89709943,global,cliffA,noncliff,499,446,0.8937875751503006,0.8636816616695833,0.9178768059271349,2.146207563951016,,,,,CHEMBL264_Ki
89709943,global,__bins__,__summary__,-1,-1,,,,2.146207563951016,0.8382352941176471,0.1250674581759309,0.7652173913043478,0.20869565217391306,CHEMBL264_Ki
89709943,mondrian_pair,cliffB_oracle,all,573,520,0.9075043630017452,0.880992242971099,0.9285889562629919,2.163904160490226,,,,,CHEMBL264_Ki
89709943,mondrian_pair,cliffB_oracle,cliff,32,28,0.875,0.7193169451834978,0.9502986561251991,2.0418231213523046,,,,,CHEMBL264_Ki
89709943,mondrian_pair,cliffB_oracle,noncliff,541,492,0.9094269870609981,0.8822691523111331,0.9308114105352968,2.171125220106517,,,,,CHEMBL264_Ki
89709943,mondrian_pair,cliffA,all,573,520,0.9075043630017452,0.880992242971099,0.9285889562629919,2.163904160490226,,,,,CHEMBL264_Ki
89709943,mondrian_pair,cliffA,cliff,74,68,0.918918918918919,0.8341805755644218,0.9623101498061737,2.0551494916697766,,,,,CHEMBL264_Ki
89709943,mondrian_pair,cliffA,noncliff,499,452,0.905811623246493,0.8769939175022662,0.9284289307844283,2.180032107369411,,,,,CHEMBL264_Ki
89709943,mondrian_pair,__bins__,__summary__,-1,-1,,,,2.163904160490226,0.8382352941176471,0.1250674581759309,0.8,0.16491228070175434,CHEMBL264_Ki
89709943,mondrian_wstd,cliffB_oracle,all,573,508,0.8865619546247818,0.8579805610388082,0.9099947521532737,2.126381620500385,,,,,CHEMBL264_Ki
89709943,mondrian_wstd,cliffB_oracle,cliff,32,26,0.8125,0.6469084479862404,0.9111045531043405,2.0180275978157374,,,,,CHEMBL264_Ki
89709943,mondrian_wstd,cliffB_oracle,noncliff,541,482,0.8909426987060998,0.8618678704838661,0.9145047662746887,2.1327907308994773,,,,,CHEMBL264_Ki
89709943,mondrian_wstd,cliffA,all,573,508,0.8865619546247818,0.8579805610388082,0.9099947521532737,2.126381620500385,,,,,CHEMBL264_Ki
89709943,mondrian_wstd,cliffA,cliff,74,65,0.8783783783783784,0.7847341343323124,0.9346768434217738,2.056114684914371,,,,,CHEMBL264_Ki
89709943,mondrian_wstd,cliffA,noncliff,499,443,0.8877755511022044,0.8570660576827233,0.9125602195690069,2.136801967661438,,,,,CHEMBL264_Ki
89709943,mondrian_wstd,__bins__,__summary__,-1,-1,,,,2.126381620500385,0.7889908256880734,0.15596330275229353,0.7913043478260869,0.15652173913043477,CHEMBL264_Ki
89709943,mondrian_std,cliffB_oracle,all,573,510,0.8900523560209425,0.8617947779867863,0.9131148495456307,2.1529864911078813,,,,,CHEMBL264_Ki
89709943,mondrian_std,cliffB_oracle,cliff,32,27,0.84375,0.682458504024696,0.9313557971749429,2.055412269882881,,,,,CHEMBL264_Ki
89709943,mondrian_std,cliffB_oracle,noncliff,541,483,0.8927911275415896,0.8638966562295096,0.9161467731378328,2.158757979239489,,,,,CHEMBL264_Ki
89709943,mondrian_std,cliffA,all,573,510,0.8900523560209425,0.8617947779867863,0.9131148495456307,2.1529864911078813,,,,,CHEMBL264_Ki
89709943,mondrian_std,cliffA,cliff,74,66,0.8918918918918919,0.800911555641104,0.9441926713184854,2.0645499208355442,,,,,CHEMBL264_Ki
89709943,mondrian_std,cliffA,noncliff,499,444,0.8897795591182365,0.8592684506505243,0.9143352233828687,2.166101333192356,,,,,CHEMBL264_Ki
89709943,mondrian_std,__bins__,__summary__,-1,-1,,,,2.1529864911078813,0.8256880733944955,0.1009174311926605,0.7913043478260869,0.15652173913043477,CHEMBL264_Ki
89709943,mondrian_iqr,cliffB_oracle,all,573,511,0.8917975567190227,0.8637048446959574,0.9146719400066268,2.1201972982938013,,,,,CHEMBL264_Ki
89709943,mondrian_iqr,cliffB_oracle,cliff,32,29,0.90625,0.7578184527161212,0.9675984487016337,2.1739100324485956,,,,,CHEMBL264_Ki
89709943,mondrian_iqr,cliffB_oracle,noncliff,541,482,0.8909426987060998,0.8618678704838661,0.9145047662746887,2.117020204961171,,,,,CHEMBL264_Ki
89709943,mondrian_iqr,cliffA,all,573,511,0.8917975567190227,0.8637048446959574,0.9146719400066268,2.1201972982938013,,,,,CHEMBL264_Ki
89709943,mondrian_iqr,cliffA,cliff,74,69,0.9324324324324325,0.8513880607414608,0.9707959138346378,2.2256174457330316,,,,,CHEMBL264_Ki
89709943,mondrian_iqr,cliffA,noncliff,499,442,0.8857715430861723,0.854866386932137,0.9107824935379304,2.104563849575359,,,,,CHEMBL264_Ki
89709943,mondrian_iqr,__bins__,__summary__,-1,-1,,,,2.1201972982938013,0.8532110091743119,0.06497080900750629,0.782608695652174,0.17391304347826086,CHEMBL264_Ki
89709943,mondrian_nb,cliffB_oracle,all,573,523,0.912739965095986,0.886797514731884,0.933185156012709,2.1928247298549484,,,,,CHEMBL264_Ki
89709943,mondrian_nb,cliffB_oracle,cliff,32,28,0.875,0.7193169451834978,0.9502986561251991,2.0777276797818756,,,,,CHEMBL264_Ki
89709943,mondrian_nb,cliffB_oracle,noncliff,541,495,0.9149722735674677,0.8884438658935834,0.9356490747792092,2.1996326884544644,,,,,CHEMBL264_Ki
89709943,mondrian_nb,cliffA,all,573,523,0.912739965095986,0.886797514731884,0.933185156012709,2.1928247298549484,,,,,CHEMBL264_Ki
89709943,mondrian_nb,cliffA,cliff,74,69,0.9324324324324325,0.8513880607414608,0.9707959138346378,2.1132441913903857,,,,,CHEMBL264_Ki
89709943,mondrian_nb,cliffA,noncliff,499,454,0.9098196392785571,0.8814577504155109,0.9319198914345089,2.2046262525931795,,,,,CHEMBL264_Ki
89709943,mondrian_nb,__bins__,__summary__,-1,-1,,,,2.1928247298549484,0.8529411764705882,0.11069518716577542,0.8347826086956521,0.12173913043478268,CHEMBL264_Ki
89709943,mondrian_nnsim,cliffB_oracle,all,573,523,0.912739965095986,0.886797514731884,0.933185156012709,2.23622291093708,,,,,CHEMBL264_Ki
89709943,mondrian_nnsim,cliffB_oracle,cliff,32,31,0.96875,0.8425573617998744,0.9944621398359969,2.391006760491869,,,,,CHEMBL264_Ki
89709943,mondrian_nnsim,cliffB_oracle,noncliff,541,492,0.9094269870609981,0.8822691523111331,0.9308114105352968,2.227067489151954,,,,,CHEMBL264_Ki
89709943,mondrian_nnsim,cliffA,all,573,523,0.912739965095986,0.886797514731884,0.933185156012709,2.23622291093708,,,,,CHEMBL264_Ki
89709943,mondrian_nnsim,cliffA,cliff,74,71,0.9594594594594594,0.8874529042090835,0.9861175687780213,2.3771330459937836,,,,,CHEMBL264_Ki
89709943,mondrian_nnsim,cliffA,noncliff,499,452,0.905811623246493,0.8769939175022662,0.9284289307844283,2.215326417962739,,,,,CHEMBL264_Ki
89709943,mondrian_nnsim,__bins__,__summary__,-1,-1,,,,2.23622291093708,0.8676470588235294,0.1048300053966541,0.808695652173913,0.16521739130434787,CHEMBL264_Ki
89709943,mondrian_pairgap,cliffB_oracle,all,573,520,0.9075043630017452,0.880992242971099,0.9285889562629919,2.185979551659758,,,,,CHEMBL264_Ki
89709943,mondrian_pairgap,cliffB_oracle,cliff,32,28,0.875,0.7193169451834978,0.9502986561251991,2.0848334016973435,,,,,CHEMBL264_Ki
89709943,mondrian_pairgap,cliffB_oracle,noncliff,541,492,0.9094269870609981,0.8822691523111331,0.9308114105352968,2.191962318385816,,,,,CHEMBL264_Ki
89709943,mondrian_pairgap,cliffA,all,573,520,0.9075043630017452,0.880992242971099,0.9285889562629919,2.185979551659758,,,,,CHEMBL264_Ki
89709943,mondrian_pairgap,cliffA,cliff,74,68,0.918918918918919,0.8341805755644218,0.9623101498061737,2.102385851766812,,,,,CHEMBL264_Ki
89709943,mondrian_pairgap,cliffA,noncliff,499,452,0.905811623246493,0.8769939175022662,0.9284289307844283,2.198376212565726,,,,,CHEMBL264_Ki
89709943,mondrian_pairgap,__bins__,__summary__,-1,-1,,,,2.185979551659758,0.8382352941176471,0.13424177010253646,0.8,0.16521739130434776,CHEMBL264_Ki
89709943,mondrian_rfstd,cliffB_oracle,all,573,519,0.9057591623036649,0.8790622158571149,0.9270518262068086,2.1108917432272754,,,,,CHEMBL264_Ki
89709943,mondrian_rfstd,cliffB_oracle,cliff,32,29,0.90625,0.7578184527161212,0.9675984487016337,1.9164276929449462,,,,,CHEMBL264_Ki
89709943,mondrian_rfstd,cliffB_oracle,noncliff,541,490,0.9057301293900185,0.8781675653189678,0.9275714123098873,2.1223942378835314,,,,,CHEMBL264_Ki
89709943,mondrian_rfstd,cliffA,all,573,519,0.9057591623036649,0.8790622158571149,0.9270518262068086,2.1108917432272754,,,,,CHEMBL264_Ki
89709943,mondrian_rfstd,cliffA,cliff,74,68,0.918918918918919,0.8341805755644218,0.9623101498061737,1.9539869145726807,,,,,CHEMBL264_Ki
89709943,mondrian_rfstd,cliffA,noncliff,499,451,0.9038076152304609,0.8747671786856092,0.9266782728194226,2.134160194771243,,,,,CHEMBL264_Ki
89709943,mondrian_rfstd,__bins__,__summary__,-1,-1,,,,2.1108917432272754,0.8623853211009175,0.08256880733944949,0.8608695652173913,0.08695652173913038,CHEMBL264_Ki
86921808,global,cliffB_oracle,all,573,533,0.9301919720767888,0.9063357130108926,0.9483185294353748,2.5025673326752056,,,,,CHEMBL264_Ki
86921808,global,cliffB_oracle,cliff,45,42,0.9333333333333333,0.8214339803640811,0.977067967400749,2.5025673326752047,,,,,CHEMBL264_Ki
86921808,global,cliffB_oracle,noncliff,528,491,0.9299242424242424,0.9049025636923215,0.9487352873445273,2.5025673326752056,,,,,CHEMBL264_Ki
86921808,global,cliffA,all,573,533,0.9301919720767888,0.9063357130108926,0.9483185294353748,2.5025673326752056,,,,,CHEMBL264_Ki
86921808,global,cliffA,cliff,78,74,0.9487179487179487,0.8754332345270551,0.9798789875261039,2.502567332675205,,,,,CHEMBL264_Ki
86921808,global,cliffA,noncliff,495,459,0.9272727272727272,0.9009574095728161,0.947007394715925,2.5025673326752056,,,,,CHEMBL264_Ki
86921808,global,__bins__,__summary__,-1,-1,,,,2.5025673326752056,0.896,0.09507142857142858,0.8260869565217391,0.15652173913043477,CHEMBL264_Ki
86921808,mondrian_pair,cliffB_oracle,all,573,539,0.9406631762652705,0.918226885957117,0.9572302995101549,2.609805350297748,,,,,CHEMBL264_Ki
86921808,mondrian_pair,cliffB_oracle,cliff,45,41,0.9111111111111111,0.7926642466571064,0.9648888832736299,2.3263907072506447,,,,,CHEMBL264_Ki
86921808,mondrian_pair,cliffB_oracle,noncliff,528,498,0.9431818181818182,0.9200477716432117,0.9599137135665795,2.633960007375626,,,,,CHEMBL264_Ki
86921808,mondrian_pair,cliffA,all,573,539,0.9406631762652705,0.918226885957117,0.9572302995101549,2.609805350297748,,,,,CHEMBL264_Ki
86921808,mondrian_pair,cliffA,cliff,78,73,0.9358974358974359,0.8585640453682883,0.9723106846262091,2.3258024033314366,,,,,CHEMBL264_Ki
86921808,mondrian_pair,cliffA,noncliff,495,466,0.9414141414141414,0.9171276220072146,0.958902211265078,2.6545573298197116,,,,,CHEMBL264_Ki
86921808,mondrian_pair,__bins__,__summary__,-1,-1,,,,2.609805350297748,0.896,0.09507142857142858,0.8695652173913043,0.10434782608695659,CHEMBL264_Ki
86921808,mondrian_wstd,cliffB_oracle,all,573,533,0.9301919720767888,0.9063357130108926,0.9483185294353748,2.457602493779167,,,,,CHEMBL264_Ki
86921808,mondrian_wstd,cliffB_oracle,cliff,45,42,0.9333333333333333,0.8214339803640811,0.977067967400749,2.6928648463321085,,,,,CHEMBL264_Ki
86921808,mondrian_wstd,cliffB_oracle,noncliff,528,491,0.9299242424242424,0.9049025636923215,0.9487352873445273,2.4375517250956773,,,,,CHEMBL264_Ki
86921808,mondrian_wstd,cliffA,all,573,533,0.9301919720767888,0.9063357130108926,0.9483185294353748,2.457602493779167,,,,,CHEMBL264_Ki
86921808,mondrian_wstd,cliffA,cliff,78,74,0.9487179487179487,0.8754332345270551,0.9798789875261039,2.6166684654790835,,,,,CHEMBL264_Ki
86921808,mondrian_wstd,cliffA,noncliff,495,459,0.9272727272727272,0.9009574095728161,0.947007394715925,2.4325375527840283,,,,,CHEMBL264_Ki
86921808,mondrian_wstd,__bins__,__summary__,-1,-1,,,,2.457602493779167,0.8839285714285714,0.09207142857142858,0.8782608695652174,0.09565217391304348,CHEMBL264_Ki
86921808,mondrian_std,cliffB_oracle,all,573,533,0.9301919720767888,0.9063357130108926,0.9483185294353748,2.4362897160050214,,,,,CHEMBL264_Ki
86921808,mondrian_std,cliffB_oracle,cliff,45,42,0.9333333333333333,0.8214339803640811,0.977067967400749,2.6706233975782916,,,,,CHEMBL264_Ki
86921808,mondrian_std,cliffB_oracle,noncliff,528,491,0.9299242424242424,0.9049025636923215,0.9487352873445273,2.4163180954163908,,,,,CHEMBL264_Ki
86921808,mondrian_std,cliffA,all,573,533,0.9301919720767888,0.9063357130108926,0.9483185294353748,2.4362897160050214,,,,,CHEMBL264_Ki
86921808,mondrian_std,cliffA,cliff,78,74,0.9487179487179487,0.8754332345270551,0.9798789875261039,2.5713732694225526,,,,,CHEMBL264_Ki
86921808,mondrian_std,cliffA,noncliff,495,459,0.9272727272727272,0.9009574095728161,0.947007394715925,2.4150038227392296,,,,,CHEMBL264_Ki
86921808,mondrian_std,__bins__,__summary__,-1,-1,,,,2.4362897160050214,0.8839285714285714,0.08407142857142857,0.8695652173913043,0.11304347826086958,CHEMBL264_Ki
86921808,mondrian_iqr,cliffB_oracle,all,573,532,0.9284467713787086,0.9043673333894476,0.9468197518866522,2.408697238781091,,,,,CHEMBL264_Ki
86921808,mondrian_iqr,cliffB_oracle,cliff,45,41,0.9111111111111111,0.7926642466571064,0.9648888832736299,2.518829236018645,,,,,CHEMBL264_Ki
86921808,mondrian_iqr,cliffB_oracle,noncliff,528,491,0.9299242424242424,0.9049025636923215,0.9487352873445273,2.399310989016527,,,,,CHEMBL264_Ki
86921808,mondrian_iqr,cliffA,all,573,532,0.9284467713787086,0.9043673333894476,0.9468197518866522,2.408697238781091,,,,,CHEMBL264_Ki
86921808,mondrian_iqr,cliffA,cliff,78,73,0.9358974358974359,0.8585640453682883,0.9723106846262091,2.426394306524935,,,,,CHEMBL264_Ki
86921808,mondrian_iqr,cliffA,noncliff,495,459,0.9272727272727272,0.9009574095728161,0.947007394715925,2.4059086099244857,,,,,CHEMBL264_Ki
86921808,mondrian_iqr,__bins__,__summary__,-1,-1,,,,2.408697238781091,0.896,0.07721428571428568,0.8608695652173913,0.11304347826086958,CHEMBL264_Ki
86921808,mondrian_nb,cliffB_oracle,all,573,525,0.9162303664921466,0.8906810286361034,0.9362359564488246,2.300956636182709,,,,,CHEMBL264_Ki
86921808,mondrian_nb,cliffB_oracle,cliff,45,37,0.8222222222222222,0.6867017537354023,0.9070561048589585,2.073329503552951,,,,,CHEMBL264_Ki
86921808,mondrian_nb,cliffB_oracle,noncliff,528,488,0.9242424242424242,0.8984817102057524,0.9438745833284065,2.320356675895472,,,,,CHEMBL264_Ki
86921808,mondrian_nb,cliffA,all,573,525,0.9162303664921466,0.8906810286361034,0.9362359564488246,2.300956636182709,,,,,CHEMBL264_Ki
86921808,mondrian_nb,cliffA,cliff,78,67,0.8589743589743589,0.7648602182063984,0.9193895594361288,2.08742918474865,,,,,CHEMBL264_Ki
86921808,mondrian_nb,cliffA,noncliff,495,458,0.9252525252525252,0.8986687254132063,0.9452867890207416,2.334603386105651,,,,,CHEMBL264_Ki
86921808,mondrian_nb,__bins__,__summary__,-1,-1,,,,2.300956636182709,0.848,0.13414285714285712,0.8260869565217391,0.13043478260869568,CHEMBL264_Ki
86921808,mondrian_nnsim,cliffB_oracle,all,573,530,0.924956369982548,0.9004409859407068,0.9438117849950585,2.4781200193134865,,,,,CHEMBL264_Ki
86921808,mondrian_nnsim,cliffB_oracle,cliff,45,42,0.9333333333333333,0.8214339803640811,0.977067967400749,2.849438618856983,,,,,CHEMBL264_Ki
86921808,mondrian_nnsim,cliffB_oracle,noncliff,528,488,0.9242424242424242,0.8984817102057524,0.9438745833284065,2.4464735477614834,,,,,CHEMBL264_Ki
86921808,mondrian_nnsim,cliffA,all,573,530,0.924956369982548,0.9004409859407068,0.9438117849950585,2.4781200193134865,,,,,CHEMBL264_Ki
86921808,mondrian_nnsim,cliffA,cliff,78,72,0.9230769230769231,0.8421677019381915,0.9642695359976443,2.7024939770022973,,,,,CHEMBL264_Ki
86921808,mondrian_nnsim,cliffA,noncliff,495,458,0.9252525252525252,0.8986687254132063,0.9452867890207416,2.4427641229504014,,,,,CHEMBL264_Ki
86921808,mondrian_nnsim,__bins__,__summary__,-1,-1,,,,2.4781200193134865,0.888,0.08521428571428569,0.8260869565217391,0.15652173913043477,CHEMBL264_Ki
86921808,mondrian_pairgap,cliffB_oracle,all,573,537,0.93717277486911,0.9142468084003452,0.9542760627265918,2.5862256508735024,,,,,CHEMBL264_Ki
86921808,mondrian_pairgap,cliffB_oracle,cliff,45,40,0.8888888888888888,0.7650090300423141,0.9515952820543282,2.2846270435074816,,,,,CHEMBL264_Ki
86921808,mondrian_pairgap,cliffB_oracle,noncliff,528,497,0.9412878787878788,0.9178684461530916,0.9583325198891363,2.611930077637652,,,,,CHEMBL264_Ki
86921808,mondrian_pairgap,cliffA,all,573,537,0.93717277486911,0.9142468084003452,0.9542760627265918,2.5862256508735024,,,,,CHEMBL264_Ki
86921808,mondrian_pairgap,cliffA,cliff,78,72,0.9230769230769231,0.8421677019381915,0.9642695359976443,2.3074212877162474,,,,,CHEMBL264_Ki
86921808,mondrian_pairgap,cliffA,noncliff,495,465,0.9393939393939394,0.9147999825102218,0.9572205609072779,2.6301584596134338,,,,,CHEMBL264_Ki
86921808,mondrian_pairgap,__bins__,__summary__,-1,-1,,,,2.5862256508735024,0.896,0.08614285714285708,0.8695652173913043,0.10434782608695659,CHEMBL264_Ki
86921808,mondrian_rfstd,cliffB_oracle,all,573,527,0.9197207678883071,0.8945759019435434,0.9392753974817195,2.2421467977539047,,,,,CHEMBL264_Ki
86921808,mondrian_rfstd,cliffB_oracle,cliff,45,34,0.7555555555555555,0.6132661994297965,0.8576452056622828,2.197183787206365,,,,,CHEMBL264_Ki
86921808,mondrian_rfstd,cliffB_oracle,noncliff,528,493,0.9337121212121212,0.9092049547078693,0.9519539346641057,2.2459788725164795,,,,,CHEMBL264_Ki
86921808,mondrian_rfstd,cliffA,all,573,527,0.9197207678883071,0.8945759019435434,0.9392753974817195,2.2421467977539047,,,,,CHEMBL264_Ki
86921808,mondrian_rfstd,cliffA,cliff,78,64,0.8205128205128205,0.7209764606558008,0.8899608408107412,2.1678559174436467,,,,,CHEMBL264_Ki
86921808,mondrian_rfstd,cliffA,noncliff,495,463,0.9353535353535354,0.9101633118513917,0.9538386518565218,2.253853239499764,,,,,CHEMBL264_Ki
86921808,mondrian_rfstd,__bins__,__summary__,-1,-1,,,,2.2421467977539047,0.9017857142857143,0.0535714285714286,0.8695652173913043,0.09565217391304348,CHEMBL264_Ki
89165191,global,cliffB_oracle,all,573,522,0.9109947643979057,0.8848598274064312,0.9316556861679945,2.358036588015807,,,,,CHEMBL264_Ki
89165191,global,cliffB_oracle,cliff,50,46,0.92,0.8116175308165717,0.968450485911407,2.358036588015807,,,,,CHEMBL264_Ki
89165191,global,cliffB_oracle,noncliff,523,476,0.9101338432122371,0.8825401944150629,0.931746519011578,2.358036588015807,,,,,CHEMBL264_Ki
89165191,global,cliffA,all,573,522,0.9109947643979057,0.8848598274064312,0.9316556861679945,2.358036588015807,,,,,CHEMBL264_Ki
89165191,global,cliffA,cliff,82,78,0.9512195121951219,0.8811853807742406,0.9808689344322542,2.358036588015807,,,,,CHEMBL264_Ki
89165191,global,cliffA,noncliff,491,444,0.9042769857433809,0.8750269617613188,0.9272501977679782,2.3580365880158074,,,,,CHEMBL264_Ki
89165191,global,__bins__,__summary__,-1,-1,,,,2.358036588015807,0.8549618320610687,0.09999312289388629,0.8,0.19122807017543852,CHEMBL264_Ki
89165191,mondrian_pair,cliffB_oracle,all,573,521,0.9092495636998255,0.8829247589926643,0.930123597411594,2.363655727820975,,,,,CHEMBL264_Ki
89165191,mondrian_pair,cliffB_oracle,cliff,50,44,0.88,0.7619518261679701,0.9438239984906773,2.2945864949413597,,,,,CHEMBL264_Ki
89165191,mondrian_pair,cliffB_oracle,noncliff,523,477,0.9120458891013384,0.8846706459721562,0.9334122759086881,2.3702589049605174,,,,,CHEMBL264_Ki
89165191,mondrian_pair,cliffA,all,573,521,0.9092495636998255,0.8829247589926643,0.930123597411594,2.363655727820975,,,,,CHEMBL264_Ki
89165191,mondrian_pair,cliffA,cliff,82,76,0.926829268292683,0.8494215619114518,0.9660352227433409,2.300020834173934,,,,,CHEMBL264_Ki
89165191,mondrian_pair,cliffA,noncliff,491,445,0.9063136456211812,0.8772924587225377,0.9290263993434307,2.3742831438679355,,,,,CHEMBL264_Ki
89165191,mondrian_pair,__bins__,__summary__,-1,-1,,,,2.363655727820975,0.8549618320610687,0.09999312289388629,0.8,0.1824561403508771,CHEMBL264_Ki
89165191,mondrian_wstd,cliffB_oracle,all,573,520,0.9075043630017452,0.880992242971099,0.9285889562629919,2.3136652189953035,,,,,CHEMBL264_Ki
89165191,mondrian_wstd,cliffB_oracle,cliff,50,45,0.9,0.7863976856252035,0.9565242350681096,2.3401604904092284,,,,,CHEMBL264_Ki
89165191,mondrian_wstd,cliffB_oracle,noncliff,523,475,0.9082217973231358,0.8804129823025204,0.9300775226699172,2.3111322102559226,,,,,CHEMBL264_Ki
89165191,mondrian_wstd,cliffA,all,573,520,0.9075043630017452,0.880992242971099,0.9285889562629919,2.3136652189953035,,,,,CHEMBL264_Ki
89165191,mondrian_wstd,cliffA,cliff,82,76,0.926829268292683,0.8494215619114518,0.9660352227433409,2.316054125222325,,,,,CHEMBL264_Ki
89165191,mondrian_wstd,cliffA,noncliff,491,444,0.9042769857433809,0.8750269617613188,0.9272501977679782,2.3132662570592224,,,,,CHEMBL264_Ki
89165191,mondrian_wstd,__bins__,__summary__,-1,-1,,,,2.3136652189953035,0.8636363636363636,0.10933660933660938,0.8347826086956521,0.13043478260869568,CHEMBL264_Ki
89165191,mondrian_std,cliffB_oracle,all,573,515,0.8987783595113438,0.8713658227241411,0.9208795906591126,2.282712342808885,,,,,CHEMBL264_Ki
89165191,mondrian_std,cliffB_oracle,cliff,50,44,0.88,0.7619518261679701,0.9438239984906773,2.2751924201847946,,,,,CHEMBL264_Ki
89165191,mondrian_std,cliffB_oracle,noncliff,523,471,0.9005736137667304,0.8719348150954364,0.9233708560601873,2.2834312646658725,,,,,CHEMBL264_Ki
89165191,mondrian_std,cliffA,all,573,515,0.8987783595113438,0.8713658227241411,0.9208795906591126,2.282712342808885,,,,,CHEMBL264_Ki
89165191,mondrian_std,cliffA,cliff,82,75,0.9146341463414634,0.8341245443721832,0.9580334750067581,2.2632953783271867,,,,,CHEMBL264_Ki
89165191,mondrian_std,cliffA,noncliff,491,440,0.8961303462321792,0.8659988831582648,0.9201114822243459,2.285955094514586,,,,,CHEMBL264_Ki
89165191,mondrian_std,__bins__,__summary__,-1,-1,,,,2.282712342808885,0.8625954198473282,0.10136854411663576,0.808695652173913,0.15652173913043477,CHEMBL264_Ki
89165191,mondrian_iqr,cliffB_oracle,all,573,525,0.9162303664921466,0.8906810286361034,0.9362359564488246,2.3594145715853307,,,,,CHEMBL264_Ki
89165191,mondrian_iqr,cliffB_oracle,cliff,50,46,0.92,0.8116175308165717,0.968450485911407,2.3586130382274386,,,,,CHEMBL264_Ki
89165191,mondrian_iqr,cliffB_oracle,noncliff,523,479,0.9158699808795411,0.8889416467101259,0.9367336920791254,2.3594912000134274,,,,,CHEMBL264_Ki
89165191,mondrian_iqr,cliffA,all,573,525,0.9162303664921466,0.8906810286361034,0.9362359564488246,2.3594145715853307,,,,,CHEMBL264_Ki
89165191,mondrian_iqr,cliffA,cliff,82,78,0.9512195121951219,0.8811853807742406,0.9808689344322542,2.3321463648203857,,,,,CHEMBL264_Ki
89165191,mondrian_iqr,cliffA,noncliff,491,447,0.9103869653767821,0.8818343074206989,0.9325679477186126,2.363968528723264,,,,,CHEMBL264_Ki
89165191,mondrian_iqr,__bins__,__summary__,-1,-1,,,,2.3594145715853307,0.8625954198473282,0.09235953510762673,0.8260869565217391,0.14782608695652177,CHEMBL264_Ki
89165191,mondrian_nb,cliffB_oracle,all,573,523,0.912739965095986,0.886797514731884,0.933185156012709,2.319493319145409,,,,,CHEMBL264_Ki
89165191,mondrian_nb,cliffB_oracle,cliff,50,45,0.9,0.7863976856252035,0.9565242350681096,2.1745049563812184,,,,,CHEMBL264_Ki
89165191,mondrian_nb,cliffB_oracle,noncliff,523,478,0.9139579349904398,0.8868044305313681,0.9350746998036797,2.3333545392949486,,,,,CHEMBL264_Ki
89165191,mondrian_nb,cliffA,all,573,523,0.912739965095986,0.886797514731884,0.933185156012709,2.319493319145409,,,,,CHEMBL264_Ki
89165191,mondrian_nb,cliffA,cliff,82,76,0.926829268292683,0.8494215619114518,0.9660352227433409,2.14622528265169,,,,,CHEMBL264_Ki
89165191,mondrian_nb,cliffA,noncliff,491,447,0.9103869653767821,0.8818343074206989,0.9325679477186126,2.3484301399040337,,,,,CHEMBL264_Ki
89165191,mondrian_nb,__bins__,__summary__,-1,-1,,,,2.319493319145409,0.8545454545454545,0.1094185094185095,0.8347826086956521,0.13913043478260878,CHEMBL264_Ki
89165191,mondrian_nnsim,cliffB_oracle,all,573,509,0.8883071553228621,0.8598866967565981,0.9115557736056512,2.2655389871935925,,,,,CHEMBL264_Ki
89165191,mondrian_nnsim,cliffB_oracle,cliff,50,43,0.86,0.7381380628941446,0.9304916657298371,2.2408177274549264,,,,,CHEMBL264_Ki
89165191,mondrian_nnsim,cliffB_oracle,noncliff,523,466,0.8910133843212237,0.8614005053926396,0.9149241234919668,2.2679023963464284,,,,,CHEMBL264_Ki
89165191,mondrian_nnsim,cliffA,all,573,509,0.8883071553228621,0.8598866967565981,0.9115557736056512,2.2655389871935925,,,,,CHEMBL264_Ki
89165191,mondrian_nnsim,cliffA,cliff,82,75,0.9146341463414634,0.8341245443721832,0.9580334750067581,2.2383237941240384,,,,,CHEMBL264_Ki
89165191,mondrian_nnsim,cliffA,noncliff,491,434,0.8839103869653768,0.8525493468264597,0.909310827336122,2.270084090720483,,,,,CHEMBL264_Ki
89165191,mondrian_nnsim,__bins__,__summary__,-1,-1,,,,2.2655389871935925,0.8181818181818182,0.1277641277641277,0.782608695652174,0.1998474446987032,CHEMBL264_Ki
89165191,mondrian_pairgap,cliffB_oracle,all,573,515,0.8987783595113438,0.8713658227241411,0.9208795906591126,2.3763615287445217,,,,,CHEMBL264_Ki
89165191,mondrian_pairgap,cliffB_oracle,cliff,50,46,0.92,0.8116175308165717,0.968450485911407,2.4630908780743392,,,,,CHEMBL264_Ki
89165191,mondrian_pairgap,cliffB_oracle,noncliff,523,469,0.8967495219885278,0.8677130525338771,0.9200002017133396,2.3680700039519964,,,,,CHEMBL264_Ki
89165191,mondrian_pairgap,cliffA,all,573,515,0.8987783595113438,0.8713658227241411,0.9208795906591126,2.3763615287445217,,,,,CHEMBL264_Ki
89165191,mondrian_pairgap,cliffA,cliff,82,78,0.9512195121951219,0.8811853807742406,0.9808689344322542,2.438921906189413,,,,,CHEMBL264_Ki
89165191,mondrian_pairgap,cliffA,noncliff,491,437,0.890020366598778,0.8592610204608085,0.9147242493117876,2.365913563468593,,,,,CHEMBL264_Ki
89165191,mondrian_pairgap,__bins__,__summary__,-1,-1,,,,2.3763615287445217,0.8549618320610687,0.09098411388487726,0.8,0.17391304347826086,CHEMBL264_Ki
89165191,mondrian_rfstd,cliffB_oracle,all,573,523,0.912739965095986,0.886797514731884,0.933185156012709,2.1445557643166846,,,,,CHEMBL264_Ki
89165191,mondrian_rfstd,cliffB_oracle,cliff,50,43,0.86,0.7381380628941446,0.9304916657298371,2.0936859718706535,,,,,CHEMBL264_Ki
89165191,mondrian_rfstd,cliffB_oracle,noncliff,523,480,0.9177820267686424,0.8910823985789192,0.9383891486645354,2.1494190331929786,,,,,CHEMBL264_Ki
89165191,mondrian_rfstd,cliffA,all,573,523,0.912739965095986,0.886797514731884,0.933185156012709,2.1445557643166846,,,,,CHEMBL264_Ki
89165191,mondrian_rfstd,cliffA,cliff,82,75,0.9146341463414634,0.8341245443721832,0.9580334750067581,2.0164223093170124,,,,,CHEMBL264_Ki
89165191,mondrian_rfstd,cliffA,noncliff,491,448,0.9124236252545825,0.8841108753566185,0.9343330783193646,2.1659548341944306,,,,,CHEMBL264_Ki
89165191,mondrian_rfstd,__bins__,__summary__,-1,-1,,,,2.1445557643166846,0.8778625954198473,0.08610136854411665,0.8782608695652174,0.06956521739130428,CHEMBL264_Ki
71339737,global,cliffB_oracle,all,470,402,0.8553191489361702,0.8206339643058315,0.8842431497214335,1.9835291320513362,,,,,CHEMBL235_EC50
71339737,global,cliffB_oracle,cliff,58,43,0.7413793103448276,0.6162261423525959,0.8365445479570304,1.9835291320513355,,,,,CHEMBL235_EC50
71339737,global,cliffB_oracle,noncliff,412,359,0.8713592233009708,0.8355673669498388,0.9002899977001432,1.9835291320513362,,,,,CHEMBL235_EC50
71339737,global,cliffA,all,470,402,0.8553191489361702,0.8206339643058315,0.8842431497214335,1.9835291320513362,,,,,CHEMBL235_EC50
71339737,global,cliffA,cliff,102,85,0.8333333333333334,0.7492125241562049,0.8932578344128197,1.9835291320513357,,,,,CHEMBL235_EC50
71339737,global,cliffA,noncliff,368,317,0.8614130434782609,0.8223628862515147,0.8929957530019637,1.9835291320513362,,,,,CHEMBL235_EC50
71339737,global,__bins__,__summary__,-1,-1,,,,1.9835291320513362,0.75,0.1611111111111111,0.7553191489361702,0.17021276595744672,CHEMBL235_EC50
71339737,mondrian_pair,cliffB_oracle,all,470,403,0.8574468085106383,0.8229366716401159,0.8861612634292284,1.9993579205045195,,,,,CHEMBL235_EC50
71339737,mondrian_pair,cliffB_oracle,cliff,58,44,0.7586206896551724,0.6347001974698658,0.8504112564333051,2.0075793386450735,,,,,CHEMBL235_EC50
71339737,mondrian_pair,cliffB_oracle,noncliff,412,359,0.8713592233009708,0.8355673669498388,0.9002899977001432,1.998200536397354,,,,,CHEMBL235_EC50
71339737,mondrian_pair,cliffA,all,470,403,0.8574468085106383,0.8229366716401159,0.8861612634292284,1.9993579205045195,,,,,CHEMBL235_EC50
71339737,mondrian_pair,cliffA,cliff,102,86,0.8431372549019608,0.76028943802391,0.9010771075618504,2.0072335186809807,,,,,CHEMBL235_EC50
71339737,mondrian_pair,cliffA,noncliff,368,317,0.8614130434782609,0.8223628862515147,0.8929957530019637,1.9971750101403918,,,,,CHEMBL235_EC50
71339737,mondrian_pair,__bins__,__summary__,-1,-1,,,,1.9993579205045195,0.75,0.1611111111111111,0.7553191489361702,0.18085106382978722,CHEMBL235_EC50
71339737,mondrian_wstd,cliffB_oracle,all,470,394,0.8382978723404255,0.8022916281871281,0.8688189175035014,1.992106588450229,,,,,CHEMBL235_EC50
71339737,mondrian_wstd,cliffB_oracle,cliff,58,44,0.7586206896551724,0.6347001974698658,0.8504112564333051,2.0643415105463117,,,,,CHEMBL235_EC50
71339737,mondrian_wstd,cliffB_oracle,noncliff,412,350,0.8495145631067961,0.8117694350221274,0.8808022022955027,1.9819375945629163,,,,,CHEMBL235_EC50
71339737,mondrian_wstd,cliffA,all,470,394,0.8382978723404255,0.8022916281871281,0.8688189175035014,1.992106588450229,,,,,CHEMBL235_EC50
71339737,mondrian_wstd,cliffA,cliff,102,85,0.8333333333333334,0.7492125241562049,0.8932578344128197,2.0559807284241636,,,,,CHEMBL235_EC50
71339737,mondrian_wstd,cliffA,noncliff,368,309,0.8396739130434783,0.7987070997298583,0.8736224484407039,1.9744023431313666,,,,,CHEMBL235_EC50
71339737,mondrian_wstd,__bins__,__summary__,-1,-1,,,,1.992106588450229,0.7555555555555555,0.14332084893882646,0.7659574468085106,0.12765957446808507,CHEMBL235_EC50
71339737,mondrian_std,cliffB_oracle,all,470,402,0.8553191489361702,0.8206339643058315,0.8842431497214335,2.0469177694356078,,,,,CHEMBL235_EC50
71339737,mondrian_std,cliffB_oracle,cliff,58,45,0.7758620689655172,0.653388823610813,0.8640633938859026,2.1037011299732864,,,,,CHEMBL235_EC50
71339737,mondrian_std,cliffB_oracle,noncliff,412,357,0.866504854368932,0.8302552315093032,0.8959830826223782,2.0389239953793328,,,,,CHEMBL235_EC50
71339737,mondrian_std,cliffA,all,470,402,0.8553191489361702,0.8206339643058315,0.8842431497214335,2.0469177694356078,,,,,CHEMBL235_EC50
71339737,mondrian_std,cliffA,cliff,102,86,0.8431372549019608,0.76028943802391,0.9010771075618504,2.097228045989422,,,,,CHEMBL235_EC50
71339737,mondrian_std,cliffA,noncliff,368,316,0.8586956521739131,0.8193914437135896,0.8905885591545242,2.032973073216888,,,,,CHEMBL235_EC50
71339737,mondrian_std,__bins__,__summary__,-1,-1,,,,2.0469177694356078,0.797752808988764,0.101123595505618,0.776595744680851,0.13829787234042556,CHEMBL235_EC50
71339737,mondrian_iqr,cliffB_oracle,all,470,405,0.8617021276595744,0.8275491366768675,0.8899904404766357,2.0328728898325372,,,,,CHEMBL235_EC50
71339737,mondrian_iqr,cliffB_oracle,cliff,58,45,0.7758620689655172,0.653388823610813,0.8640633938859026,2.005306422754142,,,,,CHEMBL235_EC50
71339737,mondrian_iqr,cliffB_oracle,noncliff,412,360,0.8737864077669902,0.8382289041520695,0.9024379857570627,2.0367536060717284,,,,,CHEMBL235_EC50
71339737,mondrian_iqr,cliffA,all,470,405,0.8617021276595744,0.8275491366768675,0.8899904404766357,2.0328728898325372,,,,,CHEMBL235_EC50
71339737,mondrian_iqr,cliffA,cliff,102,86,0.8431372549019608,0.76028943802391,0.9010771075618504,2.0216721967636357,,,,,CHEMBL235_EC50
71339737,mondrian_iqr,cliffA,noncliff,368,319,0.8668478260869565,0.82831916227505,0.8977967497491574,2.035977429759243,,,,,CHEMBL235_EC50
71339737,mondrian_iqr,__bins__,__summary__,-1,-1,,,,2.0328728898325372,0.8222222222222222,0.10000000000000009,0.776595744680851,0.17021276595744683,CHEMBL235_EC50
71339737,mondrian_nb,cliffB_oracle,all,470,412,0.8765957446808511,0.843771749760303,0.9033135746877563,2.144850964214576,,,,,CHEMBL235_EC50
71339737,mondrian_nb,cliffB_oracle,cliff,58,45,0.7758620689655172,0.653388823610813,0.8640633938859026,2.06410354730484,,,,,CHEMBL235_EC50
71339737,mondrian_nb,cliffB_oracle,noncliff,412,367,0.8907766990291263,0.8569705962420511,0.9173629704811328,2.1562183190222575,,,,,CHEMBL235_EC50
71339737,mondrian_nb,cliffA,all,470,412,0.8765957446808511,0.843771749760303,0.9033135746877563,2.144850964214576,,,,,CHEMBL235_EC50
71339737,mondrian_nb,cliffA,cliff,102,85,0.8333333333333334,0.7492125241562049,0.8932578344128197,2.0730274348345303,,,,,CHEMBL235_EC50
71339737,mondrian_nb,cliffA,noncliff,368,327,0.8885869565217391,0.8523408822373227,0.9168041208698005,2.164758572901437,,,,,CHEMBL235_EC50
71339737,mondrian_nb,__bins__,__summary__,-1,-1,,,,2.144850964214576,0.7767857142857143,0.1782704654895666,0.7659574468085106,0.18085106382978722,CHEMBL235_EC50
71339737,mondrian_nnsim,cliffB_oracle,all,470,408,0.8680851063829788,0.8344861406482026,0.895715899631539,2.1228663257543636,,,,,CHEMBL235_EC50
71339737,mondrian_nnsim,cliffB_oracle,cliff,58,44,0.7586206896551724,0.6347001974698658,0.8504112564333051,2.0326162064499433,,,,,CHEMBL235_EC50
71339737,mondrian_nnsim,cliffB_oracle,noncliff,412,364,0.883495145631068,0.8489136426337515,0.9109913483119817,2.1355714396370247,,,,,CHEMBL235_EC50
71339737,mondrian_nnsim,cliffA,all,470,408,0.8680851063829788,0.8344861406482026,0.895715899631539,2.1228663257543636,,,,,CHEMBL235_EC50
71339737,mondrian_nnsim,cliffA,cliff,102,86,0.8431372549019608,0.76028943802391,0.9010771075618504,2.0455822013705167,,,,,CHEMBL235_EC50
71339737,mondrian_nnsim,cliffA,noncliff,368,322,0.875,0.837288781378366,0.9049630398019348,2.1442874689259734,,,,,CHEMBL235_EC50
71339737,mondrian_nnsim,__bins__,__summary__,-1,-1,,,,2.1228663257543636,0.75,0.1938202247191011,0.776595744680851,0.15957446808510645,CHEMBL235_EC50
71339737,mondrian_pairgap,cliffB_oracle,all,470,396,0.8425531914893617,0.8068645092659746,0.8726876785088137,2.0676952440630667,,,,,CHEMBL235_EC50
71339737,mondrian_pairgap,cliffB_oracle,cliff,58,42,0.7241379310344828,0.5979534481052067,0.8224764786108747,2.0127622007917383,,,,,CHEMBL235_EC50
71339737,mondrian_pairgap,cliffB_oracle,noncliff,412,354,0.8592233009708737,0.8223131570990821,0.8894965812551489,2.0754285365624283,,,,,CHEMBL235_EC50
71339737,mondrian_pairgap,cliffA,all,470,396,0.8425531914893617,0.8068645092659746,0.8726876785088137,2.0676952440630667,,,,,CHEMBL235_EC50
71339737,mondrian_pairgap,cliffA,cliff,102,84,0.8235294117647058,0.738217323397782,0.8853568481545064,2.034562184583655,,,,,CHEMBL235_EC50
71339737,mondrian_pairgap,cliffA,noncliff,368,312,0.8478260869565217,0.8075479260483216,0.8809175312783342,2.0768788638100775,,,,,CHEMBL235_EC50
71339737,mondrian_pairgap,__bins__,__summary__,-1,-1,,,,2.0676952440630667,0.75,0.17222222222222228,0.7553191489361702,0.15957446808510634,CHEMBL235_EC50
71339737,mondrian_rfstd,cliffB_oracle,all,470,399,0.8489361702127659,0.813739441938373,0.8784752089626535,2.0553615965486927,,,,,CHEMBL235_EC50
71339737,mondrian_rfstd,cliffB_oracle,cliff,58,39,0.6724137931034483,0.544240546784708,0.7791670891507392,1.9169636302281392,,,,,CHEMBL235_EC50
71339737,mondrian_rfstd,cliffB_oracle,noncliff,412,360,0.8737864077669902,0.8382289041520695,0.9024379857570627,2.0748448053996444,,,,,CHEMBL235_EC50
71339737,mondrian_rfstd,cliffA,all,470,399,0.8489361702127659,0.813739441938373,0.8784752089626535,2.0553615965486927,,,,,CHEMBL235_EC50
71339737,mondrian_rfstd,cliffA,cliff,102,80,0.7843137254901961,0.6949614254678732,0.8530279980174712,1.937353725355153,,,,,CHEMBL235_EC50
71339737,mondrian_rfstd,cliffA,noncliff,368,319,0.8668478260869565,0.82831916227505,0.8977967497491574,2.0880702999773373,,,,,CHEMBL235_EC50
71339737,mondrian_rfstd,__bins__,__summary__,-1,-1,,,,2.0553615965486927,0.7666666666666667,0.13220973782771528,0.7446808510638298,0.14893617021276595,CHEMBL235_EC50
99182118,global,cliffB_oracle,all,470,425,0.9042553191489362,0.8742828589631756,0.9276731390319163,2.2912815787787717,,,,,CHEMBL235_EC50
99182118,global,cliffB_oracle,cliff,49,44,0.8979591836734694,0.7824363845080409,0.9556204532552373,2.291281578778772,,,,,CHEMBL235_EC50
99182118,global,cliffB_oracle,noncliff,421,381,0.9049881235154394,0.8732033903060772,0.9294489707572067,2.291281578778772,,,,,CHEMBL235_EC50
99182118,global,cliffA,all,470,425,0.9042553191489362,0.8742828589631756,0.9276731390319163,2.2912815787787717,,,,,CHEMBL235_EC50
99182118,global,cliffA,cliff,94,86,0.9148936170212766,0.8409635527251013,0.9562445116287234,2.2912815787787726,,,,,CHEMBL235_EC50
99182118,global,cliffA,noncliff,376,339,0.901595744680851,0.8673058461322862,0.9277627094109371,2.291281578778772,,,,,CHEMBL235_EC50
99182118,global,__bins__,__summary__,-1,-1,,,,2.2912815787787717,0.7982456140350878,0.17928247585255264,0.7978723404255319,0.18085106382978722,CHEMBL235_EC50
99182118,mondrian_pair,cliffB_oracle,all,470,422,0.8978723404255319,0.8671913158123901,0.9221022190564634,2.2392112053451445,,,,,CHEMBL235_EC50
99182118,mondrian_pair,cliffB_oracle,cliff,49,44,0.8979591836734694,0.7824363845080409,0.9556204532552373,2.2701373178479365,,,,,CHEMBL235_EC50
99182118,mondrian_pair,cliffB_oracle,noncliff,421,378,0.8978622327790974,0.8652448391058297,0.9232846065135253,2.2356117290680975,,,,,CHEMBL235_EC50
99182118,mondrian_pair,cliffA,all,470,422,0.8978723404255319,0.8671913158123901,0.9221022190564634,2.2392112053451445,,,,,CHEMBL235_EC50
99182118,mondrian_pair,cliffA,cliff,94,86,0.9148936170212766,0.8409635527251013,0.9562445116287234,2.272848930375928,,,,,CHEMBL235_EC50
99182118,mondrian_pair,cliffA,noncliff,376,336,0.8936170212765957,0.85837483236793,0.9208976591578782,2.230801774087449,,,,,CHEMBL235_EC50
99182118,mondrian_pair,__bins__,__summary__,-1,-1,,,,2.2392112053451445,0.7894736842105263,0.18805440567711407,0.7978723404255319,0.18085106382978722,CHEMBL235_EC50
99182118,mondrian_wstd,cliffB_oracle,all,470,423,0.9,0.8695514643123263,0.9239628915986067,2.2920818026713072,,,,,CHEMBL235_EC50
99182118,mondrian_wstd,cliffB_oracle,cliff,49,43,0.8775510204081632,0.7575560270624347,0.9426517420975983,2.3104255590234444,,,,,CHEMBL235_EC50
99182118,mondrian_wstd,cliffB_oracle,noncliff,421,380,0.9026128266033254,0.8705456154480019,0.9273991071339723,2.2899467811481373,,,,,CHEMBL235_EC50
99182118,mondrian_wstd,cliffA,all,470,423,0.9,0.8695514643123263,0.9239628915986067,2.2920818026713072,,,,,CHEMBL235_EC50
99182118,mondrian_wstd,cliffA,cliff,94,86,0.9148936170212766,0.8409635527251013,0.9562445116287234,2.328061064295187,,,,,CHEMBL235_EC50
99182118,mondrian_wstd,cliffA,noncliff,376,337,0.8962765957446809,0.8613457123824152,0.9231921338158647,2.2830869872653374,,,,,CHEMBL235_EC50
99182118,mondrian_wstd,__bins__,__summary__,-1,-1,,,,2.2920818026713072,0.8651685393258427,0.0786516853932584,0.851063829787234,0.08510638297872342,CHEMBL235_EC50
99182118,mondrian_std,cliffB_oracle,all,470,419,0.8914893617021277,0.8601318899117026,0.9164991818309126,2.2679671598219207,,,,,CHEMBL235_EC50
99182118,mondrian_std,cliffB_oracle,cliff,49,41,0.8367346938775511,0.7096366156608317,0.9148730162927116,2.2839797906784494,,,,,CHEMBL235_EC50
99182118,mondrian_std,cliffB_oracle,noncliff,421,378,0.8978622327790974,0.8652448391058297,0.9232846065135253,2.266103456943133,,,,,CHEMBL235_EC50
99182118,mondrian_std,cliffA,all,470,419,0.8914893617021277,0.8601318899117026,0.9164991818309126,2.2679671598219207,,,,,CHEMBL235_EC50
99182118,mondrian_std,cliffA,cliff,94,84,0.8936170212765957,0.8151444897581666,0.9411811097570002,2.289378025780273,,,,,CHEMBL235_EC50
99182118,mondrian_std,cliffA,noncliff,376,335,0.8909574468085106,0.8554098134910308,0.9185973233623057,2.2626144433323327,,,,,CHEMBL235_EC50
99182118,mondrian_std,__bins__,__summary__,-1,-1,,,,2.2679671598219207,0.8539325842696629,0.0898876404494382,0.8404255319148937,0.0957446808510638,CHEMBL235_EC50
99182118,mondrian_iqr,cliffB_oracle,all,470,425,0.9042553191489362,0.8742828589631756,0.9276731390319163,2.2709310281635218,,,,,CHEMBL235_EC50
99182118,mondrian_iqr,cliffB_oracle,cliff,49,45,0.9183673469387755,0.808108724034287,0.9677971823322362,2.3008878936343407,,,,,CHEMBL235_EC50
99182118,mondrian_iqr,cliffB_oracle,noncliff,421,380,0.9026128266033254,0.8705456154480019,0.9273991071339723,2.2674443621110987,,,,,CHEMBL235_EC50
99182118,mondrian_iqr,cliffA,all,470,425,0.9042553191489362,0.8742828589631756,0.9276731390319163,2.2709310281635218,,,,,CHEMBL235_EC50
99182118,mondrian_iqr,cliffA,cliff,94,87,0.925531914893617,0.8541878776397197,0.9634614191334335,2.2875151161988425,,,,,CHEMBL235_EC50
99182118,mondrian_iqr,cliffA,noncliff,376,338,0.898936170212766,0.8643226480061051,0.9254805528646465,2.266785006154692,,,,,CHEMBL235_EC50
99182118,mondrian_iqr,__bins__,__summary__,-1,-1,,,,2.2709310281635218,0.8764044943820225,0.05617977528089879,0.851063829787234,0.1063829787234043,CHEMBL235_EC50
99182118,mondrian_nb,cliffB_oracle,all,470,413,0.8787234042553191,0.8460999965657258,0.9052061489244129,2.268950859045685,,,,,CHEMBL235_EC50
99182118,mondrian_nb,cliffB_oracle,cliff,49,38,0.7755102040816326,0.6412121276403999,0.869750298503408,2.0807523539207913,,,,,CHEMBL235_EC50
99182118,mondrian_nb,cliffB_oracle,noncliff,421,375,0.8907363420427553,0.857328426372086,0.9170781038033402,2.290855198121979,,,,,CHEMBL235_EC50
99182118,mondrian_nb,cliffA,all,470,413,0.8787234042553191,0.8460999965657258,0.9052061489244129,2.268950859045685,,,,,CHEMBL235_EC50
99182118,mondrian_nb,cliffA,cliff,94,79,0.8404255319148937,0.7532755743045754,0.9008438631139475,2.0759882815301856,,,,,CHEMBL235_EC50
99182118,mondrian_nb,cliffA,noncliff,376,334,0.8882978723404256,0.8524504726803317,0.9162913095005334,2.3171915034245596,,,,,CHEMBL235_EC50
99182118,mondrian_nb,__bins__,__summary__,-1,-1,,,,2.268950859045685,0.7894736842105263,0.18805440567711407,0.7872340425531915,0.17021276595744683,CHEMBL235_EC50
99182118,mondrian_nnsim,cliffB_oracle,all,470,424,0.902127659574468,0.8719152772448617,0.9258198997081506,2.2807639317643726,,,,,CHEMBL235_EC50
99182118,mondrian_nnsim,cliffB_oracle,cliff,49,44,0.8979591836734694,0.7824363845080409,0.9556204532552373,2.2999939863177516,,,,,CHEMBL235_EC50
99182118,mondrian_nnsim,cliffB_oracle,noncliff,421,380,0.9026128266033254,0.8705456154480019,0.9273991071339723,2.278525754393552,,,,,CHEMBL235_EC50
99182118,mondrian_nnsim,cliffA,all,470,424,0.902127659574468,0.8719152772448617,0.9258198997081506,2.2807639317643726,,,,,CHEMBL235_EC50
99182118,mondrian_nnsim,cliffA,cliff,94,85,0.9042553191489362,0.8279587926975853,0.9488080392369105,2.2772594580882735,,,,,CHEMBL235_EC50
99182118,mondrian_nnsim,cliffA,noncliff,376,339,0.901595744680851,0.8673058461322862,0.9277627094109371,2.2816400501833978,,,,,CHEMBL235_EC50
99182118,mondrian_nnsim,__bins__,__summary__,-1,-1,,,,2.2807639317643726,0.7894736842105263,0.18805440567711407,0.8085106382978723,0.15957446808510645,CHEMBL235_EC50
99182118,mondrian_pairgap,cliffB_oracle,all,470,421,0.8957446808510638,0.8648347326371865,0.9202379811895877,2.2204643550682674,,,,,CHEMBL235_EC50
99182118,mondrian_pairgap,cliffB_oracle,cliff,49,43,0.8775510204081632,0.7575560270624347,0.9426517420975983,2.221017798464296,,,,,CHEMBL235_EC50
99182118,mondrian_pairgap,cliffB_oracle,noncliff,421,378,0.8978622327790974,0.8652448391058297,0.9232846065135253,2.2203999400411765,,,,,CHEMBL235_EC50
99182118,mondrian_pairgap,cliffA,all,470,421,0.8957446808510638,0.8648347326371865,0.9202379811895877,2.2204643550682674,,,,,CHEMBL235_EC50
99182118,mondrian_pairgap,cliffA,cliff,94,85,0.9042553191489362,0.8279587926975853,0.9488080392369105,2.1555847509312027,,,,,CHEMBL235_EC50
99182118,mondrian_pairgap,cliffA,noncliff,376,336,0.8936170212765957,0.85837483236793,0.9208976591578782,2.2366842561025337,,,,,CHEMBL235_EC50
99182118,mondrian_pairgap,__bins__,__summary__,-1,-1,,,,2.2204643550682674,0.8070175438596491,0.13680268085945202,0.7872340425531915,0.18085106382978722,CHEMBL235_EC50
99182118,mondrian_rfstd,cliffB_oracle,all,470,423,0.9,0.8695514643123263,0.9239628915986067,2.2341261992424184,,,,,CHEMBL235_EC50
99182118,mondrian_rfstd,cliffB_oracle,cliff,49,40,0.8163265306122449,0.6864239739710013,0.9002365893792968,2.1566205288707323,,,,,CHEMBL235_EC50
99182118,mondrian_rfstd,cliffB_oracle,noncliff,421,383,0.9097387173396675,0.878534529850647,0.9335331081752561,2.2431470492381727,,,,,CHEMBL235_EC50
99182118,mondrian_rfstd,cliffA,all,470,423,0.9,0.8695514643123263,0.9239628915986067,2.2341261992424184,,,,,CHEMBL235_EC50
99182118,mondrian_rfstd,cliffA,cliff,94,83,0.8829787234042553,0.8024979953786057,0.9333863717172325,2.198559690361558,,,,,CHEMBL235_EC50
99182118,mondrian_rfstd,cliffA,noncliff,376,340,0.9042553191489362,0.8702955272187042,0.9300383829969908,2.2430178264626335,,,,,CHEMBL235_EC50
99182118,mondrian_rfstd,__bins__,__summary__,-1,-1,,,,2.2341261992424184,0.8421052631578947,0.10171496156120641,0.8617021276595744,0.06382978723404253,CHEMBL235_EC50
89709943,global,cliffB_oracle,all,470,416,0.8851063829787233,0.8531021518801972,0.9108664567361796,2.0826924729922154,,,,,CHEMBL235_EC50
89709943,global,cliffB_oracle,cliff,49,41,0.8367346938775511,0.7096366156608317,0.9148730162927116,2.082692472992216,,,,,CHEMBL235_EC50
89709943,global,cliffB_oracle,noncliff,421,375,0.8907363420427553,0.857328426372086,0.9170781038033402,2.0826924729922154,,,,,CHEMBL235_EC50
89709943,global,cliffA,all,470,416,0.8851063829787233,0.8531021518801972,0.9108664567361796,2.0826924729922154,,,,,CHEMBL235_EC50
89709943,global,cliffA,cliff,91,79,0.8681318681318682,0.7835131821428026,0.9229289248546154,2.082692472992216,,,,,CHEMBL235_EC50
89709943,global,cliffA,noncliff,379,337,0.8891820580474934,0.8535913291496782,0.9169626252436596,2.082692472992215,,,,,CHEMBL235_EC50
89709943,global,__bins__,__summary__,-1,-1,,,,2.0826924729922154,0.7706422018348624,0.18491335372069317,0.7340425531914894,0.22340425531914898,CHEMBL235_EC50
89709943,mondrian_pair,cliffB_oracle,all,470,424,0.902127659574468,0.8719152772448617,0.9258198997081506,2.1882211960666553,,,,,CHEMBL235_EC50
89709943,mondrian_pair,cliffB_oracle,cliff,49,41,0.8367346938775511,0.7096366156608317,0.9148730162927116,2.1309129093979164,,,,,CHEMBL235_EC50
89709943,mondrian_pair,cliffB_oracle,noncliff,421,383,0.9097387173396675,0.878534529850647,0.9335331081752561,2.1948912816884327,,,,,CHEMBL235_EC50
89709943,mondrian_pair,cliffA,all,470,424,0.902127659574468,0.8719152772448617,0.9258198997081506,2.1882211960666553,,,,,CHEMBL235_EC50
89709943,mondrian_pair,cliffA,cliff,91,79,0.8681318681318682,0.7835131821428026,0.9229289248546154,2.122402429646167,,,,,CHEMBL235_EC50
89709943,mondrian_pair,cliffA,noncliff,379,345,0.9102902374670184,0.8772536335624567,0.935093077679333,2.2040246465792266,,,,,CHEMBL235_EC50
89709943,mondrian_pair,__bins__,__summary__,-1,-1,,,,2.1882211960666553,0.7981651376146789,0.15739041794087671,0.776595744680851,0.18085106382978733,CHEMBL235_EC50
89709943,mondrian_wstd,cliffB_oracle,all,470,422,0.8978723404255319,0.8671913158123901,0.9221022190564634,2.187818676987819,,,,,CHEMBL235_EC50
89709943,mondrian_wstd,cliffB_oracle,cliff,49,41,0.8367346938775511,0.7096366156608317,0.9148730162927116,2.243305095431616,,,,,CHEMBL235_EC50
89709943,mondrian_wstd,cliffB_oracle,noncliff,421,381,0.9049881235154394,0.8732033903060772,0.9294489707572067,2.1813606377865216,,,,,CHEMBL235_EC50
89709943,mondrian_wstd,cliffA,all,470,422,0.8978723404255319,0.8671913158123901,0.9221022190564634,2.187818676987819,,,,,CHEMBL235_EC50
89709943,mondrian_wstd,cliffA,cliff,91,79,0.8681318681318682,0.7835131821428026,0.9229289248546154,2.274849915708076,,,,,CHEMBL235_EC50
89709943,mondrian_wstd,cliffA,noncliff,379,343,0.9050131926121372,0.8712998484182919,0.9305986736113849,2.1669219943399467,,,,,CHEMBL235_EC50
89709943,mondrian_wstd,__bins__,__summary__,-1,-1,,,,2.187818676987819,0.8440366972477065,0.11151885830784913,0.7872340425531915,0.17021276595744683,CHEMBL235_EC50
89709943,mondrian_std,cliffB_oracle,all,470,420,0.8936170212765957,0.8624816205614759,0.9183702722232187,2.2641036820976743,,,,,CHEMBL235_EC50
89709943,mondrian_std,cliffB_oracle,cliff,49,42,0.8571428571428571,0.7333229377608557,0.9290357627959323,2.3078073959234287,,,,,CHEMBL235_EC50
89709943,mondrian_std,cliffB_oracle,noncliff,421,378,0.8978622327790974,0.8652448391058297,0.9232846065135253,2.2590170265692606,,,,,CHEMBL235_EC50
89709943,mondrian_std,cliffA,all,470,420,0.8936170212765957,0.8624816205614759,0.9183702722232187,2.2641036820976743,,,,,CHEMBL235_EC50
89709943,mondrian_std,cliffA,cliff,91,80,0.8791208791208791,0.7963850159379656,0.9311449151489274,2.3594215021831553,,,,,CHEMBL235_EC50
89709943,mondrian_std,cliffA,noncliff,379,340,0.8970976253298153,0.8624185533288139,0.9238076848826934,2.241217345348917,,,,,CHEMBL235_EC50
89709943,mondrian_std,__bins__,__summary__,-1,-1,,,,2.2641036820976743,0.8532110091743119,0.10234454638124368,0.7978723404255319,0.14893617021276595,CHEMBL235_EC50
89709943,mondrian_iqr,cliffB_oracle,all,470,418,0.8893617021276595,0.8577854552634575,0.9146247954370782,2.199860933217306,,,,,CHEMBL235_EC50
89709943,mondrian_iqr,cliffB_oracle,cliff,49,42,0.8571428571428571,0.7333229377608557,0.9290357627959323,2.1677461852788027,,,,,CHEMBL235_EC50
89709943,mondrian_iqr,cliffB_oracle,noncliff,421,376,0.8931116389548693,0.8599627777019672,0.9191513909547686,2.2035987542362765,,,,,CHEMBL235_EC50
89709943,mondrian_iqr,cliffA,all,470,418,0.8893617021276595,0.8577854552634575,0.9146247954370782,2.199860933217306,,,,,CHEMBL235_EC50
89709943,mondrian_iqr,cliffA,cliff,91,80,0.8791208791208791,0.7963850159379656,0.9311449151489274,2.194937901823351,,,,,CHEMBL235_EC50
89709943,mondrian_iqr,cliffA,noncliff,379,338,0.8918205804749341,0.8565280515225804,0.9192499974768138,2.2010429803330047,,,,,CHEMBL235_EC50
89709943,mondrian_iqr,__bins__,__summary__,-1,-1,,,,2.199860933217306,0.8348623853211009,0.09920354874483317,0.7978723404255319,0.13829787234042556,CHEMBL235_EC50
89709943,mondrian_nb,cliffB_oracle,all,470,426,0.9063829787234042,0.8766543194639953,0.9295224995731759,2.1762376945399344,,,,,CHEMBL235_EC50
89709943,mondrian_nb,cliffB_oracle,cliff,49,42,0.8571428571428571,0.7333229377608557,0.9290357627959323,2.042077693005613,,,,,CHEMBL235_EC50
89709943,mondrian_nb,cliffB_oracle,noncliff,421,384,0.9121140142517815,0.8812082521688631,0.9355670243383494,2.191852516571245,,,,,CHEMBL235_EC50
89709943,mondrian_nb,cliffA,all,470,426,0.9063829787234042,0.8766543194639953,0.9295224995731759,2.1762376945399344,,,,,CHEMBL235_EC50
89709943,mondrian_nb,cliffA,cliff,91,80,0.8791208791208791,0.7963850159379656,0.9311449151489274,2.0392517652170685,,,,,CHEMBL235_EC50
89709943,mondrian_nb,cliffA,noncliff,379,346,0.9129287598944591,0.8802411532505846,0.9373296525972618,2.209128775195293,,,,,CHEMBL235_EC50
89709943,mondrian_nb,__bins__,__summary__,-1,-1,,,,2.1762376945399344,0.7889908256880734,0.1780421413448936,0.7659574468085106,0.2021276595744681,CHEMBL235_EC50
89709943,mondrian_nnsim,cliffB_oracle,all,470,422,0.8978723404255319,0.8671913158123901,0.9221022190564634,2.3082030811327128,,,,,CHEMBL235_EC50
89709943,mondrian_nnsim,cliffB_oracle,cliff,49,38,0.7755102040816326,0.6412121276403999,0.869750298503408,2.0792754832456977,,,,,CHEMBL235_EC50
89709943,mondrian_nnsim,cliffB_oracle,noncliff,421,384,0.9121140142517815,0.8812082521688631,0.9355670243383494,2.334847860934289,,,,,CHEMBL235_EC50
89709943,mondrian_nnsim,cliffA,all,470,422,0.8978723404255319,0.8671913158123901,0.9221022190564634,2.3082030811327128,,,,,CHEMBL235_EC50
89709943,mondrian_nnsim,cliffA,cliff,91,76,0.8351648351648352,0.7456929440655073,0.8974856906634852,2.1198507015217665,,,,,CHEMBL235_EC50
89709943,mondrian_nnsim,cliffA,noncliff,379,346,0.9129287598944591,0.8802411532505846,0.9373296525972618,2.353427531118454,,,,,CHEMBL235_EC50
89709943,mondrian_nnsim,__bins__,__summary__,-1,-1,,,,2.3082030811327128,0.7889908256880734,0.15545361875637098,0.7978723404255319,0.14893617021276595,CHEMBL235_EC50
89709943,mondrian_pairgap,cliffB_oracle,all,470,422,0.8978723404255319,0.8671913158123901,0.9221022190564634,2.2714950072879327,,,,,CHEMBL235_EC50
89709943,mondrian_pairgap,cliffB_oracle,cliff,49,41,0.8367346938775511,0.7096366156608317,0.9148730162927116,2.2447311614535326,,,,,CHEMBL235_EC50
89709943,mondrian_pairgap,cliffB_oracle,noncliff,421,381,0.9049881235154394,0.8732033903060772,0.9294489707572067,2.274610039225903,,,,,CHEMBL235_EC50
89709943,mondrian_pairgap,cliffA,all,470,422,0.8978723404255319,0.8671913158123901,0.9221022190564634,2.2714950072879327,,,,,CHEMBL235_EC50
89709943,mondrian_pairgap,cliffA,cliff,91,78,0.8571428571428571,0.7707818642734304,0.9145724186345122,2.2295134600945734,,,,,CHEMBL235_EC50
89709943,mondrian_pairgap,cliffA,noncliff,379,344,0.9076517150395779,0.87427328773084,0.9328493289048935,2.2815750093844915,,,,,CHEMBL235_EC50
89709943,mondrian_pairgap,__bins__,__summary__,-1,-1,,,,2.2714950072879327,0.8165137614678899,0.12793068297655452,0.8085106382978723,0.11702127659574468,CHEMBL235_EC50
89709943,mondrian_rfstd,cliffB_oracle,all,470,423,0.9,0.8695514643123263,0.9239628915986067,2.0855613539782274,,,,,CHEMBL235_EC50
89709943,mondrian_rfstd,cliffB_oracle,cliff,49,40,0.8163265306122449,0.6864239739710013,0.9002365893792968,1.9261254550113585,,,,,CHEMBL235_EC50
89709943,mondrian_rfstd,cliffB_oracle,noncliff,421,383,0.9097387173396675,0.878534529850647,0.9335331081752561,2.1041180263045374,,,,,CHEMBL235_EC50
89709943,mondrian_rfstd,cliffA,all,470,423,0.9,0.8695514643123263,0.9239628915986067,2.0855613539782274,,,,,CHEMBL235_EC50
89709943,mondrian_rfstd,cliffA,cliff,91,77,0.8461538461538461,0.7581785928776223,0.9060878659408453,1.9268365700080925,,,,,CHEMBL235_EC50
89709943,mondrian_rfstd,cliffA,noncliff,379,346,0.9129287598944591,0.8802411532505846,0.9373296525972618,2.123672054087151,,,,,CHEMBL235_EC50
89709943,mondrian_rfstd,__bins__,__summary__,-1,-1,,,,2.0855613539782274,0.8073394495412844,0.18154943934760448,0.8617021276595744,0.06382978723404253,CHEMBL235_EC50
86921808,global,cliffB_oracle,all,470,435,0.925531914893617,0.8981936043700476,0.9459706040458384,2.3637317540504825,,,,,CHEMBL235_EC50
86921808,global,cliffB_oracle,cliff,57,47,0.8245614035087719,0.7063264717030607,0.9018114776029004,2.363731754050482,,,,,CHEMBL235_EC50
86921808,global,cliffB_oracle,noncliff,413,388,0.9394673123486683,0.9121690852230327,0.9586655986085143,2.3637317540504825,,,,,CHEMBL235_EC50
86921808,global,cliffA,all,470,435,0.925531914893617,0.8981936043700476,0.9459706040458384,2.3637317540504825,,,,,CHEMBL235_EC50
86921808,global,cliffA,cliff,102,89,0.8725490196078431,0.7940734419985599,0.9239816646374087,2.3637317540504825,,,,,CHEMBL235_EC50
86921808,global,cliffA,noncliff,368,346,0.9402173913043478,0.911146719118698,0.9601923753103506,2.3637317540504825,,,,,CHEMBL235_EC50
86921808,global,__bins__,__summary__,-1,-1,,,,2.3637317540504825,0.8529411764705882,0.13618925831202044,0.8404255319148937,0.12765957446808507,CHEMBL235_EC50
86921808,mondrian_pair,cliffB_oracle,all,470,431,0.9170212765957447,0.8885741078356766,0.9387068164118919,2.319095955742835,,,,,CHEMBL235_EC50
86921808,mondrian_pair,cliffB_oracle,cliff,57,46,0.8070175438596491,0.6865930975223603,0.8886725301994945,2.268339003992036,,,,,CHEMBL235_EC50
86921808,mondrian_pair,cliffB_oracle,noncliff,413,385,0.9322033898305084,0.9037602960379499,0.952680426077373,2.3261011524735755,,,,,CHEMBL235_EC50
86921808,mondrian_pair,cliffA,all,470,431,0.9170212765957447,0.8885741078356766,0.9387068164118919,2.319095955742835,,,,,CHEMBL235_EC50
86921808,mondrian_pair,cliffA,cliff,102,88,0.8627450980392157,0.7827125858265774,0.9164463337926553,2.250583370065601,,,,,CHEMBL235_EC50
86921808,mondrian_pair,cliffA,noncliff,368,343,0.9320652173913043,0.9016386725553779,0.9535645127175773,2.3380858572077217,,,,,CHEMBL235_EC50
86921808,mondrian_pair,__bins__,__summary__,-1,-1,,,,2.319095955742835,0.8431372549019608,0.14599317988064786,0.8297872340425532,0.13829787234042556,CHEMBL235_EC50
86921808,mondrian_wstd,cliffB_oracle,all,470,432,0.9191489361702128,0.8909715283869449,0.9405302169027029,2.2361475191027176,,,,,CHEMBL235_EC50
86921808,mondrian_wstd,cliffB_oracle,cliff,57,46,0.8070175438596491,0.6865930975223603,0.8886725301994945,2.3085344975394904,,,,,CHEMBL235_EC50
86921808,mondrian_wstd,cliffB_oracle,noncliff,413,386,0.9346246973365617,0.9065542195501919,0.9546844898038724,2.2261570644516375,,,,,CHEMBL235_EC50
86921808,mondrian_wstd,cliffA,all,470,432,0.9191489361702128,0.8909715283869449,0.9405302169027029,2.2361475191027176,,,,,CHEMBL235_EC50
86921808,mondrian_wstd,cliffA,cliff,102,89,0.8725490196078431,0.7940734419985599,0.9239816646374087,2.348691614374589,,,,,CHEMBL235_EC50
86921808,mondrian_wstd,cliffA,noncliff,368,343,0.9320652173913043,0.9016386725553779,0.9535645127175773,2.204953231826275,,,,,CHEMBL235_EC50
86921808,mondrian_wstd,__bins__,__summary__,-1,-1,,,,2.2361475191027176,0.8586956521739131,0.10208866155157714,0.8723404255319149,0.08510638297872342,CHEMBL235_EC50
86921808,mondrian_std,cliffB_oracle,all,470,432,0.9191489361702128,0.8909715283869449,0.9405302169027029,2.2372907915569678,,,,,CHEMBL235_EC50
86921808,mondrian_std,cliffB_oracle,cliff,57,46,0.8070175438596491,0.6865930975223603,0.8886725301994945,2.300797637753367,,,,,CHEMBL235_EC50
86921808,mondrian_std,cliffB_oracle,noncliff,413,386,0.9346246973365617,0.9065542195501919,0.9546844898038724,2.228525924164244,,,,,CHEMBL235_EC50
86921808,mondrian_std,cliffA,all,470,432,0.9191489361702128,0.8909715283869449,0.9405302169027029,2.2372907915569678,,,,,CHEMBL235_EC50
86921808,mondrian_std,cliffA,cliff,102,89,0.8725490196078431,0.7940734419985599,0.9239816646374087,2.3465163065445394,,,,,CHEMBL235_EC50
86921808,mondrian_std,cliffA,noncliff,368,343,0.9320652173913043,0.9016386725553779,0.9535645127175773,2.2070163281636734,,,,,CHEMBL235_EC50
86921808,mondrian_std,__bins__,__summary__,-1,-1,,,,2.2372907915569678,0.8695652173913043,0.0912190963341859,0.8617021276595744,0.09574468085106391,CHEMBL235_EC50
86921808,mondrian_iqr,cliffB_oracle,all,470,431,0.9170212765957447,0.8885741078356766,0.9387068164118919,2.2279442836326657,,,,,CHEMBL235_EC50
86921808,mondrian_iqr,cliffB_oracle,cliff,57,46,0.8070175438596491,0.6865930975223603,0.8886725301994945,2.278344458499398,,,,,CHEMBL235_EC50
86921808,mondrian_iqr,cliffB_oracle,noncliff,413,385,0.9322033898305084,0.9037602960379499,0.952680426077373,2.2209883272951267,,,,,CHEMBL235_EC50
86921808,mondrian_iqr,cliffA,all,470,431,0.9170212765957447,0.8885741078356766,0.9387068164118919,2.2279442836326657,,,,,CHEMBL235_EC50
86921808,mondrian_iqr,cliffA,cliff,102,86,0.8431372549019608,0.76028943802391,0.9010771075618504,2.230695309808722,,,,,CHEMBL235_EC50
86921808,mondrian_iqr,cliffA,noncliff,368,345,0.9375,0.907965137577196,0.9579953204664882,2.2271817709425634,,,,,CHEMBL235_EC50
86921808,mondrian_iqr,__bins__,__summary__,-1,-1,,,,2.2279442836326657,0.8695652173913043,0.08141517476555837,0.8936170212765957,0.05319148936170215,CHEMBL235_EC50
86921808,mondrian_nb,cliffB_oracle,all,470,435,0.925531914893617,0.8981936043700476,0.9459706040458384,2.355779168611319,,,,,CHEMBL235_EC50
86921808,mondrian_nb,cliffB_oracle,cliff,57,45,0.7894736842105263,0.6671387891680949,0.8752545169696542,2.1888404463883187,,,,,CHEMBL235_EC50
86921808,mondrian_nb,cliffB_oracle,noncliff,413,390,0.9443099273607748,0.9178232791622553,0.9626073791467743,2.3788191375379806,,,,,CHEMBL235_EC50
86921808,mondrian_nb,cliffA,all,470,435,0.925531914893617,0.8981936043700476,0.9459706040458384,2.355779168611319,,,,,CHEMBL235_EC50
86921808,mondrian_nb,cliffA,cliff,102,87,0.8529411764705882,0.7714538787113648,0.9088088538911315,2.200378324359986,,,,,CHEMBL235_EC50
86921808,mondrian_nb,cliffA,noncliff,368,348,0.9456521739130435,0.9175504239555151,0.9645459432442626,2.3988522287027214,,,,,CHEMBL235_EC50
86921808,mondrian_nb,__bins__,__summary__,-1,-1,,,,2.355779168611319,0.8478260869565217,0.13043478260869568,0.8723404255319149,0.0957446808510638,CHEMBL235_EC50
86921808,mondrian_nnsim,cliffB_oracle,all,470,441,0.9382978723404255,0.9127904394697582,0.9566986951986044,2.4437156216353317,,,,,CHEMBL235_EC50
86921808,mondrian_nnsim,cliffB_oracle,cliff,57,50,0.8771929824561403,0.7675355156482598,0.9392193984100191,2.750172309606864,,,,,CHEMBL235_EC50
86921808,mondrian_nnsim,cliffB_oracle,noncliff,413,391,0.9467312348668281,0.9206665542758657,0.9645620912719052,2.401420146539987,,,,,CHEMBL235_EC50
86921808,mondrian_nnsim,cliffA,all,470,441,0.9382978723404255,0.9127904394697582,0.9566986951986044,2.4437156216353317,,,,,CHEMBL235_EC50
86921808,mondrian_nnsim,cliffA,cliff,102,93,0.9117647058823529,0.8407554144604857,0.9528844402424269,2.628728634157461,,,,,CHEMBL235_EC50
86921808,mondrian_nnsim,cliffA,noncliff,368,348,0.9456521739130435,0.9175504239555151,0.9645459432442626,2.392434840990611,,,,,CHEMBL235_EC50
86921808,mondrian_nnsim,__bins__,__summary__,-1,-1,,,,2.4437156216353317,0.8921568627450981,0.08610400682011932,0.851063829787234,0.12765957446808507,CHEMBL235_EC50
86921808,mondrian_pairgap,cliffB_oracle,all,470,432,0.9191489361702128,0.8909715283869449,0.9405302169027029,2.402386534311144,,,,,CHEMBL235_EC50
86921808,mondrian_pairgap,cliffB_oracle,cliff,57,46,0.8070175438596491,0.6865930975223603,0.8886725301994945,2.4174939671081646,,,,,CHEMBL235_EC50
86921808,mondrian_pairgap,cliffB_oracle,noncliff,413,386,0.9346246973365617,0.9065542195501919,0.9546844898038724,2.400301489106713,,,,,CHEMBL235_EC50
86921808,mondrian_pairgap,cliffA,all,470,432,0.9191489361702128,0.8909715283869449,0.9405302169027029,2.402386534311144,,,,,CHEMBL235_EC50
86921808,mondrian_pairgap,cliffA,cliff,102,87,0.8529411764705882,0.7714538787113648,0.9088088538911315,2.407459002493108,,,,,CHEMBL235_EC50
86921808,mondrian_pairgap,cliffA,noncliff,368,345,0.9375,0.907965137577196,0.9579953204664882,2.4009805784563616,,,,,CHEMBL235_EC50
86921808,mondrian_pairgap,__bins__,__summary__,-1,-1,,,,2.402386534311144,0.8586956521739131,0.11956521739130432,0.8617021276595744,0.1063829787234043,CHEMBL235_EC50
86921808,mondrian_rfstd,cliffB_oracle,all,470,431,0.9170212765957447,0.8885741078356766,0.9387068164118919,2.166195447354652,,,,,CHEMBL235_EC50
86921808,mondrian_rfstd,cliffB_oracle,cliff,57,44,0.7719298245614035,0.6479398895432649,0.8615810950103779,2.1698193324373234,,,,,CHEMBL235_EC50
86921808,mondrian_rfstd,cliffB_oracle,noncliff,413,387,0.937046004842615,0.9093569955279304,0.9566797010648753,2.1656952985660025,,,,,CHEMBL235_EC50
86921808,mondrian_rfstd,cliffA,all,470,431,0.9170212765957447,0.8885741078356766,0.9387068164118919,2.166195447354652,,,,,CHEMBL235_EC50
86921808,mondrian_rfstd,cliffA,cliff,102,86,0.8431372549019608,0.76028943802391,0.9010771075618504,2.1412997165593097,,,,,CHEMBL235_EC50
86921808,mondrian_rfstd,cliffA,noncliff,368,345,0.9375,0.907965137577196,0.9579953204664882,2.173095894477274,,,,,CHEMBL235_EC50
86921808,mondrian_rfstd,__bins__,__summary__,-1,-1,,,,2.166195447354652,0.8804347826086957,0.06521739130434778,0.8723404255319149,0.07446808510638292,CHEMBL235_EC50
89165191,global,cliffB_oracle,all,470,428,0.9106382978723404,0.8814093476916194,0.9332091134297107,2.2594077941992228,,,,,CHEMBL235_EC50
89165191,global,cliffB_oracle,cliff,76,62,0.8157894736842105,0.7142173789108908,0.8869740410479698,2.2594077941992237,,,,,CHEMBL235_EC50
89165191,global,cliffB_oracle,noncliff,394,366,0.9289340101522843,0.8992074903620364,0.9503771683156192,2.259407794199223,,,,,CHEMBL235_EC50
89165191,global,cliffA,all,470,428,0.9106382978723404,0.8814093476916194,0.9332091134297107,2.2594077941992228,,,,,CHEMBL235_EC50
89165191,global,cliffA,cliff,116,97,0.8362068965517241,0.7582995878695619,0.892560312932405,2.259407794199223,,,,,CHEMBL235_EC50
89165191,global,cliffA,noncliff,354,331,0.9350282485875706,0.9043972406376,0.9563191252498182,2.259407794199223,,,,,CHEMBL235_EC50
89165191,global,__bins__,__summary__,-1,-1,,,,2.2594077941992228,0.8095238095238095,0.1575091575091575,0.776595744680851,0.2021276595744681,CHEMBL235_EC50
89165191,mondrian_pair,cliffB_oracle,all,470,428,0.9106382978723404,0.8814093476916194,0.9332091134297107,2.2719044716814922,,,,,CHEMBL235_EC50
89165191,mondrian_pair,cliffB_oracle,cliff,76,62,0.8157894736842105,0.7142173789108908,0.8869740410479698,2.227215029676272,,,,,CHEMBL235_EC50
89165191,mondrian_pair,cliffB_oracle,noncliff,394,366,0.9289340101522843,0.8992074903620364,0.9503771683156192,2.280524770139353,,,,,CHEMBL235_EC50
89165191,mondrian_pair,cliffA,all,470,428,0.9106382978723404,0.8814093476916194,0.9332091134297107,2.2719044716814922,,,,,CHEMBL235_EC50
89165191,mondrian_pair,cliffA,cliff,116,97,0.8362068965517241,0.7582995878695619,0.892560312932405,2.224908414505785,,,,,CHEMBL235_EC50
89165191,mondrian_pair,cliffA,noncliff,354,331,0.9350282485875706,0.9043972406376,0.9563191252498182,2.2873043096260757,,,,,CHEMBL235_EC50
89165191,mondrian_pair,__bins__,__summary__,-1,-1,,,,2.2719044716814922,0.8095238095238095,0.1575091575091575,0.7659574468085106,0.21276595744680848,CHEMBL235_EC50
89165191,mondrian_wstd,cliffB_oracle,all,470,432,0.9191489361702128,0.8909715283869449,0.9405302169027029,2.3637429244022785,,,,,CHEMBL235_EC50
89165191,mondrian_wstd,cliffB_oracle,cliff,76,67,0.881578947368421,0.7900078224920806,0.9364318099582094,2.521399854047172,,,,,CHEMBL235_EC50
89165191,mondrian_wstd,cliffB_oracle,noncliff,394,365,0.9263959390862944,0.8962914001409779,0.9482661303788218,2.333331943049456,,,,,CHEMBL235_EC50
89165191,mondrian_wstd,cliffA,all,470,432,0.9191489361702128,0.8909715283869449,0.9405302169027029,2.3637429244022785,,,,,CHEMBL235_EC50
89165191,mondrian_wstd,cliffA,cliff,116,104,0.896551724137931,0.8278536072683937,0.939827301369824,2.515108615567796,,,,,CHEMBL235_EC50
89165191,mondrian_wstd,cliffA,noncliff,354,328,0.9265536723163842,0.8945608671896219,0.9493882967649245,2.3141428674101876,,,,,CHEMBL235_EC50
89165191,mondrian_wstd,__bins__,__summary__,-1,-1,,,,2.3637429244022785,0.8901098901098901,0.07692307692307698,0.851063829787234,0.11702127659574468,CHEMBL235_EC50
89165191,mondrian_std,cliffB_oracle,all,470,432,0.9191489361702128,0.8909715283869449,0.9405302169027029,2.3589070756185087,,,,,CHEMBL235_EC50
89165191,mondrian_std,cliffB_oracle,cliff,76,66,0.868421052631579,0.7744588056311937,0.9269311843208105,2.4959960225258624,,,,,CHEMBL235_EC50
89165191,mondrian_std,cliffB_oracle,noncliff,394,366,0.9289340101522843,0.8992074903620364,0.9503771683156192,2.332463522407953,,,,,CHEMBL235_EC50
89165191,mondrian_std,cliffA,all,470,432,0.9191489361702128,0.8909715283869449,0.9405302169027029,2.3589070756185087,,,,,CHEMBL235_EC50
89165191,mondrian_std,cliffA,cliff,116,103,0.8879310344827587,0.8176656894377011,0.9333265037953379,2.496795044173791,,,,,CHEMBL235_EC50
89165191,mondrian_std,cliffA,noncliff,354,329,0.9293785310734464,0.8978278059056161,0.9517104253598877,2.313723447504348,,,,,CHEMBL235_EC50
89165191,mondrian_std,__bins__,__summary__,-1,-1,,,,2.3589070756185087,0.8791208791208791,0.08791208791208793,0.851063829787234,0.11702127659574468,CHEMBL235_EC50
89165191,mondrian_iqr,cliffB_oracle,all,470,433,0.9212765957446809,0.8933737989905475,0.9423487673411799,2.3240368140669982,,,,,CHEMBL235_EC50
89165191,mondrian_iqr,cliffB_oracle,cliff,76,66,0.868421052631579,0.7744588056311937,0.9269311843208105,2.3558110099462195,,,,,CHEMBL235_EC50
89165191,mondrian_iqr,cliffB_oracle,noncliff,394,367,0.9314720812182741,0.9021324624766266,0.952479324358885,2.3179077813593314,,,,,CHEMBL235_EC50
89165191,mondrian_iqr,cliffA,all,470,433,0.9212765957446809,0.8933737989905475,0.9423487673411799,2.3240368140669982,,,,,CHEMBL235_EC50
89165191,mondrian_iqr,cliffA,cliff,116,103,0.8879310344827587,0.8176656894377011,0.9333265037953379,2.3616006949110613,,,,,CHEMBL235_EC50
89165191,mondrian_iqr,cliffA,noncliff,354,330,0.9322033898305084,0.9011063801144424,0.9540209184620184,2.3117277457678136,,,,,CHEMBL235_EC50
89165191,mondrian_iqr,__bins__,__summary__,-1,-1,,,,2.3240368140669982,0.8761904761904762,0.09120082815734987,0.8404255319148937,0.11702127659574468,CHEMBL235_EC50
89165191,mondrian_nb,cliffB_oracle,all,470,430,0.9148936170212766,0.8861813725922769,0.936878730613212,2.2768134989956774,,,,,CHEMBL235_EC50
89165191,mondrian_nb,cliffB_oracle,cliff,76,61,0.8026315789473685,0.6995616502581179,0.8765801272024571,2.1666983945596106,,,,,CHEMBL235_EC50
89165191,mondrian_nb,cliffB_oracle,noncliff,394,369,0.9365482233502538,0.9080108648905528,0.9566551782606706,2.2980539759934984,,,,,CHEMBL235_EC50
89165191,mondrian_nb,cliffA,all,470,430,0.9148936170212766,0.8861813725922769,0.936878730613212,2.2768134989956774,,,,,CHEMBL235_EC50
89165191,mondrian_nb,cliffA,cliff,116,98,0.8448275862068966,0.7680146975991269,0.8995339186080189,2.1980801896857787,,,,,CHEMBL235_EC50
89165191,mondrian_nb,cliffA,noncliff,354,332,0.9378531073446328,0.9077011062439664,0.9586043269544091,2.3026131144757582,,,,,CHEMBL235_EC50
89165191,mondrian_nb,__bins__,__summary__,-1,-1,,,,2.2768134989956774,0.819047619047619,0.17008281573498962,0.8191489361702128,0.14893617021276595,CHEMBL235_EC50
89165191,mondrian_nnsim,cliffB_oracle,all,470,429,0.9127659574468086,0.8837931678033383,0.9350461143600713,2.3004367449861025,,,,,CHEMBL235_EC50
89165191,mondrian_nnsim,cliffB_oracle,cliff,76,62,0.8157894736842105,0.7142173789108908,0.8869740410479698,2.152748471073199,,,,,CHEMBL235_EC50
89165191,mondrian_nnsim,cliffB_oracle,noncliff,394,367,0.9314720812182741,0.9021324624766266,0.952479324358885,2.3289248384312313,,,,,CHEMBL235_EC50
89165191,mondrian_nnsim,cliffA,all,470,429,0.9127659574468086,0.8837931678033383,0.9350461143600713,2.3004367449861025,,,,,CHEMBL235_EC50
89165191,mondrian_nnsim,cliffA,cliff,116,98,0.8448275862068966,0.7680146975991269,0.8995339186080189,2.1912644822551535,,,,,CHEMBL235_EC50
89165191,mondrian_nnsim,cliffA,noncliff,354,331,0.9350282485875706,0.9043972406376,0.9563191252498182,2.336210706784945,,,,,CHEMBL235_EC50
89165191,mondrian_nnsim,__bins__,__summary__,-1,-1,,,,2.3004367449861025,0.7904761904761904,0.18754578754578755,0.7659574468085106,0.22340425531914898,CHEMBL235_EC50
89165191,mondrian_pairgap,cliffB_oracle,all,470,431,0.9170212765957447,0.8885741078356766,0.9387068164118919,2.450945219535393,,,,,CHEMBL235_EC50
89165191,mondrian_pairgap,cliffB_oracle,cliff,76,65,0.8552631578947368,0.7591255101452948,0.9172148373084233,2.527198672857572,,,,,CHEMBL235_EC50
89165191,mondrian_pairgap,cliffB_oracle,noncliff,394,366,0.9289340101522843,0.8992074903620364,0.9503771683156192,2.436236431584922,,,,,CHEMBL235_EC50
89165191,mondrian_pairgap,cliffA,all,470,431,0.9170212765957447,0.8885741078356766,0.9387068164118919,2.450945219535393,,,,,CHEMBL235_EC50
89165191,mondrian_pairgap,cliffA,cliff,116,101,0.8706896551724138,0.7975686759498692,0.9200460864728124,2.53952912824285,,,,,CHEMBL235_EC50
89165191,mondrian_pairgap,cliffA,noncliff,354,330,0.9322033898305084,0.9011063801144424,0.9540209184620184,2.421917724026735,,,,,CHEMBL235_EC50
89165191,mondrian_pairgap,__bins__,__summary__,-1,-1,,,,2.450945219535393,0.8476190476190476,0.11977225672877845,0.8404255319148937,0.14893617021276595,CHEMBL235_EC50
89165191,mondrian_rfstd,cliffB_oracle,all,470,437,0.9297872340425531,0.9030350773241134,0.9495707731759315,2.391442603435319,,,,,CHEMBL235_EC50
89165191,mondrian_rfstd,cliffB_oracle,cliff,76,61,0.8026315789473685,0.6995616502581179,0.8765801272024571,2.348598903060369,,,,,CHEMBL235_EC50
89165191,mondrian_rfstd,cliffB_oracle,noncliff,394,376,0.9543147208121827,0.9289466356888874,0.9709093045673278,2.3997068705127207,,,,,CHEMBL235_EC50
89165191,mondrian_rfstd,cliffA,all,470,437,0.9297872340425531,0.9030350773241134,0.9495707731759315,2.391442603435319,,,,,CHEMBL235_EC50
89165191,mondrian_rfstd,cliffA,cliff,116,98,0.8448275862068966,0.7680146975991269,0.8995339186080189,2.3854812388782345,,,,,CHEMBL235_EC50
89165191,mondrian_rfstd,cliffA,noncliff,354,339,0.9576271186440678,0.9312729880002842,0.974155916374792,2.3933960449286014,,,,,CHEMBL235_EC50
89165191,mondrian_rfstd,__bins__,__summary__,-1,-1,,,,2.391442603435319,0.8952380952380953,0.08302277432712213,0.8936170212765957,0.08510638297872342,CHEMBL235_EC50
71339737,global,cliffB_oracle,all,344,300,0.872093023255814,0.8326457109961805,0.903321763576663,2.203957865885588,,,,,CHEMBL239_EC50
71339737,global,cliffB_oracle,cliff,37,29,0.7837837837837838,0.6280485160803084,0.8861348800661442,2.2039578658855876,,,,,CHEMBL239_EC50
71339737,global,cliffB_oracle,noncliff,307,271,0.8827361563517915,0.8419283275612157,0.9140840811167317,2.203957865885588,,,,,CHEMBL239_EC50
71339737,global,cliffA,all,344,300,0.872093023255814,0.8326457109961805,0.903321763576663,2.203957865885588,,,,,CHEMBL239_EC50
71339737,global,cliffA,cliff,62,53,0.8548387096774194,0.7465660628844542,0.9217058859468299,2.2039578658855885,,,,,CHEMBL239_EC50
71339737,global,cliffA,noncliff,282,247,0.875886524822695,0.8322800878845454,0.9093897904971827,2.203957865885588,,,,,CHEMBL239_EC50
71339737,global,__bins__,__summary__,-1,-1,,,,2.203957865885588,0.7142857142857143,0.2409381663113006,0.7246376811594203,0.24637681159420288,CHEMBL239_EC50
71339737,mondrian_pair,cliffB_oracle,all,344,301,0.875,0.83585780370585,0.9058594167620938,2.2168959024528867,,,,,CHEMBL239_EC50
71339737,mondrian_pair,cliffB_oracle,cliff,37,29,0.7837837837837838,0.6280485160803084,0.8861348800661442,2.22451354218341,,,,,CHEMBL239_EC50
71339737,mondrian_pair,cliffB_oracle,noncliff,307,272,0.8859934853420195,0.8455714835446208,0.9168750732922878,2.215977815579827,,,,,CHEMBL239_EC50
71339737,mondrian_pair,cliffA,all,344,301,0.875,0.83585780370585,0.9058594167620938,2.2168959024528867,,,,,CHEMBL239_EC50
71339737,mondrian_pair,cliffA,cliff,62,53,0.8548387096774194,0.7465660628844542,0.9217058859468299,2.2234943539320846,,,,,CHEMBL239_EC50
71339737,mondrian_pair,cliffA,noncliff,282,248,0.8794326241134752,0.836241854493107,0.912424909533732,2.2154451790780274,,,,,CHEMBL239_EC50
71339737,mondrian_pair,__bins__,__summary__,-1,-1,,,,2.2168959024528867,0.7142857142857143,0.2409381663113006,0.7391304347826086,0.23188405797101452,CHEMBL239_EC50
71339737,mondrian_wstd,cliffB_oracle,all,344,304,0.8837209302325582,0.8455304678903924,0.9134359902628525,2.353368713307162,,,,,CHEMBL239_EC50
71339737,mondrian_wstd,cliffB_oracle,cliff,37,30,0.8108108108108109,0.6579530307016159,0.9052002126968799,2.3754264804326666,,,,,CHEMBL239_EC50
71339737,mondrian_wstd,cliffB_oracle,noncliff,307,274,0.8925081433224755,0.8528846206881016,0.9224302324667295,2.3507102853474104,,,,,CHEMBL239_EC50
71339737,mondrian_wstd,cliffA,all,344,304,0.8837209302325582,0.8455304678903924,0.9134359902628525,2.353368713307162,,,,,CHEMBL239_EC50
71339737,mondrian_wstd,cliffA,cliff,62,54,0.8709677419354839,0.7655067270982637,0.9331412194071697,2.38130156553916,,,,,CHEMBL239_EC50
71339737,mondrian_wstd,cliffA,noncliff,282,250,0.8865248226950354,0.8441961869857539,0.9184643483313062,2.347227447922822,,,,,CHEMBL239_EC50
71339737,mondrian_wstd,__bins__,__summary__,-1,-1,,,,2.353368713307162,0.7402597402597403,0.21496414033727462,0.7536231884057971,0.21739130434782605,CHEMBL239_EC50
71339737,mondrian_std,cliffB_oracle,all,344,305,0.8866279069767442,0.8487674486663307,0.9159487553820146,2.386134014444913,,,,,CHEMBL239_EC50
71339737,mondrian_std,cliffB_oracle,cliff,37,29,0.7837837837837838,0.6280485160803084,0.8861348800661442,2.372424837333678,,,,,CHEMBL239_EC50
71339737,mondrian_std,cliffB_oracle,noncliff,307,276,0.8990228013029316,0.8602358579832725,0.9279472914894811,2.3877862605462674,,,,,CHEMBL239_EC50
71339737,mondrian_std,cliffA,all,344,305,0.8866279069767442,0.8487674486663307,0.9159487553820146,2.386134014444913,,,,,CHEMBL239_EC50
71339737,mondrian_std,cliffA,cliff,62,53,0.8548387096774194,0.7465660628844542,0.9217058859468299,2.3985617334154923,,,,,CHEMBL239_EC50
71339737,mondrian_std,cliffA,noncliff,282,252,0.8936170212765957,0.8521943200551936,0.9244599865520877,2.383401679068403,,,,,CHEMBL239_EC50
71339737,mondrian_std,__bins__,__summary__,-1,-1,,,,2.386134014444913,0.7402597402597403,0.21496414033727462,0.782608695652174,0.18840579710144922,CHEMBL239_EC50
71339737,mondrian_iqr,cliffB_oracle,all,344,299,0.8691860465116279,0.8294393933883847,0.9007783352893585,2.3267358879659077,,,,,CHEMBL239_EC50
71339737,mondrian_iqr,cliffB_oracle,cliff,37,29,0.7837837837837838,0.6280485160803084,0.8861348800661442,2.3127985594562985,,,,,CHEMBL239_EC50
71339737,mondrian_iqr,cliffB_oracle,noncliff,307,270,0.8794788273615635,0.8382936935338365,0.9112845669851495,2.3284156311413327,,,,,CHEMBL239_EC50
71339737,mondrian_iqr,cliffA,all,344,299,0.8691860465116279,0.8294393933883847,0.9007783352893585,2.3267358879659077,,,,,CHEMBL239_EC50
71339737,mondrian_iqr,cliffA,cliff,62,53,0.8548387096774194,0.7465660628844542,0.9217058859468299,2.337152788934923,,,,,CHEMBL239_EC50
71339737,mondrian_iqr,cliffA,noncliff,282,246,0.8723404255319149,0.8283280972366405,0.9063448954999771,2.3244456473273294,,,,,CHEMBL239_EC50
71339737,mondrian_iqr,__bins__,__summary__,-1,-1,,,,2.3267358879659077,0.7272727272727273,0.21302578018995932,0.7246376811594203,0.24637681159420288,CHEMBL239_EC50
71339737,mondrian_nb,cliffB_oracle,all,344,299,0.8691860465116279,0.8294393933883847,0.9007783352893585,2.28789514042476,,,,,CHEMBL239_EC50
71339737,mondrian_nb,cliffB_oracle,cliff,37,28,0.7567567567567568,0.5988270787855735,0.8663864701088361,2.304750952546432,,,,,CHEMBL239_EC50
71339737,mondrian_nb,cliffB_oracle,noncliff,307,271,0.8827361563517915,0.8419283275612157,0.9140840811167317,2.2858636581820835,,,,,CHEMBL239_EC50
71339737,mondrian_nb,cliffA,all,344,299,0.8691860465116279,0.8294393933883847,0.9007783352893585,2.28789514042476,,,,,CHEMBL239_EC50
71339737,mondrian_nb,cliffA,cliff,62,52,0.8387096774193549,0.7279366398602256,0.9099593112969091,2.3131730626090308,,,,,CHEMBL239_EC50
71339737,mondrian_nb,cliffA,noncliff,282,247,0.875886524822695,0.8322800878845454,0.9093897904971827,2.282337583065098,,,,,CHEMBL239_EC50
71339737,mondrian_nb,__bins__,__summary__,-1,-1,,,,2.28789514042476,0.7142857142857143,0.2409381663113006,0.7246376811594203,0.23188405797101452,CHEMBL239_EC50
71339737,mondrian_nnsim,cliffB_oracle,all,344,300,0.872093023255814,0.8326457109961805,0.903321763576663,2.263020908931624,,,,,CHEMBL239_EC50
71339737,mondrian_nnsim,cliffB_oracle,cliff,37,27,0.7297297297297297,0.5702183167528573,0.8460253848895091,2.0644565130008967,,,,,CHEMBL239_EC50
71339737,mondrian_nnsim,cliffB_oracle,noncliff,307,273,0.8892508143322475,0.8492234707989423,0.9196572341969276,2.2869521227734384,,,,,CHEMBL239_EC50
71339737,mondrian_nnsim,cliffA,all,344,300,0.872093023255814,0.8326457109961805,0.903321763576663,2.263020908931624,,,,,CHEMBL239_EC50
71339737,mondrian_nnsim,cliffA,cliff,62,51,0.8225806451612904,0.7095843311430364,0.8979356223399492,2.1123927848003285,,,,,CHEMBL239_EC50
71339737,mondrian_nnsim,cliffA,noncliff,282,249,0.8829787234042553,0.8402137582781266,0.9154498913938229,2.296137730549143,,,,,CHEMBL239_EC50
71339737,mondrian_nnsim,__bins__,__summary__,-1,-1,,,,2.263020908931624,0.7012987012987013,0.2539251792983136,0.7391304347826086,0.23188405797101452,CHEMBL239_EC50
71339737,mondrian_pairgap,cliffB_oracle,all,344,301,0.875,0.83585780370585,0.9058594167620938,2.3274752783449104,,,,,CHEMBL239_EC50
71339737,mondrian_pairgap,cliffB_oracle,cliff,37,30,0.8108108108108109,0.6579530307016159,0.9052002126968799,2.380717822394928,,,,,CHEMBL239_EC50
71339737,mondrian_pairgap,cliffB_oracle,noncliff,307,271,0.8827361563517915,0.8419283275612157,0.9140840811167317,2.321058424501749,,,,,CHEMBL239_EC50
71339737,mondrian_pairgap,cliffA,all,344,301,0.875,0.83585780370585,0.9058594167620938,2.3274752783449104,,,,,CHEMBL239_EC50
71339737,mondrian_pairgap,cliffA,cliff,62,54,0.8709677419354839,0.7655067270982637,0.9331412194071697,2.377555108860972,,,,,CHEMBL239_EC50
71339737,mondrian_pairgap,cliffA,noncliff,282,247,0.875886524822695,0.8322800878845454,0.9093897904971827,2.3164648191534365,,,,,CHEMBL239_EC50
71339737,mondrian_pairgap,__bins__,__summary__,-1,-1,,,,2.3274752783449104,0.7272727272727273,0.22795115332428761,0.7246376811594203,0.26086956521739135,CHEMBL239_EC50
71339737,mondrian_rfstd,cliffB_oracle,all,344,299,0.8691860465116279,0.8294393933883847,0.9007783352893585,2.193701306563748,,,,,CHEMBL239_EC50
71339737,mondrian_rfstd,cliffB_oracle,cliff,37,28,0.7567567567567568,0.5988270787855735,0.8663864701088361,2.2720633769427776,,,,,CHEMBL239_EC50
71339737,mondrian_rfstd,cliffB_oracle,noncliff,307,271,0.8827361563517915,0.8419283275612157,0.9140840811167317,2.1842570179512917,,,,,CHEMBL239_EC50
71339737,mondrian_rfstd,cliffA,all,344,299,0.8691860465116279,0.8294393933883847,0.9007783352893585,2.193701306563748,,,,,CHEMBL239_EC50
71339737,mondrian_rfstd,cliffA,cliff,62,51,0.8225806451612904,0.7095843311430364,0.8979356223399492,2.1723113400556184,,,,,CHEMBL239_EC50
71339737,mondrian_rfstd,cliffA,noncliff,282,248,0.8794326241134752,0.836241854493107,0.912424909533732,2.198404065157734,,,,,CHEMBL239_EC50
71339737,mondrian_rfstd,__bins__,__summary__,-1,-1,,,,2.193701306563748,0.7792207792207793,0.17532467532467533,0.7971014492753623,0.14492753623188404,CHEMBL239_EC50
99182118,global,cliffB_oracle,all,344,312,0.9069767441860465,0.8716284038803498,0.9333360214336978,2.517956660716665,,,,,CHEMBL239_EC50
99182118,global,cliffB_oracle,cliff,39,34,0.8717948717948718,0.7329425662025455,0.9439718246302862,2.517956660716665,,,,,CHEMBL239_EC50
99182118,global,cliffB_oracle,noncliff,305,278,0.9114754098360656,0.8742666327799533,0.938448088094761,2.517956660716665,,,,,CHEMBL239_EC50
99182118,global,cliffA,all,344,312,0.9069767441860465,0.8716284038803498,0.9333360214336978,2.517956660716665,,,,,CHEMBL239_EC50
99182118,global,cliffA,cliff,76,67,0.881578947368421,0.7900078224920806,0.9364318099582094,2.517956660716665,,,,,CHEMBL239_EC50
99182118,global,cliffA,noncliff,268,245,0.914179104477612,0.874518952435482,0.9421335219997385,2.517956660716665,,,,,CHEMBL239_EC50
99182118,global,__bins__,__summary__,-1,-1,,,,2.517956660716665,0.8289473684210527,0.11135113904163396,0.7246376811594203,0.24637681159420288,CHEMBL239_EC50
99182118,mondrian_pair,cliffB_oracle,all,344,312,0.9069767441860465,0.8716284038803498,0.9333360214336978,2.50495095516633,,,,,CHEMBL239_EC50
99182118,mondrian_pair,cliffB_oracle,cliff,39,34,0.8717948717948718,0.7329425662025455,0.9439718246302862,2.5152453947091784,,,,,CHEMBL239_EC50
99182118,mondrian_pair,cliffB_oracle,noncliff,305,278,0.9114754098360656,0.8742666327799533,0.938448088094761,2.5036346169952775,,,,,CHEMBL239_EC50
99182118,mondrian_pair,cliffA,all,344,312,0.9069767441860465,0.8716284038803498,0.9333360214336978,2.50495095516633,,,,,CHEMBL239_EC50
99182118,mondrian_pair,cliffA,cliff,76,67,0.881578947368421,0.7900078224920806,0.9364318099582094,2.516196331122373,,,,,CHEMBL239_EC50
99182118,mondrian_pair,cliffA,noncliff,268,245,0.914179104477612,0.874518952435482,0.9421335219997385,2.501761967954915,,,,,CHEMBL239_EC50
99182118,mondrian_pair,__bins__,__summary__,-1,-1,,,,2.50495095516633,0.8289473684210527,0.11135113904163396,0.7246376811594203,0.24637681159420288,CHEMBL239_EC50
99182118,mondrian_wstd,cliffB_oracle,all,344,316,0.9186046511627907,0.8848765305118813,0.9430868783825677,2.6343079311325432,,,,,CHEMBL239_EC50
99182118,mondrian_wstd,cliffB_oracle,cliff,39,34,0.8717948717948718,0.7329425662025455,0.9439718246302862,2.6386491372046113,,,,,CHEMBL239_EC50
99182118,mondrian_wstd,cliffB_oracle,noncliff,305,282,0.9245901639344263,0.8893903011176989,0.949227677792863,2.6337528260938194,,,,,CHEMBL239_EC50
99182118,mondrian_wstd,cliffA,all,344,316,0.9186046511627907,0.8848765305118813,0.9430868783825677,2.6343079311325432,,,,,CHEMBL239_EC50
99182118,mondrian_wstd,cliffA,cliff,76,67,0.881578947368421,0.7900078224920806,0.9364318099582094,2.69392367066791,,,,,CHEMBL239_EC50
99182118,mondrian_wstd,cliffA,noncliff,268,249,0.9291044776119403,0.8919346603665459,0.9541467320663402,2.617401975144902,,,,,CHEMBL239_EC50
99182118,mondrian_wstd,__bins__,__summary__,-1,-1,,,,2.6343079311325432,0.8955223880597015,0.05970149253731338,0.8260869565217391,0.14492753623188404,CHEMBL239_EC50
99182118,mondrian_std,cliffB_oracle,all,344,319,0.9273255813953488,0.8949198971197255,0.9502927494600245,2.609021706663915,,,,,CHEMBL239_EC50
99182118,mondrian_std,cliffB_oracle,cliff,39,35,0.8974358974358975,0.7642114553714348,0.9593866865533163,2.5840820279990355,,,,,CHEMBL239_EC50
99182118,mondrian_std,cliffB_oracle,noncliff,305,284,0.9311475409836065,0.8970411104763275,0.9545284974521578,2.61221071475549,,,,,CHEMBL239_EC50
99182118,mondrian_std,cliffA,all,344,319,0.9273255813953488,0.8949198971197255,0.9502927494600245,2.609021706663915,,,,,CHEMBL239_EC50
99182118,mondrian_std,cliffA,cliff,76,68,0.8947368421052632,0.805800536776795,0.945688738171781,2.6425669554091766,,,,,CHEMBL239_EC50
99182118,mondrian_std,cliffA,noncliff,268,251,0.9365671641791045,0.9007738758285905,0.9600219756031284,2.5995088749301845,,,,,CHEMBL239_EC50
99182118,mondrian_std,__bins__,__summary__,-1,-1,,,,2.609021706663915,0.8955223880597015,0.07462686567164178,0.855072463768116,0.13043478260869568,CHEMBL239_EC50
99182118,mondrian_iqr,cliffB_oracle,all,344,313,0.9098837209302325,0.874926462747299,0.9357877084618489,2.521610047749863,,,,,CHEMBL239_EC50
99182118,mondrian_iqr,cliffB_oracle,cliff,39,35,0.8974358974358975,0.7642114553714348,0.9593866865533163,2.6236018127943725,,,,,CHEMBL239_EC50
99182118,mondrian_iqr,cliffB_oracle,noncliff,305,278,0.9114754098360656,0.8742666327799533,0.938448088094761,2.508568477793352,,,,,CHEMBL239_EC50
99182118,mondrian_iqr,cliffA,all,344,313,0.9098837209302325,0.874926462747299,0.9357877084618489,2.521610047749863,,,,,CHEMBL239_EC50
99182118,mondrian_iqr,cliffA,cliff,76,69,0.9078947368421053,0.8218729215106378,0.9546659959362239,2.649974013658536,,,,,CHEMBL239_EC50
99182118,mondrian_iqr,cliffA,noncliff,268,244,0.9104477611940298,0.870212183977316,0.9390830609584881,2.485208326074269,,,,,CHEMBL239_EC50
99182118,mondrian_iqr,__bins__,__summary__,-1,-1,,,,2.521610047749863,0.868421052631579,0.11665357423409262,0.782608695652174,0.2028985507246377,CHEMBL239_EC50
99182118,mondrian_nb,cliffB_oracle,all,344,318,0.9244186046511628,0.8915608906272865,0.9479020100573632,2.5644300324413765,,,,,CHEMBL239_EC50
99182118,mondrian_nb,cliffB_oracle,cliff,39,36,0.9230769230769231,0.7967892883204503,0.9734926046962203,2.4829453510867294,,,,,CHEMBL239_EC50
99182118,mondrian_nb,cliffB_oracle,noncliff,305,282,0.9245901639344263,0.8893903011176989,0.949227677792863,2.574849385139184,,,,,CHEMBL239_EC50
99182118,mondrian_nb,cliffA,all,344,318,0.9244186046511628,0.8915608906272865,0.9479020100573632,2.5644300324413765,,,,,CHEMBL239_EC50
99182118,mondrian_nb,cliffA,cliff,76,69,0.9078947368421053,0.8218729215106378,0.9546659959362239,2.47767567552616,,,,,CHEMBL239_EC50
99182118,mondrian_nb,cliffA,noncliff,268,249,0.9291044776119403,0.8919346603665459,0.9541467320663402,2.5890320142531547,,,,,CHEMBL239_EC50
99182118,mondrian_nb,__bins__,__summary__,-1,-1,,,,2.5644300324413765,0.8289473684210527,0.15612725844461894,0.8115942028985508,0.17391304347826086,CHEMBL239_EC50
99182118,mondrian_nnsim,cliffB_oracle,all,344,318,0.9244186046511628,0.8915608906272865,0.9479020100573632,2.62987315071685,,,,,CHEMBL239_EC50
99182118,mondrian_nnsim,cliffB_oracle,cliff,39,36,0.9230769230769231,0.7967892883204503,0.9734926046962203,2.639747924139634,,,,,CHEMBL239_EC50
99182118,mondrian_nnsim,cliffB_oracle,noncliff,305,282,0.9245901639344263,0.8893903011176989,0.949227677792863,2.628610474770986,,,,,CHEMBL239_EC50
99182118,mondrian_nnsim,cliffA,all,344,318,0.9244186046511628,0.8915608906272865,0.9479020100573632,2.62987315071685,,,,,CHEMBL239_EC50
99182118,mondrian_nnsim,cliffA,cliff,76,70,0.9210526315789473,0.8382725651786193,0.9633159947665283,2.6400947408917457,,,,,CHEMBL239_EC50
99182118,mondrian_nnsim,cliffA,noncliff,268,248,0.9253731343283582,0.8875500691177242,0.9511740938157457,2.6269744908165062,,,,,CHEMBL239_EC50
99182118,mondrian_nnsim,__bins__,__summary__,-1,-1,,,,2.62987315071685,0.8421052631578947,0.12804399057344862,0.782608695652174,0.21739130434782605,CHEMBL239_EC50
99182118,mondrian_pairgap,cliffB_oracle,all,344,312,0.9069767441860465,0.8716284038803498,0.9333360214336978,2.553168783673049,,,,,CHEMBL239_EC50
99182118,mondrian_pairgap,cliffB_oracle,cliff,39,34,0.8717948717948718,0.7329425662025455,0.9439718246302862,2.570797241436726,,,,,CHEMBL239_EC50
99182118,mondrian_pairgap,cliffB_oracle,noncliff,305,278,0.9114754098360656,0.8742666327799533,0.938448088094761,2.5509146530081854,,,,,CHEMBL239_EC50
99182118,mondrian_pairgap,cliffA,all,344,312,0.9069767441860465,0.8716284038803498,0.9333360214336978,2.553168783673049,,,,,CHEMBL239_EC50
99182118,mondrian_pairgap,cliffA,cliff,76,67,0.881578947368421,0.7900078224920806,0.9364318099582094,2.570335691857482,,,,,CHEMBL239_EC50
99182118,mondrian_pairgap,cliffA,noncliff,268,245,0.914179104477612,0.874518952435482,0.9421335219997385,2.5483005559789564,,,,,CHEMBL239_EC50
99182118,mondrian_pairgap,__bins__,__summary__,-1,-1,,,,2.553168783673049,0.8289473684210527,0.11135113904163396,0.7246376811594203,0.24637681159420288,CHEMBL239_EC50
99182118,mondrian_rfstd,cliffB_oracle,all,344,315,0.9156976744186046,0.881550112730988,0.9406635502683606,2.3291435021159614,,,,,CHEMBL239_EC50
99182118,mondrian_rfstd,cliffB_oracle,cliff,39,33,0.8461538461538461,0.7027053635107331,0.927525276230179,2.19250514748681,,,,,CHEMBL239_EC50
99182118,mondrian_rfstd,cliffB_oracle,noncliff,305,282,0.9245901639344263,0.8893903011176989,0.949227677792863,2.3466152917242793,,,,,CHEMBL239_EC50
99182118,mondrian_rfstd,cliffA,all,344,315,0.9156976744186046,0.881550112730988,0.9406635502683606,2.3291435021159614,,,,,CHEMBL239_EC50
99182118,mondrian_rfstd,cliffA,cliff,76,66,0.868421052631579,0.7744588056311937,0.9269311843208105,2.268846137714425,,,,,CHEMBL239_EC50
99182118,mondrian_rfstd,cliffA,noncliff,268,249,0.9291044776119403,0.8919346603665459,0.9541467320663402,2.346242754707442,,,,,CHEMBL239_EC50
99182118,mondrian_rfstd,__bins__,__summary__,-1,-1,,,,2.3291435021159614,0.881578947368421,0.0587195600942656,0.8405797101449275,0.10144927536231885,CHEMBL239_EC50
89709943,global,cliffB_oracle,all,344,312,0.9069767441860465,0.8716284038803498,0.9333360214336978,2.400504723165754,,,,,CHEMBL239_EC50
89709943,global,cliffB_oracle,cliff,45,35,0.7777777777777778,0.6373070782524372,0.8745531446737361,2.4005047231657546,,,,,CHEMBL239_EC50
89709943,global,cliffB_oracle,noncliff,299,277,0.9264214046822743,0.8911140609579121,0.9509106769792407,2.4005047231657546,,,,,CHEMBL239_EC50
89709943,global,cliffA,all,344,312,0.9069767441860465,0.8716284038803498,0.9333360214336978,2.400504723165754,,,,,CHEMBL239_EC50
89709943,global,cliffA,cliff,65,53,0.8153846153846154,0.7044600616636223,0.8911112801173449,2.4005047231657546,,,,,CHEMBL239_EC50
89709943,global,cliffA,noncliff,279,259,0.9283154121863799,0.8918771899842598,0.9531191588413656,2.4005047231657546,,,,,CHEMBL239_EC50
89709943,global,__bins__,__summary__,-1,-1,,,,2.400504723165754,0.775,0.20984848484848484,0.855072463768116,0.08695652173913038,CHEMBL239_EC50
89709943,mondrian_pair,cliffB_oracle,all,344,312,0.9069767441860465,0.8716284038803498,0.9333360214336978,2.476951389197798,,,,,CHEMBL239_EC50
89709943,mondrian_pair,cliffB_oracle,cliff,45,33,0.7333333333333333,0.5896116224686505,0.8403509647893348,2.3688776033591252,,,,,CHEMBL239_EC50
89709943,mondrian_pair,cliffB_oracle,noncliff,299,279,0.9331103678929766,0.8989476044943685,0.9562853646261122,2.493216674691913,,,,,CHEMBL239_EC50
89709943,mondrian_pair,cliffA,all,344,312,0.9069767441860465,0.8716284038803498,0.9333360214336978,2.476951389197798,,,,,CHEMBL239_EC50
89709943,mondrian_pair,cliffA,cliff,65,52,0.8,0.6872986736183406,0.8792204075879453,2.362164461010172,,,,,CHEMBL239_EC50
89709943,mondrian_pair,cliffA,noncliff,279,260,0.931899641577061,0.8960948143169181,0.9559726336620598,2.503693863506743,,,,,CHEMBL239_EC50
89709943,mondrian_pair,__bins__,__summary__,-1,-1,,,,2.476951389197798,0.775,0.20984848484848484,0.8695652173913043,0.07246376811594202,CHEMBL239_EC50
89709943,mondrian_wstd,cliffB_oracle,all,344,323,0.938953488372093,0.9084831035722694,0.9597285265878821,2.6306443018635335,,,,,CHEMBL239_EC50
89709943,mondrian_wstd,cliffB_oracle,cliff,45,38,0.8444444444444444,0.7121609112760374,0.9225457651524174,2.7586825724138913,,,,,CHEMBL239_EC50
89709943,mondrian_wstd,cliffB_oracle,noncliff,299,285,0.9531772575250836,0.9229509198757542,0.9719067427947101,2.6113743280348842,,,,,CHEMBL239_EC50
89709943,mondrian_wstd,cliffA,all,344,323,0.938953488372093,0.9084831035722694,0.9597285265878821,2.6306443018635335,,,,,CHEMBL239_EC50
89709943,mondrian_wstd,cliffA,cliff,65,58,0.8923076923076924,0.7939868641855017,0.9468457804688724,2.68930858509176,,,,,CHEMBL239_EC50
89709943,mondrian_wstd,cliffA,noncliff,279,265,0.9498207885304659,0.917545785553726,0.9698771581920144,2.6169769957350932,,,,,CHEMBL239_EC50
89709943,mondrian_wstd,__bins__,__summary__,-1,-1,,,,2.6306443018635335,0.9076923076923077,0.06200466200466204,0.9117647058823529,0.05924978687127025,CHEMBL239_EC50
89709943,mondrian_std,cliffB_oracle,all,344,322,0.936046511627907,0.9050717383929738,0.9573901458720773,2.568415428945315,,,,,CHEMBL239_EC50
89709943,mondrian_std,cliffB_oracle,cliff,45,38,0.8444444444444444,0.7121609112760374,0.9225457651524174,2.6930047139133757,,,,,CHEMBL239_EC50
89709943,mondrian_std,cliffB_oracle,noncliff,299,284,0.9498327759197325,0.9188880862800552,0.9693654607987452,2.549664533214337,,,,,CHEMBL239_EC50
89709943,mondrian_std,cliffA,all,344,322,0.936046511627907,0.9050717383929738,0.9573901458720773,2.568415428945315,,,,,CHEMBL239_EC50
89709943,mondrian_std,cliffA,cliff,65,58,0.8923076923076924,0.7939868641855017,0.9468457804688724,2.6491386922953533,,,,,CHEMBL239_EC50
89709943,mondrian_std,cliffA,noncliff,279,264,0.946236559139785,0.9132005517797185,0.9671512928126696,2.549608933899608,,,,,CHEMBL239_EC50
89709943,mondrian_std,__bins__,__summary__,-1,-1,,,,2.568415428945315,0.9076923076923077,0.06200466200466204,0.9117647058823529,0.05924978687127025,CHEMBL239_EC50
89709943,mondrian_iqr,cliffB_oracle,all,344,314,0.9127906976744186,0.8782335667575142,0.9382303503467341,2.5685388786305814,,,,,CHEMBL239_EC50
89709943,mondrian_iqr,cliffB_oracle,cliff,45,37,0.8222222222222222,0.6867017537354023,0.9070561048589585,2.6163847466033614,,,,,CHEMBL239_EC50
89709943,mondrian_iqr,cliffB_oracle,noncliff,299,277,0.9264214046822743,0.8911140609579121,0.9509106769792407,2.5613379954908653,,,,,CHEMBL239_EC50
89709943,mondrian_iqr,cliffA,all,344,314,0.9127906976744186,0.8782335667575142,0.9382303503467341,2.5685388786305814,,,,,CHEMBL239_EC50
89709943,mondrian_iqr,cliffA,cliff,65,57,0.8769230769230769,0.7754850591783848,0.9362953249013077,2.6240132196275225,,,,,CHEMBL239_EC50
89709943,mondrian_iqr,cliffA,noncliff,279,257,0.921146953405018,0.8835017752924821,0.9473523752264383,2.555614749007638,,,,,CHEMBL239_EC50
89709943,mondrian_iqr,__bins__,__summary__,-1,-1,,,,2.5685388786305814,0.825,0.14469696969696977,0.8840579710144928,0.05797101449275355,CHEMBL239_EC50
89709943,mondrian_nb,cliffB_oracle,all,344,311,0.9040697674418605,0.868339022903152,0.9308756565157954,2.5693345896876534,,,,,CHEMBL239_EC50
89709943,mondrian_nb,cliffB_oracle,cliff,45,32,0.7111111111111111,0.5663145942523844,0.8226991751715074,2.246567654466277,,,,,CHEMBL239_EC50
89709943,mondrian_nb,cliffB_oracle,noncliff,299,279,0.9331103678929766,0.8989476044943685,0.9562853646261122,2.617911553182509,,,,,CHEMBL239_EC50
89709943,mondrian_nb,cliffA,all,344,311,0.9040697674418605,0.868339022903152,0.9308756565157954,2.5693345896876534,,,,,CHEMBL239_EC50
89709943,mondrian_nb,cliffA,cliff,65,51,0.7846153846153846,0.6703343975431146,0.8671324230884898,2.343721526740767,,,,,CHEMBL239_EC50
89709943,mondrian_nb,cliffA,noncliff,279,260,0.931899641577061,0.8960948143169181,0.9559726336620598,2.6218967728114797,,,,,CHEMBL239_EC50
89709943,mondrian_nb,__bins__,__summary__,-1,-1,,,,2.5693345896876534,0.7625,0.23750000000000004,0.8695652173913043,0.07246376811594202,CHEMBL239_EC50
89709943,mondrian_nnsim,cliffB_oracle,all,344,313,0.9098837209302325,0.874926462747299,0.9357877084618489,2.552150792086766,,,,,CHEMBL239_EC50
89709943,mondrian_nnsim,cliffB_oracle,cliff,45,33,0.7333333333333333,0.5896116224686505,0.8403509647893348,2.3030065490195164,,,,,CHEMBL239_EC50
89709943,mondrian_nnsim,cliffB_oracle,noncliff,299,280,0.9364548494983278,0.9028920841819846,0.95894500053016,2.5896474172975568,,,,,CHEMBL239_EC50
89709943,mondrian_nnsim,cliffA,all,344,313,0.9098837209302325,0.874926462747299,0.9357877084618489,2.552150792086766,,,,,CHEMBL239_EC50
89709943,mondrian_nnsim,cliffA,cliff,65,52,0.8,0.6872986736183406,0.8792204075879453,2.3352580334797404,,,,,CHEMBL239_EC50
89709943,mondrian_nnsim,cliffA,noncliff,279,261,0.9354838709677419,0.900334230935797,0.9588043161965333,2.6026813630884034,,,,,CHEMBL239_EC50
89709943,mondrian_nnsim,__bins__,__summary__,-1,-1,,,,2.552150792086766,0.8,0.16969696969696968,0.8840579710144928,0.05797101449275355,CHEMBL239_EC50
89709943,mondrian_pairgap,cliffB_oracle,all,344,312,0.9069767441860465,0.8716284038803498,0.9333360214336978,2.540044186406762,,,,,CHEMBL239_EC50
89709943,mondrian_pairgap,cliffB_oracle,cliff,45,32,0.7111111111111111,0.5663145942523844,0.8226991751715074,2.3687141076127705,,,,,CHEMBL239_EC50
89709943,mondrian_pairgap,cliffB_oracle,noncliff,299,280,0.9364548494983278,0.9028920841819846,0.95894500053016,2.5658296497704067,,,,,CHEMBL239_EC50
89709943,mondrian_pairgap,cliffA,all,344,312,0.9069767441860465,0.8716284038803498,0.9333360214336978,2.540044186406762,,,,,CHEMBL239_EC50
89709943,mondrian_pairgap,cliffA,cliff,65,51,0.7846153846153846,0.6703343975431146,0.8671324230884898,2.3700675784742833,,,,,CHEMBL239_EC50
89709943,mondrian_pairgap,cliffA,noncliff,279,261,0.9354838709677419,0.900334230935797,0.9588043161965333,2.579644471408953,,,,,CHEMBL239_EC50
89709943,mondrian_pairgap,__bins__,__summary__,-1,-1,,,,2.540044186406762,0.775,0.22499999999999998,0.8695652173913043,0.07246376811594202,CHEMBL239_EC50
89709943,mondrian_rfstd,cliffB_oracle,all,344,307,0.8924418604651163,0.8552618096701478,0.9209538861683982,2.426345859189635,,,,,CHEMBL239_EC50
89709943,mondrian_rfstd,cliffB_oracle,cliff,45,33,0.7333333333333333,0.5896116224686505,0.8403509647893348,2.3261929563112136,,,,,CHEMBL239_EC50
89709943,mondrian_rfstd,cliffB_oracle,noncliff,299,274,0.9163879598662207,0.8794863641403519,0.942726027021809,2.441419038552608,,,,,CHEMBL239_EC50
89709943,mondrian_rfstd,cliffA,all,344,307,0.8924418604651163,0.8552618096701478,0.9209538861683982,2.426345859189635,,,,,CHEMBL239_EC50
89709943,mondrian_rfstd,cliffA,cliff,65,53,0.8153846153846154,0.7044600616636223,0.8911112801173449,2.332939671057579,,,,,CHEMBL239_EC50
89709943,mondrian_rfstd,cliffA,noncliff,279,254,0.910394265232975,0.87107115593796,0.9385696971209028,2.4481071574999707,,,,,CHEMBL239_EC50
89709943,mondrian_rfstd,__bins__,__summary__,-1,-1,,,,2.426345859189635,0.825,0.14469696969696977,0.7681159420289855,0.17391304347826086,CHEMBL239_EC50
86921808,global,cliffB_oracle,all,344,312,0.9069767441860465,0.8716284038803498,0.9333360214336978,2.4580956147880015,,,,,CHEMBL239_EC50
86921808,global,cliffB_oracle,cliff,44,37,0.8409090909090909,0.7063379493775939,0.9207332298779876,2.4580956147880024,,,,,CHEMBL239_EC50
86921808,global,cliffB_oracle,noncliff,300,275,0.9166666666666666,0.8798783980359391,0.9429191259436057,2.458095614788002,,,,,CHEMBL239_EC50
86921808,global,cliffA,all,344,312,0.9069767441860465,0.8716284038803498,0.9333360214336978,2.4580956147880015,,,,,CHEMBL239_EC50
86921808,global,cliffA,cliff,75,64,0.8533333333333334,0.7561523214068765,0.9160828299052742,2.4580956147880015,,,,,CHEMBL239_EC50
86921808,global,cliffA,noncliff,269,248,0.9219330855018587,0.8836100382891888,0.948374957617096,2.458095614788001,,,,,CHEMBL239_EC50
86921808,global,__bins__,__summary__,-1,-1,,,,2.4580956147880015,0.8026315789473685,0.16751767478397483,0.7536231884057971,0.21739130434782605,CHEMBL239_EC50
86921808,mondrian_pair,cliffB_oracle,all,344,312,0.9069767441860465,0.8716284038803498,0.9333360214336978,2.493446992321482,,,,,CHEMBL239_EC50
86921808,mondrian_pair,cliffB_oracle,cliff,44,36,0.8181818181818182,0.6803944911281533,0.9048719428437227,2.394551418918194,,,,,CHEMBL239_EC50
86921808,mondrian_pair,cliffB_oracle,noncliff,300,276,0.92,0.8837267595665261,0.9456531446048553,2.507951676420631,,,,,CHEMBL239_EC50
86921808,mondrian_pair,cliffA,all,344,312,0.9069767441860465,0.8716284038803498,0.9333360214336978,2.493446992321482,,,,,CHEMBL239_EC50
86921808,mondrian_pair,cliffA,cliff,75,63,0.84,0.7408329231474533,0.9060348639642386,2.403837739217607,,,,,CHEMBL239_EC50
86921808,mondrian_pair,cliffA,noncliff,269,249,0.9256505576208178,0.887957696588511,0.9513575635988865,2.5184309848225626,,,,,CHEMBL239_EC50
86921808,mondrian_pair,__bins__,__summary__,-1,-1,,,,2.493446992321482,0.8026315789473685,0.16751767478397483,0.7536231884057971,0.21739130434782605,CHEMBL239_EC50
86921808,mondrian_wstd,cliffB_oracle,all,344,313,0.9098837209302325,0.874926462747299,0.9357877084618489,2.51082760586732,,,,,CHEMBL239_EC50
86921808,mondrian_wstd,cliffB_oracle,cliff,44,37,0.8409090909090909,0.7063379493775939,0.9207332298779876,2.638498042863583,,,,,CHEMBL239_EC50
86921808,mondrian_wstd,cliffB_oracle,noncliff,300,276,0.92,0.8837267595665261,0.9456531446048553,2.4921026084412006,,,,,CHEMBL239_EC50
86921808,mondrian_wstd,cliffA,all,344,313,0.9098837209302325,0.874926462747299,0.9357877084618489,2.51082760586732,,,,,CHEMBL239_EC50
86921808,mondrian_wstd,cliffA,cliff,75,62,0.8266666666666667,0.7256918855948061,0.8958085373164274,2.5399079807147316,,,,,CHEMBL239_EC50
86921808,mondrian_wstd,cliffA,noncliff,269,251,0.9330855018587361,0.8967181245160508,0.9572576642335718,2.5027196946645094,,,,,CHEMBL239_EC50
86921808,mondrian_wstd,__bins__,__summary__,-1,-1,,,,2.51082760586732,0.8947368421052632,0.030636292223095052,0.7971014492753623,0.1594202898550725,CHEMBL239_EC50
86921808,mondrian_std,cliffB_oracle,all,344,313,0.9098837209302325,0.874926462747299,0.9357877084618489,2.5354970592852695,,,,,CHEMBL239_EC50
86921808,mondrian_std,cliffB_oracle,cliff,44,37,0.8409090909090909,0.7063379493775939,0.9207332298779876,2.6242799844711184,,,,,CHEMBL239_EC50
86921808,mondrian_std,cliffB_oracle,noncliff,300,276,0.92,0.8837267595665261,0.9456531446048553,2.5224755635913447,,,,,CHEMBL239_EC50
86921808,mondrian_std,cliffA,all,344,313,0.9098837209302325,0.874926462747299,0.9357877084618489,2.5354970592852695,,,,,CHEMBL239_EC50
86921808,mondrian_std,cliffA,cliff,75,62,0.8266666666666667,0.7256918855948061,0.8958085373164274,2.575626541477546,,,,,CHEMBL239_EC50
86921808,mondrian_std,cliffA,noncliff,269,251,0.9330855018587361,0.8967181245160508,0.9572576642335718,2.524308541945415,,,,,CHEMBL239_EC50
86921808,mondrian_std,__bins__,__summary__,-1,-1,,,,2.5354970592852695,0.8947368421052632,0.030636292223095052,0.7971014492753623,0.1594202898550725,CHEMBL239_EC50
86921808,mondrian_iqr,cliffB_oracle,all,344,313,0.9098837209302325,0.874926462747299,0.9357877084618489,2.5144374852366598,,,,,CHEMBL239_EC50
86921808,mondrian_iqr,cliffB_oracle,cliff,44,37,0.8409090909090909,0.7063379493775939,0.9207332298779876,2.4719858493392506,,,,,CHEMBL239_EC50
86921808,mondrian_iqr,cliffB_oracle,noncliff,300,276,0.92,0.8837267595665261,0.9456531446048553,2.5206637251682795,,,,,CHEMBL239_EC50
86921808,mondrian_iqr,cliffA,all,344,313,0.9098837209302325,0.874926462747299,0.9357877084618489,2.5144374852366598,,,,,CHEMBL239_EC50
86921808,mondrian_iqr,cliffA,cliff,75,64,0.8533333333333334,0.7561523214068765,0.9160828299052742,2.47613146071547,,,,,CHEMBL239_EC50
86921808,mondrian_iqr,cliffA,noncliff,269,249,0.9256505576208178,0.887957696588511,0.9513575635988865,2.5251176035975864,,,,,CHEMBL239_EC50
86921808,mondrian_iqr,__bins__,__summary__,-1,-1,,,,2.5144374852366598,0.8289473684210527,0.11135113904163396,0.7971014492753623,0.1594202898550725,CHEMBL239_EC50
86921808,mondrian_nb,cliffB_oracle,all,344,317,0.9215116279069767,0.8882132869663162,0.9454998678232331,2.6711233577785323,,,,,CHEMBL239_EC50
86921808,mondrian_nb,cliffB_oracle,cliff,44,39,0.8863636363636364,0.7602084758339172,0.950472193989075,2.581633895639814,,,,,CHEMBL239_EC50
86921808,mondrian_nb,cliffB_oracle,noncliff,300,278,0.9266666666666666,0.8914686583942826,0.9510760061607713,2.684248478892211,,,,,CHEMBL239_EC50
86921808,mondrian_nb,cliffA,all,344,317,0.9215116279069767,0.8882132869663162,0.9454998678232331,2.6711233577785323,,,,,CHEMBL239_EC50
86921808,mondrian_nb,cliffA,cliff,75,65,0.8666666666666667,0.7716683625530486,0.9259341529595605,2.5802251753962997,,,,,CHEMBL239_EC50
86921808,mondrian_nb,cliffA,noncliff,269,252,0.9368029739776952,0.9011340485515968,0.9601720044791386,2.6964667171787835,,,,,CHEMBL239_EC50
86921808,mondrian_nb,__bins__,__summary__,-1,-1,,,,2.6711233577785323,0.8421052631578947,0.12804399057344862,0.7971014492753623,0.17391304347826086,CHEMBL239_EC50
86921808,mondrian_nnsim,cliffB_oracle,all,344,319,0.9273255813953488,0.8949198971197255,0.9502927494600245,2.604172042788268,,,,,CHEMBL239_EC50
86921808,mondrian_nnsim,cliffB_oracle,cliff,44,37,0.8409090909090909,0.7063379493775939,0.9207332298779876,2.489675046826052,,,,,CHEMBL239_EC50
86921808,mondrian_nnsim,cliffB_oracle,noncliff,300,282,0.94,0.9071605548470915,0.9617136304753079,2.620964935529393,,,,,CHEMBL239_EC50
86921808,mondrian_nnsim,cliffA,all,344,319,0.9273255813953488,0.8949198971197255,0.9502927494600245,2.604172042788268,,,,,CHEMBL239_EC50
86921808,mondrian_nnsim,cliffA,cliff,75,64,0.8533333333333334,0.7561523214068765,0.9160828299052742,2.584313821134387,,,,,CHEMBL239_EC50
86921808,mondrian_nnsim,cliffA,noncliff,269,255,0.9479553903345725,0.9145485826616695,0.9687482632124038,2.609708721688049,,,,,CHEMBL239_EC50
86921808,mondrian_nnsim,__bins__,__summary__,-1,-1,,,,2.604172042788268,0.8552631578947368,0.11488609583660647,0.8260869565217391,0.13043478260869568,CHEMBL239_EC50
86921808,mondrian_pairgap,cliffB_oracle,all,344,305,0.8866279069767442,0.8487674486663307,0.9159487553820146,2.4287563849607077,,,,,CHEMBL239_EC50
86921808,mondrian_pairgap,cliffB_oracle,cliff,44,34,0.7727272727272727,0.6300764193536367,0.8715805240508284,2.2912757323825503,,,,,CHEMBL239_EC50
86921808,mondrian_pairgap,cliffB_oracle,noncliff,300,271,0.9033333333333333,0.8646182980304887,0.9318497051817106,2.4489202140055046,,,,,CHEMBL239_EC50
86921808,mondrian_pairgap,cliffA,all,344,305,0.8866279069767442,0.8487674486663307,0.9159487553820146,2.4287563849607077,,,,,CHEMBL239_EC50
86921808,mondrian_pairgap,cliffA,cliff,75,60,0.8,0.6958871716522836,0.8748785228580329,2.340189413921914,,,,,CHEMBL239_EC50
86921808,mondrian_pairgap,cliffA,noncliff,269,245,0.9107806691449815,0.8706818654459474,0.9393123376169996,2.4534497783730105,,,,,CHEMBL239_EC50
86921808,mondrian_pairgap,__bins__,__summary__,-1,-1,,,,2.4287563849607077,0.7763157894736842,0.16398271798900244,0.7391304347826086,0.21739130434782616,CHEMBL239_EC50
86921808,mondrian_rfstd,cliffB_oracle,all,344,313,0.9098837209302325,0.874926462747299,0.9357877084618489,2.3542101139660354,,,,,CHEMBL239_EC50
86921808,mondrian_rfstd,cliffB_oracle,cliff,44,36,0.8181818181818182,0.6803944911281533,0.9048719428437227,2.298920004190011,,,,,CHEMBL239_EC50
86921808,mondrian_rfstd,cliffB_oracle,noncliff,300,277,0.9233333333333333,0.8875898961498251,0.9483723882133924,2.362319330066519,,,,,CHEMBL239_EC50
86921808,mondrian_rfstd,cliffA,all,344,313,0.9098837209302325,0.874926462747299,0.9357877084618489,2.3542101139660354,,,,,CHEMBL239_EC50
86921808,mondrian_rfstd,cliffA,cliff,75,64,0.8533333333333334,0.7561523214068765,0.9160828299052742,2.3465266194653576,,,,,CHEMBL239_EC50
86921808,mondrian_rfstd,cliffA,noncliff,269,249,0.9256505576208178,0.887957696588511,0.9513575635988865,2.356352352209719,,,,,CHEMBL239_EC50
86921808,mondrian_rfstd,__bins__,__summary__,-1,-1,,,,2.3542101139660354,0.8289473684210527,0.14120188531029065,0.8260869565217391,0.13043478260869568,CHEMBL239_EC50
89165191,global,cliffB_oracle,all,344,314,0.9127906976744186,0.8782335667575142,0.9382303503467341,2.5075960748865653,,,,,CHEMBL239_EC50
89165191,global,cliffB_oracle,cliff,53,44,0.8301886792452831,0.7077471971890396,0.9080005462038102,2.5075960748865658,,,,,CHEMBL239_EC50
89165191,global,cliffB_oracle,noncliff,291,270,0.9278350515463918,0.892203389210453,0.952318276758605,2.5075960748865658,,,,,CHEMBL239_EC50
89165191,global,cliffA,all,344,314,0.9127906976744186,0.8782335667575142,0.9382303503467341,2.5075960748865653,,,,,CHEMBL239_EC50
89165191,global,cliffA,cliff,82,72,0.8780487804878049,0.7898702600481664,0.9323914635032211,2.5075960748865658,,,,,CHEMBL239_EC50
89165191,global,cliffA,noncliff,262,242,0.9236641221374046,0.8850406613214568,0.9500435312827356,2.5075960748865658,,,,,CHEMBL239_EC50
89165191,global,__bins__,__summary__,-1,-1,,,,2.5075960748865653,0.8717948717948718,0.11327975507079979,0.8115942028985508,0.17391304347826086,CHEMBL239_EC50
89165191,mondrian_pair,cliffB_oracle,all,344,315,0.9156976744186046,0.881550112730988,0.9406635502683606,2.542247604836381,,,,,CHEMBL239_EC50
89165191,mondrian_pair,cliffB_oracle,cliff,53,45,0.8490566037735849,0.7294575072380466,0.9214758214915374,2.5928696492001517,,,,,CHEMBL239_EC50
89165191,mondrian_pair,cliffB_oracle,noncliff,291,270,0.9278350515463918,0.892203389210453,0.952318276758605,2.533027782323392,,,,,CHEMBL239_EC50
89165191,mondrian_pair,cliffA,all,344,315,0.9156976744186046,0.881550112730988,0.9406635502683606,2.542247604836381,,,,,CHEMBL239_EC50
89165191,mondrian_pair,cliffA,cliff,82,73,0.8902439024390244,0.804387633588628,0.9411728552386109,2.583133118835916,,,,,CHEMBL239_EC50
89165191,mondrian_pair,cliffA,noncliff,262,242,0.9236641221374046,0.8850406613214568,0.9500435312827356,2.5294513752640078,,,,,CHEMBL239_EC50
89165191,mondrian_pair,__bins__,__summary__,-1,-1,,,,2.542247604836381,0.8717948717948718,0.11327975507079979,0.8260869565217391,0.1594202898550725,CHEMBL239_EC50
89165191,mondrian_wstd,cliffB_oracle,all,344,311,0.9040697674418605,0.868339022903152,0.9308756565157954,2.536016515525794,,,,,CHEMBL239_EC50
89165191,mondrian_wstd,cliffB_oracle,cliff,53,45,0.8490566037735849,0.7294575072380466,0.9214758214915374,2.7037326940623974,,,,,CHEMBL239_EC50
89165191,mondrian_wstd,cliffB_oracle,noncliff,291,266,0.9140893470790378,0.8762555578162776,0.9411328819369069,2.5054702699503992,,,,,CHEMBL239_EC50
89165191,mondrian_wstd,cliffA,all,344,311,0.9040697674418605,0.868339022903152,0.9308756565157954,2.536016515525794,,,,,CHEMBL239_EC50
89165191,mondrian_wstd,cliffA,cliff,82,72,0.8780487804878049,0.7898702600481664,0.9323914635032211,2.650527216407039,,,,,CHEMBL239_EC50
89165191,mondrian_wstd,cliffA,noncliff,262,239,0.9122137404580153,0.8717224207909035,0.9407919287699323,2.5001772885324276,,,,,CHEMBL239_EC50
89165191,mondrian_wstd,__bins__,__summary__,-1,-1,,,,2.536016515525794,0.8636363636363636,0.06060606060606055,0.8115942028985508,0.1594202898550724,CHEMBL239_EC50
89165191,mondrian_std,cliffB_oracle,all,344,311,0.9040697674418605,0.868339022903152,0.9308756565157954,2.55804532287829,,,,,CHEMBL239_EC50
89165191,mondrian_std,cliffB_oracle,cliff,53,44,0.8301886792452831,0.7077471971890396,0.9080005462038102,2.723259322960548,,,,,CHEMBL239_EC50
89165191,mondrian_std,cliffB_oracle,noncliff,291,267,0.9175257731958762,0.8802186777858876,0.9439530685212651,2.5279548005265378,,,,,CHEMBL239_EC50
89165191,mondrian_std,cliffA,all,344,311,0.9040697674418605,0.868339022903152,0.9308756565157954,2.55804532287829,,,,,CHEMBL239_EC50
89165191,mondrian_std,cliffA,cliff,82,71,0.8658536585365854,0.7755498725711748,0.9234130857043615,2.6744273278995867,,,,,CHEMBL239_EC50
89165191,mondrian_std,cliffA,noncliff,262,240,0.916030534351145,0.8761421441342949,0.943895486440993,2.5216204205433796,,,,,CHEMBL239_EC50
89165191,mondrian_std,__bins__,__summary__,-1,-1,,,,2.55804532287829,0.8636363636363636,0.0757575757575758,0.8260869565217391,0.14492753623188404,CHEMBL239_EC50
89165191,mondrian_iqr,cliffB_oracle,all,344,309,0.8982558139534884,0.8617849557933499,0.9259302318353968,2.4907806740359053,,,,,CHEMBL239_EC50
89165191,mondrian_iqr,cliffB_oracle,cliff,53,43,0.8113207547169812,0.6864154091329746,0.8941467489231409,2.4650397298035736,,,,,CHEMBL239_EC50
89165191,mondrian_iqr,cliffB_oracle,noncliff,291,266,0.9140893470790378,0.8762555578162776,0.9411328819369069,2.495468887246605,,,,,CHEMBL239_EC50
89165191,mondrian_iqr,cliffA,all,344,309,0.8982558139534884,0.8617849557933499,0.9259302318353968,2.4907806740359053,,,,,CHEMBL239_EC50
89165191,mondrian_iqr,cliffA,cliff,82,70,0.8536585365853658,0.7614058151019909,0.9142583778976943,2.455024826999911,,,,,CHEMBL239_EC50
89165191,mondrian_iqr,cliffA,noncliff,262,239,0.9122137404580153,0.8717224207909035,0.9407919287699323,2.5019714353219795,,,,,CHEMBL239_EC50
89165191,mondrian_iqr,__bins__,__summary__,-1,-1,,,,2.4907806740359053,0.8461538461538461,0.10907003444316876,0.8115942028985508,0.1594202898550724,CHEMBL239_EC50
89165191,mondrian_nb,cliffB_oracle,all,344,316,0.9186046511627907,0.8848765305118813,0.9430868783825677,2.605504643780049,,,,,CHEMBL239_EC50
89165191,mondrian_nb,cliffB_oracle,cliff,53,46,0.8679245283018868,0.7515974469109508,0.9345214671553674,2.6034614236393536,,,,,CHEMBL239_EC50
89165191,mondrian_nb,cliffB_oracle,noncliff,291,270,0.9278350515463918,0.892203389210453,0.952318276758605,2.6058767766579076,,,,,CHEMBL239_EC50
89165191,mondrian_nb,cliffA,all,344,316,0.9186046511627907,0.8848765305118813,0.9430868783825677,2.605504643780049,,,,,CHEMBL239_EC50
89165191,mondrian_nb,cliffA,cliff,82,74,0.9024390243902439,0.819127942385788,0.9497313117173021,2.5992989430914912,,,,,CHEMBL239_EC50
89165191,mondrian_nb,cliffA,noncliff,262,242,0.9236641221374046,0.8850406613214568,0.9500435312827356,2.6074468859802846,,,,,CHEMBL239_EC50
89165191,mondrian_nb,__bins__,__summary__,-1,-1,,,,2.605504643780049,0.8717948717948718,0.11327975507079979,0.8115942028985508,0.18840579710144922,CHEMBL239_EC50
89165191,mondrian_nnsim,cliffB_oracle,all,344,317,0.9215116279069767,0.8882132869663162,0.9454998678232331,2.6257011651388282,,,,,CHEMBL239_EC50
89165191,mondrian_nnsim,cliffB_oracle,cliff,53,48,0.9056603773584906,0.7974627262370373,0.9590273585027496,3.044936448521197,,,,,CHEMBL239_EC50
89165191,mondrian_nnsim,cliffB_oracle,noncliff,291,269,0.9243986254295533,0.8881916683093452,0.9495466911057444,2.5493455980623145,,,,,CHEMBL239_EC50
89165191,mondrian_nnsim,cliffA,all,344,317,0.9215116279069767,0.8882132869663162,0.9454998678232331,2.6257011651388282,,,,,CHEMBL239_EC50
89165191,mondrian_nnsim,cliffA,cliff,82,76,0.926829268292683,0.8494215619114518,0.9660352227433409,2.9499294264926585,,,,,CHEMBL239_EC50
89165191,mondrian_nnsim,cliffA,noncliff,262,241,0.9198473282442748,0.8805811556617804,0.9469797559279598,2.524225144409767,,,,,CHEMBL239_EC50
89165191,mondrian_nnsim,__bins__,__summary__,-1,-1,,,,2.6257011651388282,0.8846153846153846,0.08553386911595873,0.8260869565217391,0.17391304347826086,CHEMBL239_EC50
89165191,mondrian_pairgap,cliffB_oracle,all,344,315,0.9156976744186046,0.881550112730988,0.9406635502683606,2.5603379106140096,,,,,CHEMBL239_EC50
89165191,mondrian_pairgap,cliffB_oracle,cliff,53,45,0.8490566037735849,0.7294575072380466,0.9214758214915374,2.615799670935915,,,,,CHEMBL239_EC50
89165191,mondrian_pairgap,cliffB_oracle,noncliff,291,270,0.9278350515463918,0.892203389210453,0.952318276758605,2.5502366278062403,,,,,CHEMBL239_EC50
89165191,mondrian_pairgap,cliffA,all,344,315,0.9156976744186046,0.881550112730988,0.9406635502683606,2.5603379106140096,,,,,CHEMBL239_EC50
89165191,mondrian_pairgap,cliffA,cliff,82,73,0.8902439024390244,0.804387633588628,0.9411728552386109,2.5997770921275887,,,,,CHEMBL239_EC50
89165191,mondrian_pairgap,cliffA,noncliff,262,242,0.9236641221374046,0.8850406613214568,0.9500435312827356,2.5479943499876216,,,,,CHEMBL239_EC50
89165191,mondrian_pairgap,__bins__,__summary__,-1,-1,,,,2.5603379106140096,0.8717948717948718,0.11327975507079979,0.8260869565217391,0.1594202898550725,CHEMBL239_EC50
89165191,mondrian_rfstd,cliffB_oracle,all,344,312,0.9069767441860465,0.8716284038803498,0.9333360214336978,2.3688002587272465,,,,,CHEMBL239_EC50
89165191,mondrian_rfstd,cliffB_oracle,cliff,53,44,0.8301886792452831,0.7077471971890396,0.9080005462038102,2.4117563039960226,,,,,CHEMBL239_EC50
89165191,mondrian_rfstd,cliffB_oracle,noncliff,291,268,0.9209621993127147,0.8841970888210327,0.9467579640400885,2.3609766491078474,,,,,CHEMBL239_EC50
89165191,mondrian_rfstd,cliffA,all,344,312,0.9069767441860465,0.8716284038803498,0.9333360214336978,2.3688002587272465,,,,,CHEMBL239_EC50
89165191,mondrian_rfstd,cliffA,cliff,82,70,0.8536585365853658,0.7614058151019909,0.9142583778976943,2.349102629593484,,,,,CHEMBL239_EC50
89165191,mondrian_rfstd,cliffA,noncliff,262,242,0.9236641221374046,0.8850406613214568,0.9500435312827356,2.3749651655553707,,,,,CHEMBL239_EC50
89165191,mondrian_rfstd,__bins__,__summary__,-1,-1,,,,2.3688002587272465,0.8589743589743589,0.09624952162265599,0.8405797101449275,0.11594202898550732,CHEMBL239_EC50
71339737,global,cliffB_oracle,all,373,336,0.900804289544236,0.8662624822480903,0.9271746330197072,2.2294241909811103,,,,,CHEMBL219_Ki
71339737,global,cliffB_oracle,cliff,25,22,0.88,0.7004420607907267,0.9583318284955964,2.22942419098111,,,,,CHEMBL219_Ki
71339737,global,cliffB_oracle,noncliff,348,314,0.9022988505747126,0.8665729694744837,0.9292400110040162,2.22942419098111,,,,,CHEMBL219_Ki
71339737,global,cliffA,all,373,336,0.900804289544236,0.8662624822480903,0.9271746330197072,2.2294241909811103,,,,,CHEMBL219_Ki
71339737,global,cliffA,cliff,48,43,0.8958333333333334,0.7783257830561368,0.9546782809581869,2.22942419098111,,,,,CHEMBL219_Ki
71339737,global,cliffA,noncliff,325,293,0.9015384615384615,0.8643061214365182,0.9293894208956737,2.2294241909811103,,,,,CHEMBL219_Ki
71339737,global,__bins__,__summary__,-1,-1,,,,2.2294241909811103,0.7752808988764045,0.1965500870390885,0.7866666666666666,0.20000000000000007,CHEMBL219_Ki
71339737,mondrian_pair,cliffB_oracle,all,373,332,0.8900804289544236,0.8542740200626728,0.9179340085089962,2.1869268490224445,,,,,CHEMBL219_Ki
71339737,mondrian_pair,cliffB_oracle,cliff,25,21,0.84,0.6534637839282114,0.9359654854332355,1.9273372822313948,,,,,CHEMBL219_Ki
71339737,mondrian_pair,cliffB_oracle,noncliff,348,311,0.8936781609195402,0.8568854538169672,0.9218743913655647,2.205575524797663,,,,,CHEMBL219_Ki
71339737,mondrian_pair,cliffA,all,373,332,0.8900804289544236,0.8542740200626728,0.9179340085089962,2.1869268490224445,,,,,CHEMBL219_Ki
71339737,mondrian_pair,cliffA,cliff,48,41,0.8541666666666666,0.7283282347525372,0.9275175067339628,1.964685009749631,,,,,CHEMBL219_Ki
71339737,mondrian_pair,cliffA,noncliff,325,291,0.8953846153846153,0.8573655298625553,0.924166096112055,2.219750259130429,,,,,CHEMBL219_Ki
71339737,mondrian_pair,__bins__,__summary__,-1,-1,,,,2.1869268490224445,0.7415730337078652,0.2302579522076278,0.8,0.18666666666666665,CHEMBL219_Ki
71339737,mondrian_wstd,cliffB_oracle,all,373,337,0.903485254691689,0.8692754176197867,0.9294689693220429,2.208090344051009,,,,,CHEMBL219_Ki
71339737,mondrian_wstd,cliffB_oracle,cliff,25,23,0.92,0.7503389104960468,0.9777795987151524,2.1742000358887554,,,,,CHEMBL219_Ki
71339737,mondrian_wstd,cliffB_oracle,noncliff,348,314,0.9022988505747126,0.8665729694744837,0.9292400110040162,2.2105249926258836,,,,,CHEMBL219_Ki
71339737,mondrian_wstd,cliffA,all,373,337,0.903485254691689,0.8692754176197867,0.9294689693220429,2.208090344051009,,,,,CHEMBL219_Ki
71339737,mondrian_wstd,cliffA,cliff,48,44,0.9166666666666666,0.8044669820963272,0.9671162431819081,2.163645338332829,,,,,CHEMBL219_Ki
71339737,mondrian_wstd,cliffA,noncliff,325,293,0.9015384615384615,0.8643061214365182,0.9293894208956737,2.214654529510925,,,,,CHEMBL219_Ki
71339737,mondrian_wstd,__bins__,__summary__,-1,-1,,,,2.208090344051009,0.8450704225352113,0.15492957746478875,0.8266666666666667,0.16000000000000003,CHEMBL219_Ki
71339737,mondrian_std,cliffB_oracle,all,373,332,0.8900804289544236,0.8542740200626728,0.9179340085089962,2.166326069603481,,,,,CHEMBL219_Ki
71339737,mondrian_std,cliffB_oracle,cliff,25,24,0.96,0.8045593626380625,0.9929037664980127,2.213352060956339,,,,,CHEMBL219_Ki
71339737,mondrian_std,cliffB_oracle,noncliff,348,308,0.8850574712643678,0.847261891697261,0.9144448181893032,2.162947765626982,,,,,CHEMBL219_Ki
71339737,mondrian_std,cliffA,all,373,332,0.8900804289544236,0.8542740200626728,0.9179340085089962,2.166326069603481,,,,,CHEMBL219_Ki
71339737,mondrian_std,cliffA,cliff,48,45,0.9375,0.8316456194505365,0.9785167670916107,2.173498941767384,,,,,CHEMBL219_Ki
71339737,mondrian_std,cliffA,noncliff,325,287,0.8830769230769231,0.8435848224194442,0.9136189708400033,2.1652666915608116,,,,,CHEMBL219_Ki
71339737,mondrian_std,__bins__,__summary__,-1,-1,,,,2.166326069603481,0.8450704225352113,0.11267605633802813,0.8133333333333334,0.17333333333333334,CHEMBL219_Ki
71339737,mondrian_iqr,cliffB_oracle,all,373,337,0.903485254691689,0.8692754176197867,0.9294689693220429,2.2211993247165793,,,,,CHEMBL219_Ki
71339737,mondrian_iqr,cliffB_oracle,cliff,25,24,0.96,0.8045593626380625,0.9929037664980127,2.225717719112085,,,,,CHEMBL219_Ki
71339737,mondrian_iqr,cliffB_oracle,noncliff,348,313,0.8994252873563219,0.8633362662429352,0.9267923358035753,2.2208747274180514,,,,,CHEMBL219_Ki
71339737,mondrian_iqr,cliffA,all,373,337,0.903485254691689,0.8692754176197867,0.9294689693220429,2.2211993247165793,,,,,CHEMBL219_Ki
71339737,mondrian_iqr,cliffA,cliff,48,45,0.9375,0.8316456194505365,0.9785167670916107,2.175282909461563,,,,,CHEMBL219_Ki
71339737,mondrian_iqr,cliffA,noncliff,325,292,0.8984615384615384,0.8608313732790196,0.9267822108743815,2.227980826046551,,,,,CHEMBL219_Ki
71339737,mondrian_iqr,__bins__,__summary__,-1,-1,,,,2.2211993247165793,0.8202247191011236,0.13752175977211578,0.8,0.18666666666666665,CHEMBL219_Ki
71339737,mondrian_nb,cliffB_oracle,all,373,333,0.8927613941018767,0.8572620615861345,0.9202532386595667,2.2428618082371994,,,,,CHEMBL219_Ki
71339737,mondrian_nb,cliffB_oracle,cliff,25,23,0.92,0.7503389104960468,0.9777795987151524,2.0970871934230346,,,,,CHEMBL219_Ki
71339737,mondrian_nb,cliffB_oracle,noncliff,348,310,0.8908045977011494,0.8536708177408314,0.9194046490097112,2.2533341225198265,,,,,CHEMBL219_Ki
71339737,mondrian_nb,cliffA,all,373,333,0.8927613941018767,0.8572620615861345,0.9202532386595667,2.2428618082371994,,,,,CHEMBL219_Ki
71339737,mondrian_nb,cliffA,cliff,48,44,0.9166666666666666,0.8044669820963272,0.9671162431819081,2.116467869322838,,,,,CHEMBL219_Ki
71339737,mondrian_nb,cliffA,noncliff,325,289,0.8892307692307693,0.8504592376566941,0.918908471960335,2.2615292207537823,,,,,CHEMBL219_Ki
71339737,mondrian_nb,__bins__,__summary__,-1,-1,,,,2.2428618082371994,0.7303370786516854,0.2414939072638076,0.7733333333333333,0.21333333333333337,CHEMBL219_Ki
71339737,mondrian_nnsim,cliffB_oracle,all,373,334,0.8954423592493298,0.8602560196598238,0.9225665522599095,2.2253437797839535,,,,,CHEMBL219_Ki
71339737,mondrian_nnsim,cliffB_oracle,cliff,25,25,1.0,0.8668077490609515,0.9999999999999999,2.5635955379068758,,,,,CHEMBL219_Ki
71339737,mondrian_nnsim,cliffB_oracle,noncliff,348,309,0.8879310344827587,0.8504630383251336,0.9169280499934199,2.2010440845165022,,,,,CHEMBL219_Ki
71339737,mondrian_nnsim,cliffA,all,373,334,0.8954423592493298,0.8602560196598238,0.9225665522599095,2.2253437797839535,,,,,CHEMBL219_Ki
71339737,mondrian_nnsim,cliffA,cliff,48,47,0.9791666666666666,0.8910078200474814,0.9963128890224893,2.438163777893759,,,,,CHEMBL219_Ki
71339737,mondrian_nnsim,cliffA,noncliff,325,287,0.8830769230769231,0.8435848224194442,0.9136189708400033,2.1939119031400436,,,,,CHEMBL219_Ki
71339737,mondrian_nnsim,__bins__,__summary__,-1,-1,,,,2.2253437797839535,0.7752808988764045,0.1965500870390885,0.7733333333333333,0.21333333333333337,CHEMBL219_Ki
71339737,mondrian_pairgap,cliffB_oracle,all,373,323,0.8659517426273459,0.8276205769679336,0.8968220065374467,2.105201609474523,,,,,CHEMBL219_Ki
71339737,mondrian_pairgap,cliffB_oracle,cliff,25,21,0.84,0.6534637839282114,0.9359654854332355,1.8613102298258326,,,,,CHEMBL219_Ki
71339737,mondrian_pairgap,cliffB_oracle,noncliff,348,302,0.867816091954023,0.8281833278512873,0.8994171114433411,2.1227225419205493,,,,,CHEMBL219_Ki
71339737,mondrian_pairgap,cliffA,all,373,323,0.8659517426273459,0.8276205769679336,0.8968220065374467,2.105201609474523,,,,,CHEMBL219_Ki
71339737,mondrian_pairgap,cliffA,cliff,48,40,0.8333333333333334,0.7042217159874441,0.9130448642351444,1.9034472435087533,,,,,CHEMBL219_Ki
71339737,mondrian_pairgap,cliffA,noncliff,325,283,0.8707692307692307,0.8299234036975708,0.9029525568467137,2.1349991773710055,,,,,CHEMBL219_Ki
71339737,mondrian_pairgap,__bins__,__summary__,-1,-1,,,,2.105201609474523,0.7415730337078652,0.20208893812312068,0.7733333333333333,0.18666666666666665,CHEMBL219_Ki
71339737,mondrian_rfstd,cliffB_oracle,all,373,330,0.8847184986595175,0.8483149589482502,0.9132785262753549,2.2388527489534793,,,,,CHEMBL219_Ki
71339737,mondrian_rfstd,cliffB_oracle,cliff,25,21,0.84,0.6534637839282114,0.9359654854332355,2.070559762868916,,,,,CHEMBL219_Ki
71339737,mondrian_rfstd,cliffB_oracle,noncliff,348,309,0.8879310344827587,0.8504630383251336,0.9169280499934199,2.2509427623216234,,,,,CHEMBL219_Ki
71339737,mondrian_rfstd,cliffA,all,373,330,0.8847184986595175,0.8483149589482502,0.9132785262753549,2.2388527489534793,,,,,CHEMBL219_Ki
71339737,mondrian_rfstd,cliffA,cliff,48,41,0.8541666666666666,0.7283282347525372,0.9275175067339628,2.0272748023277,,,,,CHEMBL219_Ki
71339737,mondrian_rfstd,cliffA,noncliff,325,289,0.8892307692307693,0.8504592376566941,0.918908471960335,2.2701011841474403,,,,,CHEMBL219_Ki
71339737,mondrian_rfstd,__bins__,__summary__,-1,-1,,,,2.2388527489534793,0.8426966292134831,0.10096534261750278,0.8108108108108109,0.10918918918918918,CHEMBL219_Ki
99182118,global,cliffB_oracle,all,373,332,0.8900804289544236,0.8542740200626728,0.9179340085089962,2.3269179679279772,,,,,CHEMBL219_Ki
99182118,global,cliffB_oracle,cliff,35,35,1.0,0.9010990076755959,0.9999999999999999,2.326917967927978,,,,,CHEMBL219_Ki
99182118,global,cliffB_oracle,noncliff,338,297,0.878698224852071,0.8395729143109165,0.9093122586086138,2.3269179679279777,,,,,CHEMBL219_Ki
99182118,global,cliffA,all,373,332,0.8900804289544236,0.8542740200626728,0.9179340085089962,2.3269179679279772,,,,,CHEMBL219_Ki
99182118,global,cliffA,cliff,58,55,0.9482758620689655,0.8586059880915734,0.9822538653405896,2.326917967927978,,,,,CHEMBL219_Ki
99182118,global,cliffA,noncliff,315,277,0.8793650793650793,0.8387529528583204,0.9108358894584676,2.3269179679279777,,,,,CHEMBL219_Ki
99182118,global,__bins__,__summary__,-1,-1,,,,2.3269179679279772,0.8089887640449438,0.1628422218705492,0.7333333333333333,0.2666666666666667,CHEMBL219_Ki
99182118,mondrian_pair,cliffB_oracle,all,373,330,0.8847184986595175,0.8483149589482502,0.9132785262753549,2.320861325749599,,,,,CHEMBL219_Ki
99182118,mondrian_pair,cliffB_oracle,cliff,35,35,1.0,0.9010990076755959,0.9999999999999999,2.3364127362287546,,,,,CHEMBL219_Ki
99182118,mondrian_pair,cliffB_oracle,noncliff,338,295,0.8727810650887574,0.8330208424531392,0.9041629996395234,2.319250972593473,,,,,CHEMBL219_Ki
99182118,mondrian_pair,cliffA,all,373,330,0.8847184986595175,0.8483149589482502,0.9132785262753549,2.320861325749599,,,,,CHEMBL219_Ki
99182118,mondrian_pair,cliffA,cliff,58,55,0.9482758620689655,0.8586059880915734,0.9822538653405896,2.344973232969728,,,,,CHEMBL219_Ki
99182118,mondrian_pair,cliffA,noncliff,315,275,0.873015873015873,0.8316998640741977,0.9053435582874978,2.316421672991607,,,,,CHEMBL219_Ki
99182118,mondrian_pair,__bins__,__summary__,-1,-1,,,,2.320861325749599,0.797752808988764,0.1599936698844754,0.72,0.28,CHEMBL219_Ki
99182118,mondrian_wstd,cliffB_oracle,all,373,339,0.9088471849865952,0.8753218841502262,0.9340370461396676,2.498624383267178,,,,,CHEMBL219_Ki
99182118,mondrian_wstd,cliffB_oracle,cliff,35,34,0.9714285714285714,0.8546691276638632,0.9949385081445556,2.403053341893476,,,,,CHEMBL219_Ki
99182118,mondrian_wstd,cliffB_oracle,noncliff,338,305,0.9023668639053254,0.866057154023918,0.9296333422030828,2.508520792876881,,,,,CHEMBL219_Ki
99182118,mondrian_wstd,cliffA,all,373,339,0.9088471849865952,0.8753218841502262,0.9340370461396676,2.498624383267178,,,,,CHEMBL219_Ki
99182118,mondrian_wstd,cliffA,cliff,58,54,0.9310344827586207,0.8356633368561964,0.9728557529824217,2.39815518544843,,,,,CHEMBL219_Ki
99182118,mondrian_wstd,cliffA,noncliff,315,285,0.9047619047619048,0.8672977374181261,0.9324727847190328,2.5171234736592014,,,,,CHEMBL219_Ki
99182118,mondrian_wstd,__bins__,__summary__,-1,-1,,,,2.498624383267178,0.8450704225352113,0.11267605633802813,0.8,0.18666666666666665,CHEMBL219_Ki
99182118,mondrian_std,cliffB_oracle,all,373,338,0.9061662198391421,0.8722951337007827,0.931756524915079,2.4667288553359503,,,,,CHEMBL219_Ki
99182118,mondrian_std,cliffB_oracle,cliff,35,34,0.9714285714285714,0.8546691276638632,0.9949385081445556,2.3427535045860637,,,,,CHEMBL219_Ki
99182118,mondrian_std,cliffB_oracle,noncliff,338,304,0.8994082840236687,0.8627199134203559,0.9271199173932113,2.479566539585199,,,,,CHEMBL219_Ki
99182118,mondrian_std,cliffA,all,373,338,0.9061662198391421,0.8722951337007827,0.931756524915079,2.4667288553359503,,,,,CHEMBL219_Ki
99182118,mondrian_std,cliffA,cliff,58,54,0.9310344827586207,0.8356633368561964,0.9728557529824217,2.338083779597608,,,,,CHEMBL219_Ki
99182118,mondrian_std,cliffA,noncliff,315,284,0.9015873015873016,0.8636971813240166,0.9298006308355959,2.490415885154439,,,,,CHEMBL219_Ki
99182118,mondrian_std,__bins__,__summary__,-1,-1,,,,2.4667288553359503,0.8450704225352113,0.11267605633802813,0.8,0.18666666666666665,CHEMBL219_Ki
99182118,mondrian_iqr,cliffB_oracle,all,373,346,0.9276139410187667,0.8967317293215701,0.949778102686548,2.432947984053949,,,,,CHEMBL219_Ki
99182118,mondrian_iqr,cliffB_oracle,cliff,35,35,1.0,0.9010990076755959,0.9999999999999999,2.539044514762594,,,,,CHEMBL219_Ki
99182118,mondrian_iqr,cliffB_oracle,noncliff,338,311,0.9201183431952663,0.8862724296186922,0.9445220590889117,2.4219616569095628,,,,,CHEMBL219_Ki
99182118,mondrian_iqr,cliffA,all,373,346,0.9276139410187667,0.8967317293215701,0.949778102686548,2.432947984053949,,,,,CHEMBL219_Ki
99182118,mondrian_iqr,cliffA,cliff,58,56,0.9655172413793104,0.8827085453568732,0.9904920716688347,2.4281317248494485,,,,,CHEMBL219_Ki
99182118,mondrian_iqr,cliffA,noncliff,315,290,0.9206349206349206,0.8854672213502656,0.945666850674625,2.433834787336048,,,,,CHEMBL219_Ki
99182118,mondrian_iqr,__bins__,__summary__,-1,-1,,,,2.432947984053949,0.8873239436619719,0.09859154929577463,0.8783783783783784,0.1216216216216216,CHEMBL219_Ki
99182118,mondrian_nb,cliffB_oracle,all,373,344,0.9222520107238605,0.8905714063923964,0.9453238822676577,2.5519461485280397,,,,,CHEMBL219_Ki
99182118,mondrian_nb,cliffB_oracle,cliff,35,35,1.0,0.9010990076755959,0.9999999999999999,2.2218469550221958,,,,,CHEMBL219_Ki
99182118,mondrian_nb,cliffB_oracle,noncliff,338,309,0.9142011834319527,0.879494808001341,0.9395983498793953,2.5861280176780532,,,,,CHEMBL219_Ki
99182118,mondrian_nb,cliffA,all,373,344,0.9222520107238605,0.8905714063923964,0.9453238822676577,2.5519461485280397,,,,,CHEMBL219_Ki
99182118,mondrian_nb,cliffA,cliff,58,56,0.9655172413793104,0.8827085453568732,0.9904920716688347,2.173324426508761,,,,,CHEMBL219_Ki
99182118,mondrian_nb,cliffA,noncliff,315,288,0.9142857142857143,0.8781639912468385,0.9404246608229593,2.6216606243284146,,,,,CHEMBL219_Ki
99182118,mondrian_nb,__bins__,__summary__,-1,-1,,,,2.5519461485280397,0.8314606741573034,0.1685393258426966,0.8133333333333334,0.18666666666666665,CHEMBL219_Ki
99182118,mondrian_nnsim,cliffB_oracle,all,373,342,0.9168900804289544,0.8844471607222554,0.9408335845897345,2.567697880151172,,,,,CHEMBL219_Ki
99182118,mondrian_nnsim,cliffB_oracle,cliff,35,35,1.0,0.9010990076755959,0.9999999999999999,2.272769667836867,,,,,CHEMBL219_Ki
99182118,mondrian_nnsim,cliffB_oracle,noncliff,338,307,0.908284023668639,0.872757507501365,0.9346343195525034,2.598237783793186,,,,,CHEMBL219_Ki
99182118,mondrian_nnsim,cliffA,all,373,342,0.9168900804289544,0.8844471607222554,0.9408335845897345,2.567697880151172,,,,,CHEMBL219_Ki
99182118,mondrian_nnsim,cliffA,cliff,58,56,0.9655172413793104,0.8827085453568732,0.9904920716688347,2.28935544048808,,,,,CHEMBL219_Ki
99182118,mondrian_nnsim,cliffA,noncliff,315,286,0.9079365079365079,0.8709087375468804,0.9351344945678249,2.618948234120884,,,,,CHEMBL219_Ki
99182118,mondrian_nnsim,__bins__,__summary__,-1,-1,,,,2.567697880151172,0.8426966292134831,0.11504984965975629,0.7733333333333333,0.22666666666666668,CHEMBL219_Ki
99182118,mondrian_pairgap,cliffB_oracle,all,373,330,0.8847184986595175,0.8483149589482502,0.9132785262753549,2.335113803950428,,,,,CHEMBL219_Ki
99182118,mondrian_pairgap,cliffB_oracle,cliff,35,35,1.0,0.9010990076755959,0.9999999999999999,2.372340274706283,,,,,CHEMBL219_Ki
99182118,mondrian_pairgap,cliffB_oracle,noncliff,338,295,0.8727810650887574,0.8330208424531392,0.9041629996395234,2.33125899188991,,,,,CHEMBL219_Ki
99182118,mondrian_pairgap,cliffA,all,373,330,0.8847184986595175,0.8483149589482502,0.9132785262753549,2.335113803950428,,,,,CHEMBL219_Ki
99182118,mondrian_pairgap,cliffA,cliff,58,55,0.9482758620689655,0.8586059880915734,0.9822538653405896,2.3897125163925157,,,,,CHEMBL219_Ki
99182118,mondrian_pairgap,cliffA,noncliff,315,275,0.873015873015873,0.8316998640741977,0.9053435582874978,2.3250607076912493,,,,,CHEMBL219_Ki
99182118,mondrian_pairgap,__bins__,__summary__,-1,-1,,,,2.335113803950428,0.797752808988764,0.1599936698844754,0.72,0.28,CHEMBL219_Ki
99182118,mondrian_rfstd,cliffB_oracle,all,373,351,0.9410187667560321,0.9123157878023197,0.960730402575959,2.4658897919750706,,,,,CHEMBL219_Ki
99182118,mondrian_rfstd,cliffB_oracle,cliff,35,34,0.9714285714285714,0.8546691276638632,0.9949385081445556,2.2333639999542254,,,,,CHEMBL219_Ki
99182118,mondrian_rfstd,cliffB_oracle,noncliff,338,317,0.9378698224852071,0.9068911499237139,0.959007331264493,2.4899679065334417,,,,,CHEMBL219_Ki
99182118,mondrian_rfstd,cliffA,all,373,351,0.9410187667560321,0.9123157878023197,0.960730402575959,2.4658897919750706,,,,,CHEMBL219_Ki
99182118,mondrian_rfstd,cliffA,cliff,58,56,0.9655172413793104,0.8827085453568732,0.9904920716688347,2.19733542994082,,,,,CHEMBL219_Ki
99182118,mondrian_rfstd,cliffA,noncliff,315,295,0.9365079365079365,0.9039714761652377,0.9585261457473847,2.5153378967305833,,,,,CHEMBL219_Ki
99182118,mondrian_rfstd,__bins__,__summary__,-1,-1,,,,2.4658897919750706,0.9101123595505618,0.0898876404494382,0.918918918918919,0.06774774774774772,CHEMBL219_Ki
89709943,global,cliffB_oracle,all,373,328,0.8793565683646113,0.8423774816984554,0.9086014601770854,2.486634179284266,,,,,CHEMBL219_Ki
89709943,global,cliffB_oracle,cliff,38,34,0.8947368421052632,0.7586947827711269,0.9582974265244647,2.486634179284266,,,,,CHEMBL219_Ki
89709943,global,cliffB_oracle,noncliff,335,294,0.8776119402985074,0.8381737276268841,0.90848815041054,2.486634179284266,,,,,CHEMBL219_Ki
89709943,global,cliffA,all,373,328,0.8793565683646113,0.8423774816984554,0.9086014601770854,2.486634179284266,,,,,CHEMBL219_Ki
89709943,global,cliffA,cliff,65,61,0.9384615384615385,0.852178481344768,0.9758109450336497,2.486634179284266,,,,,CHEMBL219_Ki
89709943,global,cliffA,noncliff,308,267,0.8668831168831169,0.8243905273049379,0.9003367134368003,2.486634179284266,,,,,CHEMBL219_Ki
89709943,global,__bins__,__summary__,-1,-1,,,,2.486634179284266,0.7821782178217822,0.15899825276645307,0.7333333333333333,0.2533333333333334,CHEMBL219_Ki
89709943,mondrian_pair,cliffB_oracle,all,373,329,0.8820375335120644,0.8453436010969146,0.9109426124526583,2.5010410153311997,,,,,CHEMBL219_Ki
89709943,mondrian_pair,cliffB_oracle,cliff,38,34,0.8947368421052632,0.7586947827711269,0.9582974265244647,2.4881774668896894,,,,,CHEMBL219_Ki
89709943,mondrian_pair,cliffB_oracle,noncliff,335,295,0.8805970149253731,0.841487615046024,0.9110767284304313,2.5025001641096396,,,,,CHEMBL219_Ki
89709943,mondrian_pair,cliffA,all,373,329,0.8820375335120644,0.8453436010969146,0.9109426124526583,2.5010410153311997,,,,,CHEMBL219_Ki
89709943,mondrian_pair,cliffA,cliff,65,61,0.9384615384615385,0.852178481344768,0.9758109450336497,2.4889293474323235,,,,,CHEMBL219_Ki
89709943,mondrian_pair,cliffA,noncliff,308,268,0.8701298701298701,0.8279825917528304,0.9031581643937018,2.5035970491410278,,,,,CHEMBL219_Ki
89709943,mondrian_pair,__bins__,__summary__,-1,-1,,,,2.5010410153311997,0.7821782178217822,0.15899825276645307,0.7333333333333333,0.2533333333333334,CHEMBL219_Ki
89709943,mondrian_wstd,cliffB_oracle,all,373,329,0.8820375335120644,0.8453436010969146,0.9109426124526583,2.4816995548124323,,,,,CHEMBL219_Ki
89709943,mondrian_wstd,cliffB_oracle,cliff,38,33,0.868421052631579,0.7267314055770869,0.9424613230987987,2.455434757821989,,,,,CHEMBL219_Ki
89709943,mondrian_wstd,cliffB_oracle,noncliff,335,296,0.8835820895522388,0.8448082234520353,0.9136585854634509,2.484678845217318,,,,,CHEMBL219_Ki
89709943,mondrian_wstd,cliffA,all,373,329,0.8820375335120644,0.8453436010969146,0.9109426124526583,2.4816995548124323,,,,,CHEMBL219_Ki
89709943,mondrian_wstd,cliffA,cliff,65,60,0.9230769230769231,0.8322406672989,0.9666964985048365,2.3787987058438254,,,,,CHEMBL219_Ki
89709943,mondrian_wstd,cliffA,noncliff,308,269,0.8733766233766234,0.8315820950859726,0.9059721764653538,2.503415643068794,,,,,CHEMBL219_Ki
89709943,mondrian_wstd,__bins__,__summary__,-1,-1,,,,2.4816995548124323,0.8529411764705882,0.07352941176470595,0.7866666666666666,0.20000000000000007,CHEMBL219_Ki
89709943,mondrian_std,cliffB_oracle,all,373,325,0.871313672922252,0.8335091227648167,0.9015480040886278,2.447836655545613,,,,,CHEMBL219_Ki
89709943,mondrian_std,cliffB_oracle,cliff,38,33,0.868421052631579,0.7267314055770869,0.9424613230987987,2.414454265967967,,,,,CHEMBL219_Ki
89709943,mondrian_std,cliffB_oracle,noncliff,335,292,0.8716417910447761,0.8315653039530362,0.903291643206326,2.4516233146618833,,,,,CHEMBL219_Ki
89709943,mondrian_std,cliffA,all,373,325,0.871313672922252,0.8335091227648167,0.9015480040886278,2.447836655545613,,,,,CHEMBL219_Ki
89709943,mondrian_std,cliffA,cliff,65,60,0.9230769230769231,0.8322406672989,0.9666964985048365,2.3412168678380962,,,,,CHEMBL219_Ki
89709943,mondrian_std,cliffA,noncliff,308,265,0.8603896103896104,0.8172278310927522,0.8946723788393974,2.470337584769602,,,,,CHEMBL219_Ki
89709943,mondrian_std,__bins__,__summary__,-1,-1,,,,2.447836655545613,0.8316831683168316,0.09478741991846251,0.72,0.2666666666666667,CHEMBL219_Ki
89709943,mondrian_iqr,cliffB_oracle,all,373,326,0.8739946380697051,0.8364603781903948,0.9039040203370818,2.3641986021915526,,,,,CHEMBL219_Ki
89709943,mondrian_iqr,cliffB_oracle,cliff,38,33,0.868421052631579,0.7267314055770869,0.9424613230987987,2.3705732712525673,,,,,CHEMBL219_Ki
89709943,mondrian_iqr,cliffB_oracle,noncliff,335,293,0.8746268656716418,0.8348663552942034,0.9058930573041898,2.3634755054025423,,,,,CHEMBL219_Ki
89709943,mondrian_iqr,cliffA,all,373,326,0.8739946380697051,0.8364603781903948,0.9039040203370818,2.3641986021915526,,,,,CHEMBL219_Ki
89709943,mondrian_iqr,cliffA,cliff,65,59,0.9076923076923077,0.8128799948403962,0.9570049103886591,2.3121905512107332,,,,,CHEMBL219_Ki
89709943,mondrian_iqr,cliffA,noncliff,308,267,0.8668831168831169,0.8243905273049379,0.9003367134368003,2.375174327236206,,,,,CHEMBL219_Ki
89709943,mondrian_iqr,__bins__,__summary__,-1,-1,,,,2.3641986021915526,0.8217821782178217,0.10468841001747242,0.7066666666666667,0.2666666666666667,CHEMBL219_Ki
89709943,mondrian_nb,cliffB_oracle,all,373,319,0.8552278820375335,0.8158962012784817,0.8873172955307701,2.34394758767554,,,,,CHEMBL219_Ki
89709943,mondrian_nb,cliffB_oracle,cliff,38,28,0.7368421052631579,0.5799115381253364,0.8502837874520186,1.9868169335152561,,,,,CHEMBL219_Ki
89709943,mondrian_nb,cliffB_oracle,noncliff,335,291,0.8686567164179104,0.8282703903889269,0.9006840913314041,2.3844579305355125,,,,,CHEMBL219_Ki
89709943,mondrian_nb,cliffA,all,373,319,0.8552278820375335,0.8158962012784817,0.8873172955307701,2.34394758767554,,,,,CHEMBL219_Ki
89709943,mondrian_nb,cliffA,cliff,65,55,0.8461538461538461,0.7394468036002149,0.914229059330115,1.9565992413389672,,,,,CHEMBL219_Ki
89709943,mondrian_nb,cliffA,noncliff,308,264,0.8571428571428571,0.8136567885212637,0.8918299060060918,2.42569318024657,,,,,CHEMBL219_Ki
89709943,mondrian_nb,__bins__,__summary__,-1,-1,,,,2.34394758767554,0.7821782178217822,0.12958648806057071,0.76,0.17333333333333334,CHEMBL219_Ki
89709943,mondrian_nnsim,cliffB_oracle,all,373,320,0.8579088471849866,0.8188209667231052,0.8896998017601787,2.3672297207401036,,,,,CHEMBL219_Ki
89709943,mondrian_nnsim,cliffB_oracle,cliff,38,34,0.8947368421052632,0.7586947827711269,0.9582974265244647,2.473803280045222,,,,,CHEMBL219_Ki
89709943,mondrian_nnsim,cliffB_oracle,noncliff,335,286,0.8537313432835821,0.8118821398091607,0.8875600147160154,2.3551407796845973,,,,,CHEMBL219_Ki
89709943,mondrian_nnsim,cliffA,all,373,320,0.8579088471849866,0.8188209667231052,0.8896998017601787,2.3672297207401036,,,,,CHEMBL219_Ki
89709943,mondrian_nnsim,cliffA,cliff,65,61,0.9384615384615385,0.852178481344768,0.9758109450336497,2.4028068985503475,,,,,CHEMBL219_Ki
89709943,mondrian_nnsim,cliffA,noncliff,308,259,0.8409090909090909,0.7958973755738185,0.8775217419295666,2.3597215500983313,,,,,CHEMBL219_Ki
89709943,mondrian_nnsim,__bins__,__summary__,-1,-1,,,,2.3672297207401036,0.7722772277227723,0.19831100757134534,0.7466666666666667,0.21333333333333326,CHEMBL219_Ki
89709943,mondrian_pairgap,cliffB_oracle,all,373,325,0.871313672922252,0.8335091227648167,0.9015480040886278,2.4303370425908795,,,,,CHEMBL219_Ki
89709943,mondrian_pairgap,cliffB_oracle,cliff,38,32,0.8421052631578947,0.6958318822077686,0.9255613658484106,2.3105154007938165,,,,,CHEMBL219_Ki
89709943,mondrian_pairgap,cliffB_oracle,noncliff,335,293,0.8746268656716418,0.8348663552942034,0.9058930573041898,2.4439287512126358,,,,,CHEMBL219_Ki
89709943,mondrian_pairgap,cliffA,all,373,325,0.871313672922252,0.8335091227648167,0.9015480040886278,2.4303370425908795,,,,,CHEMBL219_Ki
89709943,mondrian_pairgap,cliffA,cliff,65,59,0.9076923076923077,0.8128799948403962,0.9570049103886591,2.271306317079877,,,,,CHEMBL219_Ki
89709943,mondrian_pairgap,cliffA,noncliff,308,266,0.8636363636363636,0.8208056775306283,0.8975080478063155,2.463898721675993,,,,,CHEMBL219_Ki
89709943,mondrian_pairgap,__bins__,__summary__,-1,-1,,,,2.4303370425908795,0.7920792079207921,0.13439138031450204,0.7066666666666667,0.2666666666666667,CHEMBL219_Ki
89709943,mondrian_rfstd,cliffB_oracle,all,373,327,0.8766756032171582,0.8394164538081401,0.9062552163933686,2.3491777194183308,,,,,CHEMBL219_Ki
89709943,mondrian_rfstd,cliffB_oracle,cliff,38,32,0.8421052631578947,0.6958318822077686,0.9255613658484106,2.2686561333397055,,,,,CHEMBL219_Ki
89709943,mondrian_rfstd,cliffB_oracle,noncliff,335,295,0.8805970149253731,0.841487615046024,0.9110767284304313,2.358311511272025,,,,,CHEMBL219_Ki
89709943,mondrian_rfstd,cliffA,all,373,327,0.8766756032171582,0.8394164538081401,0.9062552163933686,2.3491777194183308,,,,,CHEMBL219_Ki
89709943,mondrian_rfstd,cliffA,cliff,65,59,0.9076923076923077,0.8128799948403962,0.9570049103886591,2.189112105779843,,,,,CHEMBL219_Ki
89709943,mondrian_rfstd,cliffA,noncliff,308,268,0.8701298701298701,0.8279825917528304,0.9031581643937018,2.382957800218661,,,,,CHEMBL219_Ki
89709943,mondrian_rfstd,__bins__,__summary__,-1,-1,,,,2.3491777194183308,0.8235294117647058,0.10294117647058831,0.8243243243243243,0.0956756756756757,CHEMBL219_Ki
86921808,global,cliffB_oracle,all,373,339,0.9088471849865952,0.8753218841502262,0.9340370461396676,2.4310394714497114,,,,,CHEMBL219_Ki
86921808,global,cliffB_oracle,cliff,32,27,0.84375,0.682458504024696,0.9313557971749429,2.4310394714497114,,,,,CHEMBL219_Ki
86921808,global,cliffB_oracle,noncliff,341,312,0.9149560117302052,0.880531294797775,0.9401356892934574,2.4310394714497114,,,,,CHEMBL219_Ki
86921808,global,cliffA,all,373,339,0.9088471849865952,0.8753218841502262,0.9340370461396676,2.4310394714497114,,,,,CHEMBL219_Ki
86921808,global,cliffA,cliff,56,49,0.875,0.7637452344180986,0.9381093130428289,2.4310394714497114,,,,,CHEMBL219_Ki
86921808,global,cliffA,noncliff,317,290,0.9148264984227129,0.8789146639323908,0.940804835432498,2.4310394714497114,,,,,CHEMBL219_Ki
86921808,global,__bins__,__summary__,-1,-1,,,,2.4310394714497114,0.7956989247311828,0.190015360983103,0.7866666666666666,0.20000000000000007,CHEMBL219_Ki
86921808,mondrian_pair,cliffB_oracle,all,373,339,0.9088471849865952,0.8753218841502262,0.9340370461396676,2.4501245656227018,,,,,CHEMBL219_Ki
86921808,mondrian_pair,cliffB_oracle,cliff,32,27,0.84375,0.682458504024696,0.9313557971749429,2.3616838284534407,,,,,CHEMBL219_Ki
86921808,mondrian_pair,cliffB_oracle,noncliff,341,312,0.9149560117302052,0.880531294797775,0.9401356892934574,2.458423989638585,,,,,CHEMBL219_Ki
86921808,mondrian_pair,cliffA,all,373,339,0.9088471849865952,0.8753218841502262,0.9340370461396676,2.4501245656227018,,,,,CHEMBL219_Ki
86921808,mondrian_pair,cliffA,cliff,56,49,0.875,0.7637452344180986,0.9381093130428289,2.3461374423130654,,,,,CHEMBL219_Ki
86921808,mondrian_pair,cliffA,noncliff,317,290,0.9148264984227129,0.8789146639323908,0.940804835432498,2.4684945306237727,,,,,CHEMBL219_Ki
86921808,mondrian_pair,__bins__,__summary__,-1,-1,,,,2.4501245656227018,0.7956989247311828,0.190015360983103,0.7866666666666666,0.20000000000000007,CHEMBL219_Ki
86921808,mondrian_wstd,cliffB_oracle,all,373,343,0.9195710455764075,0.8875049760626287,0.9430830409233933,2.4198783815559004,,,,,CHEMBL219_Ki
86921808,mondrian_wstd,cliffB_oracle,cliff,32,30,0.9375,0.7985287685584542,0.982689432968359,2.3618598929279138,,,,,CHEMBL219_Ki
86921808,mondrian_wstd,cliffB_oracle,noncliff,341,313,0.9178885630498533,0.8838860298142613,0.9425807209489939,2.4253229318083798,,,,,CHEMBL219_Ki
86921808,mondrian_wstd,cliffA,all,373,343,0.9195710455764075,0.8875049760626287,0.9430830409233933,2.4198783815559004,,,,,CHEMBL219_Ki
86921808,mondrian_wstd,cliffA,cliff,56,53,0.9464285714285714,0.8539269093117847,0.9816142186178909,2.45042647611109,,,,,CHEMBL219_Ki
86921808,mondrian_wstd,cliffA,noncliff,317,290,0.9148264984227129,0.8789146639323908,0.940804835432498,2.4144818727385795,,,,,CHEMBL219_Ki
86921808,mondrian_wstd,__bins__,__summary__,-1,-1,,,,2.4198783815559004,0.8857142857142857,0.10000000000000009,0.8533333333333334,0.12,CHEMBL219_Ki
86921808,mondrian_std,cliffB_oracle,all,373,340,0.9115281501340483,0.8783559406938476,0.9363102612700783,2.422603725979058,,,,,CHEMBL219_Ki
86921808,mondrian_std,cliffB_oracle,cliff,32,28,0.875,0.7193169451834978,0.9502986561251991,2.4150398859619986,,,,,CHEMBL219_Ki
86921808,mondrian_std,cliffB_oracle,noncliff,341,312,0.9149560117302052,0.880531294797775,0.9401356892934574,2.4233135291478143,,,,,CHEMBL219_Ki
86921808,mondrian_std,cliffA,all,373,340,0.9115281501340483,0.8783559406938476,0.9363102612700783,2.422603725979058,,,,,CHEMBL219_Ki
86921808,mondrian_std,cliffA,cliff,56,51,0.9107142857142857,0.8074399861448884,0.9612578515504131,2.464480785833168,,,,,CHEMBL219_Ki
86921808,mondrian_std,cliffA,noncliff,317,289,0.9116719242902208,0.8753034579587693,0.9381824330459303,2.415205885752464,,,,,CHEMBL219_Ki
86921808,mondrian_std,__bins__,__summary__,-1,-1,,,,2.422603725979058,0.8857142857142857,0.05714285714285716,0.8533333333333334,0.12,CHEMBL219_Ki
86921808,mondrian_iqr,cliffB_oracle,all,373,341,0.9142091152815014,0.8813975949852422,0.9385758786527159,2.625228706608479,,,,,CHEMBL219_Ki
86921808,mondrian_iqr,cliffB_oracle,cliff,32,28,0.875,0.7193169451834978,0.9502986561251991,2.336067915792501,,,,,CHEMBL219_Ki
86921808,mondrian_iqr,cliffB_oracle,noncliff,341,313,0.9178885630498533,0.8838860298142613,0.9425807209489939,2.652364030086811,,,,,CHEMBL219_Ki
86921808,mondrian_iqr,cliffA,all,373,341,0.9142091152815014,0.8813975949852422,0.9385758786527159,2.625228706608479,,,,,CHEMBL219_Ki
86921808,mondrian_iqr,cliffA,cliff,56,51,0.9107142857142857,0.8074399861448884,0.9612578515504131,2.3665988641802365,,,,,CHEMBL219_Ki
86921808,mondrian_iqr,cliffA,noncliff,317,290,0.9148264984227129,0.8789146639323908,0.940804835432498,2.6709172592140997,,,,,CHEMBL219_Ki
86921808,mondrian_iqr,__bins__,__summary__,-1,-1,,,,2.625228706608479,0.8714285714285714,0.11428571428571432,0.8666666666666667,0.12,CHEMBL219_Ki
86921808,mondrian_nb,cliffB_oracle,all,373,345,0.9249329758713136,0.8936468475122171,0.9475557128218689,2.719496513019229,,,,,CHEMBL219_Ki
86921808,mondrian_nb,cliffB_oracle,cliff,32,28,0.875,0.7193169451834978,0.9502986561251991,2.524895342929853,,,,,CHEMBL219_Ki
86921808,mondrian_nb,cliffB_oracle,noncliff,341,317,0.9296187683284457,0.8974147587292246,0.9522510587221221,2.7377582064000503,,,,,CHEMBL219_Ki
86921808,mondrian_nb,cliffA,all,373,345,0.9249329758713136,0.8936468475122171,0.9475557128218689,2.719496513019229,,,,,CHEMBL219_Ki
86921808,mondrian_nb,cliffA,cliff,56,50,0.8928571428571429,0.7853155482892853,0.9499606442888293,2.5047015756517643,,,,,CHEMBL219_Ki
86921808,mondrian_nb,cliffA,noncliff,317,295,0.9305993690851735,0.8971621252791375,0.9537254158866977,2.7574413599989707,,,,,CHEMBL219_Ki
86921808,mondrian_nb,__bins__,__summary__,-1,-1,,,,2.719496513019229,0.8602150537634409,0.11121351766513055,0.88,0.09333333333333338,CHEMBL219_Ki
86921808,mondrian_nnsim,cliffB_oracle,all,373,345,0.9249329758713136,0.8936468475122171,0.9475557128218689,2.633540648705538,,,,,CHEMBL219_Ki
86921808,mondrian_nnsim,cliffB_oracle,cliff,32,29,0.90625,0.7578184527161212,0.9675984487016337,2.7350847705459795,,,,,CHEMBL219_Ki
86921808,mondrian_nnsim,cliffB_oracle,noncliff,341,316,0.9266862170087976,0.8940149831068024,0.9498510676725215,2.624011581553356,,,,,CHEMBL219_Ki
86921808,mondrian_nnsim,cliffA,all,373,345,0.9249329758713136,0.8936468475122171,0.9475557128218689,2.633540648705538,,,,,CHEMBL219_Ki
86921808,mondrian_nnsim,cliffA,cliff,56,51,0.9107142857142857,0.8074399861448884,0.9612578515504131,2.6644161570462574,,,,,CHEMBL219_Ki
86921808,mondrian_nnsim,cliffA,noncliff,317,294,0.9274447949526814,0.8934847799137796,0.9511691528918663,2.628086300228944,,,,,CHEMBL219_Ki
86921808,mondrian_nnsim,__bins__,__summary__,-1,-1,,,,2.633540648705538,0.8494623655913979,0.1362519201228879,0.8266666666666667,0.16000000000000003,CHEMBL219_Ki
86921808,mondrian_pairgap,cliffB_oracle,all,373,344,0.9222520107238605,0.8905714063923964,0.9453238822676577,2.5222738550576396,,,,,CHEMBL219_Ki
86921808,mondrian_pairgap,cliffB_oracle,cliff,32,29,0.90625,0.7578184527161212,0.9675984487016337,2.6779717368566454,,,,,CHEMBL219_Ki
86921808,mondrian_pairgap,cliffB_oracle,noncliff,341,315,0.9237536656891495,0.8906273371204231,0.9474389469868779,2.5076629101380847,,,,,CHEMBL219_Ki
86921808,mondrian_pairgap,cliffA,all,373,344,0.9222520107238605,0.8905714063923964,0.9453238822676577,2.5222738550576396,,,,,CHEMBL219_Ki
86921808,mondrian_pairgap,cliffA,cliff,56,51,0.9107142857142857,0.8074399861448884,0.9612578515504131,2.6860528368073213,,,,,CHEMBL219_Ki
86921808,mondrian_pairgap,cliffA,noncliff,317,293,0.9242902208201893,0.8898221282844457,0.9485981961610109,2.4933412904583268,,,,,CHEMBL219_Ki
86921808,mondrian_pairgap,__bins__,__summary__,-1,-1,,,,2.5222738550576396,0.8387096774193549,0.1470046082949309,0.8133333333333334,0.17333333333333334,CHEMBL219_Ki
86921808,mondrian_rfstd,cliffB_oracle,all,373,346,0.9276139410187667,0.8967317293215701,0.949778102686548,2.5076844300437133,,,,,CHEMBL219_Ki
86921808,mondrian_rfstd,cliffB_oracle,cliff,32,28,0.875,0.7193169451834978,0.9502986561251991,2.178898994519546,,,,,CHEMBL219_Ki
86921808,mondrian_rfstd,cliffB_oracle,noncliff,341,318,0.9325513196480938,0.9008273400702156,0.954638244053154,2.5385381952541928,,,,,CHEMBL219_Ki
86921808,mondrian_rfstd,cliffA,all,373,346,0.9276139410187667,0.8967317293215701,0.949778102686548,2.5076844300437133,,,,,CHEMBL219_Ki
86921808,mondrian_rfstd,cliffA,cliff,56,51,0.9107142857142857,0.8074399861448884,0.9612578515504131,2.2779413165301654,,,,,CHEMBL219_Ki
86921808,mondrian_rfstd,cliffA,noncliff,317,295,0.9305993690851735,0.8971621252791375,0.9537254158866977,2.548269964292164,,,,,CHEMBL219_Ki
86921808,mondrian_rfstd,__bins__,__summary__,-1,-1,,,,2.5076844300437133,0.8924731182795699,0.06466973886328731,0.8648648648648649,0.09513513513513505,CHEMBL219_Ki
89165191,global,cliffB_oracle,all,373,337,0.903485254691689,0.8692754176197867,0.9294689693220429,2.379885412965482,,,,,CHEMBL219_Ki
89165191,global,cliffB_oracle,cliff,23,22,0.9565217391304348,0.7900884492974114,0.9922833338565469,2.379885412965481,,,,,CHEMBL219_Ki
89165191,global,cliffB_oracle,noncliff,350,315,0.9,0.8640989441353373,0.9272159032915364,2.379885412965482,,,,,CHEMBL219_Ki
89165191,global,cliffA,all,373,337,0.903485254691689,0.8692754176197867,0.9294689693220429,2.379885412965482,,,,,CHEMBL219_Ki
89165191,global,cliffA,cliff,54,52,0.9629629629629629,0.8746482308272452,0.9897836320515545,2.3798854129654816,,,,,CHEMBL219_Ki
89165191,global,cliffA,noncliff,319,285,0.8934169278996865,0.8547509302341851,0.9227204667693987,2.379885412965482,,,,,CHEMBL219_Ki
89165191,global,__bins__,__summary__,-1,-1,,,,2.379885412965482,0.8285714285714286,0.1428571428571428,0.7733333333333333,0.22666666666666668,CHEMBL219_Ki
89165191,mondrian_pair,cliffB_oracle,all,373,337,0.903485254691689,0.8692754176197867,0.9294689693220429,2.298860812898058,,,,,CHEMBL219_Ki
89165191,mondrian_pair,cliffB_oracle,cliff,23,20,0.8695652173913043,0.6787251772990404,0.9546234090636876,1.9896130058126036,,,,,CHEMBL219_Ki
89165191,mondrian_pair,cliffB_oracle,noncliff,350,317,0.9057142857142857,0.8705444919536459,0.9320748532936117,2.3191828116493878,,,,,CHEMBL219_Ki
89165191,mondrian_pair,cliffA,all,373,337,0.903485254691689,0.8692754176197867,0.9294689693220429,2.298860812898058,,,,,CHEMBL219_Ki
89165191,mondrian_pair,cliffA,cliff,54,50,0.9259259259259259,0.8244588416140005,0.9708184722344951,2.0646505122130563,,,,,CHEMBL219_Ki
89165191,mondrian_pair,cliffA,noncliff,319,287,0.8996865203761756,0.8618172185861817,0.92804416083977,2.338507697653513,,,,,CHEMBL219_Ki
89165191,mondrian_pair,__bins__,__summary__,-1,-1,,,,2.298860812898058,0.8387096774193549,0.11843317972350231,0.7866666666666666,0.21333333333333337,CHEMBL219_Ki
89165191,mondrian_wstd,cliffB_oracle,all,373,342,0.9168900804289544,0.8844471607222554,0.9408335845897345,2.5086262059320354,,,,,CHEMBL219_Ki
89165191,mondrian_wstd,cliffB_oracle,cliff,23,21,0.9130434782608695,0.7320401892425634,0.9758199955157796,2.507635340711592,,,,,CHEMBL219_Ki
89165191,mondrian_wstd,cliffB_oracle,noncliff,350,321,0.9171428571428571,0.883536517965564,0.9416918229224615,2.508691319932236,,,,,CHEMBL219_Ki
89165191,mondrian_wstd,cliffA,all,373,342,0.9168900804289544,0.8844471607222554,0.9408335845897345,2.5086262059320354,,,,,CHEMBL219_Ki
89165191,mondrian_wstd,cliffA,cliff,54,51,0.9444444444444444,0.8489278568183386,0.9809267315453091,2.4998951446467568,,,,,CHEMBL219_Ki
89165191,mondrian_wstd,cliffA,noncliff,319,291,0.9122257053291536,0.8760668077872059,0.9385745364834813,2.5101041912279762,,,,,CHEMBL219_Ki
89165191,mondrian_wstd,__bins__,__summary__,-1,-1,,,,2.5086262059320354,0.8285714285714286,0.1428571428571428,0.84,0.16000000000000003,CHEMBL219_Ki
89165191,mondrian_std,cliffB_oracle,all,373,343,0.9195710455764075,0.8875049760626287,0.9430830409233933,2.4585173540902034,,,,,CHEMBL219_Ki
89165191,mondrian_std,cliffB_oracle,cliff,23,22,0.9565217391304348,0.7900884492974114,0.9922833338565469,2.5308929626109573,,,,,CHEMBL219_Ki
89165191,mondrian_std,cliffB_oracle,noncliff,350,321,0.9171428571428571,0.883536517965564,0.9416918229224615,2.4537612426731252,,,,,CHEMBL219_Ki
89165191,mondrian_std,cliffA,all,373,343,0.9195710455764075,0.8875049760626287,0.9430830409233933,2.4585173540902034,,,,,CHEMBL219_Ki
89165191,mondrian_std,cliffA,cliff,54,52,0.9629629629629629,0.8746482308272452,0.9897836320515545,2.4375396559274822,,,,,CHEMBL219_Ki
89165191,mondrian_std,cliffA,noncliff,319,291,0.9122257053291536,0.8760668077872059,0.9385745364834813,2.4620684377917303,,,,,CHEMBL219_Ki
89165191,mondrian_std,__bins__,__summary__,-1,-1,,,,2.4585173540902034,0.8285714285714286,0.1428571428571428,0.84,0.16000000000000003,CHEMBL219_Ki
89165191,mondrian_iqr,cliffB_oracle,all,373,349,0.935656836461126,0.9060479244471455,0.9563837225830689,2.5276676949811465,,,,,CHEMBL219_Ki
89165191,mondrian_iqr,cliffB_oracle,cliff,23,22,0.9565217391304348,0.7900884492974114,0.9922833338565469,2.494563430332249,,,,,CHEMBL219_Ki
89165191,mondrian_iqr,cliffB_oracle,noncliff,350,327,0.9342857142857143,0.9033264804348985,0.9558153539142787,2.529843118086645,,,,,CHEMBL219_Ki
89165191,mondrian_iqr,cliffA,all,373,349,0.935656836461126,0.9060479244471455,0.9563837225830689,2.5276676949811465,,,,,CHEMBL219_Ki
89165191,mondrian_iqr,cliffA,cliff,54,53,0.9814814814814815,0.9022856251121808,0.9967235122817709,2.455383680096795,,,,,CHEMBL219_Ki
89165191,mondrian_iqr,cliffA,noncliff,319,296,0.9278996865203761,0.8941379149808442,0.9514783853457629,2.5399038605101585,,,,,CHEMBL219_Ki
89165191,mondrian_iqr,__bins__,__summary__,-1,-1,,,,2.5276676949811465,0.9142857142857143,0.05714285714285716,0.9066666666666666,0.08000000000000007,CHEMBL219_Ki
89165191,mondrian_nb,cliffB_oracle,all,373,344,0.9222520107238605,0.8905714063923964,0.9453238822676577,2.32895659307398,,,,,CHEMBL219_Ki
89165191,mondrian_nb,cliffB_oracle,cliff,23,21,0.9130434782608695,0.7320401892425634,0.9758199955157796,1.9663190934462171,,,,,CHEMBL219_Ki
89165191,mondrian_nb,cliffB_oracle,noncliff,350,323,0.9228571428571428,0.8900890401772332,0.946443798531176,2.352787057335233,,,,,CHEMBL219_Ki
89165191,mondrian_nb,cliffA,all,373,344,0.9222520107238605,0.8905714063923964,0.9453238822676577,2.32895659307398,,,,,CHEMBL219_Ki
89165191,mondrian_nb,cliffA,cliff,54,51,0.9444444444444444,0.8489278568183386,0.9809267315453091,2.0747713049819283,,,,,CHEMBL219_Ki
89165191,mondrian_nb,cliffA,noncliff,319,293,0.9184952978056427,0.8832572990904008,0.9437740276026545,2.371984823660095,,,,,CHEMBL219_Ki
89165191,mondrian_nb,__bins__,__summary__,-1,-1,,,,2.32895659307398,0.8709677419354839,0.10046082949308754,0.84,0.16000000000000003,CHEMBL219_Ki
89165191,mondrian_nnsim,cliffB_oracle,all,373,344,0.9222520107238605,0.8905714063923964,0.9453238822676577,2.5620206978170903,,,,,CHEMBL219_Ki
89165191,mondrian_nnsim,cliffB_oracle,cliff,23,22,0.9565217391304348,0.7900884492974114,0.9922833338565469,2.4961161740156568,,,,,CHEMBL219_Ki
89165191,mondrian_nnsim,cliffB_oracle,noncliff,350,322,0.92,0.8868077094878206,0.9440728803103968,2.566351566524042,,,,,CHEMBL219_Ki
89165191,mondrian_nnsim,cliffA,all,373,344,0.9222520107238605,0.8905714063923964,0.9453238822676577,2.5620206978170903,,,,,CHEMBL219_Ki
89165191,mondrian_nnsim,cliffA,cliff,54,53,0.9814814814814815,0.9022856251121808,0.9967235122817709,2.537620624673105,,,,,CHEMBL219_Ki
89165191,mondrian_nnsim,cliffA,noncliff,319,291,0.9122257053291536,0.8760668077872059,0.9385745364834813,2.566151117722342,,,,,CHEMBL219_Ki
89165191,mondrian_nnsim,__bins__,__summary__,-1,-1,,,,2.5620206978170903,0.8714285714285714,0.09999999999999998,0.84,0.16000000000000003,CHEMBL219_Ki
89165191,mondrian_pairgap,cliffB_oracle,all,373,340,0.9115281501340483,0.8783559406938476,0.9363102612700783,2.408607463970813,,,,,CHEMBL219_Ki
89165191,mondrian_pairgap,cliffB_oracle,cliff,23,21,0.9130434782608695,0.7320401892425634,0.9758199955157796,2.1741029530986142,,,,,CHEMBL219_Ki
89165191,mondrian_pairgap,cliffB_oracle,noncliff,350,319,0.9114285714285715,0.8770227539582954,0.9369010891093462,2.4240177603995576,,,,,CHEMBL219_Ki
89165191,mondrian_pairgap,cliffA,all,373,340,0.9115281501340483,0.8783559406938476,0.9363102612700783,2.408607463970813,,,,,CHEMBL219_Ki
89165191,mondrian_pairgap,cliffA,cliff,54,51,0.9444444444444444,0.8489278568183386,0.9809267315453091,2.219611604425845,,,,,CHEMBL219_Ki
89165191,mondrian_pairgap,cliffA,noncliff,319,289,0.9059561128526645,0.868921408574651,0.9333299532736683,2.440600493486262,,,,,CHEMBL219_Ki
89165191,mondrian_pairgap,__bins__,__summary__,-1,-1,,,,2.408607463970813,0.8602150537634409,0.11121351766513055,0.8133333333333334,0.18666666666666665,CHEMBL219_Ki
89165191,mondrian_rfstd,cliffB_oracle,all,373,349,0.935656836461126,0.9060479244471455,0.9563837225830689,2.450543483091366,,,,,CHEMBL219_Ki
89165191,mondrian_rfstd,cliffB_oracle,cliff,23,22,0.9565217391304348,0.7900884492974114,0.9922833338565469,2.384097228953921,,,,,CHEMBL219_Ki
89165191,mondrian_rfstd,cliffB_oracle,noncliff,350,327,0.9342857142857143,0.9033264804348985,0.9558153539142787,2.4549099512203987,,,,,CHEMBL219_Ki
89165191,mondrian_rfstd,cliffA,all,373,349,0.935656836461126,0.9060479244471455,0.9563837225830689,2.450543483091366,,,,,CHEMBL219_Ki
89165191,mondrian_rfstd,cliffA,cliff,54,52,0.9629629629629629,0.8746482308272452,0.9897836320515545,2.312123061035731,,,,,CHEMBL219_Ki
89165191,mondrian_rfstd,cliffA,noncliff,319,297,0.9310344827586207,0.8977929293599762,0.9540183621778147,2.4739751532826024,,,,,CHEMBL219_Ki
89165191,mondrian_rfstd,__bins__,__summary__,-1,-1,,,,2.450543483091366,0.9,0.08571428571428574,0.8783783783783784,0.1216216216216216,CHEMBL219_Ki
71339737,global,cliffB_oracle,all,341,292,0.8563049853372434,0.815100514981568,0.8895711356692078,2.4362937176339243,,,,,CHEMBL228_Ki
71339737,global,cliffB_oracle,cliff,23,16,0.6956521739130435,0.49134243731240795,0.8439597554678597,2.4362937176339243,,,,,CHEMBL228_Ki
71339737,global,cliffB_oracle,noncliff,318,276,0.8679245283018868,0.8262836947642948,0.9007823608564861,2.4362937176339248,,,,,CHEMBL228_Ki
71339737,global,cliffA,all,341,292,0.8563049853372434,0.815100514981568,0.8895711356692078,2.4362937176339243,,,,,CHEMBL228_Ki
71339737,global,cliffA,cliff,42,35,0.8333333333333334,0.6939599725535115,0.9168408335360192,2.436293717633925,,,,,CHEMBL228_Ki
71339737,global,cliffA,noncliff,299,257,0.8595317725752508,0.8155718169223789,0.8943706091814949,2.4362937176339248,,,,,CHEMBL228_Ki
71339737,global,__bins__,__summary__,-1,-1,,,,2.4362937176339243,0.7422680412371134,0.19215818827108333,0.6376811594202898,0.3476129582267691,CHEMBL228_Ki
71339737,mondrian_pair,cliffB_oracle,all,341,296,0.8680351906158358,0.8279788322086096,0.8998918851302574,2.4563073321787408,,,,,CHEMBL228_Ki
71339737,mondrian_pair,cliffB_oracle,cliff,23,16,0.6956521739130435,0.49134243731240795,0.8439597554678597,2.2996048962912896,,,,,CHEMBL228_Ki
71339737,mondrian_pair,cliffB_oracle,noncliff,318,280,0.8805031446540881,0.8402335422652736,0.9116894725220297,2.4676411561580225,,,,,CHEMBL228_Ki
71339737,mondrian_pair,cliffA,all,341,296,0.8680351906158358,0.8279788322086096,0.8998918851302574,2.4563073321787408,,,,,CHEMBL228_Ki
71339737,mondrian_pair,cliffA,cliff,42,35,0.8333333333333334,0.6939599725535115,0.9168408335360192,2.3013099010339726,,,,,CHEMBL228_Ki
71339737,mondrian_pair,cliffA,noncliff,299,261,0.8729096989966555,0.830369429789088,0.9059894586814414,2.478079546587036,,,,,CHEMBL228_Ki
71339737,mondrian_pair,__bins__,__summary__,-1,-1,,,,2.4563073321787408,0.7525773195876289,0.19824235254351863,0.6666666666666666,0.31862745098039225,CHEMBL228_Ki
71339737,mondrian_wstd,cliffB_oracle,all,341,294,0.8621700879765396,0.8215289122909727,0.8947422717038486,2.408232484539732,,,,,CHEMBL228_Ki
71339737,mondrian_wstd,cliffB_oracle,cliff,23,15,0.6521739130434783,0.44890335377263,0.8118872406120227,2.346973913984485,,,,,CHEMBL228_Ki
71339737,mondrian_wstd,cliffB_oracle,noncliff,318,279,0.8773584905660378,0.8367352278735858,0.9089735471220868,2.4126631358691997,,,,,CHEMBL228_Ki
71339737,mondrian_wstd,cliffA,all,341,294,0.8621700879765396,0.8215289122909727,0.8947422717038486,2.408232484539732,,,,,CHEMBL228_Ki
71339737,mondrian_wstd,cliffA,cliff,42,32,0.7619047619047619,0.6147245613168169,0.8651903577535287,2.210051046456059,,,,,CHEMBL228_Ki
71339737,mondrian_wstd,cliffA,noncliff,299,262,0.8762541806020067,0.8340887492930742,0.9088742547691193,2.436070679855834,,,,,CHEMBL228_Ki
71339737,mondrian_wstd,__bins__,__summary__,-1,-1,,,,2.408232484539732,0.7868852459016393,0.1311475409836066,0.7246376811594203,0.20183290707587387,CHEMBL228_Ki
71339737,mondrian_std,cliffB_oracle,all,341,296,0.8680351906158358,0.8279788322086096,0.8998918851302574,2.4076726730248215,,,,,CHEMBL228_Ki
71339737,mondrian_std,cliffB_oracle,cliff,23,15,0.6521739130434783,0.44890335377263,0.8118872406120227,2.3750932700323606,,,,,CHEMBL228_Ki
71339737,mondrian_std,cliffB_oracle,noncliff,318,281,0.8836477987421384,0.8437394885227749,0.9143977660561589,2.4100290449393706,,,,,CHEMBL228_Ki
71339737,mondrian_std,cliffA,all,341,296,0.8680351906158358,0.8279788322086096,0.8998918851302574,2.4076726730248215,,,,,CHEMBL228_Ki
71339737,mondrian_std,cliffA,cliff,42,34,0.8095238095238095,0.6669922598996131,0.9001799171835226,2.225893396597332,,,,,CHEMBL228_Ki
71339737,mondrian_std,cliffA,noncliff,299,262,0.8762541806020067,0.8340887492930742,0.9088742547691193,2.4332068857671447,,,,,CHEMBL228_Ki
71339737,mondrian_std,__bins__,__summary__,-1,-1,,,,2.4076726730248215,0.8032786885245902,0.11475409836065575,0.7246376811594203,0.216538789428815,CHEMBL228_Ki
71339737,mondrian_iqr,cliffB_oracle,all,341,305,0.8944281524926686,0.8573051813552724,0.9227634360318001,2.6480318527502043,,,,,CHEMBL228_Ki
71339737,mondrian_iqr,cliffB_oracle,cliff,23,17,0.7391304347826086,0.5352999516257462,0.8745138395501366,2.6159473144020713,,,,,CHEMBL228_Ki
71339737,mondrian_iqr,cliffB_oracle,noncliff,318,288,0.9056603773584906,0.8685192247535762,0.9331177083667719,2.6503524325678365,,,,,CHEMBL228_Ki
71339737,mondrian_iqr,cliffA,all,341,305,0.8944281524926686,0.8573051813552724,0.9227634360318001,2.6480318527502043,,,,,CHEMBL228_Ki
71339737,mondrian_iqr,cliffA,cliff,42,35,0.8333333333333334,0.6939599725535115,0.9168408335360192,2.5022667300627934,,,,,CHEMBL228_Ki
71339737,mondrian_iqr,cliffA,noncliff,299,270,0.903010033444816,0.8641770822344281,0.9316188465610769,2.6685072211544556,,,,,CHEMBL228_Ki
71339737,mondrian_iqr,__bins__,__summary__,-1,-1,,,,2.6480318527502043,0.8762886597938144,0.04174412709143149,0.7681159420289855,0.18776641091219104,CHEMBL228_Ki
71339737,mondrian_nb,cliffB_oracle,all,341,298,0.873900293255132,0.8344514644713712,0.9050187862115415,2.379742980163139,,,,,CHEMBL228_Ki
71339737,mondrian_nb,cliffB_oracle,cliff,23,15,0.6521739130434783,0.44890335377263,0.8118872406120227,1.9912773416077534,,,,,CHEMBL228_Ki
71339737,mondrian_nb,cliffB_oracle,noncliff,318,283,0.889937106918239,0.8507753401609235,0.9197903940012715,2.4078395515051954,,,,,CHEMBL228_Ki
71339737,mondrian_nb,cliffA,all,341,298,0.873900293255132,0.8344514644713712,0.9050187862115415,2.379742980163139,,,,,CHEMBL228_Ki
71339737,mondrian_nb,cliffA,cliff,42,33,0.7857142857142857,0.6406015468367708,0.8829420012399697,1.9231975992587653,,,,,CHEMBL228_Ki
71339737,mondrian_nb,cliffA,noncliff,299,265,0.8862876254180602,0.8452989067835188,0.9174764440536665,2.443873100557733,,,,,CHEMBL228_Ki
71339737,mondrian_nb,__bins__,__summary__,-1,-1,,,,2.379742980163139,0.8350515463917526,0.06658779787054248,0.782608695652174,0.15856777493606133,CHEMBL228_Ki
71339737,mondrian_nnsim,cliffB_oracle,all,341,298,0.873900293255132,0.8344514644713712,0.9050187862115415,2.5300677845196518,,,,,CHEMBL228_Ki
71339737,mondrian_nnsim,cliffB_oracle,cliff,23,20,0.8695652173913043,0.6787251772990404,0.9546234090636876,3.3554084241405855,,,,,CHEMBL228_Ki
71339737,mondrian_nnsim,cliffB_oracle,noncliff,318,278,0.8742138364779874,0.8332442999796668,0.9062502352243753,2.470373335742037,,,,,CHEMBL228_Ki
71339737,mondrian_nnsim,cliffA,all,341,298,0.873900293255132,0.8344514644713712,0.9050187862115415,2.5300677845196518,,,,,CHEMBL228_Ki
71339737,mondrian_nnsim,cliffA,cliff,42,39,0.9285714285714286,0.8099057319884169,0.9754095901266941,3.1639846542884515,,,,,CHEMBL228_Ki
71339737,mondrian_nnsim,cliffA,noncliff,299,259,0.8662207357859532,0.8229551895011694,0.9001954677860323,2.441022605488583,,,,,CHEMBL228_Ki
71339737,mondrian_nnsim,__bins__,__summary__,-1,-1,,,,2.5300677845196518,0.8032786885245902,0.1311475409836066,0.6811594202898551,0.28942881500426254,CHEMBL228_Ki
71339737,mondrian_pairgap,cliffB_oracle,all,341,296,0.8680351906158358,0.8279788322086096,0.8998918851302574,2.4474489047899843,,,,,CHEMBL228_Ki
71339737,mondrian_pairgap,cliffB_oracle,cliff,23,14,0.6086956521739131,0.4078552239138171,0.7784237720752205,2.170852234740633,,,,,CHEMBL228_Ki
71339737,mondrian_pairgap,cliffB_oracle,noncliff,318,282,0.8867924528301887,0.8472533281209216,0.9170981662496429,2.467454324321855,,,,,CHEMBL228_Ki
71339737,mondrian_pairgap,cliffA,all,341,296,0.8680351906158358,0.8279788322086096,0.8998918851302574,2.4474489047899843,,,,,CHEMBL228_Ki
71339737,mondrian_pairgap,cliffA,cliff,42,33,0.7857142857142857,0.6406015468367708,0.8829420012399697,2.15915248723348,,,,,CHEMBL228_Ki
71339737,mondrian_pairgap,cliffA,noncliff,299,263,0.8795986622073578,0.8378165671105635,0.9117505525432938,2.487945391537052,,,,,CHEMBL228_Ki
71339737,mondrian_pairgap,__bins__,__summary__,-1,-1,,,,2.4474489047899843,0.7628865979381443,0.1879330741930032,0.6811594202898551,0.3041346973572038,CHEMBL228_Ki
71339737,mondrian_rfstd,cliffB_oracle,all,341,309,0.906158357771261,0.8705252103166391,0.9327424737585249,2.5658702631254418,,,,,CHEMBL228_Ki
71339737,mondrian_rfstd,cliffB_oracle,cliff,23,16,0.6956521739130435,0.49134243731240795,0.8439597554678597,2.439759525273713,,,,,CHEMBL228_Ki
71339737,mondrian_rfstd,cliffB_oracle,noncliff,318,293,0.9213836477987422,0.8865231849486377,0.9461849471298633,2.5749914800140887,,,,,CHEMBL228_Ki
71339737,mondrian_rfstd,cliffA,all,341,309,0.906158357771261,0.8705252103166391,0.9327424737585249,2.5658702631254418,,,,,CHEMBL228_Ki
71339737,mondrian_rfstd,cliffA,cliff,42,34,0.8095238095238095,0.6669922598996131,0.9001799171835226,2.159807581558217,,,,,CHEMBL228_Ki
71339737,mondrian_rfstd,cliffA,noncliff,299,275,0.919732441471572,0.8833471479136141,0.9454693588402108,2.62290916822853,,,,,CHEMBL228_Ki
71339737,mondrian_rfstd,__bins__,__summary__,-1,-1,,,,2.5658702631254418,0.8852459016393442,0.06557377049180324,0.855072463768116,0.08610400682011932,CHEMBL228_Ki
99182118,global,cliffB_oracle,all,341,312,0.9149560117302052,0.880531294797775,0.9401356892934574,2.7561219673070703,,,,,CHEMBL228_Ki
99182118,global,cliffB_oracle,cliff,20,16,0.8,0.5839825677481064,0.919342337420202,2.75612196730707,,,,,CHEMBL228_Ki
99182118,global,cliffB_oracle,noncliff,321,296,0.9221183800623053,0.8875598642078684,0.9466932541712929,2.7561219673070703,,,,,CHEMBL228_Ki
99182118,global,cliffA,all,341,312,0.9149560117302052,0.880531294797775,0.9401356892934574,2.7561219673070703,,,,,CHEMBL228_Ki
99182118,global,cliffA,cliff,35,31,0.8857142857142857,0.7404853135378618,0.9546482066690264,2.75612196730707,,,,,CHEMBL228_Ki
99182118,global,cliffA,noncliff,306,281,0.9183006535947712,0.8821780922545485,0.9440509120058133,2.7561219673070707,,,,,CHEMBL228_Ki
99182118,global,__bins__,__summary__,-1,-1,,,,2.7561219673070703,0.85,0.1333333333333333,0.8260869565217391,0.15920716112531974,CHEMBL228_Ki
99182118,mondrian_pair,cliffB_oracle,all,341,317,0.9296187683284457,0.8974147587292246,0.9522510587221221,2.9227627932110964,,,,,CHEMBL228_Ki
99182118,mondrian_pair,cliffB_oracle,cliff,20,16,0.8,0.5839825677481064,0.919342337420202,2.7674504868478897,,,,,CHEMBL228_Ki
99182118,mondrian_pair,cliffB_oracle,noncliff,321,301,0.9376947040498442,0.9057290438949792,0.9593083223948522,2.9324395724237573,,,,,CHEMBL228_Ki
99182118,mondrian_pair,cliffA,all,341,317,0.9296187683284457,0.8974147587292246,0.9522510587221221,2.9227627932110964,,,,,CHEMBL228_Ki
99182118,mondrian_pair,cliffA,cliff,35,31,0.8857142857142857,0.7404853135378618,0.9546482066690264,2.7630440057371604,,,,,CHEMBL228_Ki
99182118,mondrian_pair,cliffA,noncliff,306,286,0.934640522875817,0.9012087581364998,0.9572948166027824,2.941031281974455,,,,,CHEMBL228_Ki
99182118,mondrian_pair,__bins__,__summary__,-1,-1,,,,2.9227627932110964,0.86,0.1233333333333333,0.8676470588235294,0.11764705882352944,CHEMBL228_Ki
99182118,mondrian_wstd,cliffB_oracle,all,341,306,0.8973607038123167,0.8605981784509595,0.9252702056081359,2.5962971035503704,,,,,CHEMBL228_Ki
99182118,mondrian_wstd,cliffB_oracle,cliff,20,14,0.7,0.4810271816464765,0.8545227551323956,2.29264533273005,,,,,CHEMBL228_Ki
99182118,mondrian_wstd,cliffB_oracle,noncliff,321,292,0.9096573208722741,0.8732643185989198,0.9363614014517053,2.615216216997119,,,,,CHEMBL228_Ki
99182118,mondrian_wstd,cliffA,all,341,306,0.8973607038123167,0.8605981784509595,0.9252702056081359,2.5962971035503704,,,,,CHEMBL228_Ki
99182118,mondrian_wstd,cliffA,cliff,35,28,0.8,0.6410838693433439,0.8995755352620137,2.3326621994796355,,,,,CHEMBL228_Ki
99182118,mondrian_wstd,cliffA,noncliff,306,278,0.9084967320261438,0.8709311610588082,0.9359331009142013,2.626451422643428,,,,,CHEMBL228_Ki
99182118,mondrian_wstd,__bins__,__summary__,-1,-1,,,,2.5962971035503704,0.88,0.036666666666666625,0.8382352941176471,0.11764705882352944,CHEMBL228_Ki
99182118,mondrian_std,cliffB_oracle,all,341,307,0.9002932551319648,0.8638989801676072,0.927769170563511,2.5914039229017707,,,,,CHEMBL228_Ki
99182118,mondrian_std,cliffB_oracle,cliff,20,15,0.75,0.531299122381256,0.8881382985923343,2.351786204526951,,,,,CHEMBL228_Ki
99182118,mondrian_std,cliffB_oracle,noncliff,321,292,0.9096573208722741,0.8732643185989198,0.9363614014517053,2.6063333757600144,,,,,CHEMBL228_Ki
99182118,mondrian_std,cliffA,all,341,307,0.9002932551319648,0.8638989801676072,0.927769170563511,2.5914039229017707,,,,,CHEMBL228_Ki
99182118,mondrian_std,cliffA,cliff,35,29,0.8285714285714286,0.6731771770095504,0.9189735994629841,2.366456983363579,,,,,CHEMBL228_Ki
99182118,mondrian_std,cliffA,noncliff,306,278,0.9084967320261438,0.8709311610588082,0.9359331009142013,2.617133148012348,,,,,CHEMBL228_Ki
99182118,mondrian_std,__bins__,__summary__,-1,-1,,,,2.5914039229017707,0.89,0.026666666666666616,0.8382352941176471,0.13235294117647056,CHEMBL228_Ki
99182118,mondrian_iqr,cliffB_oracle,all,341,305,0.8944281524926686,0.8573051813552724,0.9227634360318001,2.599773292778088,,,,,CHEMBL228_Ki
99182118,mondrian_iqr,cliffB_oracle,cliff,20,16,0.8,0.5839825677481064,0.919342337420202,2.3597180859832214,,,,,CHEMBL228_Ki
99182118,mondrian_iqr,cliffB_oracle,noncliff,321,289,0.9003115264797508,0.8626569290114173,0.9284982422928058,2.6147300034818177,,,,,CHEMBL228_Ki
99182118,mondrian_iqr,cliffA,all,341,305,0.8944281524926686,0.8573051813552724,0.9227634360318001,2.599773292778088,,,,,CHEMBL228_Ki
99182118,mondrian_iqr,cliffA,cliff,35,30,0.8571428571428571,0.7062444591340484,0.9373976892056628,2.3267135433793813,,,,,CHEMBL228_Ki
99182118,mondrian_iqr,cliffA,noncliff,306,275,0.8986928104575164,0.859790801616245,0.9277087180694124,2.6310056170557177,,,,,CHEMBL228_Ki
99182118,mondrian_iqr,__bins__,__summary__,-1,-1,,,,2.599773292778088,0.86,0.05666666666666664,0.8260869565217391,0.11508951406649615,CHEMBL228_Ki
99182118,mondrian_nb,cliffB_oracle,all,341,312,0.9149560117302052,0.880531294797775,0.9401356892934574,2.817805297646496,,,,,CHEMBL228_Ki
99182118,mondrian_nb,cliffB_oracle,cliff,20,14,0.7,0.4810271816464765,0.8545227551323956,2.4053966963427094,,,,,CHEMBL228_Ki
99182118,mondrian_nb,cliffB_oracle,noncliff,321,298,0.9283489096573209,0.8947830923721298,0.9517837251712995,2.843500537603118,,,,,CHEMBL228_Ki
99182118,mondrian_nb,cliffA,all,341,312,0.9149560117302052,0.880531294797775,0.9401356892934574,2.817805297646496,,,,,CHEMBL228_Ki
99182118,mondrian_nb,cliffA,cliff,35,28,0.8,0.6410838693433439,0.8995755352620137,2.4135524143102067,,,,,CHEMBL228_Ki
99182118,mondrian_nb,cliffA,noncliff,306,284,0.9281045751633987,0.8935486925938368,0.9520450539538773,2.864043372537902,,,,,CHEMBL228_Ki
99182118,mondrian_nb,__bins__,__summary__,-1,-1,,,,2.817805297646496,0.84,0.1436065573770492,0.855072463768116,0.10080988917306055,CHEMBL228_Ki
99182118,mondrian_nnsim,cliffB_oracle,all,341,309,0.906158357771261,0.8705252103166391,0.9327424737585249,2.770479374955785,,,,,CHEMBL228_Ki
99182118,mondrian_nnsim,cliffB_oracle,cliff,20,17,0.85,0.6395811352592431,0.9476312541037835,2.995273998464505,,,,,CHEMBL228_Ki
99182118,mondrian_nnsim,cliffB_oracle,noncliff,321,292,0.9096573208722741,0.8732643185989198,0.9363614014517053,2.756473479410071,,,,,CHEMBL228_Ki
99182118,mondrian_nnsim,cliffA,all,341,309,0.906158357771261,0.8705252103166391,0.9327424737585249,2.770479374955785,,,,,CHEMBL228_Ki
99182118,mondrian_nnsim,cliffA,cliff,35,32,0.9142857142857143,0.7762072603410349,0.9704176317330301,2.8761438079611477,,,,,CHEMBL228_Ki
99182118,mondrian_nnsim,cliffA,noncliff,306,277,0.9052287581699346,0.8672065854390835,0.9332027624381422,2.758393573795041,,,,,CHEMBL228_Ki
99182118,mondrian_nnsim,__bins__,__summary__,-1,-1,,,,2.770479374955785,0.83,0.15333333333333332,0.8088235294117647,0.16176470588235292,CHEMBL228_Ki
99182118,mondrian_pairgap,cliffB_oracle,all,341,315,0.9237536656891495,0.8906273371204231,0.9474389469868779,2.794057649527177,,,,,CHEMBL228_Ki
99182118,mondrian_pairgap,cliffB_oracle,cliff,20,16,0.8,0.5839825677481064,0.919342337420202,2.7192356784762888,,,,,CHEMBL228_Ki
99182118,mondrian_pairgap,cliffB_oracle,noncliff,321,299,0.9314641744548287,0.8984160449949765,0.9543076221305868,2.7987194545770757,,,,,CHEMBL228_Ki
99182118,mondrian_pairgap,cliffA,all,341,315,0.9237536656891495,0.8906273371204231,0.9474389469868779,2.794057649527177,,,,,CHEMBL228_Ki
99182118,mondrian_pairgap,cliffA,cliff,35,31,0.8857142857142857,0.7404853135378618,0.9546482066690264,2.71712514062135,,,,,CHEMBL228_Ki
99182118,mondrian_pairgap,cliffA,noncliff,306,284,0.9281045751633987,0.8935486925938368,0.9520450539538773,2.802857119500065,,,,,CHEMBL228_Ki
99182118,mondrian_pairgap,__bins__,__summary__,-1,-1,,,,2.794057649527177,0.86,0.1233333333333333,0.8382352941176471,0.1470588235294118,CHEMBL228_Ki
99182118,mondrian_rfstd,cliffB_oracle,all,341,309,0.906158357771261,0.8705252103166391,0.9327424737585249,2.7048765492903897,,,,,CHEMBL228_Ki
99182118,mondrian_rfstd,cliffB_oracle,cliff,20,13,0.65,0.43285427668523624,0.818808175898918,2.4985486103477763,,,,,CHEMBL228_Ki
99182118,mondrian_rfstd,cliffB_oracle,noncliff,321,296,0.9221183800623053,0.8875598642078684,0.9466932541712929,2.717731872588995,,,,,CHEMBL228_Ki
99182118,mondrian_rfstd,cliffA,all,341,309,0.906158357771261,0.8705252103166391,0.9327424737585249,2.7048765492903897,,,,,CHEMBL228_Ki
99182118,mondrian_rfstd,cliffA,cliff,35,27,0.7714285714285715,0.6098268310800976,0.879341201658083,2.4988376695570054,,,,,CHEMBL228_Ki
99182118,mondrian_rfstd,cliffA,noncliff,306,282,0.9215686274509803,0.8859535645586971,0.9467303537974487,2.7284430878219856,,,,,CHEMBL228_Ki
99182118,mondrian_rfstd,__bins__,__summary__,-1,-1,,,,2.7048765492903897,0.88,0.08666666666666667,0.8840579710144928,0.04241261722080136,CHEMBL228_Ki
89709943,global,cliffB_oracle,all,341,312,0.9149560117302052,0.880531294797775,0.9401356892934574,2.5549825206861367,,,,,CHEMBL228_Ki
89709943,global,cliffB_oracle,cliff,22,22,1.0,0.8513451253913791,1.0,2.554982520686137,,,,,CHEMBL228_Ki
89709943,global,cliffB_oracle,noncliff,319,290,0.9090909090909091,0.8724887293835938,0.9359576236759096,2.554982520686137,,,,,CHEMBL228_Ki
89709943,global,cliffA,all,341,312,0.9149560117302052,0.880531294797775,0.9401356892934574,2.5549825206861367,,,,,CHEMBL228_Ki
89709943,global,cliffA,cliff,39,38,0.9743589743589743,0.8681900983014993,0.99545929689901,2.554982520686137,,,,,CHEMBL228_Ki
89709943,global,cliffA,noncliff,302,274,0.9072847682119205,0.8692642821228392,0.9350740209592897,2.5549825206861367,,,,,CHEMBL228_Ki
89709943,global,__bins__,__summary__,-1,-1,,,,2.5549825206861367,0.8279569892473119,0.15591397849462363,0.7971014492753623,0.18819266837169657,CHEMBL228_Ki
89709943,mondrian_pair,cliffB_oracle,all,341,313,0.9178885630498533,0.8838860298142613,0.9425807209489939,2.6474960885147647,,,,,CHEMBL228_Ki
89709943,mondrian_pair,cliffB_oracle,cliff,22,21,0.9545454545454546,0.7820195416134267,0.991930572378736,2.4553960430868362,,,,,CHEMBL228_Ki
89709943,mondrian_pair,cliffB_oracle,noncliff,319,292,0.9153605015673981,0.8796561479662224,0.9411801875156489,2.6607443675097944,,,,,CHEMBL228_Ki
89709943,mondrian_pair,cliffA,all,341,313,0.9178885630498533,0.8838860298142613,0.9425807209489939,2.6474960885147647,,,,,CHEMBL228_Ki
89709943,mondrian_pair,cliffA,cliff,39,36,0.9230769230769231,0.7967892883204503,0.9734926046962203,2.4406191165154576,,,,,CHEMBL228_Ki
89709943,mondrian_pair,cliffA,noncliff,302,277,0.9172185430463576,0.8806548676509717,0.9433014428234044,2.6742119888722913,,,,,CHEMBL228_Ki
89709943,mondrian_pair,__bins__,__summary__,-1,-1,,,,2.6474960885147647,0.8387096774193549,0.12903225806451613,0.8260869565217391,0.1445012787723785,CHEMBL228_Ki
89709943,mondrian_wstd,cliffB_oracle,all,341,315,0.9237536656891495,0.8906273371204231,0.9474389469868779,2.5260478514677454,,,,,CHEMBL228_Ki
89709943,mondrian_wstd,cliffB_oracle,cliff,22,21,0.9545454545454546,0.7820195416134267,0.991930572378736,2.711358714404662,,,,,CHEMBL228_Ki
89709943,mondrian_wstd,cliffB_oracle,noncliff,319,294,0.9216300940438872,0.8868708611726676,0.9463554567315716,2.5132677919548545,,,,,CHEMBL228_Ki
89709943,mondrian_wstd,cliffA,all,341,315,0.9237536656891495,0.8906273371204231,0.9474389469868779,2.5260478514677454,,,,,CHEMBL228_Ki
89709943,mondrian_wstd,cliffA,cliff,39,37,0.9487179487179487,0.8311435995238639,0.9858220445847259,2.4995647629188897,,,,,CHEMBL228_Ki
89709943,mondrian_wstd,cliffA,noncliff,302,278,0.9205298013245033,0.8844786225793747,0.9460170236924171,2.5294678529690877,,,,,CHEMBL228_Ki
89709943,mondrian_wstd,__bins__,__summary__,-1,-1,,,,2.5260478514677454,0.8709677419354839,0.08064516129032262,0.8840579710144928,0.08653026427962485,CHEMBL228_Ki
89709943,mondrian_std,cliffB_oracle,all,341,315,0.9237536656891495,0.8906273371204231,0.9474389469868779,2.5408780216530484,,,,,CHEMBL228_Ki
89709943,mondrian_std,cliffB_oracle,cliff,22,21,0.9545454545454546,0.7820195416134267,0.991930572378736,2.7182470996470287,,,,,CHEMBL228_Ki
89709943,mondrian_std,cliffB_oracle,noncliff,319,294,0.9216300940438872,0.8868708611726676,0.9463554567315716,2.528645671446567,,,,,CHEMBL228_Ki
89709943,mondrian_std,cliffA,all,341,315,0.9237536656891495,0.8906273371204231,0.9474389469868779,2.5408780216530484,,,,,CHEMBL228_Ki
89709943,mondrian_std,cliffA,cliff,39,37,0.9487179487179487,0.8311435995238639,0.9858220445847259,2.5052248020074614,,,,,CHEMBL228_Ki
89709943,mondrian_std,cliffA,noncliff,302,278,0.9205298013245033,0.8844786225793747,0.9460170236924171,2.545482245382114,,,,,CHEMBL228_Ki
89709943,mondrian_std,__bins__,__summary__,-1,-1,,,,2.5408780216530484,0.8709677419354839,0.08064516129032262,0.8840579710144928,0.08653026427962485,CHEMBL228_Ki
89709943,mondrian_iqr,cliffB_oracle,all,341,313,0.9178885630498533,0.8838860298142613,0.9425807209489939,2.5848592978733844,,,,,CHEMBL228_Ki
89709943,mondrian_iqr,cliffB_oracle,cliff,22,21,0.9545454545454546,0.7820195416134267,0.991930572378736,2.671392567858594,,,,,CHEMBL228_Ki
89709943,mondrian_iqr,cliffB_oracle,noncliff,319,292,0.9153605015673981,0.8796561479662224,0.9411801875156489,2.5788914861502668,,,,,CHEMBL228_Ki
89709943,mondrian_iqr,cliffA,all,341,313,0.9178885630498533,0.8838860298142613,0.9425807209489939,2.5848592978733844,,,,,CHEMBL228_Ki
89709943,mondrian_iqr,cliffA,cliff,39,37,0.9487179487179487,0.8311435995238639,0.9858220445847259,2.5662710906603396,,,,,CHEMBL228_Ki
89709943,mondrian_iqr,cliffA,noncliff,302,276,0.9139072847682119,0.8768450127308183,0.9405719619461421,2.587259761718778,,,,,CHEMBL228_Ki
89709943,mondrian_iqr,__bins__,__summary__,-1,-1,,,,2.5848592978733844,0.8870967741935484,0.09677419354838712,0.8840579710144928,0.10123614663256608,CHEMBL228_Ki
89709943,mondrian_nb,cliffB_oracle,all,341,314,0.9208211143695014,0.8872512062244581,0.94501531121082,2.529882318519456,,,,,CHEMBL228_Ki
89709943,mondrian_nb,cliffB_oracle,cliff,22,21,0.9545454545454546,0.7820195416134267,0.991930572378736,2.5008515361999897,,,,,CHEMBL228_Ki
89709943,mondrian_nb,cliffB_oracle,noncliff,319,293,0.9184952978056427,0.8832572990904008,0.9437740276026545,2.5318844414380393,,,,,CHEMBL228_Ki
89709943,mondrian_nb,cliffA,all,341,314,0.9208211143695014,0.8872512062244581,0.94501531121082,2.529882318519456,,,,,CHEMBL228_Ki
89709943,mondrian_nb,cliffA,cliff,39,36,0.9230769230769231,0.7967892883204503,0.9734926046962203,2.3920350155534895,,,,,CHEMBL228_Ki
89709943,mondrian_nb,cliffA,noncliff,302,278,0.9205298013245033,0.8844786225793747,0.9460170236924171,2.547683791419034,,,,,CHEMBL228_Ki
89709943,mondrian_nb,__bins__,__summary__,-1,-1,,,,2.529882318519456,0.8817204301075269,0.06989247311827962,0.855072463768116,0.11551577152600168,CHEMBL228_Ki
89709943,mondrian_nnsim,cliffB_oracle,all,341,310,0.9090909090909091,0.873851302088451,0.9352161486587359,2.6557237347570326,,,,,CHEMBL228_Ki
89709943,mondrian_nnsim,cliffB_oracle,cliff,22,22,1.0,0.8513451253913791,1.0,3.1202534274364937,,,,,CHEMBL228_Ki
89709943,mondrian_nnsim,cliffB_oracle,noncliff,319,288,0.9028213166144201,0.8653643811561788,0.930691989480957,2.623687204227415,,,,,CHEMBL228_Ki
89709943,mondrian_nnsim,cliffA,all,341,310,0.9090909090909091,0.873851302088451,0.9352161486587359,2.6557237347570326,,,,,CHEMBL228_Ki
89709943,mondrian_nnsim,cliffA,cliff,39,37,0.9487179487179487,0.8311435995238639,0.9858220445847259,2.9522781879324875,,,,,CHEMBL228_Ki
89709943,mondrian_nnsim,cliffA,noncliff,302,273,0.9039735099337748,0.8654921913258055,0.9323067759589078,2.6174269676251036,,,,,CHEMBL228_Ki
89709943,mondrian_nnsim,__bins__,__summary__,-1,-1,,,,2.6557237347570326,0.8494623655913979,0.10215053763440862,0.8115942028985508,0.14492753623188404,CHEMBL228_Ki
89709943,mondrian_pairgap,cliffB_oracle,all,341,315,0.9237536656891495,0.8906273371204231,0.9474389469868779,2.704432639124681,,,,,CHEMBL228_Ki
89709943,mondrian_pairgap,cliffB_oracle,cliff,22,22,1.0,0.8513451253913791,1.0,2.5408319305117786,,,,,CHEMBL228_Ki
89709943,mondrian_pairgap,cliffB_oracle,noncliff,319,293,0.9184952978056427,0.8832572990904008,0.9437740276026545,2.715715446615226,,,,,CHEMBL228_Ki
89709943,mondrian_pairgap,cliffA,all,341,315,0.9237536656891495,0.8906273371204231,0.9474389469868779,2.704432639124681,,,,,CHEMBL228_Ki
89709943,mondrian_pairgap,cliffA,cliff,39,37,0.9487179487179487,0.8311435995238639,0.9858220445847259,2.529593768508296,,,,,CHEMBL228_Ki
89709943,mondrian_pairgap,cliffA,noncliff,302,278,0.9205298013245033,0.8844786225793747,0.9460170236924171,2.7270111687738168,,,,,CHEMBL228_Ki
89709943,mondrian_pairgap,__bins__,__summary__,-1,-1,,,,2.704432639124681,0.8494623655913979,0.13440860215053763,0.8260869565217391,0.1445012787723785,CHEMBL228_Ki
89709943,mondrian_rfstd,cliffB_oracle,all,341,319,0.9354838709677419,0.9042534737831666,0.9570118770122259,2.4894776557370526,,,,,CHEMBL228_Ki
89709943,mondrian_rfstd,cliffB_oracle,cliff,22,22,1.0,0.8513451253913791,1.0,2.543048374105619,,,,,CHEMBL228_Ki
89709943,mondrian_rfstd,cliffB_oracle,noncliff,319,297,0.9310344827586207,0.8977929293599762,0.9540183621778147,2.485783123435772,,,,,CHEMBL228_Ki
89709943,mondrian_rfstd,cliffA,all,341,319,0.9354838709677419,0.9042534737831666,0.9570118770122259,2.4894776557370526,,,,,CHEMBL228_Ki
89709943,mondrian_rfstd,cliffA,cliff,39,38,0.9743589743589743,0.8681900983014993,0.99545929689901,2.364327605431539,,,,,CHEMBL228_Ki
89709943,mondrian_rfstd,cliffA,noncliff,302,281,0.9304635761589404,0.8960413493212019,0.9540723043428369,2.5056394172003476,,,,,CHEMBL228_Ki
89709943,mondrian_rfstd,__bins__,__summary__,-1,-1,,,,2.4894776557370526,0.8924731182795699,0.09139784946236562,0.9104477611940298,0.060566731559593356,CHEMBL228_Ki
86921808,global,cliffB_oracle,all,341,302,0.8856304985337243,0.8474703266717621,0.915198990699242,2.4142446018049086,,,,,CHEMBL228_Ki
86921808,global,cliffB_oracle,cliff,17,15,0.8823529411764706,0.6566364940511412,0.9671202262362074,2.414244601804908,,,,,CHEMBL228_Ki
86921808,global,cliffB_oracle,noncliff,324,287,0.8858024691358025,0.8465582410668011,0.9160054715865524,2.4142446018049086,,,,,CHEMBL228_Ki
86921808,global,cliffA,all,341,302,0.8856304985337243,0.8474703266717621,0.915198990699242,2.4142446018049086,,,,,CHEMBL228_Ki
86921808,global,cliffA,cliff,30,27,0.9,0.7437891742081593,0.9654001112526658,2.4142446018049086,,,,,CHEMBL228_Ki
86921808,global,cliffA,noncliff,311,275,0.8842443729903537,0.8439070732969665,0.915205150662437,2.414244601804908,,,,,CHEMBL228_Ki
86921808,global,__bins__,__summary__,-1,-1,,,,2.4142446018049086,0.7241379310344828,0.22824302134646957,0.7794117647058824,0.20588235294117652,CHEMBL228_Ki
86921808,mondrian_pair,cliffB_oracle,all,341,303,0.8885630498533724,0.8507415072140287,0.9177275768289981,2.502282641948141,,,,,CHEMBL228_Ki
86921808,mondrian_pair,cliffB_oracle,cliff,17,15,0.8823529411764706,0.6566364940511412,0.9671202262362074,2.2977892148054444,,,,,CHEMBL228_Ki
86921808,mondrian_pair,cliffB_oracle,noncliff,324,288,0.8888888888888888,0.8500095078050353,0.9186547145495448,2.513012235347604,,,,,CHEMBL228_Ki
86921808,mondrian_pair,cliffA,all,341,303,0.8885630498533724,0.8507415072140287,0.9177275768289981,2.502282641948141,,,,,CHEMBL228_Ki
86921808,mondrian_pair,cliffA,cliff,30,26,0.8666666666666667,0.703186733179637,0.9469034451594526,2.310986708754943,,,,,CHEMBL228_Ki
86921808,mondrian_pair,cliffA,noncliff,311,277,0.8906752411575563,0.8511120779465656,0.9207049531083925,2.520735625857453,,,,,CHEMBL228_Ki
86921808,mondrian_pair,__bins__,__summary__,-1,-1,,,,2.502282641948141,0.7471264367816092,0.20525451559934316,0.7794117647058824,0.20588235294117652,CHEMBL228_Ki
86921808,mondrian_wstd,cliffB_oracle,all,341,309,0.906158357771261,0.8705252103166391,0.9327424737585249,2.543897619756723,,,,,CHEMBL228_Ki
86921808,mondrian_wstd,cliffB_oracle,cliff,17,16,0.9411764705882353,0.7301796936242461,0.9895395990150025,2.506496072992082,,,,,CHEMBL228_Ki
86921808,mondrian_wstd,cliffB_oracle,noncliff,324,293,0.904320987654321,0.8673919274820187,0.9317748433786958,2.5458600465931394,,,,,CHEMBL228_Ki
86921808,mondrian_wstd,cliffA,all,341,309,0.906158357771261,0.8705252103166391,0.9327424737585249,2.543897619756723,,,,,CHEMBL228_Ki
86921808,mondrian_wstd,cliffA,cliff,30,27,0.9,0.7437891742081593,0.9654001112526658,2.4392197254386647,,,,,CHEMBL228_Ki
86921808,mondrian_wstd,cliffA,noncliff,311,282,0.9067524115755627,0.8692891243838319,0.9342899244100136,2.55399516583242,,,,,CHEMBL228_Ki
86921808,mondrian_wstd,__bins__,__summary__,-1,-1,,,,2.543897619756723,0.8275862068965517,0.12479474548440062,0.8088235294117647,0.17647058823529416,CHEMBL228_Ki
86921808,mondrian_std,cliffB_oracle,all,341,309,0.906158357771261,0.8705252103166391,0.9327424737585249,2.5656992275331447,,,,,CHEMBL228_Ki
86921808,mondrian_std,cliffB_oracle,cliff,17,16,0.9411764705882353,0.7301796936242461,0.9895395990150025,2.5195901262485303,,,,,CHEMBL228_Ki
86921808,mondrian_std,cliffB_oracle,noncliff,324,293,0.904320987654321,0.8673919274820187,0.9317748433786958,2.5681185322301774,,,,,CHEMBL228_Ki
86921808,mondrian_std,cliffA,all,341,309,0.906158357771261,0.8705252103166391,0.9327424737585249,2.5656992275331447,,,,,CHEMBL228_Ki
86921808,mondrian_std,cliffA,cliff,30,27,0.9,0.7437891742081593,0.9654001112526658,2.41938695572303,,,,,CHEMBL228_Ki
86921808,mondrian_std,cliffA,noncliff,311,282,0.9067524115755627,0.8692891243838319,0.9342899244100136,2.579812951501966,,,,,CHEMBL228_Ki
86921808,mondrian_std,__bins__,__summary__,-1,-1,,,,2.5656992275331447,0.8160919540229885,0.13628899835796382,0.8088235294117647,0.19117647058823528,CHEMBL228_Ki
86921808,mondrian_iqr,cliffB_oracle,all,341,302,0.8856304985337243,0.8474703266717621,0.915198990699242,2.5786295083993713,,,,,CHEMBL228_Ki
86921808,mondrian_iqr,cliffB_oracle,cliff,17,14,0.8235294117647058,0.5897054143116588,0.9380887336237901,2.285060317985767,,,,,CHEMBL228_Ki
86921808,mondrian_iqr,cliffB_oracle,noncliff,324,288,0.8888888888888888,0.8500095078050353,0.9186547145495448,2.594032830118603,,,,,CHEMBL228_Ki
86921808,mondrian_iqr,cliffA,all,341,302,0.8856304985337243,0.8474703266717621,0.915198990699242,2.5786295083993713,,,,,CHEMBL228_Ki
86921808,mondrian_iqr,cliffA,cliff,30,22,0.7333333333333333,0.555520383048111,0.8581733668040368,2.2519752062509184,,,,,CHEMBL228_Ki
86921808,mondrian_iqr,cliffA,noncliff,311,280,0.9003215434083601,0.8619882032833147,0.9288860384149759,2.610139569699865,,,,,CHEMBL228_Ki
86921808,mondrian_iqr,__bins__,__summary__,-1,-1,,,,2.5786295083993713,0.7816091954022989,0.1715158045977011,0.7941176470588235,0.1911764705882354,CHEMBL228_Ki
86921808,mondrian_nb,cliffB_oracle,all,341,304,0.8914956011730205,0.8540197109270605,0.9202491397879892,2.6471388798437134,,,,,CHEMBL228_Ki
86921808,mondrian_nb,cliffB_oracle,cliff,17,13,0.7647058823529411,0.5273820188043501,0.9044495567791988,1.9613828886042488,,,,,CHEMBL228_Ki
86921808,mondrian_nb,cliffB_oracle,noncliff,324,291,0.8981481481481481,0.8604124615675481,0.9265532898907125,2.6831199040754132,,,,,CHEMBL228_Ki
86921808,mondrian_nb,cliffA,all,341,304,0.8914956011730205,0.8540197109270605,0.9202491397879892,2.6471388798437134,,,,,CHEMBL228_Ki
86921808,mondrian_nb,cliffA,cliff,30,24,0.8,0.6269430358685175,0.9049489282271013,2.014788529691518,,,,,CHEMBL228_Ki
86921808,mondrian_nb,cliffA,noncliff,311,280,0.9003215434083601,0.8619882032833147,0.9288860384149759,2.7081373059034104,,,,,CHEMBL228_Ki
86921808,mondrian_nb,__bins__,__summary__,-1,-1,,,,2.6471388798437134,0.8275862068965517,0.1255387931034483,0.8529411764705882,0.07352941176470595,CHEMBL228_Ki
86921808,mondrian_nnsim,cliffB_oracle,all,341,307,0.9002932551319648,0.8638989801676072,0.927769170563511,2.657986540375105,,,,,CHEMBL228_Ki
86921808,mondrian_nnsim,cliffB_oracle,cliff,17,15,0.8823529411764706,0.6566364940511412,0.9671202262362074,2.771462779412863,,,,,CHEMBL228_Ki
86921808,mondrian_nnsim,cliffB_oracle,noncliff,324,292,0.9012345679012346,0.8638975450786639,0.9291687160808237,2.652032540178679,,,,,CHEMBL228_Ki
86921808,mondrian_nnsim,cliffA,all,341,307,0.9002932551319648,0.8638989801676072,0.927769170563511,2.657986540375105,,,,,CHEMBL228_Ki
86921808,mondrian_nnsim,cliffA,cliff,30,26,0.8666666666666667,0.703186733179637,0.9469034451594526,2.7143480492513645,,,,,CHEMBL228_Ki
86921808,mondrian_nnsim,cliffA,noncliff,311,281,0.9035369774919614,0.8656333642634481,0.9315932809826198,2.6525497388757864,,,,,CHEMBL228_Ki
86921808,mondrian_nnsim,__bins__,__summary__,-1,-1,,,,2.657986540375105,0.7701149425287356,0.18301005747126442,0.8235294117647058,0.1470588235294118,CHEMBL228_Ki
86921808,mondrian_pairgap,cliffB_oracle,all,341,304,0.8914956011730205,0.8540197109270605,0.9202491397879892,2.540227506912896,,,,,CHEMBL228_Ki
86921808,mondrian_pairgap,cliffB_oracle,cliff,17,15,0.8823529411764706,0.6566364940511412,0.9671202262362074,2.402704367154602,,,,,CHEMBL228_Ki
86921808,mondrian_pairgap,cliffB_oracle,noncliff,324,289,0.8919753086419753,0.8534687681143235,0.9212959639414836,2.547443227208856,,,,,CHEMBL228_Ki
86921808,mondrian_pairgap,cliffA,all,341,304,0.8914956011730205,0.8540197109270605,0.9202491397879892,2.540227506912896,,,,,CHEMBL228_Ki
86921808,mondrian_pairgap,cliffA,cliff,30,26,0.8666666666666667,0.703186733179637,0.9469034451594526,2.40451081517685,,,,,CHEMBL228_Ki
86921808,mondrian_pairgap,cliffA,noncliff,311,278,0.8938906752411575,0.8547279524102008,0.9234414821925346,2.5533191492025464,,,,,CHEMBL228_Ki
86921808,mondrian_pairgap,__bins__,__summary__,-1,-1,,,,2.540227506912896,0.7586206896551724,0.19376026272577995,0.7794117647058824,0.20588235294117652,CHEMBL228_Ki
86921808,mondrian_rfstd,cliffB_oracle,all,341,313,0.9178885630498533,0.8838860298142613,0.9425807209489939,2.660575667338565,,,,,CHEMBL228_Ki
86921808,mondrian_rfstd,cliffB_oracle,cliff,17,15,0.8823529411764706,0.6566364940511412,0.9671202262362074,2.63903871321113,,,,,CHEMBL228_Ki
86921808,mondrian_rfstd,cliffB_oracle,noncliff,324,298,0.9197530864197531,0.8850181672845745,0.944651152082274,2.661705692709449,,,,,CHEMBL228_Ki
86921808,mondrian_rfstd,cliffA,all,341,313,0.9178885630498533,0.8838860298142613,0.9425807209489939,2.660575667338565,,,,,CHEMBL228_Ki
86921808,mondrian_rfstd,cliffA,cliff,30,27,0.9,0.7437891742081593,0.9654001112526658,2.640424688722216,,,,,CHEMBL228_Ki
86921808,mondrian_rfstd,cliffA,noncliff,311,286,0.9196141479099679,0.8840283308225436,0.9449603321624116,2.662519491642393,,,,,CHEMBL228_Ki
86921808,mondrian_rfstd,__bins__,__summary__,-1,-1,,,,2.660575667338565,0.8275862068965517,0.15654077723043236,0.8088235294117647,0.16176470588235292,CHEMBL228_Ki
89165191,global,cliffB_oracle,all,341,309,0.906158357771261,0.8705252103166391,0.9327424737585249,2.467085641851065,,,,,CHEMBL228_Ki
89165191,global,cliffB_oracle,cliff,21,19,0.9047619047619048,0.7108586092608176,0.9734812325619255,2.467085641851065,,,,,CHEMBL228_Ki
89165191,global,cliffB_oracle,noncliff,320,290,0.90625,0.8693211409897198,0.9335408549598411,2.467085641851065,,,,,CHEMBL228_Ki
89165191,global,cliffA,all,341,309,0.906158357771261,0.8705252103166391,0.9327424737585249,2.467085641851065,,,,,CHEMBL228_Ki
89165191,global,cliffA,cliff,38,36,0.9473684210526315,0.8271453786822962,0.9854457918527075,2.4670856418510665,,,,,CHEMBL228_Ki
89165191,global,cliffA,noncliff,303,273,0.900990099009901,0.8621762374786087,0.9297636813770095,2.4670856418510656,,,,,CHEMBL228_Ki
89165191,global,__bins__,__summary__,-1,-1,,,,2.467085641851065,0.8202247191011236,0.14802924915284466,0.7246376811594203,0.2606564364876386,CHEMBL228_Ki
89165191,mondrian_pair,cliffB_oracle,all,341,313,0.9178885630498533,0.8838860298142613,0.9425807209489939,2.623300681156314,,,,,CHEMBL228_Ki
89165191,mondrian_pair,cliffB_oracle,cliff,21,19,0.9047619047619048,0.7108586092608176,0.9734812325619255,2.52070956785773,,,,,CHEMBL228_Ki
89165191,mondrian_pair,cliffB_oracle,noncliff,320,294,0.91875,0.8836137720036628,0.9439516699751154,2.6300332229665333,,,,,CHEMBL228_Ki
89165191,mondrian_pair,cliffA,all,341,313,0.9178885630498533,0.8838860298142613,0.9425807209489939,2.623300681156314,,,,,CHEMBL228_Ki
89165191,mondrian_pair,cliffA,cliff,38,36,0.9473684210526315,0.8271453786822962,0.9854457918527075,2.48873189908733,,,,,CHEMBL228_Ki
89165191,mondrian_pair,cliffA,noncliff,303,277,0.9141914191419142,0.8772416314105945,0.9407703835390356,2.6401772940890575,,,,,CHEMBL228_Ki
89165191,mondrian_pair,__bins__,__summary__,-1,-1,,,,2.623300681156314,0.8539325842696629,0.13019439985732117,0.7681159420289855,0.23188405797101452,CHEMBL228_Ki
89165191,mondrian_wstd,cliffB_oracle,all,341,317,0.9296187683284457,0.8974147587292246,0.9522510587221221,2.6703992633681906,,,,,CHEMBL228_Ki
89165191,mondrian_wstd,cliffB_oracle,cliff,21,19,0.9047619047619048,0.7108586092608176,0.9734812325619255,2.8388886836213305,,,,,CHEMBL228_Ki
89165191,mondrian_wstd,cliffB_oracle,noncliff,320,298,0.93125,0.8981054394248181,0.9541634485831773,2.6593421451640786,,,,,CHEMBL228_Ki
89165191,mondrian_wstd,cliffA,all,341,317,0.9296187683284457,0.8974147587292246,0.9522510587221221,2.6703992633681906,,,,,CHEMBL228_Ki
89165191,mondrian_wstd,cliffA,cliff,38,36,0.9473684210526315,0.8271453786822962,0.9854457918527075,2.809890856480926,,,,,CHEMBL228_Ki
89165191,mondrian_wstd,cliffA,noncliff,303,281,0.9273927392739274,0.892518733543483,0.9515653775001593,2.6529052681923355,,,,,CHEMBL228_Ki
89165191,mondrian_wstd,__bins__,__summary__,-1,-1,,,,2.6703992633681906,0.873015873015873,0.11085509472606248,0.8260869565217391,0.15920716112531974,CHEMBL228_Ki
89165191,mondrian_std,cliffB_oracle,all,341,316,0.9266862170087976,0.8940149831068024,0.9498510676725215,2.5331063592226397,,,,,CHEMBL228_Ki
89165191,mondrian_std,cliffB_oracle,cliff,21,19,0.9047619047619048,0.7108586092608176,0.9734812325619255,2.451832652243677,,,,,CHEMBL228_Ki
89165191,mondrian_std,cliffB_oracle,noncliff,320,297,0.928125,0.8944614892727795,0.9516315372279115,2.5384399462431344,,,,,CHEMBL228_Ki
89165191,mondrian_std,cliffA,all,341,316,0.9266862170087976,0.8940149831068024,0.9498510676725215,2.5331063592226397,,,,,CHEMBL228_Ki
89165191,mondrian_std,cliffA,cliff,38,36,0.9473684210526315,0.8271453786822962,0.9854457918527075,2.480257123713993,,,,,CHEMBL228_Ki
89165191,mondrian_std,cliffA,noncliff,303,280,0.9240924092409241,0.8886771010742737,0.9488889859458657,2.539734316151117,,,,,CHEMBL228_Ki
89165191,mondrian_std,__bins__,__summary__,-1,-1,,,,2.5331063592226397,0.873015873015873,0.09523809523809523,0.8260869565217391,0.15920716112531974,CHEMBL228_Ki
89165191,mondrian_iqr,cliffB_oracle,all,341,318,0.9325513196480938,0.9008273400702156,0.954638244053154,2.666468158941356,,,,,CHEMBL228_Ki
89165191,mondrian_iqr,cliffB_oracle,cliff,21,19,0.9047619047619048,0.7108586092608176,0.9734812325619255,2.5648049384019393,,,,,CHEMBL228_Ki
89165191,mondrian_iqr,cliffB_oracle,noncliff,320,299,0.934375,0.9017648135937429,0.9566799359215566,2.673139807789255,,,,,CHEMBL228_Ki
89165191,mondrian_iqr,cliffA,all,341,318,0.9325513196480938,0.9008273400702156,0.954638244053154,2.666468158941356,,,,,CHEMBL228_Ki
89165191,mondrian_iqr,cliffA,cliff,38,36,0.9473684210526315,0.8271453786822962,0.9854457918527075,2.525109158184164,,,,,CHEMBL228_Ki
89165191,mondrian_iqr,cliffA,noncliff,303,282,0.9306930693069307,0.8963767525119397,0.9542253825552058,2.6841963504554593,,,,,CHEMBL228_Ki
89165191,mondrian_iqr,__bins__,__summary__,-1,-1,,,,2.666468158941356,0.9032258064516129,0.06502816180235538,0.855072463768116,0.1302216538789429,CHEMBL228_Ki
89165191,mondrian_nb,cliffB_oracle,all,341,320,0.9384164222873901,0.907693987912317,0.9593711295550983,2.6410571491057926,,,,,CHEMBL228_Ki
89165191,mondrian_nb,cliffB_oracle,cliff,21,19,0.9047619047619048,0.7108586092608176,0.9734812325619255,2.5488352332912334,,,,,CHEMBL228_Ki
89165191,mondrian_nb,cliffB_oracle,noncliff,320,301,0.940625,0.9091338878775519,0.9616625846523565,2.647109212331123,,,,,CHEMBL228_Ki
89165191,mondrian_nb,cliffA,all,341,320,0.9384164222873901,0.907693987912317,0.9593711295550983,2.6410571491057926,,,,,CHEMBL228_Ki
89165191,mondrian_nb,cliffA,cliff,38,36,0.9473684210526315,0.8271453786822962,0.9854457918527075,2.5205031068082753,,,,,CHEMBL228_Ki
89165191,mondrian_nb,cliffA,noncliff,303,284,0.9372937293729373,0.9041462351527689,0.9594919479613826,2.656176137908781,,,,,CHEMBL228_Ki
89165191,mondrian_nb,__bins__,__summary__,-1,-1,,,,2.6410571491057926,0.9047619047619048,0.06349206349206349,0.8260869565217391,0.17391304347826086,CHEMBL228_Ki
89165191,mondrian_nnsim,cliffB_oracle,all,341,311,0.9120234604105572,0.8771865301223211,0.9376806872968885,2.5390152554561065,,,,,CHEMBL228_Ki
89165191,mondrian_nnsim,cliffB_oracle,cliff,21,19,0.9047619047619048,0.7108586092608176,0.9734812325619255,2.837500158376976,,,,,CHEMBL228_Ki
89165191,mondrian_nnsim,cliffB_oracle,noncliff,320,292,0.9125,0.8764449906627175,0.938768728301452,2.519427183701924,,,,,CHEMBL228_Ki
89165191,mondrian_nnsim,cliffA,all,341,311,0.9120234604105572,0.8771865301223211,0.9376806872968885,2.5390152554561065,,,,,CHEMBL228_Ki
89165191,mondrian_nnsim,cliffA,cliff,38,36,0.9473684210526315,0.8271453786822962,0.9854457918527075,2.7602230184445857,,,,,CHEMBL228_Ki
89165191,mondrian_nnsim,cliffA,noncliff,303,275,0.9075907590759076,0.8696850226295388,0.9352909442730853,2.5112730277545805,,,,,CHEMBL228_Ki
89165191,mondrian_nnsim,__bins__,__summary__,-1,-1,,,,2.5390152554561065,0.8539325842696629,0.11432138398430536,0.7391304347826086,0.26086956521739135,CHEMBL228_Ki
89165191,mondrian_pairgap,cliffB_oracle,all,341,311,0.9120234604105572,0.8771865301223211,0.9376806872968885,2.552012478830511,,,,,CHEMBL228_Ki
89165191,mondrian_pairgap,cliffB_oracle,cliff,21,19,0.9047619047619048,0.7108586092608176,0.9734812325619255,2.4947224267259145,,,,,CHEMBL228_Ki
89165191,mondrian_pairgap,cliffB_oracle,noncliff,320,292,0.9125,0.8764449906627175,0.938768728301452,2.555772138499875,,,,,CHEMBL228_Ki
89165191,mondrian_pairgap,cliffA,all,341,311,0.9120234604105572,0.8771865301223211,0.9376806872968885,2.552012478830511,,,,,CHEMBL228_Ki
89165191,mondrian_pairgap,cliffA,cliff,38,36,0.9473684210526315,0.8271453786822962,0.9854457918527075,2.473553486420393,,,,,CHEMBL228_Ki
89165191,mondrian_pairgap,cliffA,noncliff,303,275,0.9075907590759076,0.8696850226295388,0.9352909442730853,2.561852220452902,,,,,CHEMBL228_Ki
89165191,mondrian_pairgap,__bins__,__summary__,-1,-1,,,,2.552012478830511,0.8314606741573034,0.15266630996968067,0.7391304347826086,0.26086956521739135,CHEMBL228_Ki
89165191,mondrian_rfstd,cliffB_oracle,all,341,315,0.9237536656891495,0.8906273371204231,0.9474389469868779,2.6144477429932866,,,,,CHEMBL228_Ki
89165191,mondrian_rfstd,cliffB_oracle,cliff,21,18,0.8571428571428571,0.6536393971937906,0.9501898750027473,2.2135702146292164,,,,,CHEMBL228_Ki
89165191,mondrian_rfstd,cliffB_oracle,noncliff,320,297,0.928125,0.8944614892727795,0.9516315372279115,2.640755330792179,,,,,CHEMBL228_Ki
89165191,mondrian_rfstd,cliffA,all,341,315,0.9237536656891495,0.8906273371204231,0.9474389469868779,2.6144477429932866,,,,,CHEMBL228_Ki
89165191,mondrian_rfstd,cliffA,cliff,38,35,0.9210526315789473,0.7920062854222853,0.9727854044930122,2.157202594556113,,,,,CHEMBL228_Ki
89165191,mondrian_rfstd,cliffA,noncliff,303,280,0.9240924092409241,0.8886771010742737,0.9488889859458657,2.6717920190349123,,,,,CHEMBL228_Ki
89165191,mondrian_rfstd,__bins__,__summary__,-1,-1,,,,2.6144477429932866,0.873015873015873,0.11111111111111105,0.855072463768116,0.14492753623188404,CHEMBL228_Ki
71339737,global,cliffB_oracle,all,294,266,0.9047619047619048,0.865798027011135,0.9332848170709587,2.318595295392797,,,,,CHEMBL4792_Ki
71339737,global,cliffB_oracle,cliff,13,11,0.8461538461538461,0.5776536898051745,0.9567418216419186,2.3185952953927966,,,,,CHEMBL4792_Ki
71339737,global,cliffB_oracle,noncliff,281,255,0.9074733096085409,0.8678813317298816,0.9360746687347629,2.3185952953927966,,,,,CHEMBL4792_Ki
71339737,global,cliffA,all,294,266,0.9047619047619048,0.865798027011135,0.9332848170709587,2.318595295392797,,,,,CHEMBL4792_Ki
71339737,global,cliffA,cliff,23,19,0.8260869565217391,0.6286235235977385,0.9302134643693744,2.3185952953927966,,,,,CHEMBL4792_Ki
71339737,global,cliffA,noncliff,271,247,0.9114391143911439,0.8716111100014774,0.9397657505233556,2.318595295392797,,,,,CHEMBL4792_Ki
71339737,global,__bins__,__summary__,-1,-1,,,,2.318595295392797,0.7727272727272727,0.20972886762360443,0.7627118644067796,0.22033898305084754,CHEMBL4792_Ki
71339737,mondrian_pair,cliffB_oracle,all,294,264,0.8979591836734694,0.8580681543148753,0.9275847260011326,2.2567352473076983,,,,,CHEMBL4792_Ki
71339737,mondrian_pair,cliffB_oracle,cliff,13,11,0.8461538461538461,0.5776536898051745,0.9567418216419186,2.1997529602747417,,,,,CHEMBL4792_Ki
71339737,mondrian_pair,cliffB_oracle,noncliff,281,253,0.900355871886121,0.8597559978064553,0.9301571030867544,2.2593714385227464,,,,,CHEMBL4792_Ki
71339737,mondrian_pair,cliffA,all,294,264,0.8979591836734694,0.8580681543148753,0.9275847260011326,2.2567352473076983,,,,,CHEMBL4792_Ki
71339737,mondrian_pair,cliffA,cliff,23,18,0.782608695652174,0.5809651698373599,0.9033602197341379,2.208773174240384,,,,,CHEMBL4792_Ki
71339737,mondrian_pair,cliffA,noncliff,271,246,0.9077490774907749,0.8673667831212647,0.9367331548876506,2.26080582915474,,,,,CHEMBL4792_Ki
71339737,mondrian_pair,__bins__,__summary__,-1,-1,,,,2.2567352473076983,0.7575757575757576,0.22488038277511957,0.7627118644067796,0.22033898305084754,CHEMBL4792_Ki
71339737,mondrian_wstd,cliffB_oracle,all,294,267,0.9081632653061225,0.8696812374248215,0.9361165885403149,2.3069092402327986,,,,,CHEMBL4792_Ki
71339737,mondrian_wstd,cliffB_oracle,cliff,13,11,0.8461538461538461,0.5776536898051745,0.9567418216419186,2.417289709123229,,,,,CHEMBL4792_Ki
71339737,mondrian_wstd,cliffB_oracle,noncliff,281,256,0.9110320284697508,0.8719651622103618,0.9390122880399999,2.301802670497654,,,,,CHEMBL4792_Ki
71339737,mondrian_wstd,cliffA,all,294,267,0.9081632653061225,0.8696812374248215,0.9361165885403149,2.3069092402327986,,,,,CHEMBL4792_Ki
71339737,mondrian_wstd,cliffA,cliff,23,18,0.782608695652174,0.5809651698373599,0.9033602197341379,2.3347510529093936,,,,,CHEMBL4792_Ki
71339737,mondrian_wstd,cliffA,noncliff,271,249,0.9188191881918819,0.880150438994766,0.9457802665619027,2.3045462819613536,,,,,CHEMBL4792_Ki
71339737,mondrian_wstd,__bins__,__summary__,-1,-1,,,,2.3069092402327986,0.8771929824561403,0.08771929824561409,0.8305084745762712,0.11864406779661019,CHEMBL4792_Ki
71339737,mondrian_std,cliffB_oracle,all,294,262,0.891156462585034,0.8503835724291501,0.9218393441207723,2.2439397565956356,,,,,CHEMBL4792_Ki
71339737,mondrian_std,cliffB_oracle,cliff,13,11,0.8461538461538461,0.5776536898051745,0.9567418216419186,2.361308541390145,,,,,CHEMBL4792_Ki
71339737,mondrian_std,cliffB_oracle,noncliff,281,251,0.8932384341637011,0.8516828309330018,0.9241873703887731,2.238509883989484,,,,,CHEMBL4792_Ki
71339737,mondrian_std,cliffA,all,294,262,0.891156462585034,0.8503835724291501,0.9218393441207723,2.2439397565956356,,,,,CHEMBL4792_Ki
71339737,mondrian_std,cliffA,cliff,23,19,0.8260869565217391,0.6286235235977385,0.9302134643693744,2.2161964222253343,,,,,CHEMBL4792_Ki
71339737,mondrian_std,cliffA,noncliff,271,243,0.8966789667896679,0.8547251030616257,0.9275440673995362,2.246294356929646,,,,,CHEMBL4792_Ki
71339737,mondrian_std,__bins__,__summary__,-1,-1,,,,2.2439397565956356,0.8245614035087719,0.10526315789473684,0.8305084745762712,0.13559322033898302,CHEMBL4792_Ki
71339737,mondrian_iqr,cliffB_oracle,all,294,264,0.8979591836734694,0.8580681543148753,0.9275847260011326,2.344582148453961,,,,,CHEMBL4792_Ki
71339737,mondrian_iqr,cliffB_oracle,cliff,13,10,0.7692307692307693,0.49743624053272495,0.9182047128150143,2.292380246459497,,,,,CHEMBL4792_Ki
71339737,mondrian_iqr,cliffB_oracle,noncliff,281,254,0.9039145907473309,0.8638118378413155,0.9331227128376114,2.3469971830658043,,,,,CHEMBL4792_Ki
71339737,mondrian_iqr,cliffA,all,294,264,0.8979591836734694,0.8580681543148753,0.9275847260011326,2.344582148453961,,,,,CHEMBL4792_Ki
71339737,mondrian_iqr,cliffA,cliff,23,17,0.7391304347826086,0.5352999516257462,0.8745138395501366,2.299504759371026,,,,,CHEMBL4792_Ki
71339737,mondrian_iqr,cliffA,noncliff,271,247,0.9114391143911439,0.8716111100014774,0.9397657505233556,2.3484079047229924,,,,,CHEMBL4792_Ki
71339737,mondrian_iqr,__bins__,__summary__,-1,-1,,,,2.344582148453961,0.8484848484848485,0.09888357256778302,0.8135593220338984,0.13559322033898302,CHEMBL4792_Ki
71339737,mondrian_nb,cliffB_oracle,all,294,255,0.8673469387755102,0.8237965969092987,0.9014214464593239,2.1415440783635726,,,,,CHEMBL4792_Ki
71339737,mondrian_nb,cliffB_oracle,cliff,13,11,0.8461538461538461,0.5776536898051745,0.9567418216419186,2.207958119330444,,,,,CHEMBL4792_Ki
71339737,mondrian_nb,cliffB_oracle,noncliff,281,244,0.8683274021352313,0.8237793429619855,0.9029407098597673,2.1384715426604792,,,,,CHEMBL4792_Ki
71339737,mondrian_nb,cliffA,all,294,255,0.8673469387755102,0.8237965969092987,0.9014214464593239,2.1415440783635726,,,,,CHEMBL4792_Ki
71339737,mondrian_nb,cliffA,cliff,23,17,0.7391304347826086,0.5352999516257462,0.8745138395501366,2.0808543973140763,,,,,CHEMBL4792_Ki
71339737,mondrian_nb,cliffA,noncliff,271,238,0.8782287822878229,0.8339206289575634,0.9119639289240096,2.146694863102091,,,,,CHEMBL4792_Ki
71339737,mondrian_nb,__bins__,__summary__,-1,-1,,,,2.1415440783635726,0.7272727272727273,0.2376395534290271,0.7288135593220338,0.2033898305084746,CHEMBL4792_Ki
71339737,mondrian_nnsim,cliffB_oracle,all,294,269,0.9149659863945578,0.8774871966018952,0.9417405931293267,2.385353056857133,,,,,CHEMBL4792_Ki
71339737,mondrian_nnsim,cliffB_oracle,cliff,13,13,1.0,0.7719046276458016,0.9999999999999999,2.718279407092044,,,,,CHEMBL4792_Ki
71339737,mondrian_nnsim,cliffB_oracle,noncliff,281,256,0.9110320284697508,0.8719651622103618,0.9390122880399999,2.369950770191461,,,,,CHEMBL4792_Ki
71339737,mondrian_nnsim,cliffA,all,294,269,0.9149659863945578,0.8774871966018952,0.9417405931293267,2.385353056857133,,,,,CHEMBL4792_Ki
71339737,mondrian_nnsim,cliffA,cliff,23,21,0.9130434782608695,0.7320401892425634,0.9758199955157796,2.55032663550087,,,,,CHEMBL4792_Ki
71339737,mondrian_nnsim,cliffA,noncliff,271,248,0.915129151291513,0.8758720141872932,0.9427817688534578,2.3713516092231623,,,,,CHEMBL4792_Ki
71339737,mondrian_nnsim,__bins__,__summary__,-1,-1,,,,2.385353056857133,0.7878787878787878,0.1945773524720893,0.7966101694915254,0.18644067796610175,CHEMBL4792_Ki
71339737,mondrian_pairgap,cliffB_oracle,all,294,265,0.9013605442176871,0.8619271819361515,0.9304406802628994,2.286696377365927,,,,,CHEMBL4792_Ki
71339737,mondrian_pairgap,cliffB_oracle,cliff,13,12,0.9230769230769231,0.6668604907890041,0.9862895787574435,2.183728665256526,,,,,CHEMBL4792_Ki
71339737,mondrian_pairgap,cliffB_oracle,noncliff,281,253,0.900355871886121,0.8597559978064553,0.9301571030867544,2.291460008175259,,,,,CHEMBL4792_Ki
71339737,mondrian_pairgap,cliffA,all,294,265,0.9013605442176871,0.8619271819361515,0.9304406802628994,2.286696377365927,,,,,CHEMBL4792_Ki
71339737,mondrian_pairgap,cliffA,cliff,23,20,0.8695652173913043,0.6787251772990404,0.9546234090636876,2.2712313351724056,,,,,CHEMBL4792_Ki
71339737,mondrian_pairgap,cliffA,noncliff,271,245,0.9040590405904059,0.8631381793254935,0.9336848361675039,2.2880089086222033,,,,,CHEMBL4792_Ki
71339737,mondrian_pairgap,__bins__,__summary__,-1,-1,,,,2.286696377365927,0.803030303030303,0.14433811802232854,0.7796610169491526,0.2033898305084746,CHEMBL4792_Ki
71339737,mondrian_rfstd,cliffB_oracle,all,294,256,0.8707482993197279,0.8275680491449643,0.9043649761067011,2.0921149724568524,,,,,CHEMBL4792_Ki
71339737,mondrian_rfstd,cliffB_oracle,cliff,13,11,0.8461538461538461,0.5776536898051745,0.9567418216419186,2.0781996825210753,,,,,CHEMBL4792_Ki
71339737,mondrian_rfstd,cliffB_oracle,noncliff,281,245,0.8718861209964412,0.8277352964137437,0.9060062061937266,2.09275874031865,,,,,CHEMBL4792_Ki
71339737,mondrian_rfstd,cliffA,all,294,256,0.8707482993197279,0.8275680491449643,0.9043649761067011,2.0921149724568524,,,,,CHEMBL4792_Ki
71339737,mondrian_rfstd,cliffA,cliff,23,18,0.782608695652174,0.5809651698373599,0.9033602197341379,2.09732507247826,,,,,CHEMBL4792_Ki
71339737,mondrian_rfstd,cliffA,noncliff,271,238,0.8782287822878229,0.8339206289575634,0.9119639289240096,2.0916727868461793,,,,,CHEMBL4792_Ki
71339737,mondrian_rfstd,__bins__,__summary__,-1,-1,,,,2.0921149724568524,0.7878787878787878,0.14194577352472093,0.7966101694915254,0.13559322033898302,CHEMBL4792_Ki
99182118,global,cliffB_oracle,all,294,265,0.9013605442176871,0.8619271819361515,0.9304406802628994,2.139598270574473,,,,,CHEMBL4792_Ki
99182118,global,cliffB_oracle,cliff,14,12,0.8571428571428571,0.6005862050302965,0.9599060787285351,2.139598270574473,,,,,CHEMBL4792_Ki
99182118,global,cliffB_oracle,noncliff,280,253,0.9035714285714286,0.8633383863305362,0.932880745782813,2.1395982705744725,,,,,CHEMBL4792_Ki
99182118,global,cliffA,all,294,265,0.9013605442176871,0.8619271819361515,0.9304406802628994,2.139598270574473,,,,,CHEMBL4792_Ki
99182118,global,cliffA,cliff,19,16,0.8421052631578947,0.6243452472967093,0.9447952836146585,2.139598270574473,,,,,CHEMBL4792_Ki
99182118,global,cliffA,noncliff,275,249,0.9054545454545454,0.8650757010384376,0.9346619023406841,2.1395982705744725,,,,,CHEMBL4792_Ki
99182118,global,__bins__,__summary__,-1,-1,,,,2.139598270574473,0.803030303030303,0.14433811802232854,0.7796610169491526,0.2033898305084746,CHEMBL4792_Ki
99182118,mondrian_pair,cliffB_oracle,all,294,266,0.9047619047619048,0.865798027011135,0.9332848170709587,2.1929387490568923,,,,,CHEMBL4792_Ki
99182118,mondrian_pair,cliffB_oracle,cliff,14,12,0.8571428571428571,0.6005862050302965,0.9599060787285351,2.135097153954671,,,,,CHEMBL4792_Ki
99182118,mondrian_pair,cliffB_oracle,noncliff,280,254,0.9071428571428571,0.8674218521188132,0.9358434670043886,2.1958308288120034,,,,,CHEMBL4792_Ki
99182118,mondrian_pair,cliffA,all,294,266,0.9047619047619048,0.865798027011135,0.9332848170709587,2.1929387490568923,,,,,CHEMBL4792_Ki
99182118,mondrian_pair,cliffA,cliff,19,16,0.8421052631578947,0.6243452472967093,0.9447952836146585,2.1244421232779453,,,,,CHEMBL4792_Ki
99182118,mondrian_pair,cliffA,noncliff,275,250,0.9090909090909091,0.8692451836464758,0.9376649542920998,2.1976712432016194,,,,,CHEMBL4792_Ki
99182118,mondrian_pair,__bins__,__summary__,-1,-1,,,,2.1929387490568923,0.803030303030303,0.14433811802232854,0.7966101694915254,0.18644067796610175,CHEMBL4792_Ki
99182118,mondrian_wstd,cliffB_oracle,all,294,271,0.9217687074829932,0.8853505427255554,0.9473072107717523,2.3288063144907905,,,,,CHEMBL4792_Ki
99182118,mondrian_wstd,cliffB_oracle,cliff,14,13,0.9285714285714286,0.6853129557584889,0.9872777847521093,2.7925403069044967,,,,,CHEMBL4792_Ki
99182118,mondrian_wstd,cliffB_oracle,noncliff,280,258,0.9214285714285714,0.8839075668048522,0.9475425003577602,2.305619614870105,,,,,CHEMBL4792_Ki
99182118,mondrian_wstd,cliffA,all,294,271,0.9217687074829932,0.8853505427255554,0.9473072107717523,2.3288063144907905,,,,,CHEMBL4792_Ki
99182118,mondrian_wstd,cliffA,cliff,19,17,0.8947368421052632,0.6860591728889099,0.9706414397011299,2.6747922509766338,,,,,CHEMBL4792_Ki
99182118,mondrian_wstd,cliffA,noncliff,275,254,0.9236363636363636,0.8860865971501332,0.9495136790262585,2.304901831606314,,,,,CHEMBL4792_Ki
99182118,mondrian_wstd,__bins__,__summary__,-1,-1,,,,2.3288063144907905,0.8771929824561403,0.07017543859649122,0.8793103448275862,0.10374050263004098,CHEMBL4792_Ki
99182118,mondrian_std,cliffB_oracle,all,294,270,0.9183673469387755,0.881411312108218,0.9445314595060469,2.344415672103967,,,,,CHEMBL4792_Ki
99182118,mondrian_std,cliffB_oracle,cliff,14,13,0.9285714285714286,0.6853129557584889,0.9872777847521093,2.7925403069044967,,,,,CHEMBL4792_Ki
99182118,mondrian_std,cliffB_oracle,noncliff,280,257,0.9178571428571428,0.8797617012147206,0.9446421789380391,2.322009440363941,,,,,CHEMBL4792_Ki
99182118,mondrian_std,cliffA,all,294,270,0.9183673469387755,0.881411312108218,0.9445314595060469,2.344415672103967,,,,,CHEMBL4792_Ki
99182118,mondrian_std,cliffA,cliff,19,17,0.8947368421052632,0.6860591728889099,0.9706414397011299,2.6747922509766338,,,,,CHEMBL4792_Ki
99182118,mondrian_std,cliffA,noncliff,275,253,0.92,0.8818498545350437,0.9465778870818942,2.32158965392731,,,,,CHEMBL4792_Ki
99182118,mondrian_std,__bins__,__summary__,-1,-1,,,,2.344415672103967,0.8771929824561403,0.07017543859649122,0.8620689655172413,0.12098188194038584,CHEMBL4792_Ki
99182118,mondrian_iqr,cliffB_oracle,all,294,270,0.9183673469387755,0.881411312108218,0.9445314595060469,2.3184934954427394,,,,,CHEMBL4792_Ki
99182118,mondrian_iqr,cliffB_oracle,cliff,14,12,0.8571428571428571,0.6005862050302965,0.9599060787285351,2.322298437342188,,,,,CHEMBL4792_Ki
99182118,mondrian_iqr,cliffB_oracle,noncliff,280,258,0.9214285714285714,0.8839075668048522,0.9475425003577602,2.3183032483477675,,,,,CHEMBL4792_Ki
99182118,mondrian_iqr,cliffA,all,294,270,0.9183673469387755,0.881411312108218,0.9445314595060469,2.3184934954427394,,,,,CHEMBL4792_Ki
99182118,mondrian_iqr,cliffA,cliff,19,16,0.8421052631578947,0.6243452472967093,0.9447952836146585,2.4151265083772184,,,,,CHEMBL4792_Ki
99182118,mondrian_iqr,cliffA,noncliff,275,254,0.9236363636363636,0.8860865971501332,0.9495136790262585,2.311817032730903,,,,,CHEMBL4792_Ki
99182118,mondrian_iqr,__bins__,__summary__,-1,-1,,,,2.3184934954427394,0.8771929824561403,0.052631578947368474,0.8793103448275862,0.08679135008766803,CHEMBL4792_Ki
99182118,mondrian_nb,cliffB_oracle,all,294,274,0.9319727891156463,0.897268096095105,0.9555346030513311,2.5693253771622735,,,,,CHEMBL4792_Ki
99182118,mondrian_nb,cliffB_oracle,cliff,14,13,0.9285714285714286,0.6853129557584889,0.9872777847521093,2.5343824370779484,,,,,CHEMBL4792_Ki
99182118,mondrian_nb,cliffB_oracle,noncliff,280,261,0.9321428571428572,0.8964571894260998,0.9561314387660707,2.5710725241664893,,,,,CHEMBL4792_Ki
99182118,mondrian_nb,cliffA,all,294,274,0.9319727891156463,0.897268096095105,0.9555346030513311,2.5693253771622735,,,,,CHEMBL4792_Ki
99182118,mondrian_nb,cliffA,cliff,19,17,0.8947368421052632,0.6860591728889099,0.9706414397011299,2.5381008878342026,,,,,CHEMBL4792_Ki
99182118,mondrian_nb,cliffA,noncliff,275,257,0.9345454545454546,0.8989185930976684,0.9581992867570854,2.571482705515849,,,,,CHEMBL4792_Ki
99182118,mondrian_nb,__bins__,__summary__,-1,-1,,,,2.5693253771622735,0.8636363636363636,0.11881977671451349,0.8813559322033898,0.10169491525423735,CHEMBL4792_Ki
99182118,mondrian_nnsim,cliffB_oracle,all,294,270,0.9183673469387755,0.881411312108218,0.9445314595060469,2.3208355171638537,,,,,CHEMBL4792_Ki
99182118,mondrian_nnsim,cliffB_oracle,cliff,14,12,0.8571428571428571,0.6005862050302965,0.9599060787285351,2.212742742625275,,,,,CHEMBL4792_Ki
99182118,mondrian_nnsim,cliffB_oracle,noncliff,280,258,0.9214285714285714,0.8839075668048522,0.9475425003577602,2.326240155890783,,,,,CHEMBL4792_Ki
99182118,mondrian_nnsim,cliffA,all,294,270,0.9183673469387755,0.881411312108218,0.9445314595060469,2.3208355171638537,,,,,CHEMBL4792_Ki
99182118,mondrian_nnsim,cliffA,cliff,19,16,0.8421052631578947,0.6243452472967093,0.9447952836146585,2.2218299518694375,,,,,CHEMBL4792_Ki
99182118,mondrian_nnsim,cliffA,noncliff,275,254,0.9236363636363636,0.8860865971501332,0.9495136790262585,2.3276759016751045,,,,,CHEMBL4792_Ki
99182118,mondrian_nnsim,__bins__,__summary__,-1,-1,,,,2.3208355171638537,0.8484848484848485,0.11642743221690588,0.847457627118644,0.13559322033898313,CHEMBL4792_Ki
99182118,mondrian_pairgap,cliffB_oracle,all,294,266,0.9047619047619048,0.865798027011135,0.9332848170709587,2.218013818572819,,,,,CHEMBL4792_Ki
99182118,mondrian_pairgap,cliffB_oracle,cliff,14,11,0.7857142857142857,0.524107694133997,0.9242861328730683,2.251702360632258,,,,,CHEMBL4792_Ki
99182118,mondrian_pairgap,cliffB_oracle,noncliff,280,255,0.9107142857142857,0.8715197132534059,0.9387917928796484,2.216329391469847,,,,,CHEMBL4792_Ki
99182118,mondrian_pairgap,cliffA,all,294,266,0.9047619047619048,0.865798027011135,0.9332848170709587,2.218013818572819,,,,,CHEMBL4792_Ki
99182118,mondrian_pairgap,cliffA,cliff,19,15,0.7894736842105263,0.5666572155618583,0.9149232336708375,2.2104696098568004,,,,,CHEMBL4792_Ki
99182118,mondrian_pairgap,cliffA,noncliff,275,251,0.9127272727272727,0.8734301277490006,0.940652544749029,2.2185350548113805,,,,,CHEMBL4792_Ki
99182118,mondrian_pairgap,__bins__,__summary__,-1,-1,,,,2.218013818572819,0.8333333333333334,0.13157894736842102,0.8135593220338984,0.13559322033898302,CHEMBL4792_Ki
99182118,mondrian_rfstd,cliffB_oracle,all,294,268,0.9115646258503401,0.8735774099495585,0.9389353978986207,2.2317322817973158,,,,,CHEMBL4792_Ki
99182118,mondrian_rfstd,cliffB_oracle,cliff,14,12,0.8571428571428571,0.6005862050302965,0.9599060787285351,2.6603361403189574,,,,,CHEMBL4792_Ki
99182118,mondrian_rfstd,cliffB_oracle,noncliff,280,256,0.9142857142857143,0.8756327208558036,0.9417249722871036,2.210302088871233,,,,,CHEMBL4792_Ki
99182118,mondrian_rfstd,cliffA,all,294,268,0.9115646258503401,0.8735774099495585,0.9389353978986207,2.2317322817973158,,,,,CHEMBL4792_Ki
99182118,mondrian_rfstd,cliffA,cliff,19,16,0.8421052631578947,0.6243452472967093,0.9447952836146585,2.6137541416965884,,,,,CHEMBL4792_Ki
99182118,mondrian_rfstd,cliffA,noncliff,275,252,0.9163636363636364,0.8776313749258603,0.9436238321316234,2.2053380442042747,,,,,CHEMBL4792_Ki
99182118,mondrian_rfstd,__bins__,__summary__,-1,-1,,,,2.2317322817973158,0.8771929824561403,0.07017543859649122,0.8448275862068966,0.12127410870835764,CHEMBL4792_Ki
89709943,global,cliffB_oracle,all,294,256,0.8707482993197279,0.8275680491449643,0.9043649761067011,2.089581392253328,,,,,CHEMBL4792_Ki
89709943,global,cliffB_oracle,cliff,11,7,0.6363636363636364,0.35380117450784887,0.8483352890463243,2.0895813922533275,,,,,CHEMBL4792_Ki
89709943,global,cliffB_oracle,noncliff,283,249,0.8798586572438163,0.8368038485203332,0.9127391250928275,2.0895813922533275,,,,,CHEMBL4792_Ki
89709943,global,cliffA,all,294,256,0.8707482993197279,0.8275680491449643,0.9043649761067011,2.089581392253328,,,,,CHEMBL4792_Ki
89709943,global,cliffA,cliff,16,11,0.6875,0.44404355834740666,0.8583535614521796,2.0895813922533275,,,,,CHEMBL4792_Ki
89709943,global,cliffA,noncliff,278,245,0.8812949640287769,0.8379812435763243,0.9142146927031325,2.0895813922533275,,,,,CHEMBL4792_Ki
89709943,global,__bins__,__summary__,-1,-1,,,,2.089581392253328,0.7611940298507462,0.18617439120188528,0.6779661016949152,0.288135593220339,CHEMBL4792_Ki
89709943,mondrian_pair,cliffB_oracle,all,294,261,0.8877551020408163,0.8465571215073232,0.9189508131595564,2.205908669260314,,,,,CHEMBL4792_Ki
89709943,mondrian_pair,cliffB_oracle,cliff,11,9,0.8181818181818182,0.523019438039156,0.9486323102539149,2.327931864995588,,,,,CHEMBL4792_Ki
89709943,mondrian_pair,cliffB_oracle,noncliff,283,252,0.8904593639575972,0.8487111079925377,0.9217493439540133,2.2011657181893316,,,,,CHEMBL4792_Ki
89709943,mondrian_pair,cliffA,all,294,261,0.8877551020408163,0.8465571215073232,0.9189508131595564,2.205908669260314,,,,,CHEMBL4792_Ki
89709943,mondrian_pair,cliffA,cliff,16,13,0.8125,0.5699111903802586,0.9340840092857187,2.4092321478411565,,,,,CHEMBL4792_Ki
89709943,mondrian_pair,cliffA,noncliff,278,248,0.8920863309352518,0.8501269187871319,0.9233575817266493,2.1942065985506254,,,,,CHEMBL4792_Ki
89709943,mondrian_pair,__bins__,__summary__,-1,-1,,,,2.205908669260314,0.7910447761194029,0.17386750458235145,0.711864406779661,0.2542372881355932,CHEMBL4792_Ki
89709943,mondrian_wstd,cliffB_oracle,all,294,267,0.9081632653061225,0.8696812374248215,0.9361165885403149,2.3454739651609224,,,,,CHEMBL4792_Ki
89709943,mondrian_wstd,cliffB_oracle,cliff,11,8,0.7272727272727273,0.43435469882387084,0.902539407099751,2.5025462891856467,,,,,CHEMBL4792_Ki
89709943,mondrian_wstd,cliffB_oracle,noncliff,283,259,0.9151943462897526,0.876917881696383,0.9423500196947459,2.339368680481516,,,,,CHEMBL4792_Ki
89709943,mondrian_wstd,cliffA,all,294,267,0.9081632653061225,0.8696812374248215,0.9361165885403149,2.3454739651609224,,,,,CHEMBL4792_Ki
89709943,mondrian_wstd,cliffA,cliff,16,12,0.75,0.5050168346449122,0.8981793250878696,2.565071980117143,,,,,CHEMBL4792_Ki
89709943,mondrian_wstd,cliffA,noncliff,278,255,0.9172661870503597,0.8789185288641128,0.9442392881964248,2.3328352304871833,,,,,CHEMBL4792_Ki
89709943,mondrian_wstd,__bins__,__summary__,-1,-1,,,,2.3454739651609224,0.8571428571428571,0.09022556390977443,0.7796610169491526,0.18644067796610164,CHEMBL4792_Ki
89709943,mondrian_std,cliffB_oracle,all,294,266,0.9047619047619048,0.865798027011135,0.9332848170709587,2.3420154656512593,,,,,CHEMBL4792_Ki
89709943,mondrian_std,cliffB_oracle,cliff,11,8,0.7272727272727273,0.43435469882387084,0.902539407099751,2.4582625270171876,,,,,CHEMBL4792_Ki
89709943,mondrian_std,cliffB_oracle,noncliff,283,258,0.911660777385159,0.8728468633123021,0.9394485453010302,2.337497028637036,,,,,CHEMBL4792_Ki
89709943,mondrian_std,cliffA,all,294,266,0.9047619047619048,0.865798027011135,0.9332848170709587,2.3420154656512593,,,,,CHEMBL4792_Ki
89709943,mondrian_std,cliffA,cliff,16,12,0.75,0.5050168346449122,0.8981793250878696,2.5346268936263274,,,,,CHEMBL4792_Ki
89709943,mondrian_std,cliffA,noncliff,278,254,0.9136690647482014,0.8747609416167877,0.9413006873656419,2.3309299158397443,,,,,CHEMBL4792_Ki
89709943,mondrian_std,__bins__,__summary__,-1,-1,,,,2.3420154656512593,0.8571428571428571,0.09022556390977443,0.7796610169491526,0.18644067796610164,CHEMBL4792_Ki
89709943,mondrian_iqr,cliffB_oracle,all,294,261,0.8877551020408163,0.8465571215073232,0.9189508131595564,2.2594071361645676,,,,,CHEMBL4792_Ki
89709943,mondrian_iqr,cliffB_oracle,cliff,11,7,0.6363636363636364,0.35380117450784887,0.8483352890463243,2.26686023055818,,,,,CHEMBL4792_Ki
89709943,mondrian_iqr,cliffB_oracle,noncliff,283,254,0.8975265017667845,0.8567053130341238,0.927700124468021,2.2591174399160523,,,,,CHEMBL4792_Ki
89709943,mondrian_iqr,cliffA,all,294,261,0.8877551020408163,0.8465571215073232,0.9189508131595564,2.2594071361645676,,,,,CHEMBL4792_Ki
89709943,mondrian_iqr,cliffA,cliff,16,11,0.6875,0.44404355834740666,0.8583535614521796,2.2241907363593905,,,,,CHEMBL4792_Ki
89709943,mondrian_iqr,cliffA,noncliff,278,250,0.8992805755395683,0.8582836711737364,0.9293932054962607,2.261433979318822,,,,,CHEMBL4792_Ki
89709943,mondrian_iqr,__bins__,__summary__,-1,-1,,,,2.2594071361645676,0.8059701492537313,0.1413982717989002,0.7457627118644068,0.22033898305084743,CHEMBL4792_Ki
89709943,mondrian_nb,cliffB_oracle,all,294,258,0.8775510204081632,0.8351364068344437,0.9102265821833074,2.179889395189253,,,,,CHEMBL4792_Ki
89709943,mondrian_nb,cliffB_oracle,cliff,11,8,0.7272727272727273,0.43435469882387084,0.902539407099751,2.013414064625065,,,,,CHEMBL4792_Ki
89709943,mondrian_nb,cliffB_oracle,noncliff,283,250,0.8833922261484098,0.8407623158761208,0.9157531505148364,2.1863601677553524,,,,,CHEMBL4792_Ki
89709943,mondrian_nb,cliffA,all,294,258,0.8775510204081632,0.8351364068344437,0.9102265821833074,2.179889395189253,,,,,CHEMBL4792_Ki
89709943,mondrian_nb,cliffA,cliff,16,12,0.75,0.5050168346449122,0.8981793250878696,2.0523464918294314,,,,,CHEMBL4792_Ki
89709943,mondrian_nb,cliffA,noncliff,278,246,0.8848920863309353,0.8420185207458838,0.9172736036116812,2.1872299939437756,,,,,CHEMBL4792_Ki
89709943,mondrian_nb,__bins__,__summary__,-1,-1,,,,2.179889395189253,0.8059701492537313,0.12385441214977744,0.7457627118644068,0.22033898305084743,CHEMBL4792_Ki
89709943,mondrian_nnsim,cliffB_oracle,all,294,262,0.891156462585034,0.8503835724291501,0.9218393441207723,2.2391493325937977,,,,,CHEMBL4792_Ki
89709943,mondrian_nnsim,cliffB_oracle,cliff,11,8,0.7272727272727273,0.43435469882387084,0.902539407099751,2.398926721906932,,,,,CHEMBL4792_Ki
89709943,mondrian_nnsim,cliffB_oracle,noncliff,283,254,0.8975265017667845,0.8567053130341238,0.927700124468021,2.232938904033923,,,,,CHEMBL4792_Ki
89709943,mondrian_nnsim,cliffA,all,294,262,0.891156462585034,0.8503835724291501,0.9218393441207723,2.2391493325937977,,,,,CHEMBL4792_Ki
89709943,mondrian_nnsim,cliffA,cliff,16,12,0.75,0.5050168346449122,0.8981793250878696,2.3880187125101284,,,,,CHEMBL4792_Ki
89709943,mondrian_nnsim,cliffA,noncliff,278,250,0.8992805755395683,0.8582836711737364,0.9293932054962607,2.2305813107281094,,,,,CHEMBL4792_Ki
89709943,mondrian_nnsim,__bins__,__summary__,-1,-1,,,,2.2391493325937977,0.7910447761194029,0.1563236449332286,0.711864406779661,0.288135593220339,CHEMBL4792_Ki
89709943,mondrian_pairgap,cliffB_oracle,all,294,260,0.8843537414965986,0.8427406871503716,0.916052265633465,2.2333076575292288,,,,,CHEMBL4792_Ki
89709943,mondrian_pairgap,cliffB_oracle,cliff,11,8,0.7272727272727273,0.43435469882387084,0.902539407099751,2.2770502724403716,,,,,CHEMBL4792_Ki
89709943,mondrian_pairgap,cliffB_oracle,noncliff,283,252,0.8904593639575972,0.8487111079925377,0.9217493439540133,2.2316074145468168,,,,,CHEMBL4792_Ki
89709943,mondrian_pairgap,cliffA,all,294,260,0.8843537414965986,0.8427406871503716,0.916052265633465,2.2333076575292288,,,,,CHEMBL4792_Ki
89709943,mondrian_pairgap,cliffA,cliff,16,12,0.75,0.5050168346449122,0.8981793250878696,2.3993728068385387,,,,,CHEMBL4792_Ki
89709943,mondrian_pairgap,cliffA,noncliff,278,248,0.8920863309352518,0.8501269187871319,0.9233575817266493,2.2237499510941605,,,,,CHEMBL4792_Ki
89709943,mondrian_pairgap,__bins__,__summary__,-1,-1,,,,2.2333076575292288,0.8059701492537313,0.15894213144802305,0.7288135593220338,0.22033898305084754,CHEMBL4792_Ki
89709943,mondrian_rfstd,cliffB_oracle,all,294,264,0.8979591836734694,0.8580681543148753,0.9275847260011326,2.230348677449568,,,,,CHEMBL4792_Ki
89709943,mondrian_rfstd,cliffB_oracle,cliff,11,7,0.6363636363636364,0.35380117450784887,0.8483352890463243,2.3069582911229314,,,,,CHEMBL4792_Ki
89709943,mondrian_rfstd,cliffB_oracle,noncliff,283,257,0.9081272084805654,0.8687908084524013,0.936532107383134,2.227370918614208,,,,,CHEMBL4792_Ki
89709943,mondrian_rfstd,cliffA,all,294,264,0.8979591836734694,0.8580681543148753,0.9275847260011326,2.230348677449568,,,,,CHEMBL4792_Ki
89709943,mondrian_rfstd,cliffA,cliff,16,11,0.6875,0.44404355834740666,0.8583535614521796,2.3198639108687606,,,,,CHEMBL4792_Ki
89709943,mondrian_rfstd,cliffA,noncliff,278,253,0.9100719424460432,0.8706194576376076,0.9383459832667138,2.2251967215693265,,,,,CHEMBL4792_Ki
89709943,mondrian_rfstd,__bins__,__summary__,-1,-1,,,,2.230348677449568,0.8059701492537313,0.1764859910971458,0.7627118644067796,0.22033898305084754,CHEMBL4792_Ki
86921808,global,cliffB_oracle,all,294,259,0.8809523809523809,0.8389338976793864,0.9131440732214074,2.5368734991518966,,,,,CHEMBL4792_Ki
86921808,global,cliffB_oracle,cliff,16,11,0.6875,0.44404355834740666,0.8583535614521796,2.5368734991518966,,,,,CHEMBL4792_Ki
86921808,global,cliffB_oracle,noncliff,278,248,0.8920863309352518,0.8501269187871319,0.9233575817266493,2.5368734991518966,,,,,CHEMBL4792_Ki
86921808,global,cliffA,all,294,259,0.8809523809523809,0.8389338976793864,0.9131440732214074,2.5368734991518966,,,,,CHEMBL4792_Ki
86921808,global,cliffA,cliff,20,15,0.75,0.531299122381256,0.8881382985923343,2.536873499151896,,,,,CHEMBL4792_Ki
86921808,global,cliffA,noncliff,274,244,0.8905109489051095,0.8480009143929628,0.9222225105355164,2.5368734991518966,,,,,CHEMBL4792_Ki
86921808,global,__bins__,__summary__,-1,-1,,,,2.5368734991518966,0.7164179104477612,0.266038229903116,0.7457627118644068,0.2033898305084746,CHEMBL4792_Ki
86921808,mondrian_pair,cliffB_oracle,all,294,260,0.8843537414965986,0.8427406871503716,0.916052265633465,2.441862937252258,,,,,CHEMBL4792_Ki
86921808,mondrian_pair,cliffB_oracle,cliff,16,11,0.6875,0.44404355834740666,0.8583535614521796,2.1700119490700125,,,,,CHEMBL4792_Ki
86921808,mondrian_pair,cliffB_oracle,noncliff,278,249,0.89568345323741,0.8541989888191271,0.926381699772762,2.4575090372915236,,,,,CHEMBL4792_Ki
86921808,mondrian_pair,cliffA,all,294,260,0.8843537414965986,0.8427406871503716,0.916052265633465,2.441862937252258,,,,,CHEMBL4792_Ki
86921808,mondrian_pair,cliffA,cliff,20,15,0.75,0.531299122381256,0.8881382985923343,2.184570089420756,,,,,CHEMBL4792_Ki
86921808,mondrian_pair,cliffA,noncliff,274,245,0.8941605839416058,0.8521299616316169,0.9252918130625489,2.460643437093973,,,,,CHEMBL4792_Ki
86921808,mondrian_pair,__bins__,__summary__,-1,-1,,,,2.441862937252258,0.7313432835820896,0.2511128567687876,0.7627118644067796,0.18644067796610175,CHEMBL4792_Ki
86921808,mondrian_wstd,cliffB_oracle,all,294,267,0.9081632653061225,0.8696812374248215,0.9361165885403149,2.574846723014085,,,,,CHEMBL4792_Ki
86921808,mondrian_wstd,cliffB_oracle,cliff,16,12,0.75,0.5050168346449122,0.8981793250878696,2.9678024169551733,,,,,CHEMBL4792_Ki
86921808,mondrian_wstd,cliffB_oracle,noncliff,278,255,0.9172661870503597,0.8789185288641128,0.9442392881964248,2.5522305679671162,,,,,CHEMBL4792_Ki
86921808,mondrian_wstd,cliffA,all,294,267,0.9081632653061225,0.8696812374248215,0.9361165885403149,2.574846723014085,,,,,CHEMBL4792_Ki
86921808,mondrian_wstd,cliffA,cliff,20,16,0.8,0.5839825677481064,0.919342337420202,2.885859541029994,,,,,CHEMBL4792_Ki
86921808,mondrian_wstd,cliffA,noncliff,274,251,0.916058394160584,0.8771962242331162,0.9434156490551702,2.5521450574654785,,,,,CHEMBL4792_Ki
86921808,mondrian_wstd,__bins__,__summary__,-1,-1,,,,2.574846723014085,0.8421052631578947,0.14035087719298245,0.847457627118644,0.10169491525423735,CHEMBL4792_Ki
86921808,mondrian_std,cliffB_oracle,all,294,266,0.9047619047619048,0.865798027011135,0.9332848170709587,2.525152252758867,,,,,CHEMBL4792_Ki
86921808,mondrian_std,cliffB_oracle,cliff,16,12,0.75,0.5050168346449122,0.8981793250878696,2.9434012630805677,,,,,CHEMBL4792_Ki
86921808,mondrian_std,cliffB_oracle,noncliff,278,254,0.9136690647482014,0.8747609416167877,0.9413006873656419,2.501080367272726,,,,,CHEMBL4792_Ki
86921808,mondrian_std,cliffA,all,294,266,0.9047619047619048,0.865798027011135,0.9332848170709587,2.525152252758867,,,,,CHEMBL4792_Ki
86921808,mondrian_std,cliffA,cliff,20,16,0.8,0.5839825677481064,0.919342337420202,2.861711650192764,,,,,CHEMBL4792_Ki
86921808,mondrian_std,cliffA,noncliff,274,250,0.9124087591240876,0.8729802196581,0.9404333038644994,2.50058587338413,,,,,CHEMBL4792_Ki
86921808,mondrian_std,__bins__,__summary__,-1,-1,,,,2.525152252758867,0.8421052631578947,0.14035087719298245,0.847457627118644,0.0847457627118644,CHEMBL4792_Ki
86921808,mondrian_iqr,cliffB_oracle,all,294,260,0.8843537414965986,0.8427406871503716,0.916052265633465,2.4282121257515206,,,,,CHEMBL4792_Ki
86921808,mondrian_iqr,cliffB_oracle,cliff,16,13,0.8125,0.5699111903802586,0.9340840092857187,2.7683494909990762,,,,,CHEMBL4792_Ki
86921808,mondrian_iqr,cliffB_oracle,noncliff,278,247,0.8884892086330936,0.8460669270813864,0.9203213853542865,2.408635874514252,,,,,CHEMBL4792_Ki
86921808,mondrian_iqr,cliffA,all,294,260,0.8843537414965986,0.8427406871503716,0.916052265633465,2.4282121257515206,,,,,CHEMBL4792_Ki
86921808,mondrian_iqr,cliffA,cliff,20,17,0.85,0.6395811352592431,0.9476312541037835,2.7345398411558213,,,,,CHEMBL4792_Ki
86921808,mondrian_iqr,cliffA,noncliff,274,243,0.8868613138686131,0.8438841532028649,0.9191409219599274,2.405852438495733,,,,,CHEMBL4792_Ki
86921808,mondrian_iqr,__bins__,__summary__,-1,-1,,,,2.4282121257515206,0.8208955223880597,0.1264728986645718,0.8135593220338984,0.13559322033898302,CHEMBL4792_Ki
86921808,mondrian_nb,cliffB_oracle,all,294,261,0.8877551020408163,0.8465571215073232,0.9189508131595564,2.443885742719863,,,,,CHEMBL4792_Ki
86921808,mondrian_nb,cliffB_oracle,cliff,16,14,0.875,0.639771727342413,0.9650225122567595,2.561492569899234,,,,,CHEMBL4792_Ki
86921808,mondrian_nb,cliffB_oracle,noncliff,278,247,0.8884892086330936,0.8460669270813864,0.9203213853542865,2.4371170044649357,,,,,CHEMBL4792_Ki
86921808,mondrian_nb,cliffA,all,294,261,0.8877551020408163,0.8465571215073232,0.9189508131595564,2.443885742719863,,,,,CHEMBL4792_Ki
86921808,mondrian_nb,cliffA,cliff,20,18,0.9,0.6989663547715128,0.9721335187862319,2.5964161941256134,,,,,CHEMBL4792_Ki
86921808,mondrian_nb,cliffA,noncliff,274,243,0.8868613138686131,0.8438841532028649,0.9191409219599274,2.432752133128203,,,,,CHEMBL4792_Ki
86921808,mondrian_nb,__bins__,__summary__,-1,-1,,,,2.443885742719863,0.7611940298507462,0.2212621105001309,0.8135593220338984,0.13559322033898302,CHEMBL4792_Ki
86921808,mondrian_nnsim,cliffB_oracle,all,294,260,0.8843537414965986,0.8427406871503716,0.916052265633465,2.5411014582878018,,,,,CHEMBL4792_Ki
86921808,mondrian_nnsim,cliffB_oracle,cliff,16,11,0.6875,0.44404355834740666,0.8583535614521796,2.713706664403933,,,,,CHEMBL4792_Ki
86921808,mondrian_nnsim,cliffB_oracle,noncliff,278,249,0.89568345323741,0.8541989888191271,0.926381699772762,2.5311673457055783,,,,,CHEMBL4792_Ki
86921808,mondrian_nnsim,cliffA,all,294,260,0.8843537414965986,0.8427406871503716,0.916052265633465,2.5411014582878018,,,,,CHEMBL4792_Ki
86921808,mondrian_nnsim,cliffA,cliff,20,15,0.75,0.531299122381256,0.8881382985923343,2.618310290159847,,,,,CHEMBL4792_Ki
86921808,mondrian_nnsim,cliffA,noncliff,274,245,0.8941605839416058,0.8521299616316169,0.9252918130625489,2.5354657771292586,,,,,CHEMBL4792_Ki
86921808,mondrian_nnsim,__bins__,__summary__,-1,-1,,,,2.5411014582878018,0.7611940298507462,0.2212621105001309,0.7796610169491526,0.15254237288135586,CHEMBL4792_Ki
86921808,mondrian_pairgap,cliffB_oracle,all,294,260,0.8843537414965986,0.8427406871503716,0.916052265633465,2.3965130957257603,,,,,CHEMBL4792_Ki
86921808,mondrian_pairgap,cliffB_oracle,cliff,16,11,0.6875,0.44404355834740666,0.8583535614521796,2.130256319498651,,,,,CHEMBL4792_Ki
86921808,mondrian_pairgap,cliffB_oracle,noncliff,278,249,0.89568345323741,0.8541989888191271,0.926381699772762,2.4118372267316364,,,,,CHEMBL4792_Ki
86921808,mondrian_pairgap,cliffA,all,294,260,0.8843537414965986,0.8427406871503716,0.916052265633465,2.3965130957257603,,,,,CHEMBL4792_Ki
86921808,mondrian_pairgap,cliffA,cliff,20,15,0.75,0.531299122381256,0.8881382985923343,2.1288395587792257,,,,,CHEMBL4792_Ki
86921808,mondrian_pairgap,cliffA,noncliff,274,245,0.8941605839416058,0.8521299616316169,0.9252918130625489,2.4160513101014196,,,,,CHEMBL4792_Ki
86921808,mondrian_pairgap,__bins__,__summary__,-1,-1,,,,2.3965130957257603,0.7313432835820896,0.2511128567687876,0.7627118644067796,0.18644067796610175,CHEMBL4792_Ki
86921808,mondrian_rfstd,cliffB_oracle,all,294,259,0.8809523809523809,0.8389338976793864,0.9131440732214074,2.2515695849913504,,,,,CHEMBL4792_Ki
86921808,mondrian_rfstd,cliffB_oracle,cliff,16,13,0.8125,0.5699111903802586,0.9340840092857187,2.389089614393077,,,,,CHEMBL4792_Ki
86921808,mondrian_rfstd,cliffB_oracle,noncliff,278,246,0.8848920863309353,0.8420185207458838,0.9172736036116812,2.2436547631552797,,,,,CHEMBL4792_Ki
86921808,mondrian_rfstd,cliffA,all,294,259,0.8809523809523809,0.8389338976793864,0.9131440732214074,2.2515695849913504,,,,,CHEMBL4792_Ki
86921808,mondrian_rfstd,cliffA,cliff,20,17,0.85,0.6395811352592431,0.9476312541037835,2.2817282930437632,,,,,CHEMBL4792_Ki
86921808,mondrian_rfstd,cliffA,noncliff,274,242,0.8832116788321168,0.8397791777911148,0.916047547605991,2.249368219440079,,,,,CHEMBL4792_Ki
86921808,mondrian_rfstd,__bins__,__summary__,-1,-1,,,,2.2515695849913504,0.7910447761194029,0.17386750458235145,0.847457627118644,0.06633547632963188,CHEMBL4792_Ki
89165191,global,cliffB_oracle,all,294,262,0.891156462585034,0.8503835724291501,0.9218393441207723,2.2252418442150983,,,,,CHEMBL4792_Ki
89165191,global,cliffB_oracle,cliff,9,8,0.8888888888888888,0.5650002944233439,0.9801091123614551,2.2252418442150983,,,,,CHEMBL4792_Ki
89165191,global,cliffB_oracle,noncliff,285,254,0.8912280701754386,0.8497435402936857,0.9223062925470806,2.2252418442150987,,,,,CHEMBL4792_Ki
89165191,global,cliffA,all,294,262,0.891156462585034,0.8503835724291501,0.9218393441207723,2.2252418442150983,,,,,CHEMBL4792_Ki
89165191,global,cliffA,cliff,12,11,0.9166666666666666,0.646120088858883,0.9851349055950829,2.2252418442150983,,,,,CHEMBL4792_Ki
89165191,global,cliffA,noncliff,282,251,0.8900709219858156,0.8481895577013694,0.9214678632608013,2.2252418442150983,,,,,CHEMBL4792_Ki
89165191,global,__bins__,__summary__,-1,-1,,,,2.2252418442150983,0.7619047619047619,0.22085385878489328,0.7966101694915254,0.18644067796610175,CHEMBL4792_Ki
89165191,mondrian_pair,cliffB_oracle,all,294,263,0.8945578231292517,0.8542204397064957,0.9247174587264694,2.2168764620308976,,,,,CHEMBL4792_Ki
89165191,mondrian_pair,cliffB_oracle,cliff,9,8,0.8888888888888888,0.5650002944233439,0.9801091123614551,2.344518205792043,,,,,CHEMBL4792_Ki
89165191,mondrian_pair,cliffB_oracle,noncliff,285,255,0.8947368421052632,0.8537078541383757,0.9252661924498417,2.2128456701226504,,,,,CHEMBL4792_Ki
89165191,mondrian_pair,cliffA,all,294,263,0.8945578231292517,0.8542204397064957,0.9247174587264694,2.2168764620308976,,,,,CHEMBL4792_Ki
89165191,mondrian_pair,cliffA,cliff,12,11,0.9166666666666666,0.646120088858883,0.9851349055950829,2.3445182057920424,,,,,CHEMBL4792_Ki
89165191,mondrian_pair,cliffA,noncliff,282,252,0.8936170212765957,0.8521943200551936,0.9244599865520877,2.2114448984665933,,,,,CHEMBL4792_Ki
89165191,mondrian_pair,__bins__,__summary__,-1,-1,,,,2.2168764620308976,0.746031746031746,0.2367268746579091,0.7966101694915254,0.18644067796610175,CHEMBL4792_Ki
89165191,mondrian_wstd,cliffB_oracle,all,294,265,0.9013605442176871,0.8619271819361515,0.9304406802628994,2.1752416618083235,,,,,CHEMBL4792_Ki
89165191,mondrian_wstd,cliffB_oracle,cliff,9,9,1.0,0.7008549515804559,1.0,2.1171647392513204,,,,,CHEMBL4792_Ki
89165191,mondrian_wstd,cliffB_oracle,noncliff,285,256,0.8982456140350877,0.8576838991537141,0.928214361181954,2.1770756698890708,,,,,CHEMBL4792_Ki
89165191,mondrian_wstd,cliffA,all,294,265,0.9013605442176871,0.8619271819361515,0.9304406802628994,2.1752416618083235,,,,,CHEMBL4792_Ki
89165191,mondrian_wstd,cliffA,cliff,12,12,1.0,0.7575059933447592,1.0,2.061795713962042,,,,,CHEMBL4792_Ki
89165191,mondrian_wstd,cliffA,noncliff,282,253,0.8971631205673759,0.856210959895478,0.9274402323569141,2.180069148950718,,,,,CHEMBL4792_Ki
89165191,mondrian_wstd,__bins__,__summary__,-1,-1,,,,2.1752416618083235,0.8245614035087719,0.11194653299916457,0.7796610169491526,0.22033898305084743,CHEMBL4792_Ki
89165191,mondrian_std,cliffB_oracle,all,294,264,0.8979591836734694,0.8580681543148753,0.9275847260011326,2.1402920684356808,,,,,CHEMBL4792_Ki
89165191,mondrian_std,cliffB_oracle,cliff,9,9,1.0,0.7008549515804559,1.0,2.083936780221807,,,,,CHEMBL4792_Ki
89165191,mondrian_std,cliffB_oracle,noncliff,285,255,0.8947368421052632,0.8537078541383757,0.9252661924498417,2.1420717091161183,,,,,CHEMBL4792_Ki
89165191,mondrian_std,cliffA,all,294,264,0.8979591836734694,0.8580681543148753,0.9275847260011326,2.1402920684356808,,,,,CHEMBL4792_Ki
89165191,mondrian_std,cliffA,cliff,12,12,1.0,0.7575059933447592,1.0,2.0285677549325283,,,,,CHEMBL4792_Ki
89165191,mondrian_std,cliffA,noncliff,282,252,0.8936170212765957,0.8521943200551936,0.9244599865520877,2.1450462945421975,,,,,CHEMBL4792_Ki
89165191,mondrian_std,__bins__,__summary__,-1,-1,,,,2.1402920684356808,0.8245614035087719,0.10647307924984872,0.7796610169491526,0.22033898305084743,CHEMBL4792_Ki
89165191,mondrian_iqr,cliffB_oracle,all,294,269,0.9149659863945578,0.8774871966018952,0.9417405931293267,2.30350244766495,,,,,CHEMBL4792_Ki
89165191,mondrian_iqr,cliffB_oracle,cliff,9,9,1.0,0.7008549515804559,1.0,2.491640137787428,,,,,CHEMBL4792_Ki
89165191,mondrian_iqr,cliffB_oracle,noncliff,285,260,0.9122807017543859,0.8737165113934843,0.939878603931987,2.297561257450556,,,,,CHEMBL4792_Ki
89165191,mondrian_iqr,cliffA,all,294,269,0.9149659863945578,0.8774871966018952,0.9417405931293267,2.30350244766495,,,,,CHEMBL4792_Ki
89165191,mondrian_iqr,cliffA,cliff,12,12,1.0,0.7575059933447592,1.0,2.386003314266196,,,,,CHEMBL4792_Ki
89165191,mondrian_iqr,cliffA,noncliff,282,257,0.9113475177304965,0.8724075349852658,0.9392311998475689,2.299991772490429,,,,,CHEMBL4792_Ki
89165191,mondrian_iqr,__bins__,__summary__,-1,-1,,,,2.30350244766495,0.8571428571428571,0.10837438423645329,0.8135593220338984,0.1694915254237288,CHEMBL4792_Ki
89165191,mondrian_nb,cliffB_oracle,all,294,268,0.9115646258503401,0.8735774099495585,0.9389353978986207,2.256400066996907,,,,,CHEMBL4792_Ki
89165191,mondrian_nb,cliffB_oracle,cliff,9,8,0.8888888888888888,0.5650002944233439,0.9801091123614551,2.2609074794024204,,,,,CHEMBL4792_Ki
89165191,mondrian_nb,cliffB_oracle,noncliff,285,260,0.9122807017543859,0.8737165113934843,0.939878603931987,2.2562577276577858,,,,,CHEMBL4792_Ki
89165191,mondrian_nb,cliffA,all,294,268,0.9115646258503401,0.8735774099495585,0.9389353978986207,2.256400066996907,,,,,CHEMBL4792_Ki
89165191,mondrian_nb,cliffA,cliff,12,11,0.9166666666666666,0.646120088858883,0.9851349055950829,2.126588644502269,,,,,CHEMBL4792_Ki
89165191,mondrian_nb,cliffA,noncliff,282,257,0.9113475177304965,0.8724075349852658,0.9392311998475689,2.261923957315828,,,,,CHEMBL4792_Ki
89165191,mondrian_nb,__bins__,__summary__,-1,-1,,,,2.256400066996907,0.8253968253968254,0.17460317460317465,0.8305084745762712,0.15254237288135597,CHEMBL4792_Ki
89165191,mondrian_nnsim,cliffB_oracle,all,294,261,0.8877551020408163,0.8465571215073232,0.9189508131595564,2.2852538977524777,,,,,CHEMBL4792_Ki
89165191,mondrian_nnsim,cliffB_oracle,cliff,9,8,0.8888888888888888,0.5650002944233439,0.9801091123614551,2.4505257556953666,,,,,CHEMBL4792_Ki
89165191,mondrian_nnsim,cliffB_oracle,noncliff,285,253,0.887719298245614,0.8457904769717958,0.9193351421215198,2.280034786449018,,,,,CHEMBL4792_Ki
89165191,mondrian_nnsim,cliffA,all,294,261,0.8877551020408163,0.8465571215073232,0.9189508131595564,2.2852538977524777,,,,,CHEMBL4792_Ki
89165191,mondrian_nnsim,cliffA,cliff,12,11,0.9166666666666666,0.646120088858883,0.9851349055950829,2.411417002318422,,,,,CHEMBL4792_Ki
89165191,mondrian_nnsim,cliffA,noncliff,282,250,0.8865248226950354,0.8441961869857539,0.9184643483313062,2.2798852550049906,,,,,CHEMBL4792_Ki
89165191,mondrian_nnsim,__bins__,__summary__,-1,-1,,,,2.2852538977524777,0.7301587301587301,0.23535851122058027,0.7966101694915254,0.1694915254237288,CHEMBL4792_Ki
89165191,mondrian_pairgap,cliffB_oracle,all,294,264,0.8979591836734694,0.8580681543148753,0.9275847260011326,2.312145522478421,,,,,CHEMBL4792_Ki
89165191,mondrian_pairgap,cliffB_oracle,cliff,9,8,0.8888888888888888,0.5650002944233439,0.9801091123614551,2.233517831440082,,,,,CHEMBL4792_Ki
89165191,mondrian_pairgap,cliffB_oracle,noncliff,285,256,0.8982456140350877,0.8576838991537141,0.928214361181954,2.314628502195421,,,,,CHEMBL4792_Ki
89165191,mondrian_pairgap,cliffA,all,294,264,0.8979591836734694,0.8580681543148753,0.9275847260011326,2.312145522478421,,,,,CHEMBL4792_Ki
89165191,mondrian_pairgap,cliffA,cliff,12,11,0.9166666666666666,0.646120088858883,0.9851349055950829,2.2550601445934944,,,,,CHEMBL4792_Ki
89165191,mondrian_pairgap,cliffA,noncliff,282,253,0.8971631205673759,0.856210959895478,0.9274402323569141,2.3145746874948014,,,,,CHEMBL4792_Ki
89165191,mondrian_pairgap,__bins__,__summary__,-1,-1,,,,2.312145522478421,0.7619047619047619,0.22085385878489328,0.7966101694915254,0.18644067796610175,CHEMBL4792_Ki
89165191,mondrian_rfstd,cliffB_oracle,all,294,266,0.9047619047619048,0.865798027011135,0.9332848170709587,2.203846088441898,,,,,CHEMBL4792_Ki
89165191,mondrian_rfstd,cliffB_oracle,cliff,9,8,0.8888888888888888,0.5650002944233439,0.9801091123614551,2.2255387103401847,,,,,CHEMBL4792_Ki
89165191,mondrian_rfstd,cliffB_oracle,noncliff,285,258,0.9052631578947369,0.865673310172323,0.9340733776582467,2.20316105827669,,,,,CHEMBL4792_Ki
89165191,mondrian_rfstd,cliffA,all,294,266,0.9047619047619048,0.865798027011135,0.9332848170709587,2.203846088441898,,,,,CHEMBL4792_Ki
89165191,mondrian_rfstd,cliffA,cliff,12,11,0.9166666666666666,0.646120088858883,0.9851349055950829,2.2524467030390336,,,,,CHEMBL4792_Ki
89165191,mondrian_rfstd,cliffA,noncliff,282,255,0.9042553191489362,0.8642820225409534,0.9333629410016601,2.201777977182446,,,,,CHEMBL4792_Ki
89165191,mondrian_rfstd,__bins__,__summary__,-1,-1,,,,2.203846088441898,0.8095238095238095,0.15599343185550085,0.8135593220338984,0.1694915254237288,CHEMBL4792_Ki
71339737,global,cliffB_oracle,all,291,257,0.8831615120274914,0.8411647752356356,0.9151739055318339,2.3498629492799807,,,,,CHEMBL2147_Ki
71339737,global,cliffB_oracle,cliff,6,4,0.6666666666666666,0.299993315138392,0.9032285888942195,2.3498629492799807,,,,,CHEMBL2147_Ki
71339737,global,cliffB_oracle,noncliff,285,253,0.887719298245614,0.8457904769717958,0.9193351421215198,2.3498629492799807,,,,,CHEMBL2147_Ki
71339737,global,cliffA,all,291,257,0.8831615120274914,0.8411647752356356,0.9151739055318339,2.3498629492799807,,,,,CHEMBL2147_Ki
71339737,global,cliffA,cliff,19,17,0.8947368421052632,0.6860591728889099,0.9706414397011299,2.3498629492799807,,,,,CHEMBL2147_Ki
71339737,global,cliffA,noncliff,272,240,0.8823529411764706,0.8386355537812749,0.9154207831060917,2.3498629492799807,,,,,CHEMBL2147_Ki
71339737,global,__bins__,__summary__,-1,-1,,,,2.3498629492799807,0.8468468468468469,0.08793576184880536,0.6949152542372882,0.2706019871420222,CHEMBL2147_Ki
71339737,mondrian_pair,cliffB_oracle,all,291,260,0.8934707903780069,0.8527580547767386,0.9239305456526359,2.350573537388453,,,,,CHEMBL2147_Ki
71339737,mondrian_pair,cliffB_oracle,cliff,6,4,0.6666666666666666,0.299993315138392,0.9032285888942195,2.2179506640561915,,,,,CHEMBL2147_Ki
71339737,mondrian_pair,cliffB_oracle,noncliff,285,256,0.8982456140350877,0.8576838991537141,0.928214361181954,2.3533655978796584,,,,,CHEMBL2147_Ki
71339737,mondrian_pair,cliffA,all,291,260,0.8934707903780069,0.8527580547767386,0.9239305456526359,2.350573537388453,,,,,CHEMBL2147_Ki
71339737,mondrian_pair,cliffA,cliff,19,17,0.8947368421052632,0.6860591728889099,0.9706414397011299,2.2109705128281782,,,,,CHEMBL2147_Ki
71339737,mondrian_pair,cliffA,noncliff,272,243,0.8933823529411765,0.8510732888466412,0.9247346731432458,2.360325219251119,,,,,CHEMBL2147_Ki
71339737,mondrian_pair,__bins__,__summary__,-1,-1,,,,2.350573537388453,0.8558558558558559,0.10066588327457893,0.711864406779661,0.2536528345996494,CHEMBL2147_Ki
71339737,mondrian_wstd,cliffB_oracle,all,291,258,0.8865979381443299,0.84501892807568,0.9181030592457576,2.334759832824595,,,,,CHEMBL2147_Ki
71339737,mondrian_wstd,cliffB_oracle,cliff,6,4,0.6666666666666666,0.299993315138392,0.9032285888942195,2.2788913770279877,,,,,CHEMBL2147_Ki
71339737,mondrian_wstd,cliffB_oracle,noncliff,285,254,0.8912280701754386,0.8497435402936857,0.9223062925470806,2.3359360108413654,,,,,CHEMBL2147_Ki
71339737,mondrian_wstd,cliffA,all,291,258,0.8865979381443299,0.84501892807568,0.9181030592457576,2.334759832824595,,,,,CHEMBL2147_Ki
71339737,mondrian_wstd,cliffA,cliff,19,17,0.8947368421052632,0.6860591728889099,0.9706414397011299,2.2772280367303224,,,,,CHEMBL2147_Ki
71339737,mondrian_wstd,cliffA,noncliff,272,241,0.8860294117647058,0.8427694088729277,0.9185374697152789,2.3387785979929454,,,,,CHEMBL2147_Ki
71339737,mondrian_wstd,__bins__,__summary__,-1,-1,,,,2.334759832824595,0.8468468468468469,0.08793576184880536,0.711864406779661,0.2536528345996494,CHEMBL2147_Ki
71339737,mondrian_std,cliffB_oracle,all,291,260,0.8934707903780069,0.8527580547767386,0.9239305456526359,2.4144622029883016,,,,,CHEMBL2147_Ki
71339737,mondrian_std,cliffB_oracle,cliff,6,4,0.6666666666666666,0.299993315138392,0.9032285888942195,2.3275171050888237,,,,,CHEMBL2147_Ki
71339737,mondrian_std,cliffB_oracle,noncliff,285,256,0.8982456140350877,0.8576838991537141,0.928214361181954,2.416292626101975,,,,,CHEMBL2147_Ki
71339737,mondrian_std,cliffA,all,291,260,0.8934707903780069,0.8527580547767386,0.9239305456526359,2.4144622029883016,,,,,CHEMBL2147_Ki
71339737,mondrian_std,cliffA,cliff,19,17,0.8947368421052632,0.6860591728889099,0.9706414397011299,2.5459096231806395,,,,,CHEMBL2147_Ki
71339737,mondrian_std,cliffA,noncliff,272,243,0.8933823529411765,0.8510732888466412,0.9247346731432458,2.405280214077808,,,,,CHEMBL2147_Ki
71339737,mondrian_std,__bins__,__summary__,-1,-1,,,,2.4144622029883016,0.8468468468468469,0.10967489228358795,0.711864406779661,0.27089421390999413,CHEMBL2147_Ki
71339737,mondrian_iqr,cliffB_oracle,all,291,261,0.8969072164948454,0.8566438681148061,0.9268280388685368,2.3898938983409748,,,,,CHEMBL2147_Ki
71339737,mondrian_iqr,cliffB_oracle,cliff,6,4,0.6666666666666666,0.299993315138392,0.9032285888942195,2.110811050671904,,,,,CHEMBL2147_Ki
71339737,mondrian_iqr,cliffB_oracle,noncliff,285,257,0.9017543859649123,0.8616721959974982,0.9311502780856207,2.3957693267129545,,,,,CHEMBL2147_Ki
71339737,mondrian_iqr,cliffA,all,291,261,0.8969072164948454,0.8566438681148061,0.9268280388685368,2.3898938983409748,,,,,CHEMBL2147_Ki
71339737,mondrian_iqr,cliffA,cliff,19,17,0.8947368421052632,0.6860591728889099,0.9706414397011299,2.408240808098581,,,,,CHEMBL2147_Ki
71339737,mondrian_iqr,cliffA,noncliff,272,244,0.8970588235294118,0.855244363710534,0.9278141399801929,2.3886123127329064,,,,,CHEMBL2147_Ki
71339737,mondrian_iqr,__bins__,__summary__,-1,-1,,,,2.3898938983409748,0.8666666666666667,0.06811594202898552,0.7457627118644068,0.2197545295149036,CHEMBL2147_Ki
71339737,mondrian_nb,cliffB_oracle,all,291,258,0.8865979381443299,0.84501892807568,0.9181030592457576,2.4401760848396568,,,,,CHEMBL2147_Ki
71339737,mondrian_nb,cliffB_oracle,cliff,6,4,0.6666666666666666,0.299993315138392,0.9032285888942195,2.198139921188213,,,,,CHEMBL2147_Ki
71339737,mondrian_nb,cliffB_oracle,noncliff,285,254,0.8912280701754386,0.8497435402936857,0.9223062925470806,2.4452715830217926,,,,,CHEMBL2147_Ki
71339737,mondrian_nb,cliffA,all,291,258,0.8865979381443299,0.84501892807568,0.9181030592457576,2.4401760848396568,,,,,CHEMBL2147_Ki
71339737,mondrian_nb,cliffA,cliff,19,17,0.8947368421052632,0.6860591728889099,0.9706414397011299,2.2653717390688684,,,,,CHEMBL2147_Ki
71339737,mondrian_nb,cliffA,noncliff,272,241,0.8860294117647058,0.8427694088729277,0.9185374697152789,2.4523866825221754,,,,,CHEMBL2147_Ki
71339737,mondrian_nb,__bins__,__summary__,-1,-1,,,,2.4401760848396568,0.8468468468468469,0.08793576184880536,0.7288135593220338,0.23670368205727654,CHEMBL2147_Ki
71339737,mondrian_nnsim,cliffB_oracle,all,291,256,0.8797250859106529,0.8373203858360966,0.9122349883774045,2.505598475419255,,,,,CHEMBL2147_Ki
71339737,mondrian_nnsim,cliffB_oracle,cliff,6,4,0.6666666666666666,0.299993315138392,0.9032285888942195,2.3132880870688766,,,,,CHEMBL2147_Ki
71339737,mondrian_nnsim,cliffB_oracle,noncliff,285,252,0.8842105263157894,0.8418482193527205,0.9163531859931443,2.509647115174,,,,,CHEMBL2147_Ki
71339737,mondrian_nnsim,cliffA,all,291,256,0.8797250859106529,0.8373203858360966,0.9122349883774045,2.505598475419255,,,,,CHEMBL2147_Ki
71339737,mondrian_nnsim,cliffA,cliff,19,16,0.8421052631578947,0.6243452472967093,0.9447952836146585,2.2331242851727895,,,,,CHEMBL2147_Ki
71339737,mondrian_nnsim,cliffA,noncliff,272,240,0.8823529411764706,0.8386355537812749,0.9154207831060917,2.5246315990026478,,,,,CHEMBL2147_Ki
71339737,mondrian_nnsim,__bins__,__summary__,-1,-1,,,,2.505598475419255,0.8222222222222222,0.13429951690821262,0.7457627118644068,0.2197545295149036,CHEMBL2147_Ki
71339737,mondrian_pairgap,cliffB_oracle,all,291,263,0.9037800687285223,0.8644503517000864,0.9325881683911931,2.5456293439155164,,,,,CHEMBL2147_Ki
71339737,mondrian_pairgap,cliffB_oracle,cliff,6,4,0.6666666666666666,0.299993315138392,0.9032285888942195,2.652181729777936,,,,,CHEMBL2147_Ki
71339737,mondrian_pairgap,cliffB_oracle,noncliff,285,259,0.9087719298245615,0.8696878576424638,0.9369830439355569,2.5433861357920966,,,,,CHEMBL2147_Ki
71339737,mondrian_pairgap,cliffA,all,291,263,0.9037800687285223,0.8644503517000864,0.9325881683911931,2.5456293439155164,,,,,CHEMBL2147_Ki
71339737,mondrian_pairgap,cliffA,cliff,19,17,0.8947368421052632,0.6860591728889099,0.9706414397011299,2.666482978046836,,,,,CHEMBL2147_Ki
71339737,mondrian_pairgap,cliffA,noncliff,272,246,0.9044117647058824,0.8636277541299345,0.9339318329624725,2.537187362119578,,,,,CHEMBL2147_Ki
71339737,mondrian_pairgap,__bins__,__summary__,-1,-1,,,,2.5456293439155164,0.8738738738738738,0.08264786525656098,0.7457627118644068,0.23699590882524835,CHEMBL2147_Ki
71339737,mondrian_rfstd,cliffB_oracle,all,291,259,0.8900343642611683,0.8488832199288828,0.9210220739465232,2.455868793528002,,,,,CHEMBL2147_Ki
71339737,mondrian_rfstd,cliffB_oracle,cliff,6,4,0.6666666666666666,0.299993315138392,0.9032285888942195,2.8281245550986127,,,,,CHEMBL2147_Ki
71339737,mondrian_rfstd,cliffB_oracle,noncliff,285,255,0.8947368421052632,0.8537078541383757,0.9252661924498417,2.4480318301265154,,,,,CHEMBL2147_Ki
71339737,mondrian_rfstd,cliffA,all,291,259,0.8900343642611683,0.8488832199288828,0.9210220739465232,2.455868793528002,,,,,CHEMBL2147_Ki
71339737,mondrian_rfstd,cliffA,cliff,19,16,0.8421052631578947,0.6243452472967093,0.9447952836146585,2.2208106924076163,,,,,CHEMBL2147_Ki
71339737,mondrian_rfstd,cliffA,noncliff,272,243,0.8933823529411765,0.8510732888466412,0.9247346731432458,2.472288293238617,,,,,CHEMBL2147_Ki
71339737,mondrian_rfstd,__bins__,__summary__,-1,-1,,,,2.455868793528002,0.8222222222222222,0.1323232323232324,0.8275862068965517,0.10344827586206895,CHEMBL2147_Ki
99182118,global,cliffB_oracle,all,291,266,0.9140893470790378,0.8762555578162776,0.9411328819369069,2.680958940303073,,,,,CHEMBL2147_Ki
99182118,global,cliffB_oracle,cliff,10,9,0.9,0.5958499732047615,0.9821237869049271,2.6809589403030727,,,,,CHEMBL2147_Ki
99182118,global,cliffB_oracle,noncliff,281,257,0.9145907473309609,0.8760640776836705,0.941934822352409,2.680958940303073,,,,,CHEMBL2147_Ki
99182118,global,cliffA,all,291,266,0.9140893470790378,0.8762555578162776,0.9411328819369069,2.680958940303073,,,,,CHEMBL2147_Ki
99182118,global,cliffA,cliff,19,18,0.9473684210526315,0.753612688331012,0.9906480059376995,2.6809589403030722,,,,,CHEMBL2147_Ki
99182118,global,cliffA,noncliff,272,248,0.9117647058823529,0.8720707454386792,0.9399899250554079,2.680958940303073,,,,,CHEMBL2147_Ki
99182118,global,__bins__,__summary__,-1,-1,,,,2.680958940303073,0.8522727272727273,0.08890374331550799,0.7288135593220338,0.27118644067796616,CHEMBL2147_Ki
99182118,mondrian_pair,cliffB_oracle,all,291,269,0.9243986254295533,0.8881916683093452,0.9495466911057444,2.6823986835577944,,,,,CHEMBL2147_Ki
99182118,mondrian_pair,cliffB_oracle,cliff,10,9,0.9,0.5958499732047615,0.9821237869049271,2.629297014492606,,,,,CHEMBL2147_Ki
99182118,mondrian_pair,cliffB_oracle,noncliff,281,260,0.9252669039145908,0.8884600095427511,0.9506032398504805,2.684288422670434,,,,,CHEMBL2147_Ki
99182118,mondrian_pair,cliffA,all,291,269,0.9243986254295533,0.8881916683093452,0.9495466911057444,2.6823986835577944,,,,,CHEMBL2147_Ki
99182118,mondrian_pair,cliffA,cliff,19,18,0.9473684210526315,0.753612688331012,0.9906480059376995,2.62372650775217,,,,,CHEMBL2147_Ki
99182118,mondrian_pair,cliffA,noncliff,272,251,0.9227941176470589,0.8848616265280341,0.9489506690685733,2.6864971076030404,,,,,CHEMBL2147_Ki
99182118,mondrian_pair,__bins__,__summary__,-1,-1,,,,2.6823986835577944,0.8636363636363636,0.09714795008912658,0.7457627118644068,0.2542372881355932,CHEMBL2147_Ki
99182118,mondrian_wstd,cliffB_oracle,all,291,267,0.9175257731958762,0.8802186777858876,0.9439530685212651,2.6542223608515134,,,,,CHEMBL2147_Ki
99182118,mondrian_wstd,cliffB_oracle,cliff,10,8,0.8,0.49016247153664183,0.9433178485456247,2.762822286458161,,,,,CHEMBL2147_Ki
99182118,mondrian_wstd,cliffB_oracle,noncliff,281,259,0.9217081850533808,0.8843105426678534,0.9477312569396609,2.650357594815689,,,,,CHEMBL2147_Ki
99182118,mondrian_wstd,cliffA,all,291,267,0.9175257731958762,0.8802186777858876,0.9439530685212651,2.6542223608515134,,,,,CHEMBL2147_Ki
99182118,mondrian_wstd,cliffA,cliff,19,16,0.8421052631578947,0.6243452472967093,0.9447952836146585,2.5519320292750836,,,,,CHEMBL2147_Ki
99182118,mondrian_wstd,cliffA,noncliff,272,251,0.9227941176470589,0.8848616265280341,0.9489506690685733,2.661367641366043,,,,,CHEMBL2147_Ki
99182118,mondrian_wstd,__bins__,__summary__,-1,-1,,,,2.6542223608515134,0.8522727272727273,0.1277272727272727,0.7288135593220338,0.27118644067796616,CHEMBL2147_Ki
99182118,mondrian_std,cliffB_oracle,all,291,266,0.9140893470790378,0.8762555578162776,0.9411328819369069,2.651310479455526,,,,,CHEMBL2147_Ki
99182118,mondrian_std,cliffB_oracle,cliff,10,8,0.8,0.49016247153664183,0.9433178485456247,2.762822286458161,,,,,CHEMBL2147_Ki
99182118,mondrian_std,cliffB_oracle,noncliff,281,258,0.9181494661921709,0.8801789014459628,0.944841448375834,2.6473420877472473,,,,,CHEMBL2147_Ki
99182118,mondrian_std,cliffA,all,291,266,0.9140893470790378,0.8762555578162776,0.9411328819369069,2.651310479455526,,,,,CHEMBL2147_Ki
99182118,mondrian_std,cliffA,cliff,19,17,0.8947368421052632,0.6860591728889099,0.9706414397011299,2.5992920398655897,,,,,CHEMBL2147_Ki
99182118,mondrian_std,cliffA,noncliff,272,249,0.9154411764705882,0.8763165774131132,0.9429946347818139,2.654944120456294,,,,,CHEMBL2147_Ki
99182118,mondrian_std,__bins__,__summary__,-1,-1,,,,2.651310479455526,0.8522727272727273,0.10851158645276293,0.7288135593220338,0.27118644067796616,CHEMBL2147_Ki
99182118,mondrian_iqr,cliffB_oracle,all,291,269,0.9243986254295533,0.8881916683093452,0.9495466911057444,2.795041047834534,,,,,CHEMBL2147_Ki
99182118,mondrian_iqr,cliffB_oracle,cliff,10,9,0.9,0.5958499732047615,0.9821237869049271,2.9892590430153048,,,,,CHEMBL2147_Ki
99182118,mondrian_iqr,cliffB_oracle,noncliff,281,260,0.9252669039145908,0.8884600095427511,0.9506032398504805,2.788129375408172,,,,,CHEMBL2147_Ki
99182118,mondrian_iqr,cliffA,all,291,269,0.9243986254295533,0.8881916683093452,0.9495466911057444,2.795041047834534,,,,,CHEMBL2147_Ki
99182118,mondrian_iqr,cliffA,cliff,19,18,0.9473684210526315,0.753612688331012,0.9906480059376995,2.936965909387444,,,,,CHEMBL2147_Ki
99182118,mondrian_iqr,cliffA,noncliff,272,251,0.9227941176470589,0.8848616265280341,0.9489506690685733,2.7851271788289997,,,,,CHEMBL2147_Ki
99182118,mondrian_iqr,__bins__,__summary__,-1,-1,,,,2.795041047834534,0.8636363636363636,0.11636363636363634,0.7627118644067796,0.23728813559322037,CHEMBL2147_Ki
99182118,mondrian_nb,cliffB_oracle,all,291,270,0.9278350515463918,0.892203389210453,0.952318276758605,2.761136734705861,,,,,CHEMBL2147_Ki
99182118,mondrian_nb,cliffB_oracle,cliff,10,9,0.9,0.5958499732047615,0.9821237869049271,2.6774704002989624,,,,,CHEMBL2147_Ki
99182118,mondrian_nb,cliffB_oracle,noncliff,281,261,0.9288256227758007,0.8926284251532167,0.9534562740257323,2.764114184328882,,,,,CHEMBL2147_Ki
99182118,mondrian_nb,cliffA,all,291,270,0.9278350515463918,0.892203389210453,0.952318276758605,2.761136734705861,,,,,CHEMBL2147_Ki
99182118,mondrian_nb,cliffA,cliff,19,18,0.9473684210526315,0.753612688331012,0.9906480059376995,2.6837195128174822,,,,,CHEMBL2147_Ki
99182118,mondrian_nb,cliffA,noncliff,272,252,0.9264705882352942,0.8891630466858369,0.9518997906116105,2.7665445553524752,,,,,CHEMBL2147_Ki
99182118,mondrian_nb,__bins__,__summary__,-1,-1,,,,2.761136734705861,0.8522727272727273,0.12811942959001776,0.7627118644067796,0.23728813559322037,CHEMBL2147_Ki
99182118,mondrian_nnsim,cliffB_oracle,all,291,267,0.9175257731958762,0.8802186777858876,0.9439530685212651,2.5619394259283044,,,,,CHEMBL2147_Ki
99182118,mondrian_nnsim,cliffB_oracle,cliff,10,9,0.9,0.5958499732047615,0.9821237869049271,2.456580420922368,,,,,CHEMBL2147_Ki
99182118,mondrian_nnsim,cliffB_oracle,noncliff,281,258,0.9181494661921709,0.8801789014459628,0.944841448375834,2.5656888567114335,,,,,CHEMBL2147_Ki
99182118,mondrian_nnsim,cliffA,all,291,267,0.9175257731958762,0.8802186777858876,0.9439530685212651,2.5619394259283044,,,,,CHEMBL2147_Ki
99182118,mondrian_nnsim,cliffA,cliff,19,18,0.9473684210526315,0.753612688331012,0.9906480059376995,2.4221402701647,,,,,CHEMBL2147_Ki
99182118,mondrian_nnsim,cliffA,noncliff,272,249,0.9154411764705882,0.8763165774131132,0.9429946347818139,2.5717048081323792,,,,,CHEMBL2147_Ki
99182118,mondrian_nnsim,__bins__,__summary__,-1,-1,,,,2.5619394259283044,0.8409090909090909,0.13948306595365412,0.7457627118644068,0.23699590882524835,CHEMBL2147_Ki
99182118,mondrian_pairgap,cliffB_oracle,all,291,267,0.9175257731958762,0.8802186777858876,0.9439530685212651,2.6189338468334014,,,,,CHEMBL2147_Ki
99182118,mondrian_pairgap,cliffB_oracle,cliff,10,8,0.8,0.49016247153664183,0.9433178485456247,2.569859815465571,,,,,CHEMBL2147_Ki
99182118,mondrian_pairgap,cliffB_oracle,noncliff,281,259,0.9217081850533808,0.8843105426678534,0.9477312569396609,2.6206802536436444,,,,,CHEMBL2147_Ki
99182118,mondrian_pairgap,cliffA,all,291,267,0.9175257731958762,0.8802186777858876,0.9439530685212651,2.6189338468334014,,,,,CHEMBL2147_Ki
99182118,mondrian_pairgap,cliffA,cliff,19,17,0.8947368421052632,0.6860591728889099,0.9706414397011299,2.510866546147825,,,,,CHEMBL2147_Ki
99182118,mondrian_pairgap,cliffA,noncliff,272,250,0.9191176470588235,0.8805798570640115,0.9459818968317557,2.626482665631291,,,,,CHEMBL2147_Ki
99182118,mondrian_pairgap,__bins__,__summary__,-1,-1,,,,2.6189338468334014,0.8636363636363636,0.09714795008912658,0.7288135593220338,0.27118644067796616,CHEMBL2147_Ki
99182118,mondrian_rfstd,cliffB_oracle,all,291,269,0.9243986254295533,0.8881916683093452,0.9495466911057444,2.4316319633220957,,,,,CHEMBL2147_Ki
99182118,mondrian_rfstd,cliffB_oracle,cliff,10,8,0.8,0.49016247153664183,0.9433178485456247,2.2434569547187158,,,,,CHEMBL2147_Ki
99182118,mondrian_rfstd,cliffB_oracle,noncliff,281,261,0.9288256227758007,0.8926284251532167,0.9534562740257323,2.438328582845348,,,,,CHEMBL2147_Ki
99182118,mondrian_rfstd,cliffA,all,291,269,0.9243986254295533,0.8881916683093452,0.9495466911057444,2.4316319633220957,,,,,CHEMBL2147_Ki
99182118,mondrian_rfstd,cliffA,cliff,19,17,0.8947368421052632,0.6860591728889099,0.9706414397011299,2.2838086123410166,,,,,CHEMBL2147_Ki
99182118,mondrian_rfstd,cliffA,noncliff,272,252,0.9264705882352942,0.8891630466858369,0.9518997906116105,2.441957859162686,,,,,CHEMBL2147_Ki
99182118,mondrian_rfstd,__bins__,__summary__,-1,-1,,,,2.4316319633220957,0.8977272727272727,0.06305704099821752,0.896551724137931,0.06896551724137934,CHEMBL2147_Ki
89709943,global,cliffB_oracle,all,291,260,0.8934707903780069,0.8527580547767386,0.9239305456526359,2.153711466453906,,,,,CHEMBL2147_Ki
89709943,global,cliffB_oracle,cliff,11,8,0.7272727272727273,0.43435469882387084,0.902539407099751,2.153711466453906,,,,,CHEMBL2147_Ki
89709943,global,cliffB_oracle,noncliff,280,252,0.9,0.8592686306685071,0.9299043144349894,2.153711466453906,,,,,CHEMBL2147_Ki
89709943,global,cliffA,all,291,260,0.8934707903780069,0.8527580547767386,0.9239305456526359,2.153711466453906,,,,,CHEMBL2147_Ki
89709943,global,cliffA,cliff,16,13,0.8125,0.5699111903802586,0.9340840092857187,2.153711466453906,,,,,CHEMBL2147_Ki
89709943,global,cliffA,noncliff,275,247,0.8981818181818182,0.8567801273373918,0.9286124069228219,2.1537114664539057,,,,,CHEMBL2147_Ki
89709943,global,__bins__,__summary__,-1,-1,,,,2.153711466453906,0.8333333333333334,0.125,0.8070175438596491,0.1584996975196613,CHEMBL2147_Ki
89709943,mondrian_pair,cliffB_oracle,all,291,262,0.9003436426116839,0.8605411305109263,0.929714083026385,2.215104831861529,,,,,CHEMBL2147_Ki
89709943,mondrian_pair,cliffB_oracle,cliff,11,8,0.7272727272727273,0.43435469882387084,0.902539407099751,2.1655018299972926,,,,,CHEMBL2147_Ki
89709943,mondrian_pair,cliffB_oracle,noncliff,280,254,0.9071428571428571,0.8674218521188132,0.9358434670043886,2.2170535212204814,,,,,CHEMBL2147_Ki
89709943,mondrian_pair,cliffA,all,291,262,0.9003436426116839,0.8605411305109263,0.929714083026385,2.215104831861529,,,,,CHEMBL2147_Ki
89709943,mondrian_pair,cliffA,cliff,16,13,0.8125,0.5699111903802586,0.9340840092857187,2.1770679145665977,,,,,CHEMBL2147_Ki
89709943,mondrian_pair,cliffA,noncliff,275,249,0.9054545454545454,0.8650757010384376,0.9346619023406841,2.2173178888677807,,,,,CHEMBL2147_Ki
89709943,mondrian_pair,__bins__,__summary__,-1,-1,,,,2.215104831861529,0.8333333333333334,0.125,0.8070175438596491,0.1584996975196613,CHEMBL2147_Ki
89709943,mondrian_wstd,cliffB_oracle,all,291,261,0.8969072164948454,0.8566438681148061,0.9268280388685368,2.3767475220945684,,,,,CHEMBL2147_Ki
89709943,mondrian_wstd,cliffB_oracle,cliff,11,8,0.7272727272727273,0.43435469882387084,0.902539407099751,2.171693353312864,,,,,CHEMBL2147_Ki
89709943,mondrian_wstd,cliffB_oracle,noncliff,280,253,0.9035714285714286,0.8633383863305362,0.932880745782813,2.384803221582421,,,,,CHEMBL2147_Ki
89709943,mondrian_wstd,cliffA,all,291,261,0.8969072164948454,0.8566438681148061,0.9268280388685368,2.3767475220945684,,,,,CHEMBL2147_Ki
89709943,mondrian_wstd,cliffA,cliff,16,12,0.75,0.5050168346449122,0.8981793250878696,2.1875547009969294,,,,,CHEMBL2147_Ki
89709943,mondrian_wstd,cliffA,noncliff,275,249,0.9054545454545454,0.8650757010384376,0.9346619023406841,2.3877551044129763,,,,,CHEMBL2147_Ki
89709943,mondrian_wstd,__bins__,__summary__,-1,-1,,,,2.3767475220945684,0.7916666666666666,0.16751700680272108,0.7894736842105263,0.17604355716878406,CHEMBL2147_Ki
89709943,mondrian_std,cliffB_oracle,all,291,262,0.9003436426116839,0.8605411305109263,0.929714083026385,2.377414815459802,,,,,CHEMBL2147_Ki
89709943,mondrian_std,cliffB_oracle,cliff,11,8,0.7272727272727273,0.43435469882387084,0.902539407099751,2.202152260801985,,,,,CHEMBL2147_Ki
89709943,mondrian_std,cliffB_oracle,noncliff,280,254,0.9071428571428571,0.8674218521188132,0.9358434670043886,2.384300130107073,,,,,CHEMBL2147_Ki
89709943,mondrian_std,cliffA,all,291,262,0.9003436426116839,0.8605411305109263,0.929714083026385,2.377414815459802,,,,,CHEMBL2147_Ki
89709943,mondrian_std,cliffA,cliff,16,12,0.75,0.5050168346449122,0.8981793250878696,2.2084951998957,,,,,CHEMBL2147_Ki
89709943,mondrian_std,cliffA,noncliff,275,250,0.9090909090909091,0.8692451836464758,0.9376649542920998,2.387242865819895,,,,,CHEMBL2147_Ki
89709943,mondrian_std,__bins__,__summary__,-1,-1,,,,2.377414815459802,0.7916666666666666,0.16751700680272108,0.7894736842105263,0.17604355716878406,CHEMBL2147_Ki
89709943,mondrian_iqr,cliffB_oracle,all,291,273,0.9381443298969072,0.9043529094026473,0.9605186762283154,2.53417472659327,,,,,CHEMBL2147_Ki
89709943,mondrian_iqr,cliffB_oracle,cliff,11,9,0.8181818181818182,0.523019438039156,0.9486323102539149,2.4669688154045093,,,,,CHEMBL2147_Ki
89709943,mondrian_iqr,cliffB_oracle,noncliff,280,264,0.9428571428571428,0.909203304955577,0.9645238842661512,2.536814958818543,,,,,CHEMBL2147_Ki
89709943,mondrian_iqr,cliffA,all,291,273,0.9381443298969072,0.9043529094026473,0.9605186762283154,2.53417472659327,,,,,CHEMBL2147_Ki
89709943,mondrian_iqr,cliffA,cliff,16,13,0.8125,0.5699111903802586,0.9340840092857187,2.31246413026333,,,,,CHEMBL2147_Ki
89709943,mondrian_iqr,cliffA,noncliff,275,260,0.9454545454545454,0.9119659999409054,0.9666694835922104,2.5470742521979215,,,,,CHEMBL2147_Ki
89709943,mondrian_iqr,__bins__,__summary__,-1,-1,,,,2.53417472659327,0.8541666666666666,0.10501700680272108,0.8771929824561403,0.10556563823351484,CHEMBL2147_Ki
89709943,mondrian_nb,cliffB_oracle,all,291,266,0.9140893470790378,0.8762555578162776,0.9411328819369069,2.3118193714272683,,,,,CHEMBL2147_Ki
89709943,mondrian_nb,cliffB_oracle,cliff,11,9,0.8181818181818182,0.523019438039156,0.9486323102539149,2.2016063578323894,,,,,CHEMBL2147_Ki
89709943,mondrian_nb,cliffB_oracle,noncliff,280,257,0.9178571428571428,0.8797617012147206,0.9446421789380391,2.316149168389925,,,,,CHEMBL2147_Ki
89709943,mondrian_nb,cliffA,all,291,266,0.9140893470790378,0.8762555578162776,0.9411328819369069,2.3118193714272683,,,,,CHEMBL2147_Ki
89709943,mondrian_nb,cliffA,cliff,16,13,0.8125,0.5699111903802586,0.9340840092857187,2.1976595506506422,,,,,CHEMBL2147_Ki
89709943,mondrian_nb,cliffA,noncliff,275,253,0.92,0.8818498545350437,0.9465778870818942,2.318461397363363,,,,,CHEMBL2147_Ki
89709943,mondrian_nb,__bins__,__summary__,-1,-1,,,,2.3118193714272683,0.8333333333333334,0.125,0.8421052631578947,0.1234119782214157,CHEMBL2147_Ki
89709943,mondrian_nnsim,cliffB_oracle,all,291,267,0.9175257731958762,0.8802186777858876,0.9439530685212651,2.321428585897622,,,,,CHEMBL2147_Ki
89709943,mondrian_nnsim,cliffB_oracle,cliff,11,10,0.9090909090909091,0.6226415635484043,0.9837678271141151,2.6457044624713113,,,,,CHEMBL2147_Ki
89709943,mondrian_nnsim,cliffB_oracle,noncliff,280,257,0.9178571428571428,0.8797617012147206,0.9446421789380391,2.3086891764607986,,,,,CHEMBL2147_Ki
89709943,mondrian_nnsim,cliffA,all,291,267,0.9175257731958762,0.8802186777858876,0.9439530685212651,2.321428585897622,,,,,CHEMBL2147_Ki
89709943,mondrian_nnsim,cliffA,cliff,16,14,0.875,0.639771727342413,0.9650225122567595,2.5312146979583963,,,,,CHEMBL2147_Ki
89709943,mondrian_nnsim,cliffA,noncliff,275,253,0.92,0.8818498545350437,0.9465778870818942,2.3092228484686315,,,,,CHEMBL2147_Ki
89709943,mondrian_nnsim,__bins__,__summary__,-1,-1,,,,2.321428585897622,0.875,0.06377551020408168,0.8305084745762712,0.15225014611338394,CHEMBL2147_Ki
89709943,mondrian_pairgap,cliffB_oracle,all,291,263,0.9037800687285223,0.8644503517000864,0.9325881683911931,2.222690845684269,,,,,CHEMBL2147_Ki
89709943,mondrian_pairgap,cliffB_oracle,cliff,11,9,0.8181818181818182,0.523019438039156,0.9486323102539149,2.2146685489177145,,,,,CHEMBL2147_Ki
89709943,mondrian_pairgap,cliffB_oracle,noncliff,280,254,0.9071428571428571,0.8674218521188132,0.9358434670043886,2.2230060073429545,,,,,CHEMBL2147_Ki
89709943,mondrian_pairgap,cliffA,all,291,263,0.9037800687285223,0.8644503517000864,0.9325881683911931,2.222690845684269,,,,,CHEMBL2147_Ki
89709943,mondrian_pairgap,cliffA,cliff,16,14,0.875,0.639771727342413,0.9650225122567595,2.2149125288246374,,,,,CHEMBL2147_Ki
89709943,mondrian_pairgap,cliffA,noncliff,275,249,0.9054545454545454,0.8650757010384376,0.9346619023406841,2.2231434023015564,,,,,CHEMBL2147_Ki
89709943,mondrian_pairgap,__bins__,__summary__,-1,-1,,,,2.222690845684269,0.8541666666666666,0.10416666666666674,0.8245614035087719,0.14095583787053845,CHEMBL2147_Ki
89709943,mondrian_rfstd,cliffB_oracle,all,291,274,0.9415807560137457,0.9084454496380101,0.9632094425469211,2.4805361479070966,,,,,CHEMBL2147_Ki
89709943,mondrian_rfstd,cliffB_oracle,cliff,11,10,0.9090909090909091,0.6226415635484043,0.9837678271141151,2.197317458930162,,,,,CHEMBL2147_Ki
89709943,mondrian_rfstd,cliffB_oracle,noncliff,280,264,0.9428571428571428,0.909203304955577,0.9645238842661512,2.4916625964026196,,,,,CHEMBL2147_Ki
89709943,mondrian_rfstd,cliffA,all,291,274,0.9415807560137457,0.9084454496380101,0.9632094425469211,2.4805361479070966,,,,,CHEMBL2147_Ki
89709943,mondrian_rfstd,cliffA,cliff,16,15,0.9375,0.7167126242970107,0.9888806552353576,2.4179207721253984,,,,,CHEMBL2147_Ki
89709943,mondrian_rfstd,cliffA,noncliff,275,259,0.9418181818181818,0.9075897872860039,0.9638731616876577,2.4841792243162137,,,,,CHEMBL2147_Ki
89709943,mondrian_rfstd,__bins__,__summary__,-1,-1,,,,2.4805361479070966,0.9166666666666666,0.04251700680272108,0.9137931034482759,0.06925774400935125,CHEMBL2147_Ki
86921808,global,cliffB_oracle,all,291,274,0.9415807560137457,0.9084454496380101,0.9632094425469211,2.6208737998381384,,,,,CHEMBL2147_Ki
86921808,global,cliffB_oracle,cliff,4,4,1.0,0.5101091635454027,1.0,2.6208737998381375,,,,,CHEMBL2147_Ki
86921808,global,cliffB_oracle,noncliff,287,270,0.9407665505226481,0.9071976065599595,0.9626921300197774,2.6208737998381384,,,,,CHEMBL2147_Ki
86921808,global,cliffA,all,291,274,0.9415807560137457,0.9084454496380101,0.9632094425469211,2.6208737998381384,,,,,CHEMBL2147_Ki
86921808,global,cliffA,cliff,11,11,1.0,0.7411670330319684,1.0,2.620873799838138,,,,,CHEMBL2147_Ki
86921808,global,cliffA,noncliff,280,263,0.9392857142857143,0.9049300629422737,0.9617509392696019,2.6208737998381384,,,,,CHEMBL2147_Ki
86921808,global,__bins__,__summary__,-1,-1,,,,2.6208737998381384,0.9166666666666666,0.0625,0.8305084745762712,0.1694915254237288,CHEMBL2147_Ki
86921808,mondrian_pair,cliffB_oracle,all,291,277,0.9518900343642611,0.9208761716332858,0.9711286402135504,2.6606124408281673,,,,,CHEMBL2147_Ki
86921808,mondrian_pair,cliffB_oracle,cliff,4,4,1.0,0.5101091635454027,1.0,2.568381885308881,,,,,CHEMBL2147_Ki
86921808,mondrian_pair,cliffB_oracle,noncliff,287,273,0.9512195121951219,0.9197963356350937,0.9707231970690636,2.6618978841106657,,,,,CHEMBL2147_Ki
86921808,mondrian_pair,cliffA,all,291,277,0.9518900343642611,0.9208761716332858,0.9711286402135504,2.6606124408281673,,,,,CHEMBL2147_Ki
86921808,mondrian_pair,cliffA,cliff,11,11,1.0,0.7411670330319684,1.0,2.487945047178676,,,,,CHEMBL2147_Ki
86921808,mondrian_pair,cliffA,noncliff,280,266,0.95,0.9178339854797117,0.9699855777617219,2.66739580272154,,,,,CHEMBL2147_Ki
86921808,mondrian_pair,__bins__,__summary__,-1,-1,,,,2.6606124408281673,0.9375,0.04166666666666663,0.864406779661017,0.13559322033898302,CHEMBL2147_Ki
86921808,mondrian_wstd,cliffB_oracle,all,291,271,0.9312714776632303,0.8962333353733791,0.955071637149647,2.5121759901647516,,,,,CHEMBL2147_Ki
86921808,mondrian_wstd,cliffB_oracle,cliff,4,4,1.0,0.5101091635454027,1.0,2.6213042276073346,,,,,CHEMBL2147_Ki
86921808,mondrian_wstd,cliffB_oracle,noncliff,287,267,0.9303135888501742,0.8948208015206058,0.9544391389347104,2.5106550391202553,,,,,CHEMBL2147_Ki
86921808,mondrian_wstd,cliffA,all,291,271,0.9312714776632303,0.8962333353733791,0.955071637149647,2.5121759901647516,,,,,CHEMBL2147_Ki
86921808,mondrian_wstd,cliffA,cliff,11,9,0.8181818181818182,0.523019438039156,0.9486323102539149,2.1079815496097223,,,,,CHEMBL2147_Ki
86921808,mondrian_wstd,cliffA,noncliff,280,262,0.9357142857142857,0.9006819688438781,0.9589528463581449,2.52805505747227,,,,,CHEMBL2147_Ki
86921808,mondrian_wstd,__bins__,__summary__,-1,-1,,,,2.5121759901647516,0.8541666666666666,0.14583333333333337,0.8305084745762712,0.15225014611338394,CHEMBL2147_Ki
86921808,mondrian_std,cliffB_oracle,all,291,270,0.9278350515463918,0.892203389210453,0.952318276758605,2.4996783155949402,,,,,CHEMBL2147_Ki
86921808,mondrian_std,cliffB_oracle,cliff,4,4,1.0,0.5101091635454027,1.0,2.664822125274434,,,,,CHEMBL2147_Ki
86921808,mondrian_std,cliffB_oracle,noncliff,287,266,0.926829268292683,0.8907365847826135,0.9516467569645625,2.4973766597109055,,,,,CHEMBL2147_Ki
86921808,mondrian_std,cliffA,all,291,270,0.9278350515463918,0.892203389210453,0.952318276758605,2.4996783155949402,,,,,CHEMBL2147_Ki
86921808,mondrian_std,cliffA,cliff,11,10,0.9090909090909091,0.6226415635484043,0.9837678271141151,2.0476763071548536,,,,,CHEMBL2147_Ki
86921808,mondrian_std,cliffA,noncliff,280,260,0.9285714285714286,0.8922541164091411,0.9532883247731767,2.517435537355086,,,,,CHEMBL2147_Ki
86921808,mondrian_std,__bins__,__summary__,-1,-1,,,,2.4996783155949402,0.8125,0.1875,0.8305084745762712,0.1350087668030392,CHEMBL2147_Ki
86921808,mondrian_iqr,cliffB_oracle,all,291,275,0.9450171821305842,0.9125621038338164,0.965876094905083,2.644090368518931,,,,,CHEMBL2147_Ki
86921808,mondrian_iqr,cliffB_oracle,cliff,4,4,1.0,0.5101091635454027,1.0,2.581938898513515,,,,,CHEMBL2147_Ki
86921808,mondrian_iqr,cliffB_oracle,noncliff,287,271,0.9442508710801394,0.911369857474451,0.965396477813426,2.644956591097404,,,,,CHEMBL2147_Ki
86921808,mondrian_iqr,cliffA,all,291,275,0.9450171821305842,0.9125621038338164,0.965876094905083,2.644090368518931,,,,,CHEMBL2147_Ki
86921808,mondrian_iqr,cliffA,cliff,11,10,0.9090909090909091,0.6226415635484043,0.9837678271141151,2.289809854689844,,,,,CHEMBL2147_Ki
86921808,mondrian_iqr,cliffA,noncliff,280,265,0.9464285714285714,0.9135038000071873,0.9672695762243935,2.658008531562217,,,,,CHEMBL2147_Ki
86921808,mondrian_iqr,__bins__,__summary__,-1,-1,,,,2.644090368518931,0.9166666666666666,0.04292929292929293,0.8813559322033898,0.10140268848626532,CHEMBL2147_Ki
86921808,mondrian_nb,cliffB_oracle,all,291,275,0.9450171821305842,0.9125621038338164,0.965876094905083,2.562453801178722,,,,,CHEMBL2147_Ki
86921808,mondrian_nb,cliffB_oracle,cliff,4,4,1.0,0.5101091635454027,1.0,2.4053041305864267,,,,,CHEMBL2147_Ki
86921808,mondrian_nb,cliffB_oracle,noncliff,287,271,0.9442508710801394,0.911369857474451,0.965396477813426,2.5646440404901125,,,,,CHEMBL2147_Ki
86921808,mondrian_nb,cliffA,all,291,275,0.9450171821305842,0.9125621038338164,0.965876094905083,2.562453801178722,,,,,CHEMBL2147_Ki
86921808,mondrian_nb,cliffA,cliff,11,10,0.9090909090909091,0.6226415635484043,0.9837678271141151,2.2256011827237696,,,,,CHEMBL2147_Ki
86921808,mondrian_nb,cliffA,noncliff,280,265,0.9464285714285714,0.9135038000071873,0.9672695762243935,2.5756872969037383,,,,,CHEMBL2147_Ki
86921808,mondrian_nb,__bins__,__summary__,-1,-1,,,,2.562453801178722,0.8541666666666666,0.13573232323232332,0.8305084745762712,0.1694915254237288,CHEMBL2147_Ki
86921808,mondrian_nnsim,cliffB_oracle,all,291,272,0.9347079037800687,0.9002827201745677,0.9578055589024269,2.593141369547166,,,,,CHEMBL2147_Ki
86921808,mondrian_nnsim,cliffB_oracle,cliff,4,4,1.0,0.5101091635454027,1.0,2.935082033706352,,,,,CHEMBL2147_Ki
86921808,mondrian_nnsim,cliffB_oracle,noncliff,287,268,0.9337979094076655,0.8989247567554687,0.9572117824079877,2.5883756460048777,,,,,CHEMBL2147_Ki
86921808,mondrian_nnsim,cliffA,all,291,272,0.9347079037800687,0.9002827201745677,0.9578055589024269,2.593141369547166,,,,,CHEMBL2147_Ki
86921808,mondrian_nnsim,cliffA,cliff,11,10,0.9090909090909091,0.6226415635484043,0.9837678271141151,2.778018618948899,,,,,CHEMBL2147_Ki
86921808,mondrian_nnsim,cliffA,noncliff,280,262,0.9357142857142857,0.9006819688438781,0.9589528463581449,2.585878334749241,,,,,CHEMBL2147_Ki
86921808,mondrian_nnsim,__bins__,__summary__,-1,-1,,,,2.593141369547166,0.8958333333333334,0.08333333333333326,0.7966101694915254,0.2033898305084746,CHEMBL2147_Ki
86921808,mondrian_pairgap,cliffB_oracle,all,291,273,0.9381443298969072,0.9043529094026473,0.9605186762283154,2.559731633537976,,,,,CHEMBL2147_Ki
86921808,mondrian_pairgap,cliffB_oracle,cliff,4,4,1.0,0.5101091635454027,1.0,2.261337242437728,,,,,CHEMBL2147_Ki
86921808,mondrian_pairgap,cliffB_oracle,noncliff,287,269,0.9372822299651568,0.9030498356138723,0.9599633022577241,2.563890440382579,,,,,CHEMBL2147_Ki
86921808,mondrian_pairgap,cliffA,all,291,273,0.9381443298969072,0.9043529094026473,0.9605186762283154,2.559731633537976,,,,,CHEMBL2147_Ki
86921808,mondrian_pairgap,cliffA,cliff,11,10,0.9090909090909091,0.6226415635484043,0.9837678271141151,2.0971609562517526,,,,,CHEMBL2147_Ki
86921808,mondrian_pairgap,cliffA,noncliff,280,263,0.9392857142857143,0.9049300629422737,0.9617509392696019,2.5779040530027917,,,,,CHEMBL2147_Ki
86921808,mondrian_pairgap,__bins__,__summary__,-1,-1,,,,2.559731633537976,0.8958333333333334,0.0625,0.8305084745762712,0.15225014611338394,CHEMBL2147_Ki
86921808,mondrian_rfstd,cliffB_oracle,all,291,280,0.9621993127147767,0.9335909052461102,0.978763826262631,2.526363771066396,,,,,CHEMBL2147_Ki
86921808,mondrian_rfstd,cliffB_oracle,cliff,4,4,1.0,0.5101091635454027,1.0,3.103493841801245,,,,,CHEMBL2147_Ki
86921808,mondrian_rfstd,cliffB_oracle,noncliff,287,276,0.9616724738675958,0.9326833156091753,0.9784660132194026,2.5183201463871643,,,,,CHEMBL2147_Ki
86921808,mondrian_rfstd,cliffA,all,291,280,0.9621993127147767,0.9335909052461102,0.978763826262631,2.526363771066396,,,,,CHEMBL2147_Ki
86921808,mondrian_rfstd,cliffA,cliff,11,11,1.0,0.7411670330319684,1.0,2.5256972092403625,,,,,CHEMBL2147_Ki
86921808,mondrian_rfstd,cliffA,noncliff,280,269,0.9607142857142857,0.9310338901194122,0.9779242341515795,2.526389957423847,,,,,CHEMBL2147_Ki
86921808,mondrian_rfstd,__bins__,__summary__,-1,-1,,,,2.526363771066396,0.9583333333333334,0.02083333333333326,0.9482758620689655,0.051724137931034475,CHEMBL2147_Ki
89165191,global,cliffB_oracle,all,291,265,0.9106529209621993,0.8723069344034199,0.9382981987957962,2.447982393055261,,,,,CHEMBL2147_Ki
89165191,global,cliffB_oracle,cliff,9,6,0.6666666666666666,0.3542021355803963,0.879416181613089,2.4479823930552596,,,,,CHEMBL2147_Ki
89165191,global,cliffB_oracle,noncliff,282,259,0.9184397163120568,0.8805932181092253,0.9450392880138307,2.4479823930552613,,,,,CHEMBL2147_Ki
89165191,global,cliffA,all,291,265,0.9106529209621993,0.8723069344034199,0.9382981987957962,2.447982393055261,,,,,CHEMBL2147_Ki
89165191,global,cliffA,cliff,16,13,0.8125,0.5699111903802586,0.9340840092857187,2.4479823930552604,,,,,CHEMBL2147_Ki
89165191,global,cliffA,noncliff,275,252,0.9163636363636364,0.8776313749258603,0.9436238321316234,2.4479823930552613,,,,,CHEMBL2147_Ki
89165191,global,__bins__,__summary__,-1,-1,,,,2.447982393055261,0.8958333333333334,0.04166666666666663,0.7457627118644068,0.2197545295149036,CHEMBL2147_Ki
89165191,mondrian_pair,cliffB_oracle,all,291,265,0.9106529209621993,0.8723069344034199,0.9382981987957962,2.439590944117307,,,,,CHEMBL2147_Ki
89165191,mondrian_pair,cliffB_oracle,cliff,9,6,0.6666666666666666,0.3542021355803963,0.879416181613089,2.481001149294399,,,,,CHEMBL2147_Ki
89165191,mondrian_pair,cliffB_oracle,noncliff,282,259,0.9184397163120568,0.8805932181092253,0.9450392880138307,2.438269341824421,,,,,CHEMBL2147_Ki
89165191,mondrian_pair,cliffA,all,291,265,0.9106529209621993,0.8723069344034199,0.9382981987957962,2.439590944117307,,,,,CHEMBL2147_Ki
89165191,mondrian_pair,cliffA,cliff,16,13,0.8125,0.5699111903802586,0.9340840092857187,2.479890311378974,,,,,CHEMBL2147_Ki
89165191,mondrian_pair,cliffA,noncliff,275,252,0.9163636363636364,0.8776313749258603,0.9436238321316234,2.4372462536584467,,,,,CHEMBL2147_Ki
89165191,mondrian_pair,__bins__,__summary__,-1,-1,,,,2.439590944117307,0.8958333333333334,0.04166666666666663,0.7457627118644068,0.2197545295149036,CHEMBL2147_Ki
89165191,mondrian_wstd,cliffB_oracle,all,291,266,0.9140893470790378,0.8762555578162776,0.9411328819369069,2.547591778835129,,,,,CHEMBL2147_Ki
89165191,mondrian_wstd,cliffB_oracle,cliff,9,6,0.6666666666666666,0.3542021355803963,0.879416181613089,2.4393579503473477,,,,,CHEMBL2147_Ki
89165191,mondrian_wstd,cliffB_oracle,noncliff,282,260,0.9219858156028369,0.8847107320691647,0.9479186596990019,2.5510460499570793,,,,,CHEMBL2147_Ki
89165191,mondrian_wstd,cliffA,all,291,266,0.9140893470790378,0.8762555578162776,0.9411328819369069,2.547591778835129,,,,,CHEMBL2147_Ki
89165191,mondrian_wstd,cliffA,cliff,16,13,0.8125,0.5699111903802586,0.9340840092857187,2.4698848506393576,,,,,CHEMBL2147_Ki
89165191,mondrian_wstd,cliffA,noncliff,275,253,0.92,0.8818498545350437,0.9465778870818942,2.552112909202883,,,,,CHEMBL2147_Ki
89165191,mondrian_wstd,__bins__,__summary__,-1,-1,,,,2.547591778835129,0.875,0.06439393939393945,0.7796610169491526,0.1858562244301578,CHEMBL2147_Ki
89165191,mondrian_std,cliffB_oracle,all,291,267,0.9175257731958762,0.8802186777858876,0.9439530685212651,2.532744906125937,,,,,CHEMBL2147_Ki
89165191,mondrian_std,cliffB_oracle,cliff,9,6,0.6666666666666666,0.3542021355803963,0.879416181613089,2.3755715711788885,,,,,CHEMBL2147_Ki
89165191,mondrian_std,cliffB_oracle,noncliff,282,261,0.925531914893617,0.8888460008144532,0.9507802765988238,2.5377610763902045,,,,,CHEMBL2147_Ki
89165191,mondrian_std,cliffA,all,291,267,0.9175257731958762,0.8802186777858876,0.9439530685212651,2.532744906125937,,,,,CHEMBL2147_Ki
89165191,mondrian_std,cliffA,cliff,16,13,0.8125,0.5699111903802586,0.9340840092857187,2.3958219638825984,,,,,CHEMBL2147_Ki
89165191,mondrian_std,cliffA,noncliff,275,254,0.9236363636363636,0.8860865971501332,0.9495136790262585,2.5407113318564583,,,,,CHEMBL2147_Ki
89165191,mondrian_std,__bins__,__summary__,-1,-1,,,,2.532744906125937,0.875,0.06439393939393945,0.7796610169491526,0.1858562244301578,CHEMBL2147_Ki
89165191,mondrian_iqr,cliffB_oracle,all,291,268,0.9209621993127147,0.8841970888210327,0.9467579640400885,2.593312933380019,,,,,CHEMBL2147_Ki
89165191,mondrian_iqr,cliffB_oracle,cliff,9,6,0.6666666666666666,0.3542021355803963,0.879416181613089,2.241655929595937,,,,,CHEMBL2147_Ki
89165191,mondrian_iqr,cliffB_oracle,noncliff,282,262,0.9290780141843972,0.8930001433779919,0.9536230196803959,2.6045360292454687,,,,,CHEMBL2147_Ki
89165191,mondrian_iqr,cliffA,all,291,268,0.9209621993127147,0.8841970888210327,0.9467579640400885,2.593312933380019,,,,,CHEMBL2147_Ki
89165191,mondrian_iqr,cliffA,cliff,16,13,0.8125,0.5699111903802586,0.9340840092857187,2.2811742694008745,,,,,CHEMBL2147_Ki
89165191,mondrian_iqr,cliffA,noncliff,275,255,0.9272727272727272,0.8903427507753248,0.9524300599605209,2.6114737283751692,,,,,CHEMBL2147_Ki
89165191,mondrian_iqr,__bins__,__summary__,-1,-1,,,,2.593312933380019,0.8958333333333334,0.04166666666666663,0.7627118644067796,0.2200467562828755,CHEMBL2147_Ki
89165191,mondrian_nb,cliffB_oracle,all,291,263,0.9037800687285223,0.8644503517000864,0.9325881683911931,2.527503823196053,,,,,CHEMBL2147_Ki
89165191,mondrian_nb,cliffB_oracle,cliff,9,6,0.6666666666666666,0.3542021355803963,0.879416181613089,2.4856984232815,,,,,CHEMBL2147_Ki
89165191,mondrian_nb,cliffB_oracle,noncliff,282,257,0.9113475177304965,0.8724075349852658,0.9392311998475689,2.5288380380869433,,,,,CHEMBL2147_Ki
89165191,mondrian_nb,cliffA,all,291,263,0.9037800687285223,0.8644503517000864,0.9325881683911931,2.527503823196053,,,,,CHEMBL2147_Ki
89165191,mondrian_nb,cliffA,cliff,16,13,0.8125,0.5699111903802586,0.9340840092857187,2.5394303749715337,,,,,CHEMBL2147_Ki
89165191,mondrian_nb,cliffA,noncliff,275,250,0.9090909090909091,0.8692451836464758,0.9376649542920998,2.5268099147291165,,,,,CHEMBL2147_Ki
89165191,mondrian_nb,__bins__,__summary__,-1,-1,,,,2.527503823196053,0.875,0.04419191919191923,0.7457627118644068,0.2197545295149036,CHEMBL2147_Ki
89165191,mondrian_nnsim,cliffB_oracle,all,291,270,0.9278350515463918,0.892203389210453,0.952318276758605,2.6932196291288832,,,,,CHEMBL2147_Ki
89165191,mondrian_nnsim,cliffB_oracle,cliff,9,6,0.6666666666666666,0.3542021355803963,0.879416181613089,2.6255940324860454,,,,,CHEMBL2147_Ki
89165191,mondrian_nnsim,cliffB_oracle,noncliff,282,264,0.9361702127659575,0.901370218275314,0.9592467160732951,2.695377892851527,,,,,CHEMBL2147_Ki
89165191,mondrian_nnsim,cliffA,all,291,270,0.9278350515463918,0.892203389210453,0.952318276758605,2.6932196291288832,,,,,CHEMBL2147_Ki
89165191,mondrian_nnsim,cliffA,cliff,16,13,0.8125,0.5699111903802586,0.9340840092857187,2.6072300989893993,,,,,CHEMBL2147_Ki
89165191,mondrian_nnsim,cliffA,noncliff,275,257,0.9345454545454546,0.8989185930976684,0.9581992867570854,2.698222656336999,,,,,CHEMBL2147_Ki
89165191,mondrian_nnsim,__bins__,__summary__,-1,-1,,,,2.6932196291288832,0.8958333333333334,0.0625,0.7966101694915254,0.18614845119812973,CHEMBL2147_Ki
89165191,mondrian_pairgap,cliffB_oracle,all,291,264,0.9072164948453608,0.8683720853184892,0.9354497413267587,2.3715342376874258,,,,,CHEMBL2147_Ki
89165191,mondrian_pairgap,cliffB_oracle,cliff,9,6,0.6666666666666666,0.3542021355803963,0.879416181613089,2.301301175910809,,,,,CHEMBL2147_Ki
89165191,mondrian_pairgap,cliffB_oracle,noncliff,282,258,0.9148936170212766,0.8764924543779686,0.9421431660999766,2.3737757183824244,,,,,CHEMBL2147_Ki
89165191,mondrian_pairgap,cliffA,all,291,264,0.9072164948453608,0.8683720853184892,0.9354497413267587,2.3715342376874258,,,,,CHEMBL2147_Ki
89165191,mondrian_pairgap,cliffA,cliff,16,13,0.8125,0.5699111903802586,0.9340840092857187,2.2602197283750654,,,,,CHEMBL2147_Ki
89165191,mondrian_pairgap,cliffA,noncliff,275,251,0.9127272727272727,0.8734301277490006,0.940652544749029,2.3780107182292363,,,,,CHEMBL2147_Ki
89165191,mondrian_pairgap,__bins__,__summary__,-1,-1,,,,2.3715342376874258,0.8958333333333334,0.04166666666666663,0.7457627118644068,0.2197545295149036,CHEMBL2147_Ki
89165191,mondrian_rfstd,cliffB_oracle,all,291,271,0.9312714776632303,0.8962333353733791,0.955071637149647,2.573886142630647,,,,,CHEMBL2147_Ki
89165191,mondrian_rfstd,cliffB_oracle,cliff,9,6,0.6666666666666666,0.3542021355803963,0.879416181613089,2.614348203039046,,,,,CHEMBL2147_Ki
89165191,mondrian_rfstd,cliffB_oracle,noncliff,282,265,0.9397163120567376,0.9055891573874618,0.962024662606258,2.5725948002771877,,,,,CHEMBL2147_Ki
89165191,mondrian_rfstd,cliffA,all,291,271,0.9312714776632303,0.8962333353733791,0.955071637149647,2.573886142630647,,,,,CHEMBL2147_Ki
89165191,mondrian_rfstd,cliffA,cliff,16,13,0.8125,0.5699111903802586,0.9340840092857187,2.5256764641624185,,,,,CHEMBL2147_Ki
89165191,mondrian_rfstd,cliffA,noncliff,275,258,0.9381818181818182,0.9032413663157632,0.9610490480984446,2.57669106937789,,,,,CHEMBL2147_Ki
89165191,mondrian_rfstd,__bins__,__summary__,-1,-1,,,,2.573886142630647,0.9166666666666666,0.03282828282828287,0.8813559322033898,0.08416130917592057,CHEMBL2147_Ki
71339737,global,cliffB_oracle,all,191,174,0.9109947643979057,0.8620960305820348,0.9436873019297675,2.965236592112489,,,,,CHEMBL237_EC50
71339737,global,cliffB_oracle,cliff,24,23,0.9583333333333334,0.7975819352134406,0.9926065438344942,2.9652365921124884,,,,,CHEMBL237_EC50
71339737,global,cliffB_oracle,noncliff,167,151,0.9041916167664671,0.850042076143469,0.9401642410578412,2.9652365921124884,,,,,CHEMBL237_EC50
71339737,global,cliffA,all,191,174,0.9109947643979057,0.8620960305820348,0.9436873019297675,2.965236592112489,,,,,CHEMBL237_EC50
71339737,global,cliffA,cliff,42,38,0.9047619047619048,0.7793489419142897,0.9623377511944261,2.9652365921124884,,,,,CHEMBL237_EC50
71339737,global,cliffA,noncliff,149,136,0.912751677852349,0.856452134172779,0.9483033356392266,2.9652365921124884,,,,,CHEMBL237_EC50
71339737,global,__bins__,__summary__,-1,-1,,,,2.965236592112489,0.8571428571428571,0.11428571428571432,0.868421052631579,0.10526315789473684,CHEMBL237_EC50
71339737,mondrian_pair,cliffB_oracle,all,191,180,0.9424083769633508,0.8998310423852448,0.9675408250956125,3.213655967382467,,,,,CHEMBL237_EC50
71339737,mondrian_pair,cliffB_oracle,cliff,24,23,0.9583333333333334,0.7975819352134406,0.9926065438344942,3.115388809443393,,,,,CHEMBL237_EC50
71339737,mondrian_pair,cliffB_oracle,noncliff,167,157,0.9401197604790419,0.8932944484006284,0.967152430329687,3.227778193673112,,,,,CHEMBL237_EC50
71339737,mondrian_pair,cliffA,all,191,180,0.9424083769633508,0.8998310423852448,0.9675408250956125,3.213655967382467,,,,,CHEMBL237_EC50
71339737,mondrian_pair,cliffA,cliff,42,38,0.9047619047619048,0.7793489419142897,0.9623377511944261,3.0939384926818354,,,,,CHEMBL237_EC50
71339737,mondrian_pair,cliffA,noncliff,149,142,0.9530201342281879,0.9062089220562797,0.9770592765178727,3.247401832734323,,,,,CHEMBL237_EC50
71339737,mondrian_pair,__bins__,__summary__,-1,-1,,,,3.213655967382467,0.9142857142857143,0.05793650793650795,0.8947368421052632,0.07894736842105265,CHEMBL237_EC50
71339737,mondrian_wstd,cliffB_oracle,all,191,179,0.93717277486911,0.8934087463507253,0.9636983653019561,3.150598962864559,,,,,CHEMBL237_EC50
71339737,mondrian_wstd,cliffB_oracle,cliff,24,23,0.9583333333333334,0.7975819352134406,0.9926065438344942,3.343076861323111,,,,,CHEMBL237_EC50
71339737,mondrian_wstd,cliffB_oracle,noncliff,167,156,0.9341317365269461,0.8859146810591852,0.9628254374162962,3.1229374684753064,,,,,CHEMBL237_EC50
71339737,mondrian_wstd,cliffA,all,191,179,0.93717277486911,0.8934087463507253,0.9636983653019561,3.150598962864559,,,,,CHEMBL237_EC50
71339737,mondrian_wstd,cliffA,cliff,42,40,0.9523809523809523,0.8421014760304114,0.9868424750910944,3.3119095729955643,,,,,CHEMBL237_EC50
71339737,mondrian_wstd,cliffA,noncliff,149,139,0.9328859060402684,0.8808721748001737,0.9631396593929052,3.1051288579954175,,,,,CHEMBL237_EC50
71339737,mondrian_wstd,__bins__,__summary__,-1,-1,,,,3.150598962864559,0.8857142857142857,0.09387755102040818,0.9210526315789473,0.02631578947368418,CHEMBL237_EC50
71339737,mondrian_std,cliffB_oracle,all,191,181,0.9476439790575916,0.906320771235887,0.971315852073146,3.211224991534968,,,,,CHEMBL237_EC50
71339737,mondrian_std,cliffB_oracle,cliff,24,23,0.9583333333333334,0.7975819352134406,0.9926065438344942,3.382894464180289,,,,,CHEMBL237_EC50
71339737,mondrian_std,cliffB_oracle,noncliff,167,158,0.9461077844311377,0.9007623976017166,0.9713912413834332,3.186553929597916,,,,,CHEMBL237_EC50
71339737,mondrian_std,cliffA,all,191,181,0.9476439790575916,0.906320771235887,0.971315852073146,3.211224991534968,,,,,CHEMBL237_EC50
71339737,mondrian_std,cliffA,cliff,42,40,0.9523809523809523,0.8421014760304114,0.9868424750910944,3.3346624889139527,,,,,CHEMBL237_EC50
71339737,mondrian_std,cliffA,noncliff,149,141,0.9463087248322147,0.8976369864727979,0.9725457573076633,3.17643052918653,,,,,CHEMBL237_EC50
71339737,mondrian_std,__bins__,__summary__,-1,-1,,,,3.211224991534968,0.8857142857142857,0.09387755102040818,0.9230769230769231,0.05060728744939269,CHEMBL237_EC50
71339737,mondrian_iqr,cliffB_oracle,all,191,182,0.9528795811518325,0.9128867711608313,0.9750146079763775,3.1474015001824855,,,,,CHEMBL237_EC50
71339737,mondrian_iqr,cliffB_oracle,cliff,24,23,0.9583333333333334,0.7975819352134406,0.9926065438344942,3.1700196133375105,,,,,CHEMBL237_EC50
71339737,mondrian_iqr,cliffB_oracle,noncliff,167,159,0.9520958083832335,0.9083312387679435,0.9755291604720403,3.144150992902721,,,,,CHEMBL237_EC50
71339737,mondrian_iqr,cliffA,all,191,182,0.9528795811518325,0.9128867711608313,0.9750146079763775,3.1474015001824855,,,,,CHEMBL237_EC50
71339737,mondrian_iqr,cliffA,cliff,42,38,0.9047619047619048,0.7793489419142897,0.9623377511944261,3.0893882088810396,,,,,CHEMBL237_EC50
71339737,mondrian_iqr,cliffA,noncliff,149,144,0.9664429530201343,0.9238562145096428,0.9855828936518919,3.1637542400124232,,,,,CHEMBL237_EC50
71339737,mondrian_iqr,__bins__,__summary__,-1,-1,,,,3.1474015001824855,0.9166666666666666,0.05555555555555558,0.9210526315789473,0.052631578947368474,CHEMBL237_EC50
71339737,mondrian_nb,cliffB_oracle,all,191,181,0.9476439790575916,0.906320771235887,0.971315852073146,3.3062471523695653,,,,,CHEMBL237_EC50
71339737,mondrian_nb,cliffB_oracle,cliff,24,22,0.9166666666666666,0.741511978067893,0.9768411847029567,3.11917135678377,,,,,CHEMBL237_EC50
71339737,mondrian_nb,cliffB_oracle,noncliff,167,159,0.9520958083832335,0.9083312387679435,0.9755291604720403,3.3331322966453674,,,,,CHEMBL237_EC50
71339737,mondrian_nb,cliffA,all,191,181,0.9476439790575916,0.906320771235887,0.971315852073146,3.3062471523695653,,,,,CHEMBL237_EC50
71339737,mondrian_nb,cliffA,cliff,42,37,0.8809523809523809,0.7499960973799032,0.9480619667224176,3.092457270450084,,,,,CHEMBL237_EC50
71339737,mondrian_nb,cliffA,noncliff,149,144,0.9664429530201343,0.9238562145096428,0.9855828936518919,3.3665100721052577,,,,,CHEMBL237_EC50
71339737,mondrian_nb,__bins__,__summary__,-1,-1,,,,3.3062471523695653,0.9387755102040817,0.03265306122448974,0.8947368421052632,0.07962213225371118,CHEMBL237_EC50
71339737,mondrian_nnsim,cliffB_oracle,all,191,183,0.9581151832460733,0.9195401436357831,0.9786259913296016,3.289862575234558,,,,,CHEMBL237_EC50
71339737,mondrian_nnsim,cliffB_oracle,cliff,24,23,0.9583333333333334,0.7975819352134406,0.9926065438344942,3.223134656782344,,,,,CHEMBL237_EC50
71339737,mondrian_nnsim,cliffB_oracle,noncliff,167,160,0.9580838323353293,0.9160173129819531,0.9795498465128651,3.299452216209727,,,,,CHEMBL237_EC50
71339737,mondrian_nnsim,cliffA,all,191,183,0.9581151832460733,0.9195401436357831,0.9786259913296016,3.289862575234558,,,,,CHEMBL237_EC50
71339737,mondrian_nnsim,cliffA,cliff,42,40,0.9523809523809523,0.8421014760304114,0.9868424750910944,3.303164634731891,,,,,CHEMBL237_EC50
71339737,mondrian_nnsim,cliffA,noncliff,149,143,0.959731543624161,0.914937571337344,0.9814160820304993,3.2861130014165183,,,,,CHEMBL237_EC50
71339737,mondrian_nnsim,__bins__,__summary__,-1,-1,,,,3.289862575234558,0.9428571428571428,0.029365079365079372,0.8974358974358975,0.10256410256410253,CHEMBL237_EC50
71339737,mondrian_pairgap,cliffB_oracle,all,191,175,0.9162303664921466,0.8682675631806837,0.9477805251592945,3.025762309023826,,,,,CHEMBL237_EC50
71339737,mondrian_pairgap,cliffB_oracle,cliff,24,23,0.9583333333333334,0.7975819352134406,0.9926065438344942,3.01024377670492,,,,,CHEMBL237_EC50
71339737,mondrian_pairgap,cliffB_oracle,noncliff,167,152,0.9101796407185628,0.8571009047696807,0.9448121726864636,3.0279925172612727,,,,,CHEMBL237_EC50
71339737,mondrian_pairgap,cliffA,all,191,175,0.9162303664921466,0.8682675631806837,0.9477805251592945,3.025762309023826,,,,,CHEMBL237_EC50
71339737,mondrian_pairgap,cliffA,cliff,42,39,0.9285714285714286,0.8099057319884169,0.9754095901266941,3.0107906329312564,,,,,CHEMBL237_EC50
71339737,mondrian_pairgap,cliffA,noncliff,149,136,0.912751677852349,0.856452134172779,0.9483033356392266,3.029982513023073,,,,,CHEMBL237_EC50
71339737,mondrian_pairgap,__bins__,__summary__,-1,-1,,,,3.025762309023826,0.8571428571428571,0.11428571428571432,0.8461538461538461,0.12753036437246967,CHEMBL237_EC50
71339737,mondrian_rfstd,cliffB_oracle,all,191,182,0.9528795811518325,0.9128867711608313,0.9750146079763775,3.3431322159793755,,,,,CHEMBL237_EC50
71339737,mondrian_rfstd,cliffB_oracle,cliff,24,21,0.875,0.6899611872949993,0.9565566591987655,3.286432835938236,,,,,CHEMBL237_EC50
71339737,mondrian_rfstd,cliffB_oracle,noncliff,167,161,0.9640718562874252,0.9238422456604652,0.9834316740891872,3.351280629877503,,,,,CHEMBL237_EC50
71339737,mondrian_rfstd,cliffA,all,191,182,0.9528795811518325,0.9128867711608313,0.9750146079763775,3.3431322159793755,,,,,CHEMBL237_EC50
71339737,mondrian_rfstd,cliffA,cliff,42,39,0.9285714285714286,0.8099057319884169,0.9754095901266941,3.255228655169862,,,,,CHEMBL237_EC50
71339737,mondrian_rfstd,cliffA,noncliff,149,143,0.959731543624161,0.914937571337344,0.9814160820304993,3.3679104009055467,,,,,CHEMBL237_EC50
71339737,mondrian_rfstd,__bins__,__summary__,-1,-1,,,,3.3431322159793755,0.9166666666666666,0.06292517006802723,0.9210526315789473,0.07894736842105265,CHEMBL237_EC50
99182118,global,cliffB_oracle,all,191,167,0.8743455497382199,0.8198422167432224,0.9140878249713491,2.845906351712746,,,,,CHEMBL237_EC50
99182118,global,cliffB_oracle,cliff,28,26,0.9285714285714286,0.7735463743160095,0.9801879358846942,2.845906351712745,,,,,CHEMBL237_EC50
99182118,global,cliffB_oracle,noncliff,163,141,0.8650306748466258,0.8041015025973851,0.9091504723082663,2.8459063517127454,,,,,CHEMBL237_EC50
99182118,global,cliffA,all,191,167,0.8743455497382199,0.8198422167432224,0.9140878249713491,2.845906351712746,,,,,CHEMBL237_EC50
99182118,global,cliffA,cliff,45,39,0.8666666666666667,0.7382269817382293,0.9374285125243192,2.8459063517127454,,,,,CHEMBL237_EC50
99182118,global,cliffA,noncliff,146,128,0.8767123287671232,0.8135354705804935,0.9205737730543412,2.845906351712745,,,,,CHEMBL237_EC50
99182118,global,__bins__,__summary__,-1,-1,,,,2.845906351712746,0.7872340425531915,0.1572104018912529,0.8205128205128205,0.12685560053981104,CHEMBL237_EC50
99182118,mondrian_pair,cliffB_oracle,all,191,168,0.8795811518324608,0.8257911404986049,0.9184036570441425,2.850399721537225,,,,,CHEMBL237_EC50
99182118,mondrian_pair,cliffB_oracle,cliff,28,26,0.9285714285714286,0.7735463743160095,0.9801879358846942,2.6893923879263713,,,,,CHEMBL237_EC50
99182118,mondrian_pair,cliffB_oracle,noncliff,163,142,0.8711656441717791,0.8110714301745537,0.9141679728807725,2.8780574230163904,,,,,CHEMBL237_EC50
99182118,mondrian_pair,cliffA,all,191,168,0.8795811518324608,0.8257911404986049,0.9184036570441425,2.850399721537225,,,,,CHEMBL237_EC50
99182118,mondrian_pair,cliffA,cliff,45,38,0.8444444444444444,0.7121609112760374,0.9225457651524174,2.7114371196250615,,,,,CHEMBL237_EC50
99182118,mondrian_pair,cliffA,noncliff,146,130,0.8904109589041096,0.8293942129528306,0.9314099122687255,2.8932306604827556,,,,,CHEMBL237_EC50
99182118,mondrian_pair,__bins__,__summary__,-1,-1,,,,2.850399721537225,0.8085106382978723,0.13593380614657213,0.8157894736842105,0.13157894736842102,CHEMBL237_EC50
99182118,mondrian_wstd,cliffB_oracle,all,191,169,0.8848167539267016,0.8317663752303182,0.9226931781406049,3.0122732385178463,,,,,CHEMBL237_EC50
99182118,mondrian_wstd,cliffB_oracle,cliff,28,26,0.9285714285714286,0.7735463743160095,0.9801879358846942,3.005121002047332,,,,,CHEMBL237_EC50
99182118,mondrian_wstd,cliffB_oracle,noncliff,163,143,0.8773006134969326,0.8180769558680253,0.9191498753369759,3.0135018435557264,,,,,CHEMBL237_EC50
99182118,mondrian_wstd,cliffA,all,191,169,0.8848167539267016,0.8317663752303182,0.9226931781406049,3.0122732385178463,,,,,CHEMBL237_EC50
99182118,mondrian_wstd,cliffA,cliff,45,40,0.8888888888888888,0.7650090300423141,0.9515952820543282,2.9865254298309587,,,,,CHEMBL237_EC50
99182118,mondrian_wstd,cliffA,noncliff,146,129,0.8835616438356164,0.8214385534626878,0.9260181309655076,3.020209206948737,,,,,CHEMBL237_EC50
99182118,mondrian_wstd,__bins__,__summary__,-1,-1,,,,3.0122732385178463,0.7872340425531915,0.1849881796690307,0.8205128205128205,0.12685560053981104,CHEMBL237_EC50
99182118,mondrian_std,cliffB_oracle,all,191,169,0.8848167539267016,0.8317663752303182,0.9226931781406049,2.954383164736387,,,,,CHEMBL237_EC50
99182118,mondrian_std,cliffB_oracle,cliff,28,26,0.9285714285714286,0.7735463743160095,0.9801879358846942,2.9706809888400647,,,,,CHEMBL237_EC50
99182118,mondrian_std,cliffB_oracle,noncliff,163,143,0.8773006134969326,0.8180769558680253,0.9191498753369759,2.951583538509989,,,,,CHEMBL237_EC50
99182118,mondrian_std,cliffA,all,191,169,0.8848167539267016,0.8317663752303182,0.9226931781406049,2.954383164736387,,,,,CHEMBL237_EC50
99182118,mondrian_std,cliffA,cliff,45,40,0.8888888888888888,0.7650090300423141,0.9515952820543282,2.961858194938363,,,,,CHEMBL237_EC50
99182118,mondrian_std,cliffA,noncliff,146,129,0.8835616438356164,0.8214385534626878,0.9260181309655076,2.9520792170713954,,,,,CHEMBL237_EC50
99182118,mondrian_std,__bins__,__summary__,-1,-1,,,,2.954383164736387,0.7872340425531915,0.1849881796690307,0.8205128205128205,0.12685560053981104,CHEMBL237_EC50
99182118,mondrian_iqr,cliffB_oracle,all,191,173,0.9057591623036649,0.855962991515278,0.9395555851683486,3.068560200888625,,,,,CHEMBL237_EC50
99182118,mondrian_iqr,cliffB_oracle,cliff,28,27,0.9642857142857143,0.8228780225664668,0.9936674801509623,3.0866399473119843,,,,,CHEMBL237_EC50
99182118,mondrian_iqr,cliffB_oracle,noncliff,163,146,0.8957055214723927,0.8393303801814423,0.9338587354725832,3.0654544775766377,,,,,CHEMBL237_EC50
99182118,mondrian_iqr,cliffA,all,191,173,0.9057591623036649,0.855962991515278,0.9395555851683486,3.068560200888625,,,,,CHEMBL237_EC50
99182118,mondrian_iqr,cliffA,cliff,45,41,0.9111111111111111,0.7926642466571064,0.9648888832736299,3.1114926985318254,,,,,CHEMBL237_EC50
99182118,mondrian_iqr,cliffA,noncliff,146,132,0.9041095890410958,0.8454801865828679,0.9420188202254093,3.0553275817520227,,,,,CHEMBL237_EC50
99182118,mondrian_iqr,__bins__,__summary__,-1,-1,,,,3.068560200888625,0.851063829787234,0.12115839243498816,0.8461538461538461,0.12753036437246967,CHEMBL237_EC50
99182118,mondrian_nb,cliffB_oracle,all,191,171,0.8952879581151832,0.8438019153781149,0.9311871496491599,3.024713591997971,,,,,CHEMBL237_EC50
99182118,mondrian_nb,cliffB_oracle,cliff,28,25,0.8928571428571429,0.7280414845132785,0.9628816331707,2.825291982875293,,,,,CHEMBL237_EC50
99182118,mondrian_nb,cliffB_oracle,noncliff,163,146,0.8957055214723927,0.8393303801814423,0.9338587354725832,3.0589700647307008,,,,,CHEMBL237_EC50
99182118,mondrian_nb,cliffA,all,191,171,0.8952879581151832,0.8438019153781149,0.9311871496491599,3.024713591997971,,,,,CHEMBL237_EC50
99182118,mondrian_nb,cliffA,cliff,45,37,0.8222222222222222,0.6867017537354023,0.9070561048589585,2.8651213917513667,,,,,CHEMBL237_EC50
99182118,mondrian_nb,cliffA,noncliff,146,134,0.9178082191780822,0.8618346176099935,0.9523592707850052,3.073902968786307,,,,,CHEMBL237_EC50
99182118,mondrian_nb,__bins__,__summary__,-1,-1,,,,3.024713591997971,0.8333333333333334,0.13888888888888884,0.8157894736842105,0.13015647226173543,CHEMBL237_EC50
99182118,mondrian_nnsim,cliffB_oracle,all,191,167,0.8743455497382199,0.8198422167432224,0.9140878249713491,2.9199661416425444,,,,,CHEMBL237_EC50
99182118,mondrian_nnsim,cliffB_oracle,cliff,28,25,0.8928571428571429,0.7280414845132785,0.9628816331707,2.552261962886029,,,,,CHEMBL237_EC50
99182118,mondrian_nnsim,cliffB_oracle,noncliff,163,142,0.8711656441717791,0.8110714301745537,0.9141679728807725,2.9831300496497977,,,,,CHEMBL237_EC50
99182118,mondrian_nnsim,cliffA,all,191,167,0.8743455497382199,0.8198422167432224,0.9140878249713491,2.9199661416425444,,,,,CHEMBL237_EC50
99182118,mondrian_nnsim,cliffA,cliff,45,38,0.8444444444444444,0.7121609112760374,0.9225457651524174,2.7026623660310234,,,,,CHEMBL237_EC50
99182118,mondrian_nnsim,cliffA,noncliff,146,129,0.8835616438356164,0.8214385534626878,0.9260181309655076,2.9869433327556836,,,,,CHEMBL237_EC50
99182118,mondrian_nnsim,__bins__,__summary__,-1,-1,,,,2.9199661416425444,0.8297872340425532,0.08687943262411346,0.7948717948717948,0.178812415654521,CHEMBL237_EC50
99182118,mondrian_pairgap,cliffB_oracle,all,191,170,0.8900523560209425,0.8377694128413457,0.9269548963577535,3.0069525104889427,,,,,CHEMBL237_EC50
99182118,mondrian_pairgap,cliffB_oracle,cliff,28,26,0.9285714285714286,0.7735463743160095,0.9801879358846942,2.8588330561565685,,,,,CHEMBL237_EC50
99182118,mondrian_pairgap,cliffB_oracle,noncliff,163,144,0.8834355828220859,0.8251202631536756,0.9240939962010002,3.0323963431349945,,,,,CHEMBL237_EC50
99182118,mondrian_pairgap,cliffA,all,191,170,0.8900523560209425,0.8377694128413457,0.9269548963577535,3.0069525104889427,,,,,CHEMBL237_EC50
99182118,mondrian_pairgap,cliffA,cliff,45,39,0.8666666666666667,0.7382269817382293,0.9374285125243192,2.886466331092977,,,,,CHEMBL237_EC50
99182118,mondrian_pairgap,cliffA,noncliff,146,131,0.8972602739726028,0.8374065198127741,0.9367450462021426,3.044088661672631,,,,,CHEMBL237_EC50
99182118,mondrian_pairgap,__bins__,__summary__,-1,-1,,,,3.0069525104889427,0.8085106382978723,0.16371158392434992,0.8157894736842105,0.13157894736842102,CHEMBL237_EC50
99182118,mondrian_rfstd,cliffB_oracle,all,191,169,0.8848167539267016,0.8317663752303182,0.9226931781406049,3.0639453951439988,,,,,CHEMBL237_EC50
99182118,mondrian_rfstd,cliffB_oracle,cliff,28,27,0.9642857142857143,0.8228780225664668,0.9936674801509623,3.0206847251886773,,,,,CHEMBL237_EC50
99182118,mondrian_rfstd,cliffB_oracle,noncliff,163,142,0.8711656441717791,0.8110714301745537,0.9141679728807725,3.0713766758725214,,,,,CHEMBL237_EC50
99182118,mondrian_rfstd,cliffA,all,191,169,0.8848167539267016,0.8317663752303182,0.9226931781406049,3.0639453951439988,,,,,CHEMBL237_EC50
99182118,mondrian_rfstd,cliffA,cliff,45,40,0.8888888888888888,0.7650090300423141,0.9515952820543282,3.016900276800455,,,,,CHEMBL237_EC50
99182118,mondrian_rfstd,cliffA,noncliff,146,129,0.8835616438356164,0.8214385534626878,0.9260181309655076,3.0784456028526264,,,,,CHEMBL237_EC50
99182118,mondrian_rfstd,__bins__,__summary__,-1,-1,,,,3.0639453951439988,0.8297872340425532,0.11465721040189125,0.8461538461538461,0.0997920997920998,CHEMBL237_EC50
89709943,global,cliffB_oracle,all,191,169,0.8848167539267016,0.8317663752303182,0.9226931781406049,2.708849751119998,,,,,CHEMBL237_EC50
89709943,global,cliffB_oracle,cliff,31,25,0.8064516129032258,0.6371974218820453,0.908129916384139,2.7088497511199976,,,,,CHEMBL237_EC50
89709943,global,cliffB_oracle,noncliff,160,144,0.9,0.8437374796961266,0.9375055641666694,2.7088497511199976,,,,,CHEMBL237_EC50
89709943,global,cliffA,all,191,169,0.8848167539267016,0.8317663752303182,0.9226931781406049,2.708849751119998,,,,,CHEMBL237_EC50
89709943,global,cliffA,cliff,44,36,0.8181818181818182,0.6803944911281533,0.9048719428437227,2.708849751119997,,,,,CHEMBL237_EC50
89709943,global,cliffA,noncliff,147,133,0.9047619047619048,0.8464884969867601,0.9424192802938602,2.7088497511199976,,,,,CHEMBL237_EC50
89709943,global,__bins__,__summary__,-1,-1,,,,2.708849751119998,0.7777777777777778,0.2222222222222222,0.7692307692307693,0.23076923076923073,CHEMBL237_EC50
89709943,mondrian_pair,cliffB_oracle,all,191,171,0.8952879581151832,0.8438019153781149,0.9311871496491599,2.8098448255653605,,,,,CHEMBL237_EC50
89709943,mondrian_pair,cliffB_oracle,cliff,31,25,0.8064516129032258,0.6371974218820453,0.908129916384139,2.736712138051723,,,,,CHEMBL237_EC50
89709943,mondrian_pair,cliffB_oracle,noncliff,160,146,0.9125,0.858493682378104,0.9471632066054043,2.8240142837711284,,,,,CHEMBL237_EC50
89709943,mondrian_pair,cliffA,all,191,171,0.8952879581151832,0.8438019153781149,0.9311871496491599,2.8098448255653605,,,,,CHEMBL237_EC50
89709943,mondrian_pair,cliffA,cliff,44,36,0.8181818181818182,0.6803944911281533,0.9048719428437227,2.741566947895887,,,,,CHEMBL237_EC50
89709943,mondrian_pair,cliffA,noncliff,147,135,0.9183673469387755,0.862737986564198,0.9526876991964432,2.830281741330374,,,,,CHEMBL237_EC50
89709943,mondrian_pair,__bins__,__summary__,-1,-1,,,,2.8098448255653605,0.7777777777777778,0.2222222222222222,0.8108108108108109,0.18918918918918914,CHEMBL237_EC50
89709943,mondrian_wstd,cliffB_oracle,all,191,173,0.9057591623036649,0.855962991515278,0.9395555851683486,3.143813355763959,,,,,CHEMBL237_EC50
89709943,mondrian_wstd,cliffB_oracle,cliff,31,26,0.8387096774193549,0.6736564604120674,0.9290737555663471,3.3765434601496995,,,,,CHEMBL237_EC50
89709943,mondrian_wstd,cliffB_oracle,noncliff,160,147,0.91875,0.8659596262286716,0.9519041853151927,3.098721898039221,,,,,CHEMBL237_EC50
89709943,mondrian_wstd,cliffA,all,191,173,0.9057591623036649,0.855962991515278,0.9395555851683486,3.143813355763959,,,,,CHEMBL237_EC50
89709943,mondrian_wstd,cliffA,cliff,44,37,0.8409090909090909,0.7063379493775939,0.9207332298779876,3.252301365056236,,,,,CHEMBL237_EC50
89709943,mondrian_wstd,cliffA,noncliff,147,136,0.9251700680272109,0.8709796447833845,0.957704995217267,3.1113407543431406,,,,,CHEMBL237_EC50
89709943,mondrian_wstd,__bins__,__summary__,-1,-1,,,,3.143813355763959,0.7777777777777778,0.2222222222222222,0.7948717948717948,0.20512820512820518,CHEMBL237_EC50
89709943,mondrian_std,cliffB_oracle,all,191,170,0.8900523560209425,0.8377694128413457,0.9269548963577535,3.134456911480991,,,,,CHEMBL237_EC50
89709943,mondrian_std,cliffB_oracle,cliff,31,26,0.8387096774193549,0.6736564604120674,0.9290737555663471,3.354923590969182,,,,,CHEMBL237_EC50
89709943,mondrian_std,cliffB_oracle,noncliff,160,144,0.9,0.8437374796961266,0.9375055641666694,3.091741492330153,,,,,CHEMBL237_EC50
89709943,mondrian_std,cliffA,all,191,170,0.8900523560209425,0.8377694128413457,0.9269548963577535,3.134456911480991,,,,,CHEMBL237_EC50
89709943,mondrian_std,cliffA,cliff,44,37,0.8409090909090909,0.7063379493775939,0.9207332298779876,3.2723480716392555,,,,,CHEMBL237_EC50
89709943,mondrian_std,cliffA,noncliff,147,133,0.9047619047619048,0.8464884969867601,0.9424192802938602,3.0931833669438227,,,,,CHEMBL237_EC50
89709943,mondrian_std,__bins__,__summary__,-1,-1,,,,3.134456911480991,0.7777777777777778,0.2222222222222222,0.7837837837837838,0.21621621621621623,CHEMBL237_EC50
89709943,mondrian_iqr,cliffB_oracle,all,191,172,0.900523560209424,0.8498657435144613,0.9353880773409892,2.930620197883524,,,,,CHEMBL237_EC50
89709943,mondrian_iqr,cliffB_oracle,cliff,31,24,0.7741935483870968,0.6018758161665794,0.886048644387375,3.0186050660528454,,,,,CHEMBL237_EC50
89709943,mondrian_iqr,cliffB_oracle,noncliff,160,148,0.925,0.8734917309593303,0.9565790031448905,2.9135731296757177,,,,,CHEMBL237_EC50
89709943,mondrian_iqr,cliffA,all,191,172,0.900523560209424,0.8498657435144613,0.9353880773409892,2.930620197883524,,,,,CHEMBL237_EC50
89709943,mondrian_iqr,cliffA,cliff,44,36,0.8181818181818182,0.6803944911281533,0.9048719428437227,2.9781271934756988,,,,,CHEMBL237_EC50
89709943,mondrian_iqr,cliffA,noncliff,147,136,0.9251700680272109,0.8709796447833845,0.957704995217267,2.9164004168899478,,,,,CHEMBL237_EC50
89709943,mondrian_iqr,__bins__,__summary__,-1,-1,,,,2.930620197883524,0.7777777777777778,0.2222222222222222,0.7948717948717948,0.20512820512820518,CHEMBL237_EC50
89709943,mondrian_nb,cliffB_oracle,all,191,177,0.9267015706806283,0.8807390084025406,0.9558385915937893,3.0704292838611096,,,,,CHEMBL237_EC50
89709943,mondrian_nb,cliffB_oracle,cliff,31,30,0.967741935483871,0.838058948352751,0.9942827784745831,3.3084367699085906,,,,,CHEMBL237_EC50
89709943,mondrian_nb,cliffB_oracle,noncliff,160,147,0.91875,0.8659596262286716,0.9519041853151927,3.024315333439411,,,,,CHEMBL237_EC50
89709943,mondrian_nb,cliffA,all,191,177,0.9267015706806283,0.8807390084025406,0.9558385915937893,3.0704292838611096,,,,,CHEMBL237_EC50
89709943,mondrian_nb,cliffA,cliff,44,42,0.9545454545454546,0.8486500156237035,0.987444890050405,3.294032877695638,,,,,CHEMBL237_EC50
89709943,mondrian_nb,cliffA,noncliff,147,135,0.9183673469387755,0.862737986564198,0.9526876991964432,3.0035003169990744,,,,,CHEMBL237_EC50
89709943,mondrian_nb,__bins__,__summary__,-1,-1,,,,3.0704292838611096,0.8695652173913043,0.13043478260869568,0.8461538461538461,0.15384615384615385,CHEMBL237_EC50
89709943,mondrian_nnsim,cliffB_oracle,all,191,171,0.8952879581151832,0.8438019153781149,0.9311871496491599,2.8972153592964975,,,,,CHEMBL237_EC50
89709943,mondrian_nnsim,cliffB_oracle,cliff,31,25,0.8064516129032258,0.6371974218820453,0.908129916384139,2.7289263761355973,,,,,CHEMBL237_EC50
89709943,mondrian_nnsim,cliffB_oracle,noncliff,160,146,0.9125,0.858493682378104,0.9471632066054043,2.9298213497839223,,,,,CHEMBL237_EC50
89709943,mondrian_nnsim,cliffA,all,191,171,0.8952879581151832,0.8438019153781149,0.9311871496491599,2.8972153592964975,,,,,CHEMBL237_EC50
89709943,mondrian_nnsim,cliffA,cliff,44,36,0.8181818181818182,0.6803944911281533,0.9048719428437227,2.6948383225667683,,,,,CHEMBL237_EC50
89709943,mondrian_nnsim,cliffA,noncliff,147,135,0.9183673469387755,0.862737986564198,0.9526876991964432,2.957790798861859,,,,,CHEMBL237_EC50
89709943,mondrian_nnsim,__bins__,__summary__,-1,-1,,,,2.8972153592964975,0.8055555555555556,0.16741741741741745,0.8378378378378378,0.16216216216216217,CHEMBL237_EC50
89709943,mondrian_pairgap,cliffB_oracle,all,191,177,0.9267015706806283,0.8807390084025406,0.9558385915937893,2.975699198024457,,,,,CHEMBL237_EC50
89709943,mondrian_pairgap,cliffB_oracle,cliff,31,26,0.8387096774193549,0.6736564604120674,0.9290737555663471,2.9661445379866143,,,,,CHEMBL237_EC50
89709943,mondrian_pairgap,cliffB_oracle,noncliff,160,151,0.94375,0.8965638035410534,0.9701276982442358,2.9775504134067896,,,,,CHEMBL237_EC50
89709943,mondrian_pairgap,cliffA,all,191,177,0.9267015706806283,0.8807390084025406,0.9558385915937893,2.975699198024457,,,,,CHEMBL237_EC50
89709943,mondrian_pairgap,cliffA,cliff,44,38,0.8636363636363636,0.7329054695148456,0.9359704550244412,2.975171257424651,,,,,CHEMBL237_EC50
89709943,mondrian_pairgap,cliffA,noncliff,147,139,0.9455782312925171,0.8962927611287353,0.9721687415919477,2.975857221061134,,,,,CHEMBL237_EC50
89709943,mondrian_pairgap,__bins__,__summary__,-1,-1,,,,2.975699198024457,0.8333333333333334,0.16666666666666663,0.8461538461538461,0.15384615384615385,CHEMBL237_EC50
89709943,mondrian_rfstd,cliffB_oracle,all,191,169,0.8848167539267016,0.8317663752303182,0.9226931781406049,3.0159330773138047,,,,,CHEMBL237_EC50
89709943,mondrian_rfstd,cliffB_oracle,cliff,31,23,0.7419354838709677,0.5675386419056621,0.8629829409360625,2.905911414414861,,,,,CHEMBL237_EC50
89709943,mondrian_rfstd,cliffB_oracle,noncliff,160,146,0.9125,0.858493682378104,0.9471632066054043,3.037249774500475,,,,,CHEMBL237_EC50
89709943,mondrian_rfstd,cliffA,all,191,169,0.8848167539267016,0.8317663752303182,0.9226931781406049,3.0159330773138047,,,,,CHEMBL237_EC50
89709943,mondrian_rfstd,cliffA,cliff,44,35,0.7954545454545454,0.6549942193889834,0.8884674692991871,3.007747223225243,,,,,CHEMBL237_EC50
89709943,mondrian_rfstd,cliffA,noncliff,147,134,0.9115646258503401,0.8545768418578342,0.9475898896627964,3.0183832649321496,,,,,CHEMBL237_EC50
89709943,mondrian_rfstd,__bins__,__summary__,-1,-1,,,,3.0159330773138047,0.7777777777777778,0.2222222222222222,0.8205128205128205,0.17948717948717952,CHEMBL237_EC50
86921808,global,cliffB_oracle,all,191,184,0.9633507853403142,0.9262951642198484,0.9821357265737122,3.108092939121928,,,,,CHEMBL237_EC50
86921808,global,cliffB_oracle,cliff,21,20,0.9523809523809523,0.7733063992587743,0.9915440121901737,3.108092939121928,,,,,CHEMBL237_EC50
86921808,global,cliffB_oracle,noncliff,170,164,0.9647058823529412,0.9251482517405885,0.9837258515477787,3.1080929391219274,,,,,CHEMBL237_EC50
86921808,global,cliffA,all,191,184,0.9633507853403142,0.9262951642198484,0.9821357265737122,3.108092939121928,,,,,CHEMBL237_EC50
86921808,global,cliffA,cliff,40,39,0.975,0.8711863103652591,0.9955731684973186,3.108092939121928,,,,,CHEMBL237_EC50
86921808,global,cliffA,noncliff,151,145,0.9602649006622517,0.91602846211471,0.9816639327945987,3.108092939121927,,,,,CHEMBL237_EC50
86921808,global,__bins__,__summary__,-1,-1,,,,3.108092939121928,0.9166666666666666,0.08333333333333337,0.9230769230769231,0.07692307692307687,CHEMBL237_EC50
86921808,mondrian_pair,cliffB_oracle,all,191,183,0.9581151832460733,0.9195401436357831,0.9786259913296016,3.103237537658833,,,,,CHEMBL237_EC50
86921808,mondrian_pair,cliffB_oracle,cliff,21,19,0.9047619047619048,0.7108586092608176,0.9734812325619255,3.0459921763953406,,,,,CHEMBL237_EC50
86921808,mondrian_pair,cliffB_oracle,noncliff,170,164,0.9647058823529412,0.9251482517405885,0.9837258515477787,3.1103090234619697,,,,,CHEMBL237_EC50
86921808,mondrian_pair,cliffA,all,191,183,0.9581151832460733,0.9195401436357831,0.9786259913296016,3.103237537658833,,,,,CHEMBL237_EC50
86921808,mondrian_pair,cliffA,cliff,40,38,0.95,0.8349612263085903,0.9861793326138516,3.020873840176076,,,,,CHEMBL237_EC50
86921808,mondrian_pair,cliffA,noncliff,151,145,0.9602649006622517,0.91602846211471,0.9816639327945987,3.1250557356675093,,,,,CHEMBL237_EC50
86921808,mondrian_pair,__bins__,__summary__,-1,-1,,,,3.103237537658833,0.9166666666666666,0.0563063063063064,0.9230769230769231,0.05128205128205121,CHEMBL237_EC50
86921808,mondrian_wstd,cliffB_oracle,all,191,183,0.9581151832460733,0.9195401436357831,0.9786259913296016,3.1411620684968953,,,,,CHEMBL237_EC50
86921808,mondrian_wstd,cliffB_oracle,cliff,21,19,0.9047619047619048,0.7108586092608176,0.9734812325619255,3.316979558852436,,,,,CHEMBL237_EC50
86921808,mondrian_wstd,cliffB_oracle,noncliff,170,164,0.9647058823529412,0.9251482517405885,0.9837258515477787,3.119443437335328,,,,,CHEMBL237_EC50
86921808,mondrian_wstd,cliffA,all,191,183,0.9581151832460733,0.9195401436357831,0.9786259913296016,3.1411620684968953,,,,,CHEMBL237_EC50
86921808,mondrian_wstd,cliffA,cliff,40,37,0.925,0.8013576647568946,0.9741639742254119,3.1995661727369917,,,,,CHEMBL237_EC50
86921808,mondrian_wstd,cliffA,noncliff,151,146,0.9668874172185431,0.9248338776193379,0.9857749546267955,3.1256907826054787,,,,,CHEMBL237_EC50
86921808,mondrian_wstd,__bins__,__summary__,-1,-1,,,,3.1411620684968953,0.9166666666666666,0.08333333333333337,0.918918918918919,0.08108108108108103,CHEMBL237_EC50
86921808,mondrian_std,cliffB_oracle,all,191,182,0.9528795811518325,0.9128867711608313,0.9750146079763775,3.082243378767147,,,,,CHEMBL237_EC50
86921808,mondrian_std,cliffB_oracle,cliff,21,19,0.9047619047619048,0.7108586092608176,0.9734812325619255,3.281678540506892,,,,,CHEMBL237_EC50
86921808,mondrian_std,cliffB_oracle,noncliff,170,163,0.9588235294117647,0.9174560710897361,0.9799132967139683,3.057607270552238,,,,,CHEMBL237_EC50
86921808,mondrian_std,cliffA,all,191,182,0.9528795811518325,0.9128867711608313,0.9750146079763775,3.082243378767147,,,,,CHEMBL237_EC50
86921808,mondrian_std,cliffA,cliff,40,36,0.9,0.7694822477247771,0.9604204713173936,3.114188041659916,,,,,CHEMBL237_EC50
86921808,mondrian_std,cliffA,noncliff,151,146,0.9668874172185431,0.9248338776193379,0.9857749546267955,3.0737812164114473,,,,,CHEMBL237_EC50
86921808,mondrian_std,__bins__,__summary__,-1,-1,,,,3.082243378767147,0.9166666666666666,0.061594202898550776,0.8918918918918919,0.10810810810810811,CHEMBL237_EC50
86921808,mondrian_iqr,cliffB_oracle,all,191,181,0.9476439790575916,0.906320771235887,0.971315852073146,3.2636149724141603,,,,,CHEMBL237_EC50
86921808,mondrian_iqr,cliffB_oracle,cliff,21,19,0.9047619047619048,0.7108586092608176,0.9734812325619255,3.2762958211057858,,,,,CHEMBL237_EC50
86921808,mondrian_iqr,cliffB_oracle,noncliff,170,162,0.9529411764705882,0.9099001610494518,0.9759644712695895,3.2620485146346065,,,,,CHEMBL237_EC50
86921808,mondrian_iqr,cliffA,all,191,181,0.9476439790575916,0.906320771235887,0.971315852073146,3.2636149724141603,,,,,CHEMBL237_EC50
86921808,mondrian_iqr,cliffA,cliff,40,36,0.9,0.7694822477247771,0.9604204713173936,3.1710584425873805,,,,,CHEMBL237_EC50
86921808,mondrian_iqr,cliffA,noncliff,151,145,0.9602649006622517,0.91602846211471,0.9816639327945987,3.2881332584609892,,,,,CHEMBL237_EC50
86921808,mondrian_iqr,__bins__,__summary__,-1,-1,,,,3.2636149724141603,0.8611111111111112,0.13888888888888884,0.8974358974358975,0.07624831309041835,CHEMBL237_EC50
86921808,mondrian_nb,cliffB_oracle,all,191,178,0.9319371727748691,0.8870467084799919,0.9597956473445136,3.2461135902367437,,,,,CHEMBL237_EC50
86921808,mondrian_nb,cliffB_oracle,cliff,21,19,0.9047619047619048,0.7108586092608176,0.9734812325619255,3.400396008695271,,,,,CHEMBL237_EC50
86921808,mondrian_nb,cliffB_oracle,noncliff,170,159,0.9352941176470588,0.8878619660687934,0.9634884597962594,3.227055173838925,,,,,CHEMBL237_EC50
86921808,mondrian_nb,cliffA,all,191,178,0.9319371727748691,0.8870467084799919,0.9597956473445136,3.2461135902367437,,,,,CHEMBL237_EC50
86921808,mondrian_nb,cliffA,cliff,40,36,0.9,0.7694822477247771,0.9604204713173936,3.274714174603666,,,,,CHEMBL237_EC50
86921808,mondrian_nb,cliffA,noncliff,151,142,0.9403973509933775,0.890613839497183,0.9683292434016519,3.238537276497161,,,,,CHEMBL237_EC50
86921808,mondrian_nb,__bins__,__summary__,-1,-1,,,,3.2461135902367437,0.8611111111111112,0.11186186186186187,0.8974358974358975,0.05128205128205121,CHEMBL237_EC50
86921808,mondrian_nnsim,cliffB_oracle,all,191,185,0.9685863874345549,0.9331707287133241,0.9855249179084121,3.4159972973272263,,,,,CHEMBL237_EC50
86921808,mondrian_nnsim,cliffB_oracle,cliff,21,20,0.9523809523809523,0.7733063992587743,0.9915440121901737,3.2490811640013764,,,,,CHEMBL237_EC50
86921808,mondrian_nnsim,cliffB_oracle,noncliff,170,165,0.9705882352941176,0.9330058600888995,0.9873729786841305,3.4366163490910084,,,,,CHEMBL237_EC50
86921808,mondrian_nnsim,cliffA,all,191,185,0.9685863874345549,0.9331707287133241,0.9855249179084121,3.4159972973272263,,,,,CHEMBL237_EC50
86921808,mondrian_nnsim,cliffA,cliff,40,39,0.975,0.8711863103652591,0.9955731684973186,3.327595883494915,,,,,CHEMBL237_EC50
86921808,mondrian_nnsim,cliffA,noncliff,151,146,0.9668874172185431,0.9248338776193379,0.9857749546267955,3.4394148903953887,,,,,CHEMBL237_EC50
86921808,mondrian_nnsim,__bins__,__summary__,-1,-1,,,,3.4159972973272263,0.9166666666666666,0.08333333333333337,0.9473684210526315,0.052631578947368474,CHEMBL237_EC50
86921808,mondrian_pairgap,cliffB_oracle,all,191,181,0.9476439790575916,0.906320771235887,0.971315852073146,3.3690139314531513,,,,,CHEMBL237_EC50
86921808,mondrian_pairgap,cliffB_oracle,cliff,21,19,0.9047619047619048,0.7108586092608176,0.9734812325619255,3.430240016008502,,,,,CHEMBL237_EC50
86921808,mondrian_pairgap,cliffB_oracle,noncliff,170,162,0.9529411764705882,0.9099001610494518,0.9759644712695895,3.361450709243373,,,,,CHEMBL237_EC50
86921808,mondrian_pairgap,cliffA,all,191,181,0.9476439790575916,0.906320771235887,0.971315852073146,3.3690139314531513,,,,,CHEMBL237_EC50
86921808,mondrian_pairgap,cliffA,cliff,40,36,0.9,0.7694822477247771,0.9604204713173936,3.305335965584156,,,,,CHEMBL237_EC50
86921808,mondrian_pairgap,cliffA,noncliff,151,145,0.9602649006622517,0.91602846211471,0.9816639327945987,3.385882266782687,,,,,CHEMBL237_EC50
86921808,mondrian_pairgap,__bins__,__summary__,-1,-1,,,,3.3690139314531513,0.8888888888888888,0.11111111111111116,0.8974358974358975,0.07692307692307687,CHEMBL237_EC50
86921808,mondrian_rfstd,cliffB_oracle,all,191,179,0.93717277486911,0.8934087463507253,0.9636983653019561,3.0087542184983724,,,,,CHEMBL237_EC50
86921808,mondrian_rfstd,cliffB_oracle,cliff,21,18,0.8571428571428571,0.6536393971937906,0.9501898750027473,2.838411056461593,,,,,CHEMBL237_EC50
86921808,mondrian_rfstd,cliffB_oracle,noncliff,170,161,0.9470588235294117,0.9024592796601995,0.971900617174179,3.0297966091029154,,,,,CHEMBL237_EC50
86921808,mondrian_rfstd,cliffA,all,191,179,0.93717277486911,0.8934087463507253,0.9636983653019561,3.0087542184983724,,,,,CHEMBL237_EC50
86921808,mondrian_rfstd,cliffA,cliff,40,36,0.9,0.7694822477247771,0.9604204713173936,2.6611967673217123,,,,,CHEMBL237_EC50
86921808,mondrian_rfstd,cliffA,noncliff,151,143,0.9470198675496688,0.8989468262835141,0.9729126939521453,3.1008224174855674,,,,,CHEMBL237_EC50
86921808,mondrian_rfstd,__bins__,__summary__,-1,-1,,,,3.0087542184983724,0.8918918918918919,0.08636897767332552,0.8421052631578947,0.1578947368421053,CHEMBL237_EC50
89165191,global,cliffB_oracle,all,191,162,0.8481675392670157,0.7904493146725555,0.8921569479011369,2.70643836870267,,,,,CHEMBL237_EC50
89165191,global,cliffB_oracle,cliff,27,23,0.8518518518518519,0.6752131457218702,0.9408407222375568,2.706438368702671,,,,,CHEMBL237_EC50
89165191,global,cliffB_oracle,noncliff,164,139,0.8475609756097561,0.7846483514233873,0.8945640481887178,2.7064383687026705,,,,,CHEMBL237_EC50
89165191,global,cliffA,all,191,162,0.8481675392670157,0.7904493146725555,0.8921569479011369,2.70643836870267,,,,,CHEMBL237_EC50
89165191,global,cliffA,cliff,47,39,0.8297872340425532,0.6986022402737561,0.9111363612350974,2.70643836870267,,,,,CHEMBL237_EC50
89165191,global,cliffA,noncliff,144,123,0.8541666666666666,0.7873328546140447,0.9025954024096375,2.7064383687026705,,,,,CHEMBL237_EC50
89165191,global,__bins__,__summary__,-1,-1,,,,2.70643836870267,0.7333333333333333,0.1855855855855857,0.717948717948718,0.25573549257759787,CHEMBL237_EC50
89165191,mondrian_pair,cliffB_oracle,all,191,161,0.8429319371727748,0.7846339475873886,0.8877075591581279,2.688022104139993,,,,,CHEMBL237_EC50
89165191,mondrian_pair,cliffB_oracle,cliff,27,22,0.8148148148148148,0.6330131638145156,0.9181929285702346,2.7037700133352165,,,,,CHEMBL237_EC50
89165191,mondrian_pair,cliffB_oracle,noncliff,164,139,0.8475609756097561,0.7846483514233873,0.8945640481887178,2.6854294605529754,,,,,CHEMBL237_EC50
89165191,mondrian_pair,cliffA,all,191,161,0.8429319371727748,0.7846339475873886,0.8877075591581279,2.688022104139993,,,,,CHEMBL237_EC50
89165191,mondrian_pair,cliffA,cliff,47,38,0.8085106382978723,0.6745599542033822,0.8958406730145774,2.7069918213316293,,,,,CHEMBL237_EC50
89165191,mondrian_pair,cliffA,noncliff,144,123,0.8541666666666666,0.7873328546140447,0.9025954024096375,2.681830599223279,,,,,CHEMBL237_EC50
89165191,mondrian_pair,__bins__,__summary__,-1,-1,,,,2.688022104139993,0.7333333333333333,0.1855855855855857,0.717948717948718,0.25573549257759787,CHEMBL237_EC50
89165191,mondrian_wstd,cliffB_oracle,all,191,172,0.900523560209424,0.8498657435144613,0.9353880773409892,3.1066421780507847,,,,,CHEMBL237_EC50
89165191,mondrian_wstd,cliffB_oracle,cliff,27,24,0.8888888888888888,0.7194219918172017,0.9614796517169016,3.022498731675835,,,,,CHEMBL237_EC50
89165191,mondrian_wstd,cliffB_oracle,noncliff,164,148,0.9024390243902439,0.8474034299364586,0.9390530327722948,3.120495062514953,,,,,CHEMBL237_EC50
89165191,mondrian_wstd,cliffA,all,191,172,0.900523560209424,0.8498657435144613,0.9353880773409892,3.1066421780507847,,,,,CHEMBL237_EC50
89165191,mondrian_wstd,cliffA,cliff,47,41,0.8723404255319149,0.748260592072075,0.9401539580185662,2.999456154739288,,,,,CHEMBL237_EC50
89165191,mondrian_wstd,cliffA,noncliff,144,131,0.9097222222222222,0.8516702919195349,0.9464820054215877,3.1416265051038423,,,,,CHEMBL237_EC50
89165191,mondrian_wstd,__bins__,__summary__,-1,-1,,,,3.1066421780507847,0.8444444444444444,0.12777777777777777,0.868421052631579,0.10526315789473684,CHEMBL237_EC50
89165191,mondrian_std,cliffB_oracle,all,191,171,0.8952879581151832,0.8438019153781149,0.9311871496491599,3.1104301407834307,,,,,CHEMBL237_EC50
89165191,mondrian_std,cliffB_oracle,cliff,27,24,0.8888888888888888,0.7194219918172017,0.9614796517169016,3.1062020583613585,,,,,CHEMBL237_EC50
89165191,mondrian_std,cliffB_oracle,noncliff,164,147,0.8963414634146342,0.8402719638865523,0.9342684918114623,3.11112622752365,,,,,CHEMBL237_EC50
89165191,mondrian_std,cliffA,all,191,171,0.8952879581151832,0.8438019153781149,0.9311871496491599,3.1104301407834307,,,,,CHEMBL237_EC50
89165191,mondrian_std,cliffA,cliff,47,41,0.8723404255319149,0.748260592072075,0.9401539580185662,3.071583489436388,,,,,CHEMBL237_EC50
89165191,mondrian_std,cliffA,noncliff,144,130,0.9027777777777778,0.8434233449655235,0.9412009473359191,3.1231092561536458,,,,,CHEMBL237_EC50
89165191,mondrian_std,__bins__,__summary__,-1,-1,,,,3.1104301407834307,0.8444444444444444,0.12777777777777777,0.8421052631578947,0.13157894736842113,CHEMBL237_EC50
89165191,mondrian_iqr,cliffB_oracle,all,191,172,0.900523560209424,0.8498657435144613,0.9353880773409892,3.0269004643300046,,,,,CHEMBL237_EC50
89165191,mondrian_iqr,cliffB_oracle,cliff,27,25,0.9259259259259259,0.7663040731697686,0.9794453459390113,3.1434983019686884,,,,,CHEMBL237_EC50
89165191,mondrian_iqr,cliffB_oracle,noncliff,164,147,0.8963414634146342,0.8402719638865523,0.9342684918114623,3.007704478865099,,,,,CHEMBL237_EC50
89165191,mondrian_iqr,cliffA,all,191,172,0.900523560209424,0.8498657435144613,0.9353880773409892,3.0269004643300046,,,,,CHEMBL237_EC50
89165191,mondrian_iqr,cliffA,cliff,47,43,0.9148936170212766,0.8006846221303541,0.9664058765420744,3.081183791634173,,,,,CHEMBL237_EC50
89165191,mondrian_iqr,cliffA,noncliff,144,129,0.8958333333333334,0.8352443317565577,0.935851955505205,3.009182989446005,,,,,CHEMBL237_EC50
89165191,mondrian_iqr,__bins__,__summary__,-1,-1,,,,3.0269004643300046,0.8222222222222222,0.12222222222222223,0.8205128205128205,0.15317139001349533,CHEMBL237_EC50
89165191,mondrian_nb,cliffB_oracle,all,191,166,0.8691099476439791,0.8139182587885877,0.909747027097808,2.86185588190638,,,,,CHEMBL237_EC50
89165191,mondrian_nb,cliffB_oracle,cliff,27,23,0.8518518518518519,0.6752131457218702,0.9408407222375568,2.858519593025724,,,,,CHEMBL237_EC50
89165191,mondrian_nb,cliffB_oracle,noncliff,164,143,0.8719512195121951,0.8121751208705245,0.9147013067845354,2.8624051489781954,,,,,CHEMBL237_EC50
89165191,mondrian_nb,cliffA,all,191,166,0.8691099476439791,0.8139182587885877,0.909747027097808,2.86185588190638,,,,,CHEMBL237_EC50
89165191,mondrian_nb,cliffA,cliff,47,40,0.851063829787234,0.7231437757640644,0.9259328000356828,2.8797971632459105,,,,,CHEMBL237_EC50
89165191,mondrian_nb,cliffA,noncliff,144,126,0.875,0.8110629335752966,0.9194493385674258,2.856000047024727,,,,,CHEMBL237_EC50
89165191,mondrian_nb,__bins__,__summary__,-1,-1,,,,2.86185588190638,0.7777777777777778,0.19444444444444442,0.7948717948717948,0.178812415654521,CHEMBL237_EC50
89165191,mondrian_nnsim,cliffB_oracle,all,191,173,0.9057591623036649,0.855962991515278,0.9395555851683486,3.0441606972514466,,,,,CHEMBL237_EC50
89165191,mondrian_nnsim,cliffB_oracle,cliff,27,22,0.8148148148148148,0.6330131638145156,0.9181929285702346,2.48140835897384,,,,,CHEMBL237_EC50
89165191,mondrian_nnsim,cliffB_oracle,noncliff,164,151,0.9207317073170732,0.8691122258339312,0.9530922579070382,3.1368089480654433,,,,,CHEMBL237_EC50
89165191,mondrian_nnsim,cliffA,all,191,173,0.9057591623036649,0.855962991515278,0.9395555851683486,3.0441606972514466,,,,,CHEMBL237_EC50
89165191,mondrian_nnsim,cliffA,cliff,47,40,0.851063829787234,0.7231437757640644,0.9259328000356828,2.638771799839292,,,,,CHEMBL237_EC50
89165191,mondrian_nnsim,cliffA,noncliff,144,133,0.9236111111111112,0.8683956370822358,0.956812670338247,3.1764751290456923,,,,,CHEMBL237_EC50
89165191,mondrian_nnsim,__bins__,__summary__,-1,-1,,,,3.0441606972514466,0.7777777777777778,0.19444444444444442,0.8205128205128205,0.17948717948717952,CHEMBL237_EC50
89165191,mondrian_pairgap,cliffB_oracle,all,191,162,0.8481675392670157,0.7904493146725555,0.8921569479011369,2.7471408113341917,,,,,CHEMBL237_EC50
89165191,mondrian_pairgap,cliffB_oracle,cliff,27,23,0.8518518518518519,0.6752131457218702,0.9408407222375568,2.793971181623629,,,,,CHEMBL237_EC50
89165191,mondrian_pairgap,cliffB_oracle,noncliff,164,139,0.8475609756097561,0.7846483514233873,0.8945640481887178,2.739430933298736,,,,,CHEMBL237_EC50
89165191,mondrian_pairgap,cliffA,all,191,162,0.8481675392670157,0.7904493146725555,0.8921569479011369,2.7471408113341917,,,,,CHEMBL237_EC50
89165191,mondrian_pairgap,cliffA,cliff,47,39,0.8297872340425532,0.6986022402737561,0.9111363612350974,2.7840907983287013,,,,,CHEMBL237_EC50
89165191,mondrian_pairgap,cliffA,noncliff,144,123,0.8541666666666666,0.7873328546140447,0.9025954024096375,2.7350807461345954,,,,,CHEMBL237_EC50
89165191,mondrian_pairgap,__bins__,__summary__,-1,-1,,,,2.7471408113341917,0.7333333333333333,0.1855855855855857,0.717948717948718,0.25573549257759787,CHEMBL237_EC50
89165191,mondrian_rfstd,cliffB_oracle,all,191,173,0.9057591623036649,0.855962991515278,0.9395555851683486,2.984628757633609,,,,,CHEMBL237_EC50
89165191,mondrian_rfstd,cliffB_oracle,cliff,27,25,0.9259259259259259,0.7663040731697686,0.9794453459390113,2.861646740944723,,,,,CHEMBL237_EC50
89165191,mondrian_rfstd,cliffB_oracle,noncliff,164,148,0.9024390243902439,0.8474034299364586,0.9390530327722948,3.0048757969665356,,,,,CHEMBL237_EC50
89165191,mondrian_rfstd,cliffA,all,191,173,0.9057591623036649,0.855962991515278,0.9395555851683486,2.984628757633609,,,,,CHEMBL237_EC50
89165191,mondrian_rfstd,cliffA,cliff,47,41,0.8723404255319149,0.748260592072075,0.9401539580185662,2.8456869468910746,,,,,CHEMBL237_EC50
89165191,mondrian_rfstd,cliffA,noncliff,144,132,0.9166666666666666,0.8599917639995038,0.9516885383812987,3.029977820862076,,,,,CHEMBL237_EC50
89165191,mondrian_rfstd,__bins__,__summary__,-1,-1,,,,2.984628757633609,0.8378378378378378,0.10810810810810811,0.868421052631579,0.10526315789473684,CHEMBL237_EC50
