dataset,split,seed,method,n_test,n_cliffB,n_cliffA,cov_all,cov_cliffB,cov_noncliffB,gapB_pp,cov_cliffA,cov_noncliffA,gapA_pp,width_all,width_cliffA,width_noncliffA
CHEMBL204_Ki,random,71339737,global,551,28,48,0.9219600725952813,0.7857142857142857,0.9292543021032504,14.354001638896474,0.8541666666666666,0.9284294234592445,7.426275679257788,2.665316452793915,2.665316452793915,2.6653164527939155
CHEMBL204_Ki,random,71339737,mondrian_wstd,551,28,48,0.9038112522686026,0.7142857142857143,0.9139579349904398,19.967222070472545,0.8125,0.9125248508946322,10.002485089463221,2.5465759498450735,2.613671085842666,2.5401732330898366
CHEMBL204_Ki,random,71339737,mondrian_nb,551,28,48,0.9183303085299456,0.75,0.9273422562141491,17.73422562141491,0.8333333333333334,0.9264413518886679,9.310801855533457,2.7817188733672054,2.827362170079042,2.7773632506193557
CHEMBL204_Ki,random,71339737,mondrian_rfstd,551,28,48,0.9001814882032668,0.5,0.9216061185468452,42.16061185468452,0.7083333333333334,0.9184890656063618,21.01557322730284,2.4922768313601025,2.456362866901238,2.495704008883016
CHEMBL204_Ki,random,99182118,global,551,21,51,0.9092558983666061,0.8571428571428571,0.9113207547169812,5.417789757412406,0.9215686274509803,0.908,-1.3568627450980308,2.629766305791362,2.629766305791361,2.6297663057913625
CHEMBL204_Ki,random,99182118,mondrian_wstd,551,21,51,0.9274047186932849,0.8095238095238095,0.9320754716981132,12.255166217430368,0.9019607843137255,0.93,2.8039215686274543,2.779958032455452,2.8405937157762824,2.7737731927567264
CHEMBL204_Ki,random,99182118,mondrian_nb,551,21,51,0.911070780399274,0.8571428571428571,0.9132075471698113,5.606469002695425,0.9215686274509803,0.91,-1.1568627450980307,2.6154304797418986,2.686446574753913,2.608186838050673
CHEMBL204_Ki,random,99182118,mondrian_rfstd,551,21,51,0.911070780399274,0.6666666666666666,0.9207547169811321,25.408805031446548,0.7254901960784313,0.93,20.450980392156872,2.650181013917812,2.470215791925347,2.6685374665610437
CHEMBL204_Ki,random,89709943,global,551,28,56,0.9183303085299456,0.8571428571428571,0.9216061185468452,6.446326140398806,0.8928571428571429,0.9212121212121213,2.8354978354978355,2.6914150527250733,2.6914150527250733,2.6914150527250738
CHEMBL204_Ki,random,89709943,mondrian_wstd,551,28,56,0.9001814882032668,0.8571428571428571,0.9024856596558317,4.534280251297462,0.8928571428571429,0.901010101010101,0.8152958152958134,2.52498861798327,2.8008140449861076,2.493784125231434
CHEMBL204_Ki,random,89709943,mondrian_nb,551,28,56,0.9128856624319419,0.8571428571428571,0.9158699808795411,5.872712373668398,0.8928571428571429,0.9151515151515152,2.2294372294372256,2.7797610006082394,2.778902123026971,2.7798581665568274
CHEMBL204_Ki,random,89709943,mondrian_rfstd,551,28,56,0.9092558983666061,0.8214285714285714,0.9139579349904398,9.252936356186837,0.8571428571428571,0.9151515151515152,5.8008658008658065,2.4959703141983822,2.636410840278903,2.4800820930660405
CHEMBL204_Ki,random,86921808,global,551,21,46,0.8929219600725953,0.6666666666666666,0.9018867924528302,23.52201257861636,0.717391304347826,0.9089108910891089,19.151958674128288,2.497911318358639,2.4979113183586388,2.4979113183586397
CHEMBL204_Ki,random,86921808,mondrian_wstd,551,21,46,0.9056261343012704,0.5714285714285714,0.9188679245283019,34.743935309973054,0.7391304347826086,0.9207920792079208,18.16616444253122,2.6100066600004435,2.752166923771487,2.5970574082510023
CHEMBL204_Ki,random,86921808,mondrian_nb,551,21,46,0.8838475499092558,0.6190476190476191,0.8943396226415095,27.529200359389037,0.6956521739130435,0.900990099009901,20.533792509685757,2.6419570438211037,2.3560791201728817,2.6679974091435166
CHEMBL204_Ki,random,86921808,mondrian_rfstd,551,21,46,0.9147005444646098,0.5714285714285714,0.9283018867924528,35.68733153638814,0.6739130434782609,0.9366336633663367,26.272061988807582,2.541586046350064,2.592975717208914,2.5369050070243073
CHEMBL204_Ki,random,89165191,global,551,29,60,0.9328493647912885,0.7931034482758621,0.9406130268199234,14.750957854406133,0.8833333333333333,0.9389002036659878,5.556687033265451,3.037938175856777,3.037938175856776,3.037938175856777
CHEMBL204_Ki,random,89165191,mondrian_wstd,551,29,60,0.9382940108892922,0.8620689655172413,0.9425287356321839,8.045977011494255,0.8833333333333333,0.945010183299389,6.167684996605571,2.833103504263124,2.8106204559254073,2.8358509236119294
CHEMBL204_Ki,random,89165191,mondrian_nb,551,29,60,0.9364791288566243,0.7586206896551724,0.946360153256705,18.77394636015326,0.8666666666666667,0.945010183299389,7.834351663272232,2.9375624602753887,2.849780927067419,2.948289327877178
CHEMBL204_Ki,random,89165191,mondrian_rfstd,551,29,60,0.9292196007259528,0.7931034482758621,0.9367816091954023,14.367816091954023,0.8666666666666667,0.9368635437881874,7.019687712152067,2.7759975146016242,2.7304585686495972,2.7815623552474933
CHEMBL204_Ki,scaffold,34332121,global,551,14,51,0.8457350272232305,0.7142857142857143,0.8491620111731844,13.487629688747004,0.7647058823529411,0.854,8.929411764705886,2.7656095324533996,2.7656095324534,2.7656095324533996
CHEMBL204_Ki,scaffold,34332121,mondrian_wstd,551,14,51,0.8602540834845736,0.7142857142857143,0.8640595903165735,14.977387603085923,0.7647058823529411,0.87,10.529411764705888,2.8206928445709223,2.843111181740592,2.818406174179616
CHEMBL204_Ki,scaffold,34332121,mondrian_nb,551,14,51,0.8457350272232305,0.7142857142857143,0.8491620111731844,13.487629688747004,0.7254901960784313,0.858,13.250980392156864,2.8334587404499567,2.9167413293399465,2.8249639163831786
CHEMBL204_Ki,scaffold,34332121,mondrian_rfstd,551,14,51,0.8312159709618875,0.5,0.839851024208566,33.985102420856606,0.6666666666666666,0.848,18.133333333333333,2.5663106070729,2.446826363740646,2.5784979998927904
CHEMBL204_Ki,scaffold,57652534,global,551,13,67,0.925589836660617,0.7692307692307693,0.929368029739777,16.013726050900768,0.9104477611940298,0.9276859504132231,1.723818921919329,3.320809134513274,3.3208091345132735,3.320809134513275
CHEMBL204_Ki,scaffold,57652534,mondrian_wstd,551,13,67,0.8602540834845736,0.6923076923076923,0.8643122676579925,17.200457535030022,0.746268656716418,0.8760330578512396,12.976440113482168,2.996573175823609,2.7665619990936072,3.028413565990779
CHEMBL204_Ki,scaffold,57652534,mondrian_nb,551,13,67,0.9292196007259528,0.7692307692307693,0.9330855018587361,16.38547326279668,0.9253731343283582,0.9297520661157025,0.43789317873442757,3.502530536488367,3.65085208946761,3.4819984206833894
CHEMBL204_Ki,scaffold,57652534,mondrian_rfstd,551,13,67,0.8493647912885662,0.6153846153846154,0.8550185873605948,23.963397197597935,0.7910447761194029,0.8574380165289256,6.639324040952266,2.906541945211998,2.7190943425397998,2.9324902703752977
CHEMBL204_Ki,scaffold,65555877,global,551,13,49,0.8911070780399274,0.8461538461538461,0.8921933085501859,4.603946239633972,0.8979591836734694,0.8904382470119522,-0.7520936661517208,2.945359959032757,2.9453599590327575,2.945359959032757
CHEMBL204_Ki,scaffold,65555877,mondrian_wstd,551,13,49,0.896551724137931,0.8461538461538461,0.8977695167286245,5.161567057477834,0.8775510204081632,0.898406374501992,2.085535409382877,3.0895881514726242,3.088880927505844,3.0896571832940833
CHEMBL204_Ki,scaffold,65555877,mondrian_nb,551,13,49,0.9001814882032668,0.8461538461538461,0.9014869888475836,5.533314269373745,0.8979591836734694,0.900398406374502,0.2439222701032584,3.072019230135751,2.9030455192363886,3.0885126800044147
CHEMBL204_Ki,scaffold,65555877,mondrian_rfstd,551,13,49,0.8711433756805808,0.8461538461538461,0.8717472118959108,2.559336574206461,0.7959183673469388,0.8784860557768924,8.256768842995365,2.7755254411890715,2.777470757356427,2.775335559730505
CHEMBL204_Ki,scaffold,80882938,global,551,14,59,0.867513611615245,0.5714285714285714,0.8752327746741154,30.380420324554404,0.7457627118644068,0.8821138211382114,13.635110927380456,2.578697659905689,2.5786976599056897,2.5786976599056888
CHEMBL204_Ki,scaffold,80882938,mondrian_wstd,551,14,59,0.8820326678765881,0.5714285714285714,0.8901303538175046,31.87017823889332,0.7796610169491526,0.8943089430894309,11.46479261402783,2.5646103695555107,2.7433559338953084,2.543175433994437
CHEMBL204_Ki,scaffold,80882938,mondrian_nb,551,14,59,0.8838475499092558,0.5714285714285714,0.8919925512104283,32.05639797818569,0.7966101694915254,0.8943089430894309,9.769877359790547,2.7245969482582746,2.7189383569319565,2.725275519169357
CHEMBL204_Ki,scaffold,80882938,mondrian_rfstd,551,14,59,0.8784029038112523,0.5,0.888268156424581,38.8268156424581,0.7627118644067796,0.8922764227642277,12.956455835744807,2.5037781299714594,2.5045885316579253,2.5036809476553996
CHEMBL204_Ki,scaffold,62569839,global,551,19,42,0.925589836660617,1.0,0.9229323308270677,-7.706766917293228,0.9523809523809523,0.9233791748526523,-2.900177752830002,3.4840126345724087,3.4840126345724096,3.4840126345724087
CHEMBL204_Ki,scaffold,62569839,mondrian_wstd,551,19,42,0.9401088929219601,1.0,0.9379699248120301,-6.203007518796988,0.9761904761904762,0.93713163064833,-3.9058845542146114,3.5442253597165614,3.5731216545476654,3.5418409896126195
CHEMBL204_Ki,scaffold,62569839,mondrian_nb,551,19,42,0.9401088929219601,1.0,0.9379699248120301,-6.203007518796988,0.9761904761904762,0.93713163064833,-3.9058845542146114,3.41501998904267,3.0851020765791306,3.442243078086812
CHEMBL204_Ki,scaffold,62569839,mondrian_rfstd,551,19,42,0.9491833030852994,0.9473684210526315,0.9492481203007519,0.187969924812037,0.9523809523809523,0.9489194499017681,-0.34615024791841975,3.566014822222528,3.6804888263791544,3.5565690301310187
CHEMBL214_Ki,random,71339737,global,664,16,50,0.9231927710843374,0.625,0.9305555555555556,30.555555555555557,0.74,0.9381107491856677,19.811074918566774,2.2757107545567745,2.2757107545567745,2.2757107545567745
CHEMBL214_Ki,random,71339737,mondrian_wstd,664,16,50,0.911144578313253,0.6875,0.9166666666666666,22.916666666666664,0.78,0.9218241042345277,14.182410423452762,2.2514471440611663,2.344733459205403,2.243850538593394
CHEMBL214_Ki,random,71339737,mondrian_nb,664,16,50,0.9231927710843374,0.6875,0.9290123456790124,24.151234567901238,0.76,0.9364820846905537,17.64820846905537,2.3352315687954577,2.250263264108845,2.3421508118481134
CHEMBL214_Ki,random,71339737,mondrian_rfstd,664,16,50,0.9066265060240963,0.5,0.9166666666666666,41.666666666666664,0.68,0.9250814332247557,24.50814332247556,2.212077898579635,2.1961905495706624,2.213371656642255
CHEMBL214_Ki,random,99182118,global,664,30,49,0.8825301204819277,0.6,0.8958990536277602,29.589905362776026,0.673469387755102,0.8991869918699187,22.571760411481666,2.210400523995636,2.210400523995636,2.210400523995636
CHEMBL214_Ki,random,99182118,mondrian_wstd,664,30,49,0.8795180722891566,0.6666666666666666,0.889589905362776,22.292323869610943,0.7142857142857143,0.8926829268292683,17.8397212543554,2.163260051408534,2.2720780368713958,2.1545900005342578
CHEMBL214_Ki,random,99182118,mondrian_nb,664,30,49,0.891566265060241,0.5333333333333333,0.9085173501577287,37.51840168243954,0.6122448979591837,0.9138211382113821,30.157624025219842,2.252059451611108,2.0571133731351576,2.267591740790493
CHEMBL214_Ki,random,99182118,mondrian_rfstd,664,30,49,0.8870481927710844,0.6333333333333333,0.8990536277602523,26.572029442691903,0.673469387755102,0.9040650406504065,23.059565289530447,2.10391186105584,2.0934368356063477,2.104746456579458
CHEMBL214_Ki,random,89709943,global,664,27,49,0.8885542168674698,0.6666666666666666,0.8979591836734694,23.129251700680275,0.7346938775510204,0.9008130081300812,16.61191305790608,2.237179080665694,2.237179080665694,2.2371790806656935
CHEMBL214_Ki,random,89709943,mondrian_wstd,664,27,49,0.9036144578313253,0.7407407407407407,0.9105180533751962,16.97773126344555,0.7959183673469388,0.9121951219512195,11.627675460428078,2.220500124356799,2.291509613199892,2.214842457766049
CHEMBL214_Ki,random,89709943,mondrian_nb,664,27,49,0.8930722891566265,0.5555555555555556,0.9073783359497645,35.182278039420886,0.6938775510204082,0.9089430894308943,21.506553841048614,2.336020783693075,2.1115037521320676,2.3539091325491555
CHEMBL214_Ki,random,89709943,mondrian_rfstd,664,27,49,0.9066265060240963,0.5555555555555556,0.9215070643642073,36.59515088086517,0.6938775510204082,0.9235772357723577,22.969968475194957,2.249698679604741,2.1002181322188584,2.2616085118354863
CHEMBL214_Ki,random,86921808,global,664,29,47,0.8629518072289156,0.6206896551724138,0.8740157480314961,25.332609285908227,0.7021276595744681,0.8752025931928687,17.307493361840066,2.094108030104371,2.09410803010437,2.094108030104371
CHEMBL214_Ki,random,86921808,mondrian_wstd,664,29,47,0.8930722891566265,0.7241379310344828,0.9007874015748032,17.664947054032044,0.7872340425531915,0.9011345218800648,11.390047932687331,2.178899362352777,2.1189178764320014,2.183468454473161
CHEMBL214_Ki,random,86921808,mondrian_nb,664,29,47,0.8885542168674698,0.5517241379310345,0.9039370078740158,35.221286994298126,0.6382978723404256,0.9076175040518638,26.931963171143824,2.1552867765738113,1.8943355590355244,2.1751647461431776
CHEMBL214_Ki,random,86921808,mondrian_rfstd,664,29,47,0.8960843373493976,0.6206896551724138,0.9086614173228347,28.797176215042086,0.7446808510638298,0.9076175040518638,16.293665298803404,2.1569936412599415,2.0972447449725022,2.1615450158555816
CHEMBL214_Ki,random,89165191,global,664,32,53,0.8659638554216867,0.65625,0.8765822784810127,22.033227848101266,0.7735849056603774,0.8739770867430442,10.03921810826668,2.1124294175957345,2.1124294175957345,2.1124294175957345
CHEMBL214_Ki,random,89165191,mondrian_wstd,664,32,53,0.8780120481927711,0.6875,0.8876582278481012,20.015822784810123,0.7924528301886793,0.8854337152209493,9.298088503226998,2.2001722397582384,2.195236825939218,2.2006003525772373
CHEMBL214_Ki,random,89165191,mondrian_nb,664,32,53,0.8599397590361446,0.625,0.8718354430379747,24.68354430379747,0.7169811320754716,0.8723404255319149,15.535929345644329,2.0661913329556243,1.8357646984498748,2.086179240695076
CHEMBL214_Ki,random,89165191,mondrian_rfstd,664,32,53,0.8659638554216867,0.59375,0.879746835443038,28.5996835443038,0.7169811320754716,0.8788870703764321,16.190593830096045,2.0864454073659138,2.086870640669028,2.08640852133471
CHEMBL214_Ki,scaffold,34332121,global,664,15,35,0.8840361445783133,0.8666666666666667,0.884437596302003,1.777092963533633,0.8857142857142857,0.8839427662957074,-0.17715194185782268,2.5538029829441498,2.55380298294415,2.5538029829441498
CHEMBL214_Ki,scaffold,34332121,mondrian_wstd,664,15,35,0.8644578313253012,0.8666666666666667,0.864406779661017,-0.2259887005649719,0.9142857142857143,0.8616852146263911,-5.260049965932312,2.4181147233485603,2.6396957843452142,2.405785093563373
CHEMBL214_Ki,scaffold,34332121,mondrian_nb,664,15,35,0.8870481927710844,0.7333333333333333,0.8906009244992296,15.726759116589628,0.8,0.8918918918918919,9.189189189189184,2.4822803584200352,2.2650447569018475,2.4943681899830508
CHEMBL214_Ki,scaffold,34332121,mondrian_rfstd,664,15,35,0.891566265060241,0.8,0.8936825885978429,9.368258859784284,0.8285714285714286,0.8950715421303657,6.650011355893703,2.422547334710596,2.464480587626234,2.4202140058520154
CHEMBL214_Ki,scaffold,57652534,global,664,24,51,0.8945783132530121,0.5,0.909375,40.93750000000001,0.7254901960784313,0.9086460032626428,18.315580718421142,2.5162659507136915,2.5162659507136915,2.5162659507136915
CHEMBL214_Ki,scaffold,57652534,mondrian_wstd,664,24,51,0.8870481927710844,0.4583333333333333,0.903125,44.479166666666664,0.7058823529411765,0.9021207177814029,19.62383648402264,2.498305279149891,2.516484351228854,2.4967928278023757
CHEMBL214_Ki,scaffold,57652534,mondrian_nb,664,24,51,0.8930722891566265,0.4166666666666667,0.9109375,49.42708333333333,0.6862745098039216,0.9102773246329527,22.400281482903118,2.5751254286457232,2.588007341696419,2.574053687103169
CHEMBL214_Ki,scaffold,57652534,mondrian_rfstd,664,24,51,0.8975903614457831,0.4166666666666667,0.915625,49.895833333333336,0.6862745098039216,0.9151712887438825,22.889677893996097,2.5478428695553674,2.4088378499473913,2.559407724367777
CHEMBL214_Ki,scaffold,65555877,global,664,31,47,0.8614457831325302,0.5806451612903226,0.8751974723538705,29.455231106354784,0.6595744680851063,0.8768233387358185,21.72488706507122,2.688322620352699,2.688322620352698,2.6883226203526984
CHEMBL214_Ki,scaffold,65555877,mondrian_wstd,664,31,47,0.8855421686746988,0.5806451612903226,0.9004739336492891,31.982877235896645,0.6170212765957447,0.9059967585089141,28.897548191316947,2.7643131951979827,2.4767607874881667,2.7862175115065098
CHEMBL214_Ki,scaffold,65555877,mondrian_nb,664,31,47,0.8960843373493976,0.4838709677419355,0.9162717219589257,43.24007542169902,0.5957446808510638,0.9189627228525121,32.32180420014483,2.725023102069359,2.2774753478164738,2.759115070383598
CHEMBL214_Ki,scaffold,65555877,mondrian_rfstd,664,31,47,0.8629518072289156,0.45161290322580644,0.8830963665086888,43.14834632828824,0.5531914893617021,0.8865478119935171,33.335632263181495,2.5290195260341677,2.3125974164669776,2.545505488999577
CHEMBL214_Ki,scaffold,80882938,global,664,15,52,0.8960843373493976,0.6666666666666666,0.901386748844376,23.472008217770934,0.8269230769230769,0.9019607843137255,7.503770739064864,2.749740179963256,2.749740179963256,2.749740179963256
CHEMBL214_Ki,scaffold,80882938,mondrian_wstd,664,15,52,0.9021084337349398,0.5333333333333333,0.9106317411402157,37.72984078068824,0.7884615384615384,0.9117647058823529,12.330316742081449,2.7646296829329637,2.82324363463376,2.7596494125270135
CHEMBL214_Ki,scaffold,80882938,mondrian_nb,664,15,52,0.9171686746987951,0.6,0.9244992295839753,32.449922958397536,0.7884615384615384,0.9281045751633987,13.964303670186029,2.8262129220654777,2.7639512537743185,2.831503129175184
CHEMBL214_Ki,scaffold,80882938,mondrian_rfstd,664,15,52,0.927710843373494,0.8,0.9306625577812019,13.066255778120183,0.8461538461538461,0.934640522875817,8.848667672197086,2.810678849723634,2.8025658789279624,2.811368187111501
CHEMBL214_Ki,scaffold,62569839,global,664,25,46,0.9382530120481928,0.64,0.9499217527386542,30.99217527386542,0.7608695652173914,0.9514563106796117,19.058674546222033,2.734051694873779,2.73405169487378,2.734051694873779
CHEMBL214_Ki,scaffold,62569839,mondrian_wstd,664,25,46,0.9307228915662651,0.72,0.9389671361502347,21.89671361502348,0.782608695652174,0.941747572815534,15.913887716336006,2.712264727733985,2.8612685495327654,2.701173828376794
CHEMBL214_Ki,scaffold,62569839,mondrian_nb,664,25,46,0.9292168674698795,0.6,0.9420970266040689,34.20970266040689,0.717391304347826,0.9449838187702265,22.759251442240046,2.7301582155357984,2.730189423132986,2.730155892640215
CHEMBL214_Ki,scaffold,62569839,mondrian_rfstd,664,25,46,0.9292168674698795,0.48,0.94679186228482,46.679186228482,0.6304347826086957,0.9514563106796117,32.1021528070916,2.706693880200232,2.701645994578101,2.7070696127869924
CHEMBL219_Ki,random,71339737,global,373,8,19,0.900804289544236,0.625,0.9068493150684932,28.18493150684932,0.7894736842105263,0.9067796610169492,11.730597680642285,2.229424190981107,2.2294241909811063,2.229424190981107
CHEMBL219_Ki,random,71339737,mondrian_wstd,373,8,19,0.8927613941018767,0.75,0.8958904109589041,14.589041095890408,0.8421052631578947,0.8954802259887006,5.33749628308059,2.1887035927595693,2.334544634648437,2.1808759662175117
CHEMBL219_Ki,random,71339737,mondrian_nb,373,8,19,0.8820375335120644,0.625,0.8876712328767123,26.267123287671236,0.6842105263157895,0.8926553672316384,20.844484091584892,2.197737925466935,2.0157564701352597,2.20750529171355
CHEMBL219_Ki,random,71339737,mondrian_rfstd,373,8,19,0.8847184986595175,0.75,0.8876712328767123,13.767123287671234,0.6842105263157895,0.8954802259887006,21.12696996729111,2.238852748953479,2.097417573278207,2.246443902450174
CHEMBL219_Ki,random,99182118,global,373,14,28,0.8900804289544236,1.0,0.8857938718662952,-11.420612813370479,0.9285714285714286,0.8869565217391304,-4.161490683229818,2.3269179679279794,2.32691796792798,2.32691796792798
CHEMBL219_Ki,random,99182118,mondrian_wstd,373,14,28,0.9142091152815014,1.0,0.9108635097493036,-8.913649025069637,0.8928571428571429,0.9159420289855073,2.3084886128364346,2.5138336217292823,2.493205013738929,2.515507827595166
CHEMBL219_Ki,random,99182118,mondrian_nb,373,14,28,0.9222520107238605,1.0,0.9192200557103064,-8.07799442896936,0.9642857142857143,0.9188405797101449,-4.544513457556942,2.521162730088604,2.168786875150607,2.549761350199514
CHEMBL219_Ki,random,99182118,mondrian_rfstd,373,14,28,0.9410187667560321,1.0,0.9387186629526463,-6.128133704735372,0.9285714285714286,0.9420289855072463,1.3457556935817738,2.4658897919750693,2.1980859029278634,2.4876246003615092
CHEMBL219_Ki,random,89709943,global,373,16,31,0.8793565683646113,0.75,0.8851540616246498,13.515406162464982,0.8709677419354839,0.8801169590643275,0.9149217128843645,2.486634179284266,2.486634179284266,2.486634179284266
CHEMBL219_Ki,random,89709943,mondrian_wstd,373,16,31,0.8766756032171582,0.75,0.8823529411764706,13.235294117647056,0.8709677419354839,0.8771929824561403,0.6225240520656428,2.4709439204291836,2.2696132958208257,2.4891931875720466
CHEMBL219_Ki,random,89709943,mondrian_nb,373,16,31,0.8659517426273459,0.5,0.8823529411764706,38.23529411764706,0.7096774193548387,0.8801169590643275,17.043953970948877,2.414398044764453,1.9159159408457191,2.4595820951196603
CHEMBL219_Ki,random,89709943,mondrian_rfstd,373,16,31,0.8766756032171582,0.75,0.8823529411764706,13.235294117647056,0.8387096774193549,0.8801169590643275,4.140728164497265,2.349177719418331,2.2236158237748764,2.3605590608363056
CHEMBL219_Ki,random,86921808,global,373,13,29,0.9088471849865952,0.6153846153846154,0.9194444444444444,30.4059829059829,0.7931034482758621,0.9186046511627907,12.550120288692856,2.4310394714497114,2.431039471449711,2.431039471449712
CHEMBL219_Ki,random,86921808,mondrian_wstd,373,13,29,0.9115281501340483,0.6153846153846154,0.9222222222222223,30.683760683760685,0.8275862068965517,0.9186046511627907,9.101844426623895,2.4894919540347193,2.4525946891824995,2.492602479269354
CHEMBL219_Ki,random,86921808,mondrian_nb,373,13,29,0.9168900804289544,0.6153846153846154,0.9277777777777778,31.23931623931624,0.7931034482758621,0.9273255813953488,13.422213311948672,2.6338229059027927,2.4183139075528635,2.6519908156474084
CHEMBL219_Ki,random,86921808,mondrian_rfstd,373,13,29,0.9276139410187667,0.6923076923076923,0.9361111111111111,24.38034188034188,0.8620689655172413,0.9331395348837209,7.107056936647959,2.5076844300437147,2.370695304789379,2.519232931882016
CHEMBL219_Ki,random,89165191,global,373,11,27,0.903485254691689,0.9090909090909091,0.9033149171270718,-0.5775991963837268,0.9629629629629629,0.8988439306358381,-6.411903232712479,2.37988541296548,2.3798854129654803,2.3798854129654803
CHEMBL219_Ki,random,89165191,mondrian_wstd,373,11,27,0.9249329758713136,0.9090909090909091,0.925414364640884,1.6323455549974941,0.9629629629629629,0.9219653179190751,-4.099764504388781,2.5287588001931818,2.5113812355914553,2.530114852922218
CHEMBL219_Ki,random,89165191,mondrian_nb,373,11,27,0.9195710455764075,0.8181818181818182,0.9226519337016574,10.44701155198392,0.9259259259259259,0.9190751445086706,-0.6850781417255369,2.438366096072543,2.080654620380307,2.4662799973548855
CHEMBL219_Ki,random,89165191,mondrian_rfstd,373,11,27,0.935656836461126,0.9090909090909091,0.93646408839779,2.737317930688099,0.9629629629629629,0.9335260115606936,-2.943695140226932,2.4505434830913666,2.3143513577978063,2.461171192290575
CHEMBL219_Ki,scaffold,34332121,global,373,9,18,0.9490616621983914,0.8888888888888888,0.9505494505494505,6.166056166056166,0.9444444444444444,0.9492957746478873,0.48513302034428607,2.996087161954697,2.996087161954698,2.9960871619546974
CHEMBL219_Ki,scaffold,34332121,mondrian_wstd,373,9,18,0.9329758713136729,0.7777777777777778,0.9368131868131868,15.903540903540902,0.8888888888888888,0.9352112676056338,4.632237871674494,3.000907496835519,3.0665352899696123,2.997579890423085
CHEMBL219_Ki,scaffold,34332121,mondrian_nb,373,9,18,0.9410187667560321,0.7777777777777778,0.945054945054945,16.727716727716725,0.8888888888888888,0.9436619718309859,5.477308294209704,3.032436709733085,2.9024191889809776,3.0390291474050226
CHEMBL219_Ki,scaffold,34332121,mondrian_rfstd,373,9,18,0.935656836461126,0.5555555555555556,0.945054945054945,38.94993894993895,0.7777777777777778,0.9436619718309859,16.58841940532081,3.030884338441734,2.9117644367828066,3.0369242207793703
CHEMBL219_Ki,scaffold,57652534,global,373,11,23,0.8766756032171582,0.8181818181818182,0.8784530386740331,6.027122049221489,0.8695652173913043,0.8771428571428571,0.7577639751552789,2.6273411849028077,2.6273411849028063,2.627341184902807
CHEMBL219_Ki,scaffold,57652534,mondrian_wstd,373,11,23,0.8927613941018767,0.9090909090909091,0.8922651933701657,-1.6825715720743317,0.9565217391304348,0.8885714285714286,-6.795031055900624,2.706522850958712,2.7121382830030387,2.706153836852942
CHEMBL219_Ki,scaffold,57652534,mondrian_nb,373,11,23,0.8847184986595175,0.8181818181818182,0.8867403314917127,6.855851330989449,0.8695652173913043,0.8857142857142857,1.6149068322981353,2.598812782486662,2.3470084434653056,2.6153599247652073
CHEMBL219_Ki,scaffold,57652534,mondrian_rfstd,373,11,23,0.8793565683646113,0.6363636363636364,0.8867403314917127,25.037669512807636,0.8260869565217391,0.8828571428571429,5.677018633540376,2.625123231252062,2.428136187398819,2.638068094133846
CHEMBL219_Ki,scaffold,65555877,global,373,11,31,0.9115281501340483,1.0,0.9088397790055248,-9.116022099447518,0.967741935483871,0.9064327485380117,-6.1309186945859295,3.044612474749041,3.0446124747490417,3.044612474749041
CHEMBL219_Ki,scaffold,65555877,mondrian_wstd,373,11,31,0.8981233243967829,1.0,0.8950276243093923,-10.497237569060768,0.967741935483871,0.8918128654970761,-7.592906998679494,3.2191116401407993,3.4055771750212527,3.202209793411869
CHEMBL219_Ki,scaffold,65555877,mondrian_nb,373,11,31,0.9249329758713136,1.0,0.9226519337016574,-7.734806629834257,0.967741935483871,0.9210526315789473,-4.668930390492365,3.2025375863059455,3.2530770789802785,3.1979565211804943
CHEMBL219_Ki,scaffold,65555877,mondrian_rfstd,373,11,31,0.9249329758713136,0.8181818181818182,0.9281767955801105,10.999497739829224,0.9354838709677419,0.9239766081871345,-1.150726278060743,2.9675070400495875,2.861222175374978,2.977141048251087
CHEMBL219_Ki,scaffold,80882938,global,373,8,25,0.9302949061662198,1.0,0.9287671232876712,-7.12328767123288,1.0,0.9252873563218391,-7.471264367816088,3.3588196701976756,3.3588196701976756,3.358819670197676
CHEMBL219_Ki,scaffold,80882938,mondrian_wstd,373,8,25,0.938337801608579,1.0,0.936986301369863,-6.301369863013695,0.92,0.9396551724137931,1.965517241379311,3.5731834350312655,3.519126591051856,3.577066828995303
CHEMBL219_Ki,scaffold,80882938,mondrian_nb,373,8,25,0.9302949061662198,1.0,0.9287671232876712,-7.12328767123288,1.0,0.9252873563218391,-7.471264367816088,3.7617231511111253,3.7800451243506488,3.7604069174013897
CHEMBL219_Ki,scaffold,80882938,mondrian_rfstd,373,8,25,0.9651474530831099,0.875,0.9671232876712329,9.21232876712329,0.96,0.9655172413793104,0.5517241379310422,3.5530884347940797,3.2856484471305993,3.5723010775859962
CHEMBL219_Ki,scaffold,62569839,global,373,9,25,0.9249329758713136,0.8888888888888888,0.9258241758241759,3.6935286935287026,0.88,0.9281609195402298,4.816091954022983,3.022311079917222,3.0223110799172215,3.0223110799172224
CHEMBL219_Ki,scaffold,62569839,mondrian_wstd,373,9,25,0.9115281501340483,0.7777777777777778,0.9148351648351648,13.705738705738701,0.84,0.9166666666666666,7.666666666666666,2.939970750626324,2.7177562211571704,2.9559344380881885
CHEMBL219_Ki,scaffold,62569839,mondrian_nb,373,9,25,0.8981233243967829,0.7777777777777778,0.9010989010989011,12.332112332112333,0.84,0.9022988505747126,6.229885057471263,2.9291791012287542,2.5742616786497945,2.954676042505979
CHEMBL219_Ki,scaffold,62569839,mondrian_rfstd,373,9,25,0.9222520107238605,0.6666666666666666,0.9285714285714286,26.190476190476197,0.8,0.9310344827586207,13.103448275862062,2.889731401340484,2.586533889006444,2.911512831824251
CHEMBL228_Ki,random,71339737,global,341,11,18,0.8563049853372434,0.45454545454545453,0.8696969696969697,41.51515151515152,0.6666666666666666,0.8668730650154799,20.020639834881326,2.4362937176339248,2.4362937176339248,2.4362937176339248
CHEMBL228_Ki,random,71339737,mondrian_wstd,341,11,18,0.8856304985337243,0.45454545454545453,0.9,44.54545454545455,0.5555555555555556,0.9040247678018576,34.8469212246302,2.5122524280196457,2.2757238729459797,2.5254335858875274
CHEMBL228_Ki,random,71339737,mondrian_nb,341,11,18,0.8709677419354839,0.45454545454545453,0.8848484848484849,43.03030303030304,0.6111111111111112,0.8854489164086687,27.433780529755758,2.363125509436602,2.0949802068652312,2.3780685913136446
CHEMBL228_Ki,random,71339737,mondrian_rfstd,341,11,18,0.8914956011730205,0.45454545454545453,0.906060606060606,45.15151515151515,0.6111111111111112,0.9071207430340558,29.60096319229446,2.516187305447005,2.333122454403392,2.5263890618519116
CHEMBL228_Ki,random,99182118,global,341,9,18,0.9149560117302052,0.5555555555555556,0.9246987951807228,36.914323962516725,0.7777777777777778,0.9226006191950464,14.482284141726865,2.7561219673070703,2.75612196730707,2.7561219673070703
CHEMBL228_Ki,random,99182118,mondrian_wstd,341,9,18,0.9149560117302052,0.5555555555555556,0.9246987951807228,36.914323962516725,0.7777777777777778,0.9226006191950464,14.482284141726865,2.69404320318997,2.4597229085560413,2.7071013001045543
CHEMBL228_Ki,random,99182118,mondrian_nb,341,9,18,0.9090909090909091,0.4444444444444444,0.9216867469879518,47.72423025435074,0.7222222222222222,0.9195046439628483,19.728242174062604,2.675343638092679,2.5040310129310965,2.684890471693015
CHEMBL228_Ki,random,99182118,mondrian_rfstd,341,9,18,0.9002932551319648,0.3333333333333333,0.9156626506024096,58.23293172690762,0.6666666666666666,0.913312693498452,24.664602683178536,2.698717442798649,2.4244514113064293,2.7140016179282465
CHEMBL228_Ki,random,89709943,global,341,3,9,0.9149560117302052,1.0,0.9142011834319527,-8.579881656804734,1.0,0.9126506024096386,-8.734939759036141,2.554982520686142,2.554982520686142,2.554982520686142
CHEMBL228_Ki,random,89709943,mondrian_wstd,341,3,9,0.9178885630498533,1.0,0.9171597633136095,-8.284023668639051,0.8888888888888888,0.9186746987951807,2.978580990629187,2.601368888534966,2.534949361292283,2.6031694178879303
CHEMBL228_Ki,random,89709943,mondrian_nb,341,3,9,0.9296187683284457,1.0,0.9289940828402367,-7.100591715976334,0.8888888888888888,0.9307228915662651,4.183400267737625,2.54998705355446,2.4694489588053905,2.5521703151591035
CHEMBL228_Ki,random,89709943,mondrian_rfstd,341,3,9,0.9354838709677419,1.0,0.9349112426035503,-6.508875739644971,0.7777777777777778,0.9397590361445783,16.198125836680056,2.496095219168948,2.2981158135215036,2.501462130767824
CHEMBL228_Ki,random,86921808,global,341,8,13,0.8856304985337243,0.875,0.8858858858858859,1.0885885885885904,0.8461538461538461,0.8871951219512195,4.104127579737337,2.4142446018049113,2.414244601804912,2.4142446018049113
CHEMBL228_Ki,random,86921808,mondrian_wstd,341,8,13,0.9237536656891495,0.875,0.924924924924925,4.992492492492495,0.8461538461538461,0.926829268292683,8.067542213883684,2.7570095460773767,2.567564745962789,2.764518029008748
CHEMBL228_Ki,random,86921808,mondrian_nb,341,8,13,0.8973607038123167,0.75,0.9009009009009009,15.090090090090092,0.6923076923076923,0.9054878048780488,21.31801125703565,2.5842462822070633,2.1094541877069646,2.6030642615622503
CHEMBL228_Ki,random,86921808,mondrian_rfstd,341,8,13,0.9237536656891495,0.875,0.924924924924925,4.992492492492495,0.8461538461538461,0.926829268292683,8.067542213883684,2.8128770573493522,3.0550369275507303,2.8032792576157615
CHEMBL228_Ki,random,89165191,global,341,6,14,0.906158357771261,0.6666666666666666,0.9104477611940298,24.378109452736318,0.8571428571428571,0.908256880733945,5.111402359108785,2.467085641851064,2.467085641851064,2.467085641851064
CHEMBL228_Ki,random,89165191,mondrian_wstd,341,6,14,0.9266862170087976,0.6666666666666666,0.9313432835820895,26.46766169154229,0.8571428571428571,0.9296636085626911,7.252075141983405,2.6149986863192365,2.557263814546556,2.617470515691767
CHEMBL228_Ki,random,89165191,mondrian_nb,341,6,14,0.9384164222873901,0.6666666666666666,0.9432835820895522,27.66169154228856,0.8571428571428571,0.9418960244648318,8.475316732197468,2.6211491507244324,2.679665632986564,2.6186438579058704
CHEMBL228_Ki,random,89165191,mondrian_rfstd,341,6,14,0.9266862170087976,0.5,0.9343283582089552,43.43283582089552,0.7857142857142857,0.9327217125382263,14.700742682394063,2.6391338406629985,2.2682250825807944,2.6550137263301266
CHEMBL228_Ki,scaffold,34332121,global,341,4,7,0.7653958944281525,0.75,0.7655786350148368,1.5578635014836806,0.8571428571428571,0.7634730538922155,-9.366980325064155,2.858421668803331,2.858421668803331,2.8584216688033304
CHEMBL228_Ki,scaffold,34332121,mondrian_wstd,341,4,7,0.782991202346041,0.75,0.7833827893175074,3.3382789317507378,0.8571428571428571,0.781437125748503,-7.57057313943541,2.953030814973345,2.9639585087924103,2.9528017914501907
CHEMBL228_Ki,scaffold,34332121,mondrian_nb,341,4,7,0.7888563049853372,0.5,0.7922848664688428,29.228486646884278,0.7142857142857143,0.7904191616766467,7.613344739093241,2.9746476729053084,2.7725669783541074,2.978882897042609
CHEMBL228_Ki,scaffold,34332121,mondrian_rfstd,341,4,7,0.7859237536656891,0.5,0.7893175074183977,28.931750741839767,0.7142857142857143,0.7874251497005988,7.313943541488454,2.852455187555961,2.837431119512742,2.8527700632335136
CHEMBL228_Ki,scaffold,57652534,global,341,5,9,0.7888563049853372,0.8,0.7886904761904762,-1.130952380952388,0.7777777777777778,0.7891566265060241,1.137884872824635,2.7718172606747906,2.7718172606747906,2.7718172606747906
CHEMBL228_Ki,scaffold,57652534,mondrian_wstd,341,5,9,0.844574780058651,0.6,0.8482142857142857,24.821428571428573,0.6666666666666666,0.8493975903614458,18.273092369477915,3.057277299311999,2.7113500879006036,3.066654844199657
CHEMBL228_Ki,scaffold,57652534,mondrian_nb,341,5,9,0.8621700879765396,0.8,0.8630952380952381,6.309523809523809,0.7777777777777778,0.8644578313253012,8.668005354752339,3.072971431724473,2.576661797674982,3.0864256085511155
CHEMBL228_Ki,scaffold,57652534,mondrian_rfstd,341,5,9,0.8826979472140762,0.6,0.8869047619047619,28.69047619047619,0.7777777777777778,0.8855421686746988,10.776439089692103,3.413191378144294,3.035566530783348,3.423428196295645
CHEMBL228_Ki,scaffold,65555877,global,341,6,18,0.9442815249266863,1.0,0.9432835820895522,-5.671641791044779,0.8888888888888888,0.9473684210526315,5.847953216374268,3.387422916519864,3.387422916519863,3.3874229165198644
CHEMBL228_Ki,scaffold,65555877,mondrian_wstd,341,6,18,0.9442815249266863,0.6666666666666666,0.9492537313432836,28.2587064676617,0.7777777777777778,0.9535603715170279,17.578259373925007,3.359751392405711,2.959332010651929,3.382065785196944
CHEMBL228_Ki,scaffold,65555877,mondrian_nb,341,6,18,0.9560117302052786,0.5,0.9641791044776119,46.41791044776119,0.7222222222222222,0.9690402476780186,24.681802545579636,3.3471775420054204,2.8621304578952564,3.374208029664811
CHEMBL228_Ki,scaffold,65555877,mondrian_rfstd,341,6,18,0.9354838709677419,0.3333333333333333,0.9462686567164179,61.29353233830845,0.6666666666666666,0.9504643962848297,28.379772961816307,3.2336249102304104,2.883763900068893,3.253121808629504
CHEMBL228_Ki,scaffold,80882938,global,341,6,15,0.8826979472140762,0.6666666666666666,0.8865671641791045,21.990049751243788,0.8666666666666667,0.8834355828220859,1.67689161554192,2.7541957867676743,2.7541957867676743,2.754195786767674
CHEMBL228_Ki,scaffold,80882938,mondrian_wstd,341,6,15,0.9090909090909091,0.6666666666666666,0.9134328358208955,24.67661691542289,0.8666666666666667,0.911042944785276,4.437627811860933,2.8041171136877168,2.552005184771523,2.815717355815763
CHEMBL228_Ki,scaffold,80882938,mondrian_nb,341,6,15,0.9032258064516129,0.6666666666666666,0.9074626865671642,24.07960199004976,0.7333333333333333,0.911042944785276,17.770961145194274,2.7485340751864755,2.399961327393944,2.7645726985511625
CHEMBL228_Ki,scaffold,80882938,mondrian_rfstd,341,6,15,0.9090909090909091,0.6666666666666666,0.9134328358208955,24.67661691542289,0.8666666666666667,0.911042944785276,4.437627811860933,2.781908682217804,2.9713075433012253,2.7731940106955615
CHEMBL228_Ki,scaffold,62569839,global,341,9,16,0.9413489736070382,0.7777777777777778,0.9457831325301205,16.80053547523427,0.875,0.9446153846153846,6.9615384615384635,3.2276160950647577,3.227616095064757,3.2276160950647577
CHEMBL228_Ki,scaffold,62569839,mondrian_wstd,341,9,16,0.9442815249266863,0.7777777777777778,0.9487951807228916,17.10174029451138,0.875,0.9476923076923077,7.269230769230772,3.389218627880298,2.9423185266396796,3.411219863633683
CHEMBL228_Ki,scaffold,62569839,mondrian_nb,341,9,16,0.9266862170087976,0.3333333333333333,0.9427710843373494,60.94377510040161,0.625,0.9415384615384615,31.653846153846153,3.018365122325743,2.4834942682642804,3.0446972259103067
CHEMBL228_Ki,scaffold,62569839,mondrian_rfstd,341,9,16,0.9413489736070382,0.3333333333333333,0.9578313253012049,62.44979919678715,0.625,0.9569230769230769,33.192307692307686,3.2647301877464914,2.4810969737331283,3.30330905366715
CHEMBL233_Ki,random,71339737,global,629,30,55,0.9030206677265501,0.7,0.9131886477462438,21.31886477462438,0.8181818181818182,0.9111498257839721,9.296800760215385,2.4430956837659994,2.4430956837659994,2.443095683766
CHEMBL233_Ki,random,71339737,mondrian_wstd,629,30,55,0.9141494435612083,0.7333333333333333,0.9232053422370617,18.987200890372847,0.8363636363636363,0.921602787456446,8.523915109280967,2.53665622789835,2.740653877948518,2.5171094147402333
CHEMBL233_Ki,random,71339737,mondrian_nb,629,30,55,0.9093799682034976,0.6,0.9248747913188647,32.487479131886474,0.7090909090909091,0.9285714285714286,21.94805194805195,2.5125719118440997,2.225653667024841,2.540064078159534
CHEMBL233_Ki,random,71339737,mondrian_rfstd,629,30,55,0.8950715421303657,0.6,0.9098497495826378,30.984974958263777,0.7454545454545455,0.9094076655052264,16.395312005068096,2.2838805957665698,2.3676497766826317,2.2758539320899436
CHEMBL233_Ki,random,99182118,global,629,27,64,0.9062003179650239,0.5925925925925926,0.920265780730897,32.76731881383045,0.78125,0.9203539823008849,13.910398230088495,2.5488024071266135,2.548802407126614,2.5488024071266135
CHEMBL233_Ki,random,99182118,mondrian_wstd,629,27,64,0.9173290937996821,0.6296296296296297,0.9302325581395349,30.06029285099052,0.78125,0.9327433628318584,15.149336283185843,2.52647411298452,2.5298372044235347,2.5260931610339052
CHEMBL233_Ki,random,99182118,mondrian_nb,629,27,64,0.9109697933227345,0.48148148148148145,0.9302325581395349,44.875107665805345,0.703125,0.9345132743362832,23.138827433628318,2.5353676351972663,2.346678970898781,2.556741218409838
CHEMBL233_Ki,random,99182118,mondrian_rfstd,629,27,64,0.9093799682034976,0.5555555555555556,0.925249169435216,36.96936138796604,0.65625,0.9380530973451328,28.180309734513276,2.485923038637182,2.4677169850873675,2.487985317269374
CHEMBL233_Ki,random,89709943,global,629,18,45,0.8950715421303657,0.6666666666666666,0.9018003273322422,23.513366066557563,0.8222222222222222,0.9006849315068494,7.846270928462717,2.4633145207828964,2.463314520782897,2.463314520782896
CHEMBL233_Ki,random,89709943,mondrian_wstd,629,18,45,0.9030206677265501,0.7222222222222222,0.9083469721767594,18.61247499545372,0.8666666666666667,0.9058219178082192,3.9155251141552494,2.50862879545787,2.6765159179584885,2.4956922877309387
CHEMBL233_Ki,random,89709943,mondrian_nb,629,18,45,0.9014308426073132,0.6666666666666666,0.9083469721767594,24.168030551009277,0.8444444444444444,0.9058219178082192,6.137747336377474,2.4655663858258694,2.3931941120756504,2.4711430165086776
CHEMBL233_Ki,random,89709943,mondrian_rfstd,629,18,45,0.8950715421303657,0.6666666666666666,0.9018003273322422,23.513366066557563,0.8,0.9023972602739726,10.239726027397255,2.3795739684041157,2.383723890869959,2.379254196981234
CHEMBL233_Ki,random,86921808,global,629,27,50,0.9030206677265501,0.8518518518518519,0.9053156146179402,5.346376276608833,0.86,0.9067357512953368,4.67357512953368,2.4885132854176777,2.488513285417678,2.488513285417678
CHEMBL233_Ki,random,86921808,mondrian_wstd,629,27,50,0.9062003179650239,0.8518518518518519,0.9086378737541528,5.678602190230098,0.88,0.9084628670120898,2.8462867012089776,2.5383293321325473,2.644456135152424,2.5291646686593277
CHEMBL233_Ki,random,86921808,mondrian_nb,629,27,50,0.9284578696343402,0.8518518518518519,0.9318936877076412,8.00418358557894,0.84,0.9360967184801382,9.609671848013823,2.5976867846450222,2.425393335964924,2.612565320800471
CHEMBL233_Ki,random,86921808,mondrian_rfstd,629,27,50,0.8934817170111288,0.7407407407407407,0.9003322259136213,15.959148517288057,0.78,0.9032815198618307,12.328151986183066,2.361468628016694,2.3370785355808867,2.363574853615641
CHEMBL233_Ki,random,89165191,global,629,23,47,0.875993640699523,0.6086956521739131,0.8861386138613861,27.744296168747308,0.723404255319149,0.8883161512027491,16.49118958836001,2.510057674655517,2.5100576746555165,2.510057674655517
CHEMBL233_Ki,random,89165191,mondrian_wstd,629,23,47,0.8855325914149443,0.6086956521739131,0.8960396039603961,28.7343951786483,0.723404255319149,0.8986254295532646,17.522117423411565,2.5521593962203726,2.51992970138017,2.5547621378999077
CHEMBL233_Ki,random,89165191,mondrian_nb,629,23,47,0.8823529411764706,0.5652173913043478,0.8943894389438944,32.917204763954665,0.6808510638297872,0.8986254295532646,21.777436572347742,2.5216055087113545,2.248234293214376,2.543681878347708
CHEMBL233_Ki,random,89165191,mondrian_rfstd,629,23,47,0.9030206677265501,0.6521739130434783,0.9125412541254125,26.03673410819343,0.7446808510638298,0.915807560137457,17.112670907362727,2.5293735609710457,2.481618732530849,2.5332300505529863
CHEMBL233_Ki,scaffold,34332121,global,629,19,73,0.918918918918919,0.8421052631578947,0.921311475409836,7.920621225194136,0.8904109589041096,0.9226618705035972,3.2250911599487564,3.055404464955174,3.055404464955174,3.055404464955174
CHEMBL233_Ki,scaffold,34332121,mondrian_wstd,629,19,73,0.9268680445151033,0.7894736842105263,0.9311475409836065,14.167385677308019,0.8767123287671232,0.9334532374100719,5.674090864294867,3.0077438447284073,2.9923001767697617,3.0097715205575106
CHEMBL233_Ki,scaffold,34332121,mondrian_nb,629,19,73,0.9141494435612083,0.631578947368421,0.9229508196721311,29.13718723037101,0.7945205479452054,0.9298561151079137,13.533556716270823,2.935816282573735,2.6526234079998012,2.9729980808541256
CHEMBL233_Ki,scaffold,34332121,mondrian_rfstd,629,19,73,0.931637519872814,0.631578947368421,0.940983606557377,30.940465918895597,0.8356164383561644,0.9442446043165468,10.862816596038238,3.003588814772529,2.941569086525962,3.011731692761736
CHEMBL233_Ki,scaffold,57652534,global,629,18,63,0.904610492845787,0.7777777777777778,0.9083469721767594,13.056919439898163,0.873015873015873,0.9081272084805654,3.511133546469236,2.957752206644024,2.957752206644023,2.957752206644024
CHEMBL233_Ki,scaffold,57652534,mondrian_wstd,629,18,63,0.9125596184419714,0.7777777777777778,0.9165302782324058,13.875250045462806,0.8571428571428571,0.9187279151943463,6.158505805148917,3.026227196178272,2.979357921118115,3.0314440942856744
CHEMBL233_Ki,scaffold,57652534,mondrian_nb,629,18,63,0.9157392686804452,0.7777777777777778,0.9198036006546645,14.20258228768867,0.8412698412698413,0.9240282685512368,8.275842728139548,3.0600116963084303,2.7415845682163793,3.0954549985518915
CHEMBL233_Ki,scaffold,57652534,mondrian_rfstd,629,18,63,0.9062003179650239,0.7777777777777778,0.9099836333878887,13.220585561011088,0.8571428571428571,0.911660777385159,5.451792024230196,2.828226897108206,2.805606655569932,2.8307446978447985
CHEMBL233_Ki,scaffold,65555877,global,629,22,55,0.9093799682034976,0.8181818181818182,0.9126853377265239,9.45035195447057,0.8181818181818182,0.9181184668989547,9.993664871713648,2.921175704298987,2.921175704298986,2.921175704298987
CHEMBL233_Ki,scaffold,65555877,mondrian_wstd,629,22,55,0.904610492845787,0.7727272727272727,0.9093904448105437,13.666317208327094,0.8181818181818182,0.9128919860627178,9.471016788089958,2.8183808852854404,2.842555269302334,2.8160645244475844
CHEMBL233_Ki,scaffold,65555877,mondrian_nb,629,22,55,0.9062003179650239,0.8181818181818182,0.9093904448105437,9.120862662872542,0.8181818181818182,0.9146341463414634,9.645232815964523,2.909858251729454,2.9425258254590108,2.9067280835149494
CHEMBL233_Ki,scaffold,65555877,mondrian_rfstd,629,22,55,0.8918918918918919,0.5909090909090909,0.9028006589785832,31.189156806949224,0.7636363636363637,0.9041811846689896,14.05448210326259,2.7199673174807937,2.676114299812339,2.724169261682474
CHEMBL233_Ki,scaffold,80882938,global,629,12,63,0.8998410174880763,0.8333333333333334,0.9011345218800648,6.780118854673145,0.873015873015873,0.9028268551236749,2.9810982107801864,2.921199270844877,2.9211992708448773,2.921199270844877
CHEMBL233_Ki,scaffold,80882938,mondrian_wstd,629,12,63,0.9252782193958664,0.8333333333333334,0.9270664505672609,9.373311723392753,0.873015873015873,0.931095406360424,5.807953334455096,3.060072796870741,3.093919371766443,3.05630542192652
CHEMBL233_Ki,scaffold,80882938,mondrian_nb,629,12,63,0.9077901430842608,0.5833333333333334,0.9141004862236629,33.076715289032954,0.7777777777777778,0.9222614840989399,14.448370632116214,3.0253319463724897,2.5690072833758157,3.0761242675187623
CHEMBL233_Ki,scaffold,80882938,mondrian_rfstd,629,12,63,0.9141494435612083,0.5,0.9222042139384117,42.220421393841164,0.7777777777777778,0.9293286219081273,15.155084413034947,2.9706399991473935,2.6404191782304953,3.007396026917295
CHEMBL233_Ki,scaffold,62569839,global,629,9,44,0.8871224165341812,0.7777777777777778,0.8887096774193548,11.093189964157702,0.8409090909090909,0.8905982905982905,4.968919968919961,2.809555033065982,2.809555033065981,2.809555033065982
CHEMBL233_Ki,scaffold,62569839,mondrian_wstd,629,9,44,0.8744038155802861,0.6666666666666666,0.8774193548387097,21.075268817204307,0.7272727272727273,0.8854700854700854,15.819735819735815,2.750568826510537,2.687704099362064,2.755297113680678
CHEMBL233_Ki,scaffold,62569839,mondrian_nb,629,9,44,0.8648648648648649,0.6666666666666666,0.867741935483871,20.10752688172044,0.6590909090909091,0.8803418803418803,22.125097125097128,2.852836040559649,2.4286022598246855,2.8847442223585182
CHEMBL233_Ki,scaffold,62569839,mondrian_rfstd,629,9,44,0.8918918918918919,0.5555555555555556,0.896774193548387,34.12186379928315,0.7727272727272727,0.9008547008547009,12.812742812742817,2.86661180451178,2.6087975671517887,2.886002960826036
CHEMBL234_Ki,random,71339737,global,732,28,47,0.8934426229508197,0.7142857142857143,0.9005681818181818,18.628246753246746,0.8085106382978723,0.8992700729927007,9.075943469482839,2.212711554802071,2.212711554802071,2.212711554802071
CHEMBL234_Ki,random,71339737,mondrian_wstd,732,28,47,0.9002732240437158,0.7142857142857143,0.9076704545454546,19.33847402597403,0.8085106382978723,0.9065693430656935,9.805870476782118,2.2808109372899303,2.4404950843970554,2.2698545067584925
CHEMBL234_Ki,random,71339737,mondrian_nb,732,28,47,0.8920765027322405,0.6785714285714286,0.9005681818181818,22.199675324675315,0.7659574468085106,0.9007299270072993,13.477248019878862,2.1466431861356408,2.0865211444588874,2.1507683481193016
CHEMBL234_Ki,random,71339737,mondrian_rfstd,732,28,47,0.8975409836065574,0.7142857142857143,0.9048295454545454,19.054383116883113,0.7872340425531915,0.9051094890510949,11.787544649790338,2.1400447646051703,2.313362971229768,2.128152858457205
CHEMBL234_Ki,random,99182118,global,732,25,41,0.9193989071038251,0.84,0.9222065063649222,8.220650636492222,0.8536585365853658,0.9232995658465991,6.964102926123328,2.2867064626478353,2.2867064626478353,2.2867064626478353
CHEMBL234_Ki,random,99182118,mondrian_wstd,732,25,41,0.9180327868852459,0.8,0.9222065063649222,12.220650636492215,0.8292682926829268,0.9232995658465991,9.403127316367232,2.2519182933680666,2.304661626044907,2.2487888047432465
CHEMBL234_Ki,random,99182118,mondrian_nb,732,25,41,0.9193989071038251,0.72,0.9264497878359265,20.64497878359265,0.7560975609756098,0.9290882778581766,17.299071688256685,2.2579925337171547,2.030132531468219,2.2715124470199135
CHEMBL234_Ki,random,99182118,mondrian_rfstd,732,25,41,0.9166666666666666,0.64,0.9264497878359265,28.644978783592645,0.7073170731707317,0.9290882778581766,22.177120468744494,2.1675573456717223,2.2262390599049464,2.164075507345294
CHEMBL234_Ki,random,89709943,global,732,24,47,0.9002732240437158,0.75,0.905367231638418,15.536723163841803,0.7659574468085106,0.9094890510948905,14.35316042863799,2.319017642575059,2.319017642575059,2.3190176425750586
CHEMBL234_Ki,random,89709943,mondrian_wstd,732,24,47,0.907103825136612,0.75,0.9124293785310734,16.242937853107343,0.7872340425531915,0.9153284671532846,12.809442460009313,2.385640338976835,2.4321415945789226,2.3824497418771293
CHEMBL234_Ki,random,89709943,mondrian_nb,732,24,47,0.8934426229508197,0.5833333333333334,0.903954802259887,32.06214689265536,0.7021276595744681,0.9065693430656935,20.44416834912254,2.32756501652358,2.1293866242015387,2.341162658040567
CHEMBL234_Ki,random,89709943,mondrian_rfstd,732,24,47,0.9139344262295082,0.75,0.9194915254237288,16.94915254237288,0.7446808510638298,0.9255474452554745,18.086659419164477,2.3209930386580524,2.368951245767804,2.3177024755424926
CHEMBL234_Ki,random,86921808,global,732,25,55,0.8702185792349727,0.68,0.8769448373408769,19.694483734087687,0.7818181818181819,0.8774002954209749,9.558211360279302,2.1012897413587943,2.1012897413587948,2.1012897413587943
CHEMBL234_Ki,random,86921808,mondrian_wstd,732,25,55,0.8743169398907104,0.68,0.8811881188118812,20.118811881188115,0.7636363636363637,0.8833087149187593,11.967235128239562,2.1425838471565783,2.182479917740253,2.1393426597384075
CHEMBL234_Ki,random,86921808,mondrian_nb,732,25,55,0.8770491803278688,0.6,0.8868458274398868,28.684582743988685,0.7090909090909091,0.8906942392909897,18.160333020008057,2.1288368719048107,1.9456316744463829,2.143720602865244
CHEMBL234_Ki,random,86921808,mondrian_rfstd,732,25,55,0.8592896174863388,0.64,0.867043847241867,22.7043847241867,0.7090909090909091,0.8714918759231906,16.240096683228145,1.9623295196177752,2.011780465152964,1.958312086819495
CHEMBL234_Ki,random,89165191,global,732,27,47,0.9166666666666666,0.8518518518518519,0.9191489361702128,6.72970843183609,0.8936170212765957,0.9182481751824818,2.4631153905886105,2.245366958774074,2.2453669587740737,2.245366958774074
CHEMBL234_Ki,random,89165191,mondrian_wstd,732,27,47,0.9002732240437158,0.8148148148148148,0.9035460992907801,8.873128447596535,0.851063829787234,0.9036496350364963,5.258580524926226,2.1326064912663782,2.302887014373813,2.1209230101188603
CHEMBL234_Ki,random,89165191,mondrian_nb,732,27,47,0.912568306010929,0.8518518518518519,0.9148936170212766,6.304176516942473,0.8936170212765957,0.9138686131386862,2.025159186209047,2.1973978365081073,2.1028073282589954,2.2038879881689954
CHEMBL234_Ki,random,89165191,mondrian_rfstd,732,27,47,0.8975409836065574,0.7407407407407407,0.9035460992907801,16.28053585500394,0.7659574468085106,0.9065693430656935,14.061189625718285,2.0236733740288284,2.1685363692897828,2.0137338692445
CHEMBL234_Ki,scaffold,34332121,global,732,14,40,0.9139344262295082,0.9285714285714286,0.9136490250696379,-1.4922403501790749,0.925,0.9132947976878613,-1.1705202312138785,2.5404928365068873,2.5404928365068873,2.5404928365068873
CHEMBL234_Ki,scaffold,34332121,mondrian_wstd,732,14,40,0.9112021857923497,0.9285714285714286,0.9108635097493036,-1.7707918822124968,0.9,0.911849710982659,1.1849710982658967,2.522135947421414,2.4427026365848548,2.5267274682790184
CHEMBL234_Ki,scaffold,34332121,mondrian_nb,732,14,40,0.9112021857923497,0.8571428571428571,0.9122562674094707,5.5113410266613645,0.875,0.9132947976878613,3.829479768786126,2.422426784572766,2.215918653573336,2.4343636707577043
CHEMBL234_Ki,scaffold,34332121,mondrian_rfstd,732,14,40,0.9153005464480874,0.9285714285714286,0.915041782729805,-1.3529645841623639,0.825,0.9205202312138728,9.552023121387288,2.372710830901101,2.3464474881799715,2.37422894319712
CHEMBL234_Ki,scaffold,57652534,global,732,15,37,0.9139344262295082,0.9333333333333333,0.9135285913528591,-1.9804741980474216,0.8918918918918919,0.9151079136690647,2.3216021777172857,2.6088232033560335,2.6088232033560343,2.608823203356033
CHEMBL234_Ki,scaffold,57652534,mondrian_wstd,732,15,37,0.9221311475409836,0.8666666666666667,0.9232914923291492,5.662482566248251,0.8918918918918919,0.9237410071942446,3.184911530235268,2.6743524962028893,2.5737295832395986,2.6797093994829497
CHEMBL234_Ki,scaffold,57652534,mondrian_nb,732,15,37,0.8989071038251366,0.6,0.905160390516039,30.516039051603904,0.7027027027027027,0.9093525179856116,20.66498152829088,2.568073970984676,2.21164267950637,2.5870494498115786
CHEMBL234_Ki,scaffold,57652534,mondrian_rfstd,732,15,37,0.9234972677595629,0.8666666666666667,0.9246861924686193,5.801952580195257,0.8648648648648649,0.9266187050359712,6.1753840171106305,2.630402466910912,2.6449433275769207,2.6296283491488364
CHEMBL234_Ki,scaffold,65555877,global,732,27,64,0.924863387978142,0.9259259259259259,0.924822695035461,-0.11032308904649346,0.9375,0.9236526946107785,-1.384730538922152,2.71583650651565,2.7158365065156502,2.71583650651565
CHEMBL234_Ki,scaffold,65555877,mondrian_wstd,732,27,64,0.924863387978142,0.8888888888888888,0.926241134751773,3.7352245862884215,0.921875,0.9251497005988024,0.3274700598802416,2.6021886097275755,2.540265490491315,2.6081213636663785
CHEMBL234_Ki,scaffold,65555877,mondrian_nb,732,27,64,0.9180327868852459,0.7407407407407407,0.924822695035461,18.40819542947203,0.84375,0.9251497005988024,8.139970059880241,2.5776146388217356,2.3493032885483194,2.5994887801652964
CHEMBL234_Ki,scaffold,65555877,mondrian_rfstd,732,27,64,0.8879781420765027,0.6666666666666666,0.8964539007092198,22.97872340425532,0.734375,0.9026946107784432,16.831961077844316,2.4299697378180167,2.297629803342097,2.4426490129773866
CHEMBL234_Ki,scaffold,80882938,global,732,16,50,0.8729508196721312,0.875,0.8729050279329609,-0.20949720670391248,0.74,0.8826979472140762,14.269794721407624,2.3381441941623007,2.3381441941623002,2.3381441941623002
CHEMBL234_Ki,scaffold,80882938,mondrian_wstd,732,16,50,0.8879781420765027,0.75,0.8910614525139665,14.10614525139665,0.74,0.8988269794721407,15.882697947214075,2.4040536574314757,2.2868199832632907,2.4126485015787034
CHEMBL234_Ki,scaffold,80882938,mondrian_nb,732,16,50,0.889344262295082,0.625,0.8952513966480447,27.025139664804463,0.72,0.9017595307917888,18.175953079178885,2.4285898163814705,2.2269794504854437,2.4433706349955484
CHEMBL234_Ki,scaffold,80882938,mondrian_rfstd,732,16,50,0.8825136612021858,0.6875,0.8868715083798883,19.937150837988828,0.7,0.8958944281524927,19.58944281524927,2.373001620560518,2.341926631813488,2.3752798455419715
CHEMBL234_Ki,scaffold,62569839,global,732,24,53,0.9098360655737705,0.9166666666666666,0.9096045197740112,-0.7062146892655385,0.8679245283018868,0.9131075110456554,4.518298274376853,2.7093010299294407,2.70930102992944,2.7093010299294407
CHEMBL234_Ki,scaffold,62569839,mondrian_wstd,732,24,53,0.8989071038251366,0.9583333333333334,0.8968926553672316,-6.144067796610175,0.8867924528301887,0.8998527245949927,1.3060271764803955,2.731461566248399,2.7136722281128263,2.732850130197126
CHEMBL234_Ki,scaffold,62569839,mondrian_nb,732,24,53,0.8934426229508197,0.75,0.8983050847457628,14.830508474576277,0.7169811320754716,0.9072164948453608,19.023536276988917,2.587759674364525,2.247108762993024,2.6143495098618583
CHEMBL234_Ki,scaffold,62569839,mondrian_rfstd,732,24,53,0.9057377049180327,0.7916666666666666,0.9096045197740112,11.793785310734462,0.7735849056603774,0.9160530191458026,14.24681134854252,2.5835660499648174,2.7249243437538886,2.5725321919812822
CHEMBL235_EC50,random,71339737,global,470,23,41,0.8553191489361702,0.391304347826087,0.8791946308724832,48.78902830463962,0.6097560975609756,0.8787878787878788,26.90317812269032,1.9835291320513377,1.9835291320513375,1.9835291320513377
CHEMBL235_EC50,random,71339737,mondrian_wstd,470,23,41,0.8531914893617021,0.4782608695652174,0.87248322147651,39.42223519112926,0.6341463414634146,0.8741258741258742,23.997953266245954,2.08191286598581,2.1255590112236407,2.077741556067975
CHEMBL235_EC50,random,71339737,mondrian_nb,470,23,41,0.8787234042553191,0.5217391304347826,0.8970917225950783,37.53525921602957,0.6341463414634146,0.9020979020979021,26.795156063448744,2.1857740110769632,2.1088410004769447,2.1931265831855895
CHEMBL235_EC50,random,71339737,mondrian_rfstd,470,23,41,0.8489361702127659,0.5217391304347826,0.8657718120805369,34.40326816457543,0.6585365853658537,0.8671328671328671,20.85962817670134,2.055361596548695,2.120811393051711,2.049106487791996
CHEMBL235_EC50,random,99182118,global,470,14,32,0.9042553191489362,0.8571428571428571,0.9057017543859649,4.85588972431078,0.8125,0.910958904109589,9.845890410958901,2.2912815787787717,2.291281578778772,2.2912815787787717
CHEMBL235_EC50,random,99182118,mondrian_wstd,470,14,32,0.8914893617021277,0.7142857142857143,0.8969298245614035,18.264411027568915,0.75,0.9018264840182648,15.182648401826482,2.2914475010871684,2.419477274096228,2.282093727716643
CHEMBL235_EC50,random,99182118,mondrian_nb,470,14,32,0.8851063829787233,0.5714285714285714,0.8947368421052632,32.330827067669176,0.625,0.9041095890410958,27.910958904109584,2.3402245961636465,2.1615882009128424,2.3532756570038877
CHEMBL235_EC50,random,99182118,mondrian_rfstd,470,14,32,0.9,0.7857142857142857,0.9035087719298246,11.77944862155389,0.78125,0.908675799086758,12.7425799086758,2.234126199242416,2.409077793235844,2.2213443476264585
CHEMBL235_EC50,random,89709943,global,470,17,35,0.8851063829787233,0.5882352941176471,0.8962472406181016,30.80119465004545,0.7142857142857143,0.8988505747126436,18.456486042692934,2.082692472992221,2.082692472992221,2.082692472992221
CHEMBL235_EC50,random,89709943,mondrian_wstd,470,17,35,0.9106382978723404,0.5882352941176471,0.9227373068432672,33.450201272562005,0.7142857142857143,0.9264367816091954,21.21510673234811,2.2788413558053326,2.553005933327053,2.2567821369242744
CHEMBL235_EC50,random,89709943,mondrian_nb,470,17,35,0.9042553191489362,0.5882352941176471,0.9161147902869757,32.78794961693286,0.7142857142857143,0.9195402298850575,20.525451559934314,2.1849384576489004,2.0539628528480116,2.195476724701846
CHEMBL235_EC50,random,89709943,mondrian_rfstd,470,17,35,0.9,0.5294117647058824,0.9139072847682119,38.449552006232956,0.6857142857142857,0.9172413793103448,23.152709359605904,2.0855613539782274,2.0713822676111464,2.0867022000077626
CHEMBL235_EC50,random,86921808,global,470,18,31,0.925531914893617,0.6111111111111112,0.9380530973451328,32.69419862340216,0.7096774193548387,0.9407744874715261,23.10970681166874,2.3637317540504825,2.3637317540504816,2.3637317540504825
CHEMBL235_EC50,random,86921808,mondrian_wstd,470,18,31,0.925531914893617,0.5555555555555556,0.9402654867256637,38.470993117010806,0.7096774193548387,0.9407744874715261,23.10970681166874,2.3385819585947187,2.6040669883324785,2.319834724148544
CHEMBL235_EC50,random,86921808,mondrian_nb,470,18,31,0.9170212765957447,0.5555555555555556,0.9314159292035398,37.58603736479842,0.7096774193548387,0.9316628701594533,22.19854508046145,2.3225437091932517,2.3460712092348723,2.3208823139739114
CHEMBL235_EC50,random,86921808,mondrian_rfstd,470,18,31,0.9170212765957447,0.5555555555555556,0.9314159292035398,37.58603736479842,0.7096774193548387,0.9316628701594533,22.19854508046145,2.1661954473546503,2.3436122681772695,2.153667152490183
CHEMBL235_EC50,random,89165191,global,470,26,45,0.9106382978723404,0.6153846153846154,0.9279279279279279,31.254331254331248,0.6888888888888889,0.9341176470588235,24.522875816993462,2.2594077941992228,2.2594077941992228,2.259407794199223
CHEMBL235_EC50,random,89165191,mondrian_wstd,470,26,45,0.9191489361702128,0.7307692307692307,0.9301801801801802,19.94109494109495,0.7777777777777778,0.9341176470588235,15.633986928104571,2.378185936905988,2.7601121980858396,2.337746685722239
CHEMBL235_EC50,random,89165191,mondrian_nb,470,26,45,0.9106382978723404,0.5769230769230769,0.9301801801801802,35.32571032571033,0.6888888888888889,0.9341176470588235,24.522875816993462,2.262333246986104,2.2174033930197004,2.26709052564137
CHEMBL235_EC50,random,89165191,mondrian_rfstd,470,26,45,0.9297872340425531,0.6153846153846154,0.9481981981981982,33.28135828135827,0.7111111111111111,0.9529411764705882,24.183006535947705,2.391442603435319,2.599181633821031,2.3694467061003612
CHEMBL235_EC50,scaffold,34332121,global,470,12,38,0.9276595744680851,0.8333333333333334,0.9301310043668122,9.679767103347881,0.8157894736842105,0.9375,12.171052631578949,2.863764375995163,2.863764375995163,2.863764375995163
CHEMBL235_EC50,scaffold,34332121,mondrian_wstd,470,12,38,0.9382978723404255,0.8333333333333334,0.9410480349344978,10.771470160116447,0.8421052631578947,0.9467592592592593,10.465399610136462,3.0279656573992617,3.22342593885001,3.01077239190128
CHEMBL235_EC50,scaffold,34332121,mondrian_nb,470,12,38,0.925531914893617,0.8333333333333334,0.9279475982532751,9.461426491994175,0.868421052631579,0.9305555555555556,6.21345029239766,2.9369428133648117,3.169380056085363,2.9164969447921703
CHEMBL235_EC50,scaffold,34332121,mondrian_rfstd,470,12,38,0.9106382978723404,0.5,0.9213973799126638,42.13973799126638,0.7368421052631579,0.9259259259259259,18.908382066276808,2.6956205115313936,2.7639898102427516,2.689606545441043
CHEMBL235_EC50,scaffold,57652534,global,470,10,35,0.851063829787234,0.8,0.8521739130434782,5.217391304347818,0.7428571428571429,0.8597701149425288,11.691297208538586,2.4371685504178373,2.4371685504178373,2.4371685504178373
CHEMBL235_EC50,scaffold,57652534,mondrian_wstd,470,10,35,0.8851063829787233,1.0,0.8826086956521739,-11.739130434782608,0.8285714285714286,0.8896551724137931,6.108374384236448,2.6748907195829563,2.8045230475367706,2.664460532276328
CHEMBL235_EC50,scaffold,57652534,mondrian_nb,470,10,35,0.8638297872340426,0.8,0.8652173913043478,6.521739130434778,0.7428571428571429,0.8735632183908046,13.070607553366177,2.617010824331681,2.6506164495304936,2.614306923453616
CHEMBL235_EC50,scaffold,57652534,mondrian_rfstd,470,10,35,0.8638297872340426,0.5,0.8717391304347826,37.17391304347826,0.6857142857142857,0.8781609195402299,19.244663382594418,2.562385778542334,2.4978314752312776,2.5675798029466717
CHEMBL235_EC50,scaffold,65555877,global,470,10,41,0.8936170212765957,0.5,0.9021739130434783,40.21739130434783,0.7560975609756098,0.9067599067599068,15.066234578429704,2.77590138838505,2.7759013883850496,2.7759013883850496
CHEMBL235_EC50,scaffold,65555877,mondrian_wstd,470,10,41,0.874468085106383,0.5,0.8826086956521739,38.26086956521739,0.7317073170731707,0.8881118881118881,15.640457103871741,2.591497416792661,2.464608819185163,2.6036242990814893
CHEMBL235_EC50,scaffold,65555877,mondrian_nb,470,10,41,0.8872340425531915,0.5,0.8956521739130435,39.56521739130435,0.7560975609756098,0.8997668997668997,14.366933879128997,2.714758120073736,2.576212942462684,2.7279990344841165
CHEMBL235_EC50,scaffold,65555877,mondrian_rfstd,470,10,41,0.8957446808510638,0.6,0.9021739130434783,30.217391304347828,0.8536585365853658,0.8997668997668997,4.610836318153389,2.582995754094602,2.9417381192768057,2.548710353226372
CHEMBL235_EC50,scaffold,80882938,global,470,11,32,0.9638297872340426,1.0,0.9629629629629629,-3.703703703703709,1.0,0.9611872146118722,-3.8812785388127824,3.174934341457528,3.1749343414575275,3.174934341457528
CHEMBL235_EC50,scaffold,80882938,mondrian_wstd,470,11,32,0.9680851063829787,0.9090909090909091,0.9694989106753813,6.040800158447224,0.96875,0.9680365296803652,-0.0713470319634757,3.129967413917811,3.203959819146087,3.1245615760929137
CHEMBL235_EC50,scaffold,80882938,mondrian_nb,470,11,32,0.9659574468085106,1.0,0.9651416122004357,-3.4858387799564294,0.96875,0.9657534246575342,-0.29965753424657793,3.0648957436604194,3.2926397690140994,3.0482569107578676
CHEMBL235_EC50,scaffold,80882938,mondrian_rfstd,470,11,32,0.9531914893617022,0.6363636363636364,0.9607843137254902,32.442067736185386,0.84375,0.9611872146118722,11.743721461187217,2.9482223938348215,3.2178843120776452,2.928521066474615
CHEMBL235_EC50,scaffold,62569839,global,470,12,39,0.8765957446808511,0.4166666666666667,0.888646288209607,47.19796215429403,0.6410256410256411,0.8979118329466357,25.68861919209946,2.529901317342422,2.5299013173424214,2.5299013173424214
CHEMBL235_EC50,scaffold,62569839,mondrian_wstd,470,12,39,0.9042553191489362,0.6666666666666666,0.9104803493449781,24.38136826783115,0.7948717948717948,0.91415313225058,11.928133737878522,2.5910133034088525,2.9212867668753826,2.5611277695916956
CHEMBL235_EC50,scaffold,62569839,mondrian_nb,470,12,39,0.902127659574468,0.4166666666666667,0.9148471615720524,49.81804949053857,0.6923076923076923,0.9211136890951276,22.88059967874353,2.7127908631206354,2.9110717943721167,2.6948489691094806
CHEMBL235_EC50,scaffold,62569839,mondrian_rfstd,470,12,39,0.8914893617021277,0.5833333333333334,0.8995633187772926,31.62299854439592,0.6923076923076923,0.9095127610208816,21.720506871318936,2.5283209187962155,2.830312144322707,2.5009945666024027
CHEMBL236_Ki,random,71339737,global,519,30,59,0.8651252408477842,0.6333333333333333,0.8793456032719836,24.601226993865033,0.7457627118644068,0.8804347826086957,13.467207074428888,2.155266483783766,2.155266483783766,2.155266483783766
CHEMBL236_Ki,random,71339737,mondrian_wstd,519,30,59,0.8747591522157996,0.7,0.885480572597137,18.5480572597137,0.7796610169491526,0.8869565217391304,10.729550478997785,2.2784206537194907,2.403574492609971,2.262368313513973
CHEMBL236_Ki,random,71339737,mondrian_nb,519,30,59,0.8574181117533719,0.6,0.8732106339468303,27.32106339468303,0.711864406779661,0.8760869565217392,16.422254974207817,2.150231181417023,2.074056023757996,2.160001473377638
CHEMBL236_Ki,random,71339737,mondrian_rfstd,519,30,59,0.8670520231213873,0.6666666666666666,0.8793456032719836,21.2678936605317,0.7457627118644068,0.8826086956521739,13.684598378776712,2.14100081773615,2.147537734694916,2.1401623870827433
CHEMBL236_Ki,random,99182118,global,519,19,48,0.9132947976878613,0.8947368421052632,0.914,1.926315789473687,0.9375,0.910828025477707,-2.6671974522292974,2.3416661707444923,2.3416661707444923,2.341666170744492
CHEMBL236_Ki,random,99182118,mondrian_wstd,519,19,48,0.9344894026974951,1.0,0.932,-6.799999999999995,0.9583333333333334,0.9320594479830149,-2.6273885350318493,2.478107351653935,2.6131669479139563,2.464343316366289
CHEMBL236_Ki,random,99182118,mondrian_nb,519,19,48,0.9383429672447013,0.9473684210526315,0.938,-0.9368421052631581,0.9791666666666666,0.9341825902335457,-4.498407643312097,2.6253335758533964,2.499086516256254,2.638199518232723
CHEMBL236_Ki,random,99182118,mondrian_rfstd,519,19,48,0.8940269749518305,1.0,0.89,-10.999999999999998,0.9166666666666666,0.89171974522293,-2.494692144373667,2.1393162380956277,2.386154354429677,2.1141607612717754
CHEMBL236_Ki,random,89709943,global,519,21,46,0.8998073217726397,0.6666666666666666,0.9096385542168675,24.297188755020084,0.782608695652174,0.9112050739957717,12.859637834359772,2.5126745606900265,2.512674560690027,2.512674560690027
CHEMBL236_Ki,random,89709943,mondrian_wstd,519,21,46,0.8921001926782274,0.6190476190476191,0.9036144578313253,28.456683878370626,0.782608695652174,0.9027484143763214,12.013971872414741,2.512793376437581,2.4951308658305025,2.5145110836002145
CHEMBL236_Ki,random,89709943,mondrian_nb,519,21,46,0.8978805394990366,0.5714285714285714,0.9116465863453815,34.02180149168102,0.717391304347826,0.9154334038054969,19.80420994576708,2.5119430279649566,2.443923285732531,2.5185580557507743
CHEMBL236_Ki,random,89709943,mondrian_rfstd,519,21,46,0.9017341040462428,0.7142857142857143,0.9096385542168675,19.535283993115314,0.8043478260869565,0.9112050739957717,10.685724790881512,2.300989519703335,2.389828057076389,2.2923498310793176
CHEMBL236_Ki,random,86921808,global,519,26,54,0.9190751445086706,0.7307692307692307,0.9290060851926978,19.823685442346704,0.8148148148148148,0.9311827956989247,11.636798088410993,2.4236924167634286,2.423692416763428,2.4236924167634286
CHEMBL236_Ki,random,86921808,mondrian_wstd,519,26,54,0.9171483622350675,0.7692307692307693,0.9249492900608519,15.571852083008263,0.8333333333333334,0.9268817204301075,9.354838709677416,2.335005457691523,2.4323228932908396,2.3237040780735376
CHEMBL236_Ki,random,86921808,mondrian_nb,519,26,54,0.9210019267822736,0.7307692307692307,0.9310344827586207,20.026525198938995,0.8148148148148148,0.9333333333333333,11.851851851851858,2.468696002552667,2.3409549460055925,2.483530447829102
CHEMBL236_Ki,random,86921808,mondrian_rfstd,519,26,54,0.9152215799614644,0.8076923076923077,0.920892494929006,11.320018723669833,0.8518518518518519,0.9225806451612903,7.072879330943849,2.2398143945898528,2.29967132060002,2.2328632676983498
CHEMBL236_Ki,random,89165191,global,519,21,57,0.9036608863198459,0.8571428571428571,0.9056224899598394,4.847963281698231,0.8596491228070176,0.9090909090909091,4.944178628389151,2.408373128350533,2.4083731283505334,2.408373128350533
CHEMBL236_Ki,random,89165191,mondrian_wstd,519,21,57,0.930635838150289,0.9047619047619048,0.9317269076305221,2.696500286861736,0.8947368421052632,0.935064935064935,4.032809295967188,2.4938289663389157,2.764807200576665,2.460396586790103
CHEMBL236_Ki,random,89165191,mondrian_nb,519,21,57,0.8978805394990366,0.5714285714285714,0.9116465863453815,34.02180149168102,0.7543859649122807,0.9155844155844156,16.11984506721349,2.3956477677175863,2.2637330697812317,2.4119229577227213
CHEMBL236_Ki,random,89165191,mondrian_rfstd,519,21,57,0.905587668593449,0.7619047619047619,0.9116465863453815,14.974182444061967,0.8070175438596491,0.9177489177489178,11.073137388926868,2.3385831513738427,2.519712174658974,2.316236064085417
CHEMBL236_Ki,scaffold,34332121,global,519,14,49,0.9036608863198459,0.8571428571428571,0.904950495049505,4.780763790664788,0.8571428571428571,0.9085106382978724,5.136778115501528,2.5956378618097076,2.595637861809708,2.595637861809707
CHEMBL236_Ki,scaffold,34332121,mondrian_wstd,519,14,49,0.9075144508670521,0.9285714285714286,0.906930693069307,-2.1640735502121644,0.9795918367346939,0.9,-7.959183673469383,2.767719244809209,3.075286832702608,2.7356536877735143
CHEMBL236_Ki,scaffold,34332121,mondrian_nb,519,14,49,0.9171483622350675,0.8571428571428571,0.9188118811881189,6.1669024045261756,0.8367346938775511,0.925531914893617,8.87972210160659,2.7420822150040016,2.387685030852425,2.7790300065432088
CHEMBL236_Ki,scaffold,34332121,mondrian_rfstd,519,14,49,0.8747591522157996,0.7857142857142857,0.8772277227722772,9.151343705799153,0.8571428571428571,0.8765957446808511,1.9452887537994012,2.4477557318146426,2.4263794393442346,2.4499843240083656
CHEMBL236_Ki,scaffold,57652534,global,519,18,40,0.9190751445086706,0.6666666666666666,0.9281437125748503,26.147704590818364,0.75,0.9331941544885177,18.31941544885177,2.593633188775634,2.593633188775634,2.5936331887756343
CHEMBL236_Ki,scaffold,57652534,mondrian_wstd,519,18,40,0.9094412331406551,0.6111111111111112,0.9201596806387226,30.90485695276114,0.725,0.9248434237995825,19.984342379958253,2.658723316495787,2.555887437701871,2.6673108637854672
CHEMBL236_Ki,scaffold,57652534,mondrian_nb,519,18,40,0.8786127167630058,0.5,0.8922155688622755,39.221556886227546,0.675,0.8956158663883089,22.06158663883089,2.4739230633498144,2.1136708331053966,2.5040067568984092
CHEMBL236_Ki,scaffold,57652534,mondrian_rfstd,519,18,40,0.8998073217726397,0.6666666666666666,0.908183632734531,24.151696606786434,0.75,0.9123173277661796,16.231732776617957,2.54269442176451,2.9401894395767973,2.509500683325071
CHEMBL236_Ki,scaffold,65555877,global,519,18,48,0.8631984585741811,0.7777777777777778,0.8662674650698603,8.84896872920825,0.7916666666666666,0.8704883227176221,7.8821656050955475,2.431242071404778,2.431242071404778,2.431242071404778
CHEMBL236_Ki,scaffold,65555877,mondrian_wstd,519,18,48,0.8631984585741811,0.7222222222222222,0.8682634730538922,14.604125083166997,0.7708333333333334,0.8726114649681529,10.177813163481952,2.4453204510809137,2.37163209747199,2.452830092213034
CHEMBL236_Ki,scaffold,65555877,mondrian_nb,519,18,48,0.8921001926782274,0.7777777777777778,0.8962075848303394,11.842980705256156,0.8125,0.9002123142250531,8.77123142250531,2.6081487772196454,2.471805390720862,2.6220436446335342
CHEMBL236_Ki,scaffold,65555877,mondrian_rfstd,519,18,48,0.8978805394990366,0.7222222222222222,0.9041916167664671,18.196939454424488,0.7708333333333334,0.910828025477707,13.999469214437365,2.572938192403205,2.6627732269236506,2.563783029649529
CHEMBL236_Ki,scaffold,80882938,global,519,20,57,0.8362235067437379,0.45,0.8517034068136272,40.170340681362724,0.6842105263157895,0.854978354978355,17.076782866256547,2.2228231763196153,2.222823176319615,2.222823176319615
CHEMBL236_Ki,scaffold,80882938,mondrian_wstd,519,20,57,0.8420038535645472,0.5,0.8557114228456913,35.571142284569135,0.7017543859649122,0.8593073593073594,15.75529733424471,2.3225737228810686,2.3144757304063477,2.323572825848729
CHEMBL236_Ki,scaffold,80882938,mondrian_nb,519,20,57,0.8420038535645472,0.45,0.8577154308617234,40.77154308617234,0.6666666666666666,0.8636363636363636,19.696969696969703,2.292029525412205,2.2099632122885193,2.3021545900183744
CHEMBL236_Ki,scaffold,80882938,mondrian_rfstd,519,20,57,0.8400770712909441,0.35,0.8597194388777555,50.97194388777555,0.6140350877192983,0.8679653679653679,25.393028024606966,2.2121882395653887,2.1653584645477957,2.2179659390805466
CHEMBL236_Ki,scaffold,62569839,global,519,8,20,0.8882466281310212,0.75,0.8904109589041096,14.04109589041096,0.9,0.8877755511022044,-1.2224448897795614,2.553609700350188,2.553609700350188,2.5536097003501883
CHEMBL236_Ki,scaffold,62569839,mondrian_wstd,519,8,20,0.9075144508670521,0.75,0.9099804305283757,15.998043052837573,0.9,0.9078156312625251,0.7815631262525047,2.748220861656886,2.5183037809735276,2.757435975111129
CHEMBL236_Ki,scaffold,62569839,mondrian_nb,519,8,20,0.8863198458574181,0.75,0.8884540117416829,13.845401174168293,0.9,0.8857715430861723,-1.422845691382768,2.499843115708781,2.3634446443300923,2.505309988309129
CHEMBL236_Ki,scaffold,62569839,mondrian_rfstd,519,8,20,0.8978805394990366,0.5,0.9041095890410958,40.410958904109584,0.8,0.9018036072144289,10.180360721442883,2.4581701027158305,2.275630441266249,2.4654863216116056
CHEMBL237_EC50,random,71339737,global,191,9,21,0.9109947643979057,0.8888888888888888,0.9120879120879121,2.3199023199023228,0.8571428571428571,0.9176470588235294,6.050420168067228,2.965236592112485,2.965236592112484,2.9652365921124844
CHEMBL237_EC50,random,71339737,mondrian_wstd,191,9,21,0.9476439790575916,1.0,0.945054945054945,-5.494505494505497,0.9523809523809523,0.9470588235294117,-0.5322128851540597,3.412663218641926,3.5381565358451,3.3971611029874165
CHEMBL237_EC50,random,71339737,mondrian_nb,191,9,21,0.9424083769633508,0.7777777777777778,0.9505494505494505,17.277167277167273,0.8095238095238095,0.9588235294117647,14.92997198879552,3.2620624072889326,3.0550127703819863,3.287639127142144
CHEMBL237_EC50,random,71339737,mondrian_rfstd,191,9,21,0.9528795811518325,0.7777777777777778,0.9615384615384616,18.37606837606838,0.9047619047619048,0.9588235294117647,5.406162464985997,3.3495941561268814,3.2931501221049166,3.3565666544472417
CHEMBL237_EC50,random,99182118,global,191,15,25,0.8743455497382199,0.8666666666666667,0.875,0.8333333333333304,0.88,0.8734939759036144,-0.6506024096385565,2.8459063517127476,2.845906351712747,2.8459063517127476
CHEMBL237_EC50,random,99182118,mondrian_wstd,191,15,25,0.8795811518324608,0.8666666666666667,0.8806818181818182,1.4015151515151536,0.88,0.8795180722891566,-0.04819277108434328,2.8478197587140515,2.8014320957728565,2.854805852530495
CHEMBL237_EC50,random,99182118,mondrian_nb,191,15,25,0.8952879581151832,0.8,0.9034090909090909,10.34090909090909,0.8,0.9096385542168675,10.963855421686741,2.9728309065777165,2.806645804266829,2.9978587834317656
CHEMBL237_EC50,random,99182118,mondrian_rfstd,191,15,25,0.900523560209424,0.9333333333333333,0.8977272727272727,-3.560606060606064,0.92,0.8975903614457831,-2.240963855421696,3.082754977712877,3.072505112238312,3.0842986321518175
CHEMBL237_EC50,random,89709943,global,191,13,22,0.8848167539267016,0.5384615384615384,0.9101123595505618,37.16508210890234,0.6363636363636364,0.9171597633136095,28.079612694997312,2.7088497511199976,2.7088497511199976,2.708849751119997
CHEMBL237_EC50,random,89709943,mondrian_wstd,191,13,22,0.900523560209424,0.6153846153846154,0.9213483146067416,30.596369922212617,0.6818181818181818,0.9289940828402367,24.717590102205488,3.228924259547321,3.2038521129530606,3.232188089281485
CHEMBL237_EC50,random,89709943,mondrian_nb,191,13,22,0.9476439790575916,0.9230769230769231,0.949438202247191,2.636127917026787,0.9090909090909091,0.9526627218934911,4.357181280258205,3.1937271559960414,3.6684760084262154,3.1319255302359
CHEMBL237_EC50,random,89709943,mondrian_rfstd,191,13,22,0.900523560209424,0.46153846153846156,0.9325842696629213,47.104580812445974,0.6363636363636364,0.9349112426035503,29.854760623991396,2.869629540890551,2.7518886669804243,2.8849567552457147
CHEMBL237_EC50,random,86921808,global,191,11,19,0.9633507853403142,0.9090909090909091,0.9666666666666667,5.757575757575761,0.9473684210526315,0.9651162790697675,1.7747858017135965,3.108092939121925,3.1080929391219243,3.1080929391219243
CHEMBL237_EC50,random,86921808,mondrian_wstd,191,11,19,0.9581151832460733,0.8181818181818182,0.9666666666666667,14.848484848484844,0.8947368421052632,0.9651162790697675,7.037943696450433,3.316177079657776,3.4422329521797685,3.302252303041975
CHEMBL237_EC50,random,86921808,mondrian_nb,191,11,19,0.93717277486911,0.9090909090909091,0.9388888888888889,2.9797979797979823,0.9473684210526315,0.936046511627907,-1.1321909424724552,3.4573470087551326,4.03606363784703,3.3934190090298655
CHEMBL237_EC50,random,86921808,mondrian_rfstd,191,11,19,0.9424083769633508,0.7272727272727273,0.9555555555555556,22.82828282828283,0.8421052631578947,0.9534883720930233,11.138310893512859,3.094027185634353,2.880347553050656,3.117631331094181
CHEMBL237_EC50,random,89165191,global,191,14,27,0.8481675392670157,0.7142857142857143,0.8587570621468926,14.447134786117832,0.8148148148148148,0.8536585365853658,3.8843721770551065,2.70643836870267,2.706438368702671,2.7064383687026705
CHEMBL237_EC50,random,89165191,mondrian_wstd,191,14,27,0.8952879581151832,0.7857142857142857,0.903954802259887,11.82405165456013,0.8518518518518519,0.9024390243902439,5.058717253839207,3.1158475579485208,3.09749019681241,3.1188698064282465
CHEMBL237_EC50,random,89165191,mondrian_nb,191,14,27,0.8586387434554974,0.7142857142857143,0.8700564971751412,15.577078288942692,0.8148148148148148,0.8658536585365854,5.103884372177059,2.8430058583479383,2.836995948177469,2.8439952947784426
CHEMBL237_EC50,random,89165191,mondrian_rfstd,191,14,27,0.900523560209424,0.8571428571428571,0.903954802259887,4.681194511702991,0.8518518518518519,0.9085365853658537,5.668473351400182,2.994546010974674,2.9296121472746433,3.005236342193582
CHEMBL237_EC50,scaffold,34332121,global,191,2,37,0.8481675392670157,1.0,0.8465608465608465,-15.343915343915349,0.8378378378378378,0.8506493506493507,1.2811512811512826,3.0440536453861555,3.0440536453861555,3.044053645386155
CHEMBL237_EC50,scaffold,34332121,mondrian_wstd,191,2,37,0.8638743455497382,1.0,0.8624338624338624,-13.756613756613756,0.7837837837837838,0.8831168831168831,9.93330993330993,3.267105181907489,3.1758238076472387,3.289036421177809
CHEMBL237_EC50,scaffold,34332121,mondrian_nb,191,2,37,0.806282722513089,1.0,0.8042328042328042,-19.576719576719583,0.7297297297297297,0.8246753246753247,9.494559494559496,3.0293142905251482,2.892609653228072,3.0621589111744476
CHEMBL237_EC50,scaffold,34332121,mondrian_rfstd,191,2,37,0.8691099476439791,0.5,0.873015873015873,37.301587301587304,0.8108108108108109,0.8831168831168831,7.230607230607222,3.2147352015933723,3.201987205669237,3.217798031782937
CHEMBL237_EC50,scaffold,57652534,global,191,3,21,0.8481675392670157,1.0,0.8457446808510638,-15.42553191489362,0.8571428571428571,0.8470588235294118,-1.0084033613445342,3.007720718765778,3.0077207187657784,3.007720718765778
CHEMBL237_EC50,scaffold,57652534,mondrian_wstd,191,3,21,0.8691099476439791,1.0,0.8670212765957447,-13.297872340425531,0.8571428571428571,0.8705882352941177,1.3445378151260567,3.0801104048251755,3.126294457099524,3.0744053160148135
CHEMBL237_EC50,scaffold,57652534,mondrian_nb,191,3,21,0.8586387434554974,1.0,0.8563829787234043,-14.36170212765957,0.9523809523809523,0.8470588235294118,-10.532212885154058,3.1859468281764065,3.375394455934569,3.1625444741592212
CHEMBL237_EC50,scaffold,57652534,mondrian_rfstd,191,3,21,0.8586387434554974,1.0,0.8563829787234043,-14.36170212765957,0.9523809523809523,0.8470588235294118,-10.532212885154058,3.1217327567032376,3.175233728746995,3.1151238130978327
CHEMBL237_EC50,scaffold,65555877,global,191,3,11,0.9790575916230366,1.0,0.9787234042553191,-2.127659574468088,1.0,0.9777777777777777,-2.2222222222222254,4.057411258623326,4.0574112586233255,4.057411258623326
CHEMBL237_EC50,scaffold,65555877,mondrian_wstd,191,3,11,0.9738219895287958,1.0,0.973404255319149,-2.659574468085102,1.0,0.9722222222222222,-2.777777777777779,4.171478502516731,3.7910847234353997,4.194724789016145
CHEMBL237_EC50,scaffold,65555877,mondrian_nb,191,3,11,0.9790575916230366,1.0,0.9787234042553191,-2.127659574468088,1.0,0.9777777777777777,-2.2222222222222254,4.249801813378887,4.252155350435022,4.249657986114346
CHEMBL237_EC50,scaffold,65555877,mondrian_rfstd,191,3,11,0.9895287958115183,1.0,0.9893617021276596,-1.0638297872340385,1.0,0.9888888888888889,-1.1111111111111072,4.440810882322606,4.346731331130358,4.446560188228798
CHEMBL237_EC50,scaffold,80882938,global,191,5,33,0.8219895287958116,0.8,0.8225806451612904,2.2580645161290325,0.6363636363636364,0.8607594936708861,22.439585730724975,3.1204228771132994,3.120422877113299,3.120422877113299
CHEMBL237_EC50,scaffold,80882938,mondrian_wstd,191,5,33,0.8219895287958116,0.8,0.8225806451612904,2.2580645161290325,0.6363636363636364,0.8607594936708861,22.439585730724975,3.0702145271339254,3.1464154036537546,3.054299154189911
CHEMBL237_EC50,scaffold,80882938,mondrian_nb,191,5,33,0.8324607329842932,1.0,0.8279569892473119,-17.204301075268813,0.6363636363636364,0.8734177215189873,23.705408515535098,3.1807462683826873,3.1634446208405747,3.1843599036288244
CHEMBL237_EC50,scaffold,80882938,mondrian_rfstd,191,5,33,0.8534031413612565,0.8,0.8548387096774194,5.483870967741932,0.6363636363636364,0.8987341772151899,26.237054085155354,3.234988888129806,3.074977180730291,3.2684090548651485
CHEMBL237_EC50,scaffold,62569839,global,191,4,26,0.8952879581151832,1.0,0.893048128342246,-10.6951871657754,0.8846153846153846,0.896969696969697,1.2354312354312391,3.084214370516911,3.084214370516911,3.0842143705169107
CHEMBL237_EC50,scaffold,62569839,mondrian_wstd,191,4,26,0.8795811518324608,1.0,0.8770053475935828,-12.299465240641716,0.8846153846153846,0.8787878787878788,-0.5827505827505797,2.8510721746628698,3.1362209614298004,2.8061396385662625
CHEMBL237_EC50,scaffold,62569839,mondrian_nb,191,4,26,0.900523560209424,1.0,0.8983957219251337,-10.160427807486627,0.8846153846153846,0.9030303030303031,1.841491841491849,3.1938636680294583,3.1739309749555247,3.1970045772411084
CHEMBL237_EC50,scaffold,62569839,mondrian_rfstd,191,4,26,0.9109947643979057,1.0,0.9090909090909091,-9.090909090909093,0.9230769230769231,0.9090909090909091,-1.3986013986014068,3.33659037101998,3.223130459198644,3.354468902579706
CHEMBL237_Ki,random,71339737,global,520,23,51,0.8769230769230769,0.5217391304347826,0.8933601609657947,37.16210305310121,0.7058823529411765,0.8955223880597015,18.9640035118525,2.3515740972722767,2.3515740972722767,2.351574097272277
CHEMBL237_Ki,random,71339737,mondrian_wstd,520,23,51,0.8788461538461538,0.6086956521739131,0.8913480885311871,28.2652436357274,0.7058823529411765,0.8976545842217484,19.177223128057186,2.2897491362130546,2.355589364202972,2.2825895378602072
CHEMBL237_Ki,random,71339737,mondrian_nb,520,23,51,0.8826923076923077,0.5652173913043478,0.89738430583501,33.216691453066225,0.7058823529411765,0.9019189765458422,19.60366236046657,2.3352316103350232,2.2545607461516446,2.3440039217920643
CHEMBL237_Ki,random,71339737,mondrian_rfstd,520,23,51,0.875,0.6521739130434783,0.8853118712273642,23.313795818388595,0.6666666666666666,0.8976545842217484,23.098791755508174,2.3472127579853996,2.3858840720993784,2.3430075617811075
CHEMBL237_Ki,random,99182118,global,520,20,53,0.9019230769230769,0.75,0.908,15.800000000000002,0.8490566037735849,0.9079229122055674,5.886630843198248,2.538448553964715,2.538448553964715,2.538448553964715
CHEMBL237_Ki,random,99182118,mondrian_wstd,520,20,53,0.8807692307692307,0.7,0.888,18.800000000000004,0.8113207547169812,0.8886509635974305,7.733020888044928,2.3891915643016515,2.403361874235839,2.387583370668864
CHEMBL237_Ki,random,99182118,mondrian_nb,520,20,53,0.8980769230769231,0.7,0.906,20.60000000000001,0.8301886792452831,0.9057815845824411,7.559290533715801,2.4949701026754507,2.3592354014491694,2.51037468332854
CHEMBL237_Ki,random,99182118,mondrian_rfstd,520,20,53,0.875,0.65,0.884,23.4,0.7735849056603774,0.8865096359743041,11.29247303139267,2.3060929199931217,2.3416937362485877,2.302052570396677
CHEMBL237_Ki,random,89709943,global,520,25,68,0.8788461538461538,0.68,0.8888888888888888,20.88888888888888,0.8235294117647058,0.8871681415929203,6.36387298282145,2.313700148377407,2.313700148377407,2.313700148377407
CHEMBL237_Ki,random,89709943,mondrian_wstd,520,25,68,0.8807692307692307,0.72,0.8888888888888888,16.888888888888886,0.8382352941176471,0.8871681415929203,4.893284747527327,2.322115812915705,2.3744319140885612,2.314245249022444
CHEMBL237_Ki,random,89709943,mondrian_nb,520,25,68,0.8961538461538462,0.64,0.9090909090909091,26.909090909090907,0.8088235294117647,0.9092920353982301,10.04685059864654,2.395952750765451,2.3856849575734795,2.3974974630155708
CHEMBL237_Ki,random,89709943,mondrian_rfstd,520,25,68,0.9076923076923077,0.72,0.9171717171717172,19.717171717171723,0.8529411764705882,0.915929203539823,6.298802706923478,2.475280055051013,2.471430275999079,2.4758592253508604
CHEMBL237_Ki,random,86921808,global,520,17,53,0.9153846153846154,0.7647058823529411,0.9204771371769384,15.577125482399723,0.8490566037735849,0.9229122055674518,7.385560179386685,2.4727112650253504,2.4727112650253495,2.47271126502535
CHEMBL237_Ki,random,86921808,mondrian_wstd,520,17,53,0.9153846153846154,0.7647058823529411,0.9204771371769384,15.577125482399723,0.8490566037735849,0.9229122055674518,7.385560179386685,2.4465272395415605,2.5653016682856222,2.4330474863864526
CHEMBL237_Ki,random,86921808,mondrian_nb,520,17,53,0.9076923076923077,0.7058823529411765,0.9145129224652088,20.863056952403227,0.8301886792452831,0.9164882226980728,8.629954345278978,2.4551237175941236,2.536013862035415,2.44594346565539
CHEMBL237_Ki,random,86921808,mondrian_rfstd,520,17,53,0.9153846153846154,0.8235294117647058,0.9184890656063618,9.495965384165594,0.8490566037735849,0.9229122055674518,7.385560179386685,2.4763865899620265,2.530157590419045,2.470284099546134
CHEMBL237_Ki,random,89165191,global,520,14,41,0.8942307692307693,0.7142857142857143,0.8992094861660079,18.492377188029362,0.7804878048780488,0.9039665970772442,12.347879219919545,2.4582686759665293,2.4582686759665293,2.4582686759665293
CHEMBL237_Ki,random,89165191,mondrian_wstd,520,14,41,0.8942307692307693,0.7142857142857143,0.8992094861660079,18.492377188029362,0.7804878048780488,0.9039665970772442,12.347879219919545,2.4581807954538535,2.413503179119114,2.462004975557661
CHEMBL237_Ki,random,89165191,mondrian_nb,520,14,41,0.9057692307692308,0.7142857142857143,0.9110671936758893,19.6781479390175,0.7804878048780488,0.9164926931106472,13.600488823259838,2.5421952132489953,2.377403807148554,2.556300531934002
CHEMBL237_Ki,random,89165191,mondrian_rfstd,520,14,41,0.8942307692307693,0.7142857142857143,0.8992094861660079,18.492377188029362,0.7317073170731707,0.9081419624217119,17.643464534854115,2.486212851919245,2.3736580961884806,2.4958469750611263
CHEMBL237_Ki,scaffold,34332121,global,520,4,36,0.9192307692307692,1.0,0.9186046511627907,-8.139534883720934,0.8888888888888888,0.9214876033057852,3.2598714416896324,2.68172710227652,2.6817271022765206,2.6817271022765197
CHEMBL237_Ki,scaffold,34332121,mondrian_wstd,520,4,36,0.9115384615384615,0.75,0.9127906976744186,16.279069767441857,0.8611111111111112,0.9152892561983471,5.417814508723595,2.8521768821570177,2.981228578349976,2.842577995663327
CHEMBL237_Ki,scaffold,34332121,mondrian_nb,520,4,36,0.8865384615384615,1.0,0.8856589147286822,-11.43410852713178,0.8333333333333334,0.890495867768595,5.716253443526165,2.648976032196144,2.4320589797612926,2.6651103584103066
CHEMBL237_Ki,scaffold,34332121,mondrian_rfstd,520,4,36,0.8923076923076924,0.75,0.8934108527131783,14.341085271317834,0.75,0.9028925619834711,15.289256198347111,2.601657251434704,2.250547876046045,2.62777282481072
CHEMBL237_Ki,scaffold,57652534,global,520,3,24,0.9134615384615384,0.3333333333333333,0.9168278529980658,58.349451966473254,0.75,0.9213709677419355,17.13709677419355,2.570021150776803,2.570021150776803,2.5700211507768036
CHEMBL237_Ki,scaffold,57652534,mondrian_wstd,520,3,24,0.9173076923076923,0.3333333333333333,0.9206963249516441,58.73629916183107,0.75,0.9254032258064516,17.540322580645164,2.5577501428510874,2.525794752445142,2.5592963714191175
CHEMBL237_Ki,scaffold,57652534,mondrian_nb,520,3,24,0.9192307692307692,0.3333333333333333,0.9226305609284333,58.92972275951001,0.7083333333333334,0.9294354838709677,22.110215053763437,2.649895025117007,2.549389072683468,2.6547582163637915
CHEMBL237_Ki,scaffold,57652534,mondrian_rfstd,520,3,24,0.9230769230769231,0.0,0.9284332688588007,92.84332688588007,0.6666666666666666,0.9354838709677419,26.881720430107524,2.6762206167234934,2.539458124003932,2.6828381566937947
CHEMBL237_Ki,scaffold,65555877,global,520,15,39,0.9307692307692308,0.7333333333333333,0.9366336633663367,20.33003300330034,0.8461538461538461,0.9376299376299376,9.147609147609149,2.976534614372562,2.976534614372563,2.9765346143725626
CHEMBL237_Ki,scaffold,65555877,mondrian_wstd,520,15,39,0.9326923076923077,0.7333333333333333,0.9386138613861386,20.528052805280527,0.7948717948717948,0.9438669438669439,14.899514899514909,3.217417978680735,2.8739864507318096,3.245263778244161
CHEMBL237_Ki,scaffold,65555877,mondrian_nb,520,15,39,0.9442307692307692,0.8,0.9485148514851485,14.851485148514843,0.8205128205128205,0.9542619542619543,13.374913374913378,3.2304766749968996,2.9135830846706177,3.25617074988822
CHEMBL237_Ki,scaffold,65555877,mondrian_rfstd,520,15,39,0.9365384615384615,0.7333333333333333,0.9425742574257425,20.924092409240924,0.8205128205128205,0.9459459459459459,12.543312543312545,2.9496015669705815,2.918710805041866,2.9521062233431796
CHEMBL237_Ki,scaffold,80882938,global,520,10,56,0.9153846153846154,0.9,0.9156862745098039,1.5686274509803866,0.875,0.9202586206896551,4.525862068965514,2.8108577213713786,2.8108577213713786,2.810857721371378
CHEMBL237_Ki,scaffold,80882938,mondrian_wstd,520,10,56,0.925,0.8,0.9274509803921569,12.745098039215685,0.875,0.9310344827586207,5.603448275862066,2.9113637571461184,3.0034810793459763,2.900246149294412
CHEMBL237_Ki,scaffold,80882938,mondrian_nb,520,10,56,0.926923076923077,0.9,0.9274509803921569,2.7450980392156876,0.875,0.9331896551724138,5.818965517241381,2.8494176724531215,2.6885906093325582,2.8688278352435344
CHEMBL237_Ki,scaffold,80882938,mondrian_rfstd,520,10,56,0.926923076923077,0.9,0.9274509803921569,2.7450980392156876,0.9107142857142857,0.9288793103448276,1.8165024630541926,3.0238195911908905,2.997065479650559,3.0270485356871375
CHEMBL237_Ki,scaffold,62569839,global,520,9,33,0.9173076923076923,0.6666666666666666,0.9217221135029354,25.50554468362688,0.8484848484848485,0.9219712525667351,7.348640408188656,2.9227703369558102,2.9227703369558107,2.92277033695581
CHEMBL237_Ki,scaffold,62569839,mondrian_wstd,520,9,33,0.9346153846153846,0.7777777777777778,0.9373776908023483,15.959991302457055,0.8484848484848485,0.9404517453798767,9.196689689502824,2.958472161941944,3.292518371140701,2.9358365871913095
CHEMBL237_Ki,scaffold,62569839,mondrian_nb,520,9,33,0.8846153846153846,0.5555555555555556,0.8904109589041096,33.4855403348554,0.7878787878787878,0.891170431211499,10.329164333271112,2.861919563401361,2.8260100691725833,2.8643528556180953
CHEMBL237_Ki,scaffold,62569839,mondrian_rfstd,520,9,33,0.9307692307692308,0.5555555555555556,0.9373776908023483,38.18221352467928,0.7575757575757576,0.9425051334702259,18.492937589446832,2.8978041307467888,2.8716177796691187,2.8995785652140635
CHEMBL239_EC50,random,71339737,global,344,24,36,0.872093023255814,0.6666666666666666,0.8875,22.083333333333332,0.75,0.8863636363636364,13.636363636363635,2.203957865885588,2.2039578658855876,2.2039578658855885
CHEMBL239_EC50,random,71339737,mondrian_wstd,344,24,36,0.872093023255814,0.6666666666666666,0.8875,22.083333333333332,0.75,0.8863636363636364,13.636363636363635,2.2857023106708194,2.3190339502203154,2.2818064047494495
CHEMBL239_EC50,random,71339737,mondrian_nb,344,24,36,0.877906976744186,0.6666666666666666,0.89375,22.708333333333343,0.75,0.8928571428571429,14.28571428571429,2.3333484197702417,2.415593013192432,2.3237354153442715
CHEMBL239_EC50,random,71339737,mondrian_rfstd,344,24,36,0.8691860465116279,0.7083333333333334,0.88125,17.29166666666666,0.75,0.8831168831168831,13.311688311688307,2.1937013065637476,2.2993660226220407,2.181350885206285
CHEMBL239_EC50,random,99182118,global,344,17,42,0.9069767441860465,0.7647058823529411,0.9143730886850153,14.96672063320742,0.8571428571428571,0.9139072847682119,5.676442762535483,2.517956660716665,2.5179566607166657,2.517956660716665
CHEMBL239_EC50,random,99182118,mondrian_wstd,344,17,42,0.9098837209302325,0.7647058823529411,0.9174311926605505,15.272531030760938,0.8571428571428571,0.9172185430463576,6.007568590350054,2.5069711834770607,2.5936155627841564,2.494921302911173
CHEMBL239_EC50,random,99182118,mondrian_nb,344,17,42,0.9156976744186046,0.8235294117647058,0.9204892966360856,9.695988487137974,0.8809523809523809,0.9205298013245033,3.957742037212242,2.595393182376225,2.598186139331124,2.5950047578990536
CHEMBL239_EC50,random,99182118,mondrian_rfstd,344,17,42,0.9156976744186046,0.6470588235294118,0.9296636085626911,28.260478503327935,0.8095238095238095,0.9304635761589404,12.093976663513084,2.3291435021159606,2.3462788241423547,2.3267604440858
CHEMBL239_EC50,random,89709943,global,344,26,36,0.9069767441860465,0.6538461538461539,0.9276729559748428,27.38268021286889,0.6944444444444444,0.9318181818181818,23.737373737373733,2.40050472316576,2.400504723165761,2.40050472316576
CHEMBL239_EC50,random,89709943,mondrian_wstd,344,26,36,0.9331395348837209,0.7307692307692307,0.949685534591195,21.891630382196425,0.7777777777777778,0.9512987012987013,17.352092352092352,2.515410337780884,2.6455650685907073,2.500197447166748
CHEMBL239_EC50,random,89709943,mondrian_nb,344,26,36,0.9098837209302325,0.5769230769230769,0.9371069182389937,36.01838413159169,0.6666666666666666,0.9383116883116883,27.164502164502167,2.5907626573589564,2.404156218193953,2.6125737995990215
CHEMBL239_EC50,random,89709943,mondrian_rfstd,344,26,36,0.8924418604651163,0.5769230769230769,0.9182389937106918,34.131591678761495,0.6666666666666666,0.9188311688311688,25.216450216450216,2.4263458591896354,2.446859501963925,2.42394816068355
CHEMBL239_EC50,random,86921808,global,344,24,40,0.9069767441860465,0.7083333333333334,0.921875,21.354166666666664,0.8,0.9210526315789473,12.10526315789473,2.4580956147880015,2.4580956147880015,2.4580956147880015
CHEMBL239_EC50,random,86921808,mondrian_wstd,344,24,40,0.9215116279069767,0.75,0.934375,18.437499999999996,0.825,0.9342105263157895,10.921052631578954,2.6036046154045303,2.4745167963850823,2.620589854749195
CHEMBL239_EC50,random,86921808,mondrian_nb,344,24,40,0.9011627906976745,0.75,0.9125,16.249999999999996,0.775,0.9177631578947368,14.276315789473681,2.5654312880504975,2.4651616888323447,2.5786246563686754
CHEMBL239_EC50,random,86921808,mondrian_rfstd,344,24,40,0.9098837209302325,0.6666666666666666,0.928125,26.145833333333336,0.8,0.9243421052631579,12.43421052631578,2.3542101139660354,2.384906407704614,2.3501711279478017
CHEMBL239_EC50,random,89165191,global,344,28,47,0.9127906976744186,0.6785714285714286,0.9335443037974683,25.497287522603973,0.8085106382978723,0.9292929292929293,12.0782290995057,2.507596074886564,2.507596074886564,2.507596074886564
CHEMBL239_EC50,random,89165191,mondrian_wstd,344,28,47,0.9098837209302325,0.6785714285714286,0.930379746835443,25.18083182640144,0.8085106382978723,0.9259259259259259,11.741528762805364,2.526746503712424,2.6968647092552986,2.4998254408824065
CHEMBL239_EC50,random,89165191,mondrian_nb,344,28,47,0.9069767441860465,0.6428571428571429,0.930379746835443,28.75226039783001,0.7872340425531915,0.9259259259259259,13.869188337273442,2.5795292960455045,2.5784408063916984,2.5797015486169825
CHEMBL239_EC50,random,89165191,mondrian_rfstd,344,28,47,0.9069767441860465,0.7142857142857143,0.9240506329113924,20.976491862567816,0.7872340425531915,0.9259259259259259,13.869188337273442,2.3688002587272465,2.325950306828732,2.3755812275462036
CHEMBL239_EC50,scaffold,34332121,global,344,10,38,0.9156976744186046,0.8,0.9191616766467066,11.916167664670652,0.868421052631579,0.9215686274509803,5.314757481940136,2.6898667419674056,2.6898667419674056,2.6898667419674056
CHEMBL239_EC50,scaffold,34332121,mondrian_wstd,344,10,38,0.8982558139534884,0.7,0.9041916167664671,20.419161676646713,0.868421052631579,0.9019607843137255,3.3539731682146523,2.7356211162436717,2.7061282405841065,2.7392836302144667
CHEMBL239_EC50,scaffold,34332121,mondrian_nb,344,10,38,0.9040697674418605,0.7,0.9101796407185628,21.017964071856287,0.8421052631578947,0.9117647058823529,6.965944272445823,2.766254586492316,2.6221258096330673,2.784152931331046
CHEMBL239_EC50,scaffold,34332121,mondrian_rfstd,344,10,38,0.9156976744186046,0.8,0.9191616766467066,11.916167664670652,0.868421052631579,0.9215686274509803,5.314757481940136,2.725571436789441,2.7136604060868628,2.7270505843930297
CHEMBL239_EC50,scaffold,57652534,global,344,11,39,0.9011627906976745,0.9090909090909091,0.9009009009009009,-0.8190008190008147,0.8974358974358975,0.9016393442622951,0.42034468263976166,3.1856690748935956,3.185669074893596,3.1856690748935965
CHEMBL239_EC50,scaffold,57652534,mondrian_wstd,344,11,39,0.9098837209302325,0.9090909090909091,0.9099099099099099,0.08190008190008813,0.8974358974358975,0.9114754098360656,1.4039512400168097,3.2378353562335365,3.315248010019428,3.2279366890281267
CHEMBL239_EC50,scaffold,57652534,mondrian_nb,344,11,39,0.9069767441860465,0.9090909090909091,0.9069069069069069,-0.2184002184002165,0.9230769230769231,0.9049180327868852,-1.8158890290037921,3.5109460198097864,3.621512748956069,3.496807979033705
CHEMBL239_EC50,scaffold,57652534,mondrian_rfstd,344,11,39,0.9273255813953488,0.9090909090909091,0.9279279279279279,1.8837018837018826,0.9230769230769231,0.9278688524590164,0.4791929382093274,3.3779886586006884,3.338534236778369,3.383033650243542
CHEMBL239_EC50,scaffold,65555877,global,344,12,42,0.9563953488372093,0.8333333333333334,0.9608433734939759,12.751004016064249,0.9047619047619048,0.9635761589403974,5.881425417849262,3.571041753296742,3.5710417532967447,3.571041753296743
CHEMBL239_EC50,scaffold,65555877,mondrian_wstd,344,12,42,0.936046511627907,1.0,0.9337349397590361,-6.62650602409639,0.9523809523809523,0.9337748344370861,-1.860611794386624,3.2924299039058584,3.5821531446878603,3.2521372677706126
CHEMBL239_EC50,scaffold,65555877,mondrian_nb,344,12,42,0.9215116279069767,0.9166666666666666,0.9216867469879518,0.5020080321285203,0.9285714285714286,0.9205298013245033,-0.8041627246925254,3.272814716882101,3.481183421216666,3.24383628780246
CHEMBL239_EC50,scaffold,65555877,mondrian_rfstd,344,12,42,0.9302325581395349,0.6666666666666666,0.9397590361445783,27.30923694779117,0.8571428571428571,0.9403973509933775,8.325449385052043,3.368398017697444,3.2428921165332865,3.3858524807732544
CHEMBL239_EC50,scaffold,80882938,global,344,9,28,0.9273255813953488,1.0,0.9253731343283582,-7.462686567164178,0.8928571428571429,0.930379746835443,3.7522603978300095,3.0687076001523805,3.0687076001523814,3.0687076001523805
CHEMBL239_EC50,scaffold,80882938,mondrian_wstd,344,9,28,0.9127906976744186,1.0,0.9104477611940298,-8.955223880597018,0.7857142857142857,0.9240506329113924,13.833634719710675,3.075658550810094,3.027382869714929,3.079936142805869
CHEMBL239_EC50,scaffold,80882938,mondrian_nb,344,9,28,0.9273255813953488,1.0,0.9253731343283582,-7.462686567164178,0.8928571428571429,0.930379746835443,3.7522603978300095,3.1064091859547105,3.1317786706794166,3.104161256928471
CHEMBL239_EC50,scaffold,80882938,mondrian_rfstd,344,9,28,0.9011627906976745,0.6666666666666666,0.9074626865671642,24.07960199004976,0.7857142857142857,0.9113924050632911,12.567811934900542,2.7995521130248893,2.8256323409521578,2.797241206752853
CHEMBL239_EC50,scaffold,62569839,global,344,10,43,0.9244186046511628,1.0,0.9221556886227545,-7.784431137724546,0.9767441860465116,0.9169435215946844,-5.980066445182719,3.5269511227289674,3.5269511227289687,3.5269511227289683
CHEMBL239_EC50,scaffold,62569839,mondrian_wstd,344,10,43,0.9069767441860465,1.0,0.9041916167664671,-9.58083832335329,0.9069767441860465,0.9069767441860465,0.0,3.4866448240499848,3.339171881026093,3.5077123873391116
CHEMBL239_EC50,scaffold,62569839,mondrian_nb,344,10,43,0.9186046511627907,0.8,0.9221556886227545,12.21556886227545,0.8837209302325582,0.9235880398671097,3.9867109634551534,3.7249184593758047,3.317146110320887,3.783171652097936
CHEMBL239_EC50,scaffold,62569839,mondrian_rfstd,344,10,43,0.8924418604651163,0.8,0.8952095808383234,9.520958083832332,0.8837209302325582,0.893687707641196,0.9966777408637828,3.358952094299123,3.4262296289952916,3.349341017913956
CHEMBL244_Ki,random,71339737,global,620,23,54,0.8806451612903226,0.6956521739130435,0.8877721943048577,19.21200203918142,0.7962962962962963,0.8886925795053003,9.239628320900406,2.5386614836474912,2.5386614836474917,2.5386614836474912
CHEMBL244_Ki,random,71339737,mondrian_wstd,620,23,54,0.8806451612903226,0.782608695652174,0.8844221105527639,10.181341490058992,0.8518518518518519,0.8833922261484098,3.1540374296557983,2.5402798750230033,2.838150433369927,2.511861129173651
CHEMBL244_Ki,random,71339737,mondrian_nb,620,23,54,0.9,0.6956521739130435,0.9078726968174204,21.2220522904377,0.7962962962962963,0.9098939929328622,11.359769663656593,2.667567373280591,2.4983522736058266,2.6837115700693492
CHEMBL244_Ki,random,71339737,mondrian_rfstd,620,23,54,0.9209677419354839,0.7391304347826086,0.9279731993299832,18.88427645473746,0.8518518518518519,0.9275618374558304,7.570998560397857,2.6845753218516824,2.7699408313784257,2.676430909281993
CHEMBL244_Ki,random,99182118,global,620,33,60,0.8838709677419355,0.7272727272727273,0.8926746166950597,16.540188942233236,0.7833333333333333,0.8946428571428572,11.130952380952387,2.489505509699931,2.489505509699932,2.4895055096999315
CHEMBL244_Ki,random,99182118,mondrian_wstd,620,33,60,0.8983870967741936,0.7575757575757576,0.9063032367972743,14.872747922151675,0.8,0.9089285714285714,10.892857142857137,2.5810629730318184,2.7417697175237024,2.5638443932648305
CHEMBL244_Ki,random,99182118,mondrian_nb,620,33,60,0.9129032258064517,0.7272727272727273,0.9233390119250426,19.606628465231534,0.7666666666666667,0.9285714285714286,16.19047619047619,2.7360707467689913,2.731390220569181,2.736572231718972
CHEMBL244_Ki,random,99182118,mondrian_rfstd,620,33,60,0.9016129032258065,0.696969696969697,0.9131175468483816,21.61478498786846,0.7833333333333333,0.9142857142857143,13.095238095238093,2.4240275793623676,2.570179504514329,2.4083684445246574
CHEMBL244_Ki,random,89709943,global,620,30,70,0.864516129032258,0.4666666666666667,0.8847457627118644,41.80790960451978,0.6857142857142857,0.8872727272727273,20.15584415584416,2.3985488966307216,2.398548896630722,2.3985488966307216
CHEMBL244_Ki,random,89709943,mondrian_wstd,620,30,70,0.864516129032258,0.5,0.8830508474576271,38.305084745762706,0.7142857142857143,0.8836363636363637,16.935064935064936,2.4680143689456857,2.657916130669911,2.443845053817148
CHEMBL244_Ki,random,89709943,mondrian_nb,620,30,70,0.8774193548387097,0.43333333333333335,0.9,46.666666666666664,0.6857142857142857,0.9018181818181819,21.610389610389614,2.5099999227167853,2.3674605620033575,2.528141295898495
CHEMBL244_Ki,random,89709943,mondrian_rfstd,620,30,70,0.8790322580645161,0.5333333333333333,0.8966101694915254,36.327683615819204,0.7142857142857143,0.9,18.571428571428573,2.2947515100370657,2.3619967701914795,2.2861930223810485
CHEMBL244_Ki,random,86921808,global,620,32,62,0.9112903225806451,0.65625,0.9251700680272109,26.89200680272109,0.7903225806451613,0.9247311827956989,13.440860215053762,2.7256726050603777,2.7256726050603772,2.725672605060378
CHEMBL244_Ki,random,86921808,mondrian_wstd,620,32,62,0.917741935483871,0.6875,0.9302721088435374,24.27721088435374,0.8064516129032258,0.9301075268817204,12.365591397849462,2.817809956355371,3.0293490867491175,2.7943056085338434
CHEMBL244_Ki,random,86921808,mondrian_nb,620,32,62,0.9112903225806451,0.625,0.9268707482993197,30.18707482993197,0.7741935483870968,0.9265232974910395,15.23297491039427,2.673136154354893,2.5520547123893436,2.6865896479066205
CHEMBL244_Ki,random,86921808,mondrian_rfstd,620,32,62,0.8983870967741936,0.5625,0.9166666666666666,35.416666666666664,0.7419354838709677,0.9157706093189965,17.38351254480287,2.424601345673832,2.5916024307776384,2.4060456695511867
CHEMBL244_Ki,random,89165191,global,620,30,60,0.8693548387096774,0.7,0.8779661016949153,17.796610169491533,0.75,0.8821428571428571,13.214285714285712,2.468736626369632,2.4687366263696315,2.4687366263696315
CHEMBL244_Ki,random,89165191,mondrian_wstd,620,30,60,0.8806451612903226,0.7,0.8898305084745762,18.983050847457626,0.7666666666666667,0.8928571428571429,12.619047619047619,2.5481299144271645,2.583108965581239,2.544382158946371
CHEMBL244_Ki,random,89165191,mondrian_nb,620,30,60,0.8903225806451613,0.7,0.9,20.000000000000007,0.7833333333333333,0.9017857142857143,11.845238095238098,2.587869812572736,2.575941936394921,2.589147799306074
CHEMBL244_Ki,random,89165191,mondrian_rfstd,620,30,60,0.8725806451612903,0.6,0.8864406779661017,28.644067796610173,0.6666666666666666,0.8946428571428572,22.797619047619055,2.2951302770927566,2.3090873784266464,2.293634873378411
CHEMBL244_Ki,scaffold,34332121,global,620,15,67,0.9112903225806451,0.9333333333333333,0.9107438016528926,-2.2589531680440755,0.8955223880597015,0.9132007233273056,1.7678335267604095,3.3330972556757588,3.3330972556757588,3.3330972556757583
CHEMBL244_Ki,scaffold,34332121,mondrian_wstd,620,15,67,0.8887096774193548,0.8666666666666667,0.8892561983471075,2.2589531680440755,0.835820895522388,0.895117540687161,5.929664516477295,3.550327033626662,3.2415041688476074,3.587743185417253
CHEMBL244_Ki,scaffold,34332121,mondrian_nb,620,15,67,0.8951612903225806,0.9333333333333333,0.8942148760330578,-3.911845730027552,0.835820895522388,0.9023508137432188,6.652991822083076,3.36703251800816,3.153102211136371,3.392951741444705
CHEMBL244_Ki,scaffold,34332121,mondrian_rfstd,620,15,67,0.932258064516129,0.8666666666666667,0.9338842975206612,6.721763085399446,0.8656716417910447,0.9403254972875226,7.465385549647785,3.531262895594453,3.627178500531913,3.5196420176002223
CHEMBL244_Ki,scaffold,57652534,global,620,11,62,0.8419354838709677,0.6363636363636364,0.8456486042692939,20.928496790565752,0.7741935483870968,0.8494623655913979,7.5268817204301115,2.7916798916140575,2.7916798916140566,2.7916798916140575
CHEMBL244_Ki,scaffold,57652534,mondrian_wstd,620,11,62,0.8258064516129032,0.7272727272727273,0.8275862068965517,10.031347962382442,0.7903225806451613,0.8297491039426523,3.942652329749108,2.7357689850284137,2.8820412670171383,2.7195165092518883
CHEMBL244_Ki,scaffold,57652534,mondrian_nb,620,11,62,0.8758064516129033,0.6363636363636364,0.8801313628899836,24.376772652634727,0.7903225806451613,0.8853046594982079,9.498207885304666,2.9101112691009523,2.861040351125629,2.915563593320433
CHEMBL244_Ki,scaffold,57652534,mondrian_rfstd,620,11,62,0.8435483870967742,0.36363636363636365,0.8522167487684729,48.85803851321092,0.7096774193548387,0.8584229390681004,14.874551971326166,2.7066168324901962,2.641362908646349,2.713867268472846
CHEMBL244_Ki,scaffold,65555877,global,620,9,60,0.85,0.8888888888888888,0.8494271685761048,-3.9461720312784054,0.85,0.85,0.0,3.041039567785903,3.0410395677859032,3.0410395677859032
CHEMBL244_Ki,scaffold,65555877,mondrian_wstd,620,9,60,0.8629032258064516,0.8888888888888888,0.8625204582651391,-2.6368430623749717,0.8666666666666667,0.8625,-0.4166666666666652,3.116250656396999,3.1604185494186936,3.111518382144675
CHEMBL244_Ki,scaffold,65555877,mondrian_nb,620,9,60,0.8274193548387097,0.7777777777777778,0.8281505728314239,5.037279505364611,0.8,0.8303571428571429,3.035714285714286,2.9389589603857478,2.887460337308077,2.9444766700012126
CHEMBL244_Ki,scaffold,65555877,mondrian_rfstd,620,9,60,0.864516129032258,0.8888888888888888,0.8641571194762684,-2.4731769412620452,0.8666666666666667,0.8642857142857143,-0.23809523809523725,2.833871253441294,2.78392853624528,2.8392222588551532
CHEMBL244_Ki,scaffold,80882938,global,620,14,62,0.8806451612903226,0.8571428571428571,0.8811881188118812,2.40452616690241,0.8548387096774194,0.8835125448028673,2.8673835125447966,2.931260313497099,2.9312603134970976,2.9312603134970985
CHEMBL244_Ki,scaffold,80882938,mondrian_wstd,620,14,62,0.8903225806451613,0.9285714285714286,0.8894389438943895,-3.9132484677039114,0.8709677419354839,0.8924731182795699,2.1505376344086002,3.0540176882626464,3.070289242360107,3.052209737807373
CHEMBL244_Ki,scaffold,80882938,mondrian_nb,620,14,62,0.8790322580645161,0.8571428571428571,0.8795379537953796,2.2395096652522484,0.8548387096774194,0.8817204301075269,2.6881720430107503,3.094829897727455,3.030209263408494,3.1020099682073394
CHEMBL244_Ki,scaffold,80882938,mondrian_rfstd,620,14,62,0.8919354838709678,0.7142857142857143,0.8960396039603961,18.175388967468177,0.8225806451612904,0.899641577060932,7.706093189964158,2.9635040389660734,2.8373547828671017,2.97752062297707
CHEMBL244_Ki,scaffold,62569839,global,620,12,34,0.8983870967741936,0.6666666666666666,0.9029605263157895,23.629385964912288,0.6764705882352942,0.9112627986348123,23.479221039951813,2.9572551061433447,2.957255106143345,2.9572551061433443
CHEMBL244_Ki,scaffold,62569839,mondrian_wstd,620,12,34,0.8951612903225806,0.75,0.8980263157894737,14.802631578947366,0.7352941176470589,0.9044368600682594,16.914274242120054,2.932386565590037,3.067005889607029,2.9245758880873445
CHEMBL244_Ki,scaffold,62569839,mondrian_nb,620,12,34,0.8935483870967742,0.5833333333333334,0.899671052631579,31.63377192982456,0.6470588235294118,0.9078498293515358,26.0791005822124,2.9161074413985637,2.7920146965892907,2.923307361745859
CHEMBL244_Ki,scaffold,62569839,mondrian_rfstd,620,12,34,0.9096774193548387,0.6666666666666666,0.9144736842105263,24.78070175438597,0.7352941176470589,0.9197952218430034,18.450110419594456,2.8544625040412908,3.175879362910923,2.8358137443116536
CHEMBL264_Ki,random,71339737,global,573,16,39,0.912739965095986,0.8125,0.9156193895870736,10.311938958707357,0.8974358974358975,0.9138576779026217,1.6421780466724267,2.2333000171461914,2.233300017146192,2.2333000171461914
CHEMBL264_Ki,random,71339737,mondrian_wstd,573,16,39,0.8952879581151832,0.625,0.9030520646319569,27.805206463195688,0.7435897435897436,0.9063670411985019,16.277729760875825,2.2317173180284504,1.962574948736684,2.2513737832014447
CHEMBL264_Ki,random,71339737,mondrian_nb,573,16,39,0.9144851657940664,0.5,0.926391382405745,42.6391382405745,0.7435897435897436,0.9269662921348315,18.337654854508788,2.2808761394373205,2.0702412568996147,2.2962595859147936
CHEMBL264_Ki,random,71339737,mondrian_rfstd,573,16,39,0.900523560209424,0.6875,0.9066427289048474,21.914272890484742,0.7948717948717948,0.9082397003745318,11.336790550273701,2.077434484009579,1.8250727620174865,2.0958653962899008
CHEMBL264_Ki,random,99182118,global,573,16,38,0.881326352530541,1.0,0.8779174147217235,-12.208258527827653,0.9473684210526315,0.8766355140186916,-7.073290703393997,2.210596842669265,2.2105968426692644,2.210596842669265
CHEMBL264_Ki,random,99182118,mondrian_wstd,573,16,38,0.8830715532286213,0.875,0.8833034111310593,0.8303411131059257,0.9210526315789473,0.8803738317757009,-4.067879980324641,2.253703430081355,2.2087269911959497,2.25689801826387
CHEMBL264_Ki,random,99182118,mondrian_nb,573,16,38,0.881326352530541,0.9375,0.8797127468581688,-5.77872531418312,0.9210526315789473,0.8785046728971962,-4.25479586817511,2.1308292742329455,2.081436012381279,2.1343375806822227
CHEMBL264_Ki,random,99182118,mondrian_rfstd,573,16,38,0.8673647469458988,0.8125,0.8689407540394973,5.644075403949733,0.868421052631579,0.8672897196261682,-0.1131333005410795,2.0263075988888186,1.9083182924326603,2.034688147758602
CHEMBL264_Ki,random,89709943,global,573,12,37,0.900523560209424,0.9166666666666666,0.9001782531194296,-1.6488413547237069,0.8918918918918919,0.9011194029850746,0.9227511093182761,2.1462075639510076,2.1462075639510076,2.146207563951007
CHEMBL264_Ki,random,89709943,mondrian_wstd,573,12,37,0.8987783595113438,0.8333333333333334,0.9001782531194296,6.6844919786096195,0.8378378378378378,0.9029850746268657,6.51472367890279,2.159856072644767,1.963295172245973,2.173424642261848
CHEMBL264_Ki,random,89709943,mondrian_nb,573,12,37,0.9075043630017452,0.9166666666666666,0.9073083778966132,-0.9358288770053402,0.918918918918919,0.9067164179104478,-1.22025010084712,2.129788524915467,2.1148647533652647,2.130818710638149
CHEMBL264_Ki,random,89709943,mondrian_rfstd,573,12,37,0.9057591623036649,0.8333333333333334,0.9073083778966132,7.397504456327986,0.8648648648648649,0.9085820895522388,4.371722468737394,2.1108917432272754,2.0880131786635405,2.112471047124399
CHEMBL264_Ki,random,86921808,global,573,18,36,0.9301919720767888,0.8333333333333334,0.9333333333333333,9.999999999999998,0.8888888888888888,0.9329608938547486,4.407200496585972,2.5025673326752056,2.5025673326752047,2.5025673326752056
CHEMBL264_Ki,random,86921808,mondrian_wstd,573,18,36,0.9179755671902269,0.7777777777777778,0.9225225225225225,14.474474474474475,0.8055555555555556,0.925512104283054,11.995654872749839,2.440568187161428,2.3367531861848674,2.4475278520313655
CHEMBL264_Ki,random,86921808,mondrian_nb,573,18,36,0.9232111692844677,0.6666666666666666,0.9315315315315316,26.486486486486495,0.75,0.9348230912476723,18.482309124767227,2.370153435055556,2.211647954494485,2.380779500791494
CHEMBL264_Ki,random,86921808,mondrian_rfstd,573,18,36,0.9197207678883071,0.5555555555555556,0.9315315315315316,37.5975975975976,0.6388888888888888,0.9385474860335196,29.965859714463072,2.2421467977539056,2.161733546954553,2.2475376302097287
CHEMBL264_Ki,random,89165191,global,573,23,50,0.9109947643979057,0.8260869565217391,0.9145454545454546,8.845849802371541,0.92,0.9101338432122371,-0.9866156787762925,2.358036588015807,2.358036588015807,2.358036588015807
CHEMBL264_Ki,random,89165191,mondrian_wstd,573,23,50,0.9022687609075044,0.782608695652174,0.9072727272727272,12.466403162055329,0.88,0.904397705544933,2.4397705544933035,2.337850061409518,2.3404148857219496,2.337604858320375
CHEMBL264_Ki,random,89165191,mondrian_nb,573,23,50,0.9092495636998255,0.8260869565217391,0.9127272727272727,8.66403162055336,0.88,0.9120458891013384,3.204588910133843,2.3515114461942117,2.16025278717945,2.369796212830422
CHEMBL264_Ki,random,89165191,mondrian_rfstd,573,23,50,0.912739965095986,0.782608695652174,0.9181818181818182,13.557312252964426,0.88,0.9158699808795411,3.5869980879541075,2.1445557643166864,2.0762815920984155,2.1510829318327733
CHEMBL264_Ki,scaffold,34332121,global,573,10,29,0.8900523560209425,1.0,0.8880994671403197,-11.190053285968027,0.9655172413793104,0.8860294117647058,-7.948782961460454,2.415860179892279,2.4158601798922787,2.415860179892279
CHEMBL264_Ki,scaffold,34332121,mondrian_wstd,573,10,29,0.912739965095986,1.0,0.911190053285968,-8.880994671403197,0.9655172413793104,0.9099264705882353,-5.55907707910751,2.496020280103928,2.4650521199549407,2.497671156288341
CHEMBL264_Ki,scaffold,34332121,mondrian_nb,573,10,29,0.900523560209424,1.0,0.8987566607460036,-10.124333925399643,0.896551724137931,0.9007352941176471,0.41835699797160286,2.4255904088299154,2.2989688324775286,2.432340456098701
CHEMBL264_Ki,scaffold,34332121,mondrian_rfstd,573,10,29,0.8883071553228621,1.0,0.8863232682060391,-11.367673179396087,0.896551724137931,0.8878676470588235,-0.8684077079107566,2.2586936993060363,2.281263265604113,2.2574905422791174
CHEMBL264_Ki,scaffold,57652534,global,573,20,41,0.8865619546247818,0.9,0.8860759493670886,-1.3924050632911467,0.8780487804878049,0.8872180451127819,0.9169264624977025,2.317837717115623,2.317837717115623,2.317837717115623
CHEMBL264_Ki,scaffold,57652534,mondrian_wstd,573,20,41,0.893542757417103,0.85,0.895117540687161,4.511754068716101,0.8536585365853658,0.8966165413533834,4.295800476801759,2.4047759786730043,2.257250967474258,2.4161453874308023
CHEMBL264_Ki,scaffold,57652534,mondrian_nb,573,20,41,0.8970331588132635,0.9,0.8969258589511754,-0.3074141048824641,0.8780487804878049,0.8984962406015038,2.044746011369891,2.440295257342377,2.1979459025413877,2.4589725572424532
CHEMBL264_Ki,scaffold,57652534,mondrian_rfstd,573,20,41,0.8865619546247818,0.75,0.891500904159132,14.150090415913198,0.8292682926829268,0.8909774436090225,6.170915092609574,2.2944455501050243,2.1438319968398116,2.306052985601028
CHEMBL264_Ki,scaffold,65555877,global,573,27,44,0.924956369982548,0.9259259259259259,0.924908424908425,-0.10175010175009769,0.9318181818181818,0.9243856332703214,-0.7432548547860351,2.723918657442417,2.7239186574424163,2.723918657442417
CHEMBL264_Ki,scaffold,65555877,mondrian_wstd,573,27,44,0.893542757417103,0.8148148148148148,0.8974358974358975,8.26210826210827,0.8636363636363636,0.8960302457466919,3.239388211032823,2.6961390843250044,2.5743158128550077,2.7062718328026603
CHEMBL264_Ki,scaffold,65555877,mondrian_nb,573,27,44,0.9092495636998255,0.7407407407407407,0.9175824175824175,17.684167684167683,0.8181818181818182,0.9168241965973535,9.864237841553525,2.700832549759828,2.454097942945467,2.721354898908849
CHEMBL264_Ki,scaffold,65555877,mondrian_rfstd,573,27,44,0.900523560209424,0.5555555555555556,0.9175824175824175,36.202686202686195,0.7272727272727273,0.9149338374291115,18.76611101563842,2.5561436015164385,2.3325327148765287,2.574742616662291
CHEMBL264_Ki,scaffold,80882938,global,573,13,33,0.9057591623036649,0.8461538461538461,0.9071428571428571,6.098901098901099,0.8787878787878788,0.9074074074074074,2.8619528619528656,2.555258299431232,2.555258299431232,2.555258299431232
CHEMBL264_Ki,scaffold,80882938,mondrian_wstd,573,13,33,0.924956369982548,0.9230769230769231,0.925,0.19230769230769162,0.9393939393939394,0.924074074074074,-1.53198653198654,2.565629996203254,2.4970465417190857,2.56982120731062
CHEMBL264_Ki,scaffold,80882938,mondrian_nb,573,13,33,0.900523560209424,0.8461538461538461,0.9017857142857143,5.563186813186816,0.8484848484848485,0.9037037037037037,5.521885521885517,2.5266979551064535,2.384284702061313,2.53540098723699
CHEMBL264_Ki,scaffold,80882938,mondrian_rfstd,573,13,33,0.900523560209424,0.8461538461538461,0.9017857142857143,5.563186813186816,0.8787878787878788,0.9018518518518519,2.306397306397312,2.3593676784352273,2.3214283254603654,2.3616861944503573
CHEMBL264_Ki,scaffold,62569839,global,573,11,31,0.8900523560209425,0.8181818181818182,0.891459074733096,7.327725655127781,0.9354838709677419,0.8874538745387454,-4.802999642899652,2.602186789796715,2.6021867897967157,2.602186789796715
CHEMBL264_Ki,scaffold,62569839,mondrian_wstd,573,11,31,0.9232111692844677,0.8181818181818182,0.9252669039145908,10.708508573277253,0.9032258064516129,0.9243542435424354,2.112843709082257,2.6938093503646385,2.477715807569477,2.7061689441407455
CHEMBL264_Ki,scaffold,62569839,mondrian_nb,573,11,31,0.8987783595113438,0.45454545454545453,0.9074733096085409,45.29278550630863,0.7419354838709677,0.9077490774907749,16.58135936198072,2.6506771443521715,2.3082321241806447,2.6702634831442698
CHEMBL264_Ki,scaffold,62569839,mondrian_rfstd,573,11,31,0.9022687609075044,0.5454545454545454,0.9092526690391459,36.37981235846005,0.6774193548387096,0.915129151291513,23.77097964528033,2.610755343269606,2.1545103191794044,2.636850538374396
CHEMBL287_Ki,random,71339737,global,265,8,15,0.9056603773584906,0.5,0.9182879377431906,41.82879377431906,0.6666666666666666,0.92,25.333333333333343,2.404888104157622,2.404888104157622,2.4048881041576227
CHEMBL287_Ki,random,71339737,mondrian_wstd,265,8,15,0.9132075471698113,0.5,0.9260700389105059,42.60700389105059,0.6666666666666666,0.928,26.13333333333334,2.5006239128320273,2.532506894731965,2.498710933918031
CHEMBL287_Ki,random,71339737,mondrian_nb,265,8,15,0.9169811320754717,0.625,0.9260700389105059,30.10700389105059,0.8,0.924,12.4,2.5824558097806363,2.9599073402979252,2.5598087179495996
CHEMBL287_Ki,random,71339737,mondrian_rfstd,265,8,15,0.9169811320754717,0.5,0.9299610894941635,42.996108949416346,0.6666666666666666,0.932,26.533333333333342,2.5295374539834117,2.4035610328252206,2.5370960392529027
CHEMBL287_Ki,random,99182118,global,265,7,16,0.9283018867924528,1.0,0.9263565891472868,-7.36434108527132,1.0,0.9236947791164659,-7.630522088353409,2.929388284359804,2.9293882843598045,2.929388284359804
CHEMBL287_Ki,random,99182118,mondrian_wstd,265,7,16,0.939622641509434,1.0,0.937984496124031,-6.2015503875969,1.0,0.9357429718875502,-6.425702811244982,2.9781521292307103,2.7993867803001145,2.989639059282475
CHEMBL287_Ki,random,99182118,mondrian_nb,265,7,16,0.9283018867924528,1.0,0.9263565891472868,-7.36434108527132,1.0,0.9236947791164659,-7.630522088353409,2.7962798274825342,2.7865814987099644,2.796903013267117
CHEMBL287_Ki,random,99182118,mondrian_rfstd,265,7,16,0.9283018867924528,0.8571428571428571,0.9302325581395349,7.3089700996677776,0.875,0.9317269076305221,5.672690763052213,2.9272699094849606,2.6744095205141942,2.9435179666075806
CHEMBL287_Ki,random,89709943,global,265,8,18,0.8603773584905661,0.875,0.8599221789883269,-1.5077821011673098,0.9444444444444444,0.854251012145749,-9.019343229869548,2.1904846009046057,2.1904846009046057,2.1904846009046053
CHEMBL287_Ki,random,89709943,mondrian_wstd,265,8,18,0.8830188679245283,0.75,0.8871595330739299,13.715953307392992,0.8888888888888888,0.8825910931174089,-0.629779577147993,2.3303531332985696,2.293023593920704,2.3330735045892643
CHEMBL287_Ki,random,89709943,mondrian_nb,265,8,18,0.8981132075471698,1.0,0.8949416342412452,-10.505836575875483,1.0,0.8906882591093117,-10.93117408906883,2.2676877210284467,2.2438711133709512,2.269423344258548
CHEMBL287_Ki,random,89709943,mondrian_rfstd,265,8,18,0.8641509433962264,0.625,0.8715953307392996,24.659533073929964,0.8333333333333334,0.8663967611336032,3.306342780026983,2.137597198191372,2.094622180104439,2.140728980885966
CHEMBL287_Ki,random,86921808,global,265,10,16,0.9207547169811321,0.7,0.9294117647058824,22.941176470588243,0.8125,0.927710843373494,11.521084337349397,2.651097067894419,2.651097067894419,2.6510970678944186
CHEMBL287_Ki,random,86921808,mondrian_wstd,265,10,16,0.9169811320754717,0.9,0.9176470588235294,1.764705882352935,0.875,0.9196787148594378,4.467871485943775,2.615548147019887,2.6386521313658773,2.614063553648257
CHEMBL287_Ki,random,86921808,mondrian_nb,265,10,16,0.9056603773584906,0.4,0.9254901960784314,52.54901960784314,0.625,0.9236947791164659,29.86947791164659,2.5509782579379614,2.351935368581225,2.5637681624749407
CHEMBL287_Ki,random,86921808,mondrian_rfstd,265,10,16,0.9283018867924528,0.7,0.9372549019607843,23.725490196078436,0.8125,0.9357429718875502,12.324297188755018,2.549141566768173,2.569283092085736,2.5478473322096145
CHEMBL287_Ki,random,89165191,global,265,7,11,0.879245283018868,0.7142857142857143,0.8837209302325582,16.943521594684384,0.7272727272727273,0.8858267716535433,15.8554044380816,2.4655401223125666,2.4655401223125666,2.4655401223125666
CHEMBL287_Ki,random,89165191,mondrian_wstd,265,7,11,0.8943396226415095,0.42857142857142855,0.9069767441860465,47.84053156146179,0.6363636363636364,0.905511811023622,26.914817465998564,2.4826081081897797,2.3247876185172047,2.4894428538055213
CHEMBL287_Ki,random,89165191,mondrian_nb,265,7,11,0.909433962264151,0.5714285714285714,0.9186046511627907,34.71760797342193,0.7272727272727273,0.9173228346456693,19.005010737294203,2.5944494076648335,2.4726896753703937,2.5997224669374273
CHEMBL287_Ki,random,89165191,mondrian_rfstd,265,7,11,0.8981132075471698,0.5714285714285714,0.9069767441860465,33.5548172757475,0.7272727272727273,0.905511811023622,17.82390837508947,2.5110608576475135,2.415739561049833,2.5151889452954443
CHEMBL287_Ki,scaffold,34332121,global,265,5,19,0.8716981132075472,0.8,0.8730769230769231,7.307692307692304,0.7894736842105263,0.8780487804878049,8.857509627727856,2.319119438721391,2.31911943872139,2.3191194387213905
CHEMBL287_Ki,scaffold,34332121,mondrian_wstd,265,5,19,0.8377358490566038,0.8,0.8384615384615385,3.8461538461538436,0.7368421052631579,0.8455284552845529,10.868635002139504,2.213418332918303,1.9859364930910217,2.230988068514719
CHEMBL287_Ki,scaffold,34332121,mondrian_nb,265,5,19,0.8415094339622642,0.8,0.8423076923076923,4.230769230769226,0.7368421052631579,0.8495934959349594,11.27513906718015,2.282100849861472,2.046096846862178,2.3003288013126375
CHEMBL287_Ki,scaffold,34332121,mondrian_rfstd,265,5,19,0.8754716981132076,0.8,0.8769230769230769,7.692307692307687,0.7894736842105263,0.8821138211382114,9.264013692768502,2.245040183161457,2.209493532406925,2.2477856561872143
CHEMBL287_Ki,scaffold,57652534,global,265,5,14,0.939622641509434,0.4,0.95,54.99999999999999,0.7857142857142857,0.9482071713147411,16.24928856004554,2.97013803910142,2.97013803910142,2.97013803910142
CHEMBL287_Ki,scaffold,57652534,mondrian_wstd,265,5,14,0.9169811320754717,0.6,0.9230769230769231,32.307692307692314,0.8571428571428571,0.9203187250996016,6.317586795674446,2.8426629065589184,3.056516224339776,2.8307348330571975
CHEMBL287_Ki,scaffold,57652534,mondrian_nb,265,5,14,0.9471698113207547,0.8,0.95,14.999999999999991,0.8571428571428571,0.952191235059761,9.50483779169039,3.0873807347544626,2.9874650854098155,3.09295371918006
CHEMBL287_Ki,scaffold,57652534,mondrian_rfstd,265,5,14,0.909433962264151,0.2,0.9230769230769231,72.30769230769232,0.6428571428571429,0.9243027888446215,28.144564598747856,2.8662148485407437,2.6564391235425586,2.8779154865884515
CHEMBL287_Ki,scaffold,65555877,global,265,2,19,0.8490566037735849,1.0,0.8479087452471483,-15.209125475285168,0.8421052631578947,0.8495934959349594,0.7488232777064674,2.64076841451905,2.64076841451905,2.6407684145190506
CHEMBL287_Ki,scaffold,65555877,mondrian_wstd,265,2,19,0.8905660377358491,1.0,0.8897338403041825,-11.026615969581755,0.8421052631578947,0.8943089430894309,5.220367993153618,2.848610328247415,2.6859180635065325,2.861175990971305
CHEMBL287_Ki,scaffold,65555877,mondrian_nb,265,2,19,0.8679245283018868,1.0,0.8669201520912547,-13.307984790874528,0.8421052631578947,0.8699186991869918,2.781343602909714,2.844543916490529,2.7134883811068287,2.854666091987644
CHEMBL287_Ki,scaffold,65555877,mondrian_rfstd,265,2,19,0.8716981132075472,1.0,0.870722433460076,-12.927756653992395,0.8421052631578947,0.8739837398373984,3.187847667950372,2.744455561613306,2.8083940152060065,2.739517225766715
CHEMBL287_Ki,scaffold,80882938,global,265,8,20,0.8830188679245283,1.0,0.8793774319066148,-12.062256809338523,0.85,0.8857142857142857,3.57142857142857,2.699063824880824,2.699063824880824,2.699063824880824
CHEMBL287_Ki,scaffold,80882938,mondrian_wstd,265,8,20,0.8867924528301887,1.0,0.8832684824902723,-11.673151750972766,0.9,0.8857142857142857,-1.4285714285714346,2.7061886093383554,2.8874467567216002,2.6913920258784985
CHEMBL287_Ki,scaffold,80882938,mondrian_nb,265,8,20,0.8867924528301887,0.875,0.8871595330739299,1.2159533073929918,0.8,0.8938775510204081,9.387755102040806,2.73226145663815,2.467685700509759,2.75385947754659
CHEMBL287_Ki,scaffold,80882938,mondrian_rfstd,265,8,20,0.9056603773584906,1.0,0.9027237354085603,-9.727626459143968,0.9,0.9061224489795918,0.6122448979591799,2.753974969958277,2.8669042684674433,2.744756251712631
CHEMBL287_Ki,scaffold,62569839,global,265,3,14,0.8301886792452831,1.0,0.8282442748091603,-17.17557251908397,0.9285714285714286,0.8247011952191236,-10.387023335230506,2.5304434300390923,2.5304434300390923,2.530443430039093
CHEMBL287_Ki,scaffold,62569839,mondrian_wstd,265,3,14,0.8415094339622642,1.0,0.8396946564885496,-16.030534351145043,0.9285714285714286,0.8366533864541833,-9.19180421172453,2.634955927805643,2.6405156581519376,2.634645823324176
CHEMBL287_Ki,scaffold,62569839,mondrian_nb,265,3,14,0.8113207547169812,1.0,0.8091603053435115,-19.083969465648853,0.8571428571428571,0.8087649402390438,-4.837791690381332,2.5943955153758362,2.507680721999233,2.599232197078117
CHEMBL287_Ki,scaffold,62569839,mondrian_rfstd,265,3,14,0.8490566037735849,1.0,0.8473282442748091,-15.267175572519086,0.8571428571428571,0.848605577689243,-0.8537279453614044,2.679713158869703,2.8891623834149485,2.6680307320026384
CHEMBL3979_EC50,random,71339737,global,225,8,22,0.9422222222222222,0.875,0.9447004608294931,6.9700460829493105,0.9545454545454546,0.9408866995073891,-1.3658755038065462,2.2241301063239107,2.2241301063239107,2.2241301063239107
CHEMBL3979_EC50,random,71339737,mondrian_wstd,225,8,22,0.9333333333333333,0.875,0.9354838709677419,6.048387096774189,0.9545454545454546,0.9310344827586207,-2.3510971786833923,2.285440985329911,2.2707872675367473,2.28702907297252
CHEMBL3979_EC50,random,71339737,mondrian_nb,225,8,22,0.9422222222222222,0.875,0.9447004608294931,6.9700460829493105,0.9545454545454546,0.9408866995073891,-1.3658755038065462,2.2681614997037283,2.0806478495796332,2.288483176071857
CHEMBL3979_EC50,random,71339737,mondrian_rfstd,225,8,22,0.9244444444444444,0.875,0.9262672811059908,5.1267281105990765,0.8636363636363636,0.9310344827586207,6.739811912225702,2.282985973561683,2.239506753570587,2.2876980072552993
CHEMBL3979_EC50,random,99182118,global,225,7,15,0.9511111111111111,0.5714285714285714,0.963302752293578,39.18741808650066,0.8,0.9619047619047619,16.19047619047619,2.2587774107786984,2.2587774107786984,2.2587774107786984
CHEMBL3979_EC50,random,99182118,mondrian_wstd,225,7,15,0.9466666666666667,0.7142857142857143,0.9541284403669725,23.984272608125824,0.8666666666666667,0.9523809523809523,8.571428571428562,2.229503119205963,2.453959629541776,2.2134705113248336
CHEMBL3979_EC50,random,99182118,mondrian_nb,225,7,15,0.9333333333333333,0.5714285714285714,0.944954128440367,37.352555701179554,0.8,0.9428571428571428,14.28571428571428,2.325626153491029,2.2479703147522887,2.331172999115224
CHEMBL3979_EC50,random,99182118,mondrian_rfstd,225,7,15,0.9288888888888889,0.42857142857142855,0.944954128440367,51.638269986893846,0.6666666666666666,0.9476190476190476,28.095238095238095,2.155280377509656,2.0999666828372816,2.15923135570054
CHEMBL3979_EC50,random,89709943,global,225,7,22,0.8844444444444445,0.8571428571428571,0.8853211009174312,2.817824377457412,0.8181818181818182,0.8916256157635468,7.344379758172859,2.118220200019111,2.118220200019111,2.118220200019111
CHEMBL3979_EC50,random,89709943,mondrian_wstd,225,7,22,0.9066666666666666,1.0,0.9036697247706422,-9.633027522935777,0.8636363636363636,0.9113300492610837,4.7693685624720095,2.334405501186769,2.264858614691619,2.341942602186243
CHEMBL3979_EC50,random,89709943,mondrian_nb,225,7,22,0.8933333333333333,0.8571428571428571,0.8944954128440367,3.735255570117957,0.8181818181818182,0.9014778325123153,8.329601433049705,2.32370766514283,2.2609095896382967,2.3305133679068675
CHEMBL3979_EC50,random,89709943,mondrian_rfstd,225,7,22,0.9111111111111111,0.8571428571428571,0.9128440366972477,5.570117955439057,0.8181818181818182,0.9211822660098522,10.300044782803397,2.313276556183143,2.3665452985448763,2.30750358903064
CHEMBL3979_EC50,random,86921808,global,225,12,22,0.9466666666666667,0.8333333333333334,0.9530516431924883,11.971830985915489,0.8181818181818182,0.9605911330049262,14.240931482310792,2.408857133484561,2.408857133484561,2.408857133484561
CHEMBL3979_EC50,random,86921808,mondrian_wstd,225,12,22,0.9511111111111111,0.9166666666666666,0.9530516431924883,3.638497652582162,0.8636363636363636,0.9605911330049262,9.69547693685625,2.507836496072406,2.5287267455735294,2.505572528146176
CHEMBL3979_EC50,random,86921808,mondrian_nb,225,12,22,0.96,0.75,0.971830985915493,22.1830985915493,0.8181818181818182,0.9753694581280788,15.718763994626062,2.5643097367623966,2.5181859736409886,2.5693083711893476
CHEMBL3979_EC50,random,86921808,mondrian_rfstd,225,12,22,0.9511111111111111,0.75,0.9624413145539906,21.244131455399064,0.8181818181818182,0.9655172413793104,14.733542319749215,2.5092462541220204,2.440366716072388,2.516711031644641
CHEMBL3979_EC50,random,89165191,global,225,5,16,0.9377777777777778,1.0,0.9363636363636364,-6.36363636363636,0.875,0.9425837320574163,6.758373205741631,2.323871268010272,2.323871268010272,2.323871268010272
CHEMBL3979_EC50,random,89165191,mondrian_wstd,225,5,16,0.9288888888888889,1.0,0.9272727272727272,-7.272727272727275,0.875,0.9330143540669856,5.8014354066985625,2.3706939967307497,2.335422838899303,2.3733941810623436
CHEMBL3979_EC50,random,89165191,mondrian_nb,225,5,16,0.9377777777777778,1.0,0.9363636363636364,-6.36363636363636,0.875,0.9425837320574163,6.758373205741631,2.3868200443635215,2.1752387939062103,2.403017652054033
CHEMBL3979_EC50,random,89165191,mondrian_rfstd,225,5,16,0.92,1.0,0.9181818181818182,-8.18181818181818,0.875,0.9234449760765551,4.844497607655507,2.207717878510041,2.119257784532402,2.2144899431207694
CHEMBL3979_EC50,scaffold,34332121,global,225,7,31,0.9022222222222223,0.7142857142857143,0.908256880733945,19.397116644823065,0.8709677419354839,0.9072164948453608,3.6248752909876947,2.584811428505762,2.5848114285057617,2.5848114285057626
CHEMBL3979_EC50,scaffold,34332121,mondrian_wstd,225,7,31,0.9022222222222223,0.7142857142857143,0.908256880733945,19.397116644823065,0.8709677419354839,0.9072164948453608,3.6248752909876947,2.5859327182943748,2.5840540366329225,2.586232920003164
CHEMBL3979_EC50,scaffold,34332121,mondrian_nb,225,7,31,0.9022222222222223,0.7142857142857143,0.908256880733945,19.397116644823065,0.8709677419354839,0.9072164948453608,3.6248752909876947,2.6216562086904274,2.627340654546435,2.620747869404158
CHEMBL3979_EC50,scaffold,34332121,mondrian_rfstd,225,7,31,0.92,0.8571428571428571,0.9220183486238532,6.487549148099614,0.8709677419354839,0.9278350515463918,5.686730961090792,2.577396802739141,2.592565734751061,2.5749729012320812
CHEMBL3979_EC50,scaffold,57652534,global,225,1,16,0.8933333333333333,1.0,0.8928571428571429,-10.71428571428571,0.875,0.8947368421052632,1.9736842105263164,2.3478550732922385,2.347855073292239,2.347855073292239
CHEMBL3979_EC50,scaffold,57652534,mondrian_wstd,225,1,16,0.88,1.0,0.8794642857142857,-12.05357142857143,0.875,0.8803827751196173,0.5382775119617267,2.3980033704920363,2.33968298027504,2.4024680893603234
CHEMBL3979_EC50,scaffold,57652534,mondrian_nb,225,1,16,0.8577777777777778,1.0,0.8571428571428571,-14.28571428571429,0.8125,0.861244019138756,4.874401913875603,2.319057198613857,2.108976558085513,2.335139927075356
CHEMBL3979_EC50,scaffold,57652534,mondrian_rfstd,225,1,16,0.8933333333333333,1.0,0.8928571428571429,-10.71428571428571,0.875,0.8947368421052632,1.9736842105263164,2.485148690307473,2.45769476215599,2.4872504264339024
CHEMBL3979_EC50,scaffold,65555877,global,225,4,19,0.88,0.75,0.8823529411764706,13.235294117647056,0.8421052631578947,0.883495145631068,4.138988247317332,2.8173921995991185,2.817392199599118,2.8173921995991176
CHEMBL3979_EC50,scaffold,65555877,mondrian_wstd,225,4,19,0.8933333333333333,0.75,0.8959276018099548,14.592760180995478,0.8421052631578947,0.8980582524271845,5.595298926928982,2.7674354068127145,2.795256599946753,2.7648693744362736
CHEMBL3979_EC50,scaffold,65555877,mondrian_nb,225,4,19,0.9155555555555556,0.75,0.918552036199095,16.8552036199095,0.8421052631578947,0.9223300970873787,8.022483392948399,3.0363722068565817,2.964539169743749,3.042997584066018
CHEMBL3979_EC50,scaffold,65555877,mondrian_rfstd,225,4,19,0.8755555555555555,0.75,0.8778280542986425,12.782805429864252,0.8421052631578947,0.8786407766990292,3.653551354113449,2.906172633961388,2.9666396502208126,2.900595579063674
CHEMBL3979_EC50,scaffold,80882938,global,225,7,34,0.9422222222222222,0.8571428571428571,0.944954128440367,8.781127129750988,0.9705882352941176,0.93717277486911,-3.341546042500765,2.778103463235886,2.7781034632358845,2.778103463235885
CHEMBL3979_EC50,scaffold,80882938,mondrian_wstd,225,7,34,0.9511111111111111,1.0,0.9495412844036697,-5.045871559633031,1.0,0.9424083769633508,-5.759162303664922,2.9223234080231784,3.1121976867138383,2.8885237982038983
CHEMBL3979_EC50,scaffold,80882938,mondrian_nb,225,7,34,0.9555555555555556,1.0,0.9541284403669725,-4.587155963302747,1.0,0.9476439790575916,-5.235602094240843,3.1632580717814673,3.5707839865340176,3.090714191668447
CHEMBL3979_EC50,scaffold,80882938,mondrian_rfstd,225,7,34,0.9377777777777778,0.8571428571428571,0.9403669724770642,8.322411533420714,0.9705882352941176,0.9319371727748691,-3.8651062519248547,2.7450080289359478,2.7369310492790633,2.7464458158905756
CHEMBL3979_EC50,scaffold,62569839,global,225,3,16,0.92,0.3333333333333333,0.9279279279279279,59.45945945945945,0.8125,0.9282296650717703,11.572966507177028,2.451160064378012,2.451160064378012,2.451160064378012
CHEMBL3979_EC50,scaffold,62569839,mondrian_wstd,225,3,16,0.9155555555555556,0.3333333333333333,0.9234234234234234,59.009009009009006,0.8125,0.9234449760765551,11.094497607655507,2.585415812002791,2.694179019358806,2.5770894420616615
CHEMBL3979_EC50,scaffold,62569839,mondrian_nb,225,3,16,0.9155555555555556,0.3333333333333333,0.9234234234234234,59.009009009009006,0.8125,0.9234449760765551,11.094497607655507,2.4004940245511266,2.234278097016358,2.4132186888600087
CHEMBL3979_EC50,scaffold,62569839,mondrian_rfstd,225,3,16,0.8933333333333333,0.3333333333333333,0.9009009009009009,56.75675675675676,0.75,0.9043062200956937,15.430622009569372,2.5276965725237974,2.472743876062723,2.5319034775160323
