dataset,seed,group_def,side,n,rf_std_mean,d_wstd_mean,d_std_mean,d_nb_mean,d_nn_sim_mean,d_pair_gap_mean
CHEMBL233_Ki,71339737,cliffB_oracle,cliff,30,0.7462809676986735,1.001167749921659,1.0119975289655956,30.233333333333334,0.9020208360375793,1.7197890317698088
CHEMBL233_Ki,71339737,cliffB_oracle,noncliff,599,0.6916806990551047,0.6841333812267938,0.6906866175828503,19.015025041736227,0.7710485114935313,0.7614030255376841
CHEMBL233_Ki,71339737,cliffA,cliff,55,0.7261149808307507,0.9727695494700599,0.9817055134910051,31.036363636363635,0.8868712880641383,1.773979804362424
CHEMBL233_Ki,71339737,cliffA,noncliff,574,0.691234919545778,0.6725203188316593,0.6790685301130217,18.449477351916375,0.7665939805171409,0.7144689791119053
CHEMBL233_Ki,99182118,cliffB_oracle,cliff,27,0.7115328644930563,0.8295113078835535,0.8350255659337471,22.333333333333332,0.9173694642069394,1.3974795646467333
CHEMBL233_Ki,99182118,cliffB_oracle,noncliff,602,0.688978674184251,0.6816766377518216,0.6894875501250257,19.016611295681063,0.780504940907584,0.6291841254462027
CHEMBL233_Ki,99182118,cliffA,cliff,64,0.6764367049138023,0.8920892864216613,0.9020778366470871,26.296875,0.8857088110624389,1.2945481337034375
CHEMBL233_Ki,99182118,cliffA,noncliff,565,0.6914771682933598,0.6640653488646228,0.6715019517782292,18.350442477876108,0.7748586480435912,0.5905304623133733
CHEMBL233_Ki,89709943,cliffB_oracle,cliff,18,0.8128480296151016,0.9172615810271684,0.9213371188274029,29.22222222222222,0.9030788220745674,1.4417004753482763
CHEMBL233_Ki,89709943,cliffB_oracle,noncliff,611,0.703381846964281,0.6745472299082282,0.6812689450225852,20.841243862520457,0.7791938186357495,0.8663464598430732
CHEMBL233_Ki,89709943,cliffA,cliff,45,0.7252268310647706,0.9156190402214782,0.9236219348804454,30.355555555555554,0.8852656699524881,1.6728155741752604
CHEMBL233_Ki,89709943,cliffA,noncliff,584,0.7050725438875562,0.6629562224950702,0.6694895936538606,20.366438356164384,0.7746440811628434,0.8219376621275687
CHEMBL233_Ki,86921808,cliffB_oracle,cliff,27,0.7381007931320005,0.846106429818385,0.8463544235506035,25.14814814814815,0.9086800103863846,1.4722007612996482
CHEMBL233_Ki,86921808,cliffB_oracle,noncliff,602,0.6803916552133779,0.6663497944425851,0.673586852908734,20.589700996677742,0.7777532951737909,0.8046030148213311
CHEMBL233_Ki,86921808,cliffA,cliff,50,0.692127681198731,0.8984898435015565,0.9028573249421566,28.1,0.879509776778932,1.584420812146196
CHEMBL233_Ki,86921808,cliffA,noncliff,579,0.6820692811624887,0.654246616489535,0.6614026249618867,20.15371329879102,0.7749704945115742,0.7683927372542696
CHEMBL233_Ki,89165191,cliffB_oracle,cliff,23,0.7291377618777599,0.8626850023480385,0.8658626877903418,29.08695652173913,0.8933300090808164,1.5212004628672662
CHEMBL233_Ki,89165191,cliffB_oracle,noncliff,606,0.7094751529277756,0.6699197723876449,0.6760536401348364,19.09240924092409,0.7698171785805357,0.7067308721764675
CHEMBL233_Ki,89165191,cliffA,cliff,47,0.6852310070488326,0.8483193802551235,0.8518940627527309,30.5531914893617,0.8666183654938624,1.634222340882758
CHEMBL233_Ki,89165191,cliffA,noncliff,582,0.7122100581892188,0.6628892007138327,0.6691161103003801,18.561855670103093,0.7667765012079024,0.6640173009680357
CHEMBL233_Ki,34332121,cliffB_oracle,cliff,25,0.7036738023438128,0.8236283525625336,0.8270502751687637,22.08,0.9167029961359249,1.153939027970105
CHEMBL233_Ki,34332121,cliffB_oracle,noncliff,604,0.6894866944889768,0.678197207869189,0.6844885007756255,20.915562913907284,0.7789403675141638,0.7414443499928355
CHEMBL233_Ki,34332121,cliffA,cliff,58,0.6890615297897047,0.841687729226777,0.8476298740095691,29.75862068965517,0.8902032015272212,1.3910275999015491
CHEMBL233_Ki,34332121,cliffA,noncliff,571,0.6901510329284317,0.667528099071002,0.6737254436812089,20.06830122591944,0.7734491655849425,0.6935223507892039
CHEMBL233_Ki,57652534,cliffB_oracle,cliff,30,0.7246296624132817,0.8889502510804287,0.8998939048273307,29.066666666666666,0.9105000595211311,1.4789443452538744
CHEMBL233_Ki,57652534,cliffB_oracle,noncliff,599,0.7094685925331955,0.6530674129529923,0.6592956961193225,19.646076794657763,0.7805771659659069,0.6688077213371503
CHEMBL233_Ki,57652534,cliffA,cliff,45,0.6763075845077076,0.8561234800195777,0.8690948128898595,29.533333333333335,0.9030980597515301,1.5271436489867565
CHEMBL233_Ki,57652534,cliffA,noncliff,584,0.7128026292755748,0.6492856920829497,0.655216771360728,19.368150684931507,0.7776124808031613,0.6442854301954885
CHEMBL233_Ki,65555877,cliffB_oracle,cliff,23,0.6852644320226454,0.8595988387966884,0.865376439689593,23.47826086956522,0.9104546742485605,1.4795220425994078
CHEMBL233_Ki,65555877,cliffB_oracle,noncliff,606,0.7046499051177784,0.6770637564312899,0.6835101481711787,20.145214521452147,0.7808382962226874,0.7078704641502475
CHEMBL233_Ki,65555877,cliffA,cliff,55,0.6704489653346426,0.8366633418624101,0.8489464386860677,29.0,0.8948655158123884,1.5100633742412755
CHEMBL233_Ki,65555877,cliffA,noncliff,574,0.7071502288231519,0.6687521950804596,0.6745880587457787,19.430313588850176,0.7748667528781531,0.6619251266055161
CHEMBL233_Ki,80882938,cliffB_oracle,cliff,31,0.8103473597650777,0.9088060725103289,0.9113795691999094,26.193548387096776,0.9052082236779803,1.7806479387987388
CHEMBL233_Ki,80882938,cliffB_oracle,noncliff,598,0.6932883963704957,0.6790574892184024,0.6857566727324959,19.91973244147157,0.7778715189420697,0.7805255354105763
CHEMBL233_Ki,80882938,cliffA,cliff,52,0.746634475927726,0.8640597472814533,0.8722907495601382,25.21153846153846,0.8803696138295277,1.5116811928193457
CHEMBL233_Ki,80882938,cliffA,noncliff,577,0.6947699071647002,0.6746207017632887,0.6809512336480419,19.779896013864818,0.7754159894796638,0.7683655706268278
CHEMBL233_Ki,62569839,cliffB_oracle,cliff,26,0.7029204118602098,0.9204008628427348,0.9299799494513394,30.884615384615383,0.9084095567109269,1.9593636321953056
CHEMBL233_Ki,62569839,cliffB_oracle,noncliff,603,0.6627560589762317,0.6581922175516766,0.6644452931200237,20.034825870646767,0.7803302110127168,0.7575267894719039
CHEMBL233_Ki,62569839,cliffA,cliff,58,0.6876298612568281,0.8720355595253192,0.879268037524548,28.982758620689655,0.8610478068845911,1.6886218371872503
CHEMBL233_Ki,62569839,cliffA,noncliff,571,0.6620583227988392,0.6479997192726551,0.6543069389031475,19.619964973730298,0.7778638650776526,0.7176743291274528
CHEMBL233_Ki,69881227,cliffB_oracle,cliff,25,0.7414412766464096,0.971897384284836,0.9763636444573796,26.8,0.9146876885321218,1.7717546495244578
CHEMBL233_Ki,69881227,cliffB_oracle,noncliff,604,0.7111441537878074,0.6859477044099302,0.6925702085933005,19.11092715231788,0.7805582724903751,0.7426221950859234
CHEMBL233_Ki,69881227,cliffA,cliff,53,0.6786647740364502,0.889060062156574,0.8950982092670161,28.39622641509434,0.8987769587544968,1.609382608083996
CHEMBL233_Ki,69881227,cliffA,noncliff,576,0.7154476871181669,0.6794084404611066,0.6859894705479027,18.59027777777778,0.7752918078051042,0.7075354059749261
CHEMBL233_Ki,86624677,cliffB_oracle,cliff,26,0.7427762771208137,0.8884401273767099,0.8886384651551581,31.192307692307693,0.8997967694920799,1.7675382916550304
CHEMBL233_Ki,86624677,cliffB_oracle,noncliff,603,0.7011112086322542,0.6557015454920365,0.6602792249089552,19.061359867330015,0.7792653690925848,0.6823730305946097
CHEMBL233_Ki,86624677,cliffA,cliff,60,0.7200910131004067,0.8952714664622697,0.8964258207269432,29.833333333333332,0.8728524242906315,1.6814500905805416
CHEMBL233_Ki,86624677,cliffA,noncliff,569,0.7010136752625062,0.6403170868428453,0.6450639651997537,18.479789103690685,0.7746786650232762,0.6266079571120349
CHEMBL233_Ki,29635333,cliffB_oracle,cliff,32,0.7755095614471632,0.8397712002259472,0.8380356812452807,29.96875,0.9041363264745239,1.6554863828646469
CHEMBL233_Ki,29635333,cliffB_oracle,noncliff,597,0.6794835698537947,0.709419380304344,0.7154860057242391,20.273031825795645,0.781015469476151,0.7364979403524157
CHEMBL233_Ki,29635333,cliffA,cliff,61,0.6827674769153427,0.8648797752796303,0.868400757990377,33.18032786885246,0.8828590318925891,1.5858616753181434
CHEMBL233_Ki,29635333,cliffA,noncliff,568,0.684540811755614,0.6996549945396361,0.7055481191956342,19.433098591549296,0.7768379145433296,0.6970550571261516
CHEMBL233_Ki,73489431,cliffB_oracle,cliff,24,0.7135934986573904,0.8432668477534869,0.851083001892162,30.375,0.9161705526630012,1.3370722059603777
CHEMBL233_Ki,73489431,cliffB_oracle,noncliff,605,0.693215475861759,0.671979189994768,0.6773817560337595,19.788429752066115,0.7764762965138294,0.6922035979106795
CHEMBL233_Ki,73489431,cliffA,cliff,51,0.6829257630848014,0.8679764870231957,0.8756434700801552,28.764705882352942,0.8772710512073095,1.2773389693984778
CHEMBL233_Ki,73489431,cliffA,noncliff,578,0.6949695379702711,0.6613180335414337,0.6666163257515774,19.43598615916955,0.7732374009671132,0.6673505575081105
CHEMBL233_Ki,72441423,cliffB_oracle,cliff,25,0.6820051548259118,0.8809755534792322,0.8918890001820714,25.6,0.9070264643114028,1.4093727224961317
CHEMBL233_Ki,72441423,cliffB_oracle,noncliff,604,0.6977272107472151,0.6797861372497911,0.685913568664045,19.539735099337747,0.7802929209883358,0.6329450121372013
CHEMBL233_Ki,72441423,cliffA,cliff,56,0.6309766507523777,0.8415712503136442,0.8501836224245152,28.375,0.8946651186689483,1.2336887249498871
CHEMBL233_Ki,72441423,cliffA,noncliff,573,0.7035648721114007,0.6724182562153492,0.6785100271235776,18.94066317626527,0.7743760937725451,0.6081091392601733
CHEMBL233_Ki,47096259,cliffB_oracle,cliff,25,0.7475102913645063,0.9187101964561123,0.9335923532275587,29.2,0.9130883330387379,1.1967570101518232
CHEMBL233_Ki,47096259,cliffB_oracle,noncliff,604,0.7085505096753725,0.694214045599987,0.6994780114374337,19.1523178807947,0.7821150315413994,0.68118095407012
CHEMBL233_Ki,47096259,cliffA,cliff,57,0.7153171655543795,0.9379842569950826,0.9525626678667659,28.70175438596491,0.8986317672957435,1.4064304652123891
CHEMBL233_Ki,47096259,cliffA,noncliff,572,0.7095789977123043,0.679154957821592,0.6838907989433995,18.63986013986014,0.7759929926312829,0.631443505236087
CHEMBL233_Ki,87118625,cliffB_oracle,cliff,26,0.8203037130699375,0.9452962307046201,0.9505962919158418,27.384615384615383,0.8973735693526993,1.3865975752398032
CHEMBL233_Ki,87118625,cliffB_oracle,noncliff,603,0.6878793358009042,0.7151185236583478,0.7233879053287285,20.016583747927033,0.7812512670151692,0.6365180123308638
CHEMBL233_Ki,87118625,cliffA,cliff,53,0.7431161725656099,0.9110305072766235,0.9225504807579024,28.77358490566038,0.8620376278962378,1.2507288805783592
CHEMBL233_Ki,87118625,cliffA,noncliff,576,0.6887742688919901,0.7069727556054487,0.7147801304278373,19.54340277777778,0.7789133091153158,0.6138598397935638
CHEMBL233_Ki,58055701,cliffB_oracle,cliff,24,0.8197611609089716,0.9886725418963761,0.9895767401042187,26.041666666666668,0.9084428042805405,1.3765313469680338
CHEMBL233_Ki,58055701,cliffB_oracle,noncliff,605,0.6897082984393794,0.6764740106327713,0.6827403827748186,20.0,0.7799720817978274,0.6618625146384376
CHEMBL233_Ki,58055701,cliffA,cliff,54,0.7321983471779815,0.9101353569167103,0.9135106966635185,29.72222222222222,0.8858702573017424,1.291296813496861
CHEMBL233_Ki,58055701,cliffA,noncliff,575,0.6911462220348328,0.6672564783503862,0.6735721734689117,19.339130434782607,0.7752325060107298,0.6325800795733166
CHEMBL233_Ki,20237956,cliffB_oracle,cliff,22,0.6592610662150223,0.9835033770530814,1.0002276647933663,32.63636363636363,0.9065780405337951,1.8289669723765547
CHEMBL233_Ki,20237956,cliffB_oracle,noncliff,607,0.698019358896881,0.695313320979284,0.7018224104210133,19.810543657331138,0.7794996369521219,0.8613823978990525
CHEMBL233_Ki,20237956,cliffA,cliff,44,0.6411730581961473,0.9060463805991421,0.9187912802073975,29.545454545454547,0.8748994938769976,1.6137773512045503
CHEMBL233_Ki,20237956,cliffA,noncliff,585,0.70083740127608,0.6900868086982676,0.6965074110013892,19.560683760683762,0.7770007620396482,0.841179804211981
CHEMBL233_Ki,27734996,cliffB_oracle,cliff,26,0.76778675119797,0.8936500808663396,0.8914744197176705,26.0,0.9014407119118744,1.3159352573067546
CHEMBL233_Ki,27734996,cliffB_oracle,noncliff,603,0.686729718864702,0.6841142087458845,0.6925026021330443,20.054726368159205,0.7790253465216992,0.7037945041488677
CHEMBL233_Ki,27734996,cliffA,cliff,59,0.6763086864826197,0.8976059643082777,0.9030846214360922,30.796610169491526,0.8921944574854994,1.5455742298272848
CHEMBL233_Ki,27734996,cliffA,noncliff,570,0.6915057254457684,0.6712579481288892,0.679461105942973,19.2140350877193,0.7727408536319156,0.6445851283016368
CHEMBL234_Ki,71339737,cliffB_oracle,cliff,28,0.7536442133169349,0.8524096716327831,0.8535747481726278,22.571428571428573,0.9117468100636671,1.1486569273850937
CHEMBL234_Ki,71339737,cliffB_oracle,noncliff,704,0.6375883757956712,0.5651643023280041,0.5710833316405861,19.151988636363637,0.7655215859302995,0.4903280953741563
CHEMBL234_Ki,71339737,cliffA,cliff,47,0.7039116681888445,0.8062755556712622,0.8133506986052961,24.382978723404257,0.8916465021599813,1.220468810726145
CHEMBL234_Ki,71339737,cliffA,noncliff,685,0.6377816147856219,0.5600085678975977,0.5656337915395764,18.932846715328466,0.7626476599317716,0.4671406408847589
CHEMBL234_Ki,99182118,cliffB_oracle,cliff,25,0.6795531926191262,0.7893837714714153,0.7973140056268722,27.84,0.9103968163016254,1.3333160932497647
CHEMBL234_Ki,99182118,cliffB_oracle,noncliff,707,0.6464121706155648,0.5843443909964924,0.5889513345944141,19.656294200848656,0.7718685178716232,0.5817044802602146
CHEMBL234_Ki,99182118,cliffA,cliff,41,0.6639113629813704,0.7371034037611556,0.7447106851520583,25.878048780487806,0.8803340496819272,1.2381175636864508
CHEMBL234_Ki,99182118,cliffA,noncliff,691,0.6465728922698211,0.5825813909786968,0.5871264251416204,19.583212735166427,0.7703431235406581,0.5699495655051684
CHEMBL234_Ki,89709943,cliffB_oracle,cliff,24,0.7154726209380726,0.9217624132490897,0.9219730694117612,26.333333333333332,0.9103669887801416,1.2800168554536098
CHEMBL234_Ki,89709943,cliffB_oracle,noncliff,708,0.6244432098098267,0.572775111922517,0.5780763238178905,18.785310734463277,0.7643105340074645,0.5642401265489513
CHEMBL234_Ki,89709943,cliffA,cliff,47,0.6713097713431089,0.8057614945023015,0.810817831074388,23.06382978723404,0.8696707002482205,1.163445547363149
CHEMBL234_Ki,89709943,cliffA,noncliff,685,0.6244168995543722,0.568739587236918,0.5738673442774478,18.756204379562043,0.7620431783667573,0.5482050706590892
CHEMBL234_Ki,86921808,cliffB_oracle,cliff,25,0.7437205975428973,0.8213886114419455,0.818381180255516,25.0,0.892706689492661,1.3967935353338208
CHEMBL234_Ki,86921808,cliffB_oracle,noncliff,707,0.6463326678878176,0.5697188637381287,0.5753118227355388,18.974540311173975,0.763422118171897,0.5142972241204663
CHEMBL234_Ki,86921808,cliffA,cliff,55,0.6984572611704608,0.8013102046229585,0.808629428849548,24.527272727272727,0.8720510620931076,1.1807754731141744
CHEMBL234_Ki,86921808,cliffA,noncliff,677,0.6456943305330637,0.5596315710056244,0.5647394684346451,18.745937961595274,0.7591302908907585,0.4927405093282653
CHEMBL234_Ki,89165191,cliffB_oracle,cliff,27,0.6840216368870538,0.8655390094455145,0.8660966927231608,28.85185185185185,0.8997668753699875,1.547959411391984
CHEMBL234_Ki,89165191,cliffB_oracle,noncliff,705,0.6348402436136039,0.5646018695747739,0.5696704541934626,19.54468085106383,0.7716142407432336,0.6138672211150148
CHEMBL234_Ki,89165191,cliffA,cliff,47,0.673463590481158,0.8383459381419373,0.8413140269316552,25.02127659574468,0.8825510416823824,1.3791855641540078
CHEMBL234_Ki,89165191,cliffA,noncliff,685,0.6341287112276304,0.5573420404076274,0.5623752941959231,19.535766423357664,0.7689283165330995,0.5981745598225265
CHEMBL234_Ki,34332121,cliffB_oracle,cliff,26,0.6839480507430207,0.7228639912706476,0.7226665318630029,27.923076923076923,0.9005428099026508,1.0330532311533642
CHEMBL234_Ki,34332121,cliffB_oracle,noncliff,706,0.6414739917268344,0.5651101261151461,0.5694795764526934,18.56657223796034,0.7650776527631576,0.519084457993316
CHEMBL234_Ki,34332121,cliffA,cliff,57,0.6322853312646367,0.7423338105257549,0.7457439842536717,28.82456140350877,0.8820036512874426,1.079975902062567
CHEMBL234_Ki,34332121,cliffA,noncliff,675,0.6438859608835249,0.555690739117718,0.5599596229142512,18.06074074074074,0.7601440768914818,0.49151760731215155
CHEMBL234_Ki,57652534,cliffB_oracle,cliff,24,0.59256491623625,0.7487123505415499,0.7521533516229212,26.958333333333332,0.8999002374424862,1.35672208510738
CHEMBL234_Ki,57652534,cliffB_oracle,noncliff,708,0.6317104417153279,0.6005543115585644,0.6063828072860249,19.906779661016948,0.7709280328558621,0.5370443734687064
CHEMBL234_Ki,57652534,cliffA,cliff,46,0.5914531751749957,0.7589401922892826,0.7694727210681817,26.065217391304348,0.879281443843196,1.2721970273579228
CHEMBL234_Ki,57652534,cliffA,noncliff,686,0.6330403858106011,0.5947353449781879,0.6001368744156759,19.740524781341108,0.767981193549562,0.5164251941690332
CHEMBL234_Ki,65555877,cliffB_oracle,cliff,20,0.7549742917061234,0.8156137631213427,0.8209219845681371,29.5,0.9084223739698624,1.486727443548475
CHEMBL234_Ki,65555877,cliffB_oracle,noncliff,712,0.659398897131175,0.5867479603567282,0.5918949723747234,19.185393258426966,0.7635173429325226,0.6541888821845955
CHEMBL234_Ki,65555877,cliffA,cliff,32,0.6652104010850455,0.7801071349932587,0.787089521442037,28.3125,0.9001740700207784,1.4269559580459732
CHEMBL234_Ki,65555877,cliffA,noncliff,700,0.6618639539382823,0.5843045953596467,0.5893673770389333,19.062857142857144,0.7612792326956828,0.6426492033270435
CHEMBL234_Ki,80882938,cliffB_oracle,cliff,16,0.6784276744982825,0.8024206777300655,0.8113381295112535,21.6875,0.9132351434414008,1.2902130126958393
CHEMBL234_Ki,80882938,cliffB_oracle,noncliff,716,0.6338038718296548,0.595827515601056,0.6001925741148122,19.93016759776536,0.7717063431682508,0.6599616513412195
CHEMBL234_Ki,80882938,cliffA,cliff,36,0.6422950234963296,0.7617310821229689,0.7717220319126719,18.88888888888889,0.8874307809529088,1.1813789096475946
CHEMBL234_Ki,80882938,cliffA,noncliff,696,0.6343905088737607,0.591755702164835,0.5959227548867512,20.024425287356323,0.7688031081211101,0.6474803301955937
CHEMBL234_Ki,62569839,cliffB_oracle,cliff,25,0.8017091042732623,0.8181657810568975,0.8190360316602885,24.52,0.8949976331314257,0.9552907609845905
CHEMBL234_Ki,62569839,cliffB_oracle,noncliff,707,0.6143511533659065,0.5848497413466307,0.5903887724983459,19.302687411598303,0.7672214876176137,0.6153690059165671
CHEMBL234_Ki,62569839,cliffA,cliff,52,0.7227287128413393,0.8179766312415347,0.8230272979715069,24.865384615384617,0.8709927477375251,1.1051714595327895
CHEMBL234_Ki,62569839,cliffA,noncliff,680,0.6129516176011439,0.5751583741944298,0.5805566895313877,19.069117647058825,0.7638290347849633,0.5904106475175334
CHEMBL234_Ki,69881227,cliffB_oracle,cliff,13,0.7589454599465353,0.8286630411040586,0.8184225547260049,28.0,0.8972654861918178,1.3787278251673973
CHEMBL234_Ki,69881227,cliffB_oracle,noncliff,719,0.6520576350755983,0.6136735907406159,0.6197190629493466,19.525730180806676,0.7755462332198143,0.6317423470703923
CHEMBL234_Ki,69881227,cliffA,cliff,39,0.6791791842665871,0.7537251821864461,0.7535022993643722,23.205128205128204,0.8825437191040117,1.311247516084383
CHEMBL234_Ki,69881227,cliffA,noncliff,693,0.6525364248373207,0.60960160721136,0.6156970769537902,19.47763347763348,0.7715911925162301,0.6075145110295778
CHEMBL234_Ki,86624677,cliffB_oracle,cliff,25,0.7199939986577313,0.7809565362149822,0.7869444967907379,23.28,0.9105980019205363,1.3183660485157933
CHEMBL234_Ki,86624677,cliffB_oracle,noncliff,707,0.6364814716301372,0.5667551878929917,0.5717345494840805,18.47807637906648,0.7673493079288882,0.5157181000972229
CHEMBL234_Ki,86624677,cliffA,cliff,53,0.674416872936304,0.7850670338161093,0.7941180375187972,24.50943396226415,0.8791228343214836,1.2608399366633476
CHEMBL234_Ki,86624677,cliffA,noncliff,679,0.6365952225969459,0.5569823983868981,0.5616621026551913,18.184094256259204,0.7636656922857807,0.487109471779785
CHEMBL234_Ki,29635333,cliffB_oracle,cliff,31,0.7383509770115484,0.8483067120310163,0.8494645661099537,25.548387096774192,0.9056627803033825,1.293536487760186
CHEMBL234_Ki,29635333,cliffB_oracle,noncliff,701,0.6338152057692095,0.579885015466838,0.5852683580028332,18.65049928673324,0.7660377763014062,0.5338307482087448
CHEMBL234_Ki,29635333,cliffA,cliff,49,0.6794951260296094,0.8249523441673791,0.8314986288798715,24.306122448979593,0.8858838743406696,1.19860842735889
CHEMBL234_Ki,29635333,cliffA,noncliff,683,0.6352826915902239,0.5742210730508058,0.5793156685686486,18.55783308931186,0.7636659119698199,0.5206195793181702
CHEMBL234_Ki,73489431,cliffB_oracle,cliff,22,0.6182040354246253,0.818721084202241,0.8223399953555869,24.363636363636363,0.9066016156366373,1.289885803923129
CHEMBL234_Ki,73489431,cliffB_oracle,noncliff,710,0.6281609729198067,0.5960397248334803,0.600981011863431,19.57605633802817,0.7701127217024876,0.5992761026253053
CHEMBL234_Ki,73489431,cliffA,cliff,46,0.6516657331157463,0.8572988080068293,0.858736069719643,21.630434782608695,0.8831156661441536,1.3424429538789595
CHEMBL234_Ki,73489431,cliffA,noncliff,686,0.6262655332785425,0.5848464419406166,0.5899954222021758,19.591836734693878,0.7666608667060012,0.5715905899006465
CHEMBL234_Ki,72441423,cliffB_oracle,cliff,30,0.6720236488463276,0.764907230315102,0.7631745482683996,23.933333333333334,0.8973187680483452,1.0674971611058148
CHEMBL234_Ki,72441423,cliffB_oracle,noncliff,702,0.6327058722461665,0.6026838340983538,0.6086128246978924,19.457264957264957,0.7738381018184713,0.5684033731688546
CHEMBL234_Ki,72441423,cliffA,cliff,55,0.6602450804436498,0.7817107489293297,0.782366960572804,28.927272727272726,0.8801846962221563,1.2009904594759542
CHEMBL234_Ki,72441423,cliffA,noncliff,677,0.632210860203542,0.5947919506923296,0.6008162703936056,18.88626292466765,0.7704393019685404,0.5391279283996053
CHEMBL234_Ki,47096259,cliffB_oracle,cliff,22,0.6186394354280972,0.7981155638521981,0.8092722359946783,26.09090909090909,0.8978988123566986,1.2385231179618108
CHEMBL234_Ki,47096259,cliffB_oracle,noncliff,710,0.6526444012788389,0.5661421602485475,0.5707001797940195,18.23380281690141,0.7680676395711757,0.5891063937038983
CHEMBL234_Ki,47096259,cliffA,cliff,47,0.6237120016776838,0.7764002645175703,0.7855053999738777,28.06382978723404,0.8739968910601144,1.2473606803869246
CHEMBL234_Ki,47096259,cliffA,noncliff,685,0.6535374137350988,0.5585327398323632,0.5629816127366328,17.811678832116787,0.7646880392229295,0.5647986805061929
CHEMBL234_Ki,87118625,cliffB_oracle,cliff,26,0.6995479763026947,0.7523132349099627,0.756609273183164,29.884615384615383,0.8954276824043,1.1629119651586655
CHEMBL234_Ki,87118625,cliffB_oracle,noncliff,706,0.6416384676631338,0.559343078474937,0.5647577057688378,19.21246458923513,0.7706328085642584,0.5414856572417589
CHEMBL234_Ki,87118625,cliffA,cliff,57,0.607346533491065,0.7430954526116615,0.7551731316270507,29.140350877192983,0.8802897449866793,1.0959989796296108
CHEMBL234_Ki,87118625,cliffA,noncliff,675,0.6467648194741509,0.5507768912559688,0.5555496390166469,18.785185185185185,0.7659141607522695,0.5185965085450656
CHEMBL234_Ki,58055701,cliffB_oracle,cliff,22,0.7031009605972854,0.8754111296445927,0.8790743258264387,27.863636363636363,0.9083813054831122,1.66340531099055
CHEMBL234_Ki,58055701,cliffB_oracle,noncliff,710,0.6467269804034458,0.5868186328980591,0.5919492343400042,17.94507042253521,0.7682674443834394,0.5486670189653235
CHEMBL234_Ki,58055701,cliffA,cliff,45,0.6451719999030164,0.7752441412415052,0.7828126840010816,26.2,0.8943114193617122,1.3247015075519475
CHEMBL234_Ki,58055701,cliffA,noncliff,687,0.6486341153187061,0.583500699958758,0.5884101327480308,17.72197962154294,0.7642339958946084,0.5335326527908795
CHEMBL234_Ki,20237956,cliffB_oracle,cliff,32,0.6566766302019263,0.8121783868441901,0.81390368063791,24.03125,0.9065504895642885,1.2613738658241713
CHEMBL234_Ki,20237956,cliffB_oracle,noncliff,700,0.6213161369527707,0.5635257319244257,0.5668724234573821,18.712857142857143,0.7687008047668824,0.56081234661605
CHEMBL234_Ki,20237956,cliffA,cliff,53,0.636493419907275,0.7587281807553605,0.7608380118997209,26.169811320754718,0.8899191833168424,1.19368033717773
CHEMBL234_Ki,20237956,cliffA,noncliff,679,0.621797933399581,0.5597578378698405,0.5631260891392953,18.38144329896907,0.7655251199882848,0.544429379185845
CHEMBL234_Ki,27734996,cliffB_oracle,cliff,28,0.6898182848845636,0.8516470331141269,0.8493642548138229,31.392857142857142,0.9078346788286913,1.4883436919606505
CHEMBL234_Ki,27734996,cliffB_oracle,noncliff,704,0.6438091234503335,0.5922842735692573,0.5973906891036055,18.83096590909091,0.770981236563101,0.5966729867719471
CHEMBL234_Ki,27734996,cliffA,cliff,47,0.6654674542859803,0.8301257657937843,0.8333719283459396,30.085106382978722,0.8928900416074541,1.4047407927986708
CHEMBL234_Ki,27734996,cliffA,noncliff,685,0.644203743845783,0.5861744563035842,0.5910944981449415,18.572262773722628,0.7680205229068637,0.5776767719719874
CHEMBL244_Ki,71339737,cliffB_oracle,cliff,23,0.7595745380055157,0.9792019350854365,0.9899602655386126,26.869565217391305,0.8801603709259266,1.5073308118540514
CHEMBL244_Ki,71339737,cliffB_oracle,noncliff,597,0.7838476691769398,0.7330529329115575,0.74061698017107,19.10217755443886,0.790362035641866,0.7258074499870888
CHEMBL244_Ki,71339737,cliffA,cliff,54,0.7757746183204435,0.9697902216781102,0.9754033857500068,27.24074074074074,0.8674525530441332,1.4198204363729208
CHEMBL244_Ki,71339737,cliffA,noncliff,566,0.7836315255891446,0.7203343855126385,0.7282177474249822,18.641342756183747,0.7866164530915285,0.6913522133406315
CHEMBL244_Ki,99182118,cliffB_oracle,cliff,33,0.819343305624137,0.9269148795199631,0.9297597739845946,25.03030303030303,0.8840241533653282,1.3049059530353861
CHEMBL244_Ki,99182118,cliffB_oracle,noncliff,587,0.7527568172393486,0.7466220124470355,0.7537302470309547,19.49403747870528,0.7862547374591335,0.7889450819533916
CHEMBL244_Ki,99182118,cliffA,cliff,60,0.7929420572731928,0.8654877949089692,0.866509039617316,21.183333333333334,0.8591725756610076,1.3200502052503702
CHEMBL244_Ki,99182118,cliffA,noncliff,560,0.7523751024441118,0.7444606187828502,0.7519793271667653,19.639285714285716,0.784154774813415,0.7624457986460471
CHEMBL244_Ki,89709943,cliffB_oracle,cliff,30,0.8034209326404408,0.9160621678694781,0.9236857974903832,23.066666666666666,0.8832954693941304,1.511665361654515
CHEMBL244_Ki,89709943,cliffB_oracle,noncliff,590,0.7531355561857455,0.7361807816486965,0.7454203050194234,18.959322033898307,0.792207772604494,0.7874380374302613
CHEMBL244_Ki,89709943,cliffA,cliff,70,0.7787403965737746,0.9290777755328106,0.9377698665719775,24.97142857142857,0.8588041316081156,1.3308262252878886
CHEMBL244_Ki,89709943,cliffA,noncliff,550,0.7526195970338887,0.7211132203377959,0.730333865364126,18.418181818181818,0.7886220584287236,0.757782849387886
CHEMBL244_Ki,86921808,cliffB_oracle,cliff,32,0.797209587727602,0.9045568314204411,0.9071958588375311,25.75,0.8922250967127767,1.5988887520825128
CHEMBL244_Ki,86921808,cliffB_oracle,noncliff,588,0.7286747281238607,0.7246595520003086,0.732876847671332,20.209183673469386,0.7955241333715892,0.8602337628605367
CHEMBL244_Ki,86921808,cliffA,cliff,62,0.8057658513181143,0.9280242760790266,0.9326992073904589,28.080645161290324,0.8747489724417864,1.582204084644935
CHEMBL244_Ki,86921808,cliffA,noncliff,558,0.7240393622981904,0.7122466897694458,0.7205384818284561,19.65232974910394,0.7922315442494258,0.8223749809689068
CHEMBL244_Ki,89165191,cliffB_oracle,cliff,30,0.8059313416955002,0.9195809961459799,0.9184857395039324,24.5,0.8865876938216046,1.2943126331614114
CHEMBL244_Ki,89165191,cliffB_oracle,noncliff,590,0.7719968019288862,0.7166823461496364,0.7243034325305818,18.922033898305084,0.7944621985069998,0.699283351725147
CHEMBL244_Ki,89165191,cliffA,cliff,60,0.7910465960957012,0.8598708676686039,0.8571964192634168,23.4,0.8707915902020229,1.1611278387645958
CHEMBL244_Ki,89165191,cliffA,noncliff,560,0.7717736743270818,0.7121123611291115,0.7203835237810022,18.741071428571427,0.791148332371483,0.6816765824764346
CHEMBL244_Ki,34332121,cliffB_oracle,cliff,40,0.7808973503011565,0.8918650383386598,0.8999829632917986,24.075,0.8872963399371872,1.4021381411887752
CHEMBL244_Ki,34332121,cliffB_oracle,noncliff,580,0.773925027893809,0.7562179183018078,0.7635369982209722,20.17241379310345,0.7887533341629652,0.7508175189659305
CHEMBL244_Ki,34332121,cliffA,cliff,63,0.7666712515402934,0.8743984366690263,0.8804122257321637,24.063492063492063,0.8671577592942384,1.2741299089330664
CHEMBL244_Ki,34332121,cliffA,noncliff,557,0.7752461783544291,0.7524987878125617,0.7600281570968986,20.012567324955118,0.7869158414331286,0.7384012610143761
CHEMBL244_Ki,57652534,cliffB_oracle,cliff,33,0.8490278052680529,0.9194102356386163,0.9191827767273382,21.484848484848484,0.8874911666296984,1.2606036666266396
CHEMBL244_Ki,57652534,cliffB_oracle,noncliff,587,0.7400446940149639,0.7024071690103353,0.7100392078884284,17.885860306643952,0.7876162968329888,0.7553008884151432
CHEMBL244_Ki,57652534,cliffA,cliff,67,0.8146153234927734,0.927628844231292,0.9282139496494882,22.059701492537314,0.8637277010653118,1.314922618423418
CHEMBL244_Ki,57652534,cliffA,noncliff,553,0.7375134290897174,0.6875870736064645,0.6956168341943966,17.59493670886076,0.784245094253037,0.717652309338154
CHEMBL244_Ki,65555877,cliffB_oracle,cliff,20,0.8277363318059157,0.9106293207196302,0.9103018868212078,29.8,0.894536341701236,1.506525884202924
CHEMBL244_Ki,65555877,cliffB_oracle,noncliff,600,0.7529379504315394,0.7518196847004924,0.7585854753224198,19.23,0.790919287392787,0.7850570070152594
CHEMBL244_Ki,65555877,cliffA,cliff,43,0.7526985120317697,0.9232343574143389,0.929274182320952,27.627906976744185,0.8843851090216464,1.471371427408897
CHEMBL244_Ki,65555877,cliffA,noncliff,577,0.7555484590600969,0.7443955462822399,0.7509654997985948,18.97053726169844,0.787473819704518,0.7589181118104533
CHEMBL244_Ki,80882938,cliffB_oracle,cliff,29,0.8410150152918509,0.9350976116925647,0.932664454213102,20.620689655172413,0.8961022089282762,1.3026653897999543
CHEMBL244_Ki,80882938,cliffB_oracle,noncliff,591,0.7801563922392061,0.7189821176211585,0.7260580740094476,19.140439932318106,0.7890001408221754,0.8578317266941871
CHEMBL244_Ki,80882938,cliffA,cliff,53,0.8018923398633331,0.934159217978927,0.9366482587282855,23.58490566037736,0.8806012851080068,1.3374324738336167
CHEMBL244_Ki,80882938,cliffA,noncliff,567,0.7812373355274741,0.7097428424576855,0.7167600618436338,18.800705467372133,0.7858546360162902,0.8357529553214842
CHEMBL244_Ki,62569839,cliffB_oracle,cliff,27,0.8626076618967226,0.9325576188681709,0.9144767158960077,20.62962962962963,0.8872707056492324,1.802308644697098
CHEMBL244_Ki,62569839,cliffB_oracle,noncliff,593,0.741480618694438,0.7230949455282686,0.7305986480865527,19.84485666104553,0.788096697798796,0.807491292795855
CHEMBL244_Ki,62569839,cliffA,cliff,54,0.8014319793632788,0.939185743173874,0.9313934462199744,22.703703703703702,0.8708876905307521,1.640623131893815
CHEMBL244_Ki,62569839,cliffA,noncliff,566,0.7415390227409827,0.713038676523955,0.7207308612900073,19.609540636042404,0.7851643853481656,0.7754611676899253
CHEMBL244_Ki,69881227,cliffB_oracle,cliff,33,0.8597574728016827,0.9233244039144811,0.9190719353537207,32.121212121212125,0.8865998512836343,1.765959399370212
CHEMBL244_Ki,69881227,cliffB_oracle,noncliff,587,0.771303830006409,0.7223840837275229,0.7306129219499132,18.39182282793867,0.7886582892471231,0.7887499651136392
CHEMBL244_Ki,69881227,cliffA,cliff,55,0.8200609581485158,0.8512590714381517,0.8484174081830056,26.618181818181817,0.8670342671531344,1.668792135222008
CHEMBL244_Ki,69881227,cliffA,noncliff,565,0.7717238798549544,0.7215575127367183,0.7301425796343717,18.3929203539823,0.7867078240796264,0.7601580925021465
CHEMBL244_Ki,86624677,cliffB_oracle,cliff,25,0.8555332511918482,0.9700797967982584,0.963736301499071,25.92,0.8783793592437635,1.294644798697955
CHEMBL244_Ki,86624677,cliffB_oracle,noncliff,595,0.767550525374478,0.7607817534514746,0.768147672657149,20.554621848739497,0.7888208973604022,0.8166894594266763
CHEMBL244_Ki,86624677,cliffA,cliff,51,0.7407292614730353,0.9361130783512365,0.9361848038385452,26.725490196078432,0.8564353803575123,1.2298866426299127
CHEMBL244_Ki,86624677,cliffA,noncliff,569,0.7738202136071807,0.754086001671297,0.7615047521351216,20.237258347978912,0.7866379062308558,0.8006540062428747
CHEMBL244_Ki,29635333,cliffB_oracle,cliff,31,0.8739171804327167,0.9859169995192423,0.9864400633610068,23.903225806451612,0.8729355100483933,1.3456124669480114
CHEMBL244_Ki,29635333,cliffB_oracle,noncliff,589,0.7651181906476614,0.7486666342754605,0.7583297209135785,19.183361629881155,0.7898152836842053,0.71776013234371
CHEMBL244_Ki,29635333,cliffA,cliff,59,0.8211056028046447,0.9455342397748686,0.9469706535659026,23.35593220338983,0.857960836505235,1.1627252618967836
CHEMBL244_Ki,29635333,cliffA,noncliff,561,0.7652420968260476,0.7409901885062575,0.7510172985521067,19.005347593582886,0.7872137330551044,0.7056576006665299
CHEMBL244_Ki,73489431,cliffB_oracle,cliff,33,0.8639685064349744,0.9487244164858455,0.9478265926145656,23.272727272727273,0.8872048215335645,1.1944075233103926
CHEMBL244_Ki,73489431,cliffB_oracle,noncliff,587,0.7644902487137568,0.7309575577981032,0.7386910359572916,20.097103918228278,0.7897391239618112,0.7958894195447079
CHEMBL244_Ki,73489431,cliffA,cliff,60,0.7765634506651335,0.9091482201045777,0.9091060902774716,23.533333333333335,0.8658902997013768,1.2088769428475055
CHEMBL244_Ki,73489431,cliffA,noncliff,560,0.7690588029775381,0.7245961541652667,0.732659402763969,19.916071428571428,0.7872841284545407,0.7751248588770289
CHEMBL244_Ki,72441423,cliffB_oracle,cliff,29,0.7529973852909934,0.8682771680554234,0.8811135606220364,23.689655172413794,0.8882152080213304,1.2271208006327279
CHEMBL244_Ki,72441423,cliffB_oracle,noncliff,591,0.7864441368495857,0.7496717183367583,0.7578163608984948,19.20812182741117,0.789344683132067,0.799241379441064
CHEMBL244_Ki,72441423,cliffA,cliff,58,0.7881419591136012,0.9274597879397358,0.9373092469399391,22.82758620689655,0.8586894797813965,1.301035184292351
CHEMBL244_Ki,72441423,cliffA,noncliff,562,0.784543016766824,0.737176900163792,0.745389145265002,19.065836298932386,0.7872451322522988,0.7695340174004655
CHEMBL244_Ki,47096259,cliffB_oracle,cliff,31,0.8582490804936559,0.9326326968522447,0.9272281281720686,26.516129032258064,0.8913836682927269,1.6464177025711975
CHEMBL244_Ki,47096259,cliffB_oracle,noncliff,589,0.7578734606905679,0.7326499118669645,0.7416282284443518,19.186757215619693,0.7912239001961079,0.7411480769543898
CHEMBL244_Ki,47096259,cliffA,cliff,54,0.8187678792841228,0.9509442776615474,0.9545470330635295,26.333333333333332,0.8748941417792951,1.571652827862023
CHEMBL244_Ki,47096259,cliffA,noncliff,566,0.75756135046061,0.7225442528825815,0.731241214777306,18.906360424028268,0.7886683120686269,0.7114945466453947
CHEMBL244_Ki,87118625,cliffB_oracle,cliff,25,0.8024458957997003,0.8449889207246096,0.8490760168639985,25.6,0.896007406606541,1.777784305142393
CHEMBL244_Ki,87118625,cliffB_oracle,noncliff,595,0.7719006879546323,0.7427291095373596,0.7492269588008633,19.265546218487394,0.7920959970762995,0.8681042773289913
CHEMBL244_Ki,87118625,cliffA,cliff,60,0.721791988911198,0.8681634748097807,0.8751920024556876,26.566666666666666,0.8657813666809145,1.5667360028807849
CHEMBL244_Ki,87118625,cliffA,noncliff,560,0.7786331024880836,0.7335770531162473,0.7399052715675097,18.76607142857143,0.7887381021628173,0.8338615936901118
CHEMBL244_Ki,58055701,cliffB_oracle,cliff,25,0.8923775878094385,0.901675114125272,0.8953056826437374,19.6,0.8918341244363712,1.193410311715597
CHEMBL244_Ki,58055701,cliffB_oracle,noncliff,595,0.7572509640366513,0.7534791456143388,0.7631455002077369,19.831932773109244,0.7900300209149002,0.8676674195609183
CHEMBL244_Ki,58055701,cliffA,cliff,49,0.837748568896708,0.9478205075253144,0.945821607082418,21.367346938775512,0.8758876907068891,1.3721245370469903
CHEMBL244_Ki,58055701,cliffA,noncliff,571,0.7562593404923026,0.7430901678985095,0.7530613490006667,19.69001751313485,0.7870623008581669,0.8386397024804446
CHEMBL244_Ki,20237956,cliffB_oracle,cliff,33,0.7939541758900915,0.9022586112891929,0.9097156155821561,21.515151515151516,0.889749230673571,1.1904339905613557
CHEMBL244_Ki,20237956,cliffB_oracle,noncliff,587,0.7653825245219644,0.7470690715383496,0.752854888707469,19.625212947189098,0.787639559504412,0.7402495429943872
CHEMBL244_Ki,20237956,cliffA,cliff,62,0.7813804214634301,0.9070178326813908,0.9139039076865786,24.629032258064516,0.8714822468450045,1.1274756852694359
CHEMBL244_Ki,20237956,cliffA,noncliff,558,0.765294701734827,0.7382211593998059,0.7439828680620075,19.18100358422939,0.7842657080901417,0.723848227490188
CHEMBL244_Ki,27734996,cliffB_oracle,cliff,30,0.8541416011768559,0.9366186443310212,0.9313881333272808,26.533333333333335,0.8811867935542679,1.6979062236149494
CHEMBL244_Ki,27734996,cliffB_oracle,noncliff,590,0.7525666324367776,0.7414462164906659,0.747711558770779,19.664406779661018,0.7872833495050526,0.8934210450696386
CHEMBL244_Ki,27734996,cliffA,cliff,55,0.8333214283622681,0.9083590771864701,0.9078560679030625,23.30909090909091,0.8610056188220743,1.636125318843633
CHEMBL244_Ki,27734996,cliffA,noncliff,565,0.750098907279787,0.7354659386074671,0.7417805322139793,19.67433628318584,0.7850574115716717,0.8638384261294433
CHEMBL214_Ki,71339737,cliffB_oracle,cliff,16,0.581571254591179,0.6946668160096797,0.6915635127051443,20.125,0.9260132026321624,1.1990767184518385
CHEMBL214_Ki,71339737,cliffB_oracle,noncliff,648,0.644926054277685,0.5645139904999728,0.568802445642105,12.273148148148149,0.7752336663538479,0.4980484346295561
CHEMBL214_Ki,71339737,cliffA,cliff,50,0.6423115551815186,0.7199183190430405,0.7176609692787408,15.68,0.8676478743513073,0.9820422764304196
CHEMBL214_Ki,71339737,cliffA,noncliff,614,0.6434880219646951,0.5548244313534684,0.5594689718621678,12.200325732899023,0.7714717620618209,0.47690309334472447
CHEMBL214_Ki,99182118,cliffB_oracle,cliff,30,0.68557376412533,0.7866526571769583,0.7811943467634649,19.266666666666666,0.9240251651578231,1.2358938505617836
CHEMBL214_Ki,99182118,cliffB_oracle,noncliff,634,0.6636931155852136,0.5495266106921632,0.5533939085382488,11.894321766561514,0.7711195457185748,0.45923320860005634
CHEMBL214_Ki,99182118,cliffA,cliff,49,0.6516061666383408,0.726479848104764,0.7251746078104494,19.387755102040817,0.893072332157604,1.1461656918789342
CHEMBL214_Ki,99182118,cliffA,noncliff,615,0.6657234894951327,0.5468236120139105,0.5506452260424478,11.65691056910569,0.7687089242735489,0.4423878875889779
CHEMBL214_Ki,89709943,cliffB_oracle,cliff,27,0.5688226033290891,0.7173945956936287,0.7154452815655319,17.59259259259259,0.9375994991757497,1.5699106855157736
CHEMBL214_Ki,89709943,cliffB_oracle,noncliff,637,0.6597706498233391,0.5426281672768501,0.5464049014444184,12.397174254317111,0.7778934214747288,0.5874289129204181
CHEMBL214_Ki,89709943,cliffA,cliff,49,0.5871479564676574,0.7226487612338602,0.7191051531751138,18.551020408163264,0.9025628684457689,1.5493733853339158
CHEMBL214_Ki,89709943,cliffA,noncliff,615,0.6615640070901418,0.535380259968298,0.5395175832968317,12.134959349593496,0.7747189712915956,0.5539195287119842
CHEMBL214_Ki,86921808,cliffB_oracle,cliff,29,0.6993836990545895,0.7484759218423103,0.7433084880854113,17.379310344827587,0.9191168071841878,1.1998518914370246
CHEMBL214_Ki,86921808,cliffB_oracle,noncliff,635,0.6918449225857997,0.5584547871216712,0.5627016718971852,11.507086614173229,0.775094855451419,0.4671512157780443
CHEMBL214_Ki,86921808,cliffA,cliff,47,0.6896143478416585,0.7540998521890061,0.751688523486255,18.425531914893618,0.9021015790971607,1.2706425671551957
CHEMBL214_Ki,86921808,cliffA,noncliff,617,0.6923691714197859,0.5518631857777245,0.5561814852152036,11.256077795786062,0.7718879155388975,0.4403833488078406
CHEMBL214_Ki,89165191,cliffB_oracle,cliff,32,0.6740909620793513,0.7694010281235786,0.766661996762223,16.3125,0.9255072983828736,1.3901194242150887
CHEMBL214_Ki,89165191,cliffB_oracle,noncliff,632,0.6563590920761588,0.5712469091394158,0.5768054975228455,11.640822784810126,0.776706751937842,0.45768598924051024
CHEMBL214_Ki,89165191,cliffA,cliff,53,0.6558435479423348,0.7606671259955093,0.7572240515389184,16.943396226415093,0.9035769343928223,1.3156148029925783
CHEMBL214_Ki,89165191,cliffA,noncliff,611,0.6573324859864613,0.564607161049865,0.5705455776176538,11.425531914893616,0.7731834086992909,0.43210111655692085
CHEMBL214_Ki,34332121,cliffB_oracle,cliff,22,0.65752247435278,0.7793729578983133,0.7777186286126139,17.045454545454547,0.9404190209640443,1.3024862588944865
CHEMBL214_Ki,34332121,cliffB_oracle,noncliff,642,0.6477221291032429,0.5487828213238114,0.5531203193133793,11.993769470404985,0.7736594939436692,0.5308205431887365
CHEMBL214_Ki,34332121,cliffA,cliff,47,0.5921215155471362,0.7419054419733836,0.7471838952081331,17.25531914893617,0.9103734791239935,1.1954739117275843
CHEMBL214_Ki,34332121,cliffA,noncliff,617,0.6523069531431566,0.5419620714670979,0.5459996629888985,11.773095623987034,0.7689629901804205,0.507705368835739
CHEMBL214_Ki,57652534,cliffB_oracle,cliff,32,0.6276910444527426,0.723292404444488,0.7238856756435631,17.65625,0.9177040308229425,1.2748066534733304
CHEMBL214_Ki,57652534,cliffB_oracle,noncliff,632,0.6858095739314969,0.5887212852862211,0.5940393204806163,11.764240506329115,0.7760332650926332,0.5176562955147
CHEMBL214_Ki,57652534,cliffA,cliff,57,0.6579574268934798,0.748149893066561,0.7492327030400286,16.63157894736842,0.9031828680440912,1.2436059944323221
CHEMBL214_Ki,57652534,cliffA,noncliff,607,0.6853611051305857,0.5802138923495399,0.5856924531484593,11.617792421746293,0.7712039717387841,0.48940205929784947
CHEMBL214_Ki,65555877,cliffB_oracle,cliff,17,0.553158453174633,0.7418398844924154,0.7504986675751778,19.470588235294116,0.930528108807452,1.4220459119743476
CHEMBL214_Ki,65555877,cliffB_oracle,noncliff,647,0.666347913087627,0.5552627900168181,0.559967601906445,11.534775888717157,0.7695458915358021,0.5110094756459416
CHEMBL214_Ki,65555877,cliffA,cliff,45,0.5818501292856322,0.7152330126575568,0.7238587070328225,16.977777777777778,0.8978681063451878,1.2205966985145102
CHEMBL214_Ki,65555877,cliffA,noncliff,619,0.6693821286814379,0.5482228434910349,0.5527367074758183,11.35702746365105,0.7642350489260046,0.48444436157243154
CHEMBL214_Ki,80882938,cliffB_oracle,cliff,29,0.670482069806764,0.8017256028537567,0.8005492246691145,19.275862068965516,0.9253900861787386,1.3146986436659294
CHEMBL214_Ki,80882938,cliffB_oracle,noncliff,635,0.6406365956776922,0.5474553204868802,0.5527775703789433,11.733858267716535,0.7775081135571943,0.48417452511633596
CHEMBL214_Ki,80882938,cliffA,cliff,40,0.6654997376024441,0.7843881958676425,0.7814507095706364,17.875,0.9162927919261655,1.264286918825767
CHEMBL214_Ki,80882938,cliffA,noncliff,624,0.6404298538071039,0.5438348784445547,0.5494014127313481,11.690705128205128,0.7753346024922475,0.4727653964137093
CHEMBL214_Ki,62569839,cliffB_oracle,cliff,28,0.6690640922611291,0.7681218230213096,0.7611899448682035,17.071428571428573,0.9307064328426653,1.435327578012983
CHEMBL214_Ki,62569839,cliffB_oracle,noncliff,636,0.6563391225817086,0.564525689058197,0.5695491325807709,12.202830188679245,0.7781597461737656,0.493328355467716
CHEMBL214_Ki,62569839,cliffA,cliff,51,0.635444539513836,0.7539134276609885,0.7489683808266631,19.45098039215686,0.9025393925704508,1.39915294013966
CHEMBL214_Ki,62569839,cliffA,noncliff,613,0.6586587357749962,0.5575816839392932,0.5629097660606089,11.822185970636216,0.7745245624202538,0.4609938112801113
CHEMBL214_Ki,69881227,cliffB_oracle,cliff,21,0.6214893151049447,0.7459355298102104,0.7394306862050883,19.571428571428573,0.9222514136945511,1.2841967376771428
CHEMBL214_Ki,69881227,cliffB_oracle,noncliff,643,0.6676628272179035,0.5461709156504772,0.5509145135524582,11.841368584758943,0.7723809211290946,0.5179444172959249
CHEMBL214_Ki,69881227,cliffA,cliff,46,0.6207674511989069,0.7008327798332046,0.6955399648288807,17.869565217391305,0.8860580481817434,1.2623678224938455
CHEMBL214_Ki,69881227,cliffA,noncliff,618,0.6695844187106248,0.5410937176416927,0.5462294159298318,11.655339805825243,0.7687602819977081,0.4885719611290984
CHEMBL214_Ki,86624677,cliffB_oracle,cliff,25,0.6444524170832839,0.8103489196880931,0.8173355950685128,20.4,0.9297179783030327,1.811327942268532
CHEMBL214_Ki,86624677,cliffB_oracle,noncliff,639,0.6553271750098513,0.5698031800382246,0.5734200401330387,11.98904538341158,0.7776283767678656,0.5586779164918949
CHEMBL214_Ki,86624677,cliffA,cliff,44,0.6129569674889016,0.7637227472700139,0.7665057777626384,18.954545454545453,0.9198155780175856,1.7995444355484322
CHEMBL214_Ki,86624677,cliffA,noncliff,620,0.6578955946594603,0.5654901364304301,0.5693140750948272,11.833870967741936,0.7734263274243578,0.5211265032756504
CHEMBL214_Ki,29635333,cliffB_oracle,cliff,25,0.6257687457252872,0.7469479848081177,0.7433849665434725,18.24,0.9241207757279395,1.386366757755387
CHEMBL214_Ki,29635333,cliffB_oracle,noncliff,639,0.6458871632686969,0.5555435859079823,0.5585971745353879,12.256651017214397,0.7743908221605558,0.5273602217753229
CHEMBL214_Ki,29635333,cliffA,cliff,46,0.6325302628446687,0.752496884321257,0.7468247634118622,19.282608695652176,0.8933084234731877,1.4167032678206075
CHEMBL214_Ki,29635333,cliffA,noncliff,618,0.6460675143705094,0.5480176321148356,0.5514866564225082,11.975728155339805,0.771350398179576,0.4959126219070681
CHEMBL214_Ki,73489431,cliffB_oracle,cliff,20,0.682653330535912,0.7514993041790745,0.7535764374159353,20.35,0.9294114584941673,1.4739484872200044
CHEMBL214_Ki,73489431,cliffB_oracle,noncliff,644,0.6548394171037838,0.5366009537889115,0.5412163855936942,11.93944099378882,0.7610463594466027,0.4799436737012214
CHEMBL214_Ki,73489431,cliffA,cliff,40,0.6239168160648619,0.7454996866200877,0.7501158057498627,20.2,0.9001272737546386,1.5013779050585196
CHEMBL214_Ki,73489431,cliffA,noncliff,624,0.6577131067034624,0.5296404352547026,0.5341687427638454,11.679487179487179,0.7572797477975973,0.4463262490475094
CHEMBL214_Ki,72441423,cliffB_oracle,cliff,24,0.6575719035214314,0.7894435494598268,0.7967156447961253,18.0,0.9183629024878236,1.196723337514206
CHEMBL214_Ki,72441423,cliffB_oracle,noncliff,640,0.6774345485932465,0.573773429374199,0.5775868219665512,11.9984375,0.7722978505781521,0.5018988105288791
CHEMBL214_Ki,72441423,cliffA,cliff,48,0.6608636425667753,0.7711258945044995,0.7744335509701491,17.9375,0.8819550130190749,1.1857145398330033
CHEMBL214_Ki,72441423,cliffA,noncliff,616,0.6779519187353684,0.5662218732332509,0.5702238145073897,11.769480519480519,0.7692082503121905,0.4756855534526614
CHEMBL214_Ki,47096259,cliffB_oracle,cliff,33,0.7053041212172338,0.7293553320017767,0.7254964373150932,19.21212121212121,0.925738335333487,1.1544669736965412
CHEMBL214_Ki,47096259,cliffB_oracle,noncliff,631,0.6751552737313525,0.5575075197839545,0.5618387173948914,12.427892234548336,0.7740991672162693,0.5173843658640859
CHEMBL214_Ki,47096259,cliffA,cliff,51,0.6933418492388603,0.6870727211105816,0.686163105814954,17.764705882352942,0.8937264312133764,1.1727755015555654
CHEMBL214_Ki,47096259,cliffA,noncliff,613,0.6752652192715665,0.5558922655348685,0.5602183052361733,12.34910277324633,0.7722079639128481,0.4971539876229857
CHEMBL214_Ki,87118625,cliffB_oracle,cliff,33,0.6467777803624768,0.766210057274888,0.7667395160915795,15.93939393939394,0.9142716269337046,1.4486516364487674
CHEMBL214_Ki,87118625,cliffB_oracle,noncliff,631,0.6647580158955474,0.5553355829335576,0.5581165680190963,11.740095087163233,0.7716371532987941,0.5474869995539375
CHEMBL214_Ki,87118625,cliffA,cliff,45,0.6145452121114112,0.7509394145624986,0.7507317102828239,17.444444444444443,0.9077312324627226,1.499396555672941
CHEMBL214_Ki,87118625,cliffA,noncliff,619,0.6674498226769606,0.5521298181160995,0.5550154826008774,11.549273021001616,0.7691722908076206,0.5263278767626196
CHEMBL214_Ki,58055701,cliffB_oracle,cliff,28,0.7202395706215085,0.798731492092653,0.7858603343827939,18.785714285714285,0.9374865605952083,1.477190976793614
CHEMBL214_Ki,58055701,cliffB_oracle,noncliff,636,0.6356734182558833,0.5757281634504543,0.5804640693097347,12.14622641509434,0.7754755674039013,0.5080111037187496
CHEMBL214_Ki,58055701,cliffA,cliff,49,0.636874681014668,0.7265120170611653,0.7207623104884787,19.816326530612244,0.9024593352899448,1.391679194016949
CHEMBL214_Ki,58055701,cliffA,noncliff,615,0.6394278741763013,0.5737135232656949,0.5784860439651699,11.83739837398374,0.7725074392048528,0.4817302907455536
CHEMBL214_Ki,20237956,cliffB_oracle,cliff,28,0.6612760047204149,0.7558491886374844,0.744563496274723,17.071428571428573,0.935265226633498,1.068128901518168
CHEMBL214_Ki,20237956,cliffB_oracle,noncliff,636,0.6401074245642975,0.5352744710552552,0.5396451665372328,12.378930817610064,0.7707211459115696,0.47111756055078496
CHEMBL214_Ki,20237956,cliffA,cliff,56,0.6804989525507629,0.7119007155412832,0.7042460653295513,14.910714285714286,0.8781334364727587,1.1461733059388375
CHEMBL214_Ki,20237956,cliffA,noncliff,608,0.6373620210727338,0.528745512181942,0.5335292841124172,12.361842105263158,0.7682468857864156,0.43643531680959385
CHEMBL214_Ki,27734996,cliffB_oracle,cliff,25,0.7227524913055252,0.7617835653693106,0.7484413409053096,20.6,0.9280647608755682,1.4742003927667902
CHEMBL214_Ki,27734996,cliffB_oracle,noncliff,639,0.672824007051587,0.5506764958756982,0.5553464225401878,11.935837245696401,0.7745756414791654,0.5247052468612826
CHEMBL214_Ki,27734996,cliffA,cliff,49,0.6683830394646896,0.6742440376937348,0.6693220133958186,17.224489795918366,0.8904549742335093,1.3148555161496507
CHEMBL214_Ki,27734996,cliffA,noncliff,615,0.6752074534224916,0.5493083043057274,0.5540129172711775,11.866666666666667,0.7713346919720302,0.5003475484100756
CHEMBL236_Ki,71339737,cliffB_oracle,cliff,30,0.725589445370257,0.9082852365278532,0.9187487818035319,28.166666666666668,0.8977212820254292,1.3411751663397857
CHEMBL236_Ki,71339737,cliffB_oracle,noncliff,489,0.6581878298049169,0.6981909817890768,0.705060118062285,20.938650306748468,0.7863660565712982,0.7542685514095429
CHEMBL236_Ki,71339737,cliffA,cliff,59,0.6736996063321964,0.8963270852259815,0.9092485042133679,27.372881355932204,0.8932392993891671,1.4530238819517276
CHEMBL236_Ki,71339737,cliffA,noncliff,460,0.6605940333958965,0.6861659762966347,0.6924787455830964,20.58478260869565,0.7797480553154268,0.7029221034658872
CHEMBL236_Ki,99182118,cliffB_oracle,cliff,19,0.8570415568204787,1.019962416585378,1.0283193305038238,25.36842105263158,0.9008116190910584,1.896542867764406
CHEMBL236_Ki,99182118,cliffB_oracle,noncliff,500,0.6410807362559922,0.7211272987286228,0.729302899064303,22.314,0.8029642246827368,0.8713777544903278
CHEMBL236_Ki,99182118,cliffA,cliff,48,0.7373162444410509,0.9735336791140773,0.9909770785900694,28.479166666666668,0.8945385324081864,1.7371060068198039
CHEMBL236_Ki,99182118,cliffA,noncliff,471,0.6399850912407957,0.7071019413882667,0.7143158654697802,21.808917197452228,0.797438154362337,0.8245055273998664
CHEMBL236_Ki,89709943,cliffB_oracle,cliff,21,0.7520584592565053,0.8987854450844182,0.9105090551978198,20.904761904761905,0.8941109866467469,1.3623078971418414
CHEMBL236_Ki,89709943,cliffB_oracle,noncliff,498,0.6550068201599497,0.7109620560615741,0.7177016786098596,21.947791164658636,0.7875629696079476,0.7912375825434543
CHEMBL236_Ki,89709943,cliffA,cliff,46,0.7137103894422127,0.8537043866735011,0.8638288914552319,27.52173913043478,0.8829635886517255,1.3507049522885788
CHEMBL236_Ki,89709943,cliffA,noncliff,473,0.6536066515215642,0.7052499514021648,0.7118783738548706,21.35940803382664,0.7828768691325686,0.7621825668950196
CHEMBL236_Ki,86921808,cliffB_oracle,cliff,26,0.7350821264548881,0.9905153075548226,1.0023703300609028,24.346153846153847,0.8933032767434292,1.31001774392198
CHEMBL236_Ki,86921808,cliffB_oracle,noncliff,493,0.6397359756887516,0.6945517427667156,0.7008230264853792,22.537525354969574,0.787088184218544,0.7714229824763854
CHEMBL236_Ki,86921808,cliffA,cliff,54,0.6928358334638584,0.9590017636396461,0.9712677949868446,29.38888888888889,0.8840870549326328,1.527971853942378
CHEMBL236_Ki,86921808,cliffA,noncliff,465,0.6389007232157705,0.6800467902498709,0.6859248158992217,21.843010752688173,0.7816336762605841,0.7136806700858948
CHEMBL236_Ki,89165191,cliffB_oracle,cliff,21,0.7225810739861729,0.9802598932412675,0.9916065545985143,34.285714285714285,0.9040077199920998,1.4214759849119574
CHEMBL236_Ki,89165191,cliffB_oracle,noncliff,498,0.6574294770558389,0.7199753648654977,0.7271740958950087,21.44176706827309,0.7874949375086582,0.8017347733465744
CHEMBL236_Ki,89165191,cliffA,cliff,57,0.7064533152298338,0.9976544055814067,1.009810827879279,28.87719298245614,0.8873016228404377,1.488585731828493
CHEMBL236_Ki,89165191,cliffA,noncliff,462,0.6543425176610755,0.6966905778432154,0.7034500237819082,21.10822510822511,0.7802090664260535,0.7451634763972315
CHEMBL236_Ki,34332121,cliffB_oracle,cliff,30,0.7717374238625784,0.9306203050961591,0.9431492453138829,29.166666666666668,0.8918100796460445,1.694470331517261
CHEMBL236_Ki,34332121,cliffB_oracle,noncliff,489,0.6643654286114731,0.7304887733828482,0.7377380581036687,20.94683026584867,0.7927246349800247,0.8057037077133564
CHEMBL236_Ki,34332121,cliffA,cliff,58,0.7304984653200234,0.926389206389564,0.9342171598223384,30.82758620689655,0.8912015627620441,1.7078315895137681
CHEMBL236_Ki,34332121,cliffA,noncliff,461,0.6630323347469118,0.7184746945420629,0.7260038601588785,20.238611713665943,0.7865831585868037,0.7500411948493505
CHEMBL236_Ki,57652534,cliffB_oracle,cliff,20,0.7802137426230425,0.9529414275972525,0.9500842728015957,27.95,0.9004434009949568,2.0804879176367796
CHEMBL236_Ki,57652534,cliffB_oracle,noncliff,499,0.6300417055821527,0.6909875965136922,0.6980476136714634,22.31062124248497,0.7952145034007647,0.7753580430931002
CHEMBL236_Ki,57652534,cliffA,cliff,50,0.6741568822579193,0.9039806745396348,0.9040146140762632,32.74,0.8870345066184097,1.9027500806269781
CHEMBL236_Ki,57652534,cliffA,noncliff,469,0.6317425198828553,0.6791482589215132,0.6865429816416225,21.439232409381663,0.7897737545845758,0.7108228525049972
CHEMBL236_Ki,65555877,cliffB_oracle,cliff,28,0.6654733093101635,0.858108237587085,0.8650284968138272,27.25,0.9075251492763369,1.213583364833283
CHEMBL236_Ki,65555877,cliffB_oracle,noncliff,491,0.6546934468298792,0.6984336487177237,0.7058419223079146,21.615071283095723,0.7985581383312478,0.6661812972620131
CHEMBL236_Ki,65555877,cliffA,cliff,55,0.6446016466164249,0.8400709146718368,0.8522715448260206,29.2,0.8870454360543701,1.3044778482160282
CHEMBL236_Ki,65555877,cliffA,noncliff,464,0.6565401820910601,0.6909748596410178,0.6977601129768354,21.05603448275862,0.7944778572788674,0.623554029135989
CHEMBL236_Ki,80882938,cliffB_oracle,cliff,25,0.728750321149246,0.9289454157271276,0.9414277162599356,31.8,0.8920200604246772,1.6827620839969595
CHEMBL236_Ki,80882938,cliffB_oracle,noncliff,494,0.645717474712316,0.6778243094098078,0.6842627538939517,21.012145748987855,0.7976824024287903,0.7428297827423768
CHEMBL236_Ki,80882938,cliffA,cliff,52,0.6534423723107727,0.8893261952955231,0.904568416184197,31.096153846153847,0.8970987683238778,1.6718261002451364
CHEMBL236_Ki,80882938,cliffA,noncliff,467,0.6493023280009743,0.6673352640584206,0.6730921530496337,20.466809421841543,0.7914352700362406,0.6897045129805376
CHEMBL236_Ki,62569839,cliffB_oracle,cliff,26,0.6849905842816574,0.8982219086970419,0.9042131923057651,29.153846153846153,0.8909440157486801,1.8079048173606544
CHEMBL236_Ki,62569839,cliffB_oracle,noncliff,493,0.638699992869137,0.7193074247241459,0.7249799636820183,22.154158215010142,0.7957575537270506,0.8207383700717892
CHEMBL236_Ki,62569839,cliffA,cliff,61,0.6513415015333411,0.8787215210270042,0.8926277973088669,28.34426229508197,0.8936381679526099,1.673323152784052
CHEMBL236_Ki,62569839,cliffA,noncliff,458,0.6396441486512529,0.7079595873837005,0.7125270466640755,21.72707423580786,0.7879368166908162,0.7632245182902662
CHEMBL236_Ki,69881227,cliffB_oracle,cliff,21,0.7052416551837857,0.9866121576101159,0.9981795691236411,26.523809523809526,0.9088336611984851,1.6964801333203892
CHEMBL236_Ki,69881227,cliffB_oracle,noncliff,498,0.6348374786396979,0.715438316788222,0.7212658545127707,21.283132530120483,0.7942568122302194,0.7872356993883938
CHEMBL236_Ki,69881227,cliffA,cliff,47,0.7069900171125629,0.9588063955993325,0.9697602251789343,28.893617021276597,0.8860365201984421,1.608701092096571
CHEMBL236_Ki,69881227,cliffA,noncliff,472,0.6307851871125818,0.7031128896490323,0.7086820617778321,20.758474576271187,0.790163394963754,0.7458909105224775
CHEMBL236_Ki,86624677,cliffB_oracle,cliff,17,0.8419455525347191,1.0654072177518858,1.0703103527977593,30.11764705882353,0.8992263663941752,2.0438085817043694
CHEMBL236_Ki,86624677,cliffB_oracle,noncliff,502,0.6281480903635814,0.7070233822264577,0.7139098913466664,21.593625498007967,0.792952487626268,0.8922422795896624
CHEMBL236_Ki,86624677,cliffA,cliff,43,0.7247862212082928,0.977464433458689,0.984717530221434,30.790697674418606,0.8950970515197155,1.9185820956232498
CHEMBL236_Ki,86624677,cliffA,noncliff,476,0.6270537988312006,0.695243722654003,0.7020249538425251,21.067226890756302,0.787451295480813,0.840654075905851
CHEMBL236_Ki,29635333,cliffB_oracle,cliff,19,0.6670311986147023,0.9294797367708812,0.9389613318921416,31.42105263157895,0.9055146660931669,2.1289825403261946
CHEMBL236_Ki,29635333,cliffB_oracle,noncliff,500,0.6306447126304621,0.6871790351281626,0.6934997744996538,22.17,0.7902436179793974,0.8385111803412586
CHEMBL236_Ki,29635333,cliffA,cliff,47,0.6527539225817999,0.9332418984737401,0.940211987373992,30.085106382978722,0.8783309688990061,1.8490079677897666
CHEMBL236_Ki,29635333,cliffA,noncliff,472,0.6299078701855206,0.6720787287376409,0.6784635393269063,21.75423728813559,0.7860137794131066,0.7898366185396355
CHEMBL236_Ki,73489431,cliffB_oracle,cliff,21,0.7018553696658263,0.8883503066420817,0.8912223048826582,28.333333333333332,0.8873515364457621,1.343461364217171
CHEMBL236_Ki,73489431,cliffB_oracle,noncliff,498,0.6242901437332632,0.6850728777231632,0.6920533963753019,22.162650602409638,0.7902097850237473,0.7564017994666876
CHEMBL236_Ki,73489431,cliffA,cliff,52,0.595762231346335,0.8737725376618729,0.882255065763855,32.53846153846154,0.8876723560011518,1.4097283173118715
CHEMBL236_Ki,73489431,cliffA,noncliff,467,0.6309546430666766,0.6728624012704857,0.679480841904927,21.284796573875802,0.7835400120921113,0.7100533453592155
CHEMBL236_Ki,72441423,cliffB_oracle,cliff,21,0.8489643160005413,0.9691315995897389,0.9767589607567431,29.285714285714285,0.9001033024509104,1.6724721057995862
CHEMBL236_Ki,72441423,cliffB_oracle,noncliff,498,0.6326906558952097,0.6839930851130418,0.690729900374192,20.650602409638555,0.7857864911996117,0.7269374734851604
CHEMBL236_Ki,72441423,cliffA,cliff,52,0.7864254093910841,0.9547897683104989,0.9647233221791024,28.596153846153847,0.8771150513131675,1.661116024568463
CHEMBL236_Ki,72441423,cliffA,noncliff,467,0.6252978072451594,0.665967430943204,0.6723756739469721,20.154175588865098,0.780556130198214,0.6654362799568331
CHEMBL236_Ki,47096259,cliffB_oracle,cliff,18,0.9241718663214604,0.9405350812641213,0.9376964995746374,25.38888888888889,0.8964623280630639,1.2422538080670664
CHEMBL236_Ki,47096259,cliffB_oracle,noncliff,501,0.6408763105115705,0.7038203380492575,0.7111503240237371,21.44111776447106,0.7938454326595664,0.7461690479924904
CHEMBL236_Ki,47096259,cliffA,cliff,56,0.8072677210328243,0.9647144036173988,0.9683885126904507,28.767857142857142,0.8865257015893798,1.5113604430965317
CHEMBL236_Ki,47096259,cliffA,noncliff,463,0.6317648656203994,0.680822110729372,0.6882003075672488,20.70842332613391,0.7864165638977739,0.6729051334255705
CHEMBL236_Ki,87118625,cliffB_oracle,cliff,24,0.6882121871940571,0.9473206268218403,0.96675587289555,24.166666666666668,0.9121155235666443,1.6840584325928039
CHEMBL236_Ki,87118625,cliffB_oracle,noncliff,495,0.6358016691349503,0.6733528875793287,0.6804459845357412,20.638383838383838,0.7947103915069951,0.6788779508047859
CHEMBL236_Ki,87118625,cliffA,cliff,55,0.6935767671678748,0.9043357535391352,0.9185668956446268,25.4,0.880498112301218,1.4632029274438654
CHEMBL236_Ki,87118625,cliffA,noncliff,464,0.6316642166384152,0.6593281006549143,0.666200646342713,20.25646551724138,0.7903611890487554,0.6379004892697925
CHEMBL236_Ki,58055701,cliffB_oracle,cliff,26,0.7274443502901277,0.9786884170996253,0.993917852875133,26.307692307692307,0.8941511013945469,1.5041153130531602
CHEMBL236_Ki,58055701,cliffB_oracle,noncliff,493,0.6502378782999444,0.72248862698309,0.7297862460234213,21.24949290060852,0.7887864286784617,0.7090016825697144
CHEMBL236_Ki,58055701,cliffA,cliff,64,0.6919077962135907,0.9903075117113735,1.0032317788995555,30.453125,0.8708373200667532,1.5178499059624055
CHEMBL236_Ki,58055701,cliffA,noncliff,455,0.648788413520321,0.6988335161939699,0.7057837802764052,20.243956043956043,0.7831165064251153,0.6406646893728735
CHEMBL236_Ki,20237956,cliffB_oracle,cliff,22,0.6461733486524849,0.8995109076101655,0.9074692185752711,28.0,0.9121776155968925,1.4908216521453348
CHEMBL236_Ki,20237956,cliffB_oracle,noncliff,497,0.6119498878178715,0.7184942199670837,0.7260887954594978,22.293762575452718,0.7927035784282883,0.8449883700971372
CHEMBL236_Ki,20237956,cliffA,cliff,40,0.661897092922886,0.925628486565224,0.9391986648539733,27.85,0.890518111169629,1.4611959405543398
CHEMBL236_Ki,20237956,cliffA,noncliff,479,0.6093507812086042,0.7092205054503211,0.7163171888490839,22.091858037578287,0.7899360084025462,0.8231930243492714
CHEMBL236_Ki,27734996,cliffB_oracle,cliff,25,0.7500500585486718,0.9323932392803111,0.9450109418808712,27.08,0.8976982255045765,1.7088509357108017
CHEMBL236_Ki,27734996,cliffB_oracle,noncliff,494,0.6576869613818049,0.7204344554548571,0.7270735807600701,22.410931174089068,0.789022373840572,0.8963036892264755
CHEMBL236_Ki,27734996,cliffA,cliff,44,0.714574998366468,0.9215683411677211,0.9348604263291693,28.545454545454547,0.8911166824022604,1.74008398933816
CHEMBL236_Ki,27734996,cliffA,noncliff,475,0.6572785483330607,0.7127650788334108,0.7190947747621861,22.088421052631578,0.7851881334839539,0.8609086322942524
CHEMBL204_Ki,71339737,cliffB_oracle,cliff,28,0.7185359658138836,0.8307955675580383,0.8333638199503366,19.178571428571427,0.8816242546314805,1.4501754843165704
CHEMBL204_Ki,71339737,cliffB_oracle,noncliff,523,0.7760367255832634,0.7208439442771274,0.7283181619136949,13.24282982791587,0.7805885791849924,0.5956184615733159
CHEMBL204_Ki,71339737,cliffA,cliff,48,0.7528254729396059,0.8693307915640057,0.8757416222711019,19.5,0.8747685966985591,1.4089361198927615
CHEMBL204_Ki,71339737,cliffA,noncliff,503,0.7750508783732294,0.7125812438324239,0.7198792891134304,12.97614314115308,0.7771362487193811,0.5655754179102498
CHEMBL204_Ki,99182118,cliffB_oracle,cliff,21,0.7969877025959261,0.8930396128523502,0.8926411917267193,20.428571428571427,0.886333604187997,1.550817694390241
CHEMBL204_Ki,99182118,cliffB_oracle,noncliff,530,0.8023842397569192,0.7024612713245423,0.7085331112272328,13.028301886792454,0.774915529869742,0.4845663878599409
CHEMBL204_Ki,99182118,cliffA,cliff,51,0.7185021018779134,0.8373367235703025,0.8460071957782163,20.705882352941178,0.8680488489893626,1.342566140037858
CHEMBL204_Ki,99182118,cliffA,noncliff,500,0.8107135632598159,0.696542541093164,0.7020621058329718,12.556,0.7699566415684719,0.4418329680120659
CHEMBL204_Ki,89709943,cliffB_oracle,cliff,28,0.8769621053624733,0.8844809712085617,0.8910008331740192,15.428571428571429,0.8941185515384399,1.2883002921501299
CHEMBL204_Ki,89709943,cliffB_oracle,noncliff,523,0.7607510089980387,0.6757301542536994,0.6823183618320544,13.294455066921605,0.7801604876471303,0.5674672958166115
CHEMBL204_Ki,89709943,cliffA,cliff,56,0.8315660669856649,0.9186289198190395,0.9257779223954435,18.160714285714285,0.8756291456315886,1.5040204868818665
CHEMBL204_Ki,89709943,cliffA,noncliff,495,0.7593131654644976,0.6596361542600835,0.6661552369482894,12.864646464646464,0.7756886638749871,0.5022881952058725
CHEMBL204_Ki,86921808,cliffB_oracle,cliff,21,0.8346399317669695,0.8476636765059143,0.8648665797112871,14.761904761904763,0.883468333901443,1.0978530795065748
CHEMBL204_Ki,86921808,cliffB_oracle,noncliff,530,0.7735120618284363,0.7383254229336991,0.744318209955391,12.828301886792453,0.7808320458039749,0.5698133049010685
CHEMBL204_Ki,86921808,cliffA,cliff,46,0.7901216344254978,0.9136843852254609,0.9233952851900868,16.91304347826087,0.8636187984579555,1.2683928821713524
CHEMBL204_Ki,86921808,cliffA,noncliff,505,0.7745410616883264,0.7265730625662765,0.7326969682121688,12.536633663366336,0.7774657961664265,0.528138403341232
CHEMBL204_Ki,89165191,cliffB_oracle,cliff,29,0.8240279077906143,0.8481818830865214,0.8516278533120688,17.275862068965516,0.8913031526937033,1.6461053812017121
CHEMBL204_Ki,89165191,cliffB_oracle,noncliff,522,0.7533202968374433,0.7110754693040623,0.7180380605751666,13.666666666666666,0.7853484888632765,0.6685113855463707
CHEMBL204_Ki,89165191,cliffA,cliff,60,0.7327394036450624,0.8106853005656111,0.8122237998108307,18.966666666666665,0.8785604641786497,1.5829910319535039
CHEMBL204_Ki,89165191,cliffA,noncliff,491,0.7600114868765163,0.7068281150025726,0.7142651510958254,13.232179226069247,0.7799980997595821,0.614502112816385
CHEMBL204_Ki,34332121,cliffB_oracle,cliff,27,0.6927211413467135,0.8831102000693952,0.8811551905429745,18.85185185185185,0.8807986893230507,1.554153968028057
CHEMBL204_Ki,34332121,cliffB_oracle,noncliff,524,0.7678785050911117,0.7101639677154457,0.7155989252786515,13.181297709923664,0.7772887743556511,0.6362146233822693
CHEMBL204_Ki,34332121,cliffA,cliff,48,0.7368675713615036,0.883862508860083,0.8803953275269021,18.604166666666668,0.8689253316974129,1.538720022231305
CHEMBL204_Ki,34332121,cliffA,noncliff,503,0.7668035070750528,0.7026166802640342,0.7085203076947434,12.968190854870775,0.7739888010052708,0.5993639338408826
CHEMBL204_Ki,57652534,cliffB_oracle,cliff,27,0.8019164089573844,0.9634441545481498,0.9676632931920305,20.333333333333332,0.8847132024731906,1.3396342903536105
CHEMBL204_Ki,57652534,cliffB_oracle,noncliff,524,0.7709669240047036,0.6910514841198567,0.6951493536219594,13.463740458015268,0.7794656148429787,0.5578622794906949
CHEMBL204_Ki,57652534,cliffA,cliff,46,0.7680812428739141,0.9069121429327941,0.9130817102576122,19.304347826086957,0.8803124900102574,1.3727601201403055
CHEMBL204_Ki,57652534,cliffA,noncliff,505,0.7728845030655723,0.6858177682584113,0.689728597449504,13.299009900990098,0.7758126242094846,0.5254316728043912
CHEMBL204_Ki,65555877,cliffB_oracle,cliff,25,0.8536185737874105,0.9745574114449879,0.9736225322011987,20.0,0.8834225491452508,1.627518703393731
CHEMBL204_Ki,65555877,cliffB_oracle,noncliff,526,0.7764605204791132,0.7565165730071172,0.7640489477552219,13.38022813688213,0.7810792227572937,0.5497196153082474
CHEMBL204_Ki,65555877,cliffA,cliff,47,0.8111617873976693,0.9378608787755262,0.9379278256616805,19.21276595744681,0.8716312418578235,1.5652947881964443
CHEMBL204_Ki,65555877,cliffA,noncliff,504,0.7770517740258102,0.750234034336016,0.7580510588994877,13.16468253968254,0.7776081353584676,0.50847545672966
CHEMBL204_Ki,80882938,cliffB_oracle,cliff,21,0.8378060019183567,0.9335094471080005,0.9209908336409124,17.428571428571427,0.8946625162470241,1.7633525207663834
CHEMBL204_Ki,80882938,cliffB_oracle,noncliff,530,0.7629490211396325,0.7249921333463245,0.7332449478366714,13.916981132075472,0.7741136134719213,0.6553589357543029
CHEMBL204_Ki,80882938,cliffA,cliff,47,0.7626062103550022,0.9401699959281201,0.9396067571347114,19.872340425531913,0.8663161479846069,1.6054886881173314
CHEMBL204_Ki,80882938,cliffA,noncliff,504,0.7661000304714399,0.7132651477586982,0.7214732884601501,13.507936507936508,0.7704285579221891,0.6129219653657937
CHEMBL204_Ki,62569839,cliffB_oracle,cliff,30,0.6896801802278686,0.8149769049402803,0.818904761822246,20.866666666666667,0.8933929423118457,1.263244624717143
CHEMBL204_Ki,62569839,cliffB_oracle,noncliff,521,0.7838576330289063,0.7073618446221652,0.7129397276931727,14.047984644913628,0.783490891248645,0.5295251529086457
CHEMBL204_Ki,62569839,cliffA,cliff,62,0.6892094653299218,0.7974590640514209,0.8066812320475422,19.580645161290324,0.8726703176849636,1.2053906005397126
CHEMBL204_Ki,62569839,cliffA,noncliff,489,0.7900802563690003,0.702302669096263,0.7072894653624888,13.764826175869121,0.7787010566839331,0.48884606579438955
CHEMBL204_Ki,69881227,cliffB_oracle,cliff,21,0.7448205411038461,0.8973921607984281,0.9094195887895605,19.523809523809526,0.8837951563482647,1.3279071565627258
CHEMBL204_Ki,69881227,cliffB_oracle,noncliff,530,0.7461595563798997,0.6969499463664758,0.7024414958388041,12.70377358490566,0.7772384923134663,0.5440596790869052
CHEMBL204_Ki,69881227,cliffA,cliff,47,0.713277289787403,0.8561456217571345,0.8623703408601755,19.5531914893617,0.8825272616457346,1.3877381207557018
CHEMBL204_Ki,69881227,cliffA,noncliff,504,0.7491701659216661,0.690229391458283,0.6959320178838994,12.34920634920635,0.7716719990611339,0.4980436280324586
CHEMBL204_Ki,86624677,cliffB_oracle,cliff,25,0.8361142877987682,0.9703709208771538,0.9847261771443578,18.44,0.8853263588302575,1.3993771005165134
CHEMBL204_Ki,86624677,cliffB_oracle,noncliff,526,0.7443904287838304,0.7208368942186547,0.7277680217941102,13.636882129277566,0.7810148733299284,0.5712512086534193
CHEMBL204_Ki,86624677,cliffA,cliff,46,0.7694536792680331,0.9062698105595317,0.9135903302246495,18.652173913043477,0.868473824029855,1.2976535808348277
CHEMBL204_Ki,86624677,cliffA,noncliff,505,0.7466482247305632,0.7161886924230809,0.7234599643822468,13.417821782178217,0.7781440323670715,0.5460801951410085
CHEMBL204_Ki,29635333,cliffB_oracle,cliff,24,0.7923539187755879,0.8769371411014119,0.8819013038883239,22.125,0.8899173457176919,1.5942750014340057
CHEMBL204_Ki,29635333,cliffB_oracle,noncliff,527,0.7663180474065854,0.6831247564062227,0.688369161834735,12.717267552182163,0.7751982532752361,0.6071244284187104
CHEMBL204_Ki,29635333,cliffA,cliff,44,0.7450873264116794,0.8741524959205914,0.8777518951400747,20.65909090909091,0.8773483154287394,1.6433119170501975
CHEMBL204_Ki,29635333,cliffA,noncliff,507,0.7693930230212441,0.6753207578491588,0.6807016590152989,12.47337278106509,0.7715779944059321,0.5639279082068399
CHEMBL204_Ki,73489431,cliffB_oracle,cliff,22,0.7720832180974544,0.9008145955048082,0.9073212988503574,21.454545454545453,0.9033642892327678,1.4702908468831701
CHEMBL204_Ki,73489431,cliffB_oracle,noncliff,529,0.7756139665737095,0.7201643381577986,0.7277471494110199,13.013232514177695,0.7759934509859702,0.5890379649185934
CHEMBL204_Ki,73489431,cliffA,cliff,46,0.8412606091736782,0.9908055837223807,0.9990280361982736,18.195652173913043,0.8738642438076354,1.3952907376455637
CHEMBL204_Ki,73489431,cliffA,noncliff,505,0.7694804576111824,0.7026897162313315,0.7101630473397863,12.908910891089109,0.7724885065975846,0.5539883329538016
CHEMBL204_Ki,72441423,cliffB_oracle,cliff,25,0.6857476816900574,0.8129772246237517,0.8125427358921832,19.04,0.8945742592932662,1.2982318340517829
CHEMBL204_Ki,72441423,cliffB_oracle,noncliff,526,0.7617647004541183,0.7216675098105434,0.7283374627874805,12.950570342205323,0.7819394696009339,0.48913274481380276
CHEMBL204_Ki,72441423,cliffA,cliff,47,0.6562367776249289,0.7937524586053353,0.795051519901793,19.638297872340427,0.8804120512023756,1.200549948337742
CHEMBL204_Ki,72441423,cliffA,noncliff,504,0.7678349125649723,0.7194301621930839,0.7262515744134822,12.628968253968255,0.7782707619228783,0.46292415089579547
CHEMBL204_Ki,47096259,cliffB_oracle,cliff,21,0.7502642087745726,0.8409067170462786,0.8466580585866258,21.333333333333332,0.8811940974012635,1.1189780564679614
CHEMBL204_Ki,47096259,cliffB_oracle,noncliff,530,0.7727491666503383,0.7126466156182781,0.7185599126344199,13.794339622641509,0.784329277841649,0.6478649974572398
CHEMBL204_Ki,47096259,cliffA,cliff,37,0.6840570330425396,0.8477834281548933,0.8572802884388367,21.37837837837838,0.8758377074461368,1.3483604370691127
CHEMBL204_Ki,47096259,cliffA,noncliff,514,0.7782149737088937,0.7079584043705814,0.7135952930413973,13.556420233463035,0.7815820203525958,0.6166880382618816
CHEMBL204_Ki,87118625,cliffB_oracle,cliff,27,0.8730307933569661,0.9022091169265922,0.9159619401427913,17.48148148148148,0.886874261395023,1.1510142158461183
CHEMBL204_Ki,87118625,cliffB_oracle,noncliff,524,0.7564079474907548,0.70123866481992,0.7073191448091193,13.48091603053435,0.7838431586216305,0.557425952746714
CHEMBL204_Ki,87118625,cliffA,cliff,50,0.7963482785728624,0.8811956161309031,0.8945631078112914,17.94,0.8720144341115171,1.1103475762046893
CHEMBL204_Ki,87118625,cliffA,noncliff,501,0.7587069500541925,0.6939197194128114,0.6996780737515385,13.251497005988025,0.780509707802752,0.5342339406325126
CHEMBL204_Ki,58055701,cliffB_oracle,cliff,34,0.8139208502401241,0.9266226430136679,0.9316136429795289,20.794117647058822,0.8813886533194838,1.1364700761366766
CHEMBL204_Ki,58055701,cliffB_oracle,noncliff,517,0.7586258224864919,0.7284862772496079,0.7353790585757108,13.063829787234043,0.7819184289667233,0.5356892965081355
CHEMBL204_Ki,58055701,cliffA,cliff,61,0.764173170373503,0.9179419980488704,0.9284377167606089,19.721311475409838,0.8772411228227057,1.2356443008348341
CHEMBL204_Ki,58055701,cliffA,noncliff,490,0.7617720321242794,0.7183171579821459,0.7246098554542997,12.771428571428572,0.7767861574535986,0.4902388704743432
CHEMBL204_Ki,20237956,cliffB_oracle,cliff,18,0.8656619493807953,0.996093404670526,0.9921755577382816,15.722222222222221,0.879088864628672,1.6367175475105529
CHEMBL204_Ki,20237956,cliffB_oracle,noncliff,533,0.7640034897733378,0.7147287769273066,0.7215497921631026,13.283302063789868,0.781995364404016,0.5677239865653632
CHEMBL204_Ki,20237956,cliffA,cliff,34,0.7805833781059592,0.892960275571493,0.8985693548008118,16.470588235294116,0.8751639295604347,1.5330088883062545
CHEMBL204_Ki,20237956,cliffA,noncliff,517,0.766452495710717,0.7127341724092218,0.7192503906614415,13.158607350096712,0.7791495764054699,0.5414613123638604
CHEMBL204_Ki,27734996,cliffB_oracle,cliff,33,0.7803041675063216,0.8946280856515142,0.8975133888949569,21.0,0.8893433024436957,1.3000124039681344
CHEMBL204_Ki,27734996,cliffB_oracle,noncliff,518,0.7501929301857196,0.7097857781499188,0.7172954928675288,13.214285714285714,0.7806132745261265,0.5527769276633837
CHEMBL204_Ki,27734996,cliffA,cliff,55,0.7857768808213348,0.8765749409491942,0.8829909844122716,21.98181818181818,0.8739056046760402,1.399577228539854
CHEMBL204_Ki,27734996,cliffA,noncliff,496,0.7482504978200363,0.7033957411303604,0.7107132444973506,12.76008064516129,0.7774054008526017,0.5085929642961479
CHEMBL237_Ki,71339737,cliffB_oracle,cliff,23,0.7495795760197478,0.9207427115142474,0.9254405198697964,34.65217391304348,0.8996518693973699,1.7795144885138992
CHEMBL237_Ki,71339737,cliffB_oracle,noncliff,497,0.6628010487803727,0.685794477448173,0.691440749919,20.93360160965795,0.787790764800499,0.7765716945401282
CHEMBL237_Ki,71339737,cliffA,cliff,51,0.6911725691137033,0.854587748052945,0.8639286895845335,29.41176470588235,0.8750121994072115,1.521707166171323
CHEMBL237_Ki,71339737,cliffA,noncliff,469,0.6639715361780397,0.6785277032592305,0.6836972346943426,20.684434968017058,0.7835379580902624,0.7447289977559187
CHEMBL237_Ki,99182118,cliffB_oracle,cliff,20,0.6884423659572497,0.8945565273090572,0.8954041414629851,35.9,0.9158334239325816,1.7787057103704011
CHEMBL237_Ki,99182118,cliffB_oracle,noncliff,500,0.6563890469251371,0.6926747036342628,0.7001662052534315,21.138,0.7740004083664632,0.8059637348914606
CHEMBL237_Ki,99182118,cliffA,cliff,53,0.6518421499808852,0.876231154904521,0.8838281729235403,34.132075471698116,0.8632267596366596,1.5612290818624837
CHEMBL237_Ki,99182118,cliffA,noncliff,467,0.6582778090636545,0.6800283582035344,0.6872121484482654,20.295503211991434,0.7697952165753564,0.7619075809730765
CHEMBL237_Ki,89709943,cliffB_oracle,cliff,25,0.6746759594549525,0.8470524488562579,0.8509840565752479,35.56,0.901693149801766,1.5605597038007233
CHEMBL237_Ki,89709943,cliffB_oracle,noncliff,495,0.6601594110703985,0.6961468031380806,0.7031563259403137,21.99191919191919,0.789537491711883,0.7933714188665737
CHEMBL237_Ki,89709943,cliffA,cliff,68,0.6550078343653358,0.8534332239836131,0.8652391753958218,33.455882352941174,0.8733013836840257,1.4578375006449802
CHEMBL237_Ki,89709943,cliffA,noncliff,452,0.6617373334720759,0.6797419797386925,0.6857962773689837,21.01769911504425,0.7826842850724077,0.7358404754206049
CHEMBL237_Ki,86921808,cliffB_oracle,cliff,17,0.8301043496413163,0.9428632698321633,0.9438091547670325,33.23529411764706,0.9021314519861647,2.1424796125003334
CHEMBL237_Ki,86921808,cliffB_oracle,noncliff,503,0.6693646578211873,0.6955357912586,0.7025209781069063,21.467196819085487,0.7864957006542969,0.8150857561471745
CHEMBL237_Ki,86921808,cliffA,cliff,53,0.7063117522084353,0.8807274773701096,0.8891779456688751,31.77358490566038,0.8735431301861256,1.6737913602009087
CHEMBL237_Ki,86921808,cliffA,noncliff,467,0.6710228564473502,0.6828133599022294,0.6893896396090329,20.72591006423983,0.7804918321904756,0.7659514917856236
CHEMBL237_Ki,89165191,cliffB_oracle,cliff,14,0.7002658935835283,0.9116011676647054,0.9111313810305176,36.714285714285715,0.889059300195844,1.7085883751695632
CHEMBL237_Ki,89165191,cliffB_oracle,noncliff,506,0.6746006733136204,0.6938274178248874,0.6987706084448118,22.23913043478261,0.7854949747892156,0.837235929765663
CHEMBL237_Ki,89165191,cliffA,cliff,41,0.6278621378951332,0.8723955166806502,0.8812416385644339,36.75609756097561,0.8776422246842002,1.7301783961229458
CHEMBL237_Ki,89165191,cliffA,noncliff,479,0.6793513894638014,0.6844579889754822,0.6888840702458982,21.419624217118997,0.7803894118725456,0.7862720323022098
CHEMBL237_Ki,34332121,cliffB_oracle,cliff,17,0.7072755988883263,0.9253713681226599,0.9250179401870012,40.76470588235294,0.8907864480115845,1.538518737149136
CHEMBL237_Ki,34332121,cliffB_oracle,noncliff,503,0.640031188441019,0.7014932000150915,0.7075112871424276,22.944333996023857,0.7900308492184843,0.8270787357965474
CHEMBL237_Ki,34332121,cliffA,cliff,50,0.5864423969976044,0.8340733416581435,0.8398935234356865,36.46,0.8711190208763067,1.3333770529814821
CHEMBL237_Ki,34332121,cliffA,noncliff,470,0.6481643683341572,0.6954741886444409,0.701271652966562,22.151063829787233,0.7849738576485725,0.7989501489109033
CHEMBL237_Ki,57652534,cliffB_oracle,cliff,29,0.6839446227889,0.8680699960215997,0.8750703954823531,36.03448275862069,0.8997199816027431,1.6858774266709835
CHEMBL237_Ki,57652534,cliffB_oracle,noncliff,491,0.6566707233052665,0.7256209050783635,0.7327979150297078,22.584521384928717,0.7925276845702062,0.7853938246314743
CHEMBL237_Ki,57652534,cliffA,cliff,59,0.6381685665193498,0.8700307775867411,0.8823724686917033,34.05084745762712,0.8908791766513365,1.5595934762211239
CHEMBL237_Ki,57652534,cliffA,noncliff,461,0.6607543899764042,0.715690681457005,0.7221667007018094,21.963123644251628,0.7864322967447692,0.7429561782439611
CHEMBL237_Ki,65555877,cliffB_oracle,cliff,22,0.5744290125321313,0.843762568206527,0.8580565650246811,35.18181818181818,0.8962561392703613,1.5495284194630452
CHEMBL237_Ki,65555877,cliffB_oracle,noncliff,498,0.6767259816917335,0.6943043928933339,0.6998318605696406,21.194779116465863,0.7831683749338263,0.7886882030177023
CHEMBL237_Ki,65555877,cliffA,cliff,50,0.6097153240198432,0.8700681553243114,0.8794356666350822,35.42,0.8616881056751197,1.609800250097759
CHEMBL237_Ki,65555877,cliffA,noncliff,470,0.6790664062919107,0.6820819300829815,0.6876113121135048,20.336170212765957,0.7799726955523576,0.7369496549491804
CHEMBL237_Ki,80882938,cliffB_oracle,cliff,29,0.7303752927553405,0.8858163708402474,0.8895655173285822,37.724137931034484,0.9012426410246649,1.4880165897738786
CHEMBL237_Ki,80882938,cliffB_oracle,noncliff,491,0.6678278898290632,0.682716916285608,0.6891082313232914,21.4908350305499,0.7814111178492252,0.817563613020229
CHEMBL237_Ki,80882938,cliffA,cliff,48,0.6661498595875845,0.8849236387917593,0.8892287606728027,37.520833333333336,0.9028968221444238,1.667177433698474
CHEMBL237_Ki,80882938,cliffA,noncliff,472,0.6718414918130737,0.6744211804199326,0.6808636136828063,20.858050847457626,0.7762889447316562,0.7723552929636612
CHEMBL237_Ki,62569839,cliffB_oracle,cliff,25,0.7309916689619862,0.9394880571008457,0.9468048378221323,32.24,0.8797165560271917,1.4177324244622482
CHEMBL237_Ki,62569839,cliffB_oracle,noncliff,495,0.6563727399996836,0.7098511104669761,0.7158178008902296,22.034343434343434,0.7894359040954231,0.7848583974848374
CHEMBL237_Ki,62569839,cliffA,cliff,46,0.6675532689904641,0.9080166954414917,0.9146099565764938,32.108695652173914,0.8716934277347966,1.5572320467942184
CHEMBL237_Ki,62569839,cliffA,noncliff,474,0.6592233072791807,0.7022845336889921,0.708262277934466,21.59493670886076,0.7860125189180308,0.743281736738432
CHEMBL237_Ki,69881227,cliffB_oracle,cliff,29,0.7580284129769868,0.8581094048239519,0.858469033913742,30.379310344827587,0.9082251611156257,1.5652348042448778
CHEMBL237_Ki,69881227,cliffB_oracle,noncliff,491,0.694034016309544,0.7189682313213254,0.7258779423356985,21.073319755600814,0.7855711586355896,0.739358370166888
CHEMBL237_Ki,69881227,cliffA,cliff,52,0.6955111315367825,0.8903547435049937,0.8978518743990022,31.98076923076923,0.8949861840368446,1.563244540364387
CHEMBL237_Ki,69881227,cliffA,noncliff,468,0.6978353571461667,0.7079591915877486,0.7143711639801037,20.438034188034187,0.7807571287282664,0.6989915661882379
CHEMBL237_Ki,86624677,cliffB_oracle,cliff,21,0.685436843355718,0.8313488485354055,0.8350534083133349,34.19047619047619,0.8846917900806799,1.4052304932781745
CHEMBL237_Ki,86624677,cliffB_oracle,noncliff,499,0.6726924507076839,0.7163264231063763,0.721744454595303,21.887775551102205,0.7841093155581992,0.8671679759465131
CHEMBL237_Ki,86624677,cliffA,cliff,55,0.6409818217355138,0.8004883143627224,0.8084171158830025,31.927272727272726,0.8720782328895039,1.3828615572060161
CHEMBL237_Ki,86624677,cliffA,noncliff,465,0.6770187234798949,0.711261358838437,0.7162810487766651,21.255913978494625,0.7778711954477879,0.8304715585157437
CHEMBL237_Ki,29635333,cliffB_oracle,cliff,36,0.6659955831612853,0.8301646266127988,0.8387896934217199,33.0,0.8967455808418276,1.7632210398906363
CHEMBL237_Ki,29635333,cliffB_oracle,noncliff,484,0.6580702319684457,0.6813186130260582,0.6873885928308805,23.051652892561982,0.7844229253907545,0.8765974020066414
CHEMBL237_Ki,29635333,cliffA,cliff,61,0.6302044684423492,0.7927153885748768,0.8007292679627175,34.18032786885246,0.8898976068194926,1.7193655019917518
CHEMBL237_Ki,29635333,cliffA,noncliff,459,0.6623951213323546,0.6780383691462517,0.6840476303610818,22.352941176470587,0.7789655281968859,0.8341346500779531
CHEMBL237_Ki,73489431,cliffB_oracle,cliff,30,0.706939079201075,0.8851009457397104,0.8918458064786658,34.733333333333334,0.8993797912839461,1.38286226434963
CHEMBL237_Ki,73489431,cliffB_oracle,noncliff,490,0.6659799466391861,0.7185483307344357,0.7252038207733431,22.526530612244898,0.7934679142611455,0.7613830415585574
CHEMBL237_Ki,73489431,cliffA,cliff,62,0.6336345502786714,0.8623067932101487,0.8710214213704802,37.645161290322584,0.8938229881219588,1.486671003582835
CHEMBL237_Ki,73489431,cliffA,noncliff,458,0.6730414936942265,0.7093547949989051,0.7157168919802379,21.27947598253275,0.7863208291233839,0.7039082010306688
CHEMBL237_Ki,72441423,cliffB_oracle,cliff,30,0.6222455487288471,0.8783385266305519,0.8876530611461168,37.43333333333333,0.9002346057382916,1.728519015934984
CHEMBL237_Ki,72441423,cliffB_oracle,noncliff,490,0.6415999635474728,0.6836393341572642,0.6908536225648849,22.428571428571427,0.7855139962583192,0.7783472990082912
CHEMBL237_Ki,72441423,cliffA,cliff,61,0.5543989688944102,0.8353187487804783,0.8456286439274036,37.77049180327869,0.8770353109988966,1.6025102093834382
CHEMBL237_Ki,72441423,cliffA,noncliff,459,0.6519237723258564,0.6757424162919461,0.6826654439869296,21.37037037037037,0.7805575566407823,0.730920749934036
CHEMBL237_Ki,47096259,cliffB_oracle,cliff,23,0.6552841983594831,0.8640296440158647,0.8690448917900284,35.47826086956522,0.8933365516325946,1.2884866102178771
CHEMBL237_Ki,47096259,cliffB_oracle,noncliff,497,0.6697169421584312,0.7172684743107338,0.7243532456921323,22.311871227364186,0.7910768992993237,0.733469993851218
CHEMBL237_Ki,47096259,cliffA,cliff,51,0.6022617248961952,0.91769383326985,0.9271143452593545,36.627450980392155,0.901972042888804,1.468040814931128
CHEMBL237_Ki,47096259,cliffA,noncliff,469,0.6763443685400905,0.7020884601118493,0.7088035600653546,21.400852878464818,0.7837516657751589,0.6808095893765012
CHEMBL237_Ki,87118625,cliffB_oracle,cliff,23,0.6342434596662426,0.8791610606565424,0.8779346084005739,34.08695652173913,0.8933103581461761,1.4777124125379821
CHEMBL237_Ki,87118625,cliffB_oracle,noncliff,497,0.6387269291762429,0.6920370772008697,0.6986858021624928,20.209255533199194,0.7817100910091506,0.7482772291227544
CHEMBL237_Ki,87118625,cliffA,cliff,50,0.6177593226396556,0.8648814746119677,0.8693081999347957,36.22,0.8835039305623748,1.5311842860168932
CHEMBL237_Ki,87118625,cliffA,noncliff,470,0.6407381217892202,0.6821771493575188,0.6886667172871762,19.185106382978724,0.7759762595693559,0.70068500864157
CHEMBL237_Ki,58055701,cliffB_oracle,cliff,33,0.6780270514422008,0.8650237384260983,0.867899409743715,34.81818181818182,0.8937183925464574,1.203219078064171
CHEMBL237_Ki,58055701,cliffB_oracle,noncliff,487,0.6537162153023678,0.687013940309148,0.6933995094439227,21.79671457905544,0.7843862939571736,0.6833807317490894
CHEMBL237_Ki,58055701,cliffA,cliff,69,0.631231748662059,0.8363082725187975,0.8429099017210666,35.927536231884055,0.877436500608729,1.3250544576006344
CHEMBL237_Ki,58055701,cliffA,noncliff,451,0.6589350308030238,0.676621955368757,0.6827006353659185,20.587583148558757,0.7777841695310914,0.6232458722028392
CHEMBL237_Ki,20237956,cliffB_oracle,cliff,25,0.6620307099270939,0.8762439768873138,0.8781009539548834,37.52,0.8879052533514069,1.3378805802215223
CHEMBL237_Ki,20237956,cliffB_oracle,noncliff,495,0.6740419188426127,0.7255395335650778,0.731094598041611,21.64040404040404,0.7831736866340977,0.7317963911752717
CHEMBL237_Ki,20237956,cliffA,cliff,48,0.6619768985056028,0.829378001739656,0.837470355274891,34.354166666666664,0.8642287633313934,1.4329214224492903
CHEMBL237_Ki,20237956,cliffA,noncliff,472,0.6746326831504271,0.7227869648109514,0.7278573187444037,21.1885593220339,0.780295056512972,0.6925974573299399
CHEMBL237_Ki,27734996,cliffB_oracle,cliff,20,0.6733969548280726,0.8269501476524592,0.8439546891620768,31.3,0.8991876401459875,1.460297136719694
CHEMBL237_Ki,27734996,cliffB_oracle,noncliff,500,0.6722467634514859,0.7140104877825273,0.71992272119653,22.984,0.7873520429085274,0.8065303556519855
CHEMBL237_Ki,27734996,cliffA,cliff,50,0.6156599201177283,0.8678190342227307,0.8826174068358695,36.34,0.889547480022394,1.6099600635222324
CHEMBL237_Ki,27734996,cliffA,noncliff,470,0.6783155847157831,0.7018863044686622,0.7073019736013155,21.917021276595744,0.7809389627501699,0.748878973158032
CHEMBL264_Ki,71339737,cliffB_oracle,cliff,16,0.6091525040870787,0.6717601476421627,0.6739734609177368,17.875,0.9125851841269346,0.7222506007269023
CHEMBL264_Ki,71339737,cliffB_oracle,noncliff,557,0.6254961608453092,0.6030700612372689,0.6100090978113943,14.314183123877918,0.7636688408100107,0.35184339050600105
CHEMBL264_Ki,71339737,cliffA,cliff,39,0.5394774197897275,0.6799973522164391,0.6836914559338944,20.615384615384617,0.8898578213938848,0.8911626159709837
CHEMBL264_Ki,71339737,cliffA,noncliff,534,0.6312887308697211,0.5993569304448679,0.6063954607858552,13.960674157303371,0.7587104252832523,0.3235532511247279
CHEMBL264_Ki,99182118,cliffB_oracle,cliff,16,0.6081253327141056,0.7272965673257551,0.734084520181373,19.9375,0.9254035813418846,0.7953305949263281
CHEMBL264_Ki,99182118,cliffB_oracle,noncliff,557,0.620217696381208,0.5861023831305643,0.5920949551709631,14.071813285457809,0.7626851190338099,0.4665914029320166
CHEMBL264_Ki,99182118,cliffA,cliff,38,0.5808909042485256,0.7246815001063256,0.7267794491014274,19.13157894736842,0.8793228452686881,1.059920138985829
CHEMBL264_Ki,99182118,cliffA,noncliff,535,0.6226493604604013,0.5803087424793968,0.586610990374834,13.88785046728972,0.7591615386869964,0.4342798797579309
CHEMBL264_Ki,89709943,cliffB_oracle,cliff,12,0.6607835161024304,0.696521091862456,0.7098804983040962,16.5,0.9356050593466284,0.9699845458875798
CHEMBL264_Ki,89709943,cliffB_oracle,noncliff,561,0.6563251479913657,0.5876573005537509,0.5936094217494603,13.60427807486631,0.7548123096623264,0.4013583948228618
CHEMBL264_Ki,89709943,cliffA,cliff,37,0.6435452675081357,0.6289603957840001,0.635927443823748,17.486486486486488,0.8276077913255608,0.7495971062480326
CHEMBL264_Ki,89709943,cliffA,noncliff,536,0.65730715544512,0.5872223024599965,0.5932750807728073,13.401119402985074,0.7537850158871733,0.3900499647669762
CHEMBL264_Ki,86921808,cliffB_oracle,cliff,18,0.647191842570391,0.8518617937853371,0.854732793574737,22.5,0.9096251267668338,1.1445543587219598
CHEMBL264_Ki,86921808,cliffB_oracle,noncliff,555,0.6325930122322414,0.5979683358707751,0.6038281308483006,14.430630630630631,0.7660453945619969,0.4337041732867892
CHEMBL264_Ki,86921808,cliffA,cliff,36,0.610208014481935,0.8011663345418967,0.8050980064566184,19.47222222222222,0.8673851608974867,1.0312303361138486
CHEMBL264_Ki,86921808,cliffA,noncliff,537,0.6345830287408034,0.5927296990202059,0.5986192919306983,14.363128491620111,0.7640152487444577,0.4174739339498411
CHEMBL264_Ki,89165191,cliffB_oracle,cliff,23,0.6814927799731396,0.7378930021776474,0.7402190469444534,20.0,0.9185787441320513,0.8901915178140208
CHEMBL264_Ki,89165191,cliffB_oracle,noncliff,550,0.6094745953010045,0.5641042322473464,0.5689779786357145,14.621818181818181,0.765995977106015,0.4050086505018649
CHEMBL264_Ki,89165191,cliffA,cliff,50,0.5880400330810683,0.6894858524860793,0.6941318146275135,20.06,0.9056241134615037,0.9810230718190885
CHEMBL264_Ki,89165191,cliffA,noncliff,523,0.6146909363305568,0.5595874543079037,0.5643673479627743,14.338432122370937,0.7590933862985088,0.37127726404358274
CHEMBL264_Ki,34332121,cliffB_oracle,cliff,23,0.7007206230757944,0.8525485660462742,0.8556602040361263,19.17391304347826,0.914384349426574,0.9620524214237143
CHEMBL264_Ki,34332121,cliffB_oracle,noncliff,550,0.6193875121981726,0.5753513191147922,0.5814506892894962,14.289090909090909,0.7610062804796223,0.40559440799357505
CHEMBL264_Ki,34332121,cliffA,cliff,42,0.6422475197550059,0.7698750722490366,0.7796184870805495,19.047619047619047,0.891699197467698,0.9936371404238336
CHEMBL264_Ki,34332121,cliffA,noncliff,531,0.6211022791149303,0.5718119484003658,0.577473906906751,14.124293785310735,0.7571376277622273,0.38318525459776026
CHEMBL264_Ki,57652534,cliffB_oracle,cliff,18,0.7209378807090443,0.7532129281294396,0.7645931221252273,16.61111111111111,0.9198207366159967,0.9316343755638
CHEMBL264_Ki,57652534,cliffB_oracle,noncliff,555,0.6520758629506643,0.5993953206102568,0.6070175202626805,14.383783783783784,0.76885357927385,0.4877653242897558
CHEMBL264_Ki,57652534,cliffA,cliff,38,0.6165281542167996,0.735104673867974,0.7479732904207838,18.789473684210527,0.9094153537912357,1.0202221149154038
CHEMBL264_Ki,57652534,cliffA,noncliff,535,0.6569175998694263,0.5947307923125069,0.6020957264492388,14.145794392523365,0.7637286991966976,0.4648798754657523
CHEMBL264_Ki,65555877,cliffB_oracle,cliff,14,0.6270845749749325,0.6175058511069239,0.6099044993557239,17.357142857142858,0.930131336706058,1.1672811166660644
CHEMBL264_Ki,65555877,cliffB_oracle,noncliff,559,0.6196207889063364,0.599156639801608,0.6042448582519796,14.153846153846153,0.7608676690154879,0.41394484915294255
CHEMBL264_Ki,65555877,cliffA,cliff,38,0.5967150880671754,0.71578732367097,0.7151943860675056,16.210526315789473,0.8757380867715758,1.0074594884499883
CHEMBL264_Ki,65555877,cliffA,noncliff,535,0.6214430499097915,0.5911276455155288,0.5962893830951767,14.09158878504673,0.7570303910788274,0.39150214158639296
CHEMBL264_Ki,80882938,cliffB_oracle,cliff,20,0.6706033586404846,0.7082735540162904,0.7153874230991224,19.3,0.9169779054108451,0.8894337010760139
CHEMBL264_Ki,80882938,cliffB_oracle,noncliff,553,0.6281016274973542,0.5922109055392107,0.5986172452002061,14.153707052441229,0.7670483047096827,0.3949323385575554
CHEMBL264_Ki,80882938,cliffA,cliff,34,0.5932438578035237,0.716311040989092,0.7252241578834708,22.323529411764707,0.9220133542052912,0.9166918578882789
CHEMBL264_Ki,80882938,cliffA,noncliff,539,0.6318775065186025,0.5888123394466734,0.5950873130918355,13.829313543599257,0.7629960927952538,0.3803687088601984
CHEMBL264_Ki,62569839,cliffB_oracle,cliff,17,0.6949157576614168,0.7791323946749424,0.783189921702454,16.941176470588236,0.9107744552671291,0.697865969764182
CHEMBL264_Ki,62569839,cliffB_oracle,noncliff,556,0.6125397471883915,0.5807313028333316,0.5876132217913078,14.320143884892087,0.7660838387497171,0.4472813875161789
CHEMBL264_Ki,62569839,cliffA,cliff,37,0.5607890874665902,0.7276060700215162,0.7368780433717813,20.56756756756757,0.9010133379662051,0.8530640563974214
CHEMBL264_Ki,62569839,cliffA,noncliff,536,0.6187247594789664,0.5770492392612794,0.5836733570251393,13.972014925373134,0.7614728358824139,0.4272179157803768
CHEMBL264_Ki,69881227,cliffB_oracle,cliff,17,0.6897243961129371,0.7755173809738987,0.773986331508291,22.235294117647058,0.9206102782945339,0.899590221977334
CHEMBL264_Ki,69881227,cliffB_oracle,noncliff,556,0.6079737218963172,0.6128099559377985,0.6196591339385888,14.586330935251798,0.7745098274138731,0.4251078174140244
CHEMBL264_Ki,69881227,cliffA,cliff,42,0.5602513791222249,0.7164633626098278,0.7214258160513108,25.142857142857142,0.9005256522225477,1.052561500826827
CHEMBL264_Ki,69881227,cliffA,noncliff,531,0.6143656237008265,0.6097215962984766,0.6164477753976367,13.99623352165725,0.7690449305714739,0.390669297968146
CHEMBL264_Ki,86624677,cliffB_oracle,cliff,21,0.642719807636662,0.7125376672874036,0.7217051540639912,20.523809523809526,0.9156596122601011,0.9469495303438371
CHEMBL264_Ki,86624677,cliffB_oracle,noncliff,552,0.6276404881717763,0.5669075189210236,0.5728724037161196,14.476449275362318,0.7649742778192172,0.40367629448095277
CHEMBL264_Ki,86624677,cliffA,cliff,49,0.5713321032353482,0.6602388686930297,0.6693964046160693,21.224489795918366,0.892001433130117,0.9379780945852801
CHEMBL264_Ki,86624677,cliffA,noncliff,524,0.633510290787516,0.5639015605417889,0.5696894904486746,14.087786259541986,0.7589029710990276,0.37548535888554924
CHEMBL264_Ki,29635333,cliffB_oracle,cliff,15,0.6304470850337766,0.6663236929846985,0.6737550711456789,24.533333333333335,0.908107443891204,0.9259729123200913
CHEMBL264_Ki,29635333,cliffB_oracle,noncliff,558,0.6230028902144396,0.5740322792075426,0.5792483120746295,15.028673835125447,0.7541839148879075,0.413225173136235
CHEMBL264_Ki,29635333,cliffA,cliff,40,0.5881669264891202,0.6811052027619977,0.6872568596152363,22.75,0.8735675009924787,0.9156636061030035
CHEMBL264_Ki,29635333,cliffA,noncliff,533,0.6258267203669777,0.5686119436503262,0.5738216480590607,14.716697936210132,0.7496264257169779,0.38994877307823717
CHEMBL264_Ki,73489431,cliffB_oracle,cliff,16,0.6676388469931805,0.6943722584790292,0.6945669978050428,16.9375,0.919766953969537,0.8706099715104927
CHEMBL264_Ki,73489431,cliffB_oracle,noncliff,557,0.6400716129943798,0.5794040367799865,0.584934910092376,14.37342908438061,0.760164874554962,0.4317584847897513
CHEMBL264_Ki,73489431,cliffA,cliff,35,0.6120095112411399,0.6997631662497578,0.7088676596259277,20.914285714285715,0.9036281665069403,1.0469735506764248
CHEMBL264_Ki,73489431,cliffA,noncliff,538,0.6427170577998523,0.5748838882385441,0.580013895177573,14.024163568773234,0.7554647184641314,0.4047865451642834
CHEMBL264_Ki,72441423,cliffB_oracle,cliff,21,0.5853304411791973,0.708112098257893,0.7123286574486462,16.523809523809526,0.9205806597398908,0.6962348267753022
CHEMBL264_Ki,72441423,cliffB_oracle,noncliff,552,0.6170206243359126,0.5651093343413343,0.5704109813983079,14.18659420289855,0.7615006993185591,0.3734890576529679
CHEMBL264_Ki,72441423,cliffA,cliff,40,0.5732409435093178,0.6511446689613216,0.6566937733067286,16.5,0.9039903442949153,0.8321382562365134
CHEMBL264_Ki,72441423,cliffA,noncliff,533,0.6190575725287323,0.5642548404962041,0.5694927738363591,14.105065666041275,0.7569024407801452,0.3517849173306925
CHEMBL264_Ki,47096259,cliffB_oracle,cliff,18,0.6642541651865925,0.7378167024193824,0.7357616638820694,20.38888888888889,0.9215424838782873,0.9263758372779795
CHEMBL264_Ki,47096259,cliffB_oracle,noncliff,555,0.6163737380460919,0.5802378130479146,0.5865157873419807,14.17117117117117,0.7627337794417354,0.4484396706460881
CHEMBL264_Ki,47096259,cliffA,cliff,37,0.5856188158099228,0.7085278393308758,0.7114119369632552,18.864864864864863,0.9052684070962195,0.9546119772531577
CHEMBL264_Ki,47096259,cliffA,noncliff,536,0.6201046705297995,0.5764921052757908,0.582722195659107,14.055970149253731,0.7579980450429942,0.4295487670171934
CHEMBL264_Ki,87118625,cliffB_oracle,cliff,18,0.6639431428777205,0.7691736760393825,0.7607257982744557,19.5,0.9178860673329611,1.0199039797470177
CHEMBL264_Ki,87118625,cliffB_oracle,noncliff,555,0.6413651213545365,0.5762333128589168,0.5820569691717464,14.796396396396396,0.7617016662227425,0.4296282676488693
CHEMBL264_Ki,87118625,cliffA,cliff,32,0.6192571839749612,0.7261845865420966,0.7257953388695274,20.0,0.9037288285106855,1.023695816490283
CHEMBL264_Ki,87118625,cliffA,noncliff,541,0.6434240093093677,0.5737085238672722,0.5794215617308317,14.645101663585953,0.7583996662737325,0.41412882449700505
CHEMBL264_Ki,58055701,cliffB_oracle,cliff,23,0.7571270252085031,0.781676941554032,0.7769322145993872,14.217391304347826,0.9153503765152923,0.623969947557819
CHEMBL264_Ki,58055701,cliffB_oracle,noncliff,550,0.6072399130534902,0.5616292979580685,0.5667832838358412,14.976363636363637,0.7634985925007903,0.4438837152594039
CHEMBL264_Ki,58055701,cliffA,cliff,45,0.6068709789456217,0.7280715127628253,0.7322358795747096,20.177777777777777,0.8997646770899672,0.8908487762421161
CHEMBL264_Ki,58055701,cliffA,noncliff,528,0.6138005297474665,0.5568669374413883,0.5616618301090027,14.5,0.758323332159262,0.4136347675295582
CHEMBL264_Ki,20237956,cliffB_oracle,cliff,23,0.6599331907312601,0.6376990869525562,0.6385585410043734,19.17391304347826,0.9155443373091058,0.8637565101151128
CHEMBL264_Ki,20237956,cliffB_oracle,noncliff,550,0.6410082821437855,0.5894722955440848,0.5959068130892364,15.005454545454546,0.7687043124799394,0.3750023517196593
CHEMBL264_Ki,20237956,cliffA,cliff,40,0.6584829530679407,0.6643464174016228,0.6630942039801309,19.175,0.9033405819085154,0.8281295244454977
CHEMBL264_Ki,20237956,cliffA,noncliff,533,0.6405135092742651,0.5858106476374697,0.5925932094123674,14.872420262664166,0.7648050305264011,0.36208726491677357
CHEMBL264_Ki,27734996,cliffB_oracle,cliff,16,0.7945509365123011,0.7456708818818848,0.760267016661018,12.75,0.9171168353998351,0.7269954922180488
CHEMBL264_Ki,27734996,cliffB_oracle,noncliff,557,0.603677392590604,0.5934051833682787,0.5998219177253498,15.504488330341113,0.7729179331625664,0.4398450885631916
CHEMBL264_Ki,27734996,cliffA,cliff,37,0.6482568697078273,0.6857618735408716,0.6981478923445302,18.91891891891892,0.8904568943583903,0.882894863327617
CHEMBL264_Ki,27734996,cliffA,noncliff,536,0.6062977956678614,0.5915295689128903,0.5977742322990802,15.186567164179104,0.7690139960144802,0.4178330825784788
CHEMBL235_EC50,71339737,cliffB_oracle,cliff,23,0.6608532612435074,0.6443580218962053,0.6467143397940494,15.478260869565217,0.879726280059605,0.9608276587116136
CHEMBL235_EC50,71339737,cliffB_oracle,noncliff,447,0.6515225942230733,0.5732964114748625,0.5785268779775176,14.080536912751677,0.7941504551572101,0.6943407341746578
CHEMBL235_EC50,71339737,cliffA,cliff,41,0.6697124184769621,0.637364679907031,0.6428554066575164,14.902439024390244,0.8548463937025983,0.9908345633863264
CHEMBL235_EC50,71339737,cliffA,noncliff,429,0.6502844183420955,0.5708581265460467,0.5758999540116705,14.076923076923077,0.79287210255867,0.6802916718592068
CHEMBL235_EC50,99182118,cliffB_oracle,cliff,14,0.7904564447062187,0.8469888145270523,0.8429057705562492,14.785714285714286,0.8666441979666631,1.5513451401094653
CHEMBL235_EC50,99182118,cliffB_oracle,noncliff,456,0.6738367493359008,0.5680491598259445,0.571530857776131,13.964912280701755,0.7922400260647509,0.6477283937909366
CHEMBL235_EC50,99182118,cliffA,cliff,32,0.7394532011335672,0.8327524060493379,0.8300800557321146,19.875,0.8659023047263481,1.5626412682809758
CHEMBL235_EC50,99182118,cliffA,noncliff,438,0.6727704234858074,0.5569950467186006,0.5606971397236619,13.559360730593607,0.7890547124798977,0.6097681711077816
CHEMBL235_EC50,89709943,cliffB_oracle,cliff,17,0.6956610669886099,0.8090739328151312,0.8198524871818672,18.470588235294116,0.8716665416142741,1.5646473649721182
CHEMBL235_EC50,89709943,cliffB_oracle,noncliff,453,0.6695665497838241,0.5694094228825343,0.572091420124989,14.43046357615894,0.7871064783091002,0.728331826116744
CHEMBL235_EC50,89709943,cliffA,cliff,35,0.6907579407738753,0.8534392144763505,0.8589365354487265,21.6,0.8717855956298953,1.7616914227673146
CHEMBL235_EC50,89709943,cliffA,noncliff,435,0.6688812810661909,0.5553404875421759,0.5581162621001357,14.011494252873563,0.783446411090779,0.6778715462955288
CHEMBL235_EC50,86921808,cliffB_oracle,cliff,18,0.7066427133005114,0.7822421713520379,0.7948618210863888,16.88888888888889,0.8861138678347937,0.8735890148979062
CHEMBL235_EC50,86921808,cliffB_oracle,noncliff,452,0.6335096887755485,0.5870813124669847,0.5921761807367397,13.95796460176991,0.7923293461057214,0.6390013704839997
CHEMBL235_EC50,86921808,cliffA,cliff,31,0.7185653786131984,0.8693279366904689,0.8807420170421552,21.548387096774192,0.8741517839306681,1.1116685712459369
CHEMBL235_EC50,86921808,cliffA,noncliff,439,0.6305020989269886,0.5748744362641943,0.5798283965894805,13.542141230068337,0.7903517839111991,0.6152425877410163
CHEMBL235_EC50,89165191,cliffB_oracle,cliff,26,0.7661538515399258,0.8704986982729633,0.8851167107879648,18.96153846153846,0.8848099234023172,1.457081859908976
CHEMBL235_EC50,89165191,cliffB_oracle,noncliff,444,0.6629390094792551,0.6118364034192078,0.6168721122806642,14.17117117117117,0.7967894333825293,0.7048715708408652
CHEMBL235_EC50,89165191,cliffA,cliff,45,0.77141098187897,0.8927612087053451,0.9004156418570858,18.644444444444446,0.8709096758192928,1.4715472411251338
CHEMBL235_EC50,89165191,cliffA,noncliff,425,0.6577680615629968,0.5974762175656192,0.6028306091987488,13.990588235294117,0.7942484669525781,0.6697117175537565
CHEMBL235_EC50,34332121,cliffB_oracle,cliff,18,0.743922359788487,0.7933264451736961,0.7883463275900743,17.055555555555557,0.8805379932318472,0.8623068513430989
CHEMBL235_EC50,34332121,cliffB_oracle,noncliff,452,0.6634851345455708,0.58796887200864,0.5919524619522917,14.369469026548673,0.7881661508969372,0.6608074229203431
CHEMBL235_EC50,34332121,cliffA,cliff,39,0.7399403201995991,0.8323512772002735,0.8283825074396843,19.871794871794872,0.8769552392723303,1.3252644002562102
CHEMBL235_EC50,34332121,cliffA,noncliff,431,0.6599262431624277,0.5742001649142777,0.5785306586344571,13.983758700696056,0.7839511454874876,0.6090978349748923
CHEMBL235_EC50,57652534,cliffB_oracle,cliff,14,0.9174784541448686,1.0048241808719467,1.0169099475391814,21.285714285714285,0.8799773383888235,1.913492114668817
CHEMBL235_EC50,57652534,cliffB_oracle,noncliff,456,0.6792169269243226,0.5808075033650839,0.5859624399981055,13.868421052631579,0.780385406783391,0.7090319868296157
CHEMBL235_EC50,57652534,cliffA,cliff,34,0.8022841673455127,0.9258736037185421,0.9378125611218124,20.323529411764707,0.8494043439022586,1.6078792873275118
CHEMBL235_EC50,57652534,cliffA,noncliff,436,0.6772705397838802,0.5667735713386396,0.5716049605486359,13.603211009174313,0.7780794580677362,0.677613715207644
CHEMBL235_EC50,65555877,cliffB_oracle,cliff,23,0.6841574965564837,0.8119584433349931,0.8103519611422196,19.130434782608695,0.8938759355689762,1.167881658888223
CHEMBL235_EC50,65555877,cliffB_oracle,noncliff,447,0.63408065372783,0.5779531464731001,0.5850898284170406,14.208053691275168,0.789788138864828,0.6594210402020175
CHEMBL235_EC50,65555877,cliffA,cliff,41,0.7260763415456046,0.8918055826248588,0.8958660808689536,23.73170731707317,0.8825746213740353,1.3915293227729904
CHEMBL235_EC50,65555877,cliffA,noncliff,429,0.6279732975146138,0.5598276548159608,0.5667828131680107,13.561771561771561,0.7863735469551862,0.6167127759697864
CHEMBL235_EC50,80882938,cliffB_oracle,cliff,20,0.8658550829511992,0.9662869325001913,0.9718271580188942,24.9,0.8808399293848239,1.7314410255649526
CHEMBL235_EC50,80882938,cliffB_oracle,noncliff,450,0.6408186144581491,0.5823035632526348,0.588049495056101,13.882222222222222,0.7918424628673748,0.52680085815151
CHEMBL235_EC50,80882938,cliffA,cliff,44,0.7536151269385066,0.8352523601183703,0.8393781151806083,20.795454545454547,0.8538682848366697,1.2442662414022934
CHEMBL235_EC50,80882938,cliffA,noncliff,426,0.6397333628636075,0.5750874306952579,0.5809900617571466,13.685446009389672,0.7898200726900183,0.509252328774126
CHEMBL235_EC50,62569839,cliffB_oracle,cliff,23,0.7430913322754806,0.8083456591757469,0.8098540770319644,14.91304347826087,0.8770497706915947,1.1157759235774267
CHEMBL235_EC50,62569839,cliffB_oracle,noncliff,447,0.6569663533878276,0.6043426679106166,0.6096741052713485,14.809843400447427,0.7991733091704168,0.6773160413941286
CHEMBL235_EC50,62569839,cliffA,cliff,42,0.7375524602469636,0.8357636266871877,0.8364552540930047,19.714285714285715,0.8667712711615942,1.3819558281953195
CHEMBL235_EC50,62569839,cliffA,noncliff,428,0.6536865824213143,0.5918361717177858,0.5974336353708126,14.33411214953271,0.7965664539747891,0.6317312429001235
CHEMBL235_EC50,69881227,cliffB_oracle,cliff,24,0.7576262731993902,0.8076716694601748,0.8006016040866027,18.958333333333332,0.8803716822459032,1.331501475050018
CHEMBL235_EC50,69881227,cliffB_oracle,noncliff,446,0.6131878757429126,0.5544168883575294,0.5590737900312753,14.210762331838565,0.7910048401334189,0.6589953594984808
CHEMBL235_EC50,69881227,cliffA,cliff,37,0.765471454278902,0.8190345133320749,0.8157913804349699,20.72972972972973,0.866156013572845,1.3239175584910052
CHEMBL235_EC50,69881227,cliffA,noncliff,433,0.6081810146184873,0.5454705332307952,0.5501535892900492,13.916859122401847,0.7894728179489392,0.6394526930100592
CHEMBL235_EC50,86624677,cliffB_oracle,cliff,17,0.6261868040504802,0.7488699714278768,0.7601610288718793,18.058823529411764,0.880630120306419,1.2968103429811357
CHEMBL235_EC50,86624677,cliffB_oracle,noncliff,453,0.6517548547885254,0.5995215152001182,0.6029210364061274,15.026490066225165,0.7959840410740756,0.8040492599610273
CHEMBL235_EC50,86624677,cliffA,cliff,39,0.6631598327677485,0.8066174028690106,0.8138820600379374,21.94871794871795,0.8833269206694467,1.6307470886256066
CHEMBL235_EC50,86624677,cliffA,noncliff,431,0.6497143652206914,0.5862731518909917,0.5896329980096613,14.519721577726218,0.7912773689274973,0.7486797079736103
CHEMBL235_EC50,29635333,cliffB_oracle,cliff,15,0.8677548189321107,0.841350570989175,0.8415022024998744,18.666666666666668,0.880529398825342,1.2641168013494806
CHEMBL235_EC50,29635333,cliffB_oracle,noncliff,455,0.6606030355897776,0.5666625961369287,0.5717473226361338,13.74065934065934,0.7859300918659848,0.6547366294417616
CHEMBL235_EC50,29635333,cliffA,cliff,30,0.7265491354195515,0.7707427499097037,0.773328858130881,17.533333333333335,0.8571171019204683,1.2049215634754806
CHEMBL235_EC50,29635333,cliffA,noncliff,440,0.6631687032153272,0.5629033398094428,0.5679785495326035,13.65,0.7845757364953829,0.6379983443454075
CHEMBL235_EC50,73489431,cliffB_oracle,cliff,20,0.6670669416050901,0.7641307181843424,0.7907626989605026,14.25,0.8823391604232251,0.8746357571225218
CHEMBL235_EC50,73489431,cliffB_oracle,noncliff,450,0.6654266079247961,0.6098116708007411,0.6154447689598967,14.06,0.7984136087448772,0.741014095124151
CHEMBL235_EC50,73489431,cliffA,cliff,36,0.7282649878944457,0.840354241928694,0.8540884398529489,18.166666666666668,0.8822245555740532,1.3266888880702705
CHEMBL235_EC50,73489431,cliffA,noncliff,434,0.6602897991568202,0.5974288878721561,0.6033668270308283,13.728110599078342,0.7952338390244892,0.6985904561700197
CHEMBL235_EC50,72441423,cliffB_oracle,cliff,25,0.7040940121956936,0.7784078819993876,0.7776527382649786,16.92,0.8775679506520402,1.3433277428649442
CHEMBL235_EC50,72441423,cliffB_oracle,noncliff,445,0.6375706418890483,0.5707590068598344,0.574484584871087,14.570786516853932,0.7945927949829792,0.6787788053035786
CHEMBL235_EC50,72441423,cliffA,cliff,49,0.706342785114638,0.8318295424634072,0.8334929623281554,20.816326530612244,0.8619818078817413,1.4382587787650793
CHEMBL235_EC50,72441423,cliffA,noncliff,421,0.633516602078151,0.5521285304723681,0.5558272156050353,13.983372921615201,0.791583768658683,0.6298457999340312
CHEMBL235_EC50,47096259,cliffB_oracle,cliff,13,0.7792822587747904,0.9594358793689872,0.9652160692252133,23.23076923076923,0.8908126712516385,1.5924289086919734
CHEMBL235_EC50,47096259,cliffB_oracle,noncliff,457,0.6338382678855259,0.5790852035995694,0.5836568692257508,14.190371991247265,0.7955769036207995,0.615336613418595
CHEMBL235_EC50,47096259,cliffA,cliff,32,0.6815998971727324,0.8331543421453664,0.8403156947677904,21.875,0.8617939513850688,1.2735718258737223
CHEMBL235_EC50,47096259,cliffA,noncliff,438,0.6346656645621692,0.5714273823292254,0.575837607645577,13.897260273972602,0.7934594023004731,0.5962468258386633
CHEMBL235_EC50,87118625,cliffB_oracle,cliff,16,0.6242107068208947,0.738462497558453,0.7470718754511554,18.75,0.8820945469963315,0.7942059164359057
CHEMBL235_EC50,87118625,cliffB_oracle,noncliff,454,0.660724342686536,0.5939784339610837,0.5976032094467945,14.863436123348018,0.7999025682262305,0.6730256014060797
CHEMBL235_EC50,87118625,cliffA,cliff,44,0.669499189424474,0.7365931812674812,0.7425253343916421,16.636363636363637,0.8620705713932743,0.9207323227782439
CHEMBL235_EC50,87118625,cliffA,noncliff,426,0.6584466163242837,0.584288204464938,0.5878597501766147,14.826291079812206,0.7964299020183373,0.651992242955615
CHEMBL235_EC50,58055701,cliffB_oracle,cliff,22,0.792756290691096,0.928120558258717,0.9264620273879676,24.0,0.8772856257422057,1.6493313316804092
CHEMBL235_EC50,58055701,cliffB_oracle,noncliff,448,0.6458733483434973,0.5782123925584107,0.5847483216018207,14.613839285714286,0.7959389008566272,0.7510445518876802
CHEMBL235_EC50,58055701,cliffA,cliff,37,0.709557897720147,0.8484225921623694,0.8507189235702383,23.89189189189189,0.8590669786728033,1.576623489295205
CHEMBL235_EC50,58055701,cliffA,noncliff,433,0.6478943562065715,0.5727366836537925,0.579216867445782,14.297921478060045,0.7946386367334944,0.7261389825374762
CHEMBL235_EC50,20237956,cliffB_oracle,cliff,22,0.8093500862309668,0.8256210408794719,0.8225567307831718,19.727272727272727,0.8803536230539912,1.5150492420594681
CHEMBL235_EC50,20237956,cliffB_oracle,noncliff,448,0.6295715520488155,0.5852478928163609,0.5911169975286281,14.28125,0.7857791181231378,0.7312885243364191
CHEMBL235_EC50,20237956,cliffA,cliff,33,0.7442929394499013,0.8386780215178511,0.8352655909463926,20.151515151515152,0.8785991642118558,1.6022406801990718
CHEMBL235_EC50,20237956,cliffA,noncliff,437,0.6299590165059584,0.5779611985278283,0.5840903874547271,14.11212814645309,0.7834511029277613,0.7049757432069903
CHEMBL235_EC50,27734996,cliffB_oracle,cliff,17,0.908918014314218,0.9895799014523241,0.992937301141577,16.294117647058822,0.877814684738999,1.660983596634729
CHEMBL235_EC50,27734996,cliffB_oracle,noncliff,453,0.6568390309174513,0.5896555854717087,0.5933871950576434,13.748344370860927,0.7878155425402369,0.6524668183076587
CHEMBL235_EC50,27734996,cliffA,cliff,30,0.8402770092081934,0.8693505625571567,0.8699480831223146,17.5,0.8709482715430842,1.4967444716071983
CHEMBL235_EC50,27734996,cliffA,noncliff,440,0.6540713113015941,0.5859443128822147,0.5898802607021347,13.590909090909092,0.7855684645619002,0.6338678538362359
CHEMBL239_EC50,71339737,cliffB_oracle,cliff,24,0.7995043549113947,0.9401987446662262,0.9350756711425904,22.75,0.8883477222725538,1.4166345457573284
CHEMBL239_EC50,71339737,cliffB_oracle,noncliff,320,0.7034915086474449,0.6261939748300539,0.6322418994720671,14.54375,0.7754452766855641,0.6368220377419456
CHEMBL239_EC50,71339737,cliffA,cliff,36,0.7418732995992975,0.9027545843606659,0.9043132217572867,22.416666666666668,0.881837525507168,1.2807202230729724
CHEMBL239_EC50,71339737,cliffA,noncliff,308,0.7064868457775363,0.6180729430614839,0.62376352000168,14.262987012987013,0.771685336204054,0.6223258218992579
CHEMBL239_EC50,99182118,cliffB_oracle,cliff,17,0.6885166705508381,0.7358853209255971,0.7366831050511106,20.529411764705884,0.886859927998679,1.1784441385218145
CHEMBL239_EC50,99182118,cliffB_oracle,noncliff,327,0.7175873206594384,0.6343513127809893,0.6379846467930554,14.73394495412844,0.7843487575311178,0.7033479915623286
CHEMBL239_EC50,99182118,cliffA,cliff,42,0.7168703074956545,0.7938370357576597,0.7983957029394992,21.357142857142858,0.8531625126588319,1.2831467654499407
CHEMBL239_EC50,99182118,cliffA,noncliff,302,0.7160506103979574,0.6173809297551809,0.6207171021931791,14.139072847682119,0.780432416857345,0.6494575478372675
CHEMBL239_EC50,89709943,cliffB_oracle,cliff,26,0.6880826261983514,0.7500601433718176,0.7508817030556684,21.73076923076923,0.8802440118128968,1.1560269296942773
CHEMBL239_EC50,89709943,cliffB_oracle,noncliff,318,0.669990885677371,0.597830476989378,0.6035666685032566,14.949685534591195,0.7797944322887151,0.8050440945285829
CHEMBL239_EC50,89709943,cliffA,cliff,36,0.6774410121285601,0.7534130051448926,0.757536342598061,21.833333333333332,0.8811821181967011,1.2435456797333433
CHEMBL239_EC50,89709943,cliffA,noncliff,308,0.6706473165257564,0.5928054190180956,0.598300628993272,14.717532467532468,0.7766292973591515,0.7834190836420137
CHEMBL239_EC50,86921808,cliffB_oracle,cliff,24,0.6802333120351322,0.7441813526675837,0.7452916120290093,18.75,0.8844970903316801,1.1238263537082878
CHEMBL239_EC50,86921808,cliffB_oracle,noncliff,320,0.6631056045061288,0.6013900050745852,0.6054418207032843,14.803125,0.7787380831609243,0.7576030277462527
CHEMBL239_EC50,86921808,cliffA,cliff,40,0.6678941109591131,0.7223469271224029,0.7214744210883867,21.175,0.8808922351264474,1.3491810358433234
CHEMBL239_EC50,86921808,cliffA,noncliff,304,0.6638277253040784,0.596622151899988,0.6011009118398158,14.276315789473685,0.7735085226659149,0.7086761839936409
CHEMBL239_EC50,89165191,cliffB_oracle,cliff,28,0.8194767216599725,0.8557629923891642,0.8576489820222676,17.892857142857142,0.881180570791532,1.111106010815
CHEMBL239_EC50,89165191,cliffB_oracle,noncliff,316,0.6829856689150375,0.6251067321871373,0.6303426627107191,13.85126582278481,0.7798544538655983,0.6210766066503957
CHEMBL239_EC50,89165191,cliffA,cliff,47,0.7426076480601046,0.8119758124774261,0.817644845501477,21.23404255319149,0.8773576609945033,0.9999701899444464
CHEMBL239_EC50,89165191,cliffA,noncliff,297,0.6864183842586066,0.6169792095018686,0.6218159995972846,13.063973063973064,0.773751238966534,0.6073150743331853
CHEMBL239_EC50,34332121,cliffB_oracle,cliff,16,0.706892369724312,0.7688893811643247,0.7710896378412708,15.6875,0.8942987864036961,1.1240638432648145
CHEMBL239_EC50,34332121,cliffB_oracle,noncliff,328,0.7140049834683249,0.6405563586913281,0.6439455232780347,14.213414634146341,0.7813125436047268,0.6944283032706847
CHEMBL239_EC50,34332121,cliffA,cliff,37,0.7027829835276529,0.792607852907487,0.7934179198868514,20.43243243243243,0.8789842953115613,1.1409382465807838
CHEMBL239_EC50,34332121,cliffA,noncliff,307,0.7149867820934085,0.6286079408771812,0.6322526375204612,13.54071661237785,0.7752721592289095,0.6630058301027121
CHEMBL239_EC50,57652534,cliffB_oracle,cliff,22,0.7638408420477176,0.7654827009239465,0.7614141233523651,20.318181818181817,0.8940022305732768,1.0834572221598175
CHEMBL239_EC50,57652534,cliffB_oracle,noncliff,322,0.6866391200887071,0.6104965617327023,0.6147084117664424,14.872670807453416,0.7757583151781735,0.613695670588012
CHEMBL239_EC50,57652534,cliffA,cliff,50,0.713657352471495,0.7520934128022922,0.7518587207545835,22.9,0.8632604316362722,1.0749955376323703
CHEMBL239_EC50,57652534,cliffA,noncliff,294,0.687821182211016,0.5974818543168434,0.6018361075305675,13.914965986394558,0.7694684581419583,0.5703955371946847
CHEMBL239_EC50,65555877,cliffB_oracle,cliff,21,0.7593778473584116,0.7575384393935578,0.7546654629371379,16.904761904761905,0.8938987655552547,1.0221846398855108
CHEMBL239_EC50,65555877,cliffB_oracle,noncliff,323,0.7174882079020395,0.6352726431675175,0.6396324978111861,14.284829721362229,0.7757796274148588,0.6016685415568391
CHEMBL239_EC50,65555877,cliffA,cliff,41,0.7072376018538111,0.756165947586499,0.7585520417964238,18.585365853658537,0.8667843104070759,0.931740259903207
CHEMBL239_EC50,65555877,cliffA,noncliff,303,0.7217784959434955,0.6270909864537114,0.6312078093325911,13.884488448844884,0.7714964421349527,0.5861500518297799
CHEMBL239_EC50,80882938,cliffB_oracle,cliff,27,0.7861823401623577,0.8854099342660928,0.8788620870271616,18.40740740740741,0.8816187439540266,1.1690732814345677
CHEMBL239_EC50,80882938,cliffB_oracle,noncliff,317,0.704289727793761,0.6341773173773033,0.6387318596679835,14.782334384858045,0.7757419639545075,0.7697313881861705
CHEMBL239_EC50,80882938,cliffA,cliff,42,0.7511968790031291,0.821496375297019,0.8206281336698577,19.428571428571427,0.8710351543699231,1.085674275110326
CHEMBL239_EC50,80882938,cliffA,noncliff,302,0.7050877416452798,0.6305023350836398,0.6348127838395737,14.460264900662251,0.7718652150139635,0.761495063242105
CHEMBL239_EC50,62569839,cliffB_oracle,cliff,28,0.7435711594185365,0.8301080600316517,0.8365953428200913,19.571428571428573,0.8847171770354336,1.0507343502015465
CHEMBL239_EC50,62569839,cliffB_oracle,noncliff,316,0.7046503973123145,0.6519911342419833,0.6581684127791627,14.215189873417721,0.7765143547151298,0.6164230976585726
CHEMBL239_EC50,62569839,cliffA,cliff,46,0.7085478270463136,0.8022897071391814,0.810426136457994,20.434782608695652,0.8708792590603223,1.001582945663188
CHEMBL239_EC50,62569839,cliffA,noncliff,298,0.7077057650009394,0.645207822864658,0.6510983379619788,13.758389261744966,0.7718977822682624,0.5977766616283409
CHEMBL239_EC50,69881227,cliffB_oracle,cliff,19,0.7932434927324474,0.7825780877222996,0.7735950697966182,17.263157894736842,0.8749326277263842,1.2271756089240233
CHEMBL239_EC50,69881227,cliffB_oracle,noncliff,325,0.6929604513811639,0.6451432114494196,0.6489883759007625,15.649230769230769,0.783250458150286,0.7091780235024047
CHEMBL239_EC50,69881227,cliffA,cliff,38,0.7075064458536564,0.768045340923527,0.7654431668755022,22.026315789473685,0.8731068574872223,1.3404006207641381
CHEMBL239_EC50,69881227,cliffA,noncliff,306,0.6973808108443001,0.6381158453373671,0.6419653217266369,14.957516339869281,0.7775419873214201,0.6629541523490221
CHEMBL239_EC50,86624677,cliffB_oracle,cliff,20,0.8618826885016121,0.8866684767763342,0.8897636934855994,12.7,0.8916441121719215,0.7008139102000955
CHEMBL239_EC50,86624677,cliffB_oracle,noncliff,324,0.7029454149703352,0.6306360133148546,0.6336466617181857,14.583333333333334,0.7686200122130034,0.6712351675750097
CHEMBL239_EC50,86624677,cliffA,cliff,32,0.7856076670880838,0.8468403152526403,0.8537960622721879,15.1875,0.8621032992034863,0.8807644080630102
CHEMBL239_EC50,86624677,cliffA,noncliff,312,0.7046555220307763,0.6245207466727475,0.6271077495332205,14.400641025641026,0.7668139469595439,0.6516410623086176
CHEMBL239_EC50,29635333,cliffB_oracle,cliff,23,0.7739323202536881,0.8263955095090556,0.8337649540882456,21.17391304347826,0.8824195431359455,1.48347041727428
CHEMBL239_EC50,29635333,cliffB_oracle,noncliff,321,0.711896355602161,0.6734046658353422,0.6791840911836868,15.137071651090343,0.7788371715368395,0.8162426344801572
CHEMBL239_EC50,29635333,cliffA,cliff,42,0.7476260057264373,0.8127284126200264,0.8234975990735345,19.071428571428573,0.8661194540856695,1.3175155259693154
CHEMBL239_EC50,29635333,cliffA,noncliff,302,0.7116519247470801,0.666296844150595,0.6715121864473925,15.049668874172186,0.7750001585431586,0.7973445469361842
CHEMBL239_EC50,73489431,cliffB_oracle,cliff,6,0.7306299010425118,0.7166468659289431,0.7124445786071617,19.666666666666668,0.88720737576411,1.0575060599324988
CHEMBL239_EC50,73489431,cliffB_oracle,noncliff,338,0.7083423570990934,0.6428920099792617,0.6481499231328828,15.281065088757396,0.7790625093484824,0.7649088629821779
CHEMBL239_EC50,73489431,cliffA,cliff,26,0.6725092582033626,0.7734561446475534,0.7833508102813406,18.576923076923077,0.8597526754336496,1.147715145662528
CHEMBL239_EC50,73489431,cliffA,noncliff,318,0.7116926270203182,0.6333071451556335,0.6379893545192002,15.09433962264151,0.7743577199987404,0.7391309379256145
CHEMBL239_EC50,72441423,cliffB_oracle,cliff,23,0.8014808255940872,0.8436640733596945,0.8438887028968504,21.043478260869566,0.8833049918483351,0.9923232766342578
CHEMBL239_EC50,72441423,cliffB_oracle,noncliff,321,0.7215390853134744,0.6185016505418283,0.6228819249485938,13.981308411214954,0.7769020850941596,0.6286852642130041
CHEMBL239_EC50,72441423,cliffA,cliff,45,0.7069208528065973,0.8156233610314181,0.8247530490692532,21.4,0.8733122197479062,1.0001890834786975
CHEMBL239_EC50,72441423,cliffA,noncliff,299,0.7298885183879344,0.605638440621199,0.6089410026746572,13.408026755852843,0.7703125756723038,0.6007454729713073
CHEMBL239_EC50,47096259,cliffB_oracle,cliff,18,0.8040640302936106,0.8125687136600779,0.8098220454974947,15.666666666666666,0.8876255733196454,1.0561416266066235
CHEMBL239_EC50,47096259,cliffB_oracle,noncliff,326,0.6851751543911342,0.6164433431203898,0.62006714356702,15.469325153374234,0.7822117911083551,0.6605126186744926
CHEMBL239_EC50,47096259,cliffA,cliff,39,0.698773697492852,0.7936660350004937,0.799111372099102,23.82051282051282,0.873503043612423,1.070576159108569
CHEMBL239_EC50,47096259,cliffA,noncliff,305,0.6904527169658148,0.6048233145512845,0.6078089419243992,14.41311475409836,0.7764973211157249,0.6314268615133429
CHEMBL239_EC50,87118625,cliffB_oracle,cliff,17,0.7249893621838278,0.7584416444973416,0.7572429092648845,20.235294117647058,0.8887372523045748,1.401412340927763
CHEMBL239_EC50,87118625,cliffB_oracle,noncliff,327,0.6807537113384624,0.6161011491911378,0.6204381538137126,14.770642201834862,0.7842162145615986,0.6494956608768625
CHEMBL239_EC50,87118625,cliffA,cliff,43,0.6551114361040308,0.7201921173894406,0.7190692937481543,20.093023255813954,0.8458829117173259,1.1725196200384516
CHEMBL239_EC50,87118625,cliffA,noncliff,301,0.6869152525326544,0.6089119071900134,0.6137407476091284,14.318936877076412,0.7811574371627675,0.617245007444693
CHEMBL239_EC50,58055701,cliffB_oracle,cliff,18,0.7745631696561746,0.8430301433867909,0.8420285609975766,16.444444444444443,0.8858267644617974,1.1210833502817694
CHEMBL239_EC50,58055701,cliffB_oracle,noncliff,326,0.6958320845388244,0.6471879667001296,0.6499427753410559,15.116564417177914,0.7853635018089435,0.7593714277821818
CHEMBL239_EC50,58055701,cliffA,cliff,46,0.6892826806820753,0.7656950320294946,0.7672409330949364,21.26086956521739,0.8579371100854608,1.2421977229529346
CHEMBL239_EC50,58055701,cliffA,noncliff,298,0.7015986352419209,0.6403575914349137,0.6430698281252364,14.248322147651006,0.7799378023303322,0.7066895654571413
CHEMBL239_EC50,20237956,cliffB_oracle,cliff,16,0.7486327322405576,0.7163415837464564,0.7216919523854073,22.8125,0.8816368318271728,1.3543887165142818
CHEMBL239_EC50,20237956,cliffB_oracle,noncliff,328,0.7139048347431316,0.6125578185703876,0.6148601605282173,14.841463414634147,0.7776059070281851,0.672895422550583
CHEMBL239_EC50,20237956,cliffA,cliff,31,0.7357162694346914,0.7923128306295661,0.801588535559514,22.032258064516128,0.8509783690610339,1.410266646545995
CHEMBL239_EC50,20237956,cliffA,noncliff,313,0.7135198247895228,0.5996046227723166,0.6013526408055181,14.536741214057509,0.7755858688618457,0.6347017636354438
CHEMBL239_EC50,27734996,cliffB_oracle,cliff,21,0.7797450376220452,0.7766654077360506,0.776842025654428,17.61904761904762,0.8806919516707568,0.9911710068717079
CHEMBL239_EC50,27734996,cliffB_oracle,noncliff,323,0.7261314235691511,0.65302705890114,0.6536733233372831,14.786377708978328,0.7752896571318401,0.6856250573614516
CHEMBL239_EC50,27734996,cliffA,cliff,49,0.7836287630429087,0.8002474898213489,0.7930500339342424,18.408163265306122,0.8565515877706957,1.082521075868753
CHEMBL239_EC50,27734996,cliffA,noncliff,295,0.7203975803857497,0.6369944346318445,0.6389409758699536,14.386440677966101,0.7691494265207752,0.6414506845914777
CHEMBL219_Ki,71339737,cliffB_oracle,cliff,8,0.8506766712001721,0.9647422966277257,0.9584774741761609,20.25,0.9063471250971251,2.4833849378232085
CHEMBL219_Ki,71339737,cliffB_oracle,noncliff,365,0.7063043547063288,0.5876688454312436,0.5934980455980022,11.646575342465754,0.7526715503760188,0.5334568846083285
CHEMBL219_Ki,71339737,cliffA,cliff,19,0.6959000642214418,0.8250123271319502,0.8298312285843614,19.63157894736842,0.8654881972170599,2.1723038172831832
CHEMBL219_Ki,71339737,cliffA,noncliff,354,0.7101254282971864,0.5832255759587985,0.5888239531928964,11.412429378531073,0.7499509798634864,0.48956234422668105
CHEMBL219_Ki,99182118,cliffB_oracle,cliff,14,0.6487430097267394,0.895391942096298,0.9007386776453172,20.785714285714285,0.9154829262643774,1.4356273206458767
CHEMBL219_Ki,99182118,cliffB_oracle,noncliff,359,0.709647871449099,0.5943150973608258,0.5998761844304379,11.991643454038996,0.7482512962570613,0.4647446800081577
CHEMBL219_Ki,99182118,cliffA,cliff,28,0.6074665256030495,0.8763336420740325,0.8810289998018147,21.321428571428573,0.9099116552402118,1.4229435199272724
CHEMBL219_Ki,99182118,cliffA,noncliff,345,0.7154693486072914,0.5830568605850668,0.5886829002549325,11.591304347826087,0.7415685830111108,0.42637595377973114
CHEMBL219_Ki,89709943,cliffB_oracle,cliff,16,0.7093011013067918,0.856870928859282,0.8612915118579725,20.375,0.907566237353707,1.5365466661946159
CHEMBL219_Ki,89709943,cliffB_oracle,noncliff,357,0.6819461150965305,0.5663186103053232,0.5714285825116555,11.714285714285714,0.7509915963201005,0.44097200535970144
CHEMBL219_Ki,89709943,cliffA,cliff,31,0.639270274510754,0.7974552468204447,0.7975667412281671,22.419354838709676,0.9018583613476959,1.5663761548951354
CHEMBL219_Ki,89709943,cliffA,noncliff,342,0.6870941584811013,0.5581749254020694,0.5637506664900671,11.149122807017545,0.7439635203999783,0.3902166426046143
CHEMBL219_Ki,86921808,cliffB_oracle,cliff,13,0.6960156020756757,0.8598078716075381,0.8557370302344774,24.076923076923077,0.915449798624108,1.3963320530173688
CHEMBL219_Ki,86921808,cliffB_oracle,noncliff,360,0.7172574000988746,0.6276262824020724,0.6330272706105577,12.330555555555556,0.7506202539534589,0.47917019019123785
CHEMBL219_Ki,86921808,cliffA,cliff,29,0.6606439071107733,0.8696312697186572,0.8671742856817879,26.344827586206897,0.8988491259459699,1.5093377860314041
CHEMBL219_Ki,86921808,cliffA,noncliff,344,0.7212273068499018,0.6151658961948764,0.6208932003240943,11.593023255813954,0.7439042003488969,0.42698485279988585
CHEMBL219_Ki,89165191,cliffB_oracle,cliff,11,0.6647144608632917,0.8983527046161118,0.8949768183157868,27.0,0.8995189979823986,2.5764989230432063
CHEMBL219_Ki,89165191,cliffB_oracle,noncliff,362,0.6696057302487808,0.5693893418014586,0.5744364053757827,11.953038674033149,0.7518458297228553,0.4794328022106419
CHEMBL219_Ki,89165191,cliffA,cliff,27,0.5780601249346076,0.8002071599390297,0.7972416985612066,25.814814814814813,0.8945321766752538,1.9697921452144376
CHEMBL219_Ki,89165191,cliffA,noncliff,346,0.6765939596714464,0.5612980597619749,0.5667280512777443,11.34971098265896,0.7449476052124536,0.42980281685820176
CHEMBL219_Ki,34332121,cliffB_oracle,cliff,13,0.731671516160477,0.865700515456588,0.8566018399488822,26.23076923076923,0.9045816865166709,1.7835742999242505
CHEMBL219_Ki,34332121,cliffB_oracle,noncliff,360,0.7174995379062737,0.5923125869486864,0.5977089301977144,11.333333333333334,0.7412124564984676,0.40202982407313687
CHEMBL219_Ki,34332121,cliffA,cliff,21,0.6831072877011367,0.8499574837273686,0.8404871759818326,23.38095238095238,0.9034310847902535,1.6563136293689165
CHEMBL219_Ki,34332121,cliffA,noncliff,352,0.7200747452119912,0.5867375125890779,0.592505520784197,11.164772727272727,0.7373602306609573,0.3782233418994242
CHEMBL219_Ki,57652534,cliffB_oracle,cliff,13,0.7064024639684185,0.7119221488706445,0.7096261336213482,21.076923076923077,0.9051145848898694,1.1309010118739677
CHEMBL219_Ki,57652534,cliffB_oracle,noncliff,360,0.716358229994018,0.5889779142239484,0.5959964422490827,11.66388888888889,0.7509646179083355,0.45065612597314475
CHEMBL219_Ki,57652534,cliffA,cliff,26,0.6827397570436424,0.7351181264135089,0.7341059892888475,20.23076923076923,0.891970317673747,1.1680494215295039
CHEMBL219_Ki,57652534,cliffA,noncliff,347,0.7185042107962569,0.5820986315160687,0.5893912477641001,11.37463976945245,0.7457702472110206,0.4223879929248605
CHEMBL219_Ki,65555877,cliffB_oracle,cliff,15,0.5963561119531285,0.8422178034060733,0.8509274506417123,20.866666666666667,0.9147624931531769,1.5533851043580336
CHEMBL219_Ki,65555877,cliffB_oracle,noncliff,358,0.6894737514319419,0.5699987607099954,0.5764211346498016,12.840782122905027,0.7575494574641385,0.38257492658785164
CHEMBL219_Ki,65555877,cliffA,cliff,28,0.6260301223185658,0.8439595268596206,0.8474947738839341,22.321428571428573,0.8887255216700137,1.3349948519459025
CHEMBL219_Ki,65555877,cliffA,noncliff,345,0.6905742065710501,0.5588223874646734,0.5656034799498731,12.420289855072463,0.7534537120983165,0.3561818679111191
CHEMBL219_Ki,80882938,cliffB_oracle,cliff,12,0.711410085250794,0.8180666569392411,0.8131889683833394,22.5,0.9077745249791408,1.4426905737443105
CHEMBL219_Ki,80882938,cliffB_oracle,noncliff,361,0.7159099019078287,0.5911639319649497,0.5964746353943621,10.016620498614959,0.7520474039341625,0.379893482120342
CHEMBL219_Ki,80882938,cliffA,cliff,23,0.6323440310600438,0.8072349190594316,0.8026989785340591,20.391304347826086,0.9099369110551185,1.4220402847146472
CHEMBL219_Ki,80882938,cliffA,noncliff,350,0.7212470939924417,0.5842293640529693,0.5898617097883581,9.762857142857143,0.746606869331563,0.347848306805538
CHEMBL219_Ki,62569839,cliffB_oracle,cliff,11,0.6142969803327539,0.7735680922761458,0.7741067246307428,16.727272727272727,0.9063781175208749,1.022334112281188
CHEMBL219_Ki,62569839,cliffB_oracle,noncliff,362,0.6785857013306011,0.5897734806150385,0.595915611969455,12.323204419889503,0.7510245386505638,0.4791979052464027
CHEMBL219_Ki,62569839,cliffA,cliff,28,0.6404728089317385,0.7168894267672622,0.7181838497418082,18.0,0.8547795757834308,1.0222942557045884
CHEMBL219_Ki,62569839,cliffA,noncliff,345,0.6796291362760846,0.5849079560454497,0.5912845726708735,12.002898550724638,0.7472389320931371,0.4524379065929345
CHEMBL219_Ki,69881227,cliffB_oracle,cliff,16,0.657723152565927,0.89617664261657,0.8895105835980968,24.0625,0.913025040706217,1.9099441414331397
CHEMBL219_Ki,69881227,cliffB_oracle,noncliff,357,0.6970915385097171,0.6181095893356279,0.6232185287657296,12.193277310924369,0.7428896682541635,0.5575259855222886
CHEMBL219_Ki,69881227,cliffA,cliff,33,0.6912380005993518,0.9181956863020715,0.9216385788047174,20.87878787878788,0.8926048018993404,1.957615821716471
CHEMBL219_Ki,69881227,cliffA,noncliff,340,0.6958070460860152,0.6006854093119935,0.6053680853984174,11.908823529411764,0.7358020214456716,0.4852781205227756
CHEMBL219_Ki,86624677,cliffB_oracle,cliff,16,0.701148411501066,0.8556997839248116,0.8617115654798424,17.5,0.9082790423033545,1.3794652753601682
CHEMBL219_Ki,86624677,cliffB_oracle,noncliff,357,0.6809867399033263,0.5960730013444222,0.6015091567722934,12.448179271708684,0.7674309399394861,0.48555249953745533
CHEMBL219_Ki,86624677,cliffA,cliff,30,0.648657947285273,0.7776067395743453,0.7809402040865837,18.0,0.8896683225189442,1.3296831709711183
CHEMBL219_Ki,86624677,cliffA,noncliff,343,0.6847548172330795,0.5919844455671708,0.5976493691770152,12.198250728862973,0.762957674624417,0.453420383706999
CHEMBL219_Ki,29635333,cliffB_oracle,cliff,11,0.7138263182073274,0.7597776978253158,0.7577698737640725,21.727272727272727,0.9026665953347941,1.1162138006900415
CHEMBL219_Ki,29635333,cliffB_oracle,noncliff,362,0.7092597594524448,0.5663220928872642,0.5704352838538969,13.149171270718233,0.7575556371774114,0.5278133547809314
CHEMBL219_Ki,29635333,cliffA,cliff,25,0.7019094121754661,0.7737480905616142,0.7679389116383991,23.52,0.8946131594451061,1.4795109565933102
CHEMBL219_Ki,29635333,cliffA,noncliff,348,0.7099321468898822,0.5570845149792878,0.5617437122357681,12.675287356321839,0.752026279120127,0.4780431388605025
CHEMBL219_Ki,73489431,cliffB_oracle,cliff,11,0.6371950330301492,0.8029612700108221,0.8051306289221934,18.0,0.9146033701781415,0.8373975608525644
CHEMBL219_Ki,73489431,cliffB_oracle,noncliff,362,0.7144284357757468,0.5645189232442073,0.5708995093326709,11.715469613259668,0.7533250717197635,0.41936801026262294
CHEMBL219_Ki,73489431,cliffA,cliff,26,0.6496503898276581,0.8179617112272219,0.8184631780550196,18.384615384615383,0.905299822304551,1.179362430515159
CHEMBL219_Ki,73489431,cliffA,noncliff,347,0.7168338010911609,0.5521231523906897,0.55883665598487,11.414985590778098,0.7465210647442563,0.3756748406082236
CHEMBL219_Ki,72441423,cliffB_oracle,cliff,16,0.7348639084725404,0.801435232113437,0.8033041616415888,22.8125,0.889350063483594,1.2626131868466022
CHEMBL219_Ki,72441423,cliffB_oracle,noncliff,357,0.6924851058493389,0.5594258044189573,0.5658932014780027,12.0,0.7495690082504032,0.4002439532102316
CHEMBL219_Ki,72441423,cliffA,cliff,26,0.6634782098859531,0.795800258517153,0.7966428023079991,22.73076923076923,0.8892510245519991,1.2290869273436693
CHEMBL219_Ki,72441423,cliffA,noncliff,347,0.696612599039596,0.5524941429450505,0.5591830970299462,11.694524495677234,0.7453152413598224,0.37790386793850983
CHEMBL219_Ki,47096259,cliffB_oracle,cliff,14,0.5974783899719399,0.8220861723951576,0.8221230688815659,21.5,0.917103871607934,1.4385411005592483
CHEMBL219_Ki,47096259,cliffB_oracle,noncliff,359,0.6853366004026133,0.5971047144174021,0.6010771204069619,13.298050139275766,0.7539165641733497,0.4058022983369472
CHEMBL219_Ki,47096259,cliffA,cliff,30,0.6320228235348752,0.7825529229474187,0.7796812669245476,25.466666666666665,0.8753761926890824,1.4293918163055381
CHEMBL219_Ki,47096259,cliffA,noncliff,343,0.6864135635513093,0.5894421561818086,0.5938914660676505,12.568513119533527,0.7496017497244994,0.35842812251203315
CHEMBL219_Ki,87118625,cliffB_oracle,cliff,16,0.616654069759015,0.8308638166913339,0.8329409023420463,30.75,0.8982437541301778,1.510220421932402
CHEMBL219_Ki,87118625,cliffB_oracle,noncliff,357,0.6844397813893369,0.5647293775916078,0.5693351781165146,11.831932773109244,0.7469671071521317,0.33736193143540305
CHEMBL219_Ki,87118625,cliffA,cliff,30,0.6162256985500946,0.8037383272423527,0.8008396714233282,28.233333333333334,0.8839894090644396,1.4294479868601717
CHEMBL219_Ki,87118625,cliffA,noncliff,343,0.6872440119989348,0.5556004827203641,0.5607851993967781,11.279883381924199,0.7416685406765188,0.2965548007800355
CHEMBL219_Ki,58055701,cliffB_oracle,cliff,11,0.6809647634305566,0.8373070928857796,0.8398133365606024,13.909090909090908,0.8974076188361902,1.6305739727586532
CHEMBL219_Ki,58055701,cliffB_oracle,noncliff,362,0.6694756752509029,0.5444084111820707,0.5487627161823327,12.629834254143647,0.7524017410014404,0.5325273948954129
CHEMBL219_Ki,58055701,cliffA,cliff,20,0.6324731309610698,0.7866709180486675,0.7977191590843058,17.4,0.8935090915538693,1.50560575173376
CHEMBL219_Ki,58055701,cliffA,noncliff,353,0.6719301535958684,0.5395480380126362,0.5434406442246128,12.39943342776204,0.7487278417353734,0.5116122255462022
CHEMBL219_Ki,20237956,cliffB_oracle,cliff,18,0.6719646506472914,0.7439840597847528,0.744778103285622,19.77777777777778,0.9047147743667742,1.1121304108616963
CHEMBL219_Ki,20237956,cliffB_oracle,noncliff,355,0.692483358339867,0.6179180758678973,0.6226700880659085,11.977464788732394,0.749646805606791,0.38733849053779773
CHEMBL219_Ki,20237956,cliffA,cliff,23,0.6156424174236231,0.7259441073170464,0.7291010500028183,19.47826086956522,0.9120250189333842,1.151115968602321
CHEMBL219_Ki,20237956,cliffA,noncliff,350,0.696477658061602,0.6172653152229669,0.6219126097307749,11.885714285714286,0.7467877890345729,0.3744224121673581
CHEMBL219_Ki,27734996,cliffB_oracle,cliff,18,0.6635925295366215,0.7781663485578808,0.7790866830263066,19.333333333333332,0.9106228652499977,0.8099499198132337
CHEMBL219_Ki,27734996,cliffB_oracle,noncliff,355,0.6968513146737124,0.5810095149583284,0.5856881751852637,10.794366197183098,0.750125748170274,0.3013835282137446
CHEMBL219_Ki,27734996,cliffA,cliff,30,0.6552827106978937,0.7896460486951725,0.7926539451419585,17.833333333333332,0.8850706179910952,0.731723819960412
CHEMBL219_Ki,27734996,cliffA,noncliff,343,0.6987416936439951,0.5725662968670095,0.5771903560028273,10.626822157434402,0.7465139164344807,0.29043305094374694
CHEMBL228_Ki,71339737,cliffB_oracle,cliff,11,0.6528154404483073,0.6785500641876892,0.6856376585103497,12.636363636363637,0.9002609609761776,1.0442493821179566
CHEMBL228_Ki,71339737,cliffB_oracle,noncliff,330,0.7066129727089894,0.5177973646379597,0.5215506885581142,8.942424242424243,0.7522339660431739,0.2665179852330991
CHEMBL228_Ki,71339737,cliffA,cliff,18,0.6259957976531334,0.6669988325219919,0.6700882447646441,10.555555555555555,0.8865696888421495,0.9409060166529195
CHEMBL228_Ki,71339737,cliffA,noncliff,323,0.7092734565979611,0.5146010345791947,0.5185237918952469,8.978328173374614,0.7494822375897993,0.25542219823674206
CHEMBL228_Ki,99182118,cliffB_oracle,cliff,9,0.582777156843591,0.7659056508113933,0.7841974159366036,11.444444444444445,0.9109216964478232,1.3271875804953055
CHEMBL228_Ki,99182118,cliffB_oracle,noncliff,332,0.732367072283174,0.5471540934914376,0.5503158421595272,8.897590361445783,0.7546549342612624,0.2287461706885609
CHEMBL228_Ki,99182118,cliffA,cliff,18,0.5882242742212083,0.6936385207476199,0.7070536209603913,11.722222222222221,0.8990926781883863,1.1491901168215306
CHEMBL228_Ki,99182118,cliffA,noncliff,323,0.7362316578130783,0.5448021368902697,0.5477934976017037,8.811145510835914,0.7504525450675681,0.2080588074002242
CHEMBL228_Ki,89709943,cliffB_oracle,cliff,3,0.9597296017865817,0.9314345051497472,0.9272033877763445,8.0,0.9013555014296304,1.1702004816896239
CHEMBL228_Ki,89709943,cliffB_oracle,noncliff,338,0.7395576906382701,0.5816750172226294,0.5862024285747195,9.076923076923077,0.7601074404733467,0.31785645186377537
CHEMBL228_Ki,89709943,cliffA,cliff,9,0.7116239904178323,0.8163622887828467,0.8142700948877498,8.555555555555555,0.8879503802369946,1.0186267991580686
CHEMBL228_Ki,89709943,cliffA,noncliff,332,0.7423044347208871,0.5781437647965145,0.5827818102384655,9.081325301204819,0.757692682084629,0.30656156922470584
CHEMBL228_Ki,86921808,cliffB_oracle,cliff,8,0.766972400594402,0.7781885543408934,0.7747709770127802,16.875,0.8919853468315909,1.1589366831390273
CHEMBL228_Ki,86921808,cliffB_oracle,noncliff,333,0.73979858212412,0.5796054182197923,0.5855750979123833,8.954954954954955,0.7480319884966015,0.3400011168984376
CHEMBL228_Ki,86921808,cliffA,cliff,13,0.7296591707130825,0.7452589066092113,0.7428878176580211,15.538461538461538,0.8816012191723827,1.1734591210643046
CHEMBL228_Ki,86921808,cliffA,noncliff,328,0.7408632251000521,0.577753515727682,0.5838324804570059,8.887195121951219,0.7461146995388794,0.32694175859285357
CHEMBL228_Ki,89165191,cliffB_oracle,cliff,6,0.7020403619529646,0.516664984888342,0.5048100111553236,6.833333333333333,0.9285765025459174,0.4556592460324804
CHEMBL228_Ki,89165191,cliffB_oracle,noncliff,335,0.7381692334969271,0.5555549764533753,0.5613380728887577,9.35223880597015,0.7523612251398765,0.2772222933482773
CHEMBL228_Ki,89165191,cliffA,cliff,14,0.6132000910359979,0.584537927281478,0.5804447996758182,9.571428571428571,0.9082147248046335,0.7983812120221584
CHEMBL228_Ki,89165191,cliffA,noncliff,327,0.7428566792620318,0.5534387471123698,0.5593292565131968,9.296636085626911,0.7486371942429547,0.25818375161944207
CHEMBL228_Ki,34332121,cliffB_oracle,cliff,11,0.6614012824767322,0.705024364105188,0.7219522237448145,11.363636363636363,0.9138845969877206,0.9273204832510354
CHEMBL228_Ki,34332121,cliffB_oracle,noncliff,330,0.7438989224655875,0.5580746360489806,0.5650803415872051,9.06969696969697,0.7505202619588777,0.30101313162693527
CHEMBL228_Ki,34332121,cliffA,cliff,19,0.656599696090141,0.6316132883225517,0.6439528985175356,9.736842105263158,0.8639944840314917,0.7690620450910571
CHEMBL228_Ki,34332121,cliffA,noncliff,322,0.746231876693091,0.5588357909636348,0.5658685781221268,9.108695652173912,0.7492737253822721,0.29479093135378864
CHEMBL228_Ki,57652534,cliffB_oracle,cliff,15,0.7940440815186995,0.8167899312263082,0.8041416016877316,15.2,0.9071149443697719,1.39092560339389
CHEMBL228_Ki,57652534,cliffB_oracle,noncliff,326,0.7541717291814917,0.5373024934443984,0.5429558983934815,8.56441717791411,0.7533313878198326,0.2818800220179119
CHEMBL228_Ki,57652534,cliffA,cliff,25,0.7800901709337948,0.7647915313013028,0.7591049051309863,12.04,0.9052876207437097,1.309538029500055
CHEMBL228_Ki,57652534,cliffA,noncliff,316,0.7540138945019048,0.5318266165957025,0.5375128961259947,8.604430379746836,0.7478656278387049,0.2532225332001464
CHEMBL228_Ki,65555877,cliffB_oracle,cliff,10,0.6716109241884609,0.7156366037188862,0.710447924505713,9.9,0.9156241124322712,0.5078017246194554
CHEMBL228_Ki,65555877,cliffB_oracle,noncliff,331,0.7398888595756079,0.5433488948312281,0.5496314885243067,9.102719033232628,0.7541287446772919,0.23088611302133905
CHEMBL228_Ki,65555877,cliffA,cliff,16,0.6219276380373678,0.7374433951676025,0.7502625445318946,10.5,0.9200145824307383,0.6353226297948567
CHEMBL228_Ki,65555877,cliffA,noncliff,325,0.743595321700963,0.5385480791489177,0.5440692227732397,9.058461538461538,0.7505203428491484,0.21949587255243097
CHEMBL228_Ki,80882938,cliffB_oracle,cliff,8,0.5599686263745363,0.6507165418295463,0.6403879296943784,13.125,0.9234571794026152,0.6749115803801297
CHEMBL228_Ki,80882938,cliffB_oracle,noncliff,333,0.7272237263434369,0.51113500135457,0.5142772336138556,8.558558558558559,0.744896877387103,0.375557560827277
CHEMBL228_Ki,80882938,cliffA,cliff,22,0.6029171248757865,0.5936264867034092,0.5884617988637769,11.727272727272727,0.8461927713313301,1.1241741636928901
CHEMBL228_Ki,80882938,cliffA,noncliff,319,0.7316021101444936,0.5086145668640478,0.5120275048526495,8.454545454545455,0.74200869236671,0.331436140430347
CHEMBL228_Ki,62569839,cliffB_oracle,cliff,7,0.5308369053858395,0.5685455378437964,0.5771548531614517,11.285714285714286,0.9202195455669759,0.7314999129712852
CHEMBL228_Ki,62569839,cliffB_oracle,noncliff,334,0.7081220166033063,0.5305804060300114,0.536048958542799,9.511976047904191,0.7606324166256552,0.3065239500044538
CHEMBL228_Ki,62569839,cliffA,cliff,16,0.5707473015791384,0.6051729011601693,0.6071881775762211,10.375,0.9157003239597361,0.9050774198558602
CHEMBL228_Ki,62569839,cliffA,noncliff,325,0.7110666309475047,0.5274032690458127,0.5331363344256613,9.507692307692308,0.7559612638353947,0.2862100306910548
CHEMBL228_Ki,69881227,cliffB_oracle,cliff,13,0.5488410991105522,0.651229108509061,0.6561997854210012,14.384615384615385,0.9060611988772234,0.8100407753117238
CHEMBL228_Ki,69881227,cliffB_oracle,noncliff,328,0.7115577981718987,0.5566296451514097,0.5610238671242535,9.557926829268293,0.7577929437305471,0.2101254190002287
CHEMBL228_Ki,69881227,cliffA,cliff,18,0.5412818377181352,0.5927986599020154,0.597987330012839,13.444444444444445,0.9023551707319815,0.8640337666463669
CHEMBL228_Ki,69881227,cliffA,noncliff,323,0.7144978916714969,0.55861166829572,0.5629825815278945,9.535603715170279,0.755482557534934,0.19782990622753194
CHEMBL228_Ki,86624677,cliffB_oracle,cliff,7,0.6301767930325225,0.6947089613238375,0.690132006196037,10.285714285714286,0.9418214095845675,1.2949907272193832
CHEMBL228_Ki,86624677,cliffB_oracle,noncliff,334,0.7224491935759386,0.5656620401023016,0.5711095031409417,8.961077844311378,0.7563344152812657,0.20912597672956448
CHEMBL228_Ki,86624677,cliffA,cliff,14,0.7275399910473827,0.7829091658006131,0.7812945218169931,12.5,0.8979113527231642,1.0569587560602218
CHEMBL228_Ki,86624677,cliffA,noncliff,327,0.7202559887795958,0.5580530318772995,0.5636026250623685,8.837920489296636,0.7539014324910043,0.19607213679928784
CHEMBL228_Ki,29635333,cliffB_oracle,cliff,10,0.7065349009311118,0.6558338484595831,0.6551839678303584,10.3,0.9132213156393624,0.640190737331279
CHEMBL228_Ki,29635333,cliffB_oracle,noncliff,331,0.7292897191023839,0.5556141094757138,0.561580280223192,8.90332326283988,0.7620067555506519,0.24999770052576928
CHEMBL228_Ki,29635333,cliffA,cliff,19,0.6598065304090832,0.6558522372863911,0.6592329672551334,9.210526315789474,0.8968662921645557,0.7085101960644167
CHEMBL228_Ki,29635333,cliffA,noncliff,322,0.7326829874361107,0.5527597005406479,0.558656040043465,8.928571428571429,0.7587493674433097,0.23506041155937424
CHEMBL228_Ki,73489431,cliffB_oracle,cliff,8,0.7182675738355746,0.6975224192995134,0.6947556400732187,11.625,0.9038794495994731,0.6007635177498154
CHEMBL228_Ki,73489431,cliffB_oracle,noncliff,333,0.7054240001210919,0.5512989023638911,0.5551340480469099,9.57057057057057,0.7569060350648905,0.22688055507392746
CHEMBL228_Ki,73489431,cliffA,cliff,19,0.6685288219327391,0.7108954369453648,0.7091069387548257,9.842105263157896,0.8712803709272064,0.8176347513509789
CHEMBL228_Ki,73489431,cliffA,noncliff,322,0.7079201397959196,0.5448091949716855,0.5488326118544362,9.605590062111801,0.7534310348380356,0.20131140591909244
CHEMBL228_Ki,72441423,cliffB_oracle,cliff,7,0.6894328422153285,0.7525092099967485,0.7581423820730865,7.428571428571429,0.915026981452128,0.9121629512316807
CHEMBL228_Ki,72441423,cliffB_oracle,noncliff,334,0.7247039977944112,0.5173394225885231,0.5213954782075357,8.805389221556887,0.7577679768889057,0.29521647760535596
CHEMBL228_Ki,72441423,cliffA,cliff,16,0.7022849815937575,0.6487666677066628,0.6501649380240537,6.75,0.8847565302572551,0.8436025962268341
CHEMBL228_Ki,72441423,cliffA,noncliff,325,0.7250480167795091,0.5157966948519263,0.520033711214274,8.876923076923077,0.7546226937066388,0.2815070850436348
CHEMBL228_Ki,47096259,cliffB_oracle,cliff,11,0.8225161141810631,0.7218596150899936,0.7164837298847755,6.181818181818182,0.9048113322275841,1.0341224911077942
CHEMBL228_Ki,47096259,cliffB_oracle,noncliff,330,0.6945713081833673,0.5412249908950655,0.5476207296031758,9.196969696969697,0.7548212596467255,0.18833579461848973
CHEMBL228_Ki,47096259,cliffA,cliff,19,0.685564250524521,0.6287119885680462,0.6281713706666412,6.473684210526316,0.8841108342381557,0.6958427994061381
CHEMBL228_Ki,47096259,cliffA,noncliff,322,0.6994735658277547,0.5423486168824618,0.5487523241460538,9.254658385093167,0.7520302177129965,0.18728306347071652
CHEMBL228_Ki,87118625,cliffB_oracle,cliff,6,0.8345697997574105,0.9580588274378267,0.9724112268095338,17.666666666666668,0.9474264041441519,0.5151990618577936
CHEMBL228_Ki,87118625,cliffB_oracle,noncliff,335,0.7343800310891843,0.5417118711324552,0.5484399060376071,8.656716417910447,0.756891379629522,0.2123863436970569
CHEMBL228_Ki,87118625,cliffA,cliff,13,0.7978632232524306,0.8172503353524737,0.8260364102780559,11.0,0.8523689625836821,0.40190208390969434
CHEMBL228_Ki,87118625,cliffA,noncliff,328,0.7336966686315233,0.5379742218323585,0.5447677452427994,8.728658536585366,0.7565534540042933,0.21041430615498413
CHEMBL228_Ki,58055701,cliffB_oracle,cliff,6,0.7474263716396515,0.7687689549303203,0.7630666753081418,6.833333333333333,0.9175691961018049,0.977462034748998
CHEMBL228_Ki,58055701,cliffB_oracle,noncliff,335,0.7521220491086132,0.547836601054048,0.5526382174633961,9.250746268656716,0.7555575916613109,0.3262121156416821
CHEMBL228_Ki,58055701,cliffA,cliff,11,0.7655232410514015,0.7639080026579429,0.7659228609846284,9.363636363636363,0.8374105304998057,1.1230527343381052
CHEMBL228_Ki,58055701,cliffA,noncliff,330,0.7515899667565391,0.5442611204609009,0.548952638103991,9.203030303030303,0.7558014260130779,0.3114916693052677
CHEMBL228_Ki,20237956,cliffB_oracle,cliff,8,0.8479227794548085,0.7933807473957847,0.795169076708835,8.75,0.8998891423316462,0.5759523017482849
CHEMBL228_Ki,20237956,cliffB_oracle,noncliff,333,0.7464090749377165,0.5363667797147915,0.5392911672743755,8.3993993993994,0.7545342719836339,0.2797328331055426
CHEMBL228_Ki,20237956,cliffA,cliff,13,0.755949377208962,0.7257681564518754,0.7271202459414935,10.615384615384615,0.8834217907127111,1.0245285593361044
CHEMBL228_Ki,20237956,cliffA,noncliff,328,0.7485068972139681,0.5349712259136431,0.5379346217513623,8.320121951219512,0.7527724205035861,0.25743835538647136
CHEMBL228_Ki,27734996,cliffB_oracle,cliff,7,0.6701735396583416,0.5638928252099549,0.55897464292965,7.714285714285714,0.9164811379097094,1.1112715836999725
CHEMBL228_Ki,27734996,cliffB_oracle,noncliff,334,0.7194945351369766,0.5846089184420051,0.5880474903820246,9.25748502994012,0.7642072697372911,0.2642037205268237
CHEMBL228_Ki,27734996,cliffA,cliff,18,0.6577326293406319,0.589456290980822,0.5883415757383114,8.666666666666666,0.8671869704325105,1.082739619153136
CHEMBL228_Ki,27734996,cliffA,noncliff,323,0.7218674990254713,0.5838215782442998,0.5873396820139575,9.256965944272446,0.761537040804047,0.23694622475883118
CHEMBL237_EC50,71339737,cliffB_oracle,cliff,9,0.8779736585786162,0.9754993428600363,0.9679431763570554,31.11111111111111,0.9023091962259409,2.071607189796266
CHEMBL237_EC50,71339737,cliffB_oracle,noncliff,182,0.8288675509050974,0.7851076747623784,0.7904894024149404,19.96153846153846,0.7833255783009313,1.1352928118932508
CHEMBL237_EC50,71339737,cliffA,cliff,21,0.8163043938519182,0.9706793191526554,0.9698266314145169,33.57142857142857,0.8591125552432831,2.180672670245331
CHEMBL237_EC50,71339737,cliffA,noncliff,170,0.8330192054179119,0.7712001619004875,0.7766741295263284,18.870588235294118,0.7800091836865091,1.0557272376328593
CHEMBL237_EC50,99182118,cliffB_oracle,cliff,15,0.8093385284750061,1.0363413388852079,1.0475895947499854,25.866666666666667,0.8917795829576451,1.1227533796878335
CHEMBL237_EC50,99182118,cliffB_oracle,noncliff,176,0.8339793760277577,0.8468057416941621,0.8529689527797832,20.261363636363637,0.780774296819079,0.9509583009012698
CHEMBL237_EC50,99182118,cliffA,cliff,25,0.8147307468428544,0.9500258182682825,0.9630540122950595,28.2,0.8624142246771145,1.3998768076509283
CHEMBL237_EC50,99182118,cliffA,noncliff,166,0.8346516833550547,0.848488639408987,0.8540406395853674,19.572289156626507,0.778364560252589,0.8988737437510107
CHEMBL237_EC50,89709943,cliffB_oracle,cliff,13,0.830302433297063,1.0621049691681343,1.0610237262162927,38.38461538461539,0.8786125746394065,1.6245111173177318
CHEMBL237_EC50,89709943,cliffB_oracle,noncliff,178,0.8329812948516581,0.8203192856745714,0.8275108422819132,20.00561797752809,0.7907163273111075,1.0687742552956436
CHEMBL237_EC50,89709943,cliffA,cliff,22,0.8305724220291094,1.0654582155787569,1.0659683837644645,43.13636363636363,0.8766122701467026,1.8259247804809204
CHEMBL237_EC50,89709943,cliffA,noncliff,169,0.8330888096557191,0.8062577695965978,0.8136958521477308,18.40828402366864,0.7860472052666376,1.0129592709892
CHEMBL237_EC50,86921808,cliffB_oracle,cliff,11,0.8179121043536166,0.9886584739017485,0.9897431626539256,33.09090909090909,0.9037449562258811,1.8664279568401563
CHEMBL237_EC50,86921808,cliffB_oracle,noncliff,180,0.7940686720335004,0.7951941109790662,0.801853589546559,20.4,0.7814192373620897,0.9565530017009263
CHEMBL237_EC50,86921808,cliffA,cliff,19,0.7750830077163742,0.9457658220005429,0.9507893720734619,31.263157894736842,0.872792828833133,1.674757431538895
CHEMBL237_EC50,86921808,cliffA,noncliff,172,0.7976907963215624,0.7906986844928174,0.7971726413022023,20.011627906976745,0.7790234377887885,0.9354061432102875
CHEMBL237_EC50,89165191,cliffB_oracle,cliff,14,0.7708310956295364,0.9803754071962281,0.9784272344385275,31.142857142857142,0.8967836055416256,1.862869045039881
CHEMBL237_EC50,89165191,cliffB_oracle,noncliff,177,0.7838757457278319,0.761440867641953,0.7679357429424246,17.480225988700564,0.7855378606432969,0.9446836536530272
CHEMBL237_EC50,89165191,cliffA,cliff,27,0.7540333225912552,0.942222016147831,0.9448777597534148,31.925925925925927,0.8643004761906461,2.0223613470303565
CHEMBL237_EC50,89165191,cliffA,noncliff,164,0.7876752598943652,0.749799794206704,0.7562014251670959,16.26829268292683,0.7818894619817467,0.8456427863251496
CHEMBL237_EC50,34332121,cliffB_oracle,cliff,12,0.7532989410013059,0.9090734501532179,0.9125685817313497,32.083333333333336,0.883912186707196,1.5584959131635372
CHEMBL237_EC50,34332121,cliffB_oracle,noncliff,179,0.8551554730607298,0.8234662644022863,0.8253864756191356,21.067039106145252,0.7978646934089882,1.0768937482695022
CHEMBL237_EC50,34332121,cliffA,cliff,27,0.782722511282354,0.9117217870277109,0.9117382382715474,30.296296296296298,0.8641131551411215,1.7519325965728667
CHEMBL237_EC50,34332121,cliffA,noncliff,164,0.8596274949101387,0.8147203748418005,0.8170941380819193,20.353658536585368,0.7929863802013167,1.000998486528878
CHEMBL237_EC50,57652534,cliffB_oracle,cliff,12,0.879649870131126,1.0014534128335097,0.9898989960990673,29.416666666666668,0.8983574184555537,1.4970322293755423
CHEMBL237_EC50,57652534,cliffB_oracle,noncliff,179,0.8404349407013912,0.7826540449328887,0.7886963679219495,20.12849162011173,0.7774955167599825,0.9957369261313405
CHEMBL237_EC50,57652534,cliffA,cliff,27,0.8299579285066385,0.9492171975656443,0.9496480313043304,30.814814814814813,0.8615352383616441,1.6268407961955913
CHEMBL237_EC50,57652534,cliffA,noncliff,164,0.8450291997405078,0.77050071567135,0.7761556966674114,19.048780487804876,0.7721790903775276,0.9285158233703381
CHEMBL237_EC50,65555877,cliffB_oracle,cliff,8,0.6837045262971156,0.8882608809888856,0.9040625069385754,35.5,0.8758680095769298,1.5507007998873257
CHEMBL237_EC50,65555877,cliffB_oracle,noncliff,183,0.7515566273176894,0.7890449979277644,0.7917787428959285,20.07650273224044,0.7990966241816276,0.8347764622495111
CHEMBL237_EC50,65555877,cliffA,cliff,23,0.7771503763394066,0.8824948466760248,0.8829770223951549,30.17391304347826,0.8431702673241732,1.4239255176040724
CHEMBL237_EC50,65555877,cliffA,noncliff,168,0.7448216687720697,0.7806250013021677,0.7843297347211395,19.428571428571427,0.7966151166715897,0.7882107862253899
CHEMBL237_EC50,80882938,cliffB_oracle,cliff,11,0.7266141981811743,0.9832415317551056,0.9924305828290532,33.09090909090909,0.8863479640368461,1.876618669083616
CHEMBL237_EC50,80882938,cliffB_oracle,noncliff,180,0.8199938443308313,0.8814279190556139,0.8846463001494278,21.57777777777778,0.7898467703149392,1.1308060396740796
CHEMBL237_EC50,80882938,cliffA,cliff,24,0.7680510906531796,0.9330543007982971,0.9371775170943467,35.791666666666664,0.8334801921251164,2.0667714220243143
CHEMBL237_EC50,80882938,cliffA,noncliff,167,0.8213079160710556,0.8806694259210279,0.8841678154538724,20.293413173652695,0.7899379232289312,1.0454214273812608
CHEMBL237_EC50,62569839,cliffB_oracle,cliff,9,0.7354629364451691,0.7619907185309219,0.7662011955691717,22.77777777777778,0.8838325436392728,1.5642016908295007
CHEMBL237_EC50,62569839,cliffB_oracle,noncliff,182,0.7976541296550164,0.8029622965610159,0.8077880168722242,20.554945054945055,0.7901925561542317,1.0032027507550145
CHEMBL237_EC50,62569839,cliffA,cliff,25,0.7611287229691804,0.8869651342135606,0.8908242919561268,31.4,0.8432003030723899,1.8271455638616845
CHEMBL237_EC50,62569839,cliffA,noncliff,166,0.7997831322348796,0.7872373593407328,0.7921817221663325,19.042168674698797,0.7871197294944315,0.9095305828815422
CHEMBL237_EC50,69881227,cliffB_oracle,cliff,8,0.7292859463164594,0.9571800432175552,0.9548489398979033,33.75,0.8790847280877558,2.0720990882573407
CHEMBL237_EC50,69881227,cliffB_oracle,noncliff,183,0.8005488009177224,0.7472195484006007,0.7492366422080433,17.75409836065574,0.7790470447405987,0.9650727511030606
CHEMBL237_EC50,69881227,cliffA,cliff,19,0.6822932164579606,0.9188463243589975,0.9174207070395345,34.31578947368421,0.8564850808461199,2.1520792954860712
CHEMBL237_EC50,69881227,cliffA,noncliff,172,0.8102973664289165,0.7376363678874255,0.7398390734184707,16.66860465116279,0.7749802494725525,0.8854395322307178
CHEMBL237_EC50,86624677,cliffB_oracle,cliff,14,0.790974374815392,0.8394402870466422,0.8366803426215782,32.57142857142857,0.8785437698059904,1.9221566073869472
CHEMBL237_EC50,86624677,cliffB_oracle,noncliff,177,0.7565672769518249,0.8125666203287867,0.8200526473373252,20.954802259887007,0.7920366912638473,1.0083750142819687
CHEMBL237_EC50,86624677,cliffA,cliff,26,0.6918139102174197,0.8628689447315143,0.8683591901696465,31.615384615384617,0.8733981098234167,1.7125294760031293
CHEMBL237_EC50,86624677,cliffA,noncliff,165,0.7696902278923369,0.8067439384511559,0.8136577574644452,20.26060606060606,0.7863848301203549,0.9749503251832992
CHEMBL237_EC50,29635333,cliffB_oracle,cliff,21,0.8544249915853926,0.9010214175184927,0.8909080161606502,32.61904761904762,0.8811926306076243,1.2914500973881198
CHEMBL237_EC50,29635333,cliffB_oracle,noncliff,170,0.7736669615841248,0.7488493399450528,0.7544642811703965,19.75294117647059,0.7969626516191006,0.7147954569535786
CHEMBL237_EC50,29635333,cliffA,cliff,32,0.7748172780082077,0.9234271359412755,0.9187015429490211,33.9375,0.8767272705427346,1.4318465418454525
CHEMBL237_EC50,29635333,cliffA,noncliff,159,0.7841016062662377,0.7334243345073954,0.7390431589631664,18.59748427672956,0.7919069209946021,0.6466452225673232
CHEMBL237_EC50,73489431,cliffB_oracle,cliff,13,0.9084634646932668,1.0684810875388213,1.0597804173169991,37.15384615384615,0.8888581598600764,2.2010899391523457
CHEMBL237_EC50,73489431,cliffB_oracle,noncliff,178,0.8374859688010416,0.7851433500370263,0.7888582990106929,17.702247191011235,0.7814249780302887,0.9543371383467486
CHEMBL237_EC50,73489431,cliffA,cliff,20,0.8571265706067417,1.0271302029301181,1.024687785408998,34.05,0.8750929892716324,1.9607822816551614
CHEMBL237_EC50,73489431,cliffA,noncliff,171,0.840584772371129,0.77804919991225,0.7815294512193793,17.269005847953217,0.7785002610913954,0.9314066327578858
CHEMBL237_EC50,72441423,cliffB_oracle,cliff,12,0.7313392563939676,0.9015042801495149,0.8983375193457842,32.666666666666664,0.9196732211140186,1.8453190936136572
CHEMBL237_EC50,72441423,cliffB_oracle,noncliff,179,0.8380138023081957,0.7995056534246547,0.8059872001752605,18.519553072625698,0.7921144426425741,0.8538806939529258
CHEMBL237_EC50,72441423,cliffA,cliff,20,0.754094609362047,0.8975792666574327,0.8965161028246745,32.1,0.8752691774486573,1.7930369187619846
CHEMBL237_EC50,72441423,cliffA,noncliff,171,0.8403429795476826,0.7948082728898953,0.8015134790100247,17.923976608187136,0.7912711983466232,0.81361248517952
CHEMBL237_EC50,47096259,cliffB_oracle,cliff,13,0.7564379513519373,0.8865190531251856,0.8862235362251683,27.307692307692307,0.8884796777852088,1.8106744801640597
CHEMBL237_EC50,47096259,cliffB_oracle,noncliff,178,0.8012271590871162,0.7786608686035148,0.7835778376423471,20.98876404494382,0.7814949048949462,1.0748208378218158
CHEMBL237_EC50,47096259,cliffA,cliff,22,0.727773284606543,0.9182991302801856,0.92447872298387,31.545454545454547,0.8755960699614842,1.8606295609900576
CHEMBL237_EC50,47096259,cliffA,noncliff,169,0.80734387824697,0.7682889098575206,0.7726124625123048,20.100591715976332,0.7772748826347573,1.0291303374712113
CHEMBL237_EC50,87118625,cliffB_oracle,cliff,16,0.7912524903008775,0.9789004870068378,0.989140654657299,37.8125,0.8835167950344467,1.5819490363196869
CHEMBL237_EC50,87118625,cliffB_oracle,noncliff,175,0.7960411984522128,0.7375737828826306,0.7431142467111308,19.514285714285716,0.7915553033251136,0.7267775214076737
CHEMBL237_EC50,87118625,cliffA,cliff,26,0.7336528674222264,0.8701870078211047,0.8791237923792001,33.23076923076923,0.8781454381140426,1.403743784989539
CHEMBL237_EC50,87118625,cliffA,noncliff,165,0.8054077273998387,0.740347497094624,0.745799980535083,19.12727272727273,0.7863206748877793,0.703029772228666
CHEMBL237_EC50,58055701,cliffB_oracle,cliff,13,0.7544023956074901,1.0093891076481407,1.0116959570045776,40.38461538461539,0.8830922562604712,2.0098141469114075
CHEMBL237_EC50,58055701,cliffB_oracle,noncliff,178,0.8072249804801781,0.7635783326637349,0.7679680802458501,19.196629213483146,0.7912284176392393,0.8567631312762045
CHEMBL237_EC50,58055701,cliffA,cliff,20,0.7972520073227066,0.9718713412472193,0.9772316905642541,37.15,0.8675014254786433,1.862685973082219
CHEMBL237_EC50,58055701,cliffA,noncliff,171,0.8043756580228947,0.7574370662278335,0.7615325751287321,18.707602339181285,0.7891320236220742,0.8267701860547855
CHEMBL237_EC50,20237956,cliffB_oracle,cliff,16,0.7690018638028775,0.8629560629994215,0.8511530686072575,30.0625,0.8998118343161879,1.7179625901181204
CHEMBL237_EC50,20237956,cliffB_oracle,noncliff,175,0.7807554469045572,0.7630474122948215,0.768638390335867,18.994285714285713,0.7958469054645455,0.8587549848562933
CHEMBL237_EC50,20237956,cliffA,cliff,27,0.8145507552843035,0.8524987367587981,0.8413067765723954,28.37037037037037,0.8804231829689231,1.5605399716711592
CHEMBL237_EC50,20237956,cliffA,noncliff,164,0.774044894124801,0.7577787197189908,0.7644976704904219,18.53048780487805,0.7918461272000816,0.8270423448574385
CHEMBL237_EC50,27734996,cliffB_oracle,cliff,11,0.7696747206313954,0.9293738359747992,0.9235570533724904,35.90909090909091,0.8903613465203669,1.8552825378717621
CHEMBL237_EC50,27734996,cliffB_oracle,noncliff,180,0.8021013483172571,0.7698957835473631,0.7750144924373749,20.094444444444445,0.7777243627371682,0.8633527103722696
CHEMBL237_EC50,27734996,cliffA,cliff,22,0.7127271515381964,0.9548011182497563,0.9533243466652034,39.18181818181818,0.877584996674237,1.9300396216564544
CHEMBL237_EC50,27734996,cliffA,noncliff,169,0.811625250237937,0.7554354161301703,0.7607091885453376,18.63905325443787,0.7717373182059163,0.7890575390955971
CHEMBL3979_EC50,71339737,cliffB_oracle,cliff,8,0.6455138391641412,0.7910560169871435,0.7960437043384849,31.125,0.9039383755065719,1.1197349660088936
CHEMBL3979_EC50,71339737,cliffB_oracle,noncliff,217,0.6434701019038133,0.642142379472984,0.6471427098867555,16.723502304147466,0.7927343399598592,0.7215043971361427
CHEMBL3979_EC50,71339737,cliffA,cliff,22,0.5892440558186998,0.7804098883683463,0.7869595629572592,38.09090909090909,0.8730096139234953,1.1458743877668744
CHEMBL3979_EC50,71339737,cliffA,noncliff,203,0.6494273576277301,0.6330825456809769,0.6379101915858733,14.975369458128078,0.788521914198681,0.6912073762351866
CHEMBL3979_EC50,99182118,cliffB_oracle,cliff,7,0.6164688436843646,0.7399255873910991,0.7458416267293659,20.0,0.9165072341845797,1.2807730468980516
CHEMBL3979_EC50,99182118,cliffB_oracle,noncliff,218,0.6678288306155437,0.6010410299628566,0.6086391990612893,15.788990825688073,0.7897178636828263,0.795381651800233
CHEMBL3979_EC50,99182118,cliffA,cliff,15,0.6168779239493813,0.765813570497612,0.7760917731228937,24.133333333333333,0.8985134512653666,1.4282850550266277
CHEMBL3979_EC50,99182118,cliffA,noncliff,210,0.6697561815273255,0.5936548417558436,0.6009969743457841,15.333333333333334,0.7860508281152112,0.7663539790254179
CHEMBL3979_EC50,89709943,cliffB_oracle,cliff,7,0.7068181502772367,0.817092199006886,0.8151307331482377,29.142857142857142,0.8851499667605899,1.662659501428518
CHEMBL3979_EC50,89709943,cliffB_oracle,noncliff,218,0.6203515561200625,0.541331131249171,0.5453234762400899,16.261467889908257,0.7904387658671957,0.7816389430614858
CHEMBL3979_EC50,89709943,cliffA,cliff,22,0.6868442391149544,0.7059571827698101,0.7047562893658623,25.545454545454547,0.8379336380980807,1.274775448877569
CHEMBL3979_EC50,89709943,cliffA,noncliff,203,0.6161270592393363,0.5327884764049787,0.5371473596218579,15.699507389162562,0.7885099336307021,0.7585755971531875
CHEMBL3979_EC50,86921808,cliffB_oracle,cliff,12,0.48784293678747687,0.7142477652117942,0.720376217299445,31.833333333333332,0.8966990711816409,1.2578256776038443
CHEMBL3979_EC50,86921808,cliffB_oracle,noncliff,213,0.6092423961126879,0.5820012558488068,0.5874673007059341,15.075117370892018,0.7911084008155693,0.540242486486674
CHEMBL3979_EC50,86921808,cliffA,cliff,22,0.5135638415885576,0.7166766120552011,0.7200681729031355,31.772727272727273,0.8806160300852097,1.086076723284482
CHEMBL3979_EC50,86921808,cliffA,noncliff,203,0.6124351778251426,0.5763266455320272,0.5820462215017194,14.25615763546798,0.7884260185540312,0.5235067479834931
CHEMBL3979_EC50,89165191,cliffB_oracle,cliff,5,0.6391128742074199,0.7781987323763411,0.7871106508045979,31.2,0.8985163505221004,1.3147707218208153
CHEMBL3979_EC50,89165191,cliffB_oracle,noncliff,220,0.5908774074071338,0.5594963063039777,0.5633129061274272,17.431818181818183,0.7781558837328796,0.8264782084393643
CHEMBL3979_EC50,89165191,cliffA,cliff,16,0.57274606981439,0.6464776653240123,0.6511851403482716,29.5,0.8479737632247175,1.2771562410440658
CHEMBL3979_EC50,89165191,cliffA,noncliff,209,0.5934194109262025,0.5580345925100625,0.5619062050286642,16.83732057416268,0.775629983056785,0.8036581799476518
CHEMBL3979_EC50,34332121,cliffB_oracle,cliff,4,0.7838210203081886,0.7980281040240854,0.7810738856829686,20.5,0.9248112774945438,0.7527039911853692
CHEMBL3979_EC50,34332121,cliffB_oracle,noncliff,221,0.6207931506618322,0.5652554033250974,0.5722485185011841,16.02262443438914,0.7796453676950892,0.6254209449761998
CHEMBL3979_EC50,34332121,cliffA,cliff,13,0.5780971763120604,0.7350139868884937,0.7342017534986117,26.46153846153846,0.8659806423938042,0.930646703696379
CHEMBL3979_EC50,34332121,cliffA,noncliff,212,0.6264872975728342,0.5591512368967329,0.5661715300502778,15.466981132075471,0.777053525915733,0.6091058380020221
CHEMBL3979_EC50,57652534,cliffB_oracle,cliff,8,0.5726926468910508,0.6992261663178723,0.7092135812060671,29.0,0.894596873387324,1.0389186939011814
CHEMBL3979_EC50,57652534,cliffB_oracle,noncliff,217,0.623038507909916,0.5467916862518177,0.5516993319038894,15.400921658986174,0.780328254448039,0.6274642991102001
CHEMBL3979_EC50,57652534,cliffA,cliff,14,0.5067674773845068,0.6669268742465663,0.6778267680450346,33.857142857142854,0.8925615322809562,1.1707002777448139
CHEMBL3979_EC50,57652534,cliffA,noncliff,211,0.6288443256312659,0.5444562479114237,0.5491454424515733,14.691943127962086,0.7770094820331573,0.6070203723682248
CHEMBL3979_EC50,65555877,cliffB_oracle,cliff,9,0.6519600471750479,0.764730941498822,0.7758364383771306,21.77777777777778,0.8854465817716152,0.9938965986914587
CHEMBL3979_EC50,65555877,cliffB_oracle,noncliff,216,0.61180815761012,0.5848506987209373,0.5913031257425216,16.944444444444443,0.7981249569396198,0.7317094870072025
CHEMBL3979_EC50,65555877,cliffA,cliff,17,0.5420561054934906,0.7180077684706389,0.730412577599349,23.941176470588236,0.9083276065251034,0.9427630489244541
CHEMBL3979_EC50,65555877,cliffA,noncliff,208,0.6192463878604424,0.5830225158163743,0.5892459181862852,16.58173076923077,0.7939358500782947,0.7258045516829958
CHEMBL3979_EC50,80882938,cliffB_oracle,cliff,6,0.4674985922789337,0.602635190154126,0.6096815970645995,21.833333333333332,0.9051428181747331,1.0602105720375552
CHEMBL3979_EC50,80882938,cliffB_oracle,noncliff,219,0.6174525087434326,0.5503781330516482,0.5542834316892865,14.849315068493151,0.7852203341089594,0.6885754156145059
CHEMBL3979_EC50,80882938,cliffA,cliff,13,0.47143487157268255,0.5938632122475757,0.5979732002841591,26.076923076923077,0.8965895981922853,1.015230191874052
CHEMBL3979_EC50,80882938,cliffA,noncliff,212,0.6221624416888701,0.549179258351971,0.5531616316917557,14.358490566037736,0.7817524030199661,0.6790626743275444
CHEMBL3979_EC50,62569839,cliffB_oracle,cliff,9,0.5242970989410671,0.5885467512438879,0.5916931472339235,25.77777777777778,0.8703124450523294,1.2228839060200762
CHEMBL3979_EC50,62569839,cliffB_oracle,noncliff,216,0.6063519481988261,0.5502449510359265,0.5543465866710531,16.13425925925926,0.7900342190168044,0.6543676779373476
CHEMBL3979_EC50,62569839,cliffA,cliff,18,0.5027223805009569,0.6116254438362536,0.6165683590156763,26.166666666666668,0.8509787019193154,1.0235532831617338
CHEMBL3979_EC50,62569839,cliffA,noncliff,207,0.611795612813521,0.5464058971544404,0.5503876328471269,15.681159420289855,0.7881428217545545,0.6469826787040412
CHEMBL3979_EC50,69881227,cliffB_oracle,cliff,7,0.5627578541755179,0.7376608105266615,0.7449160356017691,30.142857142857142,0.9203893485934725,0.7545737033497818
CHEMBL3979_EC50,69881227,cliffB_oracle,noncliff,218,0.6086796943786106,0.5785452204661519,0.5846634398130248,16.541284403669724,0.7844227358119491,0.6647914244274523
CHEMBL3979_EC50,69881227,cliffA,cliff,15,0.5154792034129249,0.7052759521523616,0.708052258300674,30.0,0.8993812424937456,1.0345304398038695
CHEMBL3979_EC50,69881227,cliffA,noncliff,210,0.6138061442979613,0.5746484291549164,0.5810542115615717,16.033333333333335,0.7805979273428585,0.6413742373884526
CHEMBL3979_EC50,86624677,cliffB_oracle,cliff,6,0.47257764348921866,0.7477175504228594,0.7648262073755131,21.5,0.8841762049205136,0.5930856224258894
CHEMBL3979_EC50,86624677,cliffB_oracle,noncliff,219,0.5658820451346173,0.5396468307953326,0.545530181043591,16.77625570776256,0.7777948696264909,0.570277969514891
CHEMBL3979_EC50,86624677,cliffA,cliff,23,0.4985529496191528,0.6921601467005937,0.7053332982129098,26.47826086956522,0.8654362473474465,0.8304878541419838
CHEMBL3979_EC50,86624677,cliffA,noncliff,202,0.5707768114068118,0.5281193718766803,0.5334909181002093,15.811881188118813,0.770766993729461,0.5413275664012418
CHEMBL3979_EC50,29635333,cliffB_oracle,cliff,11,0.5918103937737521,0.7094880785601608,0.7056065267467431,28.727272727272727,0.8861861850906059,1.4909809928039157
CHEMBL3979_EC50,29635333,cliffB_oracle,noncliff,214,0.6051765441329842,0.5521410514095989,0.5576800107429593,15.392523364485982,0.7841844765912459,0.5808492040176662
CHEMBL3979_EC50,29635333,cliffA,cliff,23,0.5818725257390084,0.7086271809024824,0.7078242032887866,30.695652173913043,0.8907404630269488,1.4040420541363694
CHEMBL3979_EC50,29635333,cliffA,noncliff,202,0.6071021122968945,0.5439976408300473,0.5496913386622224,14.376237623762377,0.7783433408757653,0.536680957106372
CHEMBL3979_EC50,73489431,cliffB_oracle,cliff,5,0.562467944909315,0.7752521758267814,0.767495922852033,34.4,0.8935129837678563,1.567163477674838
CHEMBL3979_EC50,73489431,cliffB_oracle,noncliff,220,0.6383066539530339,0.5857603656663907,0.587191392865219,15.668181818181818,0.7876639532242922,0.7676138383463996
CHEMBL3979_EC50,73489431,cliffA,cliff,14,0.4962581385218015,0.7304635754072215,0.733474075607555,34.714285714285715,0.8814801912995783,1.768533881930365
CHEMBL3979_EC50,73489431,cliffA,noncliff,211,0.6459345481275298,0.580421821678422,0.5815159725263148,14.848341232227488,0.7837818632226277,0.7201487558178056
CHEMBL3979_EC50,72441423,cliffB_oracle,cliff,9,0.6112741073357211,0.7139300548803281,0.7266877845184327,28.555555555555557,0.8933670168718939,0.9139153414290256
CHEMBL3979_EC50,72441423,cliffB_oracle,noncliff,216,0.6444633012634763,0.5916051196880602,0.5951742842018529,18.337962962962962,0.7817274916398352,0.7798790966405564
CHEMBL3979_EC50,72441423,cliffA,cliff,23,0.5745050673153679,0.7266384622336148,0.7392904835794641,32.43478260869565,0.8784295299665466,1.0797500937939655
CHEMBL3979_EC50,72441423,cliffA,noncliff,202,0.6509501162904897,0.5825698291842778,0.5855762702222663,17.18811881188119,0.776383808943104,0.751707281138417
CHEMBL3979_EC50,47096259,cliffB_oracle,cliff,9,0.7852349844024087,0.6487430006377853,0.6475790863782505,22.444444444444443,0.8831547613875057,1.092688426082162
CHEMBL3979_EC50,47096259,cliffB_oracle,noncliff,216,0.6082865732136662,0.604855560135173,0.6095815850561985,16.666666666666668,0.7951451328930595,0.7831053074244563
CHEMBL3979_EC50,47096259,cliffA,cliff,19,0.6348649375695,0.6846024812351537,0.6886327231669479,24.789473684210527,0.8485705611447587,1.2439259929743618
CHEMBL3979_EC50,47096259,cliffA,noncliff,206,0.6135659265046266,0.5992263916106699,0.6037524689144611,16.16990291262136,0.7940245475647567,0.7541279047180056
CHEMBL3979_EC50,87118625,cliffB_oracle,cliff,7,0.6816336821640465,0.815235678332076,0.8066433482462438,28.571428571428573,0.885328944844988,1.1971622860695812
CHEMBL3979_EC50,87118625,cliffB_oracle,noncliff,218,0.6063955964595279,0.577362082502816,0.5816931581608875,15.224770642201834,0.7878864653239027,0.6949740113439079
CHEMBL3979_EC50,87118625,cliffA,cliff,14,0.5799358041653572,0.7031558824070532,0.6995974193519506,26.071428571428573,0.8613218048611955,1.096805116753948
CHEMBL3979_EC50,87118625,cliffA,noncliff,211,0.6106472727251678,0.576893799440111,0.5813223858385588,14.947867298578199,0.7861986731440272,0.6849725063549937
CHEMBL3979_EC50,58055701,cliffB_oracle,cliff,11,0.6116675274685659,0.6852105731130621,0.6839848393815033,33.0,0.9023031190113048,1.6229806958233934
CHEMBL3979_EC50,58055701,cliffB_oracle,noncliff,214,0.6077554706971505,0.5796490142076028,0.5857017474784325,16.546728971962615,0.7872116326219488,0.7916151071781129
CHEMBL3979_EC50,58055701,cliffA,cliff,15,0.5779489852114145,0.6995044691149098,0.6989713288812379,32.53333333333333,0.9023279949831413,1.641934379117896
CHEMBL3979_EC50,58055701,cliffA,noncliff,210,0.6100894226341582,0.5765881744208261,0.5827309315644502,16.266666666666666,0.7849965408664923,0.7744257376352618
CHEMBL3979_EC50,20237956,cliffB_oracle,cliff,11,0.6474901516495758,0.7020108719872535,0.7018944472664347,30.90909090909091,0.8810221579416049,1.4102906208125894
CHEMBL3979_EC50,20237956,cliffB_oracle,noncliff,214,0.5930803938926424,0.5505562780266822,0.5537981230707703,15.271028037383177,0.7817634710200931,0.6947565324468087
CHEMBL3979_EC50,20237956,cliffA,cliff,17,0.5952889322156644,0.7152772557130568,0.7198982785350437,31.823529411764707,0.891781738104248,1.4622122569424938
CHEMBL3979_EC50,20237956,cliffA,noncliff,208,0.5957773274687717,0.5449132129167216,0.5478546251765396,14.745192307692308,0.7778905108992273,0.6698725307910249
CHEMBL3979_EC50,27734996,cliffB_oracle,cliff,11,0.6151552078529737,0.8073832554543752,0.8119872348421862,23.09090909090909,0.9001879388338366,1.179970692436209
CHEMBL3979_EC50,27734996,cliffB_oracle,noncliff,214,0.6382235999645852,0.5950996577502125,0.6010523379885012,16.070093457943926,0.7946007586261961,0.6691207060436052
CHEMBL3979_EC50,27734996,cliffA,cliff,15,0.5768951420251984,0.8089135244078458,0.8161064167236083,30.133333333333333,0.8991838495793124,1.3118073968401254
CHEMBL3979_EC50,27734996,cliffA,noncliff,210,0.6413958597544095,0.5906502270098107,0.5964323006638272,15.433333333333334,0.7925227617791927,0.6499733226548948
CHEMBL287_Ki,71339737,cliffB_oracle,cliff,8,0.7356370041285103,0.5881658038247497,0.5945747547693419,10.25,0.9394296512031066,0.9156605663504951
CHEMBL287_Ki,71339737,cliffB_oracle,noncliff,257,0.7294966879816167,0.5275852580134671,0.5348734755239186,10.09727626459144,0.7385264969727905,0.4194827955513114
CHEMBL287_Ki,71339737,cliffA,cliff,15,0.685970320280049,0.6191549917862368,0.6280396376775473,11.2,0.9078385979524455,1.0333136730226018
CHEMBL287_Ki,71339737,cliffA,noncliff,250,0.7323047601604113,0.5234699726426277,0.5306147616427102,10.036,0.7342095697466223,0.3985306315686079
CHEMBL287_Ki,99182118,cliffB_oracle,cliff,7,0.7772513857922059,0.7534036536186127,0.7510719469080979,22.857142857142858,0.9174075881689105,0.9338000325228297
CHEMBL287_Ki,99182118,cliffB_oracle,noncliff,258,0.7224374471481182,0.5817278524321626,0.5867756820427736,10.53875968992248,0.7534561678583352,0.5103056928373585
CHEMBL287_Ki,99182118,cliffA,cliff,16,0.67752351497308,0.8086407404584648,0.8119362259425942,23.8125,0.8797521777383117,1.334574817038722
CHEMBL287_Ki,99182118,cliffA,noncliff,249,0.7268644370489585,0.5704830579871826,0.5754215392263854,10.032128514056225,0.7494141483402538,0.46924607191597895
CHEMBL287_Ki,89709943,cliffB_oracle,cliff,8,0.6403132538106113,0.5587456919210891,0.5515715610733702,16.875,0.9268775808992814,0.8297478547050069
CHEMBL287_Ki,89709943,cliffB_oracle,noncliff,257,0.6745779844889538,0.5517958795153971,0.5560558506285199,11.1284046692607,0.7491652442743434,0.38733884058429463
CHEMBL287_Ki,89709943,cliffA,cliff,18,0.6332201086396066,0.5952456949837732,0.5984688649659518,16.0,0.8611557753061505,0.9489120894427437
CHEMBL287_Ki,89709943,cliffA,noncliff,247,0.6764821299134943,0.548581285802188,0.5525190870244714,10.959514170040485,0.7465363466390645,0.36074351116532133
CHEMBL287_Ki,86921808,cliffB_oracle,cliff,10,0.7178047352404,0.7533275849015186,0.7533139248065299,14.6,0.9256732181443947,1.1188298719115874
CHEMBL287_Ki,86921808,cliffB_oracle,noncliff,255,0.6900267807083399,0.5750579929100945,0.5797251472419753,10.792156862745099,0.741357349705205,0.42790248778589324
CHEMBL287_Ki,86921808,cliffA,cliff,16,0.6696656178495706,0.751438358999261,0.7548500189306384,17.25,0.8936766500014696,1.1871050974325321
CHEMBL287_Ki,86921808,cliffA,noncliff,249,0.6924507090258536,0.570268177529853,0.574812197143482,10.53012048192771,0.7386202523764109,0.40686647207067517
CHEMBL287_Ki,89165191,cliffB_oracle,cliff,7,0.6009241129277816,0.655433859861721,0.6642621216851395,27.571428571428573,0.8944660729557754,1.478169580529205
CHEMBL287_Ki,89165191,cliffB_oracle,noncliff,258,0.6725643086299605,0.5588924294726109,0.5640020279235908,10.63953488372093,0.7596618861574909,0.4355139103416532
CHEMBL287_Ki,89165191,cliffA,cliff,11,0.6267431751993832,0.6387565832182914,0.6473543699318829,19.272727272727273,0.8922100443464104,1.1308503165848007
CHEMBL287_Ki,89165191,cliffA,noncliff,254,0.6725743523221697,0.5579667871051283,0.5630200411392968,10.73228346456693,0.7573130257351617,0.4341355214544022
CHEMBL287_Ki,34332121,cliffB_oracle,cliff,8,0.6834278151285684,0.8947176706487486,0.9153318573123499,12.875,0.9401981326767872,0.9764994953217855
CHEMBL287_Ki,34332121,cliffB_oracle,noncliff,257,0.7278567766009922,0.5708125790923183,0.5751471355242482,10.964980544747082,0.7544011455656764,0.4882551244652505
CHEMBL287_Ki,34332121,cliffA,cliff,16,0.6295399209268313,0.8728160883173661,0.8917220340473181,16.375,0.9529249210392483,1.2544910348378797
CHEMBL287_Ki,34332121,cliffA,noncliff,249,0.7327468890468042,0.5607640794728146,0.5646371776674578,10.67871485943775,0.7468226500020517,0.45470564816360476
CHEMBL287_Ki,57652534,cliffB_oracle,cliff,4,0.6557100506038279,0.5896679639265273,0.6013038414484468,21.5,0.890968899521531,0.9574672775076805
CHEMBL287_Ki,57652534,cliffB_oracle,noncliff,261,0.6763757276733704,0.5782599231746376,0.583129759518216,11.375478927203066,0.7449400499553179,0.4810269699830495
CHEMBL287_Ki,57652534,cliffA,cliff,8,0.6298940152296826,0.6601368258337539,0.6675352398318455,18.375,0.8664301519564678,1.2594507349665247
CHEMBL287_Ki,57652534,cliffA,noncliff,257,0.6775009844487453,0.5755272637205329,0.5804277527254442,11.315175097276265,0.7432010122075855,0.4642112933691613
CHEMBL287_Ki,65555877,cliffB_oracle,cliff,6,0.8763475706141328,0.7813227662329356,0.7697034799949322,16.833333333333332,0.9295364340533551,1.7258267642667786
CHEMBL287_Ki,65555877,cliffB_oracle,noncliff,259,0.7250341812891018,0.566707059943668,0.5702136979775717,10.571428571428571,0.7471310121735139,0.5022641170709908
CHEMBL287_Ki,65555877,cliffA,cliff,21,0.8081476757711747,0.7375167751568069,0.7352896252146012,16.428571428571427,0.8277950064566022,1.403720071936721
CHEMBL287_Ki,65555877,cliffA,noncliff,244,0.7216017917474078,0.5554909146668862,0.559142206368433,10.221311475409836,0.744206566570266,0.45476739916523
CHEMBL287_Ki,80882938,cliffB_oracle,cliff,5,0.6880450970103988,0.556440917573407,0.555458409961618,33.2,0.8810511266813912,0.583497397175665
CHEMBL287_Ki,80882938,cliffB_oracle,noncliff,260,0.7261775937192393,0.605217334691521,0.6098427418670933,10.776923076923078,0.7369237879443736,0.4803949808502184
CHEMBL287_Ki,80882938,cliffA,cliff,24,0.748748015614817,0.7495830952627909,0.7568241244138418,17.458333333333332,0.8220889595725264,1.4021734304507116
CHEMBL287_Ki,80882938,cliffA,noncliff,241,0.7231387862128572,0.5871263086461499,0.5913087182541694,10.576763485477178,0.730468532210761,0.3907386708552615
CHEMBL287_Ki,62569839,cliffB_oracle,cliff,6,0.6020207676660582,0.5773838629611528,0.5844240901984311,21.5,0.9402107151320402,1.28522234739624
CHEMBL287_Ki,62569839,cliffB_oracle,noncliff,259,0.6964273442033388,0.5765527906883783,0.5802060909323443,11.111969111969112,0.7433232549976923,0.4923386784986708
CHEMBL287_Ki,62569839,cliffA,cliff,15,0.6489613273298711,0.6335013098614745,0.6330481731347398,15.733333333333333,0.8725779947353625,1.0879570630803552
CHEMBL287_Ki,62569839,cliffA,noncliff,250,0.6970095473788521,0.5727100696297367,0.5767340400842023,11.084,0.7398956697702761,0.4756307834773114
CHEMBL287_Ki,69881227,cliffB_oracle,cliff,8,0.6227801345256192,0.6778728659323032,0.6797489759181155,16.0,0.9156949604713585,0.3997908301591593
CHEMBL287_Ki,69881227,cliffB_oracle,noncliff,257,0.7220242477582962,0.5604265394538992,0.565204974642602,11.120622568093385,0.7549466914820819,0.38327999443146676
CHEMBL287_Ki,69881227,cliffA,cliff,18,0.6942918644071127,0.7533313718702563,0.7556997858734216,18.22222222222222,0.8855793792821134,1.1514479861394233
CHEMBL287_Ki,69881227,cliffA,noncliff,247,0.72083084692615,0.5489141923099575,0.5537842719519173,10.761133603238866,0.7501039540798713,0.32783490469494175
CHEMBL287_Ki,86624677,cliffB_oracle,cliff,11,0.6938599886105349,0.8725190844061314,0.8796262635394133,17.454545454545453,0.9127248543284981,1.3537609537787818
CHEMBL287_Ki,86624677,cliffB_oracle,noncliff,254,0.6807685731291497,0.5389707273074503,0.5445233598439443,10.952755905511811,0.7459891460485559,0.37671877941178317
CHEMBL287_Ki,86624677,cliffA,cliff,19,0.7195380468519561,0.8081641169206099,0.8112042757056275,15.210526315789474,0.8434278434893959,1.0822812960472636
CHEMBL287_Ki,86624677,cliffA,noncliff,246,0.6783595713794013,0.5321193411720735,0.5379792581343622,10.914634146341463,0.745907428227245,0.3659129912083802
CHEMBL287_Ki,29635333,cliffB_oracle,cliff,8,0.7742777165583656,0.6719678612949782,0.6655866153622099,17.0,0.9433545396856104,0.8101552755614119
CHEMBL287_Ki,29635333,cliffB_oracle,noncliff,257,0.7016962197903719,0.5703991225973859,0.5776700201285835,11.035019455252918,0.7503828240318537,0.3637742652827043
CHEMBL287_Ki,29635333,cliffA,cliff,16,0.6419632170086902,0.6861032212772915,0.6865653277152252,15.4375,0.9276530548161721,1.0768552239814664
CHEMBL287_Ki,29635333,cliffA,noncliff,249,0.7078664206684877,0.5658030355650949,0.5730727096882418,10.943775100401606,0.7446635763888492,0.33229536063631654
CHEMBL287_Ki,73489431,cliffB_oracle,cliff,5,0.7201516095187855,0.6611703772250823,0.6731297087443181,17.4,0.9149534706331044,1.4612702211965198
CHEMBL287_Ki,73489431,cliffB_oracle,noncliff,260,0.6765313587580999,0.5550850510947076,0.5609220331537008,11.392307692307693,0.757399237827408,0.40832956374106183
CHEMBL287_Ki,73489431,cliffA,cliff,11,0.6771493118740554,0.6310334968953885,0.6354569635193456,17.09090909090909,0.8875255652537306,1.3318093464992593
CHEMBL287_Ki,73489431,cliffA,noncliff,254,0.6773632633625404,0.5537049322116505,0.5597507849361941,11.263779527559056,0.7544869372045072,0.389063523099082
CHEMBL287_Ki,72441423,cliffB_oracle,cliff,2,0.5791967616043138,0.7586181616771658,0.7559761059530761,44.0,0.8597424412094066,1.8660600192769081
CHEMBL287_Ki,72441423,cliffB_oracle,noncliff,263,0.6851136445757556,0.5425605830787242,0.5468970804706891,11.288973384030419,0.7427410925221354,0.4422468491458662
CHEMBL287_Ki,72441423,cliffA,cliff,14,0.5384153843551577,0.6882517018071056,0.6903330571974469,19.357142857142858,0.8343170823894281,1.095322052414011
CHEMBL287_Ki,72441423,cliffA,noncliff,251,0.6924520584289248,0.5352865536443331,0.5397027563837667,11.099601593625499,0.7379987343286171,0.4171654686458984
CHEMBL287_Ki,47096259,cliffB_oracle,cliff,1,0.730237839170289,0.5066935710692572,0.49081219805785,9.0,0.8636363636363636,0.2951211360534618
CHEMBL287_Ki,47096259,cliffB_oracle,noncliff,264,0.6846029777561894,0.5751475646871582,0.579804566435011,11.662878787878787,0.7557739506591185,0.5294848036926741
CHEMBL287_Ki,47096259,cliffA,cliff,14,0.720655516314894,0.6192031355312863,0.6244559425443459,14.214285714285714,0.8335104286760024,1.2449251877655418
CHEMBL287_Ki,47096259,cliffA,noncliff,251,0.6827738913880309,0.5721421612422648,0.5766724978652398,11.50996015936255,0.7514737389079817,0.4886460425585731
CHEMBL287_Ki,87118625,cliffB_oracle,cliff,6,0.6665833356010035,0.5957302937976593,0.596893221853723,15.5,0.9249203618696612,0.536203911331059
CHEMBL287_Ki,87118625,cliffB_oracle,noncliff,259,0.7111236959844108,0.534775893932355,0.5377387432293891,10.44015444015444,0.7436672506349764,0.4638002422070561
CHEMBL287_Ki,87118625,cliffA,cliff,13,0.5715332387914196,0.7179074245574514,0.7268250309897772,16.846153846153847,0.9295974558817478,1.379080373460616
CHEMBL287_Ki,87118625,cliffA,noncliff,252,0.7172643062273015,0.5254902556884176,0.5280466009752921,10.23015873015873,0.7375401815068663,0.4183073069231186
CHEMBL287_Ki,58055701,cliffB_oracle,cliff,5,0.6350056969135786,0.5268142015263798,0.5157839871045704,11.8,0.9214800637958532,0.8302951890358568
CHEMBL287_Ki,58055701,cliffB_oracle,noncliff,260,0.7021284756255428,0.5641670981274526,0.5715708690371768,10.203846153846154,0.7540454941949378,0.41829297987860925
CHEMBL287_Ki,58055701,cliffA,cliff,14,0.5818090856819971,0.6712246966192953,0.6759661255836675,16.357142857142858,0.9285114585401298,1.0376550402098808
CHEMBL287_Ki,58055701,cliffA,noncliff,251,0.7075024101500441,0.5563272336535402,0.5634756690310656,9.892430278884461,0.7465787469724815,0.3919541041859735
CHEMBL287_Ki,20237956,cliffB_oracle,cliff,5,0.8783943132072481,0.8004659918940513,0.7910539335533323,16.2,0.9206614989308826,1.3246097418987393
CHEMBL287_Ki,20237956,cliffB_oracle,noncliff,260,0.7030645080879131,0.5876392274968527,0.5930877542033496,11.38076923076923,0.7501538949079759,0.46175322354099135
CHEMBL287_Ki,20237956,cliffA,cliff,14,0.7207468349388251,0.7478905094032564,0.7476699458637549,20.214285714285715,0.9264695111732378,1.604834765432916
CHEMBL287_Ki,20237956,cliffA,noncliff,251,0.7055708684452195,0.5823741197972829,0.5878452551564936,10.98406374501992,0.7429401421954799,0.4151840641995642
CHEMBL287_Ki,27734996,cliffB_oracle,cliff,10,0.5601147750200604,0.7115107357317607,0.7467859692396901,20.6,0.9456172310019383,0.8650606270760918
CHEMBL287_Ki,27734996,cliffB_oracle,noncliff,255,0.6996006388102849,0.5477971482162601,0.5517459451574698,10.713725490196078,0.7457298240294218,0.4075881157390839
CHEMBL287_Ki,27734996,cliffA,cliff,19,0.5746725505792601,0.7318211683787941,0.7611073827717245,17.473684210526315,0.923969891577433,0.9190831706123388
CHEMBL287_Ki,27734996,cliffA,noncliff,246,0.7035793991293385,0.5389432410356261,0.5420913400439049,10.59349593495935,0.7391217896785311,0.3866788436690767
