seed,method,group_def,side,n,k,coverage,ci_lo,ci_hi,mean_width,worst_d_wstd_cov,worst_d_wstd_spread,worst_rf_std_cov,worst_rf_std_spread,dataset
71339737,global,cliffB_oracle,all,629,504,0.8012718600953895,0.768299380570871,0.8305867933948329,1.7181257773964307,,,,,CHEMBL233_Ki
71339737,global,cliffB_oracle,cliff,30,14,0.4666666666666667,0.30232388907699753,0.638577003801267,1.7181257773964305,,,,,CHEMBL233_Ki
71339737,global,cliffB_oracle,noncliff,599,490,0.8180300500834724,0.785138277265361,0.8468686864649198,1.7181257773964305,,,,,CHEMBL233_Ki
71339737,global,cliffA,all,629,504,0.8012718600953895,0.768299380570871,0.8305867933948329,1.7181257773964307,,,,,CHEMBL233_Ki
71339737,global,cliffA,cliff,55,34,0.6181818181818182,0.4860922023248993,0.7348404574110621,1.718125777396431,,,,,CHEMBL233_Ki
71339737,global,cliffA,noncliff,574,470,0.818815331010453,0.7852195230124485,0.8481722047928956,1.7181257773964307,,,,,CHEMBL233_Ki
71339737,global,__bins__,__summary__,-1,-1,,,,1.7181257773964307,0.7162162162162162,0.1754504504504505,0.6507936507936508,0.26984126984126977,CHEMBL233_Ki
71339737,mondrian_pair,cliffB_oracle,all,629,501,0.7965023847376789,0.7632839080751661,0.826121218281582,1.7021439722121174,,,,,CHEMBL233_Ki
71339737,mondrian_pair,cliffB_oracle,cliff,30,14,0.4666666666666667,0.30232388907699753,0.638577003801267,1.6386856242703096,,,,,CHEMBL233_Ki
71339737,mondrian_pair,cliffB_oracle,noncliff,599,487,0.8130217028380634,0.7798393560605458,0.8422147420991793,1.705322186633243,,,,,CHEMBL233_Ki
71339737,mondrian_pair,cliffA,all,629,501,0.7965023847376789,0.7632839080751661,0.826121218281582,1.7021439722121174,,,,,CHEMBL233_Ki
71339737,mondrian_pair,cliffA,cliff,55,32,0.5818181818181818,0.45033103735230756,0.7026223424648965,1.6333532749475668,,,,,CHEMBL233_Ki
71339737,mondrian_pair,cliffA,noncliff,574,469,0.8170731707317073,0.7833729477165634,0.8465576231062377,1.708735415329801,,,,,CHEMBL233_Ki
71339737,mondrian_pair,__bins__,__summary__,-1,-1,,,,1.7021439722121174,0.7027027027027027,0.18896396396396398,0.6507936507936508,0.26984126984126977,CHEMBL233_Ki
71339737,mondrian_wstd,cliffB_oracle,all,629,508,0.8076311605723371,0.7749974367196583,0.8365301340579866,1.7563785832441836,,,,,CHEMBL233_Ki
71339737,mondrian_wstd,cliffB_oracle,cliff,30,18,0.6,0.42320360253322475,0.7540937188319815,2.019004328089877,,,,,CHEMBL233_Ki
71339737,mondrian_wstd,cliffB_oracle,noncliff,599,490,0.8180300500834724,0.785138277265361,0.8468686864649198,1.7432253739864696,,,,,CHEMBL233_Ki
71339737,mondrian_wstd,cliffA,all,629,508,0.8076311605723371,0.7749974367196583,0.8365301340579866,1.7563785832441836,,,,,CHEMBL233_Ki
71339737,mondrian_wstd,cliffA,cliff,55,40,0.7272727272727273,0.5976780188832919,0.8271924806089416,1.9917477374377146,,,,,CHEMBL233_Ki
71339737,mondrian_wstd,cliffA,noncliff,574,468,0.8153310104529616,0.7815274288939863,0.8449419849462719,1.7338257897238978,,,,,CHEMBL233_Ki
71339737,mondrian_wstd,__bins__,__summary__,-1,-1,,,,1.7563785832441836,0.7583333333333333,0.14031531531531538,0.7222222222222222,0.1507936507936508,CHEMBL233_Ki
71339737,mondrian_std,cliffB_oracle,all,629,506,0.8044515103338633,0.7716468483931517,0.8335600239785227,1.7814142741772847,,,,,CHEMBL233_Ki
71339737,mondrian_std,cliffB_oracle,cliff,30,18,0.6,0.42320360253322475,0.7540937188319815,2.045347805133804,,,,,CHEMBL233_Ki
71339737,mondrian_std,cliffB_oracle,noncliff,599,488,0.8146911519198664,0.7816047235702976,0.8437669964462793,1.7681955664499138,,,,,CHEMBL233_Ki
71339737,mondrian_std,cliffA,all,629,506,0.8044515103338633,0.7716468483931517,0.8335600239785227,1.7814142741772847,,,,,CHEMBL233_Ki
71339737,mondrian_std,cliffA,cliff,55,40,0.7272727272727273,0.5976780188832919,0.8271924806089416,2.0184762231652567,,,,,CHEMBL233_Ki
71339737,mondrian_std,cliffA,noncliff,574,466,0.8118466898954704,0.7778395151427419,0.8417075847324306,1.7586992790651972,,,,,CHEMBL233_Ki
71339737,mondrian_std,__bins__,__summary__,-1,-1,,,,1.7814142741772847,0.7666666666666667,0.12522522522522517,0.7222222222222222,0.1507936507936508,CHEMBL233_Ki
71339737,mondrian_iqr,cliffB_oracle,all,629,507,0.8060413354531002,0.7733217489089136,0.835045472665746,1.727342081622307,,,,,CHEMBL233_Ki
71339737,mondrian_iqr,cliffB_oracle,cliff,30,19,0.6333333333333333,0.4551356365479487,0.7812607919389929,1.9578242900746126,,,,,CHEMBL233_Ki
71339737,mondrian_iqr,cliffB_oracle,noncliff,599,488,0.8146911519198664,0.7816047235702976,0.8437669964462793,1.715798732284128,,,,,CHEMBL233_Ki
71339737,mondrian_iqr,cliffA,all,629,507,0.8060413354531002,0.7733217489089136,0.835045472665746,1.727342081622307,,,,,CHEMBL233_Ki
71339737,mondrian_iqr,cliffA,cliff,55,39,0.7090909090909091,0.5785927950724501,0.8122880644604047,1.8910648476213048,,,,,CHEMBL233_Ki
71339737,mondrian_iqr,cliffA,noncliff,574,468,0.8153310104529616,0.7815274288939863,0.8449419849462719,1.7116543601415666,,,,,CHEMBL233_Ki
71339737,mondrian_iqr,__bins__,__summary__,-1,-1,,,,1.727342081622307,0.7768595041322314,0.0648071625344353,0.7063492063492064,0.19047619047619047,CHEMBL233_Ki
71339737,mondrian_nb,cliffB_oracle,all,629,506,0.8044515103338633,0.7716468483931517,0.8335600239785227,1.759127126338338,,,,,CHEMBL233_Ki
71339737,mondrian_nb,cliffB_oracle,cliff,30,14,0.4666666666666667,0.30232388907699753,0.638577003801267,1.5447266948687386,,,,,CHEMBL233_Ki
71339737,mondrian_nb,cliffB_oracle,noncliff,599,492,0.8213689482470785,0.7886756555409844,0.8499665519030002,1.7698650444419912,,,,,CHEMBL233_Ki
71339737,mondrian_nb,cliffA,all,629,506,0.8044515103338633,0.7716468483931517,0.8335600239785227,1.759127126338338,,,,,CHEMBL233_Ki
71339737,mondrian_nb,cliffA,cliff,55,32,0.5818181818181818,0.45033103735230756,0.7026223424648965,1.5528597806009048,,,,,CHEMBL233_Ki
71339737,mondrian_nb,cliffA,noncliff,574,474,0.8257839721254355,0.7926166277251697,0.8546197280103457,1.7788914190483707,,,,,CHEMBL233_Ki
71339737,mondrian_nb,__bins__,__summary__,-1,-1,,,,1.759127126338338,0.7432432432432432,0.1400900900900901,0.7222222222222222,0.16666666666666663,CHEMBL233_Ki
71339737,mondrian_nnsim,cliffB_oracle,all,629,508,0.8076311605723371,0.7749974367196583,0.8365301340579866,1.7608156338525853,,,,,CHEMBL233_Ki
71339737,mondrian_nnsim,cliffB_oracle,cliff,30,13,0.43333333333333335,0.2737748557646652,0.6080269299918639,1.5737786134197416,,,,,CHEMBL233_Ki
71339737,mondrian_nnsim,cliffB_oracle,noncliff,599,495,0.8263772954924875,0.7939890764213215,0.8546059965932187,1.7701830973133286,,,,,CHEMBL233_Ki
71339737,mondrian_nnsim,cliffA,all,629,508,0.8076311605723371,0.7749974367196583,0.8365301340579866,1.7608156338525853,,,,,CHEMBL233_Ki
71339737,mondrian_nnsim,cliffA,cliff,55,31,0.5636363636363636,0.43269816346414447,0.6862655763936809,1.5669707796732757,,,,,CHEMBL233_Ki
71339737,mondrian_nnsim,cliffA,noncliff,574,477,0.8310104529616724,0.7981761531943158,0.8594436734888281,1.779389618138059,,,,,CHEMBL233_Ki
71339737,mondrian_nnsim,__bins__,__summary__,-1,-1,,,,1.7608156338525853,0.7297297297297297,0.1536036036036036,0.7222222222222222,0.17460317460317465,CHEMBL233_Ki
71339737,mondrian_pairgap,cliffB_oracle,all,629,505,0.8028616852146264,0.7699727279669655,0.8320737952017236,1.7510507030226545,,,,,CHEMBL233_Ki
71339737,mondrian_pairgap,cliffB_oracle,cliff,30,14,0.4666666666666667,0.30232388907699753,0.638577003801267,1.631950086257074,,,,,CHEMBL233_Ki
71339737,mondrian_pairgap,cliffB_oracle,noncliff,599,491,0.8196994991652755,0.7869064832401564,0.8484181023469763,1.7570156754816986,,,,,CHEMBL233_Ki
71339737,mondrian_pairgap,cliffA,all,629,505,0.8028616852146264,0.7699727279669655,0.8320737952017236,1.7510507030226545,,,,,CHEMBL233_Ki
71339737,mondrian_pairgap,cliffA,cliff,55,33,0.6,0.46812799210121386,0.7188150276753689,1.6144766578606664,,,,,CHEMBL233_Ki
71339737,mondrian_pairgap,cliffA,noncliff,574,472,0.8222996515679443,0.7889158902028972,0.8513981515675326,1.7641370662350402,,,,,CHEMBL233_Ki
71339737,mondrian_pairgap,__bins__,__summary__,-1,-1,,,,1.7510507030226545,0.7162162162162162,0.1754504504504505,0.6666666666666666,0.23809523809523814,CHEMBL233_Ki
71339737,mondrian_rfstd,cliffB_oracle,all,629,505,0.8028616852146264,0.7699727279669655,0.8320737952017236,1.7292471808922332,,,,,CHEMBL233_Ki
71339737,mondrian_rfstd,cliffB_oracle,cliff,30,14,0.4666666666666667,0.30232388907699753,0.638577003801267,1.8056772696337429,,,,,CHEMBL233_Ki
71339737,mondrian_rfstd,cliffB_oracle,noncliff,599,491,0.8196994991652755,0.7869064832401564,0.8484181023469763,1.7254192966480841,,,,,CHEMBL233_Ki
71339737,mondrian_rfstd,cliffA,all,629,505,0.8028616852146264,0.7699727279669655,0.8320737952017236,1.7292471808922332,,,,,CHEMBL233_Ki
71339737,mondrian_rfstd,cliffA,cliff,55,33,0.6,0.46812799210121386,0.7188150276753689,1.8044205914398055,,,,,CHEMBL233_Ki
71339737,mondrian_rfstd,cliffA,noncliff,574,472,0.8222996515679443,0.7889158902028972,0.8513981515675326,1.7220441537491735,,,,,CHEMBL233_Ki
71339737,mondrian_rfstd,__bins__,__summary__,-1,-1,,,,1.7292471808922332,0.768595041322314,0.08973829201101924,0.7777777777777778,0.0714285714285714,CHEMBL233_Ki
99182118,global,cliffB_oracle,all,629,500,0.794912559618442,0.7616135849876975,0.8246311921660654,1.7965511998247907,,,,,CHEMBL233_Ki
99182118,global,cliffB_oracle,cliff,27,7,0.25925925925925924,0.1317037456190719,0.44678571314553067,1.7965511998247905,,,,,CHEMBL233_Ki
99182118,global,cliffB_oracle,noncliff,602,493,0.8189368770764119,0.7861853904275413,0.8476437977357751,1.7965511998247905,,,,,CHEMBL233_Ki
99182118,global,cliffA,all,629,500,0.794912559618442,0.7616135849876975,0.8246311921660654,1.7965511998247907,,,,,CHEMBL233_Ki
99182118,global,cliffA,cliff,64,32,0.5,0.3810209474394701,0.6189790525605299,1.7965511998247905,,,,,CHEMBL233_Ki
99182118,global,cliffA,noncliff,565,468,0.8283185840707965,0.7950328177027057,0.857169996011236,1.7965511998247905,,,,,CHEMBL233_Ki
99182118,global,__bins__,__summary__,-1,-1,,,,1.7965511998247907,0.6554054054054054,0.21126126126126132,0.626984126984127,0.30952380952380953,CHEMBL233_Ki
99182118,mondrian_pair,cliffB_oracle,all,629,499,0.7933227344992051,0.7599440016882492,0.8231404262625285,1.7964286323494474,,,,,CHEMBL233_Ki
99182118,mondrian_pair,cliffB_oracle,cliff,27,7,0.25925925925925924,0.1317037456190719,0.44678571314553067,1.7700724131057792,,,,,CHEMBL233_Ki
99182118,mondrian_pair,cliffB_oracle,noncliff,602,492,0.8172757475083057,0.7844266413230462,0.8461013531519198,1.7976107219168544,,,,,CHEMBL233_Ki
99182118,mondrian_pair,cliffA,all,629,499,0.7933227344992051,0.7599440016882492,0.8231404262625285,1.7964286323494474,,,,,CHEMBL233_Ki
99182118,mondrian_pair,cliffA,cliff,64,32,0.5,0.3810209474394701,0.6189790525605299,1.7750978598313951,,,,,CHEMBL233_Ki
99182118,mondrian_pair,cliffA,noncliff,565,467,0.8265486725663717,0.793149992808409,0.8555369027723038,1.7988448614488375,,,,,CHEMBL233_Ki
99182118,mondrian_pair,__bins__,__summary__,-1,-1,,,,1.7964286323494474,0.6554054054054054,0.21959459459459463,0.6190476190476191,0.31746031746031744,CHEMBL233_Ki
99182118,mondrian_wstd,cliffB_oracle,all,629,506,0.8044515103338633,0.7716468483931517,0.8335600239785227,1.8435989686333778,,,,,CHEMBL233_Ki
99182118,mondrian_wstd,cliffB_oracle,cliff,27,9,0.3333333333333333,0.18643261498715644,0.5217523949267991,1.9876202312298659,,,,,CHEMBL233_Ki
99182118,mondrian_wstd,cliffB_oracle,noncliff,602,497,0.8255813953488372,0.7932299875288072,0.8538039753879118,1.8371395432345314,,,,,CHEMBL233_Ki
99182118,mondrian_wstd,cliffA,all,629,506,0.8044515103338633,0.7716468483931517,0.8335600239785227,1.8435989686333778,,,,,CHEMBL233_Ki
99182118,mondrian_wstd,cliffA,cliff,64,39,0.609375,0.4869191788027247,0.7194443081175993,2.0178826716084988,,,,,CHEMBL233_Ki
99182118,mondrian_wstd,cliffA,noncliff,565,467,0.8265486725663717,0.793149992808409,0.8555369027723038,1.8238570978538946,,,,,CHEMBL233_Ki
99182118,mondrian_wstd,__bins__,__summary__,-1,-1,,,,1.8435989686333778,0.7916666666666666,0.026515151515151603,0.6666666666666666,0.24603174603174605,CHEMBL233_Ki
99182118,mondrian_std,cliffB_oracle,all,629,502,0.7980922098569158,0.7649549773370766,0.8276104982226568,1.8290461894809367,,,,,CHEMBL233_Ki
99182118,mondrian_std,cliffB_oracle,cliff,27,8,0.2962962962962963,0.1585304046977976,0.4848068296414814,1.9390250658316817,,,,,CHEMBL233_Ki
99182118,mondrian_std,cliffB_oracle,noncliff,602,494,0.8205980066445183,0.7879450892918258,0.8491852925598415,1.8241135820698566,,,,,CHEMBL233_Ki
99182118,mondrian_std,cliffA,all,629,502,0.7980922098569158,0.7649549773370766,0.8276104982226568,1.8290461894809367,,,,,CHEMBL233_Ki
99182118,mondrian_std,cliffA,cliff,64,37,0.578125,0.456100315400829,0.6913021752565451,1.9567610140701477,,,,,CHEMBL233_Ki
99182118,mondrian_std,cliffA,noncliff,565,465,0.8230088495575221,0.7893878355479161,0.852267223766339,1.8145793774920702,,,,,CHEMBL233_Ki
99182118,mondrian_std,__bins__,__summary__,-1,-1,,,,1.8290461894809367,0.7635135135135135,0.054668304668304746,0.6507936507936508,0.26190476190476186,CHEMBL233_Ki
99182118,mondrian_iqr,cliffB_oracle,all,629,509,0.809220985691574,0.7766739191808109,0.8380140007998192,1.8221374897409843,,,,,CHEMBL233_Ki
99182118,mondrian_iqr,cliffB_oracle,cliff,27,11,0.4074074074074074,0.24514757074395552,0.592732990319353,1.9960695369519266,,,,,CHEMBL233_Ki
99182118,mondrian_iqr,cliffB_oracle,noncliff,602,498,0.8272425249169435,0.7949935897378378,0.8553415668672318,1.8143365507464735,,,,,CHEMBL233_Ki
99182118,mondrian_iqr,cliffA,all,629,509,0.809220985691574,0.7766739191808109,0.8380140007998192,1.8221374897409843,,,,,CHEMBL233_Ki
99182118,mondrian_iqr,cliffA,cliff,64,40,0.625,0.502503786840045,0.7333401982117536,1.9700900966782076,,,,,CHEMBL233_Ki
99182118,mondrian_iqr,cliffA,noncliff,565,469,0.8300884955752212,0.7969168255209383,0.8588019063262321,1.8053782563888034,,,,,CHEMBL233_Ki
99182118,mondrian_iqr,__bins__,__summary__,-1,-1,,,,1.8221374897409843,0.7702702702702703,0.10576278758096935,0.7301587301587301,0.16666666666666674,CHEMBL233_Ki
99182118,mondrian_nb,cliffB_oracle,all,629,507,0.8060413354531002,0.7733217489089136,0.835045472665746,1.8701291602850543,,,,,CHEMBL233_Ki
99182118,mondrian_nb,cliffB_oracle,cliff,27,8,0.2962962962962963,0.1585304046977976,0.4848068296414814,1.7878402706919319,,,,,CHEMBL233_Ki
99182118,mondrian_nb,cliffB_oracle,noncliff,602,499,0.8289036544850499,0.7967581951075545,0.8568781551858659,1.8738198579910577,,,,,CHEMBL233_Ki
99182118,mondrian_nb,cliffA,all,629,507,0.8060413354531002,0.7733217489089136,0.835045472665746,1.8701291602850543,,,,,CHEMBL233_Ki
99182118,mondrian_nb,cliffA,cliff,64,29,0.453125,0.3372944778061167,0.5742640277994588,1.6908420119406933,,,,,CHEMBL233_Ki
99182118,mondrian_nb,cliffA,noncliff,565,478,0.8460176991150442,0.8139286546458199,0.8734333404004097,1.8904377930178664,,,,,CHEMBL233_Ki
99182118,mondrian_nb,__bins__,__summary__,-1,-1,,,,1.8701291602850543,0.7094594594594594,0.22442483806120173,0.7301587301587301,0.16666666666666674,CHEMBL233_Ki
99182118,mondrian_nnsim,cliffB_oracle,all,629,495,0.7869634340222575,0.7532729429226158,0.8171700882162208,1.7840331704566486,,,,,CHEMBL233_Ki
99182118,mondrian_nnsim,cliffB_oracle,cliff,27,6,0.2222222222222222,0.10607239452360037,0.4075692886663257,1.828935962611653,,,,,CHEMBL233_Ki
99182118,mondrian_nnsim,cliffB_oracle,noncliff,602,489,0.8122923588039868,0.7791559940956645,0.8414684193142499,1.7820192578516898,,,,,CHEMBL233_Ki
99182118,mondrian_nnsim,cliffA,all,629,495,0.7869634340222575,0.7532729429226158,0.8171700882162208,1.7840331704566486,,,,,CHEMBL233_Ki
99182118,mondrian_nnsim,cliffA,cliff,64,29,0.453125,0.3372944778061167,0.5742640277994588,1.7668217795443042,,,,,CHEMBL233_Ki
99182118,mondrian_nnsim,cliffA,noncliff,565,466,0.8247787610619469,0.7912683366886001,0.853902640758884,1.7859827793387548,,,,,CHEMBL233_Ki
99182118,mondrian_nnsim,__bins__,__summary__,-1,-1,,,,1.7840331704566486,0.6351351351351351,0.24819819819819822,0.6825396825396826,0.23015873015873012,CHEMBL233_Ki
99182118,mondrian_pairgap,cliffB_oracle,all,629,499,0.7933227344992051,0.7599440016882492,0.8231404262625285,1.8217921335380773,,,,,CHEMBL233_Ki
99182118,mondrian_pairgap,cliffB_oracle,cliff,27,7,0.25925925925925924,0.1317037456190719,0.44678571314553067,1.7264584641034781,,,,,CHEMBL233_Ki
99182118,mondrian_pairgap,cliffB_oracle,noncliff,602,492,0.8172757475083057,0.7844266413230462,0.8461013531519198,1.826067896120692,,,,,CHEMBL233_Ki
99182118,mondrian_pairgap,cliffA,all,629,499,0.7933227344992051,0.7599440016882492,0.8231404262625285,1.8217921335380773,,,,,CHEMBL233_Ki
99182118,mondrian_pairgap,cliffA,cliff,64,31,0.484375,0.3663355166543264,0.6041839852141988,1.7362355144441484,,,,,CHEMBL233_Ki
99182118,mondrian_pairgap,cliffA,noncliff,565,468,0.8283185840707965,0.7950328177027057,0.857169996011236,1.8314835027805754,,,,,CHEMBL233_Ki
99182118,mondrian_pairgap,__bins__,__summary__,-1,-1,,,,1.8217921335380773,0.6621621621621622,0.20560643287916014,0.6507936507936508,0.25396825396825395,CHEMBL233_Ki
99182118,mondrian_rfstd,cliffB_oracle,all,629,498,0.7917329093799682,0.7582751519145945,0.8216489268331979,1.7939457417014193,,,,,CHEMBL233_Ki
99182118,mondrian_rfstd,cliffB_oracle,cliff,27,10,0.37037037037037035,0.21532512960965597,0.5577076558789761,1.9008645118865957,,,,,CHEMBL233_Ki
99182118,mondrian_rfstd,cliffB_oracle,noncliff,602,488,0.8106312292358804,0.7774009466482735,0.8399222730732899,1.7891503815768348,,,,,CHEMBL233_Ki
99182118,mondrian_rfstd,cliffA,all,629,498,0.7917329093799682,0.7582751519145945,0.8216489268331979,1.7939457417014193,,,,,CHEMBL233_Ki
99182118,mondrian_rfstd,cliffA,cliff,64,32,0.5,0.3810209474394701,0.6189790525605299,1.7753119183134896,,,,,CHEMBL233_Ki
99182118,mondrian_rfstd,cliffA,noncliff,565,466,0.8247787610619469,0.7912683366886001,0.853902640758884,1.7960564756781052,,,,,CHEMBL233_Ki
99182118,mondrian_rfstd,__bins__,__summary__,-1,-1,,,,1.7939457417014193,0.7567567567567568,0.07795398704489609,0.746031746031746,0.10317460317460314,CHEMBL233_Ki
89709943,global,cliffB_oracle,all,629,510,0.8108108108108109,0.7783512038020606,0.8394970653815548,1.8267127368566862,,,,,CHEMBL233_Ki
89709943,global,cliffB_oracle,cliff,18,8,0.4444444444444444,0.24559518127005633,0.6628358435795723,1.8267127368566858,,,,,CHEMBL233_Ki
89709943,global,cliffB_oracle,noncliff,611,502,0.8216039279869067,0.7892664497943596,0.8499227173672037,1.8267127368566864,,,,,CHEMBL233_Ki
89709943,global,cliffA,all,629,510,0.8108108108108109,0.7783512038020606,0.8394970653815548,1.8267127368566862,,,,,CHEMBL233_Ki
89709943,global,cliffA,cliff,45,27,0.6,0.45451854590351387,0.7297511343499083,1.8267127368566867,,,,,CHEMBL233_Ki
89709943,global,cliffA,noncliff,584,483,0.827054794520548,0.7942698319966228,0.8555652455876537,1.8267127368566862,,,,,CHEMBL233_Ki
89709943,global,__bins__,__summary__,-1,-1,,,,1.8267127368566862,0.7191780821917808,0.1981772897090457,0.6349206349206349,0.2936507936507937,CHEMBL233_Ki
89709943,mondrian_pair,cliffB_oracle,all,629,509,0.809220985691574,0.7766739191808109,0.8380140007998192,1.812159343380964,,,,,CHEMBL233_Ki
89709943,mondrian_pair,cliffB_oracle,cliff,18,8,0.4444444444444444,0.24559518127005633,0.6628358435795723,1.8446333788424714,,,,,CHEMBL233_Ki
89709943,mondrian_pair,cliffB_oracle,noncliff,611,501,0.8199672667757774,0.7875327212182327,0.8484035748636277,1.8112026614852075,,,,,CHEMBL233_Ki
89709943,mondrian_pair,cliffA,all,629,509,0.809220985691574,0.7766739191808109,0.8380140007998192,1.812159343380964,,,,,CHEMBL233_Ki
89709943,mondrian_pair,cliffA,cliff,45,27,0.6,0.45451854590351387,0.7297511343499083,1.8477670277770595,,,,,CHEMBL233_Ki
89709943,mondrian_pair,cliffA,noncliff,584,482,0.8253424657534246,0.7924506000948689,0.8539821995962961,1.80941560057647,,,,,CHEMBL233_Ki
89709943,mondrian_pair,__bins__,__summary__,-1,-1,,,,1.812159343380964,0.7123287671232876,0.20502660477753887,0.6349206349206349,0.2936507936507937,CHEMBL233_Ki
89709943,mondrian_wstd,cliffB_oracle,all,629,516,0.8203497615262321,0.7884321980174116,0.848378166384115,1.883649042234999,,,,,CHEMBL233_Ki
89709943,mondrian_wstd,cliffB_oracle,cliff,18,11,0.6111111111111112,0.3861904160223791,0.7969475342783638,2.145704182477545,,,,,CHEMBL233_Ki
89709943,mondrian_wstd,cliffB_oracle,noncliff,611,505,0.8265139116202946,0.7944732635154327,0.8544745168852385,1.8759289235371828,,,,,CHEMBL233_Ki
89709943,mondrian_wstd,cliffA,all,629,516,0.8203497615262321,0.7884321980174116,0.848378166384115,1.883649042234999,,,,,CHEMBL233_Ki
89709943,mondrian_wstd,cliffA,cliff,45,35,0.7777777777777778,0.6373070782524372,0.8745531446737361,2.1229066063578745,,,,,CHEMBL233_Ki
89709943,mondrian_wstd,cliffA,noncliff,584,481,0.8236301369863014,0.7906324361270118,0.8523980856710418,1.865213099794024,,,,,CHEMBL233_Ki
89709943,mondrian_wstd,__bins__,__summary__,-1,-1,,,,1.883649042234999,0.7933884297520661,0.07647458394656403,0.6825396825396826,0.23015873015873012,CHEMBL233_Ki
89709943,mondrian_std,cliffB_oracle,all,629,509,0.809220985691574,0.7766739191808109,0.8380140007998192,1.8606606862313853,,,,,CHEMBL233_Ki
89709943,mondrian_std,cliffB_oracle,cliff,18,11,0.6111111111111112,0.3861904160223791,0.7969475342783638,2.0960883668532357,,,,,CHEMBL233_Ki
89709943,mondrian_std,cliffB_oracle,noncliff,611,498,0.8150572831423896,0.7823370260298335,0.8438406568129193,1.8537250098791866,,,,,CHEMBL233_Ki
89709943,mondrian_std,cliffA,all,629,509,0.809220985691574,0.7766739191808109,0.8380140007998192,1.8606606862313853,,,,,CHEMBL233_Ki
89709943,mondrian_std,cliffA,cliff,45,35,0.7777777777777778,0.6373070782524372,0.8745531446737361,2.0857726735316615,,,,,CHEMBL233_Ki
89709943,mondrian_std,cliffA,noncliff,584,474,0.8116438356164384,0.7779342097604828,0.8412803667857912,1.84331472830585,,,,,CHEMBL233_Ki
89709943,mondrian_std,__bins__,__summary__,-1,-1,,,,1.8606606862313853,0.7933884297520661,0.0559266387410845,0.6825396825396826,0.23015873015873012,CHEMBL233_Ki
89709943,mondrian_iqr,cliffB_oracle,all,629,498,0.7917329093799682,0.7582751519145945,0.8216489268331979,1.7192291926776466,,,,,CHEMBL233_Ki
89709943,mondrian_iqr,cliffB_oracle,cliff,18,9,0.5,0.29031021505169974,0.7096897849483003,1.890662455594394,,,,,CHEMBL233_Ki
89709943,mondrian_iqr,cliffB_oracle,noncliff,611,489,0.8003273322422259,0.7667972520885005,0.8301045910369287,1.7141787855868096,,,,,CHEMBL233_Ki
89709943,mondrian_iqr,cliffA,all,629,498,0.7917329093799682,0.7582751519145945,0.8216489268331979,1.7192291926776466,,,,,CHEMBL233_Ki
89709943,mondrian_iqr,cliffA,cliff,45,29,0.6444444444444445,0.4983581419637687,0.7678091739578413,1.8768870303005074,,,,,CHEMBL233_Ki
89709943,mondrian_iqr,cliffA,noncliff,584,469,0.803082191780822,0.7688936361928117,0.8333095508879053,1.7070809003950633,,,,,CHEMBL233_Ki
89709943,mondrian_iqr,__bins__,__summary__,-1,-1,,,,1.7192291926776466,0.7671232876712328,0.059322993320502726,0.6904761904761905,0.18253968253968256,CHEMBL233_Ki
89709943,mondrian_nb,cliffB_oracle,all,629,502,0.7980922098569158,0.7649549773370766,0.8276104982226568,1.7259411793778603,,,,,CHEMBL233_Ki
89709943,mondrian_nb,cliffB_oracle,cliff,18,7,0.3888888888888889,0.2030524657216362,0.613809583977621,1.6935119683254856,,,,,CHEMBL233_Ki
89709943,mondrian_nb,cliffB_oracle,noncliff,611,495,0.8101472995090017,0.77714937175077,0.8392696978528749,1.7268965407509254,,,,,CHEMBL233_Ki
89709943,mondrian_nb,cliffA,all,629,502,0.7980922098569158,0.7649549773370766,0.8276104982226568,1.7259411793778603,,,,,CHEMBL233_Ki
89709943,mondrian_nb,cliffA,cliff,45,26,0.5777777777777777,0.4330078870920313,0.710312975327297,1.675413548575752,,,,,CHEMBL233_Ki
89709943,mondrian_nb,cliffA,noncliff,584,476,0.815068493150685,0.781557221886343,0.8444619104461536,1.7298345755869264,,,,,CHEMBL233_Ki
89709943,mondrian_nb,__bins__,__summary__,-1,-1,,,,1.7259411793778603,0.7191780821917808,0.15685497565945883,0.6587301587301587,0.23809523809523814,CHEMBL233_Ki
89709943,mondrian_nnsim,cliffB_oracle,all,629,497,0.7901430842607313,0.7566070295255025,0.8201567000193046,1.740628698986021,,,,,CHEMBL233_Ki
89709943,mondrian_nnsim,cliffB_oracle,cliff,18,7,0.3888888888888889,0.2030524657216362,0.613809583977621,1.765048051796024,,,,,CHEMBL233_Ki
89709943,mondrian_nnsim,cliffB_oracle,noncliff,611,490,0.8019639934533551,0.7685205125557075,0.8316342016494243,1.7399093072502103,,,,,CHEMBL233_Ki
89709943,mondrian_nnsim,cliffA,all,629,497,0.7901430842607313,0.7566070295255025,0.8201567000193046,1.740628698986021,,,,,CHEMBL233_Ki
89709943,mondrian_nnsim,cliffA,cliff,45,26,0.5777777777777777,0.4330078870920313,0.710312975327297,1.7452273424556979,,,,,CHEMBL233_Ki
89709943,mondrian_nnsim,cliffA,noncliff,584,471,0.8065068493150684,0.7725070077820777,0.8365007350848619,1.7402743514583916,,,,,CHEMBL233_Ki
89709943,mondrian_nnsim,__bins__,__summary__,-1,-1,,,,1.740628698986021,0.684931506849315,0.2158949394316767,0.5952380952380952,0.31746031746031744,CHEMBL233_Ki
89709943,mondrian_pairgap,cliffB_oracle,all,629,513,0.8155802861685215,0.7833879481309292,0.8439413686616419,1.7937515904643124,,,,,CHEMBL233_Ki
89709943,mondrian_pairgap,cliffB_oracle,cliff,18,9,0.5,0.29031021505169974,0.7096897849483003,1.7600445493138244,,,,,CHEMBL233_Ki
89709943,mondrian_pairgap,cliffB_oracle,noncliff,611,504,0.8248772504091653,0.7927367107844076,0.8529581985365607,1.7947445965865858,,,,,CHEMBL233_Ki
89709943,mondrian_pairgap,cliffA,all,629,513,0.8155802861685215,0.7833879481309292,0.8439413686616419,1.7937515904643124,,,,,CHEMBL233_Ki
89709943,mondrian_pairgap,cliffA,cliff,45,27,0.6,0.45451854590351387,0.7297511343499083,1.7975785032080713,,,,,CHEMBL233_Ki
89709943,mondrian_pairgap,cliffA,noncliff,584,486,0.8321917808219178,0.7997340607906757,0.860307850472935,1.7934567084891941,,,,,CHEMBL233_Ki
89709943,mondrian_pairgap,__bins__,__summary__,-1,-1,,,,1.7937515904643124,0.7191780821917808,0.1981772897090457,0.626984126984127,0.2936507936507936,CHEMBL233_Ki
89709943,mondrian_rfstd,cliffB_oracle,all,629,507,0.8060413354531002,0.7733217489089136,0.835045472665746,1.790733281228222,,,,,CHEMBL233_Ki
89709943,mondrian_rfstd,cliffB_oracle,cliff,18,8,0.4444444444444444,0.24559518127005633,0.6628358435795723,1.9760013035883996,,,,,CHEMBL233_Ki
89709943,mondrian_rfstd,cliffB_oracle,noncliff,611,499,0.8166939443535188,0.7840680188239328,0.8453625350985225,1.7852753034827498,,,,,CHEMBL233_Ki
89709943,mondrian_rfstd,cliffA,all,629,507,0.8060413354531002,0.7733217489089136,0.835045472665746,1.790733281228222,,,,,CHEMBL233_Ki
89709943,mondrian_rfstd,cliffA,cliff,45,26,0.5777777777777777,0.4330078870920313,0.710312975327297,1.8150696092170229,,,,,CHEMBL233_Ki
89709943,mondrian_rfstd,cliffA,noncliff,584,481,0.8236301369863014,0.7906324361270118,0.8523980856710418,1.7888580504756595,,,,,CHEMBL233_Ki
89709943,mondrian_rfstd,__bins__,__summary__,-1,-1,,,,1.790733281228222,0.773972602739726,0.060738141061926876,0.7619047619047619,0.08730158730158732,CHEMBL233_Ki
86921808,global,cliffB_oracle,all,629,503,0.7996820349761526,0.7666267992873573,0.8290990254753613,1.821084317508159,,,,,CHEMBL233_Ki
86921808,global,cliffB_oracle,cliff,27,15,0.5555555555555556,0.3731302451322448,0.72414141822977,1.8210843175081592,,,,,CHEMBL233_Ki
86921808,global,cliffB_oracle,noncliff,602,488,0.8106312292358804,0.7774009466482735,0.8399222730732899,1.8210843175081595,,,,,CHEMBL233_Ki
86921808,global,cliffA,all,629,503,0.7996820349761526,0.7666267992873573,0.8290990254753613,1.821084317508159,,,,,CHEMBL233_Ki
86921808,global,cliffA,cliff,50,29,0.58,0.4423344176857823,0.7062499664528802,1.8210843175081595,,,,,CHEMBL233_Ki
86921808,global,cliffA,noncliff,579,474,0.8186528497409327,0.7852013901416617,0.8479038813100719,1.8210843175081592,,,,,CHEMBL233_Ki
86921808,global,__bins__,__summary__,-1,-1,,,,1.821084317508159,0.7272727272727273,0.1652892561983471,0.6587301587301587,0.2698412698412699,CHEMBL233_Ki
86921808,mondrian_pair,cliffB_oracle,all,629,511,0.8124006359300477,0.7800292982517664,0.8409793201348342,1.8582485716342414,,,,,CHEMBL233_Ki
86921808,mondrian_pair,cliffB_oracle,cliff,27,17,0.6296296296296297,0.4422923441210239,0.784674870390344,1.8941073188691886,,,,,CHEMBL233_Ki
86921808,mondrian_pair,cliffB_oracle,noncliff,602,494,0.8205980066445183,0.7879450892918258,0.8491852925598415,1.856640288950946,,,,,CHEMBL233_Ki
86921808,mondrian_pair,cliffA,all,629,511,0.8124006359300477,0.7800292982517664,0.8409793201348342,1.8582485716342414,,,,,CHEMBL233_Ki
86921808,mondrian_pair,cliffA,cliff,50,34,0.68,0.5418970269185592,0.7924178373934316,1.9038695963149963,,,,,CHEMBL233_Ki
86921808,mondrian_pair,cliffA,noncliff,579,477,0.8238341968911918,0.7906981493605479,0.8527015167489375,1.8543089321972157,,,,,CHEMBL233_Ki
86921808,mondrian_pair,__bins__,__summary__,-1,-1,,,,1.8582485716342414,0.7622377622377622,0.13858868404322955,0.6666666666666666,0.2698412698412699,CHEMBL233_Ki
86921808,mondrian_wstd,cliffB_oracle,all,629,513,0.8155802861685215,0.7833879481309292,0.8439413686616419,1.8765473009458633,,,,,CHEMBL233_Ki
86921808,mondrian_wstd,cliffB_oracle,cliff,27,17,0.6296296296296297,0.4422923441210239,0.784674870390344,1.9829166857160725,,,,,CHEMBL233_Ki
86921808,mondrian_wstd,cliffB_oracle,noncliff,602,496,0.8239202657807309,0.7914673772930028,0.8522653919353655,1.8717765810309204,,,,,CHEMBL233_Ki
86921808,mondrian_wstd,cliffA,all,629,513,0.8155802861685215,0.7833879481309292,0.8439413686616419,1.8765473009458633,,,,,CHEMBL233_Ki
86921808,mondrian_wstd,cliffA,cliff,50,35,0.7,0.562496495355466,0.8089644649911906,2.0436002984949573,,,,,CHEMBL233_Ki
86921808,mondrian_wstd,cliffA,noncliff,579,478,0.8255613126079447,0.7925325464311626,0.8542985845642401,1.862121308065976,,,,,CHEMBL233_Ki
86921808,mondrian_wstd,__bins__,__summary__,-1,-1,,,,1.8765473009458633,0.768595041322314,0.1125238397965671,0.7142857142857143,0.19841269841269837,CHEMBL233_Ki
86921808,mondrian_std,cliffB_oracle,all,629,516,0.8203497615262321,0.7884321980174116,0.848378166384115,1.883486971287624,,,,,CHEMBL233_Ki
86921808,mondrian_std,cliffB_oracle,cliff,27,18,0.6666666666666666,0.47824760507320074,0.8135673850128435,1.9560672345687022,,,,,CHEMBL233_Ki
86921808,mondrian_std,cliffB_oracle,noncliff,602,498,0.8272425249169435,0.7949935897378378,0.8553415668672318,1.8802317103099013,,,,,CHEMBL233_Ki
86921808,mondrian_std,cliffA,all,629,516,0.8203497615262321,0.7884321980174116,0.848378166384115,1.883486971287624,,,,,CHEMBL233_Ki
86921808,mondrian_std,cliffA,cliff,50,36,0.72,0.5833487630404344,0.8252582933408878,2.0190664922404173,,,,,CHEMBL233_Ki
86921808,mondrian_std,cliffA,noncliff,579,480,0.8290155440414507,0.7962046311249139,0.8574894296423231,1.8717788952122534,,,,,CHEMBL233_Ki
86921808,mondrian_std,__bins__,__summary__,-1,-1,,,,1.883486971287624,0.768595041322314,0.1125238397965671,0.7222222222222222,0.19047619047619047,CHEMBL233_Ki
86921808,mondrian_iqr,cliffB_oracle,all,629,517,0.821939586645469,0.7901153219574314,0.8498553916470805,1.8999536592555621,,,,,CHEMBL233_Ki
86921808,mondrian_iqr,cliffB_oracle,cliff,27,17,0.6296296296296297,0.4422923441210239,0.784674870390344,1.9369989824695049,,,,,CHEMBL233_Ki
86921808,mondrian_iqr,cliffB_oracle,noncliff,602,500,0.8305647840531561,0.7985238150958649,0.858413728885906,1.898292158048292,,,,,CHEMBL233_Ki
86921808,mondrian_iqr,cliffA,all,629,517,0.821939586645469,0.7901153219574314,0.8498553916470805,1.8999536592555621,,,,,CHEMBL233_Ki
86921808,mondrian_iqr,cliffA,cliff,50,35,0.7,0.562496495355466,0.8089644649911906,2.0080755883764176,,,,,CHEMBL233_Ki
86921808,mondrian_iqr,cliffA,noncliff,579,482,0.8324697754749568,0.7998811902446118,0.8606758002944598,1.8906167051000475,,,,,CHEMBL233_Ki
86921808,mondrian_iqr,__bins__,__summary__,-1,-1,,,,1.8999536592555621,0.8016528925619835,0.04132231404958675,0.7222222222222222,0.2222222222222222,CHEMBL233_Ki
86921808,mondrian_nb,cliffB_oracle,all,629,509,0.809220985691574,0.7766739191808109,0.8380140007998192,1.8321460322598455,,,,,CHEMBL233_Ki
86921808,mondrian_nb,cliffB_oracle,cliff,27,17,0.6296296296296297,0.4422923441210239,0.784674870390344,1.7894614779786453,,,,,CHEMBL233_Ki
86921808,mondrian_nb,cliffB_oracle,noncliff,602,492,0.8172757475083057,0.7844266413230462,0.8461013531519198,1.8340604557907305,,,,,CHEMBL233_Ki
86921808,mondrian_nb,cliffA,all,629,509,0.809220985691574,0.7766739191808109,0.8380140007998192,1.8321460322598455,,,,,CHEMBL233_Ki
86921808,mondrian_nb,cliffA,cliff,50,31,0.62,0.4815044693099298,0.7413721068980641,1.7536130442898976,,,,,CHEMBL233_Ki
86921808,mondrian_nb,cliffA,noncliff,579,478,0.8255613126079447,0.7925325464311626,0.8542985845642401,1.8389278101501694,,,,,CHEMBL233_Ki
86921808,mondrian_nb,__bins__,__summary__,-1,-1,,,,1.8321460322598455,0.743801652892562,0.1322314049586777,0.7142857142857143,0.20634920634920628,CHEMBL233_Ki
86921808,mondrian_nnsim,cliffB_oracle,all,629,507,0.8060413354531002,0.7733217489089136,0.835045472665746,1.8493759504628906,,,,,CHEMBL233_Ki
86921808,mondrian_nnsim,cliffB_oracle,cliff,27,14,0.5185185185185185,0.3398561575495229,0.6925677302378153,1.7326550263241625,,,,,CHEMBL233_Ki
86921808,mondrian_nnsim,cliffB_oracle,noncliff,602,493,0.8189368770764119,0.7861853904275413,0.8476437977357751,1.8546109420770862,,,,,CHEMBL233_Ki
86921808,mondrian_nnsim,cliffA,all,629,507,0.8060413354531002,0.7733217489089136,0.835045472665746,1.8493759504628906,,,,,CHEMBL233_Ki
86921808,mondrian_nnsim,cliffA,cliff,50,28,0.56,0.4230602802165686,0.6883780078874284,1.7629986392407062,,,,,CHEMBL233_Ki
86921808,mondrian_nnsim,cliffA,noncliff,579,479,0.8272884283246977,0.7943680360825736,0.8558945597987462,1.856835131052026,,,,,CHEMBL233_Ki
86921808,mondrian_nnsim,__bins__,__summary__,-1,-1,,,,1.8493759504628906,0.7202797202797203,0.16401780038143676,0.6825396825396826,0.25396825396825395,CHEMBL233_Ki
86921808,mondrian_pairgap,cliffB_oracle,all,629,505,0.8028616852146264,0.7699727279669655,0.8320737952017236,1.8350178665023427,,,,,CHEMBL233_Ki
86921808,mondrian_pairgap,cliffB_oracle,cliff,27,15,0.5555555555555556,0.3731302451322448,0.72414141822977,1.8632532237829318,,,,,CHEMBL233_Ki
86921808,mondrian_pairgap,cliffB_oracle,noncliff,602,490,0.813953488372093,0.7809119527836014,0.8430136543146635,1.8337514966575317,,,,,CHEMBL233_Ki
86921808,mondrian_pairgap,cliffA,all,629,505,0.8028616852146264,0.7699727279669655,0.8320737952017236,1.8350178665023427,,,,,CHEMBL233_Ki
86921808,mondrian_pairgap,cliffA,cliff,50,31,0.62,0.4815044693099298,0.7413721068980641,1.84367416332396,,,,,CHEMBL233_Ki
86921808,mondrian_pairgap,cliffA,noncliff,579,474,0.8186528497409327,0.7852013901416617,0.8479038813100719,1.8342703451878681,,,,,CHEMBL233_Ki
86921808,mondrian_pairgap,__bins__,__summary__,-1,-1,,,,1.8350178665023427,0.7482517482517482,0.14431023521932618,0.6825396825396826,0.24603174603174605,CHEMBL233_Ki
86921808,mondrian_rfstd,cliffB_oracle,all,629,505,0.8028616852146264,0.7699727279669655,0.8320737952017236,1.7411460148900075,,,,,CHEMBL233_Ki
86921808,mondrian_rfstd,cliffB_oracle,cliff,27,18,0.6666666666666666,0.47824760507320074,0.8135673850128435,1.811907985909531,,,,,CHEMBL233_Ki
86921808,mondrian_rfstd,cliffB_oracle,noncliff,602,487,0.8089700996677741,0.7756468013374569,0.8383752246957561,1.7379723052263412,,,,,CHEMBL233_Ki
86921808,mondrian_rfstd,cliffA,all,629,505,0.8028616852146264,0.7699727279669655,0.8320737952017236,1.7411460148900075,,,,,CHEMBL233_Ki
86921808,mondrian_rfstd,cliffA,cliff,50,30,0.6,0.4618143774758936,0.7239161026974346,1.7411455302929113,,,,,CHEMBL233_Ki
86921808,mondrian_rfstd,cliffA,noncliff,579,475,0.8203799654576857,0.7870325832677961,0.8495041530698547,1.7411460567377703,,,,,CHEMBL233_Ki
86921808,mondrian_rfstd,__bins__,__summary__,-1,-1,,,,1.7411460148900075,0.7520661157024794,0.0826446280991735,0.752,0.09720634920634919,CHEMBL233_Ki
71339737,global,cliffB_oracle,all,732,585,0.7991803278688525,0.7686308212549382,0.8266060939114979,1.5939479817667175,,,,,CHEMBL234_Ki
71339737,global,cliffB_oracle,cliff,28,16,0.5714285714285714,0.3907078562746876,0.734914528758763,1.5939479817667177,,,,,CHEMBL234_Ki
71339737,global,cliffB_oracle,noncliff,704,569,0.8082386363636364,0.777515453806807,0.8356161939537943,1.5939479817667177,,,,,CHEMBL234_Ki
71339737,global,cliffA,all,732,585,0.7991803278688525,0.7686308212549382,0.8266060939114979,1.5939479817667175,,,,,CHEMBL234_Ki
71339737,global,cliffA,cliff,47,33,0.7021276595744681,0.5602232608095393,0.8134874949539516,1.5939479817667177,,,,,CHEMBL234_Ki
71339737,global,cliffA,noncliff,685,552,0.8058394160583942,0.7745458172684921,0.8337218684734978,1.5939479817667177,,,,,CHEMBL234_Ki
71339737,global,__bins__,__summary__,-1,-1,,,,1.5939479817667175,0.6793478260869565,0.24765947318311643,0.6054421768707483,0.346938775510204,CHEMBL234_Ki
71339737,mondrian_pair,cliffB_oracle,all,732,582,0.7950819672131147,0.7643365063164009,0.8227464785052894,1.6127060440963255,,,,,CHEMBL234_Ki
71339737,mondrian_pair,cliffB_oracle,cliff,28,14,0.5,0.32633127457293465,0.6736687254270654,1.5125324577661894,,,,,CHEMBL234_Ki
71339737,mondrian_pair,cliffB_oracle,noncliff,704,568,0.8068181818181818,0.7760216581997861,0.8342844980964805,1.616690220825365,,,,,CHEMBL234_Ki
71339737,mondrian_pair,cliffA,all,732,582,0.7950819672131147,0.7643365063164009,0.8227464785052894,1.6127060440963255,,,,,CHEMBL234_Ki
71339737,mondrian_pair,cliffA,cliff,47,28,0.5957446808510638,0.4534212295011096,0.7235996548079124,1.502673064924498,,,,,CHEMBL234_Ki
71339737,mondrian_pair,cliffA,noncliff,685,554,0.8087591240875912,0.7776178876458436,0.8364566495113445,1.6202557521562901,,,,,CHEMBL234_Ki
71339737,mondrian_pair,__bins__,__summary__,-1,-1,,,,1.6127060440963255,0.6630434782608695,0.27856236115518884,0.5918367346938775,0.3537414965986395,CHEMBL234_Ki
71339737,mondrian_wstd,cliffB_oracle,all,732,589,0.8046448087431693,0.7743638643047283,0.8317449579880353,1.5989014156162755,,,,,CHEMBL234_Ki
71339737,mondrian_wstd,cliffB_oracle,cliff,28,17,0.6071428571428571,0.42409044296597176,0.764343134584204,1.8435656067849124,,,,,CHEMBL234_Ki
71339737,mondrian_wstd,cliffB_oracle,noncliff,704,572,0.8125,0.7820004773780681,0.8396076447755368,1.5891704534675228,,,,,CHEMBL234_Ki
71339737,mondrian_wstd,cliffA,all,732,589,0.8046448087431693,0.7743638643047283,0.8317449579880353,1.5989014156162755,,,,,CHEMBL234_Ki
71339737,mondrian_wstd,cliffA,cliff,47,33,0.7021276595744681,0.5602232608095393,0.8134874949539516,1.7969004819130951,,,,,CHEMBL234_Ki
71339737,mondrian_wstd,cliffA,noncliff,685,556,0.8116788321167884,0.7806925466379062,0.83918884193448,1.5853160782207274,,,,,CHEMBL234_Ki
71339737,mondrian_wstd,__bins__,__summary__,-1,-1,,,,1.5989014156162755,0.7518248175182481,0.13138686131386867,0.6598639455782312,0.26530612244897966,CHEMBL234_Ki
71339737,mondrian_std,cliffB_oracle,all,732,592,0.8087431693989071,0.7786692566118893,0.8355934960256199,1.6238460537638464,,,,,CHEMBL234_Ki
71339737,mondrian_std,cliffB_oracle,cliff,28,17,0.6071428571428571,0.42409044296597176,0.764343134584204,1.860798646652192,,,,,CHEMBL234_Ki
71339737,mondrian_std,cliffB_oracle,noncliff,704,575,0.8167613636363636,0.7864910665013165,0.8435935300452921,1.614421802910333,,,,,CHEMBL234_Ki
71339737,mondrian_std,cliffA,all,732,592,0.8087431693989071,0.7786692566118893,0.8355934960256199,1.6238460537638464,,,,,CHEMBL234_Ki
71339737,mondrian_std,cliffA,cliff,47,33,0.7021276595744681,0.5602232608095393,0.8134874949539516,1.8141871796584523,,,,,CHEMBL234_Ki
71339737,mondrian_std,cliffA,noncliff,685,559,0.8160583941605839,0.785309489321305,0.8432821763738781,1.6107861516951651,,,,,CHEMBL234_Ki
71339737,mondrian_std,__bins__,__summary__,-1,-1,,,,1.6238460537638464,0.7591240875912408,0.13138686131386867,0.6598639455782312,0.27210884353741505,CHEMBL234_Ki
71339737,mondrian_iqr,cliffB_oracle,all,732,598,0.8169398907103825,0.787294978929899,0.8432756343971018,1.6104420662008623,,,,,CHEMBL234_Ki
71339737,mondrian_iqr,cliffB_oracle,cliff,28,17,0.6071428571428571,0.42409044296597176,0.764343134584204,1.7622298023659215,,,,,CHEMBL234_Ki
71339737,mondrian_iqr,cliffB_oracle,noncliff,704,581,0.8252840909090909,0.7954895460039927,0.8515479993286234,1.6044050539670247,,,,,CHEMBL234_Ki
71339737,mondrian_iqr,cliffA,all,732,598,0.8169398907103825,0.787294978929899,0.8432756343971018,1.6104420662008623,,,,,CHEMBL234_Ki
71339737,mondrian_iqr,cliffA,cliff,47,34,0.723404255319149,0.582414363751211,0.8306343663031736,1.6770986064903344,,,,,CHEMBL234_Ki
71339737,mondrian_iqr,cliffA,noncliff,685,564,0.8233576642335766,0.7930180112873942,0.8500907829457837,1.6058685517576428,,,,,CHEMBL234_Ki
71339737,mondrian_iqr,__bins__,__summary__,-1,-1,,,,1.6104420662008623,0.7445652173913043,0.15324500158679788,0.6530612244897959,0.27210884353741505,CHEMBL234_Ki
71339737,mondrian_nb,cliffB_oracle,all,732,590,0.8060109289617486,0.775798453752489,0.8330283453218564,1.6092762107333376,,,,,CHEMBL234_Ki
71339737,mondrian_nb,cliffB_oracle,cliff,28,16,0.5714285714285714,0.3907078562746876,0.734914528758763,1.5456145464102953,,,,,CHEMBL234_Ki
71339737,mondrian_nb,cliffB_oracle,noncliff,704,574,0.8153409090909091,0.7849935760497607,0.8422655290325133,1.6118082087461856,,,,,CHEMBL234_Ki
71339737,mondrian_nb,cliffA,all,732,590,0.8060109289617486,0.775798453752489,0.8330283453218564,1.6092762107333376,,,,,CHEMBL234_Ki
71339737,mondrian_nb,cliffA,cliff,47,30,0.6382978723404256,0.4953589653479511,0.7603378675428585,1.4949577340120739,,,,,CHEMBL234_Ki
71339737,mondrian_nb,cliffA,noncliff,685,560,0.8175182481751825,0.786849815227031,0.8446452761757511,1.617119960231001,,,,,CHEMBL234_Ki
71339737,mondrian_nb,__bins__,__summary__,-1,-1,,,,1.6092762107333376,0.7228260869565217,0.18958267216756586,0.6938775510204082,0.1768707482993197,CHEMBL234_Ki
71339737,mondrian_nnsim,cliffB_oracle,all,732,594,0.8114754098360656,0.7815422540333867,0.8381564521672864,1.6134170638351641,,,,,CHEMBL234_Ki
71339737,mondrian_nnsim,cliffB_oracle,cliff,28,17,0.6071428571428571,0.42409044296597176,0.764343134584204,1.6775465043515276,,,,,CHEMBL234_Ki
71339737,mondrian_nnsim,cliffB_oracle,noncliff,704,577,0.8196022727272727,0.7894879577383903,0.8462476217368874,1.610866461087354,,,,,CHEMBL234_Ki
71339737,mondrian_nnsim,cliffA,all,732,594,0.8114754098360656,0.7815422540333867,0.8381564521672864,1.6134170638351641,,,,,CHEMBL234_Ki
71339737,mondrian_nnsim,cliffA,cliff,47,35,0.7446808510638298,0.6049182446958253,0.8474684596494529,1.6652260455340835,,,,,CHEMBL234_Ki
71339737,mondrian_nnsim,cliffA,noncliff,685,559,0.8160583941605839,0.785309489321305,0.8432821763738781,1.6098622869886687,,,,,CHEMBL234_Ki
71339737,mondrian_nnsim,__bins__,__summary__,-1,-1,,,,1.6134170638351641,0.6847826086956522,0.24222469057442075,0.6190476190476191,0.346938775510204,CHEMBL234_Ki
71339737,mondrian_pairgap,cliffB_oracle,all,732,585,0.7991803278688525,0.7686308212549382,0.8266060939114979,1.5852661372298626,,,,,CHEMBL234_Ki
71339737,mondrian_pairgap,cliffB_oracle,cliff,28,14,0.5,0.32633127457293465,0.6736687254270654,1.4727663132395212,,,,,CHEMBL234_Ki
71339737,mondrian_pairgap,cliffB_oracle,noncliff,704,571,0.8110795454545454,0.7805048582367021,0.8382777724525682,1.5897405620476603,,,,,CHEMBL234_Ki
71339737,mondrian_pairgap,cliffA,all,732,585,0.7991803278688525,0.7686308212549382,0.8266060939114979,1.5852661372298626,,,,,CHEMBL234_Ki
71339737,mondrian_pairgap,cliffA,cliff,47,28,0.5957446808510638,0.4534212295011096,0.7235996548079124,1.4678247618391658,,,,,CHEMBL234_Ki
71339737,mondrian_pairgap,cliffA,noncliff,685,557,0.8131386861313868,0.7822308610875708,0.8405539531924142,1.5933241586070344,,,,,CHEMBL234_Ki
71339737,mondrian_pairgap,__bins__,__summary__,-1,-1,,,,1.5852661372298626,0.6630434782608695,0.27856236115518884,0.5986394557823129,0.34693877551020413,CHEMBL234_Ki
71339737,mondrian_rfstd,cliffB_oracle,all,732,587,0.8019125683060109,0.771496288087925,0.8291765806416747,1.6143980305140804,,,,,CHEMBL234_Ki
71339737,mondrian_rfstd,cliffB_oracle,cliff,28,17,0.6071428571428571,0.42409044296597176,0.764343134584204,1.8400023156422323,,,,,CHEMBL234_Ki
71339737,mondrian_rfstd,cliffB_oracle,noncliff,704,570,0.8096590909090909,0.7790098521154719,0.836947287109464,1.6054251328101194,,,,,CHEMBL234_Ki
71339737,mondrian_rfstd,cliffA,all,732,587,0.8019125683060109,0.771496288087925,0.8291765806416747,1.6143980305140804,,,,,CHEMBL234_Ki
71339737,mondrian_rfstd,cliffA,cliff,47,31,0.6595744680851063,0.5167092456194193,0.7783255615622839,1.7571723215291157,,,,,CHEMBL234_Ki
71339737,mondrian_rfstd,cliffA,noncliff,685,556,0.8116788321167884,0.7806925466379062,0.83918884193448,1.6046018382838514,,,,,CHEMBL234_Ki
71339737,mondrian_rfstd,__bins__,__summary__,-1,-1,,,,1.6143980305140804,0.7737226277372263,0.1021897810218978,0.773972602739726,0.08904109589041098,CHEMBL234_Ki
99182118,global,cliffB_oracle,all,732,611,0.8346994535519126,0.806056841778094,0.8598474697094713,1.6235652075218445,,,,,CHEMBL234_Ki
99182118,global,cliffB_oracle,cliff,25,15,0.6,0.40739457358967,0.7659669762225203,1.6235652075218443,,,,,CHEMBL234_Ki
99182118,global,cliffB_oracle,noncliff,707,596,0.842998585572843,0.8143367938387658,0.8679531795184843,1.6235652075218439,,,,,CHEMBL234_Ki
99182118,global,cliffA,all,732,611,0.8346994535519126,0.806056841778094,0.8598474697094713,1.6235652075218445,,,,,CHEMBL234_Ki
99182118,global,cliffA,cliff,41,26,0.6341463414634146,0.4812070108791201,0.7641016898031056,1.6235652075218447,,,,,CHEMBL234_Ki
99182118,global,cliffA,noncliff,691,585,0.8465991316931982,0.8178192521003682,0.8715466369370723,1.623565207521844,,,,,CHEMBL234_Ki
99182118,global,__bins__,__summary__,-1,-1,,,,1.6235652075218445,0.7663043478260869,0.16800222151697874,0.6326530612244898,0.3265306122448979,CHEMBL234_Ki
99182118,mondrian_pair,cliffB_oracle,all,732,616,0.8415300546448088,0.8133014924452819,0.866192702950193,1.6953696130829632,,,,,CHEMBL234_Ki
99182118,mondrian_pair,cliffB_oracle,cliff,25,15,0.6,0.40739457358967,0.7659669762225203,1.5972943328308449,,,,,CHEMBL234_Ki
99182118,mondrian_pair,cliffB_oracle,noncliff,707,601,0.8500707213578501,0.8218666585892657,0.8744911492701956,1.6988376215784413,,,,,CHEMBL234_Ki
99182118,mondrian_pair,cliffA,all,732,616,0.8415300546448088,0.8133014924452819,0.866192702950193,1.6953696130829632,,,,,CHEMBL234_Ki
99182118,mondrian_pair,cliffA,cliff,41,27,0.6585365853658537,0.5054983651982969,0.7844119174261515,1.6214066622965775,,,,,CHEMBL234_Ki
99182118,mondrian_pair,cliffA,noncliff,691,589,0.8523878437047757,0.8239932571619933,0.8768860496464276,1.699758152854659,,,,,CHEMBL234_Ki
99182118,mondrian_pair,__bins__,__summary__,-1,-1,,,,1.6953696130829632,0.7663043478260869,0.17530149158997144,0.6394557823129252,0.3197278911564625,CHEMBL234_Ki
99182118,mondrian_wstd,cliffB_oracle,all,732,601,0.8210382513661202,0.7916155629332647,0.8471089807384816,1.6297740490823478,,,,,CHEMBL234_Ki
99182118,mondrian_wstd,cliffB_oracle,cliff,25,15,0.6,0.40739457358967,0.7659669762225203,1.8387099687784163,,,,,CHEMBL234_Ki
99182118,mondrian_wstd,cliffB_oracle,noncliff,707,586,0.8288543140028288,0.7993326726485133,0.854821631704314,1.622385933110068,,,,,CHEMBL234_Ki
99182118,mondrian_wstd,cliffA,all,732,601,0.8210382513661202,0.7916155629332647,0.8471089807384816,1.6297740490823478,,,,,CHEMBL234_Ki
99182118,mondrian_wstd,cliffA,cliff,41,26,0.6341463414634146,0.4812070108791201,0.7641016898031056,1.7546925059337624,,,,,CHEMBL234_Ki
99182118,mondrian_wstd,cliffA,noncliff,691,575,0.8321273516642547,0.8024404779731874,0.8581418666368027,1.6223621001230015,,,,,CHEMBL234_Ki
99182118,mondrian_wstd,__bins__,__summary__,-1,-1,,,,1.6297740490823478,0.7664233576642335,0.09227229450967955,0.6462585034013606,0.2857142857142857,CHEMBL234_Ki
99182118,mondrian_std,cliffB_oracle,all,732,597,0.8155737704918032,0.7858559446452378,0.8419966919001809,1.6131899321135106,,,,,CHEMBL234_Ki
99182118,mondrian_std,cliffB_oracle,cliff,25,14,0.56,0.3706733186979878,0.7333436111893266,1.77159107830078,,,,,CHEMBL234_Ki
99182118,mondrian_std,cliffB_oracle,noncliff,707,583,0.8246110325318247,0.7948450211257144,0.8508685825257861,1.6075887600418246,,,,,CHEMBL234_Ki
99182118,mondrian_std,cliffA,all,732,597,0.8155737704918032,0.7858559446452378,0.8419966919001809,1.6131899321135106,,,,,CHEMBL234_Ki
99182118,mondrian_std,cliffA,cliff,41,26,0.6341463414634146,0.4812070108791201,0.7641016898031056,1.7123172397624564,,,,,CHEMBL234_Ki
99182118,mondrian_std,cliffA,noncliff,691,571,0.8263386396526773,0.7963100477098914,0.8527588791291185,1.607308282889767,,,,,CHEMBL234_Ki
99182118,mondrian_std,__bins__,__summary__,-1,-1,,,,1.6131899321135106,0.7737226277372263,0.08497302443668675,0.6326530612244898,0.30612244897959184,CHEMBL234_Ki
99182118,mondrian_iqr,cliffB_oracle,all,732,590,0.8060109289617486,0.775798453752489,0.8330283453218564,1.5104021867821935,,,,,CHEMBL234_Ki
99182118,mondrian_iqr,cliffB_oracle,cliff,25,14,0.56,0.3706733186979878,0.7333436111893266,1.5800616977231936,,,,,CHEMBL234_Ki
99182118,mondrian_iqr,cliffB_oracle,noncliff,707,576,0.8147100424328148,0.7843966897422959,0.8416219456061088,1.507938979181734,,,,,CHEMBL234_Ki
99182118,mondrian_iqr,cliffA,all,732,590,0.8060109289617486,0.775798453752489,0.8330283453218564,1.5104021867821935,,,,,CHEMBL234_Ki
99182118,mondrian_iqr,cliffA,cliff,41,24,0.5853658536585366,0.4336710313403013,0.7224345054574786,1.5151267683876217,,,,,CHEMBL234_Ki
99182118,mondrian_iqr,cliffA,noncliff,691,566,0.8191027496382055,0.788662889492342,0.8460142651329428,1.5101218570487311,,,,,CHEMBL234_Ki
99182118,mondrian_iqr,__bins__,__summary__,-1,-1,,,,1.5104021867821935,0.7737226277372263,0.07299270072992692,0.6326530612244898,0.27210884353741494,CHEMBL234_Ki
99182118,mondrian_nb,cliffB_oracle,all,732,600,0.819672131147541,0.7901747830128898,0.8458317838772749,1.6194792383648076,,,,,CHEMBL234_Ki
99182118,mondrian_nb,cliffB_oracle,cliff,25,12,0.48,0.30031285954112974,0.6650148304964322,1.3411409040340396,,,,,CHEMBL234_Ki
99182118,mondrian_nb,cliffB_oracle,noncliff,707,588,0.8316831683168316,0.8023278308985421,0.8574536072551696,1.6293214708376071,,,,,CHEMBL234_Ki
99182118,mondrian_nb,cliffA,all,732,600,0.819672131147541,0.7901747830128898,0.8458317838772749,1.6194792383648076,,,,,CHEMBL234_Ki
99182118,mondrian_nb,cliffA,cliff,41,22,0.5365853658536586,0.38746471267669474,0.6794376602366394,1.3660946770491096,,,,,CHEMBL234_Ki
99182118,mondrian_nb,cliffA,noncliff,691,578,0.8364688856729378,0.8070460114512925,0.8621713964869329,1.6345136334645816,,,,,CHEMBL234_Ki
99182118,mondrian_nb,__bins__,__summary__,-1,-1,,,,1.6194792383648076,0.6715328467153284,0.24087591240875916,0.7346938775510204,0.15646258503401356,CHEMBL234_Ki
99182118,mondrian_nnsim,cliffB_oracle,all,732,591,0.8073770491803278,0.7772335830772814,0.834311192778646,1.6191068393494437,,,,,CHEMBL234_Ki
99182118,mondrian_nnsim,cliffB_oracle,cliff,25,16,0.64,0.44518497748164865,0.7975211922554178,1.8821825018252998,,,,,CHEMBL234_Ki
99182118,mondrian_nnsim,cliffB_oracle,noncliff,707,575,0.8132956152758133,0.7829065967585992,0.840298471689363,1.609804305315644,,,,,CHEMBL234_Ki
99182118,mondrian_nnsim,cliffA,all,732,591,0.8073770491803278,0.7772335830772814,0.834311192778646,1.6191068393494437,,,,,CHEMBL234_Ki
99182118,mondrian_nnsim,cliffA,cliff,41,27,0.6585365853658537,0.5054983651982969,0.7844119174261515,1.7608780270811892,,,,,CHEMBL234_Ki
99182118,mondrian_nnsim,cliffA,noncliff,691,564,0.8162083936324168,0.785608795863606,0.8433116498761886,1.6106949454319306,,,,,CHEMBL234_Ki
99182118,mondrian_nnsim,__bins__,__summary__,-1,-1,,,,1.6191068393494437,0.7228260869565217,0.16768486194858778,0.6190476190476191,0.30612244897959184,CHEMBL234_Ki
99182118,mondrian_pairgap,cliffB_oracle,all,732,593,0.8101092896174863,0.7801054787670552,0.836875250652036,1.6319310658784163,,,,,CHEMBL234_Ki
99182118,mondrian_pairgap,cliffB_oracle,cliff,25,12,0.48,0.30031285954112974,0.6650148304964322,1.5660277531102542,,,,,CHEMBL234_Ki
99182118,mondrian_pairgap,cliffB_oracle,noncliff,707,581,0.8217821782178217,0.7918565689868395,0.8482299008637764,1.6342614517613072,,,,,CHEMBL234_Ki
99182118,mondrian_pairgap,cliffA,all,732,593,0.8101092896174863,0.7801054787670552,0.836875250652036,1.6319310658784163,,,,,CHEMBL234_Ki
99182118,mondrian_pairgap,cliffA,cliff,41,22,0.5365853658536586,0.38746471267669474,0.6794376602366394,1.6057747910604305,,,,,CHEMBL234_Ki
99182118,mondrian_pairgap,cliffA,noncliff,691,571,0.8263386396526773,0.7963100477098914,0.8527588791291185,1.6334830300861403,,,,,CHEMBL234_Ki
99182118,mondrian_pairgap,__bins__,__summary__,-1,-1,,,,1.6319310658784163,0.7445652173913043,0.16784354173278326,0.6462585034013606,0.26530612244897955,CHEMBL234_Ki
99182118,mondrian_rfstd,cliffB_oracle,all,732,592,0.8087431693989071,0.7786692566118893,0.8355934960256199,1.5817689435044011,,,,,CHEMBL234_Ki
99182118,mondrian_rfstd,cliffB_oracle,cliff,25,8,0.32,0.17205190306907978,0.5158973072689775,1.6280346537806794,,,,,CHEMBL234_Ki
99182118,mondrian_rfstd,cliffB_oracle,noncliff,707,584,0.826025459688826,0.7963402355575662,0.8521869349943765,1.5801329565780828,,,,,CHEMBL234_Ki
99182118,mondrian_rfstd,cliffA,all,732,592,0.8087431693989071,0.7786692566118893,0.8355934960256199,1.5817689435044011,,,,,CHEMBL234_Ki
99182118,mondrian_rfstd,cliffA,cliff,41,20,0.4878048780487805,0.34254429554432664,0.6351549134845619,1.6164434338101688,,,,,CHEMBL234_Ki
99182118,mondrian_rfstd,cliffA,noncliff,691,572,0.8277858176555717,0.7978415758583147,0.8541057054234403,1.5797115569594857,,,,,CHEMBL234_Ki
99182118,mondrian_rfstd,__bins__,__summary__,-1,-1,,,,1.5817689435044011,0.7737226277372263,0.08029197080291961,0.7054794520547946,0.15068493150684925,CHEMBL234_Ki
89709943,global,cliffB_oracle,all,732,603,0.8237704918032787,0.7944989045649588,0.8496615926699514,1.7181133368731063,,,,,CHEMBL234_Ki
89709943,global,cliffB_oracle,cliff,24,13,0.5416666666666666,0.3507486535891948,0.72108666268789,1.718113336873106,,,,,CHEMBL234_Ki
89709943,global,cliffB_oracle,noncliff,708,590,0.8333333333333334,0.8040981899061496,0.8589708041110874,1.7181133368731063,,,,,CHEMBL234_Ki
89709943,global,cliffA,all,732,603,0.8237704918032787,0.7944989045649588,0.8496615926699514,1.7181133368731063,,,,,CHEMBL234_Ki
89709943,global,cliffA,cliff,47,29,0.6170212765957447,0.47426566956413574,0.7420931890357799,1.7181133368731056,,,,,CHEMBL234_Ki
89709943,global,cliffA,noncliff,685,574,0.8379562043795621,0.8084891593245592,0.863653891984609,1.7181133368731059,,,,,CHEMBL234_Ki
89709943,global,__bins__,__summary__,-1,-1,,,,1.7181133368731063,0.7010869565217391,0.21132180260234845,0.5714285714285714,0.3945578231292517,CHEMBL234_Ki
89709943,mondrian_pair,cliffB_oracle,all,732,581,0.7937158469945356,0.7629060886750929,0.8214589193650157,1.7335987780101423,,,,,CHEMBL234_Ki
89709943,mondrian_pair,cliffB_oracle,cliff,24,8,0.3333333333333333,0.1797219032729775,0.5329368316186824,1.4743133994660447,,,,,CHEMBL234_Ki
89709943,mondrian_pair,cliffB_oracle,noncliff,708,573,0.809322033898305,0.7787464598885167,0.8365590896444276,1.742388112876044,,,,,CHEMBL234_Ki
89709943,mondrian_pair,cliffA,all,732,581,0.7937158469945356,0.7629060886750929,0.8214589193650157,1.7335987780101423,,,,,CHEMBL234_Ki
89709943,mondrian_pair,cliffA,cliff,47,20,0.425531914893617,0.2951362834367996,0.5671808065450721,1.5388853725163607,,,,,CHEMBL234_Ki
89709943,mondrian_pair,cliffA,noncliff,685,561,0.8189781021897811,0.7883908239420766,0.8460076931683046,1.7469586759053357,,,,,CHEMBL234_Ki
89709943,mondrian_pair,__bins__,__summary__,-1,-1,,,,1.7335987780101423,0.6793478260869565,0.24765947318311643,0.5714285714285714,0.3673469387755103,CHEMBL234_Ki
89709943,mondrian_wstd,cliffB_oracle,all,732,593,0.8101092896174863,0.7801054787670552,0.836875250652036,1.7099852434745026,,,,,CHEMBL234_Ki
89709943,mondrian_wstd,cliffB_oracle,cliff,24,13,0.5416666666666666,0.3507486535891948,0.72108666268789,1.8457067726749383,,,,,CHEMBL234_Ki
89709943,mondrian_wstd,cliffB_oracle,noncliff,708,580,0.8192090395480226,0.7891629270640987,0.8458099231388483,1.7053845136710983,,,,,CHEMBL234_Ki
89709943,mondrian_wstd,cliffA,all,732,593,0.8101092896174863,0.7801054787670552,0.836875250652036,1.7099852434745026,,,,,CHEMBL234_Ki
89709943,mondrian_wstd,cliffA,cliff,47,27,0.574468085106383,0.4328191934549279,0.7048637165632003,1.7803279981199374,,,,,CHEMBL234_Ki
89709943,mondrian_wstd,cliffA,noncliff,685,566,0.8262773722627738,0.7961063371934262,0.8528093084549501,1.7051588062944514,,,,,CHEMBL234_Ki
89709943,mondrian_wstd,__bins__,__summary__,-1,-1,,,,1.7099852434745026,0.7663043478260869,0.07311171056807364,0.6190476190476191,0.2857142857142857,CHEMBL234_Ki
89709943,mondrian_std,cliffB_oracle,all,732,591,0.8073770491803278,0.7772335830772814,0.834311192778646,1.7063570889773079,,,,,CHEMBL234_Ki
89709943,mondrian_std,cliffB_oracle,cliff,24,13,0.5416666666666666,0.3507486535891948,0.72108666268789,1.8362686729411974,,,,,CHEMBL234_Ki
89709943,mondrian_std,cliffB_oracle,noncliff,708,578,0.8163841807909604,0.7861836979574572,0.843169923482632,1.7019533064700576,,,,,CHEMBL234_Ki
89709943,mondrian_std,cliffA,all,732,591,0.8073770491803278,0.7772335830772814,0.834311192778646,1.7063570889773079,,,,,CHEMBL234_Ki
89709943,mondrian_std,cliffA,cliff,47,27,0.574468085106383,0.4328191934549279,0.7048637165632003,1.7823293874718573,,,,,CHEMBL234_Ki
89709943,mondrian_std,cliffA,noncliff,685,564,0.8233576642335766,0.7930180112873942,0.8500907829457837,1.7011443911243973,,,,,CHEMBL234_Ki
89709943,mondrian_std,__bins__,__summary__,-1,-1,,,,1.7063570889773079,0.7663043478260869,0.07311171056807364,0.6190476190476191,0.2857142857142857,CHEMBL234_Ki
89709943,mondrian_iqr,cliffB_oracle,all,732,585,0.7991803278688525,0.7686308212549382,0.8266060939114979,1.6772508005482503,,,,,CHEMBL234_Ki
89709943,mondrian_iqr,cliffB_oracle,cliff,24,11,0.4583333333333333,0.2789133373121099,0.6492513464108051,1.7261798035163884,,,,,CHEMBL234_Ki
89709943,mondrian_iqr,cliffB_oracle,noncliff,708,574,0.8107344632768362,0.7802326906710755,0.8378824732432979,1.6755921902781434,,,,,CHEMBL234_Ki
89709943,mondrian_iqr,cliffA,all,732,585,0.7991803278688525,0.7686308212549382,0.8266060939114979,1.6772508005482503,,,,,CHEMBL234_Ki
89709943,mondrian_iqr,cliffA,cliff,47,24,0.5106382978723404,0.3724245374822684,0.6472444496631784,1.6955879058251446,,,,,CHEMBL234_Ki
89709943,mondrian_iqr,cliffA,noncliff,685,561,0.8189781021897811,0.7883908239420766,0.8460076931683046,1.6759926342007843,,,,,CHEMBL234_Ki
89709943,mondrian_iqr,__bins__,__summary__,-1,-1,,,,1.6772508005482503,0.7391304347826086,0.1075848936845446,0.6190476190476191,0.2857142857142857,CHEMBL234_Ki
89709943,mondrian_nb,cliffB_oracle,all,732,597,0.8155737704918032,0.7858559446452378,0.8419966919001809,1.7165762863256933,,,,,CHEMBL234_Ki
89709943,mondrian_nb,cliffB_oracle,cliff,24,9,0.375,0.21159367559548778,0.5729003755732572,1.4802941720784915,,,,,CHEMBL234_Ki
89709943,mondrian_nb,cliffB_oracle,noncliff,708,588,0.8305084745762712,0.8011057553886346,0.8563440098657443,1.7245858495205135,,,,,CHEMBL234_Ki
89709943,mondrian_nb,cliffA,all,732,597,0.8155737704918032,0.7858559446452378,0.8419966919001809,1.7165762863256933,,,,,CHEMBL234_Ki
89709943,mondrian_nb,cliffA,cliff,47,22,0.46808510638297873,0.3333168707656074,0.607676167798052,1.5781439914927853,,,,,CHEMBL234_Ki
89709943,mondrian_nb,cliffA,noncliff,685,575,0.8394160583941606,0.8100404604633015,0.8650060165534655,1.726074560569703,,,,,CHEMBL234_Ki
89709943,mondrian_nb,__bins__,__summary__,-1,-1,,,,1.7165762863256933,0.7518248175182481,0.13868613138686137,0.6598639455782312,0.216848383188892,CHEMBL234_Ki
89709943,mondrian_nnsim,cliffB_oracle,all,732,585,0.7991803278688525,0.7686308212549382,0.8266060939114979,1.707510334763798,,,,,CHEMBL234_Ki
89709943,mondrian_nnsim,cliffB_oracle,cliff,24,14,0.5833333333333334,0.3883466586522876,0.7553239739018824,2.0958399629585234,,,,,CHEMBL234_Ki
89709943,mondrian_nnsim,cliffB_oracle,noncliff,708,571,0.806497175141243,0.7757757876463047,0.8339105331237817,1.6943466185538076,,,,,CHEMBL234_Ki
89709943,mondrian_nnsim,cliffA,all,732,585,0.7991803278688525,0.7686308212549382,0.8266060939114979,1.707510334763798,,,,,CHEMBL234_Ki
89709943,mondrian_nnsim,cliffA,cliff,47,30,0.6382978723404256,0.4953589653479511,0.7603378675428585,1.9770431710921903,,,,,CHEMBL234_Ki
89709943,mondrian_nnsim,cliffA,noncliff,685,555,0.8102189781021898,0.7791548907478519,0.8378230721169352,1.689016840884332,,,,,CHEMBL234_Ki
89709943,mondrian_nnsim,__bins__,__summary__,-1,-1,,,,1.707510334763798,0.717391304347826,0.15122183433830538,0.5986394557823129,0.34013605442176875,CHEMBL234_Ki
89709943,mondrian_pairgap,cliffB_oracle,all,732,576,0.7868852459016393,0.7557614899895372,0.8150136341426618,1.7053387535340714,,,,,CHEMBL234_Ki
89709943,mondrian_pairgap,cliffB_oracle,cliff,24,8,0.3333333333333333,0.1797219032729775,0.5329368316186824,1.3801705148799226,,,,,CHEMBL234_Ki
89709943,mondrian_pairgap,cliffB_oracle,noncliff,708,568,0.8022598870056498,0.7713241791074066,0.8299332985183929,1.7163614056918393,,,,,CHEMBL234_Ki
89709943,mondrian_pairgap,cliffA,all,732,576,0.7868852459016393,0.7557614899895372,0.8150136341426618,1.7053387535340714,,,,,CHEMBL234_Ki
89709943,mondrian_pairgap,cliffA,cliff,47,19,0.40425531914893614,0.27640034519208756,0.5465787704988904,1.4427083963792053,,,,,CHEMBL234_Ki
89709943,mondrian_pairgap,cliffA,noncliff,685,557,0.8131386861313868,0.7822308610875708,0.8405539531924142,1.7233586466527266,,,,,CHEMBL234_Ki
89709943,mondrian_pairgap,__bins__,__summary__,-1,-1,,,,1.7053387535340714,0.6684782608695652,0.21473341796255163,0.5782312925170068,0.3197278911564626,CHEMBL234_Ki
89709943,mondrian_rfstd,cliffB_oracle,all,732,588,0.8032786885245902,0.7729298104773255,0.8304610350338564,1.6735218374290552,,,,,CHEMBL234_Ki
89709943,mondrian_rfstd,cliffB_oracle,cliff,24,12,0.5,0.3142742581957335,0.6857257418042665,1.8285436351159925,,,,,CHEMBL234_Ki
89709943,mondrian_rfstd,cliffB_oracle,noncliff,708,576,0.8135593220338984,0.783206966976382,0.8405274257008494,1.6682668612362777,,,,,CHEMBL234_Ki
89709943,mondrian_rfstd,cliffA,all,732,588,0.8032786885245902,0.7729298104773255,0.8304610350338564,1.6735218374290552,,,,,CHEMBL234_Ki
89709943,mondrian_rfstd,cliffA,cliff,47,25,0.5319148936170213,0.39232383220194805,0.6666831292343927,1.7171612719870744,,,,,CHEMBL234_Ki
89709943,mondrian_rfstd,cliffA,noncliff,685,563,0.8218978102189781,0.791474915406834,0.8487304531187451,1.670527598853541,,,,,CHEMBL234_Ki
89709943,mondrian_rfstd,__bins__,__summary__,-1,-1,,,,1.6735218374290552,0.782608695652174,0.034909552523008536,0.7602739726027398,0.09589041095890405,CHEMBL234_Ki
86921808,global,cliffB_oracle,all,732,574,0.7841530054644809,0.7529070800441438,0.8124320905248914,1.5633504272973704,,,,,CHEMBL234_Ki
86921808,global,cliffB_oracle,cliff,25,13,0.52,0.3349851695035678,0.6996871404588704,1.5633504272973706,,,,,CHEMBL234_Ki
86921808,global,cliffB_oracle,noncliff,707,561,0.7934936350777935,0.7621075728598233,0.8217075589819473,1.5633504272973704,,,,,CHEMBL234_Ki
86921808,global,cliffA,all,732,574,0.7841530054644809,0.7529070800441438,0.8124320905248914,1.5633504272973704,,,,,CHEMBL234_Ki
86921808,global,cliffA,cliff,55,36,0.6545454545454545,0.5225390350756162,0.7663729045791027,1.56335042729737,,,,,CHEMBL234_Ki
86921808,global,cliffA,noncliff,677,538,0.794682422451994,0.7626328826438391,0.8234066348249116,1.5633504272973704,,,,,CHEMBL234_Ki
86921808,global,__bins__,__summary__,-1,-1,,,,1.5633504272973704,0.711864406779661,0.1730276795512743,0.564625850340136,0.3673469387755103,CHEMBL234_Ki
86921808,mondrian_pair,cliffB_oracle,all,732,575,0.7855191256830601,0.7543340434634052,0.8137231038872119,1.5680168811242932,,,,,CHEMBL234_Ki
86921808,mondrian_pair,cliffB_oracle,cliff,25,12,0.48,0.30031285954112974,0.6650148304964322,1.4809684710720057,,,,,CHEMBL234_Ki
86921808,mondrian_pair,cliffB_oracle,noncliff,707,563,0.7963224893917963,0.7650719920088996,0.8243702736337554,1.5710949720030871,,,,,CHEMBL234_Ki
86921808,mondrian_pair,cliffA,all,732,575,0.7855191256830601,0.7543340434634052,0.8137231038872119,1.5680168811242932,,,,,CHEMBL234_Ki
86921808,mondrian_pair,cliffA,cliff,55,33,0.6,0.46812799210121386,0.7188150276753689,1.490418187245559,,,,,CHEMBL234_Ki
86921808,mondrian_pair,cliffA,noncliff,677,542,0.8005908419497785,0.7688344056768341,0.8289552775557012,1.574321058618134,,,,,CHEMBL234_Ki
86921808,mondrian_pair,__bins__,__summary__,-1,-1,,,,1.5680168811242932,0.7062146892655368,0.1570946632524488,0.5850340136054422,0.34013605442176875,CHEMBL234_Ki
86921808,mondrian_wstd,cliffB_oracle,all,732,584,0.7978142076502732,0.767198868802868,0.8253200695819861,1.604208799025566,,,,,CHEMBL234_Ki
86921808,mondrian_wstd,cliffB_oracle,cliff,25,15,0.6,0.40739457358967,0.7659669762225203,1.725592302323749,,,,,CHEMBL234_Ki
86921808,mondrian_wstd,cliffB_oracle,noncliff,707,569,0.8048090523338048,0.7739787682550504,0.8323448987902583,1.599916595938643,,,,,CHEMBL234_Ki
86921808,mondrian_wstd,cliffA,all,732,584,0.7978142076502732,0.767198868802868,0.8253200695819861,1.604208799025566,,,,,CHEMBL234_Ki
86921808,mondrian_wstd,cliffA,cliff,55,39,0.7090909090909091,0.5785927950724501,0.8122880644604047,1.743408499836317,,,,,CHEMBL234_Ki
86921808,mondrian_wstd,cliffA,noncliff,677,545,0.8050221565731167,0.7734922050134964,0.8331101025418773,1.5929001084131709,,,,,CHEMBL234_Ki
86921808,mondrian_wstd,__bins__,__summary__,-1,-1,,,,1.604208799025566,0.7410071942446043,0.08633093525179858,0.6054421768707483,0.3129251700680272,CHEMBL234_Ki
86921808,mondrian_std,cliffB_oracle,all,732,582,0.7950819672131147,0.7643365063164009,0.8227464785052894,1.5649552499194275,,,,,CHEMBL234_Ki
86921808,mondrian_std,cliffB_oracle,cliff,25,15,0.6,0.40739457358967,0.7659669762225203,1.6574863729349665,,,,,CHEMBL234_Ki
86921808,mondrian_std,cliffB_oracle,noncliff,707,567,0.801980198019802,0.7710075541751341,0.8296889790692902,1.561683286587902,,,,,CHEMBL234_Ki
86921808,mondrian_std,cliffA,all,732,582,0.7950819672131147,0.7643365063164009,0.8227464785052894,1.5649552499194275,,,,,CHEMBL234_Ki
86921808,mondrian_std,cliffA,cliff,55,38,0.6909090909090909,0.5597140984246408,0.7971771211488353,1.6962024153435074,,,,,CHEMBL234_Ki
86921808,mondrian_std,cliffA,noncliff,677,544,0.8035450516986706,0.7719389606620387,0.8317258054523889,1.5542926293901447,,,,,CHEMBL234_Ki
86921808,mondrian_std,__bins__,__summary__,-1,-1,,,,1.5649552499194275,0.7410071942446043,0.08633093525179858,0.5986394557823129,0.3197278911564626,CHEMBL234_Ki
86921808,mondrian_iqr,cliffB_oracle,all,732,578,0.7896174863387978,0.7586178458450287,0.817593231850334,1.5559297075298821,,,,,CHEMBL234_Ki
86921808,mondrian_iqr,cliffB_oracle,cliff,25,14,0.56,0.3706733186979878,0.7333436111893266,1.7051302408828266,,,,,CHEMBL234_Ki
86921808,mondrian_iqr,cliffB_oracle,noncliff,707,564,0.7977369165487977,0.7665550355523407,0.8257007969907566,1.5506538753745445,,,,,CHEMBL234_Ki
86921808,mondrian_iqr,cliffA,all,732,578,0.7896174863387978,0.7586178458450287,0.817593231850334,1.5559297075298821,,,,,CHEMBL234_Ki
86921808,mondrian_iqr,cliffA,cliff,55,35,0.6363636363636364,0.5042276149984125,0.7506946846969275,1.6478186063402616,,,,,CHEMBL234_Ki
86921808,mondrian_iqr,cliffA,noncliff,677,543,0.8020679468242246,0.7703863626856485,0.8303408619878329,1.5484645828111656,,,,,CHEMBL234_Ki
86921808,mondrian_iqr,__bins__,__summary__,-1,-1,,,,1.5559297075298821,0.7553956834532374,0.08633093525179858,0.6190476190476191,0.26530612244897955,CHEMBL234_Ki
86921808,mondrian_nb,cliffB_oracle,all,732,564,0.7704918032786885,0.7386633155437868,0.7994960872094293,1.4963660079684744,,,,,CHEMBL234_Ki
86921808,mondrian_nb,cliffB_oracle,cliff,25,11,0.44,0.26665638881067344,0.6293266813020123,1.3415211429097456,,,,,CHEMBL234_Ki
86921808,mondrian_nb,cliffB_oracle,noncliff,707,553,0.7821782178217822,0.7502715359390261,0.8110350606992064,1.5018414275250067,,,,,CHEMBL234_Ki
86921808,mondrian_nb,cliffA,all,732,564,0.7704918032786885,0.7386633155437868,0.7994960872094293,1.4963660079684744,,,,,CHEMBL234_Ki
86921808,mondrian_nb,cliffA,cliff,55,31,0.5636363636363636,0.43269816346414447,0.6862655763936809,1.3519072376400232,,,,,CHEMBL234_Ki
86921808,mondrian_nb,cliffA,noncliff,677,533,0.7872968980797637,0.7548947918907297,0.8164570183732905,1.5081019494279502,,,,,CHEMBL234_Ki
86921808,mondrian_nb,__bins__,__summary__,-1,-1,,,,1.4963660079684744,0.6949152542372882,0.14681136446774778,0.6258503401360545,0.2517006802721088,CHEMBL234_Ki
86921808,mondrian_nnsim,cliffB_oracle,all,732,570,0.7786885245901639,0.7472039921718944,0.8072632712708131,1.5766685101802775,,,,,CHEMBL234_Ki
86921808,mondrian_nnsim,cliffB_oracle,cliff,25,13,0.52,0.3349851695035678,0.6996871404588704,1.5788958143848186,,,,,CHEMBL234_Ki
86921808,mondrian_nnsim,cliffB_oracle,noncliff,707,557,0.7878359264497878,0.7561852899119474,0.8163755743280541,1.5765897511914326,,,,,CHEMBL234_Ki
86921808,mondrian_nnsim,cliffA,all,732,570,0.7786885245901639,0.7472039921718944,0.8072632712708131,1.5766685101802775,,,,,CHEMBL234_Ki
86921808,mondrian_nnsim,cliffA,cliff,55,36,0.6545454545454545,0.5225390350756162,0.7663729045791027,1.5598126408263362,,,,,CHEMBL234_Ki
86921808,mondrian_nnsim,cliffA,noncliff,677,534,0.7887740029542097,0.7564412076859764,0.8178481440189899,1.5780378939534934,,,,,CHEMBL234_Ki
86921808,mondrian_nnsim,__bins__,__summary__,-1,-1,,,,1.5766685101802775,0.7005649717514124,0.1915213591838394,0.5918367346938775,0.3129251700680272,CHEMBL234_Ki
86921808,mondrian_pairgap,cliffB_oracle,all,732,571,0.7800546448087432,0.7486290556652674,0.808556184559022,1.560077491432217,,,,,CHEMBL234_Ki
86921808,mondrian_pairgap,cliffB_oracle,cliff,25,11,0.44,0.26665638881067344,0.6293266813020123,1.411022746248239,,,,,CHEMBL234_Ki
86921808,mondrian_pairgap,cliffB_oracle,noncliff,707,560,0.7920792079207921,0.7606261888319076,0.8203753761094207,1.5653481684189205,,,,,CHEMBL234_Ki
86921808,mondrian_pairgap,cliffA,all,732,571,0.7800546448087432,0.7486290556652674,0.808556184559022,1.560077491432217,,,,,CHEMBL234_Ki
86921808,mondrian_pairgap,cliffA,cliff,55,32,0.5818181818181818,0.45033103735230756,0.7026223424648965,1.4603906864697178,,,,,CHEMBL234_Ki
86921808,mondrian_pairgap,cliffA,noncliff,677,539,0.7961595273264401,0.7641823278781511,0.8247947310315457,1.5681761240362604,,,,,CHEMBL234_Ki
86921808,mondrian_pairgap,__bins__,__summary__,-1,-1,,,,1.560077491432217,0.7005649717514124,0.16274438076657316,0.5850340136054422,0.3129251700680272,CHEMBL234_Ki
86921808,mondrian_rfstd,cliffB_oracle,all,732,564,0.7704918032786885,0.7386633155437868,0.7994960872094293,1.5421995823314265,,,,,CHEMBL234_Ki
86921808,mondrian_rfstd,cliffB_oracle,cliff,25,14,0.56,0.3706733186979878,0.7333436111893266,1.7052302580594623,,,,,CHEMBL234_Ki
86921808,mondrian_rfstd,cliffB_oracle,noncliff,707,550,0.7779349363507779,0.7458416731163955,0.80702422282051,1.5364347069520756,,,,,CHEMBL234_Ki
86921808,mondrian_rfstd,cliffA,all,732,564,0.7704918032786885,0.7386633155437868,0.7994960872094293,1.5421995823314265,,,,,CHEMBL234_Ki
86921808,mondrian_rfstd,cliffA,cliff,55,34,0.6181818181818182,0.4860922023248993,0.7348404574110621,1.5938026217706005,,,,,CHEMBL234_Ki
86921808,mondrian_rfstd,cliffA,noncliff,677,530,0.7828655834564254,0.7502590791793131,0.8122801067618688,1.5380073117713757,,,,,CHEMBL234_Ki
86921808,mondrian_rfstd,__bins__,__summary__,-1,-1,,,,1.5421995823314265,0.7194244604316546,0.07913669064748208,0.7006802721088435,0.14178548131581403,CHEMBL234_Ki
71339737,global,cliffB_oracle,all,620,502,0.8096774193548387,0.7769071802434901,0.8386338271238483,1.9650674797991212,,,,,CHEMBL244_Ki
71339737,global,cliffB_oracle,cliff,23,15,0.6521739130434783,0.44890335377263,0.8118872406120227,1.9650674797991197,,,,,CHEMBL244_Ki
71339737,global,cliffB_oracle,noncliff,597,487,0.8157453936348409,0.7826615300106963,0.8447918430304375,1.965067479799121,,,,,CHEMBL244_Ki
71339737,global,cliffA,all,620,502,0.8096774193548387,0.7769071802434901,0.8386338271238483,1.9650674797991212,,,,,CHEMBL244_Ki
71339737,global,cliffA,cliff,54,39,0.7222222222222222,0.5910955707120475,0.8238317234697763,1.9650674797991203,,,,,CHEMBL244_Ki
71339737,global,cliffA,noncliff,566,463,0.8180212014134276,0.7841264342045177,0.8476282309352073,1.965067479799121,,,,,CHEMBL244_Ki
71339737,global,__bins__,__summary__,-1,-1,,,,1.9650674797991212,0.7479674796747967,0.12195121951219512,0.6290322580645161,0.33870967741935487,CHEMBL244_Ki
71339737,mondrian_pair,cliffB_oracle,all,620,500,0.8064516129032258,0.7735048124382794,0.8356243094356491,1.9335982559403897,,,,,CHEMBL244_Ki
71339737,mondrian_pair,cliffB_oracle,cliff,23,15,0.6521739130434783,0.44890335377263,0.8118872406120227,1.9677001455056986,,,,,CHEMBL244_Ki
71339737,mondrian_pair,cliffB_oracle,noncliff,597,485,0.8123953098827471,0.7791184457532564,0.8416775970699343,1.9322844477996826,,,,,CHEMBL244_Ki
71339737,mondrian_pair,cliffA,all,620,500,0.8064516129032258,0.7735048124382794,0.8356243094356491,1.9335982559403897,,,,,CHEMBL244_Ki
71339737,mondrian_pair,cliffA,cliff,54,40,0.7407407407407407,0.6106910949571832,0.8388134737397926,1.9624594936921065,,,,,CHEMBL244_Ki
71339737,mondrian_pair,cliffA,noncliff,566,460,0.8127208480565371,0.778511234458617,0.8427141862621125,1.930844710289166,,,,,CHEMBL244_Ki
71339737,mondrian_pair,__bins__,__summary__,-1,-1,,,,1.9335982559403897,0.7441860465116279,0.11646969119329009,0.5967741935483871,0.3629032258064516,CHEMBL244_Ki
71339737,mondrian_wstd,cliffB_oracle,all,620,492,0.7935483870967742,0.7599274702412252,0.8235541096590643,2.022532525502766,,,,,CHEMBL244_Ki
71339737,mondrian_wstd,cliffB_oracle,cliff,23,16,0.6956521739130435,0.49134243731240795,0.8439597554678597,2.4616068363760526,,,,,CHEMBL244_Ki
71339737,mondrian_wstd,cliffB_oracle,noncliff,597,476,0.7973199329983249,0.7632196051389556,0.8276184517034911,2.0056167647823555,,,,,CHEMBL244_Ki
71339737,mondrian_wstd,cliffA,all,620,492,0.7935483870967742,0.7599274702412252,0.8235541096590643,2.022532525502766,,,,,CHEMBL244_Ki
71339737,mondrian_wstd,cliffA,cliff,54,41,0.7592592592592593,0.6305247581649721,0.8535570850471558,2.3748695293305366,,,,,CHEMBL244_Ki
71339737,mondrian_wstd,cliffA,noncliff,566,451,0.7968197879858657,0.7617219700523687,0.8279157174113745,1.9889173343248525,,,,,CHEMBL244_Ki
71339737,mondrian_wstd,__bins__,__summary__,-1,-1,,,,2.022532525502766,0.7235772357723578,0.15239175647570424,0.6612903225806451,0.29032258064516137,CHEMBL244_Ki
71339737,mondrian_std,cliffB_oracle,all,620,495,0.7983870967741935,0.7650130766705923,0.8280863314698117,2.016827858900519,,,,,CHEMBL244_Ki
71339737,mondrian_std,cliffB_oracle,cliff,23,16,0.6956521739130435,0.49134243731240795,0.8439597554678597,2.4617741092956598,,,,,CHEMBL244_Ki
71339737,mondrian_std,cliffB_oracle,noncliff,597,479,0.8023450586264657,0.7685112420718354,0.8323128100975261,1.9996858760544751,,,,,CHEMBL244_Ki
71339737,mondrian_std,cliffA,all,620,495,0.7983870967741935,0.7650130766705923,0.8280863314698117,2.016827858900519,,,,,CHEMBL244_Ki
71339737,mondrian_std,cliffA,cliff,54,41,0.7592592592592593,0.6305247581649721,0.8535570850471558,2.36536701185261,,,,,CHEMBL244_Ki
71339737,mondrian_std,cliffA,noncliff,566,454,0.8021201413427562,0.7673092915773103,0.8328576403054284,1.9835750068520865,,,,,CHEMBL244_Ki
71339737,mondrian_std,__bins__,__summary__,-1,-1,,,,2.016827858900519,0.7235772357723578,0.15239175647570424,0.6612903225806451,0.29032258064516137,CHEMBL244_Ki
71339737,mondrian_iqr,cliffB_oracle,all,620,501,0.8080645161290323,0.7752055834736803,0.8371294811469533,1.9412631510055718,,,,,CHEMBL244_Ki
71339737,mondrian_iqr,cliffB_oracle,cliff,23,14,0.6086956521739131,0.4078552239138171,0.7784237720752205,2.1613712776411402,,,,,CHEMBL244_Ki
71339737,mondrian_iqr,cliffB_oracle,noncliff,597,487,0.8157453936348409,0.7826615300106963,0.8447918430304375,1.9327832734299966,,,,,CHEMBL244_Ki
71339737,mondrian_iqr,cliffA,all,620,501,0.8080645161290323,0.7752055834736803,0.8371294811469533,1.9412631510055718,,,,,CHEMBL244_Ki
71339737,mondrian_iqr,cliffA,cliff,54,39,0.7222222222222222,0.5910955707120475,0.8238317234697763,2.141857396494151,,,,,CHEMBL244_Ki
71339737,mondrian_iqr,cliffA,noncliff,566,462,0.8162544169611308,0.7822536165776993,0.8459913004223606,1.9221251841215024,,,,,CHEMBL244_Ki
71339737,mondrian_iqr,__bins__,__summary__,-1,-1,,,,1.9412631510055718,0.7704918032786885,0.06690657070505135,0.7016129032258065,0.24193548387096775,CHEMBL244_Ki
71339737,mondrian_nb,cliffB_oracle,all,620,497,0.8016129032258065,0.7684073767814373,0.8311039168523765,1.9198646832591209,,,,,CHEMBL244_Ki
71339737,mondrian_nb,cliffB_oracle,cliff,23,13,0.5652173913043478,0.3681137508501646,0.743653646743258,1.7984105284378795,,,,,CHEMBL244_Ki
71339737,mondrian_nb,cliffB_oracle,noncliff,597,484,0.8107202680067002,0.7773483047756662,0.8401190729385528,1.9245438215520667,,,,,CHEMBL244_Ki
71339737,mondrian_nb,cliffA,all,620,497,0.8016129032258065,0.7684073767814373,0.8311039168523765,1.9198646832591209,,,,,CHEMBL244_Ki
71339737,mondrian_nb,cliffA,cliff,54,36,0.6666666666666666,0.5336096360112935,0.7775858346250742,1.7922655356252162,,,,,CHEMBL244_Ki
71339737,mondrian_nb,cliffA,noncliff,566,461,0.8144876325088339,0.780381887290822,0.8443532815695728,1.9320384535280797,,,,,CHEMBL244_Ki
71339737,mondrian_nb,__bins__,__summary__,-1,-1,,,,1.9198646832591209,0.7054263565891473,0.17262242389865756,0.6532258064516129,0.2983870967741936,CHEMBL244_Ki
71339737,mondrian_nnsim,cliffB_oracle,all,620,500,0.8064516129032258,0.7735048124382794,0.8356243094356491,1.9086827766293708,,,,,CHEMBL244_Ki
71339737,mondrian_nnsim,cliffB_oracle,cliff,23,13,0.5652173913043478,0.3681137508501646,0.743653646743258,1.8361984382747452,,,,,CHEMBL244_Ki
71339737,mondrian_nnsim,cliffB_oracle,noncliff,597,487,0.8157453936348409,0.7826615300106963,0.8447918430304375,1.9114753055777072,,,,,CHEMBL244_Ki
71339737,mondrian_nnsim,cliffA,all,620,500,0.8064516129032258,0.7735048124382794,0.8356243094356491,1.9086827766293708,,,,,CHEMBL244_Ki
71339737,mondrian_nnsim,cliffA,cliff,54,36,0.6666666666666666,0.5336096360112935,0.7775858346250742,1.8271016076767266,,,,,CHEMBL244_Ki
71339737,mondrian_nnsim,cliffA,noncliff,566,464,0.8197879858657244,0.7860003523453335,0.8492640609340568,1.916466139038281,,,,,CHEMBL244_Ki
71339737,mondrian_nnsim,__bins__,__summary__,-1,-1,,,,1.9086827766293708,0.7131782945736435,0.17300056721497448,0.6209677419354839,0.3306451612903226,CHEMBL244_Ki
71339737,mondrian_pairgap,cliffB_oracle,all,620,484,0.7806451612903226,0.7463988882639634,0.811435149662687,1.8847100022558934,,,,,CHEMBL244_Ki
71339737,mondrian_pairgap,cliffB_oracle,cliff,23,14,0.6086956521739131,0.4078552239138171,0.7784237720752205,1.9305857114324656,,,,,CHEMBL244_Ki
71339737,mondrian_pairgap,cliffB_oracle,noncliff,597,470,0.7872696817420436,0.7526591708143158,0.818206895374302,1.8829425963747188,,,,,CHEMBL244_Ki
71339737,mondrian_pairgap,cliffA,all,620,484,0.7806451612903226,0.7463988882639634,0.811435149662687,1.8847100022558934,,,,,CHEMBL244_Ki
71339737,mondrian_pairgap,cliffA,cliff,54,36,0.6666666666666666,0.5336096360112935,0.7775858346250742,1.9635991846287082,,,,,CHEMBL244_Ki
71339737,mondrian_pairgap,cliffA,noncliff,566,448,0.7915194346289752,0.7561433944227057,0.822965048622042,1.8771834724888758,,,,,CHEMBL244_Ki
71339737,mondrian_pairgap,__bins__,__summary__,-1,-1,,,,1.8847100022558934,0.7054263565891473,0.14823217999621852,0.6209677419354839,0.2983870967741935,CHEMBL244_Ki
71339737,mondrian_rfstd,cliffB_oracle,all,620,498,0.8032258064516129,0.7701057166285056,0.8326115197520131,1.9405169647256446,,,,,CHEMBL244_Ki
71339737,mondrian_rfstd,cliffB_oracle,cliff,23,16,0.6956521739130435,0.49134243731240795,0.8439597554678597,1.9372045310927937,,,,,CHEMBL244_Ki
71339737,mondrian_rfstd,cliffB_oracle,noncliff,597,482,0.8073701842546064,0.7738107781984723,0.8369992692978038,1.9406445794217175,,,,,CHEMBL244_Ki
71339737,mondrian_rfstd,cliffA,all,620,498,0.8032258064516129,0.7701057166285056,0.8326115197520131,1.9405169647256446,,,,,CHEMBL244_Ki
71339737,mondrian_rfstd,cliffA,cliff,54,38,0.7037037037037037,0.5717242709884697,0.8086257486782021,1.987882810616333,,,,,CHEMBL244_Ki
71339737,mondrian_rfstd,cliffA,noncliff,566,460,0.8127208480565371,0.778511234458617,0.8427141862621125,1.9359979617608085,,,,,CHEMBL244_Ki
71339737,mondrian_rfstd,__bins__,__summary__,-1,-1,,,,1.9405169647256446,0.7560975609756098,0.10569105691056913,0.7580645161290323,0.08870967741935487,CHEMBL244_Ki
99182118,global,cliffB_oracle,all,620,486,0.7838709677419354,0.7497766405658399,0.8144692828542202,1.7636882749365486,,,,,CHEMBL244_Ki
99182118,global,cliffB_oracle,cliff,33,15,0.45454545454545453,0.29842938513876116,0.6201406146378254,1.7636882749365483,,,,,CHEMBL244_Ki
99182118,global,cliffB_oracle,noncliff,587,471,0.8023850085178875,0.7682508136190213,0.832587185644896,1.7636882749365483,,,,,CHEMBL244_Ki
99182118,global,cliffA,all,620,486,0.7838709677419354,0.7497766405658399,0.8144692828542202,1.7636882749365486,,,,,CHEMBL244_Ki
99182118,global,cliffA,cliff,60,36,0.6,0.4736605349204075,0.7143050946511744,1.7636882749365488,,,,,CHEMBL244_Ki
99182118,global,cliffA,noncliff,560,450,0.8035714285714286,0.7686448092389966,0.8343615761217553,1.7636882749365483,,,,,CHEMBL244_Ki
99182118,global,__bins__,__summary__,-1,-1,,,,1.7636882749365486,0.7037037037037037,0.15580042852770126,0.6129032258064516,0.33870967741935487,CHEMBL244_Ki
99182118,mondrian_pair,cliffB_oracle,all,620,489,0.7887096774193548,0.7548487153637459,0.8190150362964289,1.7474187266038004,,,,,CHEMBL244_Ki
99182118,mondrian_pair,cliffB_oracle,cliff,33,15,0.45454545454545453,0.29842938513876116,0.6201406146378254,1.7194231334650754,,,,,CHEMBL244_Ki
99182118,mondrian_pair,cliffB_oracle,noncliff,587,474,0.807495741056218,0.7736427970400187,0.8373502106621619,1.7489925844804235,,,,,CHEMBL244_Ki
99182118,mondrian_pair,cliffA,all,620,489,0.7887096774193548,0.7548487153637459,0.8190150362964289,1.7474187266038004,,,,,CHEMBL244_Ki
99182118,mondrian_pair,cliffA,cliff,60,36,0.6,0.4736605349204075,0.7143050946511744,1.7237897417030654,,,,,CHEMBL244_Ki
99182118,mondrian_pair,cliffA,noncliff,560,453,0.8089285714285714,0.7743050661879245,0.8393426083262525,1.7499504035574502,,,,,CHEMBL244_Ki
99182118,mondrian_pair,__bins__,__summary__,-1,-1,,,,1.7474187266038004,0.7185185185185186,0.1327211509029691,0.6129032258064516,0.33870967741935487,CHEMBL244_Ki
99182118,mondrian_wstd,cliffB_oracle,all,620,494,0.7967741935483871,0.7633171022361747,0.8265763631575245,1.9037533317475943,,,,,CHEMBL244_Ki
99182118,mondrian_wstd,cliffB_oracle,cliff,33,19,0.5757575757575758,0.4080726333731245,0.7276440336658979,2.1161139544317686,,,,,CHEMBL244_Ki
99182118,mondrian_wstd,cliffB_oracle,noncliff,587,475,0.8091993185689949,0.7754419980328908,0.8389360124820442,1.8918148299612607,,,,,CHEMBL244_Ki
99182118,mondrian_wstd,cliffA,all,620,494,0.7967741935483871,0.7633171022361747,0.8265763631575245,1.9037533317475943,,,,,CHEMBL244_Ki
99182118,mondrian_wstd,cliffA,cliff,60,40,0.6666666666666666,0.5405686645211968,0.7727073847647731,2.0247979551829474,,,,,CHEMBL244_Ki
99182118,mondrian_wstd,cliffA,noncliff,560,454,0.8107142857142857,0.7761939411921848,0.8410008297064673,1.8907842649509494,,,,,CHEMBL244_Ki
99182118,mondrian_wstd,__bins__,__summary__,-1,-1,,,,1.9037533317475943,0.7355371900826446,0.11570247933884303,0.6451612903225806,0.282258064516129,CHEMBL244_Ki
99182118,mondrian_std,cliffB_oracle,all,620,494,0.7967741935483871,0.7633171022361747,0.8265763631575245,1.905163680473222,,,,,CHEMBL244_Ki
99182118,mondrian_std,cliffB_oracle,cliff,33,19,0.5757575757575758,0.4080726333731245,0.7276440336658979,2.1515838238008893,,,,,CHEMBL244_Ki
99182118,mondrian_std,cliffB_oracle,noncliff,587,475,0.8091993185689949,0.7754419980328908,0.8389360124820442,1.891310418582569,,,,,CHEMBL244_Ki
99182118,mondrian_std,cliffA,all,620,494,0.7967741935483871,0.7633171022361747,0.8265763631575245,1.905163680473222,,,,,CHEMBL244_Ki
99182118,mondrian_std,cliffA,cliff,60,40,0.6666666666666666,0.5405686645211968,0.7727073847647731,2.0376029401980222,,,,,CHEMBL244_Ki
99182118,mondrian_std,cliffA,noncliff,560,454,0.8107142857142857,0.7761939411921848,0.8410008297064673,1.890973759788422,,,,,CHEMBL244_Ki
99182118,mondrian_std,__bins__,__summary__,-1,-1,,,,1.905163680473222,0.743801652892562,0.09917355371900827,0.6370967741935484,0.29032258064516125,CHEMBL244_Ki
99182118,mondrian_iqr,cliffB_oracle,all,620,494,0.7967741935483871,0.7633171022361747,0.8265763631575245,1.8354205791352574,,,,,CHEMBL244_Ki
99182118,mondrian_iqr,cliffB_oracle,cliff,33,16,0.48484848484848486,0.32504042108133696,0.6478162455108585,2.061831316539141,,,,,CHEMBL244_Ki
99182118,mondrian_iqr,cliffB_oracle,noncliff,587,478,0.8143100511073254,0.7808453541486313,0.843687664804567,1.822692207185806,,,,,CHEMBL244_Ki
99182118,mondrian_iqr,cliffA,all,620,494,0.7967741935483871,0.7633171022361747,0.8265763631575245,1.8354205791352574,,,,,CHEMBL244_Ki
99182118,mondrian_iqr,cliffA,cliff,60,37,0.6166666666666667,0.49017595824099924,0.7291172762591798,1.8975687471802616,,,,,CHEMBL244_Ki
99182118,mondrian_iqr,cliffA,noncliff,560,457,0.8160714285714286,0.7818670946649694,0.8459689653871075,1.8287618468447213,,,,,CHEMBL244_Ki
99182118,mondrian_iqr,__bins__,__summary__,-1,-1,,,,1.8354205791352574,0.7603305785123967,0.05785123966942152,0.6693548387096774,0.24193548387096775,CHEMBL244_Ki
99182118,mondrian_nb,cliffB_oracle,all,620,495,0.7983870967741935,0.7650130766705923,0.8280863314698117,1.8162942280076404,,,,,CHEMBL244_Ki
99182118,mondrian_nb,cliffB_oracle,cliff,33,16,0.48484848484848486,0.32504042108133696,0.6478162455108585,1.763643612039746,,,,,CHEMBL244_Ki
99182118,mondrian_nb,cliffB_oracle,noncliff,587,479,0.8160136286201022,0.7826484238292235,0.8452695979367293,1.8192541433857334,,,,,CHEMBL244_Ki
99182118,mondrian_nb,cliffA,all,620,495,0.7983870967741935,0.7650130766705923,0.8280863314698117,1.8162942280076404,,,,,CHEMBL244_Ki
99182118,mondrian_nb,cliffA,cliff,60,37,0.6166666666666667,0.49017595824099924,0.7291172762591798,1.7831225045448797,,,,,CHEMBL244_Ki
99182118,mondrian_nb,cliffA,noncliff,560,458,0.8178571428571428,0.7837603620157627,0.8476227944207892,1.8198483412357933,,,,,CHEMBL244_Ki
99182118,mondrian_nb,__bins__,__summary__,-1,-1,,,,1.8162942280076404,0.7185185185185186,0.14213721918639943,0.6612903225806451,0.27419354838709675,CHEMBL244_Ki
99182118,mondrian_nnsim,cliffB_oracle,all,620,486,0.7838709677419354,0.7497766405658399,0.8144692828542202,1.7890783508586134,,,,,CHEMBL244_Ki
99182118,mondrian_nnsim,cliffB_oracle,cliff,33,10,0.30303030303030304,0.17375531424053606,0.47338135145800575,1.4463247080633377,,,,,CHEMBL244_Ki
99182118,mondrian_nnsim,cliffB_oracle,noncliff,587,476,0.8109028960817717,0.7772421513420682,0.8405208619856213,1.80834729500213,,,,,CHEMBL244_Ki
99182118,mondrian_nnsim,cliffA,all,620,486,0.7838709677419354,0.7497766405658399,0.8144692828542202,1.7890783508586134,,,,,CHEMBL244_Ki
99182118,mondrian_nnsim,cliffA,cliff,60,30,0.5,0.3773502424155577,0.6226497575844423,1.5433616391045109,,,,,CHEMBL244_Ki
99182118,mondrian_nnsim,cliffA,noncliff,560,456,0.8142857142857143,0.7799749435629301,0.8443140201046718,1.815405141403696,,,,,CHEMBL244_Ki
99182118,mondrian_nnsim,__bins__,__summary__,-1,-1,,,,1.7890783508586134,0.6296296296296297,0.23813896541169266,0.5967741935483871,0.3306451612903225,CHEMBL244_Ki
99182118,mondrian_pairgap,cliffB_oracle,all,620,501,0.8080645161290323,0.7752055834736803,0.8371294811469533,1.8612789675132901,,,,,CHEMBL244_Ki
99182118,mondrian_pairgap,cliffB_oracle,cliff,33,17,0.5151515151515151,0.3521837544891414,0.674959578918663,1.8037018949266226,,,,,CHEMBL244_Ki
99182118,mondrian_pairgap,cliffB_oracle,noncliff,587,484,0.8245315161839863,0.7916788802691979,0.8531641555605274,1.8645158387149257,,,,,CHEMBL244_Ki
99182118,mondrian_pairgap,cliffA,all,620,501,0.8080645161290323,0.7752055834736803,0.8371294811469533,1.8612789675132901,,,,,CHEMBL244_Ki
99182118,mondrian_pairgap,cliffA,cliff,60,38,0.6333333333333333,0.5068300063010303,0.7437908331277456,1.8104434359440937,,,,,CHEMBL244_Ki
99182118,mondrian_pairgap,cliffA,noncliff,560,463,0.8267857142857142,0.7932438947557073,0.8558747436032196,1.8667256316099898,,,,,CHEMBL244_Ki
99182118,mondrian_pairgap,__bins__,__summary__,-1,-1,,,,1.8612789675132901,0.7407407407407407,0.11876339149066428,0.6290322580645161,0.3145161290322581,CHEMBL244_Ki
99182118,mondrian_rfstd,cliffB_oracle,all,620,504,0.8129032258064516,0.7803128829234477,0.8416400099373004,1.9022306803235338,,,,,CHEMBL244_Ki
99182118,mondrian_rfstd,cliffB_oracle,cliff,33,17,0.5151515151515151,0.3521837544891414,0.674959578918663,2.148200805165981,,,,,CHEMBL244_Ki
99182118,mondrian_rfstd,cliffB_oracle,noncliff,587,487,0.8296422487223168,0.7971096489543111,0.8578883953136774,1.8884027175981495,,,,,CHEMBL244_Ki
99182118,mondrian_rfstd,cliffA,all,620,504,0.8129032258064516,0.7803128829234477,0.8416400099373004,1.9022306803235338,,,,,CHEMBL244_Ki
99182118,mondrian_rfstd,cliffA,cliff,60,40,0.6666666666666666,0.5405686645211968,0.7727073847647731,2.0299636457844574,,,,,CHEMBL244_Ki
99182118,mondrian_rfstd,cliffA,noncliff,560,464,0.8285714285714286,0.7951441355658855,0.8575215991775167,1.888545005452721,,,,,CHEMBL244_Ki
99182118,mondrian_rfstd,__bins__,__summary__,-1,-1,,,,1.9022306803235338,0.7520661157024794,0.09917355371900827,0.7661290322580645,0.09677419354838712,CHEMBL244_Ki
89709943,global,cliffB_oracle,all,620,486,0.7838709677419354,0.7497766405658399,0.8144692828542202,1.8089300935701365,,,,,CHEMBL244_Ki
89709943,global,cliffB_oracle,cliff,30,10,0.3333333333333333,0.19230498083676134,0.5121994835545616,1.8089300935701373,,,,,CHEMBL244_Ki
89709943,global,cliffB_oracle,noncliff,590,476,0.8067796610169492,0.7729778699920017,0.8366124417368114,1.808930093570137,,,,,CHEMBL244_Ki
89709943,global,cliffA,all,620,486,0.7838709677419354,0.7497766405658399,0.8144692828542202,1.8089300935701365,,,,,CHEMBL244_Ki
89709943,global,cliffA,cliff,70,41,0.5857142857142857,0.46881211784560456,0.6936982143126353,1.808930093570137,,,,,CHEMBL244_Ki
89709943,global,cliffA,noncliff,550,445,0.8090909090909091,0.7741453052102233,0.8397487877382696,1.8089300935701365,,,,,CHEMBL244_Ki
89709943,global,__bins__,__summary__,-1,-1,,,,1.8089300935701365,0.6268656716417911,0.27396077463920065,0.5241935483870968,0.3951612903225806,CHEMBL244_Ki
89709943,mondrian_pair,cliffB_oracle,all,620,487,0.785483870967742,0.7514666001109119,0.8159852660558532,1.817039277233242,,,,,CHEMBL244_Ki
89709943,mondrian_pair,cliffB_oracle,cliff,30,10,0.3333333333333333,0.19230498083676134,0.5121994835545616,1.8182713205267944,,,,,CHEMBL244_Ki
89709943,mondrian_pair,cliffB_oracle,noncliff,590,477,0.8084745762711865,0.7747673174302051,0.8381908965733528,1.8169766309640787,,,,,CHEMBL244_Ki
89709943,mondrian_pair,cliffA,all,620,487,0.785483870967742,0.7514666001109119,0.8159852660558532,1.817039277233242,,,,,CHEMBL244_Ki
89709943,mondrian_pair,cliffA,cliff,70,41,0.5857142857142857,0.46881211784560456,0.6936982143126353,1.8179860294560184,,,,,CHEMBL244_Ki
89709943,mondrian_pair,cliffA,noncliff,550,446,0.8109090909090909,0.7760694463111211,0.8414357883605981,1.816918781495798,,,,,CHEMBL244_Ki
89709943,mondrian_pair,__bins__,__summary__,-1,-1,,,,1.817039277233242,0.6268656716417911,0.282225237449118,0.5241935483870968,0.3951612903225806,CHEMBL244_Ki
89709943,mondrian_wstd,cliffB_oracle,all,620,485,0.782258064516129,0.7480874052046365,0.8129525754687188,1.7913735337242476,,,,,CHEMBL244_Ki
89709943,mondrian_wstd,cliffB_oracle,cliff,30,10,0.3333333333333333,0.19230498083676134,0.5121994835545616,1.932109995787888,,,,,CHEMBL244_Ki
89709943,mondrian_wstd,cliffB_oracle,noncliff,590,475,0.8050847457627118,0.7711893495699985,0.8350330598840697,1.7842174424328763,,,,,CHEMBL244_Ki
89709943,mondrian_wstd,cliffA,all,620,485,0.782258064516129,0.7480874052046365,0.8129525754687188,1.7913735337242476,,,,,CHEMBL244_Ki
89709943,mondrian_wstd,cliffA,cliff,70,42,0.6,0.48293796477356277,0.7066574227443838,1.9335992301322458,,,,,CHEMBL244_Ki
89709943,mondrian_wstd,cliffA,noncliff,550,443,0.8054545454545454,0.7703003673172677,0.8363714421847721,1.7732720814541394,,,,,CHEMBL244_Ki
89709943,mondrian_wstd,__bins__,__summary__,-1,-1,,,,1.7913735337242476,0.7089552238805971,0.15054890835080792,0.5645161290322581,0.35483870967741926,CHEMBL244_Ki
89709943,mondrian_std,cliffB_oracle,all,620,486,0.7838709677419354,0.7497766405658399,0.8144692828542202,1.803585485006808,,,,,CHEMBL244_Ki
89709943,mondrian_std,cliffB_oracle,cliff,30,10,0.3333333333333333,0.19230498083676134,0.5121994835545616,1.9445650715698888,,,,,CHEMBL244_Ki
89709943,mondrian_std,cliffB_oracle,noncliff,590,476,0.8067796610169492,0.7729778699920017,0.8366124417368114,1.7964170314527534,,,,,CHEMBL244_Ki
89709943,mondrian_std,cliffA,all,620,486,0.7838709677419354,0.7497766405658399,0.8144692828542202,1.803585485006808,,,,,CHEMBL244_Ki
89709943,mondrian_std,cliffA,cliff,70,41,0.5857142857142857,0.46881211784560456,0.6936982143126353,1.9539503774462297,,,,,CHEMBL244_Ki
89709943,mondrian_std,cliffA,noncliff,550,445,0.8090909090909091,0.7741453052102233,0.8397487877382696,1.7844481350599726,,,,,CHEMBL244_Ki
89709943,mondrian_std,__bins__,__summary__,-1,-1,,,,1.803585485006808,0.7089552238805971,0.1422844455408906,0.5725806451612904,0.346774193548387,CHEMBL244_Ki
89709943,mondrian_iqr,cliffB_oracle,all,620,483,0.7790322580645161,0.7447110840887186,0.809917011091227,1.789400931434286,,,,,CHEMBL244_Ki
89709943,mondrian_iqr,cliffB_oracle,cliff,30,8,0.26666666666666666,0.14182663319596317,0.4444796169518888,1.7942965284999204,,,,,CHEMBL244_Ki
89709943,mondrian_iqr,cliffB_oracle,noncliff,590,475,0.8050847457627118,0.7711893495699985,0.8350330598840697,1.7891520027699321,,,,,CHEMBL244_Ki
89709943,mondrian_iqr,cliffA,all,620,483,0.7790322580645161,0.7447110840887186,0.809917011091227,1.789400931434286,,,,,CHEMBL244_Ki
89709943,mondrian_iqr,cliffA,cliff,70,39,0.5571428571428572,0.44083551053188,0.6675047109069467,1.821165276207255,,,,,CHEMBL244_Ki
89709943,mondrian_iqr,cliffA,noncliff,550,444,0.8072727272727273,0.7722222828564295,0.8380606683688369,1.785358196644999,,,,,CHEMBL244_Ki
89709943,mondrian_iqr,__bins__,__summary__,-1,-1,,,,1.789400931434286,0.6940298507462687,0.18200320710497098,0.5887096774193549,0.314516129032258,CHEMBL244_Ki
89709943,mondrian_nb,cliffB_oracle,all,620,481,0.7758064516129032,0.7413375919394423,0.8068786177470932,1.8038591880580483,,,,,CHEMBL244_Ki
89709943,mondrian_nb,cliffB_oracle,cliff,30,8,0.26666666666666666,0.14182663319596317,0.4444796169518888,1.702698052297871,,,,,CHEMBL244_Ki
89709943,mondrian_nb,cliffB_oracle,noncliff,590,473,0.8016949152542373,0.7676150536483906,0.8318715512561881,1.8090029746221246,,,,,CHEMBL244_Ki
89709943,mondrian_nb,cliffA,all,620,481,0.7758064516129032,0.7413375919394423,0.8068786177470932,1.8038591880580483,,,,,CHEMBL244_Ki
89709943,mondrian_nb,cliffA,cliff,70,37,0.5285714285714286,0.4132188746832562,0.6409512360361571,1.703362583924223,,,,,CHEMBL244_Ki
89709943,mondrian_nb,cliffA,noncliff,550,444,0.8072727272727273,0.7722222828564295,0.8380606683688369,1.8166496649478074,,,,,CHEMBL244_Ki
89709943,mondrian_nb,__bins__,__summary__,-1,-1,,,,1.8038591880580483,0.582089552238806,0.3352658196620205,0.5645161290322581,0.32258064516129026,CHEMBL244_Ki
89709943,mondrian_nnsim,cliffB_oracle,all,620,485,0.782258064516129,0.7480874052046365,0.8129525754687188,1.8113633987411508,,,,,CHEMBL244_Ki
89709943,mondrian_nnsim,cliffB_oracle,cliff,30,7,0.23333333333333334,0.11792388144489496,0.40928326158122164,1.541714903007064,,,,,CHEMBL244_Ki
89709943,mondrian_nnsim,cliffB_oracle,noncliff,590,478,0.8101694915254237,0.7765577011675383,0.8397684151107644,1.8250743392022064,,,,,CHEMBL244_Ki
89709943,mondrian_nnsim,cliffA,all,620,485,0.782258064516129,0.7480874052046365,0.8129525754687188,1.8113633987411508,,,,,CHEMBL244_Ki
89709943,mondrian_nnsim,cliffA,cliff,70,35,0.5,0.3859571764530239,0.6140428235469761,1.6106376995653093,,,,,CHEMBL244_Ki
89709943,mondrian_nnsim,cliffA,noncliff,550,450,0.8181818181818182,0.783777447127722,0.848172354436903,1.836910305908985,,,,,CHEMBL244_Ki
89709943,mondrian_nnsim,__bins__,__summary__,-1,-1,,,,1.8113633987411508,0.6119402985074627,0.3054150733933638,0.5403225806451613,0.3629032258064516,CHEMBL244_Ki
89709943,mondrian_pairgap,cliffB_oracle,all,620,475,0.7661290322580645,0.7312336653218041,0.7977468878845022,1.780349061686966,,,,,CHEMBL244_Ki
89709943,mondrian_pairgap,cliffB_oracle,cliff,30,8,0.26666666666666666,0.14182663319596317,0.4444796169518888,1.8012552951008445,,,,,CHEMBL244_Ki
89709943,mondrian_pairgap,cliffB_oracle,noncliff,590,467,0.7915254237288135,0.7569135089533315,0.822365682302778,1.7792860328693114,,,,,CHEMBL244_Ki
89709943,mondrian_pairgap,cliffA,all,620,475,0.7661290322580645,0.7312336653218041,0.7977468878845022,1.780349061686966,,,,,CHEMBL244_Ki
89709943,mondrian_pairgap,cliffA,cliff,70,38,0.5428571428571428,0.42698259205475575,0.6542725740243641,1.8084648613014571,,,,,CHEMBL244_Ki
89709943,mondrian_pairgap,cliffA,noncliff,550,437,0.7945454545454546,0.7587914830749012,0.8262134760877802,1.7767706871905764,,,,,CHEMBL244_Ki
89709943,mondrian_pairgap,__bins__,__summary__,-1,-1,,,,1.780349061686966,0.6044776119402985,0.26329098310102383,0.5161290322580645,0.3629032258064516,CHEMBL244_Ki
89709943,mondrian_rfstd,cliffB_oracle,all,620,471,0.7596774193548387,0.7245111080272835,0.7916456741922033,1.7493066641193888,,,,,CHEMBL244_Ki
89709943,mondrian_rfstd,cliffB_oracle,cliff,30,8,0.26666666666666666,0.14182663319596317,0.4444796169518888,1.8681281877671385,,,,,CHEMBL244_Ki
89709943,mondrian_rfstd,cliffB_oracle,noncliff,590,463,0.7847457627118644,0.7497962922384269,0.8160112899187033,1.7432648917305198,,,,,CHEMBL244_Ki
89709943,mondrian_rfstd,cliffA,all,620,471,0.7596774193548387,0.7245111080272835,0.7916456741922033,1.7493066641193888,,,,,CHEMBL244_Ki
89709943,mondrian_rfstd,cliffA,cliff,70,36,0.5142857142857142,0.39954383919009234,0.6275412161696143,1.8191936038178722,,,,,CHEMBL244_Ki
89709943,mondrian_rfstd,cliffA,noncliff,550,435,0.7909090909090909,0.7549635446817353,0.8228191310344932,1.740411962703218,,,,,CHEMBL244_Ki
89709943,mondrian_rfstd,__bins__,__summary__,-1,-1,,,,1.7493066641193888,0.6716417910447762,0.16306895275687672,0.7096774193548387,0.08064516129032251,CHEMBL244_Ki
86921808,global,cliffB_oracle,all,620,507,0.817741935483871,0.7854278341431122,0.8461428869577505,1.9475748908092552,,,,,CHEMBL244_Ki
86921808,global,cliffB_oracle,cliff,32,13,0.40625,0.2551963484266544,0.5773997512461713,1.9475748908092552,,,,,CHEMBL244_Ki
86921808,global,cliffB_oracle,noncliff,588,494,0.8401360544217688,0.8083205341942574,0.8675361399850774,1.9475748908092552,,,,,CHEMBL244_Ki
86921808,global,cliffA,all,620,507,0.817741935483871,0.7854278341431122,0.8461428869577505,1.9475748908092552,,,,,CHEMBL244_Ki
86921808,global,cliffA,cliff,62,36,0.5806451612903226,0.4566558474484658,0.6952241409222806,1.947574890809255,,,,,CHEMBL244_Ki
86921808,global,cliffA,noncliff,558,471,0.8440860215053764,0.8116443515984286,0.8718224769371807,1.947574890809255,,,,,CHEMBL244_Ki
86921808,global,__bins__,__summary__,-1,-1,,,,1.9475748908092552,0.6744186046511628,0.2198903384382681,0.5483870967741935,0.403225806451613,CHEMBL244_Ki
86921808,mondrian_pair,cliffB_oracle,all,620,513,0.8274193548387097,0.7956816432525434,0.8551247343285485,1.9675601425451463,,,,,CHEMBL244_Ki
86921808,mondrian_pair,cliffB_oracle,cliff,32,14,0.4375,0.2816533111504036,0.6067440886314801,2.042872731532317,,,,,CHEMBL244_Ki
86921808,mondrian_pair,cliffB_oracle,noncliff,588,499,0.8486394557823129,0.8174135829863054,0.8753395080475126,1.9634614982465246,,,,,CHEMBL244_Ki
86921808,mondrian_pair,cliffA,all,620,513,0.8274193548387097,0.7956816432525434,0.8551247343285485,1.9675601425451463,,,,,CHEMBL244_Ki
86921808,mondrian_pair,cliffA,cliff,62,39,0.6290322580645161,0.5045796412346053,0.7384283401585889,2.0487516928747826,,,,,CHEMBL244_Ki
86921808,mondrian_pair,cliffA,noncliff,558,474,0.8494623655913979,0.81740767363267,0.8767383240988084,1.9585388591751867,,,,,CHEMBL244_Ki
86921808,mondrian_pair,__bins__,__summary__,-1,-1,,,,1.9675601425451463,0.7131782945736435,0.17300056721497448,0.5806451612903226,0.3709677419354839,CHEMBL244_Ki
86921808,mondrian_wstd,cliffB_oracle,all,620,506,0.8161290322580645,0.7837219860886075,0.8446427922655504,1.950563197103044,,,,,CHEMBL244_Ki
86921808,mondrian_wstd,cliffB_oracle,cliff,32,16,0.5,0.33630882869327483,0.6636911713067252,2.2708188206560638,,,,,CHEMBL244_Ki
86921808,mondrian_wstd,cliffB_oracle,noncliff,588,490,0.8333333333333334,0.8010671860391013,0.8612723546566469,1.9331343196307709,,,,,CHEMBL244_Ki
86921808,mondrian_wstd,cliffA,all,620,506,0.8161290322580645,0.7837219860886075,0.8446427922655504,1.950563197103044,,,,,CHEMBL244_Ki
86921808,mondrian_wstd,cliffA,cliff,62,41,0.6612903225806451,0.5371769954935818,0.7665829812479109,2.2284367290419858,,,,,CHEMBL244_Ki
86921808,mondrian_wstd,cliffA,noncliff,558,465,0.8333333333333334,0.8001541746477624,0.8619543154961092,1.9196883602209398,,,,,CHEMBL244_Ki
86921808,mondrian_wstd,__bins__,__summary__,-1,-1,,,,1.950563197103044,0.7804878048780488,0.06504065040650409,0.6129032258064516,0.30645161290322576,CHEMBL244_Ki
86921808,mondrian_std,cliffB_oracle,all,620,504,0.8129032258064516,0.7803128829234477,0.8416400099373004,1.9315519830592096,,,,,CHEMBL244_Ki
86921808,mondrian_std,cliffB_oracle,cliff,32,17,0.53125,0.3644951711897464,0.6913061289193116,2.212216257981282,,,,,CHEMBL244_Ki
86921808,mondrian_std,cliffB_oracle,noncliff,588,487,0.8282312925170068,0.7956388755913077,0.8565628149917501,1.9162777368049475,,,,,CHEMBL244_Ki
86921808,mondrian_std,cliffA,all,620,504,0.8129032258064516,0.7803128829234477,0.8416400099373004,1.9315519830592096,,,,,CHEMBL244_Ki
86921808,mondrian_std,cliffA,cliff,62,42,0.6774193548387096,0.553680880928481,0.780455093487161,2.173312616296288,,,,,CHEMBL244_Ki
86921808,mondrian_std,cliffA,noncliff,558,462,0.8279569892473119,0.7944263744714373,0.8570029464765654,1.904689690477312,,,,,CHEMBL244_Ki
86921808,mondrian_std,__bins__,__summary__,-1,-1,,,,1.9315519830592096,0.7804878048780488,0.05691056910569103,0.6129032258064516,0.30645161290322576,CHEMBL244_Ki
86921808,mondrian_iqr,cliffB_oracle,all,620,510,0.8225806451612904,0.7905506709644445,0.8506378783765329,1.8725635759924613,,,,,CHEMBL244_Ki
86921808,mondrian_iqr,cliffB_oracle,cliff,32,17,0.53125,0.3644951711897464,0.6913061289193116,1.9772868754628208,,,,,CHEMBL244_Ki
86921808,mondrian_iqr,cliffB_oracle,noncliff,588,493,0.8384353741496599,0.8065054842842392,0.8659719065241989,1.8668643488104006,,,,,CHEMBL244_Ki
86921808,mondrian_iqr,cliffA,all,620,510,0.8225806451612904,0.7905506709644445,0.8506378783765329,1.8725635759924613,,,,,CHEMBL244_Ki
86921808,mondrian_iqr,cliffA,cliff,62,42,0.6774193548387096,0.553680880928481,0.780455093487161,1.9961535857307975,,,,,CHEMBL244_Ki
86921808,mondrian_iqr,cliffA,noncliff,558,468,0.8387096774193549,0.8058933493020682,0.8668943100376724,1.8588313526882019,,,,,CHEMBL244_Ki
86921808,mondrian_iqr,__bins__,__summary__,-1,-1,,,,1.8725635759924613,0.7596899224806202,0.10209869540555871,0.6290322580645161,0.30645161290322576,CHEMBL244_Ki
86921808,mondrian_nb,cliffB_oracle,all,620,512,0.8258064516129032,0.7939703990870285,0.8536300357473586,1.9103999692107876,,,,,CHEMBL244_Ki
86921808,mondrian_nb,cliffB_oracle,cliff,32,12,0.375,0.22933887309454212,0.5474559264692255,1.8355390882593938,,,,,CHEMBL244_Ki
86921808,mondrian_nb,cliffB_oracle,noncliff,588,500,0.8503401360544217,0.8192358640639797,0.8768965103407348,1.9144740307591632,,,,,CHEMBL244_Ki
86921808,mondrian_nb,cliffA,all,620,512,0.8258064516129032,0.7939703990870285,0.8536300357473586,1.9103999692107876,,,,,CHEMBL244_Ki
86921808,mondrian_nb,cliffA,cliff,62,36,0.5806451612903226,0.4566558474484658,0.6952241409222806,1.8299389697727575,,,,,CHEMBL244_Ki
86921808,mondrian_nb,cliffA,noncliff,558,476,0.8530465949820788,0.8212569952546976,0.8800084486073597,1.9193400802594578,,,,,CHEMBL244_Ki
86921808,mondrian_nb,__bins__,__summary__,-1,-1,,,,1.9103999692107876,0.6821705426356589,0.23652864435621102,0.6209677419354839,0.3306451612903226,CHEMBL244_Ki
86921808,mondrian_nnsim,cliffB_oracle,all,620,503,0.8112903225806452,0.7786096106893358,0.8401373394247075,1.8664050454193184,,,,,CHEMBL244_Ki
86921808,mondrian_nnsim,cliffB_oracle,cliff,32,10,0.3125,0.17952541633609734,0.4856667830095541,1.5968094818334655,,,,,CHEMBL244_Ki
86921808,mondrian_nnsim,cliffB_oracle,noncliff,588,493,0.8384353741496599,0.8065054842842392,0.8659719065241989,1.8810769128253513,,,,,CHEMBL244_Ki
86921808,mondrian_nnsim,cliffA,all,620,503,0.8112903225806452,0.7786096106893358,0.8401373394247075,1.8664050454193184,,,,,CHEMBL244_Ki
86921808,mondrian_nnsim,cliffA,cliff,62,31,0.5,0.3792274119456608,0.6207725880543392,1.6404452029543009,,,,,CHEMBL244_Ki
86921808,mondrian_nnsim,cliffA,noncliff,558,472,0.8458781362007168,0.8135640645730806,0.8734624870278183,1.8915116945820984,,,,,CHEMBL244_Ki
86921808,mondrian_nnsim,__bins__,__summary__,-1,-1,,,,1.8664050454193184,0.6589147286821705,0.25978445830969943,0.6129032258064516,0.3306451612903226,CHEMBL244_Ki
86921808,mondrian_pairgap,cliffB_oracle,all,620,512,0.8258064516129032,0.7939703990870285,0.8536300357473586,1.9583212727006787,,,,,CHEMBL244_Ki
86921808,mondrian_pairgap,cliffB_oracle,cliff,32,14,0.4375,0.2816533111504036,0.6067440886314801,2.062303886948781,,,,,CHEMBL244_Ki
86921808,mondrian_pairgap,cliffB_oracle,noncliff,588,498,0.8469387755102041,0.8155925476378157,0.8737812600251057,1.952662354918469,,,,,CHEMBL244_Ki
86921808,mondrian_pairgap,cliffA,all,620,512,0.8258064516129032,0.7939703990870285,0.8536300357473586,1.9583212727006787,,,,,CHEMBL244_Ki
86921808,mondrian_pairgap,cliffA,cliff,62,39,0.6290322580645161,0.5045796412346053,0.7384283401585889,2.061201524307329,,,,,CHEMBL244_Ki
86921808,mondrian_pairgap,cliffA,noncliff,558,473,0.8476702508960573,0.8154851653105699,0.8751011093556187,1.9468901336332725,,,,,CHEMBL244_Ki
86921808,mondrian_pairgap,__bins__,__summary__,-1,-1,,,,1.9583212727006787,0.689922480620155,0.21251654377008888,0.5967741935483871,0.3548387096774194,CHEMBL244_Ki
86921808,mondrian_rfstd,cliffB_oracle,all,620,507,0.817741935483871,0.7854278341431122,0.8461428869577505,1.852382417216484,,,,,CHEMBL244_Ki
86921808,mondrian_rfstd,cliffB_oracle,cliff,32,14,0.4375,0.2816533111504036,0.6067440886314801,1.922749538037101,,,,,CHEMBL244_Ki
86921808,mondrian_rfstd,cliffB_oracle,noncliff,588,493,0.8384353741496599,0.8065054842842392,0.8659719065241989,1.8485529140425727,,,,,CHEMBL244_Ki
86921808,mondrian_rfstd,cliffA,all,620,507,0.817741935483871,0.7854278341431122,0.8461428869577505,1.852382417216484,,,,,CHEMBL244_Ki
86921808,mondrian_rfstd,cliffA,cliff,62,38,0.6129032258064516,0.48847843539018354,0.7241535483288614,2.005764817322711,,,,,CHEMBL244_Ki
86921808,mondrian_rfstd,cliffA,noncliff,558,469,0.8405017921146953,0.8078090124279224,0.8685383699771078,1.8353399283157923,,,,,CHEMBL244_Ki
86921808,mondrian_rfstd,__bins__,__summary__,-1,-1,,,,1.852382417216484,0.7479674796747967,0.11382113821138218,0.7661290322580645,0.07258064516129037,CHEMBL244_Ki
71339737,global,cliffB_oracle,all,664,556,0.8373493975903614,0.8073524268056654,0.8634654657988151,1.6858879425957445,,,,,CHEMBL214_Ki
71339737,global,cliffB_oracle,cliff,16,7,0.4375,0.23098652405492354,0.6682144360118811,1.6858879425957447,,,,,CHEMBL214_Ki
71339737,global,cliffB_oracle,noncliff,648,549,0.8472222222222222,0.8174813911123214,0.8728705248491703,1.6858879425957447,,,,,CHEMBL214_Ki
71339737,global,cliffA,all,664,556,0.8373493975903614,0.8073524268056654,0.8634654657988151,1.6858879425957445,,,,,CHEMBL214_Ki
71339737,global,cliffA,cliff,50,31,0.62,0.4815044693099298,0.7413721068980641,1.6858879425957445,,,,,CHEMBL214_Ki
71339737,global,cliffA,noncliff,614,525,0.8550488599348535,0.8249939212192317,0.8806887321142234,1.685887942595745,,,,,CHEMBL214_Ki
71339737,global,__bins__,__summary__,-1,-1,,,,1.6858879425957445,0.7677419354838709,0.14564389128778266,0.6691729323308271,0.2706766917293233,CHEMBL214_Ki
71339737,mondrian_pair,cliffB_oracle,all,664,554,0.8343373493975904,0.8041522592249173,0.8606761879098805,1.6931205496792714,,,,,CHEMBL214_Ki
71339737,mondrian_pair,cliffB_oracle,cliff,16,8,0.5,0.27999563610326017,0.7200043638967398,1.7462259431924947,,,,,CHEMBL214_Ki
71339737,mondrian_pair,cliffB_oracle,noncliff,648,546,0.8425925925925926,0.8125432943887693,0.8686039293599025,1.6918093053949943,,,,,CHEMBL214_Ki
71339737,mondrian_pair,cliffA,all,664,554,0.8343373493975904,0.8041522592249173,0.8606761879098805,1.6931205496792714,,,,,CHEMBL214_Ki
71339737,mondrian_pair,cliffA,cliff,50,31,0.62,0.4815044693099298,0.7413721068980641,1.7357562337825243,,,,,CHEMBL214_Ki
71339737,mondrian_pair,cliffA,noncliff,614,523,0.8517915309446255,0.821502571702668,0.8777059288479114,1.6896485884330785,,,,,CHEMBL214_Ki
71339737,mondrian_pair,__bins__,__summary__,-1,-1,,,,1.6931205496792714,0.7612903225806451,0.1442214884429769,0.6616541353383458,0.2706766917293233,CHEMBL214_Ki
71339737,mondrian_wstd,cliffB_oracle,all,664,536,0.8072289156626506,0.7754916995385152,0.8354317383691369,1.616771014024849,,,,,CHEMBL214_Ki
71339737,mondrian_wstd,cliffB_oracle,cliff,16,7,0.4375,0.23098652405492354,0.6682144360118811,1.6694450091556485,,,,,CHEMBL214_Ki
71339737,mondrian_wstd,cliffB_oracle,noncliff,648,529,0.816358024691358,0.7847115008963274,0.8442758003130318,1.6154704215524835,,,,,CHEMBL214_Ki
71339737,mondrian_wstd,cliffA,all,664,536,0.8072289156626506,0.7754916995385152,0.8354317383691369,1.616771014024849,,,,,CHEMBL214_Ki
71339737,mondrian_wstd,cliffA,cliff,50,30,0.6,0.4618143774758936,0.7239161026974346,1.7425214820746393,,,,,CHEMBL214_Ki
71339737,mondrian_wstd,cliffA,noncliff,614,506,0.8241042345276873,0.7920003257288305,0.8521778761673052,1.6065307478970159,,,,,CHEMBL214_Ki
71339737,mondrian_wstd,__bins__,__summary__,-1,-1,,,,1.616771014024849,0.7322834645669292,0.1417322834645669,0.6842105263157895,0.19548872180451127,CHEMBL214_Ki
71339737,mondrian_std,cliffB_oracle,all,664,536,0.8072289156626506,0.7754916995385152,0.8354317383691369,1.6235742224599221,,,,,CHEMBL214_Ki
71339737,mondrian_std,cliffB_oracle,cliff,16,8,0.5,0.27999563610326017,0.7200043638967398,1.6575962861427727,,,,,CHEMBL214_Ki
71339737,mondrian_std,cliffB_oracle,noncliff,648,528,0.8148148148148148,0.7830817371392,0.8428373333325525,1.6227341715047898,,,,,CHEMBL214_Ki
71339737,mondrian_std,cliffA,all,664,536,0.8072289156626506,0.7754916995385152,0.8354317383691369,1.6235742224599221,,,,,CHEMBL214_Ki
71339737,mondrian_std,cliffA,cliff,50,30,0.6,0.4618143774758936,0.7239161026974346,1.7470473389494992,,,,,CHEMBL214_Ki
71339737,mondrian_std,cliffA,noncliff,614,506,0.8241042345276873,0.7920003257288305,0.8521778761673052,1.6135194084135396,,,,,CHEMBL214_Ki
71339737,mondrian_std,__bins__,__summary__,-1,-1,,,,1.6235742224599221,0.7401574803149606,0.13385826771653542,0.6917293233082706,0.18796992481203012,CHEMBL214_Ki
71339737,mondrian_iqr,cliffB_oracle,all,664,540,0.8132530120481928,0.7818399255548009,0.8410624032922168,1.6421941716076773,,,,,CHEMBL214_Ki
71339737,mondrian_iqr,cliffB_oracle,cliff,16,7,0.4375,0.23098652405492354,0.6682144360118811,1.5794625525880797,,,,,CHEMBL214_Ki
71339737,mondrian_iqr,cliffB_oracle,noncliff,648,533,0.8225308641975309,0.7912384144537162,0.8500218097060696,1.6437431004723586,,,,,CHEMBL214_Ki
71339737,mondrian_iqr,cliffA,all,664,540,0.8132530120481928,0.7818399255548009,0.8410624032922168,1.6421941716076773,,,,,CHEMBL214_Ki
71339737,mondrian_iqr,cliffA,cliff,50,27,0.54,0.40398871399157477,0.6703034780777566,1.6306805421979504,,,,,CHEMBL214_Ki
71339737,mondrian_iqr,cliffA,noncliff,614,513,0.8355048859934854,0.804112396259436,0.8627253403767646,1.6431317635791534,,,,,CHEMBL214_Ki
71339737,mondrian_iqr,__bins__,__summary__,-1,-1,,,,1.6421941716076773,0.7874015748031497,0.04853592519685035,0.7142857142857143,0.15037593984962405,CHEMBL214_Ki
71339737,mondrian_nb,cliffB_oracle,all,664,560,0.8433734939759037,0.8137629744214088,0.8690338091224377,1.6906934990283409,,,,,CHEMBL214_Ki
71339737,mondrian_nb,cliffB_oracle,cliff,16,7,0.4375,0.23098652405492354,0.6682144360118811,1.6117771875891425,,,,,CHEMBL214_Ki
71339737,mondrian_nb,cliffB_oracle,noncliff,648,553,0.8533950617283951,0.8240791280964438,0.8785457108154745,1.6926420499280739,,,,,CHEMBL214_Ki
71339737,mondrian_nb,cliffA,all,664,560,0.8433734939759037,0.8137629744214088,0.8690338091224377,1.6906934990283409,,,,,CHEMBL214_Ki
71339737,mondrian_nb,cliffA,cliff,50,29,0.58,0.4423344176857823,0.7062499664528802,1.6364609888330808,,,,,CHEMBL214_Ki
71339737,mondrian_nb,cliffA,noncliff,614,531,0.8648208469055375,0.8354968312283245,0.8896082804537578,1.6951098272201373,,,,,CHEMBL214_Ki
71339737,mondrian_nb,__bins__,__summary__,-1,-1,,,,1.6906934990283409,0.7806451612903226,0.12486664973329942,0.706766917293233,0.21052631578947367,CHEMBL214_Ki
71339737,mondrian_nnsim,cliffB_oracle,all,664,560,0.8433734939759037,0.8137629744214088,0.8690338091224377,1.7118759924407068,,,,,CHEMBL214_Ki
71339737,mondrian_nnsim,cliffB_oracle,cliff,16,9,0.5625,0.331785563988119,0.7690134759450765,1.79755475196637,,,,,CHEMBL214_Ki
71339737,mondrian_nnsim,cliffB_oracle,noncliff,648,551,0.8503086419753086,0.8207782752209404,0.8757101022157646,1.7097604675141476,,,,,CHEMBL214_Ki
71339737,mondrian_nnsim,cliffA,all,664,560,0.8433734939759037,0.8137629744214088,0.8690338091224377,1.7118759924407068,,,,,CHEMBL214_Ki
71339737,mondrian_nnsim,cliffA,cliff,50,30,0.6,0.4618143774758936,0.7239161026974346,1.694022970920733,,,,,CHEMBL214_Ki
71339737,mondrian_nnsim,cliffA,noncliff,614,530,0.8631921824104235,0.8337432383999493,0.888124796890695,1.7133298215547113,,,,,CHEMBL214_Ki
71339737,mondrian_nnsim,__bins__,__summary__,-1,-1,,,,1.7118759924407068,0.7548387096774194,0.1506731013462026,0.7142857142857143,0.20300751879699241,CHEMBL214_Ki
71339737,mondrian_pairgap,cliffB_oracle,all,664,550,0.8283132530120482,0.7977617705216218,0.8550877856738102,1.6816250125061298,,,,,CHEMBL214_Ki
71339737,mondrian_pairgap,cliffB_oracle,cliff,16,6,0.375,0.18481232558863633,0.6135895945449727,1.6557592907464556,,,,,CHEMBL214_Ki
71339737,mondrian_pairgap,cliffB_oracle,noncliff,648,544,0.8395061728395061,0.8092559158737891,0.8657548463996694,1.6822636723026647,,,,,CHEMBL214_Ki
71339737,mondrian_pairgap,cliffA,all,664,550,0.8283132530120482,0.7977617705216218,0.8550877856738102,1.6816250125061298,,,,,CHEMBL214_Ki
71339737,mondrian_pairgap,cliffA,cliff,50,28,0.56,0.4230602802165686,0.6883780078874284,1.7105873021453857,,,,,CHEMBL214_Ki
71339737,mondrian_pairgap,cliffA,noncliff,614,522,0.8501628664495114,0.8197586267994228,0.8762127973597187,1.6792665198644965,,,,,CHEMBL214_Ki
71339737,mondrian_pairgap,__bins__,__summary__,-1,-1,,,,1.6816250125061298,0.7612903225806451,0.1442214884429769,0.6616541353383458,0.2706766917293233,CHEMBL214_Ki
71339737,mondrian_rfstd,cliffB_oracle,all,664,548,0.8253012048192772,0.794571312564812,0.8522887981609373,1.664211373297617,,,,,CHEMBL214_Ki
71339737,mondrian_rfstd,cliffB_oracle,cliff,16,7,0.4375,0.23098652405492354,0.6682144360118811,1.550643860226144,,,,,CHEMBL214_Ki
71339737,mondrian_rfstd,cliffB_oracle,noncliff,648,541,0.8348765432098766,0.8043316613981114,0.8614744086625273,1.6670155094228387,,,,,CHEMBL214_Ki
71339737,mondrian_rfstd,cliffA,all,664,548,0.8253012048192772,0.794571312564812,0.8522887981609373,1.664211373297617,,,,,CHEMBL214_Ki
71339737,mondrian_rfstd,cliffA,cliff,50,26,0.52,0.38511744890044614,0.6520286471342196,1.6517366840801828,,,,,CHEMBL214_Ki
71339737,mondrian_rfstd,cliffA,noncliff,614,522,0.8501628664495114,0.8197586267994228,0.8762127973597187,1.6652272274684181,,,,,CHEMBL214_Ki
71339737,mondrian_rfstd,__bins__,__summary__,-1,-1,,,,1.664211373297617,0.8,0.06614173228346454,0.7593984962406015,0.12030075187969924,CHEMBL214_Ki
99182118,global,cliffB_oracle,all,664,524,0.7891566265060241,0.7565120756687718,0.818474689420783,1.5947743695641279,,,,,CHEMBL214_Ki
99182118,global,cliffB_oracle,cliff,30,14,0.4666666666666667,0.30232388907699753,0.638577003801267,1.5947743695641279,,,,,CHEMBL214_Ki
99182118,global,cliffB_oracle,noncliff,634,510,0.804416403785489,0.7717463682029775,0.8334196878161402,1.5947743695641277,,,,,CHEMBL214_Ki
99182118,global,cliffA,all,664,524,0.7891566265060241,0.7565120756687718,0.818474689420783,1.5947743695641279,,,,,CHEMBL214_Ki
99182118,global,cliffA,cliff,49,27,0.5510204081632653,0.413151082194979,0.6814715893131335,1.594774369564128,,,,,CHEMBL214_Ki
99182118,global,cliffA,noncliff,615,497,0.808130081300813,0.7751341235227649,0.8373006036563868,1.594774369564128,,,,,CHEMBL214_Ki
99182118,global,__bins__,__summary__,-1,-1,,,,1.5947743695641279,0.6280487804878049,0.26795121951219514,0.6090225563909775,0.30827067669172925,CHEMBL214_Ki
99182118,mondrian_pair,cliffB_oracle,all,664,524,0.7891566265060241,0.7565120756687718,0.818474689420783,1.603075227272736,,,,,CHEMBL214_Ki
99182118,mondrian_pair,cliffB_oracle,cliff,30,13,0.43333333333333335,0.2737748557646652,0.6080269299918639,1.5675948288465855,,,,,CHEMBL214_Ki
99182118,mondrian_pair,cliffB_oracle,noncliff,634,511,0.805993690851735,0.7734077513465826,0.8348938800923232,1.6047541104790206,,,,,CHEMBL214_Ki
99182118,mondrian_pair,cliffA,all,664,524,0.7891566265060241,0.7565120756687718,0.818474689420783,1.603075227272736,,,,,CHEMBL214_Ki
99182118,mondrian_pair,cliffA,cliff,49,26,0.5306122448979592,0.39380863983661896,0.6629649630682484,1.569122640240995,,,,,CHEMBL214_Ki
99182118,mondrian_pair,cliffA,noncliff,615,498,0.8097560975609757,0.7768499054111542,0.8388166672940089,1.6057803927435572,,,,,CHEMBL214_Ki
99182118,mondrian_pair,__bins__,__summary__,-1,-1,,,,1.603075227272736,0.6280487804878049,0.26795121951219514,0.6090225563909775,0.30827067669172925,CHEMBL214_Ki
99182118,mondrian_wstd,cliffB_oracle,all,664,524,0.7891566265060241,0.7565120756687718,0.818474689420783,1.6023518881963361,,,,,CHEMBL214_Ki
99182118,mondrian_wstd,cliffB_oracle,cliff,30,15,0.5,0.33154125640533766,0.6684587435946623,1.8638894806127424,,,,,CHEMBL214_Ki
99182118,mondrian_wstd,cliffB_oracle,noncliff,634,509,0.8028391167192429,0.7700857497918835,0.831944730807446,1.5899762923406704,,,,,CHEMBL214_Ki
99182118,mondrian_wstd,cliffA,all,664,524,0.7891566265060241,0.7565120756687718,0.818474689420783,1.6023518881963361,,,,,CHEMBL214_Ki
99182118,mondrian_wstd,cliffA,cliff,49,28,0.5714285714285714,0.4327049309001736,0.699766809211184,1.7854449039558729,,,,,CHEMBL214_Ki
99182118,mondrian_wstd,cliffA,noncliff,615,496,0.8065040650406504,0.7734191844791412,0.8357836971739991,1.5877639893797224,,,,,CHEMBL214_Ki
99182118,mondrian_wstd,__bins__,__summary__,-1,-1,,,,1.6023518881963361,0.76,0.05707317073170726,0.6466165413533834,0.23308270676691734,CHEMBL214_Ki
99182118,mondrian_std,cliffB_oracle,all,664,521,0.7846385542168675,0.7517816331954783,0.8142209636895521,1.585952659039244,,,,,CHEMBL214_Ki
99182118,mondrian_std,cliffB_oracle,cliff,30,15,0.5,0.33154125640533766,0.6684587435946623,1.8217098543516805,,,,,CHEMBL214_Ki
99182118,mondrian_std,cliffB_oracle,noncliff,634,506,0.7981072555205048,0.7651084149820531,0.827515339357912,1.5747969557910215,,,,,CHEMBL214_Ki
99182118,mondrian_std,cliffA,all,664,521,0.7846385542168675,0.7517816331954783,0.8142209636895521,1.585952659039244,,,,,CHEMBL214_Ki
99182118,mondrian_std,cliffA,cliff,49,28,0.5714285714285714,0.4327049309001736,0.699766809211184,1.7549995144633104,,,,,CHEMBL214_Ki
99182118,mondrian_std,cliffA,noncliff,615,493,0.8016260162601626,0.7682793452092,0.8312279998659062,1.5724838851924483,,,,,CHEMBL214_Ki
99182118,mondrian_std,__bins__,__summary__,-1,-1,,,,1.585952659039244,0.76,0.050975609756097606,0.6390977443609023,0.24060150375939848,CHEMBL214_Ki
99182118,mondrian_iqr,cliffB_oracle,all,664,527,0.7936746987951807,0.7612481640472498,0.8227227692468292,1.6099314008201475,,,,,CHEMBL214_Ki
99182118,mondrian_iqr,cliffB_oracle,cliff,30,13,0.43333333333333335,0.2737748557646652,0.6080269299918639,1.7728224174418012,,,,,CHEMBL214_Ki
99182118,mondrian_iqr,cliffB_oracle,noncliff,634,514,0.8107255520504731,0.7783965599604628,0.8393117977378075,1.6022236240083974,,,,,CHEMBL214_Ki
99182118,mondrian_iqr,cliffA,all,664,527,0.7936746987951807,0.7612481640472498,0.8227227692468292,1.6099314008201475,,,,,CHEMBL214_Ki
99182118,mondrian_iqr,cliffA,cliff,49,26,0.5306122448979592,0.39380863983661896,0.6629649630682484,1.6728758388704073,,,,,CHEMBL214_Ki
99182118,mondrian_iqr,cliffA,noncliff,615,501,0.8146341463414634,0.7820023907959933,0.8433597184872036,1.6049163155120778,,,,,CHEMBL214_Ki
99182118,mondrian_iqr,__bins__,__summary__,-1,-1,,,,1.6099314008201475,0.7439024390243902,0.08809756097560972,0.6541353383458647,0.21052631578947367,CHEMBL214_Ki
99182118,mondrian_nb,cliffB_oracle,all,664,509,0.766566265060241,0.7329138529972503,0.7971520710696829,1.5284327441788117,,,,,CHEMBL214_Ki
99182118,mondrian_nb,cliffB_oracle,cliff,30,10,0.3333333333333333,0.19230498083676134,0.5121994835545616,1.3147395807723048,,,,,CHEMBL214_Ki
99182118,mondrian_nb,cliffB_oracle,noncliff,634,499,0.7870662460567823,0.7535201806360077,0.8171545457654401,1.5385444080624002,,,,,CHEMBL214_Ki
99182118,mondrian_nb,cliffA,all,664,509,0.766566265060241,0.7329138529972503,0.7971520710696829,1.5284327441788117,,,,,CHEMBL214_Ki
99182118,mondrian_nb,cliffA,cliff,49,23,0.46938775510204084,0.3370350369317515,0.6061913601633808,1.3915460512668802,,,,,CHEMBL214_Ki
99182118,mondrian_nb,cliffA,noncliff,615,486,0.7902439024390244,0.7563144688736557,0.8205699575193711,1.5393391636140714,,,,,CHEMBL214_Ki
99182118,mondrian_nb,__bins__,__summary__,-1,-1,,,,1.5284327441788117,0.6158536585365854,0.23214634146341462,0.631578947368421,0.24812030075187974,CHEMBL214_Ki
99182118,mondrian_nnsim,cliffB_oracle,all,664,512,0.7710843373493976,0.7376229306595082,0.8014271616119494,1.5952675485081538,,,,,CHEMBL214_Ki
99182118,mondrian_nnsim,cliffB_oracle,cliff,30,17,0.5666666666666667,0.3919730700081361,0.7262251442353347,1.9884830487956286,,,,,CHEMBL214_Ki
99182118,mondrian_nnsim,cliffB_oracle,noncliff,634,495,0.7807570977917981,0.7469137787189047,0.8112186460033904,1.5766611368226269,,,,,CHEMBL214_Ki
99182118,mondrian_nnsim,cliffA,all,664,512,0.7710843373493976,0.7376229306595082,0.8014271616119494,1.5952675485081538,,,,,CHEMBL214_Ki
99182118,mondrian_nnsim,cliffA,cliff,49,31,0.6326530612244898,0.49267067560792427,0.7533482703131686,1.8833799024427795,,,,,CHEMBL214_Ki
99182118,mondrian_nnsim,cliffA,noncliff,615,481,0.7821138211382114,0.7477911685859562,0.8129340301770138,1.5723122552678341,,,,,CHEMBL214_Ki
99182118,mondrian_nnsim,__bins__,__summary__,-1,-1,,,,1.5952675485081538,0.6463414634146342,0.2016585365853658,0.6015037593984962,0.29323308270676696,CHEMBL214_Ki
99182118,mondrian_pairgap,cliffB_oracle,all,664,527,0.7936746987951807,0.7612481640472498,0.8227227692468292,1.6056510755931224,,,,,CHEMBL214_Ki
99182118,mondrian_pairgap,cliffB_oracle,cliff,30,12,0.4,0.24590628116801852,0.5767963974667752,1.5486778468321576,,,,,CHEMBL214_Ki
99182118,mondrian_pairgap,cliffB_oracle,noncliff,634,515,0.8123028391167192,0.7800610735619168,0.8407828595561416,1.6083469696985309,,,,,CHEMBL214_Ki
99182118,mondrian_pairgap,cliffA,all,664,527,0.7936746987951807,0.7612481640472498,0.8227227692468292,1.6056510755931224,,,,,CHEMBL214_Ki
99182118,mondrian_pairgap,cliffA,cliff,49,25,0.5102040816326531,0.37467563740468035,0.6442488968969421,1.5421983770472538,,,,,CHEMBL214_Ki
99182118,mondrian_pairgap,cliffA,noncliff,615,502,0.816260162601626,0.7837216276213602,0.8448723271878483,1.6107066564528745,,,,,CHEMBL214_Ki
99182118,mondrian_pairgap,__bins__,__summary__,-1,-1,,,,1.6056510755931224,0.6646341463414634,0.23136585365853657,0.6541353383458647,0.2556390977443609,CHEMBL214_Ki
99182118,mondrian_rfstd,cliffB_oracle,all,664,524,0.7891566265060241,0.7565120756687718,0.818474689420783,1.5989962902010415,,,,,CHEMBL214_Ki
99182118,mondrian_rfstd,cliffB_oracle,cliff,30,13,0.43333333333333335,0.2737748557646652,0.6080269299918639,1.637666594124089,,,,,CHEMBL214_Ki
99182118,mondrian_rfstd,cliffB_oracle,noncliff,634,511,0.805993690851735,0.7734077513465826,0.8348938800923232,1.5971664650942725,,,,,CHEMBL214_Ki
99182118,mondrian_rfstd,cliffA,all,664,524,0.7891566265060241,0.7565120756687718,0.818474689420783,1.5989962902010415,,,,,CHEMBL214_Ki
99182118,mondrian_rfstd,cliffA,cliff,49,26,0.5306122448979592,0.39380863983661896,0.6629649630682484,1.5912703829937433,,,,,CHEMBL214_Ki
99182118,mondrian_rfstd,cliffA,noncliff,615,498,0.8097560975609757,0.7768499054111542,0.8388166672940089,1.5996118502874763,,,,,CHEMBL214_Ki
99182118,mondrian_rfstd,__bins__,__summary__,-1,-1,,,,1.5989962902010415,0.7073170731707317,0.1406829268292683,0.706766917293233,0.16541353383458646,CHEMBL214_Ki
89709943,global,cliffB_oracle,all,664,527,0.7936746987951807,0.7612481640472498,0.8227227692468292,1.6184184042060124,,,,,CHEMBL214_Ki
89709943,global,cliffB_oracle,cliff,27,9,0.3333333333333333,0.18643261498715644,0.5217523949267991,1.6184184042060126,,,,,CHEMBL214_Ki
89709943,global,cliffB_oracle,noncliff,637,518,0.8131868131868132,0.7810744071886861,0.8415444863115225,1.6184184042060126,,,,,CHEMBL214_Ki
89709943,global,cliffA,all,664,527,0.7936746987951807,0.7612481640472498,0.8227227692468292,1.6184184042060124,,,,,CHEMBL214_Ki
89709943,global,cliffA,cliff,49,24,0.4897959183673469,0.3557511031030578,0.6253243625953194,1.6184184042060128,,,,,CHEMBL214_Ki
89709943,global,cliffA,noncliff,615,503,0.8178861788617886,0.7854417499963383,0.8463840503388814,1.6184184042060126,,,,,CHEMBL214_Ki
89709943,global,__bins__,__summary__,-1,-1,,,,1.6184184042060124,0.6395348837209303,0.31168462847419165,0.6616541353383458,0.2556390977443609,CHEMBL214_Ki
89709943,mondrian_pair,cliffB_oracle,all,664,530,0.7981927710843374,0.7659900338901927,0.8269650676084107,1.6215855465201388,,,,,CHEMBL214_Ki
89709943,mondrian_pair,cliffB_oracle,cliff,27,9,0.3333333333333333,0.18643261498715644,0.5217523949267991,1.547727982771441,,,,,CHEMBL214_Ki
89709943,mondrian_pair,cliffB_oracle,noncliff,637,521,0.8178963893249608,0.7860500460371114,0.84593153759092,1.6247160868988124,,,,,CHEMBL214_Ki
89709943,mondrian_pair,cliffA,all,664,530,0.7981927710843374,0.7659900338901927,0.8269650676084107,1.6215855465201388,,,,,CHEMBL214_Ki
89709943,mondrian_pair,cliffA,cliff,49,24,0.4897959183673469,0.3557511031030578,0.6253243625953194,1.5464626915531654,,,,,CHEMBL214_Ki
89709943,mondrian_pair,cliffA,noncliff,615,506,0.8227642276422764,0.7906075226141813,0.8509138142990724,1.6275709447207598,,,,,CHEMBL214_Ki
89709943,mondrian_pair,__bins__,__summary__,-1,-1,,,,1.6215855465201388,0.6453488372093024,0.30587067498581955,0.6842105263157895,0.24060150375939848,CHEMBL214_Ki
89709943,mondrian_wstd,cliffB_oracle,all,664,548,0.8253012048192772,0.794571312564812,0.8522887981609373,1.7213705035721216,,,,,CHEMBL214_Ki
89709943,mondrian_wstd,cliffB_oracle,cliff,27,13,0.48148148148148145,0.3074322697621846,0.6601438424504771,1.840093166942877,,,,,CHEMBL214_Ki
89709943,mondrian_wstd,cliffB_oracle,noncliff,637,535,0.8398744113029827,0.80937112952486,0.8663030080330103,1.7163383027699073,,,,,CHEMBL214_Ki
89709943,mondrian_wstd,cliffA,all,664,548,0.8253012048192772,0.794571312564812,0.8522887981609373,1.7213705035721216,,,,,CHEMBL214_Ki
89709943,mondrian_wstd,cliffA,cliff,49,31,0.6326530612244898,0.49267067560792427,0.7533482703131686,1.854860592732456,,,,,CHEMBL214_Ki
89709943,mondrian_wstd,cliffA,noncliff,615,517,0.8406504065040651,0.8096219549644591,0.8674496827349197,1.7107347078504036,,,,,CHEMBL214_Ki
89709943,mondrian_wstd,__bins__,__summary__,-1,-1,,,,1.7213705035721216,0.7674418604651163,0.10247683872187552,0.7142857142857143,0.18796992481203,CHEMBL214_Ki
89709943,mondrian_std,cliffB_oracle,all,664,546,0.822289156626506,0.791383959191021,0.8494867060650453,1.695949836903329,,,,,CHEMBL214_Ki
89709943,mondrian_std,cliffB_oracle,cliff,27,15,0.5555555555555556,0.3731302451322448,0.72414141822977,1.8345933434145716,,,,,CHEMBL214_Ki
89709943,mondrian_std,cliffB_oracle,noncliff,637,531,0.8335949764521193,0.8026901185559676,0.860500432164806,1.6900732675535588,,,,,CHEMBL214_Ki
89709943,mondrian_std,cliffA,all,664,546,0.822289156626506,0.791383959191021,0.8494867060650453,1.695949836903329,,,,,CHEMBL214_Ki
89709943,mondrian_std,cliffA,cliff,49,32,0.6530612244897959,0.5131119428697273,0.7707560716546102,1.8254261928443167,,,,,CHEMBL214_Ki
89709943,mondrian_std,cliffA,noncliff,615,514,0.8357723577235773,0.8044243051763619,0.862951795944983,1.6856338345600632,,,,,CHEMBL214_Ki
89709943,mondrian_std,__bins__,__summary__,-1,-1,,,,1.695949836903329,0.7616279069767442,0.10829079221024762,0.7142857142857143,0.19548872180451127,CHEMBL214_Ki
89709943,mondrian_iqr,cliffB_oracle,all,664,538,0.8102409638554217,0.7786644016361693,0.8382484817411654,1.6845063928254762,,,,,CHEMBL214_Ki
89709943,mondrian_iqr,cliffB_oracle,cliff,27,11,0.4074074074074074,0.24514757074395552,0.592732990319353,1.5849354353287362,,,,,CHEMBL214_Ki
89709943,mondrian_iqr,cliffB_oracle,noncliff,637,527,0.8273155416012559,0.7960236919311605,0.8546832719525161,1.6887268258747887,,,,,CHEMBL214_Ki
89709943,mondrian_iqr,cliffA,all,664,538,0.8102409638554217,0.7786644016361693,0.8382484817411654,1.6845063928254762,,,,,CHEMBL214_Ki
89709943,mondrian_iqr,cliffA,cliff,49,27,0.5510204081632653,0.413151082194979,0.6814715893131335,1.637757165418978,,,,,CHEMBL214_Ki
89709943,mondrian_iqr,cliffA,noncliff,615,511,0.8308943089430895,0.7992357475269708,0.8584448170163398,1.688231128017214,,,,,CHEMBL214_Ki
89709943,mondrian_iqr,__bins__,__summary__,-1,-1,,,,1.6845063928254762,0.7383720930232558,0.14780676876536214,0.6842105263157895,0.21804511278195482,CHEMBL214_Ki
89709943,mondrian_nb,cliffB_oracle,all,664,532,0.8012048192771084,0.7691545628082607,0.8297899841600255,1.67135648790542,,,,,CHEMBL214_Ki
89709943,mondrian_nb,cliffB_oracle,cliff,27,9,0.3333333333333333,0.18643261498715644,0.5217523949267991,1.5338215318450494,,,,,CHEMBL214_Ki
89709943,mondrian_nb,cliffB_oracle,noncliff,637,523,0.8210361067503925,0.7893712249397498,0.84885215210683,1.6771860700304275,,,,,CHEMBL214_Ki
89709943,mondrian_nb,cliffA,all,664,532,0.8012048192771084,0.7691545628082607,0.8297899841600255,1.67135648790542,,,,,CHEMBL214_Ki
89709943,mondrian_nb,cliffA,cliff,49,24,0.4897959183673469,0.3557511031030578,0.6253243625953194,1.5338953574198875,,,,,CHEMBL214_Ki
89709943,mondrian_nb,cliffA,noncliff,615,508,0.8260162601626017,0.7940559715074617,0.8539290564578149,1.6823086755376002,,,,,CHEMBL214_Ki
89709943,mondrian_nb,__bins__,__summary__,-1,-1,,,,1.67135648790542,0.6453488372093024,0.2977405936850066,0.6992481203007519,0.21804511278195482,CHEMBL214_Ki
89709943,mondrian_nnsim,cliffB_oracle,all,664,538,0.8102409638554217,0.7786644016361693,0.8382484817411654,1.6735618442339533,,,,,CHEMBL214_Ki
89709943,mondrian_nnsim,cliffB_oracle,cliff,27,13,0.48148148148148145,0.3074322697621846,0.6601438424504771,1.9033648514691848,,,,,CHEMBL214_Ki
89709943,mondrian_nnsim,cliffB_oracle,noncliff,637,525,0.8241758241758241,0.7926957503373305,0.8517694201277975,1.663821371399807,,,,,CHEMBL214_Ki
89709943,mondrian_nnsim,cliffA,all,664,538,0.8102409638554217,0.7786644016361693,0.8382484817411654,1.6735618442339533,,,,,CHEMBL214_Ki
89709943,mondrian_nnsim,cliffA,cliff,49,28,0.5714285714285714,0.4327049309001736,0.699766809211184,1.7800629150552063,,,,,CHEMBL214_Ki
89709943,mondrian_nnsim,cliffA,noncliff,615,510,0.8292682926829268,0.7975081944793965,0.8569405245379027,1.6650763930628292,,,,,CHEMBL214_Ki
89709943,mondrian_nnsim,__bins__,__summary__,-1,-1,,,,1.6735618442339533,0.6686046511627907,0.2582246171298923,0.6842105263157895,0.24812030075187963,CHEMBL214_Ki
89709943,mondrian_pairgap,cliffB_oracle,all,664,533,0.802710843373494,0.7707378285026955,0.8312014412004322,1.644096755995152,,,,,CHEMBL214_Ki
89709943,mondrian_pairgap,cliffB_oracle,cliff,27,9,0.3333333333333333,0.18643261498715644,0.5217523949267991,1.5663591917956325,,,,,CHEMBL214_Ki
89709943,mondrian_pairgap,cliffB_oracle,noncliff,637,524,0.8226059654631083,0.7910330650423607,0.8503112087134932,1.647391754791678,,,,,CHEMBL214_Ki
89709943,mondrian_pairgap,cliffA,all,664,533,0.802710843373494,0.7707378285026955,0.8312014412004322,1.644096755995152,,,,,CHEMBL214_Ki
89709943,mondrian_pairgap,cliffA,cliff,49,24,0.4897959183673469,0.3557511031030578,0.6253243625953194,1.5751939317391115,,,,,CHEMBL214_Ki
89709943,mondrian_pairgap,cliffA,noncliff,615,509,0.8276422764227642,0.7957816060387328,0.8554352674525552,1.649586574513113,,,,,CHEMBL214_Ki
89709943,mondrian_pairgap,__bins__,__summary__,-1,-1,,,,1.644096755995152,0.6511627906976745,0.30005672149744744,0.6691729323308271,0.24812030075187963,CHEMBL214_Ki
89709943,mondrian_rfstd,cliffB_oracle,all,664,527,0.7936746987951807,0.7612481640472498,0.8227227692468292,1.6204951702399935,,,,,CHEMBL214_Ki
89709943,mondrian_rfstd,cliffB_oracle,cliff,27,9,0.3333333333333333,0.18643261498715644,0.5217523949267991,1.466878672643283,,,,,CHEMBL214_Ki
89709943,mondrian_rfstd,cliffB_oracle,noncliff,637,518,0.8131868131868132,0.7810744071886861,0.8415444863115225,1.6270063875635588,,,,,CHEMBL214_Ki
89709943,mondrian_rfstd,cliffA,all,664,527,0.7936746987951807,0.7612481640472498,0.8227227692468292,1.6204951702399935,,,,,CHEMBL214_Ki
89709943,mondrian_rfstd,cliffA,cliff,49,24,0.4897959183673469,0.3557511031030578,0.6253243625953194,1.5090833681201197,,,,,CHEMBL214_Ki
89709943,mondrian_rfstd,cliffA,noncliff,615,503,0.8178861788617886,0.7854417499963383,0.8463840503388814,1.6293718829292192,,,,,CHEMBL214_Ki
89709943,mondrian_rfstd,__bins__,__summary__,-1,-1,,,,1.6204951702399935,0.7034883720930233,0.15017016449234255,0.7593984962406015,0.06635907951697428,CHEMBL214_Ki
86921808,global,cliffB_oracle,all,664,507,0.7635542168674698,0.7297772889839651,0.7942991896132852,1.5867964326907644,,,,,CHEMBL214_Ki
86921808,global,cliffB_oracle,cliff,29,13,0.4482758620689655,0.28413168023037194,0.6245203678902909,1.586796432690764,,,,,CHEMBL214_Ki
86921808,global,cliffB_oracle,noncliff,635,494,0.7779527559055118,0.7440087731952899,0.8085539872924851,1.5867964326907646,,,,,CHEMBL214_Ki
86921808,global,cliffA,all,664,507,0.7635542168674698,0.7297772889839651,0.7942991896132852,1.5867964326907644,,,,,CHEMBL214_Ki
86921808,global,cliffA,cliff,47,26,0.5531914893617021,0.41245459838218734,0.6858903373450472,1.5867964326907642,,,,,CHEMBL214_Ki
86921808,global,cliffA,noncliff,617,481,0.779578606158833,0.7451955779185984,0.8105018470815573,1.5867964326907646,,,,,CHEMBL214_Ki
86921808,global,__bins__,__summary__,-1,-1,,,,1.5867964326907644,0.6333333333333333,0.2840220385674932,0.5037593984962406,0.4436090225563909,CHEMBL214_Ki
86921808,mondrian_pair,cliffB_oracle,all,664,505,0.7605421686746988,0.7266429471977361,0.7914440859298314,1.5778774463630687,,,,,CHEMBL214_Ki
86921808,mondrian_pair,cliffB_oracle,cliff,29,13,0.4482758620689655,0.28413168023037194,0.6245203678902909,1.5379707232224336,,,,,CHEMBL214_Ki
86921808,mondrian_pair,cliffB_oracle,noncliff,635,492,0.7748031496062993,0.7407172902288998,0.8055841358624133,1.5796999581285467,,,,,CHEMBL214_Ki
86921808,mondrian_pair,cliffA,all,664,505,0.7605421686746988,0.7266429471977361,0.7914440859298314,1.5778774463630687,,,,,CHEMBL214_Ki
86921808,mondrian_pair,cliffA,cliff,47,25,0.5319148936170213,0.39232383220194805,0.6666831292343927,1.5249107250109144,,,,,CHEMBL214_Ki
86921808,mondrian_pair,cliffA,noncliff,617,480,0.7779578606158833,0.7434998862790558,0.808976104373273,1.5819121885082086,,,,,CHEMBL214_Ki
86921808,mondrian_pair,__bins__,__summary__,-1,-1,,,,1.5778774463630687,0.6222222222222222,0.3033976124885216,0.5037593984962406,0.4436090225563909,CHEMBL214_Ki
86921808,mondrian_wstd,cliffB_oracle,all,664,506,0.7620481927710844,0.7282098421225546,0.7928719137398544,1.576659047789969,,,,,CHEMBL214_Ki
86921808,mondrian_wstd,cliffB_oracle,cliff,29,13,0.4482758620689655,0.28413168023037194,0.6245203678902909,1.6346929999839315,,,,,CHEMBL214_Ki
86921808,mondrian_wstd,cliffB_oracle,noncliff,635,493,0.7763779527559055,0.7423627027114564,0.8070693905780876,1.5740086783196934,,,,,CHEMBL214_Ki
86921808,mondrian_wstd,cliffA,all,664,506,0.7620481927710844,0.7282098421225546,0.7928719137398544,1.576659047789969,,,,,CHEMBL214_Ki
86921808,mondrian_wstd,cliffA,cliff,47,26,0.5531914893617021,0.41245459838218734,0.6858903373450472,1.6407442754774222,,,,,CHEMBL214_Ki
86921808,mondrian_wstd,cliffA,noncliff,617,480,0.7779578606158833,0.7434998862790558,0.808976104373273,1.571777352974231,,,,,CHEMBL214_Ki
86921808,mondrian_wstd,__bins__,__summary__,-1,-1,,,,1.576659047789969,0.7055555555555556,0.14568411386593205,0.5789473684210527,0.33834586466165406,CHEMBL214_Ki
86921808,mondrian_std,cliffB_oracle,all,664,505,0.7605421686746988,0.7266429471977361,0.7914440859298314,1.5739789577984002,,,,,CHEMBL214_Ki
86921808,mondrian_std,cliffB_oracle,cliff,29,12,0.41379310344827586,0.255131773413224,0.5926216401212141,1.6179404395561239,,,,,CHEMBL214_Ki
86921808,mondrian_std,cliffB_oracle,noncliff,635,493,0.7763779527559055,0.7423627027114564,0.8070693905780876,1.5719712680803313,,,,,CHEMBL214_Ki
86921808,mondrian_std,cliffA,all,664,505,0.7605421686746988,0.7266429471977361,0.7914440859298314,1.5739789577984002,,,,,CHEMBL214_Ki
86921808,mondrian_std,cliffA,cliff,47,25,0.5319148936170213,0.39232383220194805,0.6666831292343927,1.6312597319418296,,,,,CHEMBL214_Ki
86921808,mondrian_std,cliffA,noncliff,617,480,0.7779578606158833,0.7434998862790558,0.808976104373273,1.5696155925070858,,,,,CHEMBL214_Ki
86921808,mondrian_std,__bins__,__summary__,-1,-1,,,,1.5739789577984002,0.7,0.16776859504132235,0.5639097744360902,0.3609022556390977,CHEMBL214_Ki
86921808,mondrian_iqr,cliffB_oracle,all,664,513,0.7725903614457831,0.7391937670079192,0.8028510479983797,1.6234557236824843,,,,,CHEMBL214_Ki
86921808,mondrian_iqr,cliffB_oracle,cliff,29,12,0.41379310344827586,0.255131773413224,0.5926216401212141,1.6512673722370896,,,,,CHEMBL214_Ki
86921808,mondrian_iqr,cliffB_oracle,noncliff,635,501,0.7889763779527559,0.7555501182500204,0.8189273126253718,1.6221855854020377,,,,,CHEMBL214_Ki
86921808,mondrian_iqr,cliffA,all,664,513,0.7725903614457831,0.7391937670079192,0.8028510479983797,1.6234557236824843,,,,,CHEMBL214_Ki
86921808,mondrian_iqr,cliffA,cliff,47,25,0.5319148936170213,0.39232383220194805,0.6666831292343927,1.666740897698951,,,,,CHEMBL214_Ki
86921808,mondrian_iqr,cliffA,noncliff,617,488,0.7909238249594813,0.7570858405334041,0.8211616249015404,1.6201584737979233,,,,,CHEMBL214_Ki
86921808,mondrian_iqr,__bins__,__summary__,-1,-1,,,,1.6234557236824843,0.7,0.21735537190082654,0.5714285714285714,0.3533834586466166,CHEMBL214_Ki
86921808,mondrian_nb,cliffB_oracle,all,664,514,0.7740963855421686,0.7407651818441305,0.8042743558970098,1.6699763684063877,,,,,CHEMBL214_Ki
86921808,mondrian_nb,cliffB_oracle,cliff,29,9,0.3103448275862069,0.17275616744483216,0.4923013423309317,1.452776277833848,,,,,CHEMBL214_Ki
86921808,mondrian_nb,cliffB_oracle,noncliff,635,505,0.7952755905511811,0.7621604606300226,0.8248396390382936,1.6798957426215115,,,,,CHEMBL214_Ki
86921808,mondrian_nb,cliffA,all,664,514,0.7740963855421686,0.7407651818441305,0.8042743558970098,1.6699763684063877,,,,,CHEMBL214_Ki
86921808,mondrian_nb,cliffA,cliff,47,21,0.44680851063829785,0.31410966265495277,0.5875454016178127,1.47864543326903,,,,,CHEMBL214_Ki
86921808,mondrian_nb,cliffA,noncliff,617,493,0.7990275526742301,0.7656015633458135,0.828753073828266,1.6845510101429453,,,,,CHEMBL214_Ki
86921808,mondrian_nb,__bins__,__summary__,-1,-1,,,,1.6699763684063877,0.6722222222222223,0.24513314967860422,0.5939849624060151,0.3458646616541353,CHEMBL214_Ki
86921808,mondrian_nnsim,cliffB_oracle,all,664,516,0.7771084337349398,0.7439097632772667,0.8071192199335566,1.6558730168586662,,,,,CHEMBL214_Ki
86921808,mondrian_nnsim,cliffB_oracle,cliff,29,17,0.5862068965517241,0.4073783598787858,0.744868226586776,1.9213592836478506,,,,,CHEMBL214_Ki
86921808,mondrian_nnsim,cliffB_oracle,noncliff,635,499,0.7858267716535433,0.7522491721485615,0.8159669243303688,1.6437484471942785,,,,,CHEMBL214_Ki
86921808,mondrian_nnsim,cliffA,all,664,516,0.7771084337349398,0.7439097632772667,0.8071192199335566,1.6558730168586662,,,,,CHEMBL214_Ki
86921808,mondrian_nnsim,cliffA,cliff,47,31,0.6595744680851063,0.5167092456194193,0.7783255615622839,1.8639922055284295,,,,,CHEMBL214_Ki
86921808,mondrian_nnsim,cliffA,noncliff,617,485,0.7860615883306321,0.7519855787080382,0.8165975836834255,1.6400195292290412,,,,,CHEMBL214_Ki
86921808,mondrian_nnsim,__bins__,__summary__,-1,-1,,,,1.6558730168586662,0.6555555555555556,0.27006427915518827,0.5263157894736842,0.42105263157894735,CHEMBL214_Ki
86921808,mondrian_pairgap,cliffB_oracle,all,664,512,0.7710843373493976,0.7376229306595082,0.8014271616119494,1.6094717457782488,,,,,CHEMBL214_Ki
86921808,mondrian_pairgap,cliffB_oracle,cliff,29,13,0.4482758620689655,0.28413168023037194,0.6245203678902909,1.5302133227139267,,,,,CHEMBL214_Ki
86921808,mondrian_pairgap,cliffB_oracle,noncliff,635,499,0.7858267716535433,0.7522491721485615,0.8159669243303688,1.61309142179221,,,,,CHEMBL214_Ki
86921808,mondrian_pairgap,cliffA,all,664,512,0.7710843373493976,0.7376229306595082,0.8014271616119494,1.6094717457782488,,,,,CHEMBL214_Ki
86921808,mondrian_pairgap,cliffA,cliff,47,26,0.5531914893617021,0.41245459838218734,0.6858903373450472,1.5197840611470497,,,,,CHEMBL214_Ki
86921808,mondrian_pairgap,cliffA,noncliff,617,486,0.7876823338735819,0.7536849166931595,0.8181196800461313,1.6163037087890535,,,,,CHEMBL214_Ki
86921808,mondrian_pairgap,__bins__,__summary__,-1,-1,,,,1.6094717457782488,0.6333333333333333,0.30055096418732785,0.5263157894736842,0.42105263157894735,CHEMBL214_Ki
86921808,mondrian_rfstd,cliffB_oracle,all,664,522,0.786144578313253,0.7533578280963938,0.815639491523478,1.595985213774942,,,,,CHEMBL214_Ki
86921808,mondrian_rfstd,cliffB_oracle,cliff,29,10,0.3448275862068966,0.19940718526674994,0.5265489590952386,1.5542749191914123,,,,,CHEMBL214_Ki
86921808,mondrian_rfstd,cliffB_oracle,noncliff,635,512,0.8062992125984252,0.7737566825174609,0.8351580875384725,1.597890093370095,,,,,CHEMBL214_Ki
86921808,mondrian_rfstd,cliffA,all,664,522,0.786144578313253,0.7533578280963938,0.815639491523478,1.595985213774942,,,,,CHEMBL214_Ki
86921808,mondrian_rfstd,cliffA,cliff,47,24,0.5106382978723404,0.3724245374822684,0.6472444496631784,1.5641646449238844,,,,,CHEMBL214_Ki
86921808,mondrian_rfstd,cliffA,noncliff,617,498,0.807131280388979,0.7741371356403635,0.8363246732728513,1.5984091468964972,,,,,CHEMBL214_Ki
86921808,mondrian_rfstd,__bins__,__summary__,-1,-1,,,,1.595985213774942,0.7388888888888889,0.12887970615243338,0.7368421052631579,0.1127819548872181,CHEMBL214_Ki
71339737,global,cliffB_oracle,all,519,381,0.7341040462427746,0.6944747655066547,0.7702932744037682,1.5746332752069847,,,,,CHEMBL236_Ki
71339737,global,cliffB_oracle,cliff,30,9,0.3,0.16664748268243793,0.47875787458714947,1.5746332752069847,,,,,CHEMBL236_Ki
71339737,global,cliffB_oracle,noncliff,489,372,0.7607361963190185,0.7209830523784353,0.7964247172726449,1.5746332752069847,,,,,CHEMBL236_Ki
71339737,global,cliffA,all,519,381,0.7341040462427746,0.6944747655066547,0.7702932744037682,1.5746332752069847,,,,,CHEMBL236_Ki
71339737,global,cliffA,cliff,59,28,0.4745762711864407,0.35265876715068556,0.5996020482998292,1.574633275206985,,,,,CHEMBL236_Ki
71339737,global,cliffA,noncliff,460,353,0.7673913043478261,0.726664123028944,0.8036895038879969,1.5746332752069847,,,,,CHEMBL236_Ki
71339737,global,__bins__,__summary__,-1,-1,,,,1.5746332752069847,0.6491228070175439,0.1842105263157895,0.5480769230769231,0.34615384615384615,CHEMBL236_Ki
71339737,mondrian_pair,cliffB_oracle,all,519,381,0.7341040462427746,0.6944747655066547,0.7702932744037682,1.5731296376921045,,,,,CHEMBL236_Ki
71339737,mondrian_pair,cliffB_oracle,cliff,30,9,0.3,0.16664748268243793,0.47875787458714947,1.5712925958688722,,,,,CHEMBL236_Ki
71339737,mondrian_pair,cliffB_oracle,noncliff,489,372,0.7607361963190185,0.7209830523784353,0.7964247172726449,1.5732423396444501,,,,,CHEMBL236_Ki
71339737,mondrian_pair,cliffA,all,519,381,0.7341040462427746,0.6944747655066547,0.7702932744037682,1.5731296376921045,,,,,CHEMBL236_Ki
71339737,mondrian_pair,cliffA,cliff,59,28,0.4745762711864407,0.35265876715068556,0.5996020482998292,1.5716191552356038,,,,,CHEMBL236_Ki
71339737,mondrian_pair,cliffA,noncliff,460,353,0.7673913043478261,0.726664123028944,0.8036895038879969,1.5733233734854382,,,,,CHEMBL236_Ki
71339737,mondrian_pair,__bins__,__summary__,-1,-1,,,,1.5731296376921045,0.6491228070175439,0.1842105263157895,0.5480769230769231,0.34615384615384615,CHEMBL236_Ki
71339737,mondrian_wstd,cliffB_oracle,all,519,388,0.7475915221579962,0.7084933425083728,0.783051456903062,1.6097313762364205,,,,,CHEMBL236_Ki
71339737,mondrian_wstd,cliffB_oracle,cliff,30,16,0.5333333333333333,0.36142299619873297,0.6976761109230025,1.7823917836258432,,,,,CHEMBL236_Ki
71339737,mondrian_wstd,cliffB_oracle,noncliff,489,372,0.7607361963190185,0.7209830523784353,0.7964247172726449,1.5991387132063946,,,,,CHEMBL236_Ki
71339737,mondrian_wstd,cliffA,all,519,388,0.7475915221579962,0.7084933425083728,0.783051456903062,1.6097313762364205,,,,,CHEMBL236_Ki
71339737,mondrian_wstd,cliffA,cliff,59,38,0.6440677966101694,0.5165549598185499,0.7539670859618668,1.8145384159161937,,,,,CHEMBL236_Ki
71339737,mondrian_wstd,cliffA,noncliff,460,350,0.7608695652173914,0.7198307705562176,0.797587402045676,1.583462647234015,,,,,CHEMBL236_Ki
71339737,mondrian_wstd,__bins__,__summary__,-1,-1,,,,1.6097313762364205,0.6732673267326733,0.12497828730241445,0.5769230769230769,0.29807692307692313,CHEMBL236_Ki
71339737,mondrian_std,cliffB_oracle,all,519,388,0.7475915221579962,0.7084933425083728,0.783051456903062,1.6111394790314315,,,,,CHEMBL236_Ki
71339737,mondrian_std,cliffB_oracle,cliff,30,15,0.5,0.33154125640533766,0.6684587435946623,1.7730549556569726,,,,,CHEMBL236_Ki
71339737,mondrian_std,cliffB_oracle,noncliff,489,373,0.7627811860940695,0.7231220118286847,0.7983438579765214,1.6012060142077786,,,,,CHEMBL236_Ki
71339737,mondrian_std,cliffA,all,519,388,0.7475915221579962,0.7084933425083728,0.783051456903062,1.6111394790314315,,,,,CHEMBL236_Ki
71339737,mondrian_std,cliffA,cliff,59,38,0.6440677966101694,0.5165549598185499,0.7539670859618668,1.8081722928178974,,,,,CHEMBL236_Ki
71339737,mondrian_std,cliffA,noncliff,460,350,0.7608695652173914,0.7198307705562176,0.797587402045676,1.5858678790022978,,,,,CHEMBL236_Ki
71339737,mondrian_std,__bins__,__summary__,-1,-1,,,,1.6111394790314315,0.6831683168316832,0.1089108910891089,0.5865384615384616,0.298076923076923,CHEMBL236_Ki
71339737,mondrian_iqr,cliffB_oracle,all,519,380,0.7321772639691715,0.6924758151986086,0.7684669733545268,1.610084587516508,,,,,CHEMBL236_Ki
71339737,mondrian_iqr,cliffB_oracle,cliff,30,11,0.36666666666666664,0.21873920806100708,0.5448643634520511,1.620106510061532,,,,,CHEMBL236_Ki
71339737,mondrian_iqr,cliffB_oracle,noncliff,489,369,0.754601226993865,0.7145731794338717,0.79066028975483,1.60946974564258,,,,,CHEMBL236_Ki
71339737,mondrian_iqr,cliffA,all,519,380,0.7321772639691715,0.6924758151986086,0.7684669733545268,1.610084587516508,,,,,CHEMBL236_Ki
71339737,mondrian_iqr,cliffA,cliff,59,31,0.5254237288135594,0.4003979517001709,0.6473412328493146,1.6661152006585547,,,,,CHEMBL236_Ki
71339737,mondrian_iqr,cliffA,noncliff,460,349,0.758695652173913,0.7175557387134892,0.7955506157833885,1.6028980523526366,,,,,CHEMBL236_Ki
71339737,mondrian_iqr,__bins__,__summary__,-1,-1,,,,1.610084587516508,0.693069306930693,0.13046010483401282,0.5961538461538461,0.2596153846153846,CHEMBL236_Ki
71339737,mondrian_nb,cliffB_oracle,all,519,382,0.7360308285163777,0.6964746287166241,0.7721186625510861,1.5860960379521787,,,,,CHEMBL236_Ki
71339737,mondrian_nb,cliffB_oracle,cliff,30,8,0.26666666666666666,0.14182663319596317,0.4444796169518888,1.43898294596093,,,,,CHEMBL236_Ki
71339737,mondrian_nb,cliffB_oracle,noncliff,489,374,0.7648261758691206,0.7252621558660423,0.8002618140932901,1.5951213810191267,,,,,CHEMBL236_Ki
71339737,mondrian_nb,cliffA,all,519,382,0.7360308285163777,0.6964746287166241,0.7721186625510861,1.5860960379521787,,,,,CHEMBL236_Ki
71339737,mondrian_nb,cliffA,cliff,59,27,0.4576271186440678,0.3370130585185591,0.5834216338989654,1.4528754603123275,,,,,CHEMBL236_Ki
71339737,mondrian_nb,cliffA,noncliff,460,355,0.7717391304347826,0.7312267040057708,0.8077505591212014,1.6031830250842463,,,,,CHEMBL236_Ki
71339737,mondrian_nb,__bins__,__summary__,-1,-1,,,,1.5860960379521787,0.6403508771929824,0.22239422084623328,0.5673076923076923,0.3076923076923077,CHEMBL236_Ki
71339737,mondrian_nnsim,cliffB_oracle,all,519,389,0.7495183044315993,0.7104997806140736,0.7848702701546486,1.6477814634035637,,,,,CHEMBL236_Ki
71339737,mondrian_nnsim,cliffB_oracle,cliff,30,9,0.3,0.16664748268243793,0.47875787458714947,1.5845434602909998,,,,,CHEMBL236_Ki
71339737,mondrian_nnsim,cliffB_oracle,noncliff,489,380,0.7770961145194274,0.7381285050781645,0.8117440658059245,1.6516610954963589,,,,,CHEMBL236_Ki
71339737,mondrian_nnsim,cliffA,all,519,389,0.7495183044315993,0.7104997806140736,0.7848702701546486,1.6477814634035637,,,,,CHEMBL236_Ki
71339737,mondrian_nnsim,cliffA,cliff,59,28,0.4745762711864407,0.35265876715068556,0.5996020482998292,1.6030817733442435,,,,,CHEMBL236_Ki
71339737,mondrian_nnsim,cliffA,noncliff,460,361,0.7847826086956522,0.7449493569142795,0.8198988148427875,1.6535146845198676,,,,,CHEMBL236_Ki
71339737,mondrian_nnsim,__bins__,__summary__,-1,-1,,,,1.6477814634035637,0.6578947368421053,0.20485036119711042,0.5769230769230769,0.326923076923077,CHEMBL236_Ki
71339737,mondrian_pairgap,cliffB_oracle,all,519,384,0.7398843930635838,0.7004771192953075,0.7757666746869775,1.6340281645988721,,,,,CHEMBL236_Ki
71339737,mondrian_pairgap,cliffB_oracle,cliff,30,10,0.3333333333333333,0.19230498083676134,0.5121994835545616,1.6894552960433555,,,,,CHEMBL236_Ki
71339737,mondrian_pairgap,cliffB_oracle,noncliff,489,374,0.7648261758691206,0.7252621558660423,0.8002618140932901,1.6306277270869407,,,,,CHEMBL236_Ki
71339737,mondrian_pairgap,cliffA,all,519,384,0.7398843930635838,0.7004771192953075,0.7757666746869775,1.6340281645988721,,,,,CHEMBL236_Ki
71339737,mondrian_pairgap,cliffA,cliff,59,29,0.4915254237288136,0.3684383690774015,0.6156485694061034,1.6809199358486244,,,,,CHEMBL236_Ki
71339737,mondrian_pairgap,cliffA,noncliff,460,355,0.7717391304347826,0.7312267040057708,0.8077505591212014,1.6280137852429255,,,,,CHEMBL236_Ki
71339737,mondrian_pairgap,__bins__,__summary__,-1,-1,,,,1.6340281645988721,0.6633663366336634,0.16996699669966997,0.5576923076923077,0.33653846153846156,CHEMBL236_Ki
71339737,mondrian_rfstd,cliffB_oracle,all,519,383,0.7379576107899807,0.6984754111601751,0.7739431314648223,1.5789956955939186,,,,,CHEMBL236_Ki
71339737,mondrian_rfstd,cliffB_oracle,cliff,30,10,0.3333333333333333,0.19230498083676134,0.5121994835545616,1.662939940613572,,,,,CHEMBL236_Ki
71339737,mondrian_rfstd,cliffB_oracle,noncliff,489,373,0.7627811860940695,0.7231220118286847,0.7983438579765214,1.5738457419117313,,,,,CHEMBL236_Ki
71339737,mondrian_rfstd,cliffA,all,519,383,0.7379576107899807,0.6984754111601751,0.7739431314648223,1.5789956955939186,,,,,CHEMBL236_Ki
71339737,mondrian_rfstd,cliffA,cliff,59,29,0.4915254237288136,0.3684383690774015,0.6156485694061034,1.58283967874841,,,,,CHEMBL236_Ki
71339737,mondrian_rfstd,cliffA,noncliff,460,354,0.7695652173913043,0.728944703191882,0.8057207418300746,1.5785026629719294,,,,,CHEMBL236_Ki
71339737,mondrian_rfstd,__bins__,__summary__,-1,-1,,,,1.5789956955939186,0.6831683168316832,0.15996893807027757,0.6634615384615384,0.1923076923076923,CHEMBL236_Ki
99182118,global,cliffB_oracle,all,519,415,0.7996146435452793,0.7630315058467959,0.8317950802113993,1.685993898394328,,,,,CHEMBL236_Ki
99182118,global,cliffB_oracle,cliff,19,12,0.631578947368421,0.41039533164803066,0.8085048725486492,1.6859938983943277,,,,,CHEMBL236_Ki
99182118,global,cliffB_oracle,noncliff,500,403,0.806,0.7690603702807669,0.8382735333567634,1.685993898394328,,,,,CHEMBL236_Ki
99182118,global,cliffA,all,519,415,0.7996146435452793,0.7630315058467959,0.8317950802113993,1.685993898394328,,,,,CHEMBL236_Ki
99182118,global,cliffA,cliff,48,38,0.7916666666666666,0.6574109872738206,0.882697270420944,1.6859938983943277,,,,,CHEMBL236_Ki
99182118,global,cliffA,noncliff,471,377,0.8004246284501062,0.7619630801813218,0.8340253170889012,1.6859938983943277,,,,,CHEMBL236_Ki
99182118,global,__bins__,__summary__,-1,-1,,,,1.685993898394328,0.6666666666666666,0.20588235294117652,0.6057692307692307,0.33653846153846156,CHEMBL236_Ki
99182118,mondrian_pair,cliffB_oracle,all,519,415,0.7996146435452793,0.7630315058467959,0.8317950802113993,1.6876189694753867,,,,,CHEMBL236_Ki
99182118,mondrian_pair,cliffB_oracle,cliff,19,12,0.631578947368421,0.41039533164803066,0.8085048725486492,1.6802479056644768,,,,,CHEMBL236_Ki
99182118,mondrian_pair,cliffB_oracle,noncliff,500,403,0.806,0.7690603702807669,0.8382735333567634,1.6878990699002012,,,,,CHEMBL236_Ki
99182118,mondrian_pair,cliffA,all,519,415,0.7996146435452793,0.7630315058467959,0.8317950802113993,1.6876189694753867,,,,,CHEMBL236_Ki
99182118,mondrian_pair,cliffA,cliff,48,38,0.7916666666666666,0.6574109872738206,0.882697270420944,1.6804099791315952,,,,,CHEMBL236_Ki
99182118,mondrian_pair,cliffA,noncliff,471,377,0.8004246284501062,0.7619630801813218,0.8340253170889012,1.68835364365055,,,,,CHEMBL236_Ki
99182118,mondrian_pair,__bins__,__summary__,-1,-1,,,,1.6876189694753867,0.6666666666666666,0.20588235294117652,0.6057692307692307,0.33653846153846156,CHEMBL236_Ki
99182118,mondrian_wstd,cliffB_oracle,all,519,394,0.7591522157996147,0.7205466312460622,0.7939496763090972,1.6106078288221672,,,,,CHEMBL236_Ki
99182118,mondrian_wstd,cliffB_oracle,cliff,19,14,0.7368421052631579,0.5120844910218489,0.8819358765321748,2.017404976443855,,,,,CHEMBL236_Ki
99182118,mondrian_wstd,cliffB_oracle,noncliff,500,380,0.76,0.7206732029933738,0.7953621399666191,1.5951495372125433,,,,,CHEMBL236_Ki
99182118,mondrian_wstd,cliffA,all,519,394,0.7591522157996147,0.7205466312460622,0.7939496763090972,1.6106078288221672,,,,,CHEMBL236_Ki
99182118,mondrian_wstd,cliffA,cliff,48,38,0.7916666666666666,0.6574109872738206,0.882697270420944,1.9328898285388316,,,,,CHEMBL236_Ki
99182118,mondrian_wstd,cliffA,noncliff,471,356,0.7558386411889597,0.7150744366950609,0.7924633857152704,1.5777638033733357,,,,,CHEMBL236_Ki
99182118,mondrian_wstd,__bins__,__summary__,-1,-1,,,,1.6106078288221672,0.6274509803921569,0.19433119782566488,0.6442307692307693,0.1907206870799103,CHEMBL236_Ki
99182118,mondrian_std,cliffB_oracle,all,519,399,0.7687861271676301,0.7306186410640109,0.8030039232775855,1.6293840926248602,,,,,CHEMBL236_Ki
99182118,mondrian_std,cliffB_oracle,cliff,19,14,0.7368421052631579,0.5120844910218489,0.8819358765321748,1.9714002348796675,,,,,CHEMBL236_Ki
99182118,mondrian_std,cliffB_oracle,noncliff,500,385,0.77,0.7311377813252322,0.8047450748255296,1.6163874792191772,,,,,CHEMBL236_Ki
99182118,mondrian_std,cliffA,all,519,399,0.7687861271676301,0.7306186410640109,0.8030039232775855,1.6293840926248602,,,,,CHEMBL236_Ki
99182118,mondrian_std,cliffA,cliff,48,39,0.8125,0.680601328507153,0.8980860904515235,1.925728816031503,,,,,CHEMBL236_Ki
99182118,mondrian_std,cliffA,noncliff,471,360,0.7643312101910829,0.7239591077308112,0.8004264432242614,1.5991833564815081,,,,,CHEMBL236_Ki
99182118,mondrian_std,__bins__,__summary__,-1,-1,,,,1.6293840926248602,0.6274509803921569,0.2240341681226946,0.6346153846153846,0.23076923076923084,CHEMBL236_Ki
99182118,mondrian_iqr,cliffB_oracle,all,519,412,0.7938342967244701,0.7569317005816654,0.8264191314046676,1.6703796827895454,,,,,CHEMBL236_Ki
99182118,mondrian_iqr,cliffB_oracle,cliff,19,12,0.631578947368421,0.41039533164803066,0.8085048725486492,1.8013583314111723,,,,,CHEMBL236_Ki
99182118,mondrian_iqr,cliffB_oracle,noncliff,500,400,0.8,0.7627108946948261,0.8327145010282427,1.6654024941419234,,,,,CHEMBL236_Ki
99182118,mondrian_iqr,cliffA,all,519,412,0.7938342967244701,0.7569317005816654,0.8264191314046676,1.6703796827895454,,,,,CHEMBL236_Ki
99182118,mondrian_iqr,cliffA,cliff,48,39,0.8125,0.680601328507153,0.8980860904515235,1.8059691716279989,,,,,CHEMBL236_Ki
99182118,mondrian_iqr,cliffA,noncliff,471,373,0.7919320594479831,0.7529833153603296,0.8261573533651521,1.6565616457104675,,,,,CHEMBL236_Ki
99182118,mondrian_iqr,__bins__,__summary__,-1,-1,,,,1.6703796827895454,0.7128712871287128,0.12871287128712872,0.7211538461538461,0.125,CHEMBL236_Ki
99182118,mondrian_nb,cliffB_oracle,all,519,420,0.8092485549132948,0.7732225062727577,0.8407303365718749,1.7184647058653855,,,,,CHEMBL236_Ki
99182118,mondrian_nb,cliffB_oracle,cliff,19,11,0.5789473684210527,0.3627590353425504,0.7685810871754576,1.661147519958903,,,,,CHEMBL236_Ki
99182118,mondrian_nb,cliffB_oracle,noncliff,500,409,0.818,0.7817973646706083,0.8493535547958443,1.7206427589298317,,,,,CHEMBL236_Ki
99182118,mondrian_nb,cliffA,all,519,420,0.8092485549132948,0.7732225062727577,0.8407303365718749,1.7184647058653855,,,,,CHEMBL236_Ki
99182118,mondrian_nb,cliffA,cliff,48,37,0.7708333333333334,0.6346073590999655,0.8669217373308877,1.639852952141152,,,,,CHEMBL236_Ki
99182118,mondrian_nb,cliffA,noncliff,471,383,0.8131634819532909,0.7754800525698919,0.8457799375174428,1.7264760947799571,,,,,CHEMBL236_Ki
99182118,mondrian_nb,__bins__,__summary__,-1,-1,,,,1.7184647058653855,0.6666666666666666,0.2450980392156863,0.6346153846153846,0.29807692307692313,CHEMBL236_Ki
99182118,mondrian_nnsim,cliffB_oracle,all,519,418,0.8053949903660886,0.7691423264167063,0.8371600137133512,1.724992693802975,,,,,CHEMBL236_Ki
99182118,mondrian_nnsim,cliffB_oracle,cliff,19,12,0.631578947368421,0.41039533164803066,0.8085048725486492,1.5847453649016543,,,,,CHEMBL236_Ki
99182118,mondrian_nnsim,cliffB_oracle,noncliff,500,406,0.812,0.775422375686958,0.8438200358650336,1.7303220923012255,,,,,CHEMBL236_Ki
99182118,mondrian_nnsim,cliffA,all,519,418,0.8053949903660886,0.7691423264167063,0.8371600137133512,1.724992693802975,,,,,CHEMBL236_Ki
99182118,mondrian_nnsim,cliffA,cliff,48,37,0.7708333333333334,0.6346073590999655,0.8669217373308877,1.5925245312967309,,,,,CHEMBL236_Ki
99182118,mondrian_nnsim,cliffA,noncliff,471,381,0.8089171974522293,0.7709678793262558,0.8418682464887084,1.7384926339309998,,,,,CHEMBL236_Ki
99182118,mondrian_nnsim,__bins__,__summary__,-1,-1,,,,1.724992693802975,0.6754385964912281,0.21671826625387003,0.6538461538461539,0.2692307692307693,CHEMBL236_Ki
99182118,mondrian_pairgap,cliffB_oracle,all,519,417,0.8034682080924855,0.767104140236303,0.8353729485364672,1.6942755204587372,,,,,CHEMBL236_Ki
99182118,mondrian_pairgap,cliffB_oracle,cliff,19,13,0.6842105263157895,0.46010407675327475,0.8463562091220773,1.6932103910650331,,,,,CHEMBL236_Ki
99182118,mondrian_pairgap,cliffB_oracle,noncliff,500,404,0.808,0.771179624871567,0.8401237814041169,1.6943159953756979,,,,,CHEMBL236_Ki
99182118,mondrian_pairgap,cliffA,all,519,417,0.8034682080924855,0.767104140236303,0.8353729485364672,1.6942755204587372,,,,,CHEMBL236_Ki
99182118,mondrian_pairgap,cliffA,cliff,48,39,0.8125,0.680601328507153,0.8980860904515235,1.7065777387895589,,,,,CHEMBL236_Ki
99182118,mondrian_pairgap,cliffA,noncliff,471,378,0.802547770700637,0.76421188640609,0.8359884430003183,1.693021791202093,,,,,CHEMBL236_Ki
99182118,mondrian_pairgap,__bins__,__summary__,-1,-1,,,,1.6942755204587372,0.6754385964912281,0.18730650154798767,0.625,0.29807692307692313,CHEMBL236_Ki
99182118,mondrian_rfstd,cliffB_oracle,all,519,400,0.7707129094412332,0.7326361548643487,0.8048116608345353,1.5871865086785644,,,,,CHEMBL236_Ki
99182118,mondrian_rfstd,cliffB_oracle,cliff,19,11,0.5789473684210527,0.3627590353425504,0.7685810871754576,1.9852772954507103,,,,,CHEMBL236_Ki
99182118,mondrian_rfstd,cliffB_oracle,noncliff,500,389,0.778,0.739530218085007,0.8122306486183701,1.5720590587812227,,,,,CHEMBL236_Ki
99182118,mondrian_rfstd,cliffA,all,519,400,0.7707129094412332,0.7326361548643487,0.8048116608345353,1.5871865086785644,,,,,CHEMBL236_Ki
99182118,mondrian_rfstd,cliffA,cliff,48,34,0.7083333333333334,0.5682074019042831,0.8175842107348348,1.7908379886553834,,,,,CHEMBL236_Ki
99182118,mondrian_rfstd,cliffA,noncliff,471,366,0.7770700636942676,0.73732564547289,0.8123314982992944,1.5664322177255123,,,,,CHEMBL236_Ki
99182118,mondrian_rfstd,__bins__,__summary__,-1,-1,,,,1.5871865086785644,0.7128712871287128,0.1188118811881188,0.6538461538461539,0.22964899178491416,CHEMBL236_Ki
89709943,global,cliffB_oracle,all,519,421,0.8111753371868978,0.7752645288153954,0.8425135653865243,1.8940171281837088,,,,,CHEMBL236_Ki
89709943,global,cliffB_oracle,cliff,21,9,0.42857142857142855,0.2446996892537596,0.6345344563069328,1.8940171281837086,,,,,CHEMBL236_Ki
89709943,global,cliffB_oracle,noncliff,498,412,0.8273092369477911,0.7916390672628427,0.8579684816353411,1.8940171281837088,,,,,CHEMBL236_Ki
89709943,global,cliffA,all,519,421,0.8111753371868978,0.7752645288153954,0.8425135653865243,1.8940171281837088,,,,,CHEMBL236_Ki
89709943,global,cliffA,cliff,46,30,0.6521739130434783,0.5077005884206276,0.7731900662924567,1.8940171281837084,,,,,CHEMBL236_Ki
89709943,global,cliffA,noncliff,473,391,0.8266384778012685,0.7899275192300443,0.8580866042989939,1.8940171281837088,,,,,CHEMBL236_Ki
89709943,global,__bins__,__summary__,-1,-1,,,,1.8940171281837088,0.6782608695652174,0.22272922944468365,0.5576923076923077,0.39423076923076916,CHEMBL236_Ki
89709943,mondrian_pair,cliffB_oracle,all,519,421,0.8111753371868978,0.7752645288153954,0.8425135653865243,1.8995267304716386,,,,,CHEMBL236_Ki
89709943,mondrian_pair,cliffB_oracle,cliff,21,9,0.42857142857142855,0.2446996892537596,0.6345344563069328,1.896749553971989,,,,,CHEMBL236_Ki
89709943,mondrian_pair,cliffB_oracle,noncliff,498,412,0.8273092369477911,0.7916390672628427,0.8579684816353411,1.8996438403240334,,,,,CHEMBL236_Ki
89709943,mondrian_pair,cliffA,all,519,421,0.8111753371868978,0.7752645288153954,0.8425135653865243,1.8995267304716386,,,,,CHEMBL236_Ki
89709943,mondrian_pair,cliffA,cliff,46,30,0.6521739130434783,0.5077005884206276,0.7731900662924567,1.8965119517295295,,,,,CHEMBL236_Ki
89709943,mondrian_pair,cliffA,noncliff,473,391,0.8266384778012685,0.7899275192300443,0.8580866042989939,1.8998199224846128,,,,,CHEMBL236_Ki
89709943,mondrian_pair,__bins__,__summary__,-1,-1,,,,1.8995267304716386,0.6782608695652174,0.22272922944468365,0.5576923076923077,0.39423076923076916,CHEMBL236_Ki
89709943,mondrian_wstd,cliffB_oracle,all,519,417,0.8034682080924855,0.767104140236303,0.8353729485364672,1.9016960563384957,,,,,CHEMBL236_Ki
89709943,mondrian_wstd,cliffB_oracle,cliff,21,10,0.47619047619047616,0.2834400610153417,0.6763046541715557,2.0783258672078584,,,,,CHEMBL236_Ki
89709943,mondrian_wstd,cliffB_oracle,noncliff,498,407,0.8172690763052208,0.7809427184854004,0.8487382184833913,1.8942478113018357,,,,,CHEMBL236_Ki
89709943,mondrian_wstd,cliffA,all,519,417,0.8034682080924855,0.767104140236303,0.8353729485364672,1.9016960563384957,,,,,CHEMBL236_Ki
89709943,mondrian_wstd,cliffA,cliff,46,28,0.6086956521739131,0.46456843231620754,0.7360677496217098,1.9417099629350194,,,,,CHEMBL236_Ki
89709943,mondrian_wstd,cliffA,noncliff,473,389,0.8224101479915433,0.7854129981235266,0.8542125930620935,1.8978046404749862,,,,,CHEMBL236_Ki
89709943,mondrian_wstd,__bins__,__summary__,-1,-1,,,,1.9016960563384957,0.7029702970297029,0.17821782178217827,0.625,0.3173076923076923,CHEMBL236_Ki
89709943,mondrian_std,cliffB_oracle,all,519,419,0.8073217726396917,0.7711817770113588,0.8389458144759864,1.903513707325767,,,,,CHEMBL236_Ki
89709943,mondrian_std,cliffB_oracle,cliff,21,10,0.47619047619047616,0.2834400610153417,0.6763046541715557,2.033969027830824,,,,,CHEMBL236_Ki
89709943,mondrian_std,cliffB_oracle,noncliff,498,409,0.821285140562249,0.7852166050946949,0.8524349766458537,1.8980125793526623,,,,,CHEMBL236_Ki
89709943,mondrian_std,cliffA,all,519,419,0.8073217726396917,0.7711817770113588,0.8389458144759864,1.903513707325767,,,,,CHEMBL236_Ki
89709943,mondrian_std,cliffA,cliff,46,28,0.6086956521739131,0.46456843231620754,0.7360677496217098,1.9304770959222433,,,,,CHEMBL236_Ki
89709943,mondrian_std,cliffA,noncliff,473,391,0.8266384778012685,0.7899275192300443,0.8580866042989939,1.9008914750309724,,,,,CHEMBL236_Ki
89709943,mondrian_std,__bins__,__summary__,-1,-1,,,,1.903513707325767,0.7524752475247525,0.1089108910891089,0.6153846153846154,0.32692307692307687,CHEMBL236_Ki
89709943,mondrian_iqr,cliffB_oracle,all,519,418,0.8053949903660886,0.7691423264167063,0.8371600137133512,1.8975501850904974,,,,,CHEMBL236_Ki
89709943,mondrian_iqr,cliffB_oracle,cliff,21,9,0.42857142857142855,0.2446996892537596,0.6345344563069328,1.9026582740259257,,,,,CHEMBL236_Ki
89709943,mondrian_iqr,cliffB_oracle,noncliff,498,409,0.821285140562249,0.7852166050946949,0.8524349766458537,1.8973347837498467,,,,,CHEMBL236_Ki
89709943,mondrian_iqr,cliffA,all,519,418,0.8053949903660886,0.7691423264167063,0.8371600137133512,1.8975501850904974,,,,,CHEMBL236_Ki
89709943,mondrian_iqr,cliffA,cliff,46,28,0.6086956521739131,0.46456843231620754,0.7360677496217098,1.9160008270879374,,,,,CHEMBL236_Ki
89709943,mondrian_iqr,cliffA,noncliff,473,390,0.8245243128964059,0.7876693626694036,0.8561504946879255,1.8957558309004714,,,,,CHEMBL236_Ki
89709943,mondrian_iqr,__bins__,__summary__,-1,-1,,,,1.8975501850904974,0.7217391304347827,0.14954799827808862,0.5865384615384616,0.3557692307692307,CHEMBL236_Ki
89709943,mondrian_nb,cliffB_oracle,all,519,417,0.8034682080924855,0.767104140236303,0.8353729485364672,1.8724396214984456,,,,,CHEMBL236_Ki
89709943,mondrian_nb,cliffB_oracle,cliff,21,10,0.47619047619047616,0.2834400610153417,0.6763046541715557,1.8571137438976784,,,,,CHEMBL236_Ki
89709943,mondrian_nb,cliffB_oracle,noncliff,498,407,0.8172690763052208,0.7809427184854004,0.8487382184833913,1.873085893445466,,,,,CHEMBL236_Ki
89709943,mondrian_nb,cliffA,all,519,417,0.8034682080924855,0.767104140236303,0.8353729485364672,1.8724396214984456,,,,,CHEMBL236_Ki
89709943,mondrian_nb,cliffA,cliff,46,30,0.6521739130434783,0.5077005884206276,0.7731900662924567,1.85158871376078,,,,,CHEMBL236_Ki
89709943,mondrian_nb,cliffA,noncliff,473,387,0.8181818181818182,0.7809055467119311,0.8503315121302711,1.8744674053376267,,,,,CHEMBL236_Ki
89709943,mondrian_nb,__bins__,__summary__,-1,-1,,,,1.8724396214984456,0.6956521739130435,0.21523891519586746,0.5673076923076923,0.3653846153846154,CHEMBL236_Ki
89709943,mondrian_nnsim,cliffB_oracle,all,519,421,0.8111753371868978,0.7752645288153954,0.8425135653865243,1.8691636982736948,,,,,CHEMBL236_Ki
89709943,mondrian_nnsim,cliffB_oracle,cliff,21,10,0.47619047619047616,0.2834400610153417,0.6763046541715557,1.8587112595121313,,,,,CHEMBL236_Ki
89709943,mondrian_nnsim,cliffB_oracle,noncliff,498,411,0.8253012048192772,0.7894966681990027,0.8561255583133028,1.8696044637636402,,,,,CHEMBL236_Ki
89709943,mondrian_nnsim,cliffA,all,519,421,0.8111753371868978,0.7752645288153954,0.8425135653865243,1.8691636982736948,,,,,CHEMBL236_Ki
89709943,mondrian_nnsim,cliffA,cliff,46,30,0.6521739130434783,0.5077005884206276,0.7731900662924567,1.8543147801138706,,,,,CHEMBL236_Ki
89709943,mondrian_nnsim,cliffA,noncliff,473,391,0.8266384778012685,0.7899275192300443,0.8580866042989939,1.870607779109534,,,,,CHEMBL236_Ki
89709943,mondrian_nnsim,__bins__,__summary__,-1,-1,,,,1.8691636982736948,0.6956521739130435,0.22513990529487737,0.6153846153846154,0.32692307692307687,CHEMBL236_Ki
89709943,mondrian_pairgap,cliffB_oracle,all,519,424,0.8169556840077071,0.7813985079728648,0.8478553403009174,1.8697665142425723,,,,,CHEMBL236_Ki
89709943,mondrian_pairgap,cliffB_oracle,cliff,21,10,0.47619047619047616,0.2834400610153417,0.6763046541715557,1.84007949579016,,,,,CHEMBL236_Ki
89709943,mondrian_pairgap,cliffB_oracle,noncliff,498,414,0.8313253012048193,0.7959287082962406,0.8616494853737001,1.8710183764664692,,,,,CHEMBL236_Ki
89709943,mondrian_pairgap,cliffA,all,519,424,0.8169556840077071,0.7813985079728648,0.8478553403009174,1.8697665142425723,,,,,CHEMBL236_Ki
89709943,mondrian_pairgap,cliffA,cliff,46,29,0.6304347826086957,0.48600096423389705,0.7547624540916037,1.8558839007609893,,,,,CHEMBL236_Ki
89709943,mondrian_pairgap,cliffA,noncliff,473,395,0.8350951374207188,0.7989785880416527,0.8658126001742215,1.871116620416257,,,,,CHEMBL236_Ki
89709943,mondrian_pairgap,__bins__,__summary__,-1,-1,,,,1.8697665142425723,0.6782608695652174,0.23263021954369356,0.5769230769230769,0.375,CHEMBL236_Ki
89709943,mondrian_rfstd,cliffB_oracle,all,519,400,0.7707129094412332,0.7326361548643487,0.8048116608345353,1.7086310352781646,,,,,CHEMBL236_Ki
89709943,mondrian_rfstd,cliffB_oracle,cliff,21,12,0.5714285714285714,0.3654655436930671,0.7553003107462404,1.888993938595935,,,,,CHEMBL236_Ki
89709943,mondrian_rfstd,cliffB_oracle,noncliff,498,388,0.7791164658634538,0.7406220005013452,0.8133378111357564,1.7010253706804273,,,,,CHEMBL236_Ki
89709943,mondrian_rfstd,cliffA,all,519,400,0.7707129094412332,0.7326361548643487,0.8048116608345353,1.7086310352781646,,,,,CHEMBL236_Ki
89709943,mondrian_rfstd,cliffA,cliff,46,31,0.6739130434782609,0.5296773241932241,0.7913405669074435,1.8056530652325493,,,,,CHEMBL236_Ki
89709943,mondrian_rfstd,cliffA,noncliff,473,369,0.7801268498942917,0.7406285091057622,0.8151117586456781,1.6991954890246725,,,,,CHEMBL236_Ki
89709943,mondrian_rfstd,__bins__,__summary__,-1,-1,,,,1.7086310352781646,0.7326732673267327,0.1089108910891089,0.7403846153846154,0.07514936519790882,CHEMBL236_Ki
86921808,global,cliffB_oracle,all,519,430,0.8285163776493256,0.7937035371087733,0.8585018193087335,1.7727921207493669,,,,,CHEMBL236_Ki
86921808,global,cliffB_oracle,cliff,26,14,0.5384615384615384,0.35457938746858797,0.7124414646960878,1.7727921207493667,,,,,CHEMBL236_Ki
86921808,global,cliffB_oracle,noncliff,493,416,0.8438133874239351,0.809123038209785,0.8731871715795759,1.7727921207493667,,,,,CHEMBL236_Ki
86921808,global,cliffA,all,519,430,0.8285163776493256,0.7937035371087733,0.8585018193087335,1.7727921207493669,,,,,CHEMBL236_Ki
86921808,global,cliffA,cliff,54,37,0.6851851851851852,0.5525655517520491,0.7932071933994709,1.7727921207493675,,,,,CHEMBL236_Ki
86921808,global,cliffA,noncliff,465,393,0.8451612903225807,0.8094663324924177,0.8752000807711003,1.7727921207493667,,,,,CHEMBL236_Ki
86921808,global,__bins__,__summary__,-1,-1,,,,1.7727921207493669,0.7345132743362832,0.14667484447559798,0.6442307692307693,0.33653846153846145,CHEMBL236_Ki
86921808,mondrian_pair,cliffB_oracle,all,519,433,0.8342967244701349,0.7998755488090581,0.8638055616803111,1.7874348863891727,,,,,CHEMBL236_Ki
86921808,mondrian_pair,cliffB_oracle,cliff,26,13,0.5,0.3206059352575905,0.6793940647424095,1.726939595876206,,,,,CHEMBL236_Ki
86921808,mondrian_pair,cliffB_oracle,noncliff,493,420,0.8519269776876268,0.8178571935205975,0.8805547321339994,1.7906253073898566,,,,,CHEMBL236_Ki
86921808,mondrian_pair,cliffA,all,519,433,0.8342967244701349,0.7998755488090581,0.8638055616803111,1.7874348863891727,,,,,CHEMBL236_Ki
86921808,mondrian_pair,cliffA,cliff,54,34,0.6296296296296297,0.49627467352266663,0.7457662480833973,1.6965514272968116,,,,,CHEMBL236_Ki
86921808,mondrian_pair,cliffA,noncliff,465,399,0.8580645161290322,0.8234054262475338,0.8868559931192933,1.797989094541834,,,,,CHEMBL236_Ki
86921808,mondrian_pair,__bins__,__summary__,-1,-1,,,,1.7874348863891727,0.7433628318584071,0.14879403088669096,0.6826923076923077,0.28846153846153844,CHEMBL236_Ki
86921808,mondrian_wstd,cliffB_oracle,all,519,416,0.8015414258188824,0.765067204567655,0.8335846328478278,1.764259483207944,,,,,CHEMBL236_Ki
86921808,mondrian_wstd,cliffB_oracle,cliff,26,15,0.5769230769230769,0.3894861374659171,0.7445555668634343,1.9835713398120214,,,,,CHEMBL236_Ki
86921808,mondrian_wstd,cliffB_oracle,noncliff,493,401,0.8133874239350912,0.7766210920024701,0.8453076832922573,1.7526933406689869,,,,,CHEMBL236_Ki
86921808,mondrian_wstd,cliffA,all,519,416,0.8015414258188824,0.765067204567655,0.8335846328478278,1.764259483207944,,,,,CHEMBL236_Ki
86921808,mondrian_wstd,cliffA,cliff,54,36,0.6666666666666666,0.5336096360112935,0.7775858346250742,1.9402111880585309,,,,,CHEMBL236_Ki
86921808,mondrian_wstd,cliffA,noncliff,465,380,0.8172043010752689,0.7795237544911968,0.8496868122151515,1.743826381999489,,,,,CHEMBL236_Ki
86921808,mondrian_wstd,__bins__,__summary__,-1,-1,,,,1.764259483207944,0.7254901960784313,0.14579693263443994,0.6730769230769231,0.26923076923076916,CHEMBL236_Ki
86921808,mondrian_std,cliffB_oracle,all,519,422,0.8131021194605009,0.7773078596282943,0.8442954859309131,1.7864511821108124,,,,,CHEMBL236_Ki
86921808,mondrian_std,cliffB_oracle,cliff,26,16,0.6153846153846154,0.4253485008511553,0.7757140556428721,1.9987607819184452,,,,,CHEMBL236_Ki
86921808,mondrian_std,cliffB_oracle,noncliff,493,406,0.8235294117647058,0.7874139151672643,0.8546420049590076,1.7752543269485437,,,,,CHEMBL236_Ki
86921808,mondrian_std,cliffA,all,519,422,0.8131021194605009,0.7773078596282943,0.8442954859309131,1.7864511821108124,,,,,CHEMBL236_Ki
86921808,mondrian_std,cliffA,cliff,54,38,0.7037037037037037,0.5717242709884697,0.8086257486782021,1.9758578019253834,,,,,CHEMBL236_Ki
86921808,mondrian_std,cliffA,noncliff,465,384,0.8258064516129032,0.7887020217754368,0.8575718823331175,1.7644555746484751,,,,,CHEMBL236_Ki
86921808,mondrian_std,__bins__,__summary__,-1,-1,,,,1.7864511821108124,0.7254901960784313,0.14579693263443994,0.6826923076923077,0.26923076923076916,CHEMBL236_Ki
86921808,mondrian_iqr,cliffB_oracle,all,519,423,0.815028901734104,0.7793525140881133,0.8460760828283814,1.7395279431671582,,,,,CHEMBL236_Ki
86921808,mondrian_iqr,cliffB_oracle,cliff,26,16,0.6153846153846154,0.4253485008511553,0.7757140556428721,1.9321733491538733,,,,,CHEMBL236_Ki
86921808,mondrian_iqr,cliffB_oracle,noncliff,493,407,0.8255578093306288,0.7895772163783646,0.8565041327142163,1.7293681448798264,,,,,CHEMBL236_Ki
86921808,mondrian_iqr,cliffA,all,519,423,0.815028901734104,0.7793525140881133,0.8460760828283814,1.7395279431671582,,,,,CHEMBL236_Ki
86921808,mondrian_iqr,cliffA,cliff,54,36,0.6666666666666666,0.5336096360112935,0.7775858346250742,1.9095457451702142,,,,,CHEMBL236_Ki
86921808,mondrian_iqr,cliffA,noncliff,465,387,0.832258064516129,0.7956054332047979,0.8634659739554111,1.7197839403539001,,,,,CHEMBL236_Ki
86921808,mondrian_iqr,__bins__,__summary__,-1,-1,,,,1.7395279431671582,0.7647058823529411,0.0980392156862746,0.7307692307692307,0.1923076923076924,CHEMBL236_Ki
86921808,mondrian_nb,cliffB_oracle,all,519,422,0.8131021194605009,0.7773078596282943,0.8442954859309131,1.728160695483856,,,,,CHEMBL236_Ki
86921808,mondrian_nb,cliffB_oracle,cliff,26,11,0.4230769230769231,0.2554444331365656,0.6105138625340828,1.6896103439890793,,,,,CHEMBL236_Ki
86921808,mondrian_nb,cliffB_oracle,noncliff,493,411,0.8336713995943205,0.798246931790525,0.8639361331672915,1.7301937769014304,,,,,CHEMBL236_Ki
86921808,mondrian_nb,cliffA,all,519,422,0.8131021194605009,0.7773078596282943,0.8442954859309131,1.728160695483856,,,,,CHEMBL236_Ki
86921808,mondrian_nb,cliffA,cliff,54,30,0.5555555555555556,0.42375646526775257,0.6799753582777035,1.6448248010442958,,,,,CHEMBL236_Ki
86921808,mondrian_nb,cliffA,noncliff,465,392,0.843010752688172,0.8071509631507032,0.8732496157622633,1.7378384122574824,,,,,CHEMBL236_Ki
86921808,mondrian_nb,__bins__,__summary__,-1,-1,,,,1.728160695483856,0.7433628318584071,0.1684018740239458,0.6923076923076923,0.27884615384615385,CHEMBL236_Ki
86921808,mondrian_nnsim,cliffB_oracle,all,519,434,0.8362235067437379,0.8019359042406952,0.8655704576059612,1.8011671846653372,,,,,CHEMBL236_Ki
86921808,mondrian_nnsim,cliffB_oracle,cliff,26,12,0.46153846153846156,0.2875585353039122,0.6454206125314121,1.7040703299805473,,,,,CHEMBL236_Ki
86921808,mondrian_nnsim,cliffB_oracle,noncliff,493,422,0.8559837728194726,0.8222360280967509,0.8842267554904635,1.806287911281574,,,,,CHEMBL236_Ki
86921808,mondrian_nnsim,cliffA,all,519,434,0.8362235067437379,0.8019359042406952,0.8655704576059612,1.8011671846653372,,,,,CHEMBL236_Ki
86921808,mondrian_nnsim,cliffA,cliff,54,33,0.6111111111111112,0.47788298538207685,0.7295806617088351,1.7025769953276475,,,,,CHEMBL236_Ki
86921808,mondrian_nnsim,cliffA,noncliff,465,401,0.8623655913978494,0.8280706280451221,0.890722460022808,1.8126163679432628,,,,,CHEMBL236_Ki
86921808,mondrian_nnsim,__bins__,__summary__,-1,-1,,,,1.8011671846653372,0.7433628318584071,0.15859795245531838,0.6923076923076923,0.28846153846153844,CHEMBL236_Ki
86921808,mondrian_pairgap,cliffB_oracle,all,519,435,0.838150289017341,0.8039978037910159,0.867333809412928,1.7760648889783548,,,,,CHEMBL236_Ki
86921808,mondrian_pairgap,cliffB_oracle,cliff,26,13,0.5,0.3206059352575905,0.6793940647424095,1.742912942211241,,,,,CHEMBL236_Ki
86921808,mondrian_pairgap,cliffB_oracle,noncliff,493,422,0.8559837728194726,0.8222360280967509,0.8842267554904635,1.7778132675096834,,,,,CHEMBL236_Ki
86921808,mondrian_pairgap,cliffA,all,519,435,0.838150289017341,0.8039978037910159,0.867333809412928,1.7760648889783548,,,,,CHEMBL236_Ki
86921808,mondrian_pairgap,cliffA,cliff,54,34,0.6296296296296297,0.49627467352266663,0.7457662480833973,1.7228247174465054,,,,,CHEMBL236_Ki
86921808,mondrian_pairgap,cliffA,noncliff,465,401,0.8623655913978494,0.8280706280451221,0.890722460022808,1.782247618575602,,,,,CHEMBL236_Ki
86921808,mondrian_pairgap,__bins__,__summary__,-1,-1,,,,1.7760648889783548,0.7699115044247787,0.12224535832031935,0.6826923076923077,0.28846153846153844,CHEMBL236_Ki
86921808,mondrian_rfstd,cliffB_oracle,all,519,412,0.7938342967244701,0.7569317005816654,0.8264191314046676,1.6693626683616947,,,,,CHEMBL236_Ki
86921808,mondrian_rfstd,cliffB_oracle,cliff,26,11,0.4230769230769231,0.2554444331365656,0.6105138625340828,1.8252791236949915,,,,,CHEMBL236_Ki
86921808,mondrian_rfstd,cliffB_oracle,noncliff,493,401,0.8133874239350912,0.7766210920024701,0.8453076832922573,1.6611398938410746,,,,,CHEMBL236_Ki
86921808,mondrian_rfstd,cliffA,all,519,412,0.7938342967244701,0.7569317005816654,0.8264191314046676,1.6693626683616947,,,,,CHEMBL236_Ki
86921808,mondrian_rfstd,cliffA,cliff,54,30,0.5555555555555556,0.42375646526775257,0.6799753582777035,1.730151513585331,,,,,CHEMBL236_Ki
86921808,mondrian_rfstd,cliffA,noncliff,465,382,0.821505376344086,0.7841092222257622,0.8536330131816892,1.6623033185937885,,,,,CHEMBL236_Ki
86921808,mondrian_rfstd,__bins__,__summary__,-1,-1,,,,1.6693626683616947,0.7352941176470589,0.11764705882352933,0.7211538461538461,0.13461538461538458,CHEMBL236_Ki
71339737,global,cliffB_oracle,all,551,449,0.8148820326678766,0.7803111721457654,0.8450927058152335,1.8569868953073383,,,,,CHEMBL204_Ki
71339737,global,cliffB_oracle,cliff,28,14,0.5,0.32633127457293465,0.6736687254270654,1.8569868953073383,,,,,CHEMBL204_Ki
71339737,global,cliffB_oracle,noncliff,523,435,0.8317399617590823,0.797285405395806,0.8613567614084935,1.856986895307338,,,,,CHEMBL204_Ki
71339737,global,cliffA,all,551,449,0.8148820326678766,0.7803111721457654,0.8450927058152335,1.8569868953073383,,,,,CHEMBL204_Ki
71339737,global,cliffA,cliff,48,30,0.625,0.4836276351921527,0.747847332391318,1.8569868953073385,,,,,CHEMBL204_Ki
71339737,global,cliffA,noncliff,503,419,0.8330019880715706,0.7979095255186992,0.863046665356983,1.8569868953073383,,,,,CHEMBL204_Ki
71339737,global,__bins__,__summary__,-1,-1,,,,1.8569868953073383,0.6942148760330579,0.2029813856491851,0.6486486486486487,0.2877149877149877,CHEMBL204_Ki
71339737,mondrian_pair,cliffB_oracle,all,551,452,0.8203266787658802,0.7860872924708497,0.8501304853972558,1.8648205458168086,,,,,CHEMBL204_Ki
71339737,mondrian_pair,cliffB_oracle,cliff,28,14,0.5,0.32633127457293465,0.6736687254270654,1.847616472773508,,,,,CHEMBL204_Ki
71339737,mondrian_pair,cliffB_oracle,noncliff,523,438,0.8374760994263862,0.8034163644309954,0.8666144277359143,1.8657416051766798,,,,,CHEMBL204_Ki
71339737,mondrian_pair,cliffA,all,551,452,0.8203266787658802,0.7860872924708497,0.8501304853972558,1.8648205458168086,,,,,CHEMBL204_Ki
71339737,mondrian_pair,cliffA,cliff,48,30,0.625,0.4836276351921527,0.747847332391318,1.8455482126960323,,,,,CHEMBL204_Ki
71339737,mondrian_pair,cliffA,noncliff,503,422,0.8389662027833003,0.8042946717942314,0.8684995404105678,1.8666596551404617,,,,,CHEMBL204_Ki
71339737,mondrian_pair,__bins__,__summary__,-1,-1,,,,1.8648205458168086,0.7107438016528925,0.18645246002935045,0.6486486486486487,0.2877149877149877,CHEMBL204_Ki
71339737,mondrian_wstd,cliffB_oracle,all,551,457,0.8294010889292196,0.7957382339855701,0.8585027103943799,1.9035242653823197,,,,,CHEMBL204_Ki
71339737,mondrian_wstd,cliffB_oracle,cliff,28,17,0.6071428571428571,0.42409044296597176,0.764343134584204,1.9874262355646068,,,,,CHEMBL204_Ki
71339737,mondrian_wstd,cliffB_oracle,noncliff,523,440,0.8413001912045889,0.807511280820556,0.8701119282547605,1.8990323817014323,,,,,CHEMBL204_Ki
71339737,mondrian_wstd,cliffA,all,551,457,0.8294010889292196,0.7957382339855701,0.8585027103943799,1.9035242653823197,,,,,CHEMBL204_Ki
71339737,mondrian_wstd,cliffA,cliff,48,34,0.7083333333333334,0.5682074019042831,0.8175842107348348,2.0409947426346693,,,,,CHEMBL204_Ki
71339737,mondrian_wstd,cliffA,noncliff,503,423,0.8409542743538767,0.8064264266276874,0.8703137926868171,1.8904058102966081,,,,,CHEMBL204_Ki
71339737,mondrian_wstd,__bins__,__summary__,-1,-1,,,,1.9035242653823197,0.75,0.13429752066115708,0.7297297297297297,0.1702702702702703,CHEMBL204_Ki
71339737,mondrian_std,cliffB_oracle,all,551,455,0.8257713248638838,0.7918741597028764,0.8551575180723356,1.901429612311697,,,,,CHEMBL204_Ki
71339737,mondrian_std,cliffB_oracle,cliff,28,18,0.6428571428571429,0.4583030651442781,0.7929417049226233,2.0179746195921378,,,,,CHEMBL204_Ki
71339737,mondrian_std,cliffB_oracle,noncliff,523,437,0.8355640535372849,0.8013712105000772,0.864863373212629,1.8951901090538532,,,,,CHEMBL204_Ki
71339737,mondrian_std,cliffA,all,551,455,0.8257713248638838,0.7918741597028764,0.8551575180723356,1.901429612311697,,,,,CHEMBL204_Ki
71339737,mondrian_std,cliffA,cliff,48,35,0.7291666666666666,0.5900303501775939,0.8343404237254355,2.0812580777687857,,,,,CHEMBL204_Ki
71339737,mondrian_std,cliffA,noncliff,503,420,0.8349900596421471,0.8000362456218608,0.8648659523635271,1.8842690430434261,,,,,CHEMBL204_Ki
71339737,mondrian_std,__bins__,__summary__,-1,-1,,,,1.901429612311697,0.75,0.1425619834710744,0.7207207207207207,0.17927927927927934,CHEMBL204_Ki
71339737,mondrian_iqr,cliffB_oracle,all,551,465,0.8439201451905626,0.8112466105886967,0.871831400210204,1.9575205228216406,,,,,CHEMBL204_Ki
71339737,mondrian_iqr,cliffB_oracle,cliff,28,15,0.5357142857142857,0.358126892344679,0.7046843001720462,1.9219328344806992,,,,,CHEMBL204_Ki
71339737,mondrian_iqr,cliffB_oracle,noncliff,523,450,0.8604206500956023,0.8280841959133871,0.8875010977039641,1.9594257910310986,,,,,CHEMBL204_Ki
71339737,mondrian_iqr,cliffA,all,551,465,0.8439201451905626,0.8112466105886967,0.871831400210204,1.9575205228216406,,,,,CHEMBL204_Ki
71339737,mondrian_iqr,cliffA,cliff,48,32,0.6666666666666666,0.5254010970594798,0.7832321930518142,2.0337120785695837,,,,,CHEMBL204_Ki
71339737,mondrian_iqr,cliffA,noncliff,503,433,0.8608349900596421,0.8278436642805427,0.8883566261310176,1.9502497580584177,,,,,CHEMBL204_Ki
71339737,mondrian_iqr,__bins__,__summary__,-1,-1,,,,1.9575205228216406,0.7592592592592593,0.14814814814814814,0.7657657657657657,0.1342342342342343,CHEMBL204_Ki
71339737,mondrian_nb,cliffB_oracle,all,551,454,0.8239564428312159,0.789943986282993,0.8534830581898502,1.9150391231994361,,,,,CHEMBL204_Ki
71339737,mondrian_nb,cliffB_oracle,cliff,28,16,0.5714285714285714,0.3907078562746876,0.734914528758763,1.9595759882915194,,,,,CHEMBL204_Ki
71339737,mondrian_nb,cliffB_oracle,noncliff,523,438,0.8374760994263862,0.8034163644309954,0.8666144277359143,1.912654740364678,,,,,CHEMBL204_Ki
71339737,mondrian_nb,cliffA,all,551,454,0.8239564428312159,0.789943986282993,0.8534830581898502,1.9150391231994361,,,,,CHEMBL204_Ki
71339737,mondrian_nb,cliffA,cliff,48,32,0.6666666666666666,0.5254010970594798,0.7832321930518142,1.9823795179025308,,,,,CHEMBL204_Ki
71339737,mondrian_nb,cliffA,noncliff,503,422,0.8389662027833003,0.8042946717942314,0.8684995404105678,1.9086130020349263,,,,,CHEMBL204_Ki
71339737,mondrian_nb,__bins__,__summary__,-1,-1,,,,1.9150391231994361,0.7107438016528925,0.18645246002935045,0.6486486486486487,0.27862407862407856,CHEMBL204_Ki
71339737,mondrian_nnsim,cliffB_oracle,all,551,444,0.8058076225045372,0.7707072115782981,0.8366734998708564,1.8650504409007438,,,,,CHEMBL204_Ki
71339737,mondrian_nnsim,cliffB_oracle,cliff,28,11,0.39285714285714285,0.2356568654157959,0.5759095570340281,1.5926133833941358,,,,,CHEMBL204_Ki
71339737,mondrian_nnsim,cliffB_oracle,noncliff,523,433,0.8279158699808795,0.7932054698273008,0.8578442800685915,1.879635981264387,,,,,CHEMBL204_Ki
71339737,mondrian_nnsim,cliffA,all,551,444,0.8058076225045372,0.7707072115782981,0.8366734998708564,1.8650504409007438,,,,,CHEMBL204_Ki
71339737,mondrian_nnsim,cliffA,cliff,48,23,0.4791666666666667,0.34471316176951616,0.616707676966572,1.6212043153965556,,,,,CHEMBL204_Ki
71339737,mondrian_nnsim,cliffA,noncliff,503,421,0.8369781312127237,0.8021646197086972,0.8666835853863962,1.8883200512868297,,,,,CHEMBL204_Ki
71339737,mondrian_nnsim,__bins__,__summary__,-1,-1,,,,1.8650504409007438,0.6694214876033058,0.2277747740789372,0.6216216216216216,0.30565110565110565,CHEMBL204_Ki
71339737,mondrian_pairgap,cliffB_oracle,all,551,453,0.822141560798548,0.7880150353735882,0.851807375796886,1.8925032382009177,,,,,CHEMBL204_Ki
71339737,mondrian_pairgap,cliffB_oracle,cliff,28,14,0.5,0.32633127457293465,0.6736687254270654,1.8595177499255435,,,,,CHEMBL204_Ki
71339737,mondrian_pairgap,cliffB_oracle,noncliff,523,439,0.8393881453154876,0.8054630472802449,0.8683639533408682,1.894269191684112,,,,,CHEMBL204_Ki
71339737,mondrian_pairgap,cliffA,all,551,453,0.822141560798548,0.7880150353735882,0.851807375796886,1.8925032382009177,,,,,CHEMBL204_Ki
71339737,mondrian_pairgap,cliffA,cliff,48,30,0.625,0.4836276351921527,0.747847332391318,1.8705371743774968,,,,,CHEMBL204_Ki
71339737,mondrian_pairgap,cliffA,noncliff,503,423,0.8409542743538767,0.8064264266276874,0.8703137926868171,1.8945994033371487,,,,,CHEMBL204_Ki
71339737,mondrian_pairgap,__bins__,__summary__,-1,-1,,,,1.8925032382009177,0.71900826446281,0.17818799721943301,0.6576576576576577,0.2787059787059787,CHEMBL204_Ki
71339737,mondrian_rfstd,cliffB_oracle,all,551,448,0.8130671506352087,0.7783881233227536,0.8434111213358764,1.8143851641069277,,,,,CHEMBL204_Ki
71339737,mondrian_rfstd,cliffB_oracle,cliff,28,11,0.39285714285714285,0.2356568654157959,0.5759095570340281,1.5699186241081537,,,,,CHEMBL204_Ki
71339737,mondrian_rfstd,cliffB_oracle,noncliff,523,437,0.8355640535372849,0.8013712105000772,0.864863373212629,1.827473238906097,,,,,CHEMBL204_Ki
71339737,mondrian_rfstd,cliffA,all,551,448,0.8130671506352087,0.7783881233227536,0.8434111213358764,1.8143851641069277,,,,,CHEMBL204_Ki
71339737,mondrian_rfstd,cliffA,cliff,48,27,0.5625,0.42275017419827776,0.6929873095934576,1.6614028545992596,,,,,CHEMBL204_Ki
71339737,mondrian_rfstd,cliffA,noncliff,503,421,0.8369781312127237,0.8021646197086972,0.8666835853863962,1.8289838735629278,,,,,CHEMBL204_Ki
71339737,mondrian_rfstd,__bins__,__summary__,-1,-1,,,,1.8143851641069277,0.75,0.12962962962962965,0.7545454545454545,0.13734643734643737,CHEMBL204_Ki
99182118,global,cliffB_oracle,all,551,468,0.8493647912885662,0.8170850117169066,0.8768068989891009,2.0644984507068815,,,,,CHEMBL204_Ki
99182118,global,cliffB_oracle,cliff,21,15,0.7142857142857143,0.5004361928391441,0.8618613704787788,2.064498450706881,,,,,CHEMBL204_Ki
99182118,global,cliffB_oracle,noncliff,530,453,0.8547169811320755,0.8221633169737316,0.8821656439702522,2.064498450706882,,,,,CHEMBL204_Ki
99182118,global,cliffA,all,551,468,0.8493647912885662,0.8170850117169066,0.8768068989891009,2.0644984507068815,,,,,CHEMBL204_Ki
99182118,global,cliffA,cliff,51,42,0.8235294117647058,0.6974585747569192,0.9042759653087368,2.064498450706882,,,,,CHEMBL204_Ki
99182118,global,cliffA,noncliff,500,426,0.852,0.8181938697042727,0.8804385946107945,2.064498450706882,,,,,CHEMBL204_Ki
99182118,global,__bins__,__summary__,-1,-1,,,,2.0644984507068815,0.6967213114754098,0.2292046144505161,0.6486486486486487,0.31498771498771494,CHEMBL204_Ki
99182118,mondrian_pair,cliffB_oracle,all,551,465,0.8439201451905626,0.8112466105886967,0.871831400210204,2.0503144420242605,,,,,CHEMBL204_Ki
99182118,mondrian_pair,cliffB_oracle,cliff,21,13,0.6190476190476191,0.4087865377511576,0.7924898863143551,2.0680585316898097,,,,,CHEMBL204_Ki
99182118,mondrian_pair,cliffB_oracle,noncliff,530,452,0.8528301886792453,0.8201315711026593,0.8804509591980054,2.049611374320531,,,,,CHEMBL204_Ki
99182118,mondrian_pair,cliffA,all,551,465,0.8439201451905626,0.8112466105886967,0.871831400210204,2.0503144420242605,,,,,CHEMBL204_Ki
99182118,mondrian_pair,cliffA,cliff,51,40,0.7843137254901961,0.6537364041400255,0.8750606159176724,2.0670388202373986,,,,,CHEMBL204_Ki
99182118,mondrian_pair,cliffA,noncliff,500,425,0.85,0.8160389193683016,0.8786240423086119,2.04860855544652,,,,,CHEMBL204_Ki
99182118,mondrian_pair,__bins__,__summary__,-1,-1,,,,2.0503144420242605,0.6967213114754098,0.2292046144505161,0.6486486486486487,0.3058968058968059,CHEMBL204_Ki
99182118,mondrian_wstd,cliffB_oracle,all,551,460,0.8348457350272233,0.8015438992255826,0.863510945061474,2.0153654988964034,,,,,CHEMBL204_Ki
99182118,mondrian_wstd,cliffB_oracle,cliff,21,13,0.6190476190476191,0.4087865377511576,0.7924898863143551,2.165549428537662,,,,,CHEMBL204_Ki
99182118,mondrian_wstd,cliffB_oracle,noncliff,530,447,0.8433962264150944,0.8099973559741885,0.871853021109881,2.0094148148917497,,,,,CHEMBL204_Ki
99182118,mondrian_wstd,cliffA,all,551,460,0.8348457350272233,0.8015438992255826,0.863510945061474,2.0153654988964034,,,,,CHEMBL204_Ki
99182118,mondrian_wstd,cliffA,cliff,51,39,0.7647058823529411,0.632377748398347,0.8599505116553716,2.0925439008956377,,,,,CHEMBL204_Ki
99182118,mondrian_wstd,cliffA,noncliff,500,421,0.842,0.8074376489887337,0.8713473021355645,2.0074933018924814,,,,,CHEMBL204_Ki
99182118,mondrian_wstd,__bins__,__summary__,-1,-1,,,,2.0153654988964034,0.7383177570093458,0.16908965039806167,0.6396396396396397,0.27854217854217855,CHEMBL204_Ki
99182118,mondrian_std,cliffB_oracle,all,551,462,0.838475499092559,0.805420904872042,0.8668432060197524,2.025653822698564,,,,,CHEMBL204_Ki
99182118,mondrian_std,cliffB_oracle,cliff,21,13,0.6190476190476191,0.4087865377511576,0.7924898863143551,2.167242409925296,,,,,CHEMBL204_Ki
99182118,mondrian_std,cliffB_oracle,noncliff,530,449,0.8471698113207548,0.8140462383425409,0.8752970000281668,2.020043708865052,,,,,CHEMBL204_Ki
99182118,mondrian_std,cliffA,all,551,462,0.838475499092559,0.805420904872042,0.8668432060197524,2.025653822698564,,,,,CHEMBL204_Ki
99182118,mondrian_std,cliffA,cliff,51,39,0.7647058823529411,0.632377748398347,0.8599505116553716,2.098577502267348,,,,,CHEMBL204_Ki
99182118,mondrian_std,cliffA,noncliff,500,423,0.846,0.811734636678946,0.8749893197216598,2.018215607382548,,,,,CHEMBL204_Ki
99182118,mondrian_std,__bins__,__summary__,-1,-1,,,,2.025653822698564,0.7476635514018691,0.1597438560055383,0.6486486486486487,0.2695331695331695,CHEMBL204_Ki
99182118,mondrian_iqr,cliffB_oracle,all,551,452,0.8203266787658802,0.7860872924708497,0.8501304853972558,1.9627244810129099,,,,,CHEMBL204_Ki
99182118,mondrian_iqr,cliffB_oracle,cliff,21,11,0.5238095238095238,0.3236953458284443,0.7165599389846583,1.899004672940924,,,,,CHEMBL204_Ki
99182118,mondrian_iqr,cliffB_oracle,noncliff,530,441,0.8320754716981132,0.7978871438794539,0.8614846493447013,1.9652492281251963,,,,,CHEMBL204_Ki
99182118,mondrian_iqr,cliffA,all,551,452,0.8203266787658802,0.7860872924708497,0.8501304853972558,1.9627244810129099,,,,,CHEMBL204_Ki
99182118,mondrian_iqr,cliffA,cliff,51,33,0.6470588235294118,0.5098605845450523,0.7636551154847915,1.8739115000996645,,,,,CHEMBL204_Ki
99182118,mondrian_iqr,cliffA,noncliff,500,419,0.838,0.8031477342378299,0.8676982116101608,1.9717834050660612,,,,,CHEMBL204_Ki
99182118,mondrian_iqr,__bins__,__summary__,-1,-1,,,,1.9627244810129099,0.7459016393442623,0.1615057680631451,0.6576576576576577,0.23325143325143316,CHEMBL204_Ki
99182118,mondrian_nb,cliffB_oracle,all,551,454,0.8239564428312159,0.789943986282993,0.8534830581898502,2.019544706277235,,,,,CHEMBL204_Ki
99182118,mondrian_nb,cliffB_oracle,cliff,21,14,0.6666666666666666,0.4537345197425524,0.8280524739491653,1.9767954146952929,,,,,CHEMBL204_Ki
99182118,mondrian_nb,cliffB_oracle,noncliff,530,440,0.8301886792452831,0.7958738707335542,0.859751491847282,2.0212385461323685,,,,,CHEMBL204_Ki
99182118,mondrian_nb,cliffA,all,551,454,0.8239564428312159,0.789943986282993,0.8534830581898502,2.019544706277235,,,,,CHEMBL204_Ki
99182118,mondrian_nb,cliffA,cliff,51,37,0.7254901960784313,0.5905334923922092,0.8288572476535512,1.9787524272875356,,,,,CHEMBL204_Ki
99182118,mondrian_nb,cliffA,noncliff,500,417,0.834,0.7988646838026932,0.8640422567689898,2.0237055187341846,,,,,CHEMBL204_Ki
99182118,mondrian_nb,__bins__,__summary__,-1,-1,,,,2.019544706277235,0.6721311475409836,0.24453551912568305,0.6036036036036037,0.35094185094185093,CHEMBL204_Ki
99182118,mondrian_nnsim,cliffB_oracle,all,551,467,0.8475499092558983,0.8151374339333353,0.8751498434703033,2.0630492372363713,,,,,CHEMBL204_Ki
99182118,mondrian_nnsim,cliffB_oracle,cliff,21,12,0.5714285714285714,0.3654655436930671,0.7553003107462404,1.7833162097283013,,,,,CHEMBL204_Ki
99182118,mondrian_nnsim,cliffB_oracle,noncliff,530,455,0.8584905660377359,0.8262319194493404,0.8855899027812817,2.074132998703672,,,,,CHEMBL204_Ki
99182118,mondrian_nnsim,cliffA,all,551,467,0.8475499092558983,0.8151374339333353,0.8751498434703033,2.0630492372363713,,,,,CHEMBL204_Ki
99182118,mondrian_nnsim,cliffA,cliff,51,33,0.6470588235294118,0.5098605845450523,0.7636551154847915,1.8432865102862503,,,,,CHEMBL204_Ki
99182118,mondrian_nnsim,cliffA,noncliff,500,434,0.868,0.8355052092686175,0.8948832761516801,2.085465035385284,,,,,CHEMBL204_Ki
99182118,mondrian_nnsim,__bins__,__summary__,-1,-1,,,,2.0630492372363713,0.7049180327868853,0.22100789313904068,0.6756756756756757,0.26068796068796074,CHEMBL204_Ki
99182118,mondrian_pairgap,cliffB_oracle,all,551,463,0.8402903811252269,0.8073614287032449,0.8685073154909184,2.0325431292521534,,,,,CHEMBL204_Ki
99182118,mondrian_pairgap,cliffB_oracle,cliff,21,13,0.6190476190476191,0.4087865377511576,0.7924898863143551,2.0663505829309807,,,,,CHEMBL204_Ki
99182118,mondrian_pairgap,cliffB_oracle,noncliff,530,450,0.8490566037735849,0.8160730571497892,0.8770166118642375,2.0312035886346904,,,,,CHEMBL204_Ki
99182118,mondrian_pairgap,cliffA,all,551,463,0.8402903811252269,0.8073614287032449,0.8685073154909184,2.0325431292521534,,,,,CHEMBL204_Ki
99182118,mondrian_pairgap,cliffA,cliff,51,40,0.7843137254901961,0.6537364041400255,0.8750606159176724,2.072495092744756,,,,,CHEMBL204_Ki
99182118,mondrian_pairgap,cliffA,noncliff,500,423,0.846,0.811734636678946,0.8749893197216598,2.028468028975908,,,,,CHEMBL204_Ki
99182118,mondrian_pairgap,__bins__,__summary__,-1,-1,,,,2.0325431292521534,0.7049180327868853,0.21174863387978138,0.6396396396396397,0.31490581490581493,CHEMBL204_Ki
99182118,mondrian_rfstd,cliffB_oracle,all,551,448,0.8130671506352087,0.7783881233227536,0.8434111213358764,1.9359909990793425,,,,,CHEMBL204_Ki
99182118,mondrian_rfstd,cliffB_oracle,cliff,21,9,0.42857142857142855,0.2446996892537596,0.6345344563069328,1.9627561797226758,,,,,CHEMBL204_Ki
99182118,mondrian_rfstd,cliffB_oracle,noncliff,530,439,0.8283018867924529,0.7938620019411319,0.858016929996385,1.9349304919217765,,,,,CHEMBL204_Ki
99182118,mondrian_rfstd,cliffA,all,551,448,0.8130671506352087,0.7783881233227536,0.8434111213358764,1.9359909990793425,,,,,CHEMBL204_Ki
99182118,mondrian_rfstd,cliffA,cliff,51,31,0.6078431372549019,0.4708515898394834,0.7297265901824019,1.812427232363764,,,,,CHEMBL204_Ki
99182118,mondrian_rfstd,cliffA,noncliff,500,417,0.834,0.7988646838026932,0.8640422567689898,1.9485945032843315,,,,,CHEMBL204_Ki
99182118,mondrian_rfstd,__bins__,__summary__,-1,-1,,,,1.9359909990793425,0.7377049180327869,0.1789617486338797,0.7297297297297297,0.1884520884520885,CHEMBL204_Ki
89709943,global,cliffB_oracle,all,551,457,0.8294010889292196,0.7957382339855701,0.8585027103943799,1.8902797415528774,,,,,CHEMBL204_Ki
89709943,global,cliffB_oracle,cliff,28,20,0.7142857142857143,0.5294071156670428,0.8474600394333092,1.890279741552877,,,,,CHEMBL204_Ki
89709943,global,cliffB_oracle,noncliff,523,437,0.8355640535372849,0.8013712105000772,0.864863373212629,1.8902797415528776,,,,,CHEMBL204_Ki
89709943,global,cliffA,all,551,457,0.8294010889292196,0.7957382339855701,0.8585027103943799,1.8902797415528774,,,,,CHEMBL204_Ki
89709943,global,cliffA,cliff,56,44,0.7857142857142857,0.6618053643659488,0.8729409575090435,1.8902797415528774,,,,,CHEMBL204_Ki
89709943,global,cliffA,noncliff,495,413,0.8343434343434344,0.7990428183866252,0.8644946525816333,1.8902797415528774,,,,,CHEMBL204_Ki
89709943,global,__bins__,__summary__,-1,-1,,,,1.8902797415528774,0.71900826446281,0.19687958600447975,0.6486486486486487,0.3422604422604423,CHEMBL204_Ki
89709943,mondrian_pair,cliffB_oracle,all,551,455,0.8257713248638838,0.7918741597028764,0.8551575180723356,1.9291523371906014,,,,,CHEMBL204_Ki
89709943,mondrian_pair,cliffB_oracle,cliff,28,21,0.75,0.5664432968100104,0.8732350508070668,2.102244133703741,,,,,CHEMBL204_Ki
89709943,mondrian_pair,cliffB_oracle,noncliff,523,434,0.8298279158699808,0.795244713698692,0.8596012446514039,1.9198854723677188,,,,,CHEMBL204_Ki
89709943,mondrian_pair,cliffA,all,551,455,0.8257713248638838,0.7918741597028764,0.8551575180723356,1.9291523371906014,,,,,CHEMBL204_Ki
89709943,mondrian_pair,cliffA,cliff,56,46,0.8214285714285714,0.7015881796334894,0.900001432475877,2.187943237029286,,,,,CHEMBL204_Ki
89709943,mondrian_pair,cliffA,noncliff,495,409,0.8262626262626263,0.7904068277645661,0.8570934837845198,1.8998749828654173,,,,,CHEMBL204_Ki
89709943,mondrian_pair,__bins__,__summary__,-1,-1,,,,1.9291523371906014,0.71900826446281,0.18753379161195638,0.6396396396396397,0.3512694512694513,CHEMBL204_Ki
89709943,mondrian_wstd,cliffB_oracle,all,551,459,0.8330308529945554,0.7996073820306818,0.8618428289540058,1.9542274255498016,,,,,CHEMBL204_Ki
89709943,mondrian_wstd,cliffB_oracle,cliff,28,21,0.75,0.5664432968100104,0.8732350508070668,2.291098310649843,,,,,CHEMBL204_Ki
89709943,mondrian_wstd,cliffB_oracle,noncliff,523,438,0.8374760994263862,0.8034163644309954,0.8666144277359143,1.9361922730014243,,,,,CHEMBL204_Ki
89709943,mondrian_wstd,cliffA,all,551,459,0.8330308529945554,0.7996073820306818,0.8618428289540058,1.9542274255498016,,,,,CHEMBL204_Ki
89709943,mondrian_wstd,cliffA,cliff,56,46,0.8214285714285714,0.7015881796334894,0.900001432475877,2.317486561915671,,,,,CHEMBL204_Ki
89709943,mondrian_wstd,cliffA,noncliff,495,413,0.8343434343434344,0.7990428183866252,0.8644946525816333,1.9131314424457837,,,,,CHEMBL204_Ki
89709943,mondrian_wstd,__bins__,__summary__,-1,-1,,,,1.9542274255498016,0.794392523364486,0.07476635514018692,0.6936936936936937,0.2699426699426699,CHEMBL204_Ki
89709943,mondrian_std,cliffB_oracle,all,551,463,0.8402903811252269,0.8073614287032449,0.8685073154909184,1.9404014325319607,,,,,CHEMBL204_Ki
89709943,mondrian_std,cliffB_oracle,cliff,28,21,0.75,0.5664432968100104,0.8732350508070668,2.271013160324265,,,,,CHEMBL204_Ki
89709943,mondrian_std,cliffB_oracle,noncliff,523,442,0.8451242829827916,0.8116124903383217,0.8736031356454019,1.9227013782715698,,,,,CHEMBL204_Ki
89709943,mondrian_std,cliffA,all,551,463,0.8402903811252269,0.8073614287032449,0.8685073154909184,1.9404014325319607,,,,,CHEMBL204_Ki
89709943,mondrian_std,cliffA,cliff,56,45,0.8035714285714286,0.681553923735416,0.8866140432567635,2.3000457889053507,,,,,CHEMBL204_Ki
89709943,mondrian_std,cliffA,noncliff,495,418,0.8444444444444444,0.8098765654249082,0.8737073548173157,1.8997143942351733,,,,,CHEMBL204_Ki
89709943,mondrian_std,__bins__,__summary__,-1,-1,,,,1.9404014325319607,0.7962962962962963,0.06351678781585324,0.7117117117117117,0.24283374283374293,CHEMBL204_Ki
89709943,mondrian_iqr,cliffB_oracle,all,551,454,0.8239564428312159,0.789943986282993,0.8534830581898502,1.8396467256763822,,,,,CHEMBL204_Ki
89709943,mondrian_iqr,cliffB_oracle,cliff,28,19,0.6785714285714286,0.49338843180857617,0.8206675307750504,1.8435962801616026,,,,,CHEMBL204_Ki
89709943,mondrian_iqr,cliffB_oracle,noncliff,523,435,0.8317399617590823,0.797285405395806,0.8613567614084935,1.8394352772526992,,,,,CHEMBL204_Ki
89709943,mondrian_iqr,cliffA,all,551,454,0.8239564428312159,0.789943986282993,0.8534830581898502,1.8396467256763822,,,,,CHEMBL204_Ki
89709943,mondrian_iqr,cliffA,cliff,56,43,0.7678571428571429,0.6423184678498916,0.8590062089079139,1.9075370208966613,,,,,CHEMBL204_Ki
89709943,mondrian_iqr,cliffA,noncliff,495,411,0.8303030303030303,0.7947214927249033,0.8607973985337689,1.8319662074292393,,,,,CHEMBL204_Ki
89709943,mondrian_iqr,__bins__,__summary__,-1,-1,,,,1.8396467256763822,0.7850467289719626,0.10280373831775702,0.6846846846846847,0.2698607698607699,CHEMBL204_Ki
89709943,mondrian_nb,cliffB_oracle,all,551,459,0.8330308529945554,0.7996073820306818,0.8618428289540058,1.9475381631899837,,,,,CHEMBL204_Ki
89709943,mondrian_nb,cliffB_oracle,cliff,28,21,0.75,0.5664432968100104,0.8732350508070668,1.978250145539489,,,,,CHEMBL204_Ki
89709943,mondrian_nb,cliffB_oracle,noncliff,523,438,0.8374760994263862,0.8034163644309954,0.8666144277359143,1.945893927041253,,,,,CHEMBL204_Ki
89709943,mondrian_nb,cliffA,all,551,459,0.8330308529945554,0.7996073820306818,0.8618428289540058,1.9475381631899837,,,,,CHEMBL204_Ki
89709943,mondrian_nb,cliffA,cliff,56,44,0.7857142857142857,0.6618053643659488,0.8729409575090435,1.9651546314050894,,,,,CHEMBL204_Ki
89709943,mondrian_nb,cliffA,noncliff,495,415,0.8383838383838383,0.8033709971497704,0.868185053528074,1.9455451890080724,,,,,CHEMBL204_Ki
89709943,mondrian_nb,__bins__,__summary__,-1,-1,,,,1.9475381631899837,0.743801652892562,0.1907777863597745,0.6756756756756757,0.30614250614250615,CHEMBL204_Ki
89709943,mondrian_nnsim,cliffB_oracle,all,551,454,0.8239564428312159,0.789943986282993,0.8534830581898502,1.9100128931936833,,,,,CHEMBL204_Ki
89709943,mondrian_nnsim,cliffB_oracle,cliff,28,16,0.5714285714285714,0.3907078562746876,0.734914528758763,1.6263842073400314,,,,,CHEMBL204_Ki
89709943,mondrian_nnsim,cliffB_oracle,noncliff,523,438,0.8374760994263862,0.8034163644309954,0.8666144277359143,1.9251976029525786,,,,,CHEMBL204_Ki
89709943,mondrian_nnsim,cliffA,all,551,454,0.8239564428312159,0.789943986282993,0.8534830581898502,1.9100128931936833,,,,,CHEMBL204_Ki
89709943,mondrian_nnsim,cliffA,cliff,56,36,0.6428571428571429,0.5119388780139953,0.755434282923501,1.686159249602761,,,,,CHEMBL204_Ki
89709943,mondrian_nnsim,cliffA,noncliff,495,418,0.8444444444444444,0.8098765654249082,0.8737073548173157,1.9353377498423534,,,,,CHEMBL204_Ki
89709943,mondrian_nnsim,__bins__,__summary__,-1,-1,,,,1.9100128931936833,0.7024793388429752,0.2134085116243145,0.6396396396396397,0.3512694512694513,CHEMBL204_Ki
89709943,mondrian_pairgap,cliffB_oracle,all,551,450,0.8166969147005445,0.7822353744760251,0.8467731367873428,1.9135129933661403,,,,,CHEMBL204_Ki
89709943,mondrian_pairgap,cliffB_oracle,cliff,28,18,0.6428571428571429,0.4583030651442781,0.7929417049226233,2.021630549667846,,,,,CHEMBL204_Ki
89709943,mondrian_pairgap,cliffB_oracle,noncliff,523,432,0.8260038240917782,0.7911676548951969,0.856085886546492,1.9077246729522823,,,,,CHEMBL204_Ki
89709943,mondrian_pairgap,cliffA,all,551,450,0.8166969147005445,0.7822353744760251,0.8467731367873428,1.9135129933661403,,,,,CHEMBL204_Ki
89709943,mondrian_pairgap,cliffA,cliff,56,43,0.7678571428571429,0.6423184678498916,0.8590062089079139,2.0971582584739012,,,,,CHEMBL204_Ki
89709943,mondrian_pairgap,cliffA,noncliff,495,407,0.8222222222222222,0.7860986421248091,0.8533830897146906,1.8927369633741513,,,,,CHEMBL204_Ki
89709943,mondrian_pairgap,__bins__,__summary__,-1,-1,,,,1.9135129933661403,0.71900826446281,0.18753379161195638,0.6216216216216216,0.36928746928746936,CHEMBL204_Ki
89709943,mondrian_rfstd,cliffB_oracle,all,551,451,0.8185117967332124,0.7841607434346118,0.848452401131125,1.875629047292206,,,,,CHEMBL204_Ki
89709943,mondrian_rfstd,cliffB_oracle,cliff,28,20,0.7142857142857143,0.5294071156670428,0.8474600394333092,2.102986358100234,,,,,CHEMBL204_Ki
89709943,mondrian_rfstd,cliffB_oracle,noncliff,523,431,0.8240917782026769,0.789131250529313,0.8543260824581725,1.8634569541705526,,,,,CHEMBL204_Ki
89709943,mondrian_rfstd,cliffA,all,551,451,0.8185117967332124,0.7841607434346118,0.848452401131125,1.875629047292206,,,,,CHEMBL204_Ki
89709943,mondrian_rfstd,cliffA,cliff,56,40,0.7142857142857143,0.5852474928448334,0.8158122485614109,2.0027224161773174,,,,,CHEMBL204_Ki
89709943,mondrian_rfstd,cliffA,noncliff,495,411,0.8303030303030303,0.7947214927249033,0.8607973985337689,1.861250807579951,,,,,CHEMBL204_Ki
89709943,mondrian_rfstd,__bins__,__summary__,-1,-1,,,,1.875629047292206,0.7663551401869159,0.12149532710280375,0.8,0.036363636363636265,CHEMBL204_Ki
86921808,global,cliffB_oracle,all,551,427,0.7749546279491834,0.7382503064321385,0.8078516388767453,1.7649646374891415,,,,,CHEMBL204_Ki
86921808,global,cliffB_oracle,cliff,21,10,0.47619047619047616,0.2834400610153417,0.6763046541715557,1.764964637489142,,,,,CHEMBL204_Ki
86921808,global,cliffB_oracle,noncliff,530,417,0.7867924528301887,0.7499240110155305,0.8195334467689672,1.7649646374891415,,,,,CHEMBL204_Ki
86921808,global,cliffA,all,551,427,0.7749546279491834,0.7382503064321385,0.8078516388767453,1.7649646374891415,,,,,CHEMBL204_Ki
86921808,global,cliffA,cliff,46,22,0.4782608695652174,0.34124689434045685,0.6186258692719597,1.764964637489142,,,,,CHEMBL204_Ki
86921808,global,cliffA,noncliff,505,405,0.801980198019802,0.7650001964813924,0.8344006477557833,1.7649646374891417,,,,,CHEMBL204_Ki
86921808,global,__bins__,__summary__,-1,-1,,,,1.7649646374891415,0.6065573770491803,0.2730722525804493,0.4954954954954955,0.4772317772317773,CHEMBL204_Ki
86921808,mondrian_pair,cliffB_oracle,all,551,435,0.7894736842105263,0.7534880235480848,0.82145098817975,1.7893865043712547,,,,,CHEMBL204_Ki
86921808,mondrian_pair,cliffB_oracle,cliff,21,11,0.5238095238095238,0.3236953458284443,0.7165599389846583,1.871782430502921,,,,,CHEMBL204_Ki
86921808,mondrian_pair,cliffB_oracle,noncliff,530,424,0.8,0.7638412216635995,0.8318412506241315,1.7861217601283017,,,,,CHEMBL204_Ki
86921808,mondrian_pair,cliffA,all,551,435,0.7894736842105263,0.7534880235480848,0.82145098817975,1.7893865043712547,,,,,CHEMBL204_Ki
86921808,mondrian_pair,cliffA,cliff,46,27,0.5869565217391305,0.44339497779846154,0.7171139677518723,1.900528835293053,,,,,CHEMBL204_Ki
86921808,mondrian_pair,cliffA,noncliff,505,408,0.807920792079208,0.7712893278880164,0.8399030083669397,1.779262648485309,,,,,CHEMBL204_Ki
86921808,mondrian_pair,__bins__,__summary__,-1,-1,,,,1.7893865043712547,0.6229508196721312,0.2566788099574985,0.5135135135135135,0.4592137592137593,CHEMBL204_Ki
86921808,mondrian_wstd,cliffB_oracle,all,551,430,0.7803992740471869,0.7439572470996125,0.8129585981163778,1.844113968931118,,,,,CHEMBL204_Ki
86921808,mondrian_wstd,cliffB_oracle,cliff,21,8,0.38095238095238093,0.20751011368564493,0.5912134622488425,1.8551071326346664,,,,,CHEMBL204_Ki
86921808,mondrian_wstd,cliffB_oracle,noncliff,530,422,0.7962264150943397,0.759859230856291,0.8283303801448019,1.8436783907466376,,,,,CHEMBL204_Ki
86921808,mondrian_wstd,cliffA,all,551,430,0.7803992740471869,0.7439572470996125,0.8129585981163778,1.844113968931118,,,,,CHEMBL204_Ki
86921808,mondrian_wstd,cliffA,cliff,46,23,0.5,0.3611893708270325,0.6388106291729675,2.0103906424470006,,,,,CHEMBL204_Ki
86921808,mondrian_wstd,cliffA,noncliff,505,407,0.805940594059406,0.7691915983802997,0.8380702405353961,1.8289679749078886,,,,,CHEMBL204_Ki
86921808,mondrian_wstd,__bins__,__summary__,-1,-1,,,,1.844113968931118,0.719626168224299,0.10280373831775702,0.5945945945945946,0.3508599508599508,CHEMBL204_Ki
86921808,mondrian_std,cliffB_oracle,all,551,434,0.7876588021778584,0.7515799068100971,0.8197544716153687,1.8511275262043572,,,,,CHEMBL204_Ki
86921808,mondrian_std,cliffB_oracle,cliff,21,9,0.42857142857142855,0.2446996892537596,0.6345344563069328,1.9391824409143399,,,,,CHEMBL204_Ki
86921808,mondrian_std,cliffB_oracle,noncliff,530,425,0.8018867924528302,0.7658339571848058,0.8335949457462444,1.84763855788566,,,,,CHEMBL204_Ki
86921808,mondrian_std,cliffA,all,551,434,0.7876588021778584,0.7515799068100971,0.8197544716153687,1.8511275262043572,,,,,CHEMBL204_Ki
86921808,mondrian_std,cliffA,cliff,46,24,0.5217391304347826,0.3813741307280403,0.6587531056595433,2.0573045014214513,,,,,CHEMBL204_Ki
86921808,mondrian_std,cliffA,noncliff,505,410,0.8118811881188119,0.7754889229749148,0.8435644079585617,1.8323470492538896,,,,,CHEMBL204_Ki
86921808,mondrian_std,__bins__,__summary__,-1,-1,,,,1.8511275262043572,0.7102803738317757,0.19626168224299068,0.6216216216216216,0.30565110565110565,CHEMBL204_Ki
86921808,mondrian_iqr,cliffB_oracle,all,551,451,0.8185117967332124,0.7841607434346118,0.848452401131125,1.9411988494370307,,,,,CHEMBL204_Ki
86921808,mondrian_iqr,cliffB_oracle,cliff,21,10,0.47619047619047616,0.2834400610153417,0.6763046541715557,1.7878963664784662,,,,,CHEMBL204_Ki
86921808,mondrian_iqr,cliffB_oracle,noncliff,530,441,0.8320754716981132,0.7978871438794539,0.8614846493447013,1.9472730987618039,,,,,CHEMBL204_Ki
86921808,mondrian_iqr,cliffA,all,551,451,0.8185117967332124,0.7841607434346118,0.848452401131125,1.9411988494370307,,,,,CHEMBL204_Ki
86921808,mondrian_iqr,cliffA,cliff,46,26,0.5652173913043478,0.4224743369429499,0.6979073722198005,1.9248413739936958,,,,,CHEMBL204_Ki
86921808,mondrian_iqr,cliffA,noncliff,505,425,0.8415841584158416,0.8071755208526117,0.870835270169767,1.9426888372991957,,,,,CHEMBL204_Ki
86921808,mondrian_iqr,__bins__,__summary__,-1,-1,,,,1.9411988494370307,0.7622950819672131,0.08955676988463879,0.6576576576576577,0.26961506961506954,CHEMBL204_Ki
86921808,mondrian_nb,cliffB_oracle,all,551,444,0.8058076225045372,0.7707072115782981,0.8366734998708564,1.885461560353416,,,,,CHEMBL204_Ki
86921808,mondrian_nb,cliffB_oracle,cliff,21,10,0.47619047619047616,0.2834400610153417,0.6763046541715557,1.7298303561623523,,,,,CHEMBL204_Ki
86921808,mondrian_nb,cliffB_oracle,noncliff,530,434,0.8188679245283019,0.7838231053155572,0.8493236734053645,1.8916280797647602,,,,,CHEMBL204_Ki
86921808,mondrian_nb,cliffA,all,551,444,0.8058076225045372,0.7707072115782981,0.8366734998708564,1.885461560353416,,,,,CHEMBL204_Ki
86921808,mondrian_nb,cliffA,cliff,46,23,0.5,0.3611893708270325,0.6388106291729675,1.7521698926974498,,,,,CHEMBL204_Ki
86921808,mondrian_nb,cliffA,noncliff,505,421,0.8336633663366336,0.7986911400308105,0.8635976616345276,1.8976029795854445,,,,,CHEMBL204_Ki
86921808,mondrian_nb,__bins__,__summary__,-1,-1,,,,1.885461560353416,0.6557377049180327,0.2701882210078932,0.5855855855855856,0.378050778050778,CHEMBL204_Ki
86921808,mondrian_nnsim,cliffB_oracle,all,551,431,0.7822141560798548,0.7458614587039168,0.8146590198144424,1.7905348904590324,,,,,CHEMBL204_Ki
86921808,mondrian_nnsim,cliffB_oracle,cliff,21,9,0.42857142857142855,0.2446996892537596,0.6345344563069328,1.6228049127744606,,,,,CHEMBL204_Ki
86921808,mondrian_nnsim,cliffB_oracle,noncliff,530,422,0.7962264150943397,0.759859230856291,0.8283303801448019,1.7971807952352135,,,,,CHEMBL204_Ki
86921808,mondrian_nnsim,cliffA,all,551,431,0.7822141560798548,0.7458614587039168,0.8146590198144424,1.7905348904590324,,,,,CHEMBL204_Ki
86921808,mondrian_nnsim,cliffA,cliff,46,21,0.45652173913043476,0.32154733782284584,0.5981981894019872,1.6542694905561752,,,,,CHEMBL204_Ki
86921808,mondrian_nnsim,cliffA,noncliff,505,410,0.8118811881188119,0.7754889229749148,0.8435644079585617,1.8029471843115696,,,,,CHEMBL204_Ki
86921808,mondrian_nnsim,__bins__,__summary__,-1,-1,,,,1.7905348904590324,0.5819672131147541,0.31618093503339406,0.5315315315315315,0.4321048321048321,CHEMBL204_Ki
86921808,mondrian_pairgap,cliffB_oracle,all,551,439,0.7967332123411979,0.7611305760999598,0.8282269688373505,1.8578026462526018,,,,,CHEMBL204_Ki
86921808,mondrian_pairgap,cliffB_oracle,cliff,21,9,0.42857142857142855,0.2446996892537596,0.6345344563069328,1.7951004508063848,,,,,CHEMBL204_Ki
86921808,mondrian_pairgap,cliffB_oracle,noncliff,530,430,0.8113207547169812,0.7758155397792263,0.842345516368419,1.860287072864622,,,,,CHEMBL204_Ki
86921808,mondrian_pairgap,cliffA,all,551,439,0.7967332123411979,0.7611305760999598,0.8282269688373505,1.8578026462526018,,,,,CHEMBL204_Ki
86921808,mondrian_pairgap,cliffA,cliff,46,24,0.5217391304347826,0.3813741307280403,0.6587531056595433,1.8683963380847133,,,,,CHEMBL204_Ki
86921808,mondrian_pairgap,cliffA,noncliff,505,415,0.8217821782178217,0.786012824695615,0.8526929929341621,1.8568376763035386,,,,,CHEMBL204_Ki
86921808,mondrian_pairgap,__bins__,__summary__,-1,-1,,,,1.8578026462526018,0.6557377049180327,0.2424104432301154,0.5315315315315315,0.4321048321048321,CHEMBL204_Ki
86921808,mondrian_rfstd,cliffB_oracle,all,551,443,0.8039927404718693,0.7687897442332806,0.834986333913505,1.8632910650054635,,,,,CHEMBL204_Ki
86921808,mondrian_rfstd,cliffB_oracle,cliff,21,9,0.42857142857142855,0.2446996892537596,0.6345344563069328,1.9428317750637885,,,,,CHEMBL204_Ki
86921808,mondrian_rfstd,cliffB_oracle,noncliff,530,434,0.8188679245283019,0.7838231053155572,0.8493236734053645,1.8601394519654166,,,,,CHEMBL204_Ki
86921808,mondrian_rfstd,cliffA,all,551,443,0.8039927404718693,0.7687897442332806,0.834986333913505,1.8632910650054635,,,,,CHEMBL204_Ki
86921808,mondrian_rfstd,cliffA,cliff,46,24,0.5217391304347826,0.3813741307280403,0.6587531056595433,1.8988354529742955,,,,,CHEMBL204_Ki
86921808,mondrian_rfstd,cliffA,noncliff,505,419,0.8297029702970297,0.7944587787900386,0.8599690281967791,1.8600533583785996,,,,,CHEMBL204_Ki
86921808,mondrian_rfstd,__bins__,__summary__,-1,-1,,,,1.8632910650054635,0.7049180327868853,0.21174863387978138,0.7064220183486238,0.175396163469558,CHEMBL204_Ki
71339737,global,cliffB_oracle,all,520,397,0.7634615384615384,0.7250873738848608,0.7979716459507332,1.6938775886572266,,,,,CHEMBL237_Ki
71339737,global,cliffB_oracle,cliff,23,9,0.391304347826087,0.22157622792477952,0.592144776086183,1.6938775886572264,,,,,CHEMBL237_Ki
71339737,global,cliffB_oracle,noncliff,497,388,0.7806841046277666,0.7422288243656602,0.8148336853094517,1.6938775886572266,,,,,CHEMBL237_Ki
71339737,global,cliffA,all,520,397,0.7634615384615384,0.7250873738848608,0.7979716459507332,1.6938775886572266,,,,,CHEMBL237_Ki
71339737,global,cliffA,cliff,51,26,0.5098039215686274,0.37680923894569696,0.6414251410562926,1.6938775886572268,,,,,CHEMBL237_Ki
71339737,global,cliffA,noncliff,469,371,0.7910447761194029,0.7519588339901313,0.825401706011764,1.6938775886572266,,,,,CHEMBL237_Ki
71339737,global,__bins__,__summary__,-1,-1,,,,1.6938775886572266,0.6929133858267716,0.1540253896834325,0.5961538461538461,0.3173076923076923,CHEMBL237_Ki
71339737,mondrian_pair,cliffB_oracle,all,520,394,0.7576923076923077,0.7190613812973531,0.7925437913885564,1.6814161010536874,,,,,CHEMBL237_Ki
71339737,mondrian_pair,cliffB_oracle,cliff,23,10,0.43478260869565216,0.25634635325674215,0.6318862491498354,1.7957315221245735,,,,,CHEMBL237_Ki
71339737,mondrian_pair,cliffB_oracle,noncliff,497,384,0.772635814889336,0.7337783907525699,0.8073110003655493,1.6761258501791796,,,,,CHEMBL237_Ki
71339737,mondrian_pair,cliffA,all,520,394,0.7576923076923077,0.7190613812973531,0.7925437913885564,1.6814161010536874,,,,,CHEMBL237_Ki
71339737,mondrian_pair,cliffA,cliff,51,27,0.5294117647058824,0.39523304210096466,0.6594700979050041,1.7606565290944727,,,,,CHEMBL237_Ki
71339737,mondrian_pair,cliffA,noncliff,469,367,0.7825159914712153,0.7429664763138951,0.8174750735047945,1.672799338089764,,,,,CHEMBL237_Ki
71339737,mondrian_pair,__bins__,__summary__,-1,-1,,,,1.6814161010536874,0.6850393700787402,0.14149124216615783,0.5961538461538461,0.3173076923076923,CHEMBL237_Ki
71339737,mondrian_wstd,cliffB_oracle,all,520,398,0.7653846153846153,0.7270980665725367,0.7997789023129521,1.7170327758586117,,,,,CHEMBL237_Ki
71339737,mondrian_wstd,cliffB_oracle,cliff,23,10,0.43478260869565216,0.25634635325674215,0.6318862491498354,1.868344152981351,,,,,CHEMBL237_Ki
71339737,mondrian_wstd,cliffB_oracle,noncliff,497,388,0.7806841046277666,0.7422288243656602,0.8148336853094517,1.7100304384867344,,,,,CHEMBL237_Ki
71339737,mondrian_wstd,cliffA,all,520,398,0.7653846153846153,0.7270980665725367,0.7997789023129521,1.7170327758586117,,,,,CHEMBL237_Ki
71339737,mondrian_wstd,cliffA,cliff,51,27,0.5294117647058824,0.39523304210096466,0.6594700979050041,1.7943482659094065,,,,,CHEMBL237_Ki
71339737,mondrian_wstd,cliffA,noncliff,469,371,0.7910447761194029,0.7519588339901313,0.825401706011764,1.7086253345098046,,,,,CHEMBL237_Ki
71339737,mondrian_wstd,__bins__,__summary__,-1,-1,,,,1.7170327758586117,0.6868686868686869,0.13966192537621114,0.625,0.2692307692307693,CHEMBL237_Ki
71339737,mondrian_std,cliffB_oracle,all,520,399,0.7673076923076924,0.7291097876699657,0.8015851302654182,1.6979781202518387,,,,,CHEMBL237_Ki
71339737,mondrian_std,cliffB_oracle,cliff,23,10,0.43478260869565216,0.25634635325674215,0.6318862491498354,1.8515017159030551,,,,,CHEMBL237_Ki
71339737,mondrian_std,cliffB_oracle,noncliff,497,389,0.7826961770623743,0.7443444908156448,0.8167112984987152,1.6908734065697901,,,,,CHEMBL237_Ki
71339737,mondrian_std,cliffA,all,520,399,0.7673076923076924,0.7291097876699657,0.8015851302654182,1.6979781202518387,,,,,CHEMBL237_Ki
71339737,mondrian_std,cliffA,cliff,51,27,0.5294117647058824,0.39523304210096466,0.6594700979050041,1.7804526121212016,,,,,CHEMBL237_Ki
71339737,mondrian_std,cliffA,noncliff,469,372,0.7931769722814499,0.754210639348089,0.8273796481996081,1.6890096787052766,,,,,CHEMBL237_Ki
71339737,mondrian_std,__bins__,__summary__,-1,-1,,,,1.6979781202518387,0.6868686868686869,0.13966192537621114,0.625,0.2692307692307693,CHEMBL237_Ki
71339737,mondrian_iqr,cliffB_oracle,all,520,402,0.7730769230769231,0.7351512101052473,0.806997554979821,1.766336185195617,,,,,CHEMBL237_Ki
71339737,mondrian_iqr,cliffB_oracle,cliff,23,10,0.43478260869565216,0.25634635325674215,0.6318862491498354,1.906735165208598,,,,,CHEMBL237_Ki
71339737,mondrian_iqr,cliffB_oracle,noncliff,497,392,0.7887323943661971,0.7506990240854712,0.8223366041466329,1.7598388480924005,,,,,CHEMBL237_Ki
71339737,mondrian_iqr,cliffA,all,520,402,0.7730769230769231,0.7351512101052473,0.806997554979821,1.766336185195617,,,,,CHEMBL237_Ki
71339737,mondrian_iqr,cliffA,cliff,51,29,0.5686274509803921,0.43265302109302245,0.6949876389209046,1.8976828854785344,,,,,CHEMBL237_Ki
71339737,mondrian_iqr,cliffA,noncliff,469,373,0.7953091684434968,0.756463964315605,0.8293560707778933,1.752053281753338,,,,,CHEMBL237_Ki
71339737,mondrian_iqr,__bins__,__summary__,-1,-1,,,,1.766336185195617,0.7322834645669292,0.08404306604531575,0.6634615384615384,0.22115384615384615,CHEMBL237_Ki
71339737,mondrian_nb,cliffB_oracle,all,520,407,0.7826923076923077,0.7452416732638035,0.815996837070739,1.747549251741476,,,,,CHEMBL237_Ki
71339737,mondrian_nb,cliffB_oracle,cliff,23,9,0.391304347826087,0.22157622792477952,0.592144776086183,1.7139990925789232,,,,,CHEMBL237_Ki
71339737,mondrian_nb,cliffB_oracle,noncliff,497,398,0.8008048289738431,0.763443183868353,0.83355212219924,1.7491018748013123,,,,,CHEMBL237_Ki
71339737,mondrian_nb,cliffA,all,520,407,0.7826923076923077,0.7452416732638035,0.815996837070739,1.747549251741476,,,,,CHEMBL237_Ki
71339737,mondrian_nb,cliffA,cliff,51,26,0.5098039215686274,0.37680923894569696,0.6414251410562926,1.7045529479934196,,,,,CHEMBL237_Ki
71339737,mondrian_nb,cliffA,noncliff,469,381,0.8123667377398721,0.7745474579265255,0.8451105575333844,1.7522247559870003,,,,,CHEMBL237_Ki
71339737,mondrian_nb,__bins__,__summary__,-1,-1,,,,1.747549251741476,0.7244897959183674,0.12244897959183676,0.6538461538461539,0.25,CHEMBL237_Ki
71339737,mondrian_nnsim,cliffB_oracle,all,520,396,0.7615384615384615,0.7230777010191012,0.796163369766598,1.7313841202904567,,,,,CHEMBL237_Ki
71339737,mondrian_nnsim,cliffB_oracle,cliff,23,9,0.391304347826087,0.22157622792477952,0.592144776086183,1.6746272501392043,,,,,CHEMBL237_Ki
71339737,mondrian_nnsim,cliffB_oracle,noncliff,497,387,0.778672032193159,0.740114392942458,0.8129548370934058,1.7340106957702932,,,,,CHEMBL237_Ki
71339737,mondrian_nnsim,cliffA,all,520,396,0.7615384615384615,0.7230777010191012,0.796163369766598,1.7313841202904567,,,,,CHEMBL237_Ki
71339737,mondrian_nnsim,cliffA,cliff,51,26,0.5098039215686274,0.37680923894569696,0.6414251410562926,1.6894676837004592,,,,,CHEMBL237_Ki
71339737,mondrian_nnsim,cliffA,noncliff,469,370,0.7889125799573561,0.7497085313046497,0.8234222611514443,1.7359421976168743,,,,,CHEMBL237_Ki
71339737,mondrian_nnsim,__bins__,__summary__,-1,-1,,,,1.7313841202904567,0.6692913385826772,0.17764743692752694,0.6057692307692307,0.29807692307692313,CHEMBL237_Ki
71339737,mondrian_pairgap,cliffB_oracle,all,520,400,0.7692307692307693,0.7311225459499842,0.8033903210352946,1.7169430286360563,,,,,CHEMBL237_Ki
71339737,mondrian_pairgap,cliffB_oracle,cliff,23,9,0.391304347826087,0.22157622792477952,0.592144776086183,1.7934143006134473,,,,,CHEMBL237_Ki
71339737,mondrian_pairgap,cliffB_oracle,noncliff,497,391,0.7867203219315896,0.7485795780032245,0.8204627705896317,1.713404116653199,,,,,CHEMBL237_Ki
71339737,mondrian_pairgap,cliffA,all,520,400,0.7692307692307693,0.7311225459499842,0.8033903210352946,1.7169430286360563,,,,,CHEMBL237_Ki
71339737,mondrian_pairgap,cliffA,cliff,51,25,0.49019607843137253,0.35857485894370744,0.623190761054303,1.7664580109804977,,,,,CHEMBL237_Ki
71339737,mondrian_pairgap,cliffA,noncliff,469,375,0.7995735607675906,0.7609752430823487,0.8333042871027525,1.7115586702148056,,,,,CHEMBL237_Ki
71339737,mondrian_pairgap,__bins__,__summary__,-1,-1,,,,1.7169430286360563,0.6929133858267716,0.1132090631528202,0.6153846153846154,0.28846153846153844,CHEMBL237_Ki
71339737,mondrian_rfstd,cliffB_oracle,all,520,405,0.7788461538461539,0.7412022157540233,0.8124003964807295,1.7736026478562237,,,,,CHEMBL237_Ki
71339737,mondrian_rfstd,cliffB_oracle,cliff,23,10,0.43478260869565216,0.25634635325674215,0.6318862491498354,1.9251723459184695,,,,,CHEMBL237_Ki
71339737,mondrian_rfstd,cliffB_oracle,noncliff,497,395,0.7947686116700201,0.7570651309020772,0.8279503362477715,1.766588355994188,,,,,CHEMBL237_Ki
71339737,mondrian_rfstd,cliffA,all,520,405,0.7788461538461539,0.7412022157540233,0.8124003964807295,1.7736026478562237,,,,,CHEMBL237_Ki
71339737,mondrian_rfstd,cliffA,cliff,51,26,0.5098039215686274,0.37680923894569696,0.6414251410562926,1.7924116135953454,,,,,CHEMBL237_Ki
71339737,mondrian_rfstd,cliffA,noncliff,469,379,0.8081023454157783,0.7700168328859966,0.8411816874823104,1.771557323223611,,,,,CHEMBL237_Ki
71339737,mondrian_rfstd,__bins__,__summary__,-1,-1,,,,1.7736026478562237,0.7322834645669292,0.09424714767796882,0.6634615384615384,0.22115384615384615,CHEMBL237_Ki
99182118,global,cliffB_oracle,all,520,407,0.7826923076923077,0.7452416732638035,0.815996837070739,1.7216155105806266,,,,,CHEMBL237_Ki
99182118,global,cliffB_oracle,cliff,20,6,0.3,0.1454772448676043,0.5189728183535235,1.7216155105806266,,,,,CHEMBL237_Ki
99182118,global,cliffB_oracle,noncliff,500,401,0.802,0.764826020930416,0.8345688774308065,1.7216155105806266,,,,,CHEMBL237_Ki
99182118,global,cliffA,all,520,407,0.7826923076923077,0.7452416732638035,0.815996837070739,1.7216155105806266,,,,,CHEMBL237_Ki
99182118,global,cliffA,cliff,53,30,0.5660377358490566,0.4326535142760728,0.6904960344024968,1.7216155105806263,,,,,CHEMBL237_Ki
99182118,global,cliffA,noncliff,467,377,0.8072805139186295,0.7690578681245036,0.840489134636983,1.7216155105806263,,,,,CHEMBL237_Ki
99182118,global,__bins__,__summary__,-1,-1,,,,1.7216155105806266,0.71,0.16000000000000003,0.6730769230769231,0.2403846153846153,CHEMBL237_Ki
99182118,mondrian_pair,cliffB_oracle,all,520,407,0.7826923076923077,0.7452416732638035,0.815996837070739,1.7151739491137816,,,,,CHEMBL237_Ki
99182118,mondrian_pair,cliffB_oracle,cliff,20,6,0.3,0.1454772448676043,0.5189728183535235,1.6436748957668244,,,,,CHEMBL237_Ki
99182118,mondrian_pair,cliffB_oracle,noncliff,500,401,0.802,0.764826020930416,0.8345688774308065,1.7180339112476597,,,,,CHEMBL237_Ki
99182118,mondrian_pair,cliffA,all,520,407,0.7826923076923077,0.7452416732638035,0.815996837070739,1.7151739491137816,,,,,CHEMBL237_Ki
99182118,mondrian_pair,cliffA,cliff,53,30,0.5660377358490566,0.4326535142760728,0.6904960344024968,1.652897203721303,,,,,CHEMBL237_Ki
99182118,mondrian_pair,cliffA,noncliff,467,377,0.8072805139186295,0.7690578681245036,0.840489134636983,1.7222417596187094,,,,,CHEMBL237_Ki
99182118,mondrian_pair,__bins__,__summary__,-1,-1,,,,1.7151739491137816,0.69,0.19000000000000006,0.6730769230769231,0.25,CHEMBL237_Ki
99182118,mondrian_wstd,cliffB_oracle,all,520,397,0.7634615384615384,0.7250873738848608,0.7979716459507332,1.718796965782866,,,,,CHEMBL237_Ki
99182118,mondrian_wstd,cliffB_oracle,cliff,20,10,0.5,0.2992980081982123,0.7007019918017877,1.8351662128978004,,,,,CHEMBL237_Ki
99182118,mondrian_wstd,cliffB_oracle,noncliff,500,387,0.774,0.7353316422926235,0.8084902191344461,1.7141421958982688,,,,,CHEMBL237_Ki
99182118,mondrian_wstd,cliffA,all,520,397,0.7634615384615384,0.7250873738848608,0.7979716459507332,1.718796965782866,,,,,CHEMBL237_Ki
99182118,mondrian_wstd,cliffA,cliff,53,35,0.660377358490566,0.5259478663754829,0.7731296089867581,1.8536830690313242,,,,,CHEMBL237_Ki
99182118,mondrian_wstd,cliffA,noncliff,467,362,0.7751605995717344,0.7351400702688857,0.8106912179182293,1.7034886928231907,,,,,CHEMBL237_Ki
99182118,mondrian_wstd,__bins__,__summary__,-1,-1,,,,1.718796965782866,0.67,0.177457627118644,0.6538461538461539,0.2596153846153846,CHEMBL237_Ki
99182118,mondrian_std,cliffB_oracle,all,520,404,0.7769230769230769,0.7391841331217321,0.8106005300631258,1.7453749708013713,,,,,CHEMBL237_Ki
99182118,mondrian_std,cliffB_oracle,cliff,20,10,0.5,0.2992980081982123,0.7007019918017877,1.8630916318146422,,,,,CHEMBL237_Ki
99182118,mondrian_std,cliffB_oracle,noncliff,500,394,0.788,0.7500478841824445,0.8215604957117015,1.7406663043608404,,,,,CHEMBL237_Ki
99182118,mondrian_std,cliffA,all,520,404,0.7769230769230769,0.7391841331217321,0.8106005300631258,1.7453749708013713,,,,,CHEMBL237_Ki
99182118,mondrian_std,cliffA,cliff,53,35,0.660377358490566,0.5259478663754829,0.7731296089867581,1.869511391673413,,,,,CHEMBL237_Ki
99182118,mondrian_std,cliffA,noncliff,467,369,0.7901498929336188,0.7509258356057108,0.824639452716111,1.7312866832077562,,,,,CHEMBL237_Ki
99182118,mondrian_std,__bins__,__summary__,-1,-1,,,,1.7453749708013713,0.71,0.12050847457627123,0.7019230769230769,0.21153846153846156,CHEMBL237_Ki
99182118,mondrian_iqr,cliffB_oracle,all,520,402,0.7730769230769231,0.7351512101052473,0.806997554979821,1.767254517253536,,,,,CHEMBL237_Ki
99182118,mondrian_iqr,cliffB_oracle,cliff,20,9,0.45,0.2581978582556243,0.6579146575496577,1.9165603796804447,,,,,CHEMBL237_Ki
99182118,mondrian_iqr,cliffB_oracle,noncliff,500,393,0.786,0.7479418772435874,0.8196970000124048,1.7612822827564596,,,,,CHEMBL237_Ki
99182118,mondrian_iqr,cliffA,all,520,402,0.7730769230769231,0.7351512101052473,0.806997554979821,1.767254517253536,,,,,CHEMBL237_Ki
99182118,mondrian_iqr,cliffA,cliff,53,35,0.660377358490566,0.5259478663754829,0.7731296089867581,1.90603341202443,,,,,CHEMBL237_Ki
99182118,mondrian_iqr,cliffA,noncliff,467,367,0.7858672376873662,0.7464082991080792,0.8206615606038266,1.7515044499669035,,,,,CHEMBL237_Ki
99182118,mondrian_iqr,__bins__,__summary__,-1,-1,,,,1.767254517253536,0.7524752475247525,0.04950495049504955,0.6923076923076923,0.22115384615384615,CHEMBL237_Ki
99182118,mondrian_nb,cliffB_oracle,all,520,403,0.775,0.7371671344985167,0.8087995796364464,1.7549185008061852,,,,,CHEMBL237_Ki
99182118,mondrian_nb,cliffB_oracle,cliff,20,6,0.3,0.1454772448676043,0.5189728183535235,1.5547422672804854,,,,,CHEMBL237_Ki
99182118,mondrian_nb,cliffB_oracle,noncliff,500,397,0.794,0.7563735290819746,0.8271433587266328,1.762925550147213,,,,,CHEMBL237_Ki
99182118,mondrian_nb,cliffA,all,520,403,0.775,0.7371671344985167,0.8087995796364464,1.7549185008061852,,,,,CHEMBL237_Ki
99182118,mondrian_nb,cliffA,cliff,53,29,0.5471698113207547,0.414539754871058,0.6734242084707774,1.5985022046010184,,,,,CHEMBL237_Ki
99182118,mondrian_nb,cliffA,noncliff,467,374,0.8008565310492506,0.7622464360821551,0.8345574237644572,1.7726702432020607,,,,,CHEMBL237_Ki
99182118,mondrian_nb,__bins__,__summary__,-1,-1,,,,1.7549185008061852,0.67,0.21999999999999997,0.6923076923076923,0.21153846153846156,CHEMBL237_Ki
99182118,mondrian_nnsim,cliffB_oracle,all,520,407,0.7826923076923077,0.7452416732638035,0.815996837070739,1.7726981543244034,,,,,CHEMBL237_Ki
99182118,mondrian_nnsim,cliffB_oracle,cliff,20,6,0.3,0.1454772448676043,0.5189728183535235,1.6885251991961947,,,,,CHEMBL237_Ki
99182118,mondrian_nnsim,cliffB_oracle,noncliff,500,401,0.802,0.764826020930416,0.8345688774308065,1.7760650725295317,,,,,CHEMBL237_Ki
99182118,mondrian_nnsim,cliffA,all,520,407,0.7826923076923077,0.7452416732638035,0.815996837070739,1.7726981543244034,,,,,CHEMBL237_Ki
99182118,mondrian_nnsim,cliffA,cliff,53,30,0.5660377358490566,0.4326535142760728,0.6904960344024968,1.6924438402391062,,,,,CHEMBL237_Ki
99182118,mondrian_nnsim,cliffA,noncliff,467,377,0.8072805139186295,0.7690578681245036,0.840489134636983,1.7818062456445762,,,,,CHEMBL237_Ki
99182118,mondrian_nnsim,__bins__,__summary__,-1,-1,,,,1.7726981543244034,0.67,0.20999999999999996,0.6826923076923077,0.24038461538461542,CHEMBL237_Ki
99182118,mondrian_pairgap,cliffB_oracle,all,520,402,0.7730769230769231,0.7351512101052473,0.806997554979821,1.7549007342716345,,,,,CHEMBL237_Ki
99182118,mondrian_pairgap,cliffB_oracle,cliff,20,6,0.3,0.1454772448676043,0.5189728183535235,1.6298012265575692,,,,,CHEMBL237_Ki
99182118,mondrian_pairgap,cliffB_oracle,noncliff,500,396,0.792,0.7542636968800828,0.8252836882903708,1.759904714580197,,,,,CHEMBL237_Ki
99182118,mondrian_pairgap,cliffA,all,520,402,0.7730769230769231,0.7351512101052473,0.806997554979821,1.7549007342716345,,,,,CHEMBL237_Ki
99182118,mondrian_pairgap,cliffA,cliff,53,29,0.5471698113207547,0.414539754871058,0.6734242084707774,1.65266940891582,,,,,CHEMBL237_Ki
99182118,mondrian_pairgap,cliffA,noncliff,467,373,0.7987152034261242,0.7599791874652272,0.8325769580764272,1.7665030046010952,,,,,CHEMBL237_Ki
99182118,mondrian_pairgap,__bins__,__summary__,-1,-1,,,,1.7549007342716345,0.67,0.18999999999999995,0.6923076923076923,0.22115384615384615,CHEMBL237_Ki
99182118,mondrian_rfstd,cliffB_oracle,all,520,416,0.8,0.7634756990892065,0.8321243526943897,1.8188613937918674,,,,,CHEMBL237_Ki
99182118,mondrian_rfstd,cliffB_oracle,cliff,20,9,0.45,0.2581978582556243,0.6579146575496577,1.9583782876956306,,,,,CHEMBL237_Ki
99182118,mondrian_rfstd,cliffB_oracle,noncliff,500,407,0.814,0.7775459059402153,0.8456660082499298,1.8132807180357167,,,,,CHEMBL237_Ki
99182118,mondrian_rfstd,cliffA,all,520,416,0.8,0.7634756990892065,0.8321243526943897,1.8188613937918674,,,,,CHEMBL237_Ki
99182118,mondrian_rfstd,cliffA,cliff,53,32,0.6037735849056604,0.46941478673205517,0.7241059326199831,1.8590644304077182,,,,,CHEMBL237_Ki
99182118,mondrian_rfstd,cliffA,noncliff,467,384,0.8222698072805139,0.7850103871927703,0.854270615703423,1.814298736531396,,,,,CHEMBL237_Ki
99182118,mondrian_rfstd,__bins__,__summary__,-1,-1,,,,1.8188613937918674,0.73,0.12,0.7307692307692307,0.125,CHEMBL237_Ki
89709943,global,cliffB_oracle,all,520,413,0.7942307692307692,0.7573871500084091,0.8267590546255026,1.7998896919712166,,,,,CHEMBL237_Ki
89709943,global,cliffB_oracle,cliff,25,11,0.44,0.26665638881067344,0.6293266813020123,1.7998896919712166,,,,,CHEMBL237_Ki
89709943,global,cliffB_oracle,noncliff,495,402,0.8121212121212121,0.7753554244750933,0.844079858090441,1.7998896919712166,,,,,CHEMBL237_Ki
89709943,global,cliffA,all,520,413,0.7942307692307692,0.7573871500084091,0.8267590546255026,1.7998896919712166,,,,,CHEMBL237_Ki
89709943,global,cliffA,cliff,68,47,0.6911764705882353,0.5736318830649045,0.7882761353244803,1.7998896919712166,,,,,CHEMBL237_Ki
89709943,global,cliffA,noncliff,452,366,0.8097345132743363,0.7709975627928455,0.8432510856832872,1.7998896919712164,,,,,CHEMBL237_Ki
89709943,global,__bins__,__summary__,-1,-1,,,,1.7998896919712166,0.6875,0.26147959183673475,0.6153846153846154,0.27884615384615385,CHEMBL237_Ki
89709943,mondrian_pair,cliffB_oracle,all,520,408,0.7846153846153846,0.747263068820624,0.8177933905638134,1.771020091709715,,,,,CHEMBL237_Ki
89709943,mondrian_pair,cliffB_oracle,cliff,25,11,0.44,0.26665638881067344,0.6293266813020123,1.8205308548925268,,,,,CHEMBL237_Ki
89709943,mondrian_pair,cliffB_oracle,noncliff,495,397,0.802020202020202,0.764649226624222,0.8347396066673467,1.7685195481146234,,,,,CHEMBL237_Ki
89709943,mondrian_pair,cliffA,all,520,408,0.7846153846153846,0.747263068820624,0.8177933905638134,1.771020091709715,,,,,CHEMBL237_Ki
89709943,mondrian_pair,cliffA,cliff,68,47,0.6911764705882353,0.5736318830649045,0.7882761353244803,1.8206121020424102,,,,,CHEMBL237_Ki
89709943,mondrian_pair,cliffA,noncliff,452,361,0.7986725663716814,0.7592586977910342,0.8330524989538078,1.763559346792407,,,,,CHEMBL237_Ki
89709943,mondrian_pair,__bins__,__summary__,-1,-1,,,,1.771020091709715,0.6875,0.23086734693877553,0.6057692307692307,0.28846153846153855,CHEMBL237_Ki
89709943,mondrian_wstd,cliffB_oracle,all,520,402,0.7730769230769231,0.7351512101052473,0.806997554979821,1.7407892625936103,,,,,CHEMBL237_Ki
89709943,mondrian_wstd,cliffB_oracle,cliff,25,10,0.4,0.23403302377747973,0.5926054264103301,1.8166716601378605,,,,,CHEMBL237_Ki
89709943,mondrian_wstd,cliffB_oracle,noncliff,495,392,0.7919191919191919,0.7539779234417683,0.825364460575835,1.7369568182731936,,,,,CHEMBL237_Ki
89709943,mondrian_wstd,cliffA,all,520,402,0.7730769230769231,0.7351512101052473,0.806997554979821,1.7407892625936103,,,,,CHEMBL237_Ki
89709943,mondrian_wstd,cliffA,cliff,68,45,0.6617647058823529,0.543372393866649,0.7628574678474458,1.8331884908287226,,,,,CHEMBL237_Ki
89709943,mondrian_wstd,cliffA,noncliff,452,357,0.7898230088495575,0.7498986279586106,0.8248626074011991,1.72688849374408,,,,,CHEMBL237_Ki
89709943,mondrian_wstd,__bins__,__summary__,-1,-1,,,,1.7407892625936103,0.7142857142857143,0.18367346938775508,0.6153846153846154,0.2403846153846153,CHEMBL237_Ki
89709943,mondrian_std,cliffB_oracle,all,520,398,0.7653846153846153,0.7270980665725367,0.7997789023129521,1.7507858561230034,,,,,CHEMBL237_Ki
89709943,mondrian_std,cliffB_oracle,cliff,25,10,0.4,0.23403302377747973,0.5926054264103301,1.873277550928143,,,,,CHEMBL237_Ki
89709943,mondrian_std,cliffB_oracle,noncliff,495,388,0.7838383838383839,0.7454647418067322,0.8178404827916987,1.7445994068904207,,,,,CHEMBL237_Ki
89709943,mondrian_std,cliffA,all,520,398,0.7653846153846153,0.7270980665725367,0.7997789023129521,1.7507858561230034,,,,,CHEMBL237_Ki
89709943,mondrian_std,cliffA,cliff,68,45,0.6617647058823529,0.543372393866649,0.7628574678474458,1.8654261121969329,,,,,CHEMBL237_Ki
89709943,mondrian_std,cliffA,noncliff,452,353,0.7809734513274337,0.7405647509048874,0.81664652306989,1.73353909193489,,,,,CHEMBL237_Ki
89709943,mondrian_std,__bins__,__summary__,-1,-1,,,,1.7507858561230034,0.7142857142857143,0.18367346938775508,0.5961538461538461,0.2692307692307693,CHEMBL237_Ki
89709943,mondrian_iqr,cliffB_oracle,all,520,419,0.8057692307692308,0.7695752344405394,0.8374786644927413,1.8422557234827497,,,,,CHEMBL237_Ki
89709943,mondrian_iqr,cliffB_oracle,cliff,25,12,0.48,0.30031285954112974,0.6650148304964322,1.9428491224533253,,,,,CHEMBL237_Ki
89709943,mondrian_iqr,cliffB_oracle,noncliff,495,407,0.8222222222222222,0.7860986421248091,0.8533830897146906,1.8371752487872661,,,,,CHEMBL237_Ki
89709943,mondrian_iqr,cliffA,all,520,419,0.8057692307692308,0.7695752344405394,0.8374786644927413,1.8422557234827497,,,,,CHEMBL237_Ki
89709943,mondrian_iqr,cliffA,cliff,68,49,0.7205882352941176,0.604365654302676,0.8132205207619988,1.9213597590123337,,,,,CHEMBL237_Ki
89709943,mondrian_iqr,cliffA,noncliff,452,370,0.8185840707964602,0.7804214278029159,0.8513771820582491,1.83035511636768,,,,,CHEMBL237_Ki
89709943,mondrian_iqr,__bins__,__summary__,-1,-1,,,,1.8422557234827497,0.7421875,0.13536352040816324,0.6634615384615384,0.24038461538461542,CHEMBL237_Ki
89709943,mondrian_nb,cliffB_oracle,all,520,413,0.7942307692307692,0.7573871500084091,0.8267590546255026,1.812903707552903,,,,,CHEMBL237_Ki
89709943,mondrian_nb,cliffB_oracle,cliff,25,12,0.48,0.30031285954112974,0.6650148304964322,1.8272600337068818,,,,,CHEMBL237_Ki
89709943,mondrian_nb,cliffB_oracle,noncliff,495,401,0.8101010101010101,0.7732112953876173,0.8422146973231237,1.8121786405754297,,,,,CHEMBL237_Ki
89709943,mondrian_nb,cliffA,all,520,413,0.7942307692307692,0.7573871500084091,0.8267590546255026,1.812903707552903,,,,,CHEMBL237_Ki
89709943,mondrian_nb,cliffA,cliff,68,48,0.7058823529411765,0.5889372027651877,0.8008098939618421,1.8015056753001264,,,,,CHEMBL237_Ki
89709943,mondrian_nb,cliffA,noncliff,452,365,0.8075221238938053,0.768646227464303,0.8412149306655715,1.8146184557679226,,,,,CHEMBL237_Ki
89709943,mondrian_nb,__bins__,__summary__,-1,-1,,,,1.812903707552903,0.6953125,0.22305484693877553,0.6153846153846154,0.28846153846153844,CHEMBL237_Ki
89709943,mondrian_nnsim,cliffB_oracle,all,520,413,0.7942307692307692,0.7573871500084091,0.8267590546255026,1.8150864073787125,,,,,CHEMBL237_Ki
89709943,mondrian_nnsim,cliffB_oracle,cliff,25,11,0.44,0.26665638881067344,0.6293266813020123,1.7998906720088268,,,,,CHEMBL237_Ki
89709943,mondrian_nnsim,cliffB_oracle,noncliff,495,402,0.8121212121212121,0.7753554244750933,0.844079858090441,1.8158538687610302,,,,,CHEMBL237_Ki
89709943,mondrian_nnsim,cliffA,all,520,413,0.7942307692307692,0.7573871500084091,0.8267590546255026,1.8150864073787125,,,,,CHEMBL237_Ki
89709943,mondrian_nnsim,cliffA,cliff,68,47,0.6911764705882353,0.5736318830649045,0.7882761353244803,1.8074889651953223,,,,,CHEMBL237_Ki
89709943,mondrian_nnsim,cliffA,noncliff,452,366,0.8097345132743363,0.7709975627928455,0.8432510856832872,1.8162293854063023,,,,,CHEMBL237_Ki
89709943,mondrian_nnsim,__bins__,__summary__,-1,-1,,,,1.8150864073787125,0.6875,0.26147959183673475,0.6057692307692307,0.28846153846153855,CHEMBL237_Ki
89709943,mondrian_pairgap,cliffB_oracle,all,520,414,0.7961538461538461,0.7594154671717542,0.828548686512052,1.7827343935843416,,,,,CHEMBL237_Ki
89709943,mondrian_pairgap,cliffB_oracle,cliff,25,10,0.4,0.23403302377747973,0.5926054264103301,1.7575718392689748,,,,,CHEMBL237_Ki
89709943,mondrian_pairgap,cliffB_oracle,noncliff,495,404,0.8161616161616162,0.7796481404636945,0.847805721811426,1.7840052296608748,,,,,CHEMBL237_Ki
89709943,mondrian_pairgap,cliffA,all,520,414,0.7961538461538461,0.7594154671717542,0.828548686512052,1.7827343935843416,,,,,CHEMBL237_Ki
89709943,mondrian_pairgap,cliffA,cliff,68,45,0.6617647058823529,0.543372393866649,0.7628574678474458,1.7952797857894962,,,,,CHEMBL237_Ki
89709943,mondrian_pairgap,cliffA,noncliff,452,369,0.8163716814159292,0.7780626327008224,0.8493484868140844,1.7808470336950701,,,,,CHEMBL237_Ki
89709943,mondrian_pairgap,__bins__,__summary__,-1,-1,,,,1.7827343935843416,0.703125,0.2254464285714286,0.6057692307692307,0.27884615384615385,CHEMBL237_Ki
89709943,mondrian_rfstd,cliffB_oracle,all,520,409,0.7865384615384615,0.7492855897588685,0.8195888186754637,1.727147571049296,,,,,CHEMBL237_Ki
89709943,mondrian_rfstd,cliffB_oracle,cliff,25,12,0.48,0.30031285954112974,0.6650148304964322,1.7403026234672223,,,,,CHEMBL237_Ki
89709943,mondrian_rfstd,cliffB_oracle,noncliff,495,397,0.802020202020202,0.764649226624222,0.8347396066673467,1.7264831744625324,,,,,CHEMBL237_Ki
89709943,mondrian_rfstd,cliffA,all,520,409,0.7865384615384615,0.7492855897588685,0.8195888186754637,1.727147571049296,,,,,CHEMBL237_Ki
89709943,mondrian_rfstd,cliffA,cliff,68,46,0.6764705882352942,0.5584449810050397,0.7756239590467001,1.7237462863372224,,,,,CHEMBL237_Ki
89709943,mondrian_rfstd,cliffA,noncliff,452,363,0.8030973451327433,0.7639489454119206,0.8371372320254375,1.7276592687493426,,,,,CHEMBL237_Ki
89709943,mondrian_rfstd,__bins__,__summary__,-1,-1,,,,1.727147571049296,0.7265625,0.15098852040816324,0.7115384615384616,0.15384615384615385,CHEMBL237_Ki
86921808,global,cliffB_oracle,all,520,425,0.8173076923076923,0.7818087557034579,0.8481528375291918,1.8170680594784585,,,,,CHEMBL237_Ki
86921808,global,cliffB_oracle,cliff,17,9,0.5294117647058824,0.30963235060004424,0.7383489355759056,1.8170680594784585,,,,,CHEMBL237_Ki
86921808,global,cliffB_oracle,noncliff,503,416,0.827037773359841,0.7915390593618565,0.857579110184709,1.8170680594784583,,,,,CHEMBL237_Ki
86921808,global,cliffA,all,520,425,0.8173076923076923,0.7818087557034579,0.8481528375291918,1.8170680594784585,,,,,CHEMBL237_Ki
86921808,global,cliffA,cliff,53,38,0.7169811320754716,0.5842971358358297,0.8203370955366142,1.8170680594784585,,,,,CHEMBL237_Ki
86921808,global,cliffA,noncliff,467,387,0.828693790149893,0.7918740405912486,0.860150105219819,1.8170680594784583,,,,,CHEMBL237_Ki
86921808,global,__bins__,__summary__,-1,-1,,,,1.8170680594784585,0.712,0.18698989898989904,0.6826923076923077,0.23076923076923073,CHEMBL237_Ki
86921808,mondrian_pair,cliffB_oracle,all,520,422,0.8115384615384615,0.7756861219127852,0.8428216241701801,1.8151395000390484,,,,,CHEMBL237_Ki
86921808,mondrian_pair,cliffB_oracle,cliff,17,10,0.5882352941176471,0.3600544264299978,0.7838894320978518,1.8719173202781896,,,,,CHEMBL237_Ki
86921808,mondrian_pair,cliffB_oracle,noncliff,503,412,0.8190854870775348,0.7830669202367221,0.8502672208710212,1.813220567744684,,,,,CHEMBL237_Ki
86921808,mondrian_pair,cliffA,all,520,422,0.8115384615384615,0.7756861219127852,0.8428216241701801,1.8151395000390484,,,,,CHEMBL237_Ki
86921808,mondrian_pair,cliffA,cliff,53,39,0.7358490566037735,0.6041933558938148,0.8356264608153632,1.84847903408027,,,,,CHEMBL237_Ki
86921808,mondrian_pair,cliffA,noncliff,467,383,0.8201284796573876,0.7827261822614711,0.852307106329764,1.8113557841842634,,,,,CHEMBL237_Ki
86921808,mondrian_pair,__bins__,__summary__,-1,-1,,,,1.8151395000390484,0.712,0.17688888888888887,0.6634615384615384,0.23076923076923084,CHEMBL237_Ki
86921808,mondrian_wstd,cliffB_oracle,all,520,425,0.8173076923076923,0.7818087557034579,0.8481528375291918,1.7830864468513525,,,,,CHEMBL237_Ki
86921808,mondrian_wstd,cliffB_oracle,cliff,17,11,0.6470588235294118,0.41300363485218694,0.8269027960275627,1.960077302821728,,,,,CHEMBL237_Ki
86921808,mondrian_wstd,cliffB_oracle,noncliff,503,414,0.8230616302186878,0.7872999420148951,0.8539262133122593,1.7771046485382385,,,,,CHEMBL237_Ki
86921808,mondrian_wstd,cliffA,all,520,425,0.8173076923076923,0.7818087557034579,0.8481528375291918,1.7830864468513525,,,,,CHEMBL237_Ki
86921808,mondrian_wstd,cliffA,cliff,53,41,0.7735849056603774,0.6447372974853895,0.8654536898972573,1.8766819707964115,,,,,CHEMBL237_Ki
86921808,mondrian_wstd,cliffA,noncliff,467,384,0.8222698072805139,0.7850103871927703,0.854270615703423,1.7724642567676525,,,,,CHEMBL237_Ki
86921808,mondrian_wstd,__bins__,__summary__,-1,-1,,,,1.7830864468513525,0.7878787878787878,0.09090909090909094,0.7211538461538461,0.17307692307692313,CHEMBL237_Ki
86921808,mondrian_std,cliffB_oracle,all,520,426,0.8192307692307692,0.7838523165175866,0.8499272257649579,1.8155979750634075,,,,,CHEMBL237_Ki
86921808,mondrian_std,cliffB_oracle,cliff,17,11,0.6470588235294118,0.41300363485218694,0.8269027960275627,1.9632156768422941,,,,,CHEMBL237_Ki
86921808,mondrian_std,cliffB_oracle,noncliff,503,415,0.8250497017892644,0.789418728720711,0.8557534337161491,1.8106089076076597,,,,,CHEMBL237_Ki
86921808,mondrian_std,cliffA,all,520,426,0.8192307692307692,0.7838523165175866,0.8499272257649579,1.8155979750634075,,,,,CHEMBL237_Ki
86921808,mondrian_std,cliffA,cliff,53,41,0.7735849056603774,0.6447372974853895,0.8654536898972573,1.9113748194764983,,,,,CHEMBL237_Ki
86921808,mondrian_std,cliffA,noncliff,467,385,0.8244111349036403,0.7872964145284895,0.8562323026726617,1.8047282261257334,,,,,CHEMBL237_Ki
86921808,mondrian_std,__bins__,__summary__,-1,-1,,,,1.8155979750634075,0.7857142857142857,0.09307359307359309,0.7211538461538461,0.17307692307692313,CHEMBL237_Ki
86921808,mondrian_iqr,cliffB_oracle,all,520,435,0.8365384615384616,0.8023081034438624,0.865832980287736,1.890775365407745,,,,,CHEMBL237_Ki
86921808,mondrian_iqr,cliffB_oracle,cliff,17,10,0.5882352941176471,0.3600544264299978,0.7838894320978518,1.8542988800223827,,,,,CHEMBL237_Ki
86921808,mondrian_iqr,cliffB_oracle,noncliff,503,425,0.8449304174950298,0.8106951473958601,0.8739370861380555,1.8920081690887613,,,,,CHEMBL237_Ki
86921808,mondrian_iqr,cliffA,all,520,435,0.8365384615384616,0.8023081034438624,0.865832980287736,1.890775365407745,,,,,CHEMBL237_Ki
86921808,mondrian_iqr,cliffA,cliff,53,40,0.7547169811320755,0.6243344231264808,0.8506709789194319,1.8740818882835266,,,,,CHEMBL237_Ki
86921808,mondrian_iqr,cliffA,noncliff,467,395,0.8458244111349036,0.8102630279491715,0.8757428323015607,1.8926699142034273,,,,,CHEMBL237_Ki
86921808,mondrian_iqr,__bins__,__summary__,-1,-1,,,,1.890775365407745,0.808,0.06068686868686868,0.7692307692307693,0.13461538461538458,CHEMBL237_Ki
86921808,mondrian_nb,cliffB_oracle,all,520,426,0.8192307692307692,0.7838523165175866,0.8499272257649579,1.821496508569925,,,,,CHEMBL237_Ki
86921808,mondrian_nb,cliffB_oracle,cliff,17,9,0.5294117647058824,0.30963235060004424,0.7383489355759056,1.7607664349443444,,,,,CHEMBL237_Ki
86921808,mondrian_nb,cliffB_oracle,noncliff,503,417,0.8290258449304175,0.7936609546978919,0.8594032219583794,1.823549016028444,,,,,CHEMBL237_Ki
86921808,mondrian_nb,cliffA,all,520,426,0.8192307692307692,0.7838523165175866,0.8499272257649579,1.821496508569925,,,,,CHEMBL237_Ki
86921808,mondrian_nb,cliffA,cliff,53,39,0.7358490566037735,0.6041933558938148,0.8356264608153632,1.828535268594359,,,,,CHEMBL237_Ki
86921808,mondrian_nb,cliffA,noncliff,467,387,0.828693790149893,0.7918740405912486,0.860150105219819,1.8206976771324626,,,,,CHEMBL237_Ki
86921808,mondrian_nb,__bins__,__summary__,-1,-1,,,,1.821496508569925,0.744,0.14488888888888884,0.7211538461538461,0.16346153846153844,CHEMBL237_Ki
86921808,mondrian_nnsim,cliffB_oracle,all,520,434,0.8346153846153846,0.8002515694568341,0.8640715652248695,1.8965265867397438,,,,,CHEMBL237_Ki
86921808,mondrian_nnsim,cliffB_oracle,cliff,17,9,0.5294117647058824,0.30963235060004424,0.7383489355759056,1.871720080617791,,,,,CHEMBL237_Ki
86921808,mondrian_nnsim,cliffB_oracle,noncliff,503,425,0.8449304174950298,0.8106951473958601,0.8739370861380555,1.8973649776027126,,,,,CHEMBL237_Ki
86921808,mondrian_nnsim,cliffA,all,520,434,0.8346153846153846,0.8002515694568341,0.8640715652248695,1.8965265867397438,,,,,CHEMBL237_Ki
86921808,mondrian_nnsim,cliffA,cliff,53,38,0.7169811320754716,0.5842971358358297,0.8203370955366142,1.84762371547398,,,,,CHEMBL237_Ki
86921808,mondrian_nnsim,cliffA,noncliff,467,396,0.8479657387580299,0.8125710006266618,0.8776825739290286,1.9020765914015971,,,,,CHEMBL237_Ki
86921808,mondrian_nnsim,__bins__,__summary__,-1,-1,,,,1.8965265867397438,0.736,0.1427878787878788,0.7115384615384616,0.21153846153846156,CHEMBL237_Ki
86921808,mondrian_pairgap,cliffB_oracle,all,520,426,0.8192307692307692,0.7838523165175866,0.8499272257649579,1.8402014452331368,,,,,CHEMBL237_Ki
86921808,mondrian_pairgap,cliffB_oracle,cliff,17,10,0.5882352941176471,0.3600544264299978,0.7838894320978518,1.9791864263091714,,,,,CHEMBL237_Ki
86921808,mondrian_pairgap,cliffB_oracle,noncliff,503,416,0.827037773359841,0.7915390593618565,0.857579110184709,1.8355041397096923,,,,,CHEMBL237_Ki
86921808,mondrian_pairgap,cliffA,all,520,426,0.8192307692307692,0.7838523165175866,0.8499272257649579,1.8402014452331368,,,,,CHEMBL237_Ki
86921808,mondrian_pairgap,cliffA,cliff,53,39,0.7358490566037735,0.6041933558938148,0.8356264608153632,1.8708858559497503,,,,,CHEMBL237_Ki
86921808,mondrian_pairgap,cliffA,noncliff,467,387,0.828693790149893,0.7918740405912486,0.860150105219819,1.8367190602909942,,,,,CHEMBL237_Ki
86921808,mondrian_pairgap,__bins__,__summary__,-1,-1,,,,1.8402014452331368,0.744,0.1347878787878788,0.7115384615384616,0.20192307692307687,CHEMBL237_Ki
86921808,mondrian_rfstd,cliffB_oracle,all,520,431,0.8288461538461539,0.7940909995235182,0.8587782880085008,1.8030852050825739,,,,,CHEMBL237_Ki
86921808,mondrian_rfstd,cliffB_oracle,cliff,17,9,0.5294117647058824,0.30963235060004424,0.7383489355759056,2.0379424691592276,,,,,CHEMBL237_Ki
86921808,mondrian_rfstd,cliffB_oracle,noncliff,503,422,0.8389662027833003,0.8042946717942314,0.8684995404105678,1.7951476832350526,,,,,CHEMBL237_Ki
86921808,mondrian_rfstd,cliffA,all,520,431,0.8288461538461539,0.7940909995235182,0.8587782880085008,1.8030852050825739,,,,,CHEMBL237_Ki
86921808,mondrian_rfstd,cliffA,cliff,53,36,0.6792452830188679,0.545185201490326,0.7890778592086491,1.8584574769569613,,,,,CHEMBL237_Ki
86921808,mondrian_rfstd,cliffA,noncliff,467,395,0.8458244111349036,0.8102630279491715,0.8757428323015607,1.7968009857906198,,,,,CHEMBL237_Ki
86921808,mondrian_rfstd,__bins__,__summary__,-1,-1,,,,1.8030852050825739,0.768,0.10068686868686871,0.7692307692307693,0.09615384615384615,CHEMBL237_Ki
71339737,global,cliffB_oracle,all,573,464,0.8097731239092496,0.7756152676749055,0.8398051300298104,1.6137348048074216,,,,,CHEMBL264_Ki
71339737,global,cliffB_oracle,cliff,16,8,0.5,0.27999563610326017,0.7200043638967398,1.6137348048074216,,,,,CHEMBL264_Ki
71339737,global,cliffB_oracle,noncliff,557,456,0.8186714542190305,0.7845269420434261,0.8484505142710091,1.6137348048074216,,,,,CHEMBL264_Ki
71339737,global,cliffA,all,573,464,0.8097731239092496,0.7756152676749055,0.8398051300298104,1.6137348048074216,,,,,CHEMBL264_Ki
71339737,global,cliffA,cliff,39,25,0.6410256410256411,0.4841814855954854,0.7725791454100714,1.6137348048074216,,,,,CHEMBL264_Ki
71339737,global,cliffA,noncliff,534,439,0.8220973782771536,0.7873948907094991,0.8521987931881251,1.6137348048074216,,,,,CHEMBL264_Ki
71339737,global,__bins__,__summary__,-1,-1,,,,1.6137348048074216,0.7518796992481203,0.1572112098427888,0.6347826086956522,0.31304347826086953,CHEMBL264_Ki
71339737,mondrian_pair,cliffB_oracle,all,573,471,0.8219895287958116,0.7885557944144471,0.8511347034814406,1.6457817869036782,,,,,CHEMBL264_Ki
71339737,mondrian_pair,cliffB_oracle,cliff,16,8,0.5,0.27999563610326017,0.7200043638967398,1.7030530115670572,,,,,CHEMBL264_Ki
71339737,mondrian_pair,cliffB_oracle,noncliff,557,463,0.8312387791741472,0.7978895118405104,0.8600504357088604,1.6441366529815702,,,,,CHEMBL264_Ki
71339737,mondrian_pair,cliffA,all,573,471,0.8219895287958116,0.7885557944144471,0.8511347034814406,1.6457817869036782,,,,,CHEMBL264_Ki
71339737,mondrian_pair,cliffA,cliff,39,26,0.6666666666666666,0.5097739439934599,0.7936704381040163,1.7148379759181727,,,,,CHEMBL264_Ki
71339737,mondrian_pair,cliffA,noncliff,534,445,0.8333333333333334,0.7993667422640229,0.8625383492114254,1.6407383573689118,,,,,CHEMBL264_Ki
71339737,mondrian_pair,__bins__,__summary__,-1,-1,,,,1.6457817869036782,0.7669172932330827,0.15126452494873555,0.6347826086956522,0.33043478260869563,CHEMBL264_Ki
71339737,mondrian_wstd,cliffB_oracle,all,573,458,0.7993019197207679,0.7645631292065769,0.8300543254771344,1.6528003474248494,,,,,CHEMBL264_Ki
71339737,mondrian_wstd,cliffB_oracle,cliff,16,8,0.5,0.27999563610326017,0.7200043638967398,1.6577506374248334,,,,,CHEMBL264_Ki
71339737,mondrian_wstd,cliffB_oracle,noncliff,557,450,0.8078994614003591,0.7731183741569194,0.8384626610989996,1.6526581487893022,,,,,CHEMBL264_Ki
71339737,mondrian_wstd,cliffA,all,573,458,0.7993019197207679,0.7645631292065769,0.8300543254771344,1.6528003474248494,,,,,CHEMBL264_Ki
71339737,mondrian_wstd,cliffA,cliff,39,25,0.6410256410256411,0.4841814855954854,0.7725791454100714,1.6201050469152352,,,,,CHEMBL264_Ki
71339737,mondrian_wstd,cliffA,noncliff,534,433,0.8108614232209738,0.7754700756442415,0.8418122006755583,1.6551882064508325,,,,,CHEMBL264_Ki
71339737,mondrian_wstd,__bins__,__summary__,-1,-1,,,,1.6528003474248494,0.7387387387387387,0.1259229153965996,0.6608695652173913,0.26956521739130435,CHEMBL264_Ki
71339737,mondrian_std,cliffB_oracle,all,573,465,0.8115183246073299,0.7774607823613596,0.8414267725135237,1.6636787750588866,,,,,CHEMBL264_Ki
71339737,mondrian_std,cliffB_oracle,cliff,16,9,0.5625,0.331785563988119,0.7690134759450765,1.610516371254041,,,,,CHEMBL264_Ki
71339737,mondrian_std,cliffB_oracle,noncliff,557,456,0.8186714542190305,0.7845269420434261,0.8484505142710091,1.6652058818109108,,,,,CHEMBL264_Ki
71339737,mondrian_std,cliffA,all,573,465,0.8115183246073299,0.7774607823613596,0.8414267725135237,1.6636787750588866,,,,,CHEMBL264_Ki
71339737,mondrian_std,cliffA,cliff,39,26,0.6666666666666666,0.5097739439934599,0.7936704381040163,1.6075137742317447,,,,,CHEMBL264_Ki
71339737,mondrian_std,cliffA,noncliff,534,439,0.8220973782771536,0.7873948907094991,0.8521987931881251,1.667780713321543,,,,,CHEMBL264_Ki
71339737,mondrian_std,__bins__,__summary__,-1,-1,,,,1.6636787750588866,0.7477477477477478,0.10939510939510932,0.6608695652173913,0.26956521739130435,CHEMBL264_Ki
71339737,mondrian_iqr,cliffB_oracle,all,573,472,0.8237347294938918,0.7904087254814113,0.8527489295846439,1.656213405559739,,,,,CHEMBL264_Ki
71339737,mondrian_iqr,cliffB_oracle,cliff,16,8,0.5,0.27999563610326017,0.7200043638967398,1.6696616151149706,,,,,CHEMBL264_Ki
71339737,mondrian_iqr,cliffB_oracle,noncliff,557,464,0.8330341113105925,0.7998033324719843,0.8617026852538058,1.6558271015150647,,,,,CHEMBL264_Ki
71339737,mondrian_iqr,cliffA,all,573,472,0.8237347294938918,0.7904087254814113,0.8527489295846439,1.656213405559739,,,,,CHEMBL264_Ki
71339737,mondrian_iqr,cliffA,cliff,39,26,0.6666666666666666,0.5097739439934599,0.7936704381040163,1.6934663237102614,,,,,CHEMBL264_Ki
71339737,mondrian_iqr,cliffA,noncliff,534,446,0.8352059925093633,0.8013668779238672,0.8642567814812183,1.6534926868184088,,,,,CHEMBL264_Ki
71339737,mondrian_iqr,__bins__,__summary__,-1,-1,,,,1.656213405559739,0.7657657657657657,0.09787059787059793,0.6695652173913044,0.23478260869565215,CHEMBL264_Ki
71339737,mondrian_nb,cliffB_oracle,all,573,465,0.8115183246073299,0.7774607823613596,0.8414267725135237,1.6848799308189062,,,,,CHEMBL264_Ki
71339737,mondrian_nb,cliffB_oracle,cliff,16,5,0.3125,0.14164643854782039,0.5559564416525933,1.4191126213688272,,,,,CHEMBL264_Ki
71339737,mondrian_nb,cliffB_oracle,noncliff,557,460,0.8258527827648114,0.7921554917089008,0.8550862453112117,1.692514180282463,,,,,CHEMBL264_Ki
71339737,mondrian_nb,cliffA,all,573,465,0.8115183246073299,0.7774607823613596,0.8414267725135237,1.6848799308189062,,,,,CHEMBL264_Ki
71339737,mondrian_nb,cliffA,cliff,39,24,0.6153846153846154,0.45899061456925083,0.7510862653443866,1.5393306840441794,,,,,CHEMBL264_Ki
71339737,mondrian_nb,cliffA,noncliff,534,441,0.8258426966292135,0.7913801088898353,0.8556507108670635,1.6955099319878466,,,,,CHEMBL264_Ki
71339737,mondrian_nb,__bins__,__summary__,-1,-1,,,,1.6848799308189062,0.7339449541284404,0.16605504587155961,0.7217391304347827,0.16521739130434776,CHEMBL264_Ki
71339737,mondrian_nnsim,cliffB_oracle,all,573,465,0.8115183246073299,0.7774607823613596,0.8414267725135237,1.683946178507851,,,,,CHEMBL264_Ki
71339737,mondrian_nnsim,cliffB_oracle,cliff,16,11,0.6875,0.44404355834740666,0.8583535614521796,1.8383197840055807,,,,,CHEMBL264_Ki
71339737,mondrian_nnsim,cliffB_oracle,noncliff,557,454,0.8150807899461401,0.7807196212306025,0.8451256947309942,1.6795117481883473,,,,,CHEMBL264_Ki
71339737,mondrian_nnsim,cliffA,all,573,465,0.8115183246073299,0.7774607823613596,0.8414267725135237,1.683946178507851,,,,,CHEMBL264_Ki
71339737,mondrian_nnsim,cliffA,cliff,39,30,0.7692307692307693,0.6166374277165825,0.8735419587485715,1.73860151483287,,,,,CHEMBL264_Ki
71339737,mondrian_nnsim,cliffA,noncliff,534,435,0.8146067415730337,0.7794399953752971,0.8452794168037776,1.6799544966414173,,,,,CHEMBL264_Ki
71339737,mondrian_nnsim,__bins__,__summary__,-1,-1,,,,1.683946178507851,0.7368421052631579,0.15406698564593302,0.6521739130434783,0.27826086956521734,CHEMBL264_Ki
71339737,mondrian_pairgap,cliffB_oracle,all,573,469,0.8184991273996509,0.7848532050354311,0.8479029785201218,1.644303555579472,,,,,CHEMBL264_Ki
71339737,mondrian_pairgap,cliffB_oracle,cliff,16,7,0.4375,0.23098652405492354,0.6682144360118811,1.677328436309201,,,,,CHEMBL264_Ki
71339737,mondrian_pairgap,cliffB_oracle,noncliff,557,462,0.829443447037702,0.7959769417745193,0.8583969355984322,1.6433549055046506,,,,,CHEMBL264_Ki
71339737,mondrian_pairgap,cliffA,all,573,469,0.8184991273996509,0.7848532050354311,0.8479029785201218,1.644303555579472,,,,,CHEMBL264_Ki
71339737,mondrian_pairgap,cliffA,cliff,39,25,0.6410256410256411,0.4841814855954854,0.7725791454100714,1.6960014096601828,,,,,CHEMBL264_Ki
71339737,mondrian_pairgap,cliffA,noncliff,534,444,0.8314606741573034,0.797368015782309,0.8608185077635019,1.6405278696072854,,,,,CHEMBL264_Ki
71339737,mondrian_pairgap,__bins__,__summary__,-1,-1,,,,1.644303555579472,0.7614678899082569,0.1476230191826522,0.6260869565217392,0.33043478260869563,CHEMBL264_Ki
71339737,mondrian_rfstd,cliffB_oracle,all,573,455,0.794066317626527,0.7590500878362827,0.8251658953369263,1.631338890341098,,,,,CHEMBL264_Ki
71339737,mondrian_rfstd,cliffB_oracle,cliff,16,6,0.375,0.18481232558863633,0.6135895945449727,1.4609045782948096,,,,,CHEMBL264_Ki
71339737,mondrian_rfstd,cliffB_oracle,noncliff,557,449,0.8061041292639138,0.7712207828825071,0.8367941821969926,1.6362346695022119,,,,,CHEMBL264_Ki
71339737,mondrian_rfstd,cliffA,all,573,455,0.794066317626527,0.7590500878362827,0.8251658953369263,1.631338890341098,,,,,CHEMBL264_Ki
71339737,mondrian_rfstd,cliffA,cliff,39,20,0.5128205128205128,0.36199362884457964,0.6613482467013799,1.3997615674749788,,,,,CHEMBL264_Ki
71339737,mondrian_rfstd,cliffA,noncliff,534,435,0.8146067415730337,0.7794399953752971,0.8452794168037776,1.6482518408874995,,,,,CHEMBL264_Ki
71339737,mondrian_rfstd,__bins__,__summary__,-1,-1,,,,1.631338890341098,0.7706422018348624,0.047539616346955804,0.7105263157894737,0.14164759725400455,CHEMBL264_Ki
99182118,global,cliffB_oracle,all,573,439,0.7661431064572426,0.729783101486514,0.7989583669640165,1.575999805448868,,,,,CHEMBL264_Ki
99182118,global,cliffB_oracle,cliff,16,10,0.625,0.38641040545502714,0.8151876744113636,1.5759998054488678,,,,,CHEMBL264_Ki
99182118,global,cliffB_oracle,noncliff,557,429,0.770197486535009,0.7334794173236024,0.8032141442275101,1.575999805448868,,,,,CHEMBL264_Ki
99182118,global,cliffA,all,573,439,0.7661431064572426,0.729783101486514,0.7989583669640165,1.575999805448868,,,,,CHEMBL264_Ki
99182118,global,cliffA,cliff,38,25,0.6578947368421053,0.4989210355178308,0.7878758482004058,1.5759998054488678,,,,,CHEMBL264_Ki
99182118,global,cliffA,noncliff,535,414,0.7738317757009345,0.7365027702554594,0.8072564286771142,1.575999805448868,,,,,CHEMBL264_Ki
99182118,global,__bins__,__summary__,-1,-1,,,,1.575999805448868,0.65625,0.2086148648648649,0.5739130434782609,0.3652173913043478,CHEMBL264_Ki
99182118,mondrian_pair,cliffB_oracle,all,573,445,0.7766143106457243,0.7407323987819444,0.8088120126895907,1.603387190455627,,,,,CHEMBL264_Ki
99182118,mondrian_pair,cliffB_oracle,cliff,16,11,0.6875,0.44404355834740666,0.8583535614521796,1.5364472847776467,,,,,CHEMBL264_Ki
99182118,mondrian_pair,cliffB_oracle,noncliff,557,434,0.7791741472172352,0.7428790222331887,0.8116448902000208,1.6053100602776156,,,,,CHEMBL264_Ki
99182118,mondrian_pair,cliffA,all,573,445,0.7766143106457243,0.7407323987819444,0.8088120126895907,1.603387190455627,,,,,CHEMBL264_Ki
99182118,mondrian_pair,cliffA,cliff,38,24,0.631578947368421,0.47283959557009003,0.7661578075284404,1.4982371908508834,,,,,CHEMBL264_Ki
99182118,mondrian_pair,cliffA,noncliff,535,421,0.7869158878504673,0.7502353719971742,0.8195054951437819,1.6108557885583938,,,,,CHEMBL264_Ki
99182118,mondrian_pair,__bins__,__summary__,-1,-1,,,,1.603387190455627,0.6640625,0.20981137387387383,0.5652173913043478,0.37391304347826093,CHEMBL264_Ki
99182118,mondrian_wstd,cliffB_oracle,all,573,457,0.7975567190226877,0.7627245055265545,0.8284257919869896,1.646120394780211,,,,,CHEMBL264_Ki
99182118,mondrian_wstd,cliffB_oracle,cliff,16,13,0.8125,0.5699111903802586,0.9340840092857187,1.7020946064717641,,,,,CHEMBL264_Ki
99182118,mondrian_wstd,cliffB_oracle,noncliff,557,444,0.7971274685816876,0.7617485900073251,0.8284360241900779,1.6445125179632187,,,,,CHEMBL264_Ki
99182118,mondrian_wstd,cliffA,all,573,457,0.7975567190226877,0.7627245055265545,0.8284257919869896,1.646120394780211,,,,,CHEMBL264_Ki
99182118,mondrian_wstd,cliffA,cliff,38,30,0.7894736842105263,0.636542205246726,0.8892520815700411,1.6834148596092677,,,,,CHEMBL264_Ki
99182118,mondrian_wstd,cliffA,noncliff,535,427,0.7981308411214953,0.7620474462416439,0.8299634222207827,1.6434714421381473,,,,,CHEMBL264_Ki
99182118,mondrian_wstd,__bins__,__summary__,-1,-1,,,,1.646120394780211,0.78125,0.03856981981981977,0.6434782608695652,0.28695652173913044,CHEMBL264_Ki
99182118,mondrian_std,cliffB_oracle,all,573,456,0.7958115183246073,0.7608868280493699,0.8267963122940065,1.6459808372849611,,,,,CHEMBL264_Ki
99182118,mondrian_std,cliffB_oracle,cliff,16,13,0.8125,0.5699111903802586,0.9340840092857187,1.7005135940389837,,,,,CHEMBL264_Ki
99182118,mondrian_std,cliffB_oracle,noncliff,557,443,0.7953321364452424,0.7598572306367589,0.8267613133842248,1.64441436671393,,,,,CHEMBL264_Ki
99182118,mondrian_std,cliffA,all,573,456,0.7958115183246073,0.7608868280493699,0.8267963122940065,1.6459808372849611,,,,,CHEMBL264_Ki
99182118,mondrian_std,cliffA,cliff,38,30,0.7894736842105263,0.636542205246726,0.8892520815700411,1.6638772595839952,,,,,CHEMBL264_Ki
99182118,mondrian_std,cliffA,noncliff,535,426,0.7962616822429907,0.7600760183390685,0.8282231832364464,1.64470968953288,,,,,CHEMBL264_Ki
99182118,mondrian_std,__bins__,__summary__,-1,-1,,,,1.6459808372849611,0.78125,0.03856981981981977,0.6347826086956522,0.29565217391304344,CHEMBL264_Ki
99182118,mondrian_iqr,cliffB_oracle,all,573,441,0.7696335078534031,0.733429555764349,0.8022462270265164,1.6061271585569825,,,,,CHEMBL264_Ki
99182118,mondrian_iqr,cliffB_oracle,cliff,16,12,0.75,0.5050168346449122,0.8981793250878696,1.6196269549294393,,,,,CHEMBL264_Ki
99182118,mondrian_iqr,cliffB_oracle,noncliff,557,429,0.770197486535009,0.7334794173236024,0.8032141442275101,1.6057393726647753,,,,,CHEMBL264_Ki
99182118,mondrian_iqr,cliffA,all,573,441,0.7696335078534031,0.733429555764349,0.8022462270265164,1.6061271585569825,,,,,CHEMBL264_Ki
99182118,mondrian_iqr,cliffA,cliff,38,27,0.7105263157894737,0.5524286232424794,0.8299672217151693,1.6136156127968726,,,,,CHEMBL264_Ki
99182118,mondrian_iqr,cliffA,noncliff,535,414,0.7738317757009345,0.7365027702554594,0.8072564286771142,1.6055952683492893,,,,,CHEMBL264_Ki
99182118,mondrian_iqr,__bins__,__summary__,-1,-1,,,,1.6061271585569825,0.734375,0.0944538288288288,0.6434782608695652,0.25217391304347836,CHEMBL264_Ki
99182118,mondrian_nb,cliffB_oracle,all,573,434,0.7574171029668412,0.7206810465460486,0.7907246360536447,1.5758936102883683,,,,,CHEMBL264_Ki
99182118,mondrian_nb,cliffB_oracle,cliff,16,11,0.6875,0.44404355834740666,0.8583535614521796,1.491681476878378,,,,,CHEMBL264_Ki
99182118,mondrian_nb,cliffB_oracle,noncliff,557,423,0.7594254937163375,0.7222290533762189,0.7930680871163777,1.5783126302786015,,,,,CHEMBL264_Ki
99182118,mondrian_nb,cliffA,all,573,434,0.7574171029668412,0.7206810465460486,0.7907246360536447,1.5758936102883683,,,,,CHEMBL264_Ki
99182118,mondrian_nb,cliffA,cliff,38,26,0.6842105263157895,0.5254424010939046,0.8091539632440382,1.5358690534635089,,,,,CHEMBL264_Ki
99182118,mondrian_nb,cliffA,noncliff,535,408,0.7626168224299066,0.724770931492238,0.7967182661188651,1.5787364760067695,,,,,CHEMBL264_Ki
99182118,mondrian_nb,__bins__,__summary__,-1,-1,,,,1.5758936102883683,0.671875,0.18398085585585588,0.6173913043478261,0.27826086956521745,CHEMBL264_Ki
99182118,mondrian_nnsim,cliffB_oracle,all,573,438,0.7643979057591623,0.7279610935264288,0.7973132177539343,1.581463215083106,,,,,CHEMBL264_Ki
99182118,mondrian_nnsim,cliffB_oracle,cliff,16,13,0.8125,0.5699111903802586,0.9340840092857187,1.8502122553716482,,,,,CHEMBL264_Ki
99182118,mondrian_nnsim,cliffB_oracle,noncliff,557,425,0.7630161579892281,0.7259757243858797,0.7964535564595557,1.5737433144644046,,,,,CHEMBL264_Ki
99182118,mondrian_nnsim,cliffA,all,573,438,0.7643979057591623,0.7279610935264288,0.7973132177539343,1.581463215083106,,,,,CHEMBL264_Ki
99182118,mondrian_nnsim,cliffA,cliff,38,27,0.7105263157894737,0.5524286232424794,0.8299672217151693,1.7634996916264196,,,,,CHEMBL264_Ki
99182118,mondrian_nnsim,cliffA,noncliff,535,411,0.7682242990654206,0.7306324836589747,0.8019917146128636,1.5685335214220857,,,,,CHEMBL264_Ki
99182118,mondrian_nnsim,__bins__,__summary__,-1,-1,,,,1.581463215083106,0.6796875,0.1491413288288288,0.5826086956521739,0.34782608695652173,CHEMBL264_Ki
99182118,mondrian_pairgap,cliffB_oracle,all,573,434,0.7574171029668412,0.7206810465460486,0.7907246360536447,1.5901014745386066,,,,,CHEMBL264_Ki
99182118,mondrian_pairgap,cliffB_oracle,cliff,16,10,0.625,0.38641040545502714,0.8151876744113636,1.4219873710153554,,,,,CHEMBL264_Ki
99182118,mondrian_pairgap,cliffB_oracle,noncliff,557,424,0.7612208258527827,0.724101963170327,0.7947612474986888,1.5949306049809262,,,,,CHEMBL264_Ki
99182118,mondrian_pairgap,cliffA,all,573,434,0.7574171029668412,0.7206810465460486,0.7907246360536447,1.5901014745386066,,,,,CHEMBL264_Ki
99182118,mondrian_pairgap,cliffA,cliff,38,23,0.6052631578947368,0.4471786799604255,0.744019242518399,1.4223660941174696,,,,,CHEMBL264_Ki
99182118,mondrian_pairgap,cliffA,noncliff,535,411,0.7682242990654206,0.7306324836589747,0.8019917146128636,1.6020153894096407,,,,,CHEMBL264_Ki
99182118,mondrian_pairgap,__bins__,__summary__,-1,-1,,,,1.5901014745386066,0.6484375,0.22543637387387383,0.5739130434782609,0.3565217391304347,CHEMBL264_Ki
99182118,mondrian_rfstd,cliffB_oracle,all,573,453,0.7905759162303665,0.7553793843980989,0.8219022844347754,1.5927719586938347,,,,,CHEMBL264_Ki
99182118,mondrian_rfstd,cliffB_oracle,cliff,16,11,0.6875,0.44404355834740666,0.8583535614521796,1.5301321540662816,,,,,CHEMBL264_Ki
99182118,mondrian_rfstd,cliffB_oracle,noncliff,557,442,0.7935368043087971,0.7579668742565051,0.8250855995880593,1.5945713067621305,,,,,CHEMBL264_Ki
99182118,mondrian_rfstd,cliffA,all,573,453,0.7905759162303665,0.7553793843980989,0.8219022844347754,1.5927719586938347,,,,,CHEMBL264_Ki
99182118,mondrian_rfstd,cliffA,cliff,38,26,0.6842105263157895,0.5254424010939046,0.8091539632440382,1.4980314382353825,,,,,CHEMBL264_Ki
99182118,mondrian_rfstd,cliffA,noncliff,535,427,0.7981308411214953,0.7620474462416439,0.8299634222207827,1.5995011919226594,,,,,CHEMBL264_Ki
99182118,mondrian_rfstd,__bins__,__summary__,-1,-1,,,,1.5927719586938347,0.7321428571428571,0.10569498069498073,0.7391304347826086,0.10297482837528604,CHEMBL264_Ki
89709943,global,cliffB_oracle,all,573,444,0.774869109947644,0.7389054295733384,0.8071718247280293,1.4996467592242446,,,,,CHEMBL264_Ki
89709943,global,cliffB_oracle,cliff,12,8,0.6666666666666666,0.39062208887279953,0.8618799089087867,1.4996467592242446,,,,,CHEMBL264_Ki
89709943,global,cliffB_oracle,noncliff,561,436,0.7771836007130125,0.7409288923015627,0.8096680852101843,1.4996467592242446,,,,,CHEMBL264_Ki
89709943,global,cliffA,all,573,444,0.774869109947644,0.7389054295733384,0.8071718247280293,1.4996467592242446,,,,,CHEMBL264_Ki
89709943,global,cliffA,cliff,37,25,0.6756756756756757,0.514636672419722,0.8036673347185581,1.499646759224245,,,,,CHEMBL264_Ki
89709943,global,cliffA,noncliff,536,419,0.7817164179104478,0.744808360391713,0.8146151426858967,1.4996467592242448,,,,,CHEMBL264_Ki
89709943,global,__bins__,__summary__,-1,-1,,,,1.4996467592242446,0.6617647058823529,0.191446303291959,0.5565217391304348,0.3652173913043478,CHEMBL264_Ki
89709943,mondrian_pair,cliffB_oracle,all,573,447,0.7801047120418848,0.7443888956776201,0.8120898301342496,1.5098993851871727,,,,,CHEMBL264_Ki
89709943,mondrian_pair,cliffB_oracle,cliff,12,8,0.6666666666666666,0.39062208887279953,0.8618799089087867,1.453065733538452,,,,,CHEMBL264_Ki
89709943,mondrian_pair,cliffB_oracle,noncliff,561,439,0.7825311942959001,0.7465355079647454,0.814683919273916,1.5111150782705678,,,,,CHEMBL264_Ki
89709943,mondrian_pair,cliffA,all,573,447,0.7801047120418848,0.7443888956776201,0.8120898301342496,1.5098993851871727,,,,,CHEMBL264_Ki
89709943,mondrian_pair,cliffA,cliff,37,26,0.7027027027027027,0.5421686408886435,0.8251052135016799,1.4751768283047757,,,,,CHEMBL264_Ki
89709943,mondrian_pair,cliffA,noncliff,536,421,0.7854477611940298,0.7487280058964991,0.8181050800033307,1.5122962781062934,,,,,CHEMBL264_Ki
89709943,mondrian_pair,__bins__,__summary__,-1,-1,,,,1.5098993851871727,0.6691176470588235,0.193267674042094,0.5826086956521739,0.33913043478260874,CHEMBL264_Ki
89709943,mondrian_wstd,cliffB_oracle,all,573,454,0.7923211169284468,0.7572142761397679,0.8235345498632737,1.5390420435624148,,,,,CHEMBL264_Ki
89709943,mondrian_wstd,cliffB_oracle,cliff,12,10,0.8333333333333334,0.5519691377470266,0.9530348578161463,1.5753534043311461,,,,,CHEMBL264_Ki
89709943,mondrian_wstd,cliffB_oracle,noncliff,561,444,0.7914438502673797,0.7558984287111814,0.8230250814056714,1.5382653299630835,,,,,CHEMBL264_Ki
89709943,mondrian_wstd,cliffA,all,573,454,0.7923211169284468,0.7572142761397679,0.8235345498632737,1.5390420435624148,,,,,CHEMBL264_Ki
89709943,mondrian_wstd,cliffA,cliff,37,25,0.6756756756756757,0.514636672419722,0.8036673347185581,1.4634922344963641,,,,,CHEMBL264_Ki
89709943,mondrian_wstd,cliffA,noncliff,536,429,0.8003731343283582,0.7644493388976596,0.8320220782910503,1.5442572356061532,,,,,CHEMBL264_Ki
89709943,mondrian_wstd,__bins__,__summary__,-1,-1,,,,1.5390420435624148,0.6972477064220184,0.22018348623853212,0.6260869565217392,0.25217391304347825,CHEMBL264_Ki
89709943,mondrian_std,cliffB_oracle,all,573,458,0.7993019197207679,0.7645631292065769,0.8300543254771344,1.5791247546831906,,,,,CHEMBL264_Ki
89709943,mondrian_std,cliffB_oracle,cliff,12,10,0.8333333333333334,0.5519691377470266,0.9530348578161463,1.5873139697557956,,,,,CHEMBL264_Ki
89709943,mondrian_std,cliffB_oracle,noncliff,561,448,0.7985739750445633,0.7634060899899526,0.8296806864294533,1.5789495843073063,,,,,CHEMBL264_Ki
89709943,mondrian_std,cliffA,all,573,458,0.7993019197207679,0.7645631292065769,0.8300543254771344,1.5791247546831906,,,,,CHEMBL264_Ki
89709943,mondrian_std,cliffA,cliff,37,25,0.6756756756756757,0.514636672419722,0.8036673347185581,1.482729399080491,,,,,CHEMBL264_Ki
89709943,mondrian_std,cliffA,noncliff,536,433,0.8078358208955224,0.7723368775443931,0.8389537052887568,1.5857789116930787,,,,,CHEMBL264_Ki
89709943,mondrian_std,__bins__,__summary__,-1,-1,,,,1.5791247546831906,0.7339449541284404,0.15596330275229353,0.6260869565217392,0.26086956521739124,CHEMBL264_Ki
89709943,mondrian_iqr,cliffB_oracle,all,573,449,0.7835951134380453,0.7480488519612841,0.8153641881909205,1.497588554350478,,,,,CHEMBL264_Ki
89709943,mondrian_iqr,cliffB_oracle,cliff,12,9,0.75,0.46769466506643426,0.9110583316059453,1.5629506939399942,,,,,CHEMBL264_Ki
89709943,mondrian_iqr,cliffB_oracle,noncliff,561,440,0.7843137254901961,0.7484062140090657,0.8163540298052341,1.4961904337175473,,,,,CHEMBL264_Ki
89709943,mondrian_iqr,cliffA,all,573,449,0.7835951134380453,0.7480488519612841,0.8153641881909205,1.497588554350478,,,,,CHEMBL264_Ki
89709943,mondrian_iqr,cliffA,cliff,37,27,0.7297297297297297,0.5702183167528573,0.8460253848895091,1.5974337118186965,,,,,CHEMBL264_Ki
89709943,mondrian_iqr,cliffA,noncliff,536,422,0.7873134328358209,0.750689395993456,0.819848481317484,1.4906962580327097,,,,,CHEMBL264_Ki
89709943,mondrian_iqr,__bins__,__summary__,-1,-1,,,,1.497588554350478,0.7205882352941176,0.13262277388019428,0.6347826086956522,0.26086956521739135,CHEMBL264_Ki
89709943,mondrian_nb,cliffB_oracle,all,573,452,0.7888307155322862,0.7535454042301273,0.8202691074325796,1.5466930887082466,,,,,CHEMBL264_Ki
89709943,mondrian_nb,cliffB_oracle,cliff,12,7,0.5833333333333334,0.31951131254954973,0.8067396863412435,1.4268349056685983,,,,,CHEMBL264_Ki
89709943,mondrian_nb,cliffB_oracle,noncliff,561,445,0.7932263814616756,0.7577738732311302,0.8246904534613607,1.5492569001101644,,,,,CHEMBL264_Ki
89709943,mondrian_nb,cliffA,all,573,452,0.7888307155322862,0.7535454042301273,0.8202691074325796,1.5466930887082466,,,,,CHEMBL264_Ki
89709943,mondrian_nb,cliffA,cliff,37,26,0.7027027027027027,0.5421686408886435,0.8251052135016799,1.551322685713749,,,,,CHEMBL264_Ki
89709943,mondrian_nb,cliffA,noncliff,536,426,0.7947761194029851,0.7585456400259285,0.8268114029294513,1.5463735083179415,,,,,CHEMBL264_Ki
89709943,mondrian_nb,__bins__,__summary__,-1,-1,,,,1.5466930887082466,0.6911764705882353,0.20790609821910422,0.6347826086956522,0.26956521739130435,CHEMBL264_Ki
89709943,mondrian_nnsim,cliffB_oracle,all,573,447,0.7801047120418848,0.7443888956776201,0.8120898301342496,1.470849244115733,,,,,CHEMBL264_Ki
89709943,mondrian_nnsim,cliffB_oracle,cliff,12,9,0.75,0.46769466506643426,0.9110583316059453,1.6366522907205059,,,,,CHEMBL264_Ki
89709943,mondrian_nnsim,cliffB_oracle,noncliff,561,438,0.7807486631016043,0.7446657243203528,0.8130128863426705,1.4673026548835453,,,,,CHEMBL264_Ki
89709943,mondrian_nnsim,cliffA,all,573,447,0.7801047120418848,0.7443888956776201,0.8120898301342496,1.470849244115733,,,,,CHEMBL264_Ki
89709943,mondrian_nnsim,cliffA,cliff,37,28,0.7567567567567568,0.5988270787855735,0.8663864701088361,1.5890229252198693,,,,,CHEMBL264_Ki
89709943,mondrian_nnsim,cliffA,noncliff,536,419,0.7817164179104478,0.744808360391713,0.8146151426858967,1.4626917325469773,,,,,CHEMBL264_Ki
89709943,mondrian_nnsim,__bins__,__summary__,-1,-1,,,,1.470849244115733,0.6911764705882353,0.18038316243928765,0.6173913043478261,0.27826086956521745,CHEMBL264_Ki
89709943,mondrian_pairgap,cliffB_oracle,all,573,450,0.7853403141361257,0.7498801459635934,0.8170000513587786,1.51738886514873,,,,,CHEMBL264_Ki
89709943,mondrian_pairgap,cliffB_oracle,cliff,12,8,0.6666666666666666,0.39062208887279953,0.8618799089087867,1.4375166347147843,,,,,CHEMBL264_Ki
89709943,mondrian_pairgap,cliffB_oracle,noncliff,561,442,0.7878787878787878,0.7521504262471707,0.8196914507184055,1.5190973620564079,,,,,CHEMBL264_Ki
89709943,mondrian_pairgap,cliffA,all,573,450,0.7853403141361257,0.7498801459635934,0.8170000513587786,1.51738886514873,,,,,CHEMBL264_Ki
89709943,mondrian_pairgap,cliffA,cliff,37,26,0.7027027027027027,0.5421686408886435,0.8251052135016799,1.4692638724478986,,,,,CHEMBL264_Ki
89709943,mondrian_pairgap,cliffA,noncliff,536,424,0.7910447761194029,0.7546153605970299,0.8233320995361298,1.5207109262120333,,,,,CHEMBL264_Ki
89709943,mondrian_pairgap,__bins__,__summary__,-1,-1,,,,1.51738886514873,0.6691176470588235,0.20244198596869944,0.591304347826087,0.3391304347826086,CHEMBL264_Ki
89709943,mondrian_rfstd,cliffB_oracle,all,573,437,0.7626527050610821,0.7261398900632018,0.7956672640469941,1.49987444300266,,,,,CHEMBL264_Ki
89709943,mondrian_rfstd,cliffB_oracle,cliff,12,7,0.5833333333333334,0.31951131254954973,0.8067396863412435,1.4573511764556402,,,,,CHEMBL264_Ki
89709943,mondrian_rfstd,cliffB_oracle,noncliff,561,430,0.7664884135472371,0.7297397323461788,0.7996123457117384,1.500784031591901,,,,,CHEMBL264_Ki
89709943,mondrian_rfstd,cliffA,all,573,437,0.7626527050610821,0.7261398900632018,0.7956672640469941,1.49987444300266,,,,,CHEMBL264_Ki
89709943,mondrian_rfstd,cliffA,cliff,37,26,0.7027027027027027,0.5421686408886435,0.8251052135016799,1.4991515103845479,,,,,CHEMBL264_Ki
89709943,mondrian_rfstd,cliffA,noncliff,536,411,0.7667910447761194,0.7291702151271835,0.8006149566615464,1.4999243469333878,,,,,CHEMBL264_Ki
89709943,mondrian_rfstd,__bins__,__summary__,-1,-1,,,,1.49987444300266,0.6985294117647058,0.12715866162978962,0.6695652173913044,0.16521739130434776,CHEMBL264_Ki
86921808,global,cliffB_oracle,all,573,468,0.8167539267015707,0.7830035223716697,0.8462855040137157,1.678267422242216,,,,,CHEMBL264_Ki
86921808,global,cliffB_oracle,cliff,18,8,0.4444444444444444,0.24559518127005633,0.6628358435795723,1.678267422242216,,,,,CHEMBL264_Ki
86921808,global,cliffB_oracle,noncliff,555,460,0.8288288288288288,0.7952582444787339,0.8578786948783572,1.678267422242216,,,,,CHEMBL264_Ki
86921808,global,cliffA,all,573,468,0.8167539267015707,0.7830035223716697,0.8462855040137157,1.678267422242216,,,,,CHEMBL264_Ki
86921808,global,cliffA,cliff,36,21,0.5833333333333334,0.4220025157487166,0.7285943794855394,1.678267422242216,,,,,CHEMBL264_Ki
86921808,global,cliffA,noncliff,537,447,0.8324022346368715,0.7984743653826053,0.8616081674513959,1.6782674222422163,,,,,CHEMBL264_Ki
86921808,global,__bins__,__summary__,-1,-1,,,,1.678267422242216,0.696,0.23257142857142865,0.6260869565217392,0.3217391304347825,CHEMBL264_Ki
86921808,mondrian_pair,cliffB_oracle,all,573,469,0.8184991273996509,0.7848532050354311,0.8479029785201218,1.6924400921561489,,,,,CHEMBL264_Ki
86921808,mondrian_pair,cliffB_oracle,cliff,18,8,0.4444444444444444,0.24559518127005633,0.6628358435795723,1.5931392508482707,,,,,CHEMBL264_Ki
86921808,mondrian_pair,cliffB_oracle,noncliff,555,461,0.8306306306306306,0.7971774659358561,0.8595383059656574,1.6956606599823505,,,,,CHEMBL264_Ki
86921808,mondrian_pair,cliffA,all,573,469,0.8184991273996509,0.7848532050354311,0.8479029785201218,1.6924400921561489,,,,,CHEMBL264_Ki
86921808,mondrian_pair,cliffA,cliff,36,21,0.5833333333333334,0.4220025157487166,0.7285943794855394,1.6135552472850894,,,,,CHEMBL264_Ki
86921808,mondrian_pair,cliffA,noncliff,537,448,0.8342644320297952,0.80046231856797,0.8633181556264458,1.6977284616447117,,,,,CHEMBL264_Ki
86921808,mondrian_pair,__bins__,__summary__,-1,-1,,,,1.6924400921561489,0.68,0.25749999999999995,0.6173913043478261,0.33043478260869563,CHEMBL264_Ki
86921808,mondrian_wstd,cliffB_oracle,all,573,477,0.8324607329842932,0.7996902594224536,0.8608031814944387,1.6783460662156588,,,,,CHEMBL264_Ki
86921808,mondrian_wstd,cliffB_oracle,cliff,18,10,0.5555555555555556,0.33716415642042774,0.7544048187299437,1.9241715866254314,,,,,CHEMBL264_Ki
86921808,mondrian_wstd,cliffB_oracle,noncliff,555,467,0.8414414414414414,0.8087197544785053,0.8694690126895427,1.6703733466348014,,,,,CHEMBL264_Ki
86921808,mondrian_wstd,cliffA,all,573,477,0.8324607329842932,0.7996902594224536,0.8608031814944387,1.6783460662156588,,,,,CHEMBL264_Ki
86921808,mondrian_wstd,cliffA,cliff,36,24,0.6666666666666666,0.5033399787115652,0.7978538117569468,1.8604411299888295,,,,,CHEMBL264_Ki
86921808,mondrian_wstd,cliffA,noncliff,537,453,0.8435754189944135,0.8104234558985409,0.8718467250979479,1.6661385759068428,,,,,CHEMBL264_Ki
86921808,mondrian_wstd,__bins__,__summary__,-1,-1,,,,1.6783460662156588,0.8035714285714286,0.0625,0.6695652173913044,0.27826086956521734,CHEMBL264_Ki
86921808,mondrian_std,cliffB_oracle,all,573,475,0.8289703315881326,0.795974216699302,0.8575849098772552,1.6802635429152928,,,,,CHEMBL264_Ki
86921808,mondrian_std,cliffB_oracle,cliff,18,10,0.5555555555555556,0.33716415642042774,0.7544048187299437,1.9098143927216757,,,,,CHEMBL264_Ki
86921808,mondrian_std,cliffB_oracle,noncliff,555,465,0.8378378378378378,0.8048670780611219,0.8661640240180813,1.67281865048914,,,,,CHEMBL264_Ki
86921808,mondrian_std,cliffA,all,573,475,0.8289703315881326,0.795974216699302,0.8575849098772552,1.6802635429152928,,,,,CHEMBL264_Ki
86921808,mondrian_std,cliffA,cliff,36,23,0.6388888888888888,0.4757507548555804,0.7752440705348462,1.8225788195590715,,,,,CHEMBL264_Ki
86921808,mondrian_std,cliffA,noncliff,537,452,0.8417132216014898,0.8084283130965495,0.8701439265395245,1.67072285397828,,,,,CHEMBL264_Ki
86921808,mondrian_std,__bins__,__summary__,-1,-1,,,,1.6802635429152928,0.8035714285714286,0.0625,0.6695652173913044,0.27826086956521734,CHEMBL264_Ki
86921808,mondrian_iqr,cliffB_oracle,all,573,478,0.8342059336823735,0.8015500372340402,0.8624105608530196,1.6846451146935246,,,,,CHEMBL264_Ki
86921808,mondrian_iqr,cliffB_oracle,cliff,18,12,0.6666666666666666,0.43749467295945105,0.837212252491663,1.9191424916860649,,,,,CHEMBL264_Ki
86921808,mondrian_iqr,cliffB_oracle,noncliff,555,466,0.8396396396396396,0.8067927458673915,0.8678171887562341,1.6770397943586313,,,,,CHEMBL264_Ki
86921808,mondrian_iqr,cliffA,all,573,478,0.8342059336823735,0.8015500372340402,0.8624105608530196,1.6846451146935246,,,,,CHEMBL264_Ki
86921808,mondrian_iqr,cliffA,cliff,36,24,0.6666666666666666,0.5033399787115652,0.7978538117569468,1.778289086693283,,,,,CHEMBL264_Ki
86921808,mondrian_iqr,cliffA,noncliff,537,454,0.845437616387337,0.8124200978833762,0.873548024473527,1.6783673065147697,,,,,CHEMBL264_Ki
86921808,mondrian_iqr,__bins__,__summary__,-1,-1,,,,1.6846451146935246,0.7857142857142857,0.1160714285714286,0.6695652173913044,0.24347826086956514,CHEMBL264_Ki
86921808,mondrian_nb,cliffB_oracle,all,573,475,0.8289703315881326,0.795974216699302,0.8575849098772552,1.7290280342756614,,,,,CHEMBL264_Ki
86921808,mondrian_nb,cliffB_oracle,cliff,18,8,0.4444444444444444,0.24559518127005633,0.6628358435795723,1.4924981376512771,,,,,CHEMBL264_Ki
86921808,mondrian_nb,cliffB_oracle,noncliff,555,467,0.8414414414414414,0.8087197544785053,0.8694690126895427,1.7366992741661822,,,,,CHEMBL264_Ki
86921808,mondrian_nb,cliffA,all,573,475,0.8289703315881326,0.795974216699302,0.8575849098772552,1.7290280342756614,,,,,CHEMBL264_Ki
86921808,mondrian_nb,cliffA,cliff,36,21,0.5833333333333334,0.4220025157487166,0.7285943794855394,1.519925858607192,,,,,CHEMBL264_Ki
86921808,mondrian_nb,cliffA,noncliff,537,454,0.845437616387337,0.8124200978833762,0.873548024473527,1.743046057225503,,,,,CHEMBL264_Ki
86921808,mondrian_nb,__bins__,__summary__,-1,-1,,,,1.7290280342756614,0.712,0.21657142857142864,0.6608695652173913,0.26956521739130435,CHEMBL264_Ki
86921808,mondrian_nnsim,cliffB_oracle,all,573,474,0.8272251308900523,0.794117923518572,0.855974045887818,1.698131707451901,,,,,CHEMBL264_Ki
86921808,mondrian_nnsim,cliffB_oracle,cliff,18,9,0.5,0.29031021505169974,0.7096897849483003,1.826803732976515,,,,,CHEMBL264_Ki
86921808,mondrian_nnsim,cliffB_oracle,noncliff,555,465,0.8378378378378378,0.8048670780611219,0.8661640240180813,1.6939585606781296,,,,,CHEMBL264_Ki
86921808,mondrian_nnsim,cliffA,all,573,474,0.8272251308900523,0.794117923518572,0.855974045887818,1.698131707451901,,,,,CHEMBL264_Ki
86921808,mondrian_nnsim,cliffA,cliff,36,22,0.6111111111111112,0.44864459096605147,0.75215126934629,1.7523162564473447,,,,,CHEMBL264_Ki
86921808,mondrian_nnsim,cliffA,noncliff,537,452,0.8417132216014898,0.8084283130965495,0.8701439265395245,1.6944992237203629,,,,,CHEMBL264_Ki
86921808,mondrian_nnsim,__bins__,__summary__,-1,-1,,,,1.698131707451901,0.696,0.25042857142857144,0.6260869565217392,0.3217391304347825,CHEMBL264_Ki
86921808,mondrian_pairgap,cliffB_oracle,all,573,467,0.8150087260034904,0.781154898638647,0.844666970576571,1.7036067416171743,,,,,CHEMBL264_Ki
86921808,mondrian_pairgap,cliffB_oracle,cliff,18,8,0.4444444444444444,0.24559518127005633,0.6628358435795723,1.589069670272252,,,,,CHEMBL264_Ki
86921808,mondrian_pairgap,cliffB_oracle,noncliff,555,459,0.827027027027027,0.7933402638926802,0.8562178429199886,1.707321457444577,,,,,CHEMBL264_Ki
86921808,mondrian_pairgap,cliffA,all,573,467,0.8150087260034904,0.781154898638647,0.844666970576571,1.7036067416171743,,,,,CHEMBL264_Ki
86921808,mondrian_pairgap,cliffA,cliff,36,21,0.5833333333333334,0.4220025157487166,0.7285943794855394,1.6051803678379695,,,,,CHEMBL264_Ki
86921808,mondrian_pairgap,cliffA,noncliff,537,446,0.8305400372439479,0.7964877927893856,0.859896798684201,1.7102051577364505,,,,,CHEMBL264_Ki
86921808,mondrian_pairgap,__bins__,__summary__,-1,-1,,,,1.7036067416171743,0.672,0.27442857142857136,0.591304347826087,0.3565217391304347,CHEMBL264_Ki
86921808,mondrian_rfstd,cliffB_oracle,all,573,473,0.8254799301919721,0.7922627642019767,0.8543620480342459,1.7260427938256855,,,,,CHEMBL264_Ki
86921808,mondrian_rfstd,cliffB_oracle,cliff,18,7,0.3888888888888889,0.2030524657216362,0.613809583977621,1.7262013194742845,,,,,CHEMBL264_Ki
86921808,mondrian_rfstd,cliffB_oracle,noncliff,555,466,0.8396396396396396,0.8067927458673915,0.8678171887562341,1.7260376524532983,,,,,CHEMBL264_Ki
86921808,mondrian_rfstd,cliffA,all,573,473,0.8254799301919721,0.7922627642019767,0.8543620480342459,1.7260427938256855,,,,,CHEMBL264_Ki
86921808,mondrian_rfstd,cliffA,cliff,36,19,0.5277777777777778,0.37005938022987594,0.6801395848482095,1.645417490981429,,,,,CHEMBL264_Ki
86921808,mondrian_rfstd,cliffA,noncliff,537,454,0.845437616387337,0.8124200978833762,0.873548024473527,1.7314478420610546,,,,,CHEMBL264_Ki
86921808,mondrian_rfstd,__bins__,__summary__,-1,-1,,,,1.7260427938256855,0.7857142857142857,0.0714285714285714,0.7280701754385965,0.14912280701754377,CHEMBL264_Ki
71339737,global,cliffB_oracle,all,470,343,0.7297872340425532,0.6878972949126921,0.7679513776318864,1.4743565639350538,,,,,CHEMBL235_EC50
71339737,global,cliffB_oracle,cliff,23,7,0.30434782608695654,0.15604024453214022,0.508657562687592,1.4743565639350535,,,,,CHEMBL235_EC50
71339737,global,cliffB_oracle,noncliff,447,336,0.7516778523489933,0.7095953564185649,0.7894714343520808,1.4743565639350535,,,,,CHEMBL235_EC50
71339737,global,cliffA,all,470,343,0.7297872340425532,0.6878972949126921,0.7679513776318864,1.4743565639350538,,,,,CHEMBL235_EC50
71339737,global,cliffA,cliff,41,20,0.4878048780487805,0.34254429554432664,0.6351549134845619,1.4743565639350535,,,,,CHEMBL235_EC50
71339737,global,cliffA,noncliff,429,323,0.752913752913753,0.7099740421195192,0.7913642552589973,1.4743565639350535,,,,,CHEMBL235_EC50
71339737,global,__bins__,__summary__,-1,-1,,,,1.4743565639350538,0.5803571428571429,0.2623394863563402,0.5531914893617021,0.3085106382978723,CHEMBL235_EC50
71339737,mondrian_pair,cliffB_oracle,all,470,339,0.7212765957446808,0.6790718858431659,0.7598935025330948,1.4741977471666476,,,,,CHEMBL235_EC50
71339737,mondrian_pair,cliffB_oracle,cliff,23,6,0.2608695652173913,0.12548616044986347,0.4647000483742537,1.469205610045045,,,,,CHEMBL235_EC50
71339737,mondrian_pair,cliffB_oracle,noncliff,447,333,0.7449664429530202,0.702590142918384,0.7831682000983778,1.474454613282524,,,,,CHEMBL235_EC50
71339737,mondrian_pair,cliffA,all,470,339,0.7212765957446808,0.6790718858431659,0.7598935025330948,1.4741977471666476,,,,,CHEMBL235_EC50
71339737,mondrian_pair,cliffA,cliff,41,18,0.43902439024390244,0.2989013173655036,0.5895947277789392,1.495085308001838,,,,,CHEMBL235_EC50
71339737,mondrian_pair,cliffA,noncliff,429,321,0.7482517482517482,0.7051016818804644,0.7869953565601991,1.4722015000938202,,,,,CHEMBL235_EC50
71339737,mondrian_pair,__bins__,__summary__,-1,-1,,,,1.4741977471666476,0.6071428571428571,0.22619047619047628,0.5851063829787234,0.26595744680851063,CHEMBL235_EC50
71339737,mondrian_wstd,cliffB_oracle,all,470,337,0.7170212765957447,0.6746659214312218,0.75585782486088,1.4982888278532551,,,,,CHEMBL235_EC50
71339737,mondrian_wstd,cliffB_oracle,cliff,23,6,0.2608695652173913,0.12548616044986347,0.4647000483742537,1.5331751902245976,,,,,CHEMBL235_EC50
71339737,mondrian_wstd,cliffB_oracle,noncliff,447,331,0.7404921700223713,0.6979269069730818,0.7789591375410907,1.496493780124976,,,,,CHEMBL235_EC50
71339737,mondrian_wstd,cliffA,all,470,337,0.7170212765957447,0.6746659214312218,0.75585782486088,1.4982888278532551,,,,,CHEMBL235_EC50
71339737,mondrian_wstd,cliffA,cliff,41,20,0.4878048780487805,0.34254429554432664,0.6351549134845619,1.5165033979963498,,,,,CHEMBL235_EC50
71339737,mondrian_wstd,cliffA,noncliff,429,317,0.7389277389277389,0.6953753886092211,0.7782391319557367,1.496548041429323,,,,,CHEMBL235_EC50
71339737,mondrian_wstd,__bins__,__summary__,-1,-1,,,,1.4982888278532551,0.6333333333333333,0.1868913857677903,0.6276595744680851,0.17021276595744683,CHEMBL235_EC50
71339737,mondrian_std,cliffB_oracle,all,470,335,0.7127659574468085,0.6702643683312399,0.7518177358767031,1.4907023665050545,,,,,CHEMBL235_EC50
71339737,mondrian_std,cliffB_oracle,cliff,23,6,0.2608695652173913,0.12548616044986347,0.4647000483742537,1.5064487595796816,,,,,CHEMBL235_EC50
71339737,mondrian_std,cliffB_oracle,noncliff,447,329,0.7360178970917226,0.6932690880141572,0.774744657997426,1.489892149411729,,,,,CHEMBL235_EC50
71339737,mondrian_std,cliffA,all,470,335,0.7127659574468085,0.6702643683312399,0.7518177358767031,1.4907023665050545,,,,,CHEMBL235_EC50
71339737,mondrian_std,cliffA,cliff,41,20,0.4878048780487805,0.34254429554432664,0.6351549134845619,1.504351020991525,,,,,CHEMBL235_EC50
71339737,mondrian_std,cliffA,noncliff,429,315,0.7342657342657343,0.6905212410620343,0.7738520205650707,1.489397949642711,,,,,CHEMBL235_EC50
71339737,mondrian_std,__bins__,__summary__,-1,-1,,,,1.4907023665050545,0.6404494382022472,0.1460674157303371,0.6170212765957447,0.17021276595744683,CHEMBL235_EC50
71339737,mondrian_iqr,cliffB_oracle,all,470,341,0.725531914893617,0.6834823224845501,0.7639247079758695,1.4805161393611979,,,,,CHEMBL235_EC50
71339737,mondrian_iqr,cliffB_oracle,cliff,23,6,0.2608695652173913,0.12548616044986347,0.4647000483742537,1.4528717638199684,,,,,CHEMBL235_EC50
71339737,mondrian_iqr,cliffB_oracle,noncliff,447,335,0.7494407158836689,0.7072588879793943,0.7873717535399568,1.4819385568946393,,,,,CHEMBL235_EC50
71339737,mondrian_iqr,cliffA,all,470,341,0.725531914893617,0.6834823224845501,0.7639247079758695,1.4805161393611979,,,,,CHEMBL235_EC50
71339737,mondrian_iqr,cliffA,cliff,41,19,0.4634146341463415,0.32056233976336046,0.6125352873233052,1.5177401540275652,,,,,CHEMBL235_EC50
71339737,mondrian_iqr,cliffA,noncliff,429,322,0.7505827505827506,0.7075370825434568,0.7891805853661331,1.4769585994979786,,,,,CHEMBL235_EC50
71339737,mondrian_iqr,__bins__,__summary__,-1,-1,,,,1.4805161393611979,0.6339285714285714,0.19940476190476197,0.5957446808510638,0.23404255319148937,CHEMBL235_EC50
71339737,mondrian_nb,cliffB_oracle,all,470,355,0.7553191489361702,0.7144863089397353,0.7920122161097964,1.5441337945345865,,,,,CHEMBL235_EC50
71339737,mondrian_nb,cliffB_oracle,cliff,23,7,0.30434782608695654,0.15604024453214022,0.508657562687592,1.4758067070851835,,,,,CHEMBL235_EC50
71339737,mondrian_nb,cliffB_oracle,noncliff,447,348,0.7785234899328859,0.7377471532774479,0.8145534285087334,1.5476495059693434,,,,,CHEMBL235_EC50
71339737,mondrian_nb,cliffA,all,470,355,0.7553191489361702,0.7144863089397353,0.7920122161097964,1.5441337945345865,,,,,CHEMBL235_EC50
71339737,mondrian_nb,cliffA,cliff,41,20,0.4878048780487805,0.34254429554432664,0.6351549134845619,1.4987098176754403,,,,,CHEMBL235_EC50
71339737,mondrian_nb,cliffA,noncliff,429,335,0.7808857808857809,0.7393448599181813,0.817440991087452,1.5484750137682113,,,,,CHEMBL235_EC50
71339737,mondrian_nb,__bins__,__summary__,-1,-1,,,,1.5441337945345865,0.6071428571428571,0.28174603174603174,0.6063829787234043,0.26595744680851063,CHEMBL235_EC50
71339737,mondrian_nnsim,cliffB_oracle,all,470,351,0.7468085106382979,0.7056039138585275,0.7840113270226865,1.4985245956832318,,,,,CHEMBL235_EC50
71339737,mondrian_nnsim,cliffB_oracle,cliff,23,7,0.30434782608695654,0.15604024453214022,0.508657562687592,1.4719732581960199,,,,,CHEMBL235_EC50
71339737,mondrian_nnsim,cliffB_oracle,noncliff,447,344,0.7695749440715883,0.7283391178565123,0.8062168669244903,1.4998907718850347,,,,,CHEMBL235_EC50
71339737,mondrian_nnsim,cliffA,all,470,351,0.7468085106382979,0.7056039138585275,0.7840113270226865,1.4985245956832318,,,,,CHEMBL235_EC50
71339737,mondrian_nnsim,cliffA,cliff,41,20,0.4878048780487805,0.34254429554432664,0.6351549134845619,1.490087630569607,,,,,CHEMBL235_EC50
71339737,mondrian_nnsim,cliffA,noncliff,429,331,0.7715617715617715,0.7295276719110488,0.8087756612188788,1.4993309256824363,,,,,CHEMBL235_EC50
71339737,mondrian_nnsim,__bins__,__summary__,-1,-1,,,,1.4985245956832318,0.5982142857142857,0.268452380952381,0.574468085106383,0.2978723404255319,CHEMBL235_EC50
71339737,mondrian_pairgap,cliffB_oracle,all,470,340,0.723404255319149,0.6812765412262503,0.76190966819209,1.48119188801393,,,,,CHEMBL235_EC50
71339737,mondrian_pairgap,cliffB_oracle,cliff,23,5,0.21739130434782608,0.09663978026586204,0.4190348301626401,1.4443428136794842,,,,,CHEMBL235_EC50
71339737,mondrian_pairgap,cliffB_oracle,noncliff,447,335,0.7494407158836689,0.7072588879793943,0.7873717535399568,1.4830879253957916,,,,,CHEMBL235_EC50
71339737,mondrian_pairgap,cliffA,all,470,340,0.723404255319149,0.6812765412262503,0.76190966819209,1.48119188801393,,,,,CHEMBL235_EC50
71339737,mondrian_pairgap,cliffA,cliff,41,17,0.4146341463414634,0.27756549454252133,0.5663289686596986,1.4808728148054051,,,,,CHEMBL235_EC50
71339737,mondrian_pairgap,cliffA,noncliff,429,323,0.752913752913753,0.7099740421195192,0.7913642552589973,1.4812223821900359,,,,,CHEMBL235_EC50
71339737,mondrian_pairgap,__bins__,__summary__,-1,-1,,,,1.48119188801393,0.625,0.21944444444444444,0.5957446808510638,0.24468085106382986,CHEMBL235_EC50
71339737,mondrian_rfstd,cliffB_oracle,all,470,343,0.7297872340425532,0.6878972949126921,0.7679513776318864,1.5315044955408241,,,,,CHEMBL235_EC50
71339737,mondrian_rfstd,cliffB_oracle,cliff,23,7,0.30434782608695654,0.15604024453214022,0.508657562687592,1.5290501003783539,,,,,CHEMBL235_EC50
71339737,mondrian_rfstd,cliffB_oracle,noncliff,447,336,0.7516778523489933,0.7095953564185649,0.7894714343520808,1.5316307843299444,,,,,CHEMBL235_EC50
71339737,mondrian_rfstd,cliffA,all,470,343,0.7297872340425532,0.6878972949126921,0.7679513776318864,1.5315044955408241,,,,,CHEMBL235_EC50
71339737,mondrian_rfstd,cliffA,cliff,41,20,0.4878048780487805,0.34254429554432664,0.6351549134845619,1.5800819681622649,,,,,CHEMBL235_EC50
71339737,mondrian_rfstd,cliffA,noncliff,429,323,0.752913752913753,0.7099740421195192,0.7913642552589973,1.5268618932623181,,,,,CHEMBL235_EC50
71339737,mondrian_rfstd,__bins__,__summary__,-1,-1,,,,1.5315044955408241,0.6333333333333333,0.16666666666666674,0.6276595744680851,0.14893617021276595,CHEMBL235_EC50
99182118,global,cliffB_oracle,all,470,361,0.7680851063829788,0.7278481425708812,0.8039753087311272,1.5618528768159605,,,,,CHEMBL235_EC50
99182118,global,cliffB_oracle,cliff,14,7,0.5,0.26799202452413634,0.7320079754758637,1.5618528768159603,,,,,CHEMBL235_EC50
99182118,global,cliffB_oracle,noncliff,456,354,0.7763157894736842,0.735850234525756,0.8121647283840199,1.5618528768159605,,,,,CHEMBL235_EC50
99182118,global,cliffA,all,470,361,0.7680851063829788,0.7278481425708812,0.8039753087311272,1.5618528768159605,,,,,CHEMBL235_EC50
99182118,global,cliffA,cliff,32,17,0.53125,0.3644951711897464,0.6913061289193116,1.5618528768159603,,,,,CHEMBL235_EC50
99182118,global,cliffA,noncliff,438,344,0.7853881278538812,0.7445455239381797,0.8212682878015958,1.5618528768159605,,,,,CHEMBL235_EC50
99182118,global,__bins__,__summary__,-1,-1,,,,1.5618528768159605,0.6052631578947368,0.25990538143110586,0.5957446808510638,0.3191489361702128,CHEMBL235_EC50
99182118,mondrian_pair,cliffB_oracle,all,470,365,0.776595744680851,0.7367826329665665,0.8119241025037593,1.5986311425583155,,,,,CHEMBL235_EC50
99182118,mondrian_pair,cliffB_oracle,cliff,14,7,0.5,0.26799202452413634,0.7320079754758637,1.807052433388593,,,,,CHEMBL235_EC50
99182118,mondrian_pair,cliffB_oracle,noncliff,456,358,0.7850877192982456,0.7450872569904201,0.82032500632919,1.5922322432784388,,,,,CHEMBL235_EC50
99182118,mondrian_pair,cliffA,all,470,365,0.776595744680851,0.7367826329665665,0.8119241025037593,1.5986311425583155,,,,,CHEMBL235_EC50
99182118,mondrian_pair,cliffA,cliff,32,17,0.53125,0.3644951711897464,0.6913061289193116,1.7975011456847871,,,,,CHEMBL235_EC50
99182118,mondrian_pair,cliffA,noncliff,438,348,0.7945205479452054,0.7541981510445167,0.8297217026709315,1.5841018272614045,,,,,CHEMBL235_EC50
99182118,mondrian_pair,__bins__,__summary__,-1,-1,,,,1.5986311425583155,0.6666666666666666,0.18726591760299627,0.6276595744680851,0.2872340425531915,CHEMBL235_EC50
99182118,mondrian_wstd,cliffB_oracle,all,470,365,0.776595744680851,0.7367826329665665,0.8119241025037593,1.6136211940353604,,,,,CHEMBL235_EC50
99182118,mondrian_wstd,cliffB_oracle,cliff,14,9,0.6428571428571429,0.38764423103907397,0.8365526824644587,1.8479406401275662,,,,,CHEMBL235_EC50
99182118,mondrian_wstd,cliffB_oracle,noncliff,456,356,0.7807017543859649,0.7404656866115673,0.8162479265031257,1.606427175953582,,,,,CHEMBL235_EC50
99182118,mondrian_wstd,cliffA,all,470,365,0.776595744680851,0.7367826329665665,0.8119241025037593,1.6136211940353604,,,,,CHEMBL235_EC50
99182118,mondrian_wstd,cliffA,cliff,32,20,0.625,0.4525440735307745,0.7706611269054578,1.7811966243938167,,,,,CHEMBL235_EC50
99182118,mondrian_wstd,cliffA,noncliff,438,345,0.7876712328767124,0.7469560351782271,0.8233842870554667,1.6013782402192174,,,,,CHEMBL235_EC50
99182118,mondrian_wstd,__bins__,__summary__,-1,-1,,,,1.6136211940353604,0.7415730337078652,0.06544451015178387,0.6914893617021277,0.17021276595744672,CHEMBL235_EC50
99182118,mondrian_std,cliffB_oracle,all,470,367,0.7808510638297872,0.7412581713433893,0.8158902062110954,1.614057694343505,,,,,CHEMBL235_EC50
99182118,mondrian_std,cliffB_oracle,cliff,14,9,0.6428571428571429,0.38764423103907397,0.8365526824644587,1.8431016886889726,,,,,CHEMBL235_EC50
99182118,mondrian_std,cliffB_oracle,noncliff,456,358,0.7850877192982456,0.7450872569904201,0.82032500632919,1.6070256418855298,,,,,CHEMBL235_EC50
99182118,mondrian_std,cliffA,all,470,367,0.7808510638297872,0.7412581713433893,0.8158902062110954,1.614057694343505,,,,,CHEMBL235_EC50
99182118,mondrian_std,cliffA,cliff,32,20,0.625,0.4525440735307745,0.7706611269054578,1.7671751024720925,,,,,CHEMBL235_EC50
99182118,mondrian_std,cliffA,noncliff,438,347,0.7922374429223744,0.7517823278121316,0.8276110154093985,1.602871034388905,,,,,CHEMBL235_EC50
99182118,mondrian_std,__bins__,__summary__,-1,-1,,,,1.614057694343505,0.7528089887640449,0.0561797752808989,0.6808510638297872,0.18085106382978722,CHEMBL235_EC50
99182118,mondrian_iqr,cliffB_oracle,all,470,356,0.7574468085106383,0.7167100475892576,0.7940092985023535,1.6161547595391472,,,,,CHEMBL235_EC50
99182118,mondrian_iqr,cliffB_oracle,cliff,14,6,0.42857142857142855,0.21380798904474121,0.6740935542034926,1.7499981374334024,,,,,CHEMBL235_EC50
99182118,mondrian_iqr,cliffB_oracle,noncliff,456,350,0.7675438596491229,0.7266371828822876,0.8039804796176543,1.6120455330248493,,,,,CHEMBL235_EC50
99182118,mondrian_iqr,cliffA,all,470,356,0.7574468085106383,0.7167100475892576,0.7940092985023535,1.6161547595391472,,,,,CHEMBL235_EC50
99182118,mondrian_iqr,cliffA,cliff,32,16,0.5,0.33630882869327483,0.6636911713067252,1.7166172541734976,,,,,CHEMBL235_EC50
99182118,mondrian_iqr,cliffA,noncliff,438,340,0.776255707762557,0.7349205838230192,0.8127871859410835,1.6088150339037608,,,,,CHEMBL235_EC50
99182118,mondrian_iqr,__bins__,__summary__,-1,-1,,,,1.6161547595391472,0.7017543859649122,0.12970628819239116,0.6382978723404256,0.23404255319148937,CHEMBL235_EC50
99182118,mondrian_nb,cliffB_oracle,all,470,370,0.7872340425531915,0.7479821663197146,0.8218286743610086,1.6523887101855832,,,,,CHEMBL235_EC50
99182118,mondrian_nb,cliffB_oracle,cliff,14,7,0.5,0.26799202452413634,0.7320079754758637,1.6389162075513224,,,,,CHEMBL235_EC50
99182118,mondrian_nb,cliffB_oracle,noncliff,456,363,0.7960526315789473,0.7566688463902594,0.8304900424416434,1.6528023396524247,,,,,CHEMBL235_EC50
99182118,mondrian_nb,cliffA,all,470,370,0.7872340425531915,0.7479821663197146,0.8218286743610086,1.6523887101855832,,,,,CHEMBL235_EC50
99182118,mondrian_nb,cliffA,cliff,32,17,0.53125,0.3644951711897464,0.6913061289193116,1.6390919022866632,,,,,CHEMBL235_EC50
99182118,mondrian_nb,cliffA,noncliff,438,353,0.8059360730593608,0.7663049278411175,0.8402474783439219,1.653360166470436,,,,,CHEMBL235_EC50
99182118,mondrian_nb,__bins__,__summary__,-1,-1,,,,1.6523887101855832,0.6842105263157895,0.192193968066233,0.6702127659574468,0.21276595744680848,CHEMBL235_EC50
99182118,mondrian_nnsim,cliffB_oracle,all,470,359,0.7638297872340426,0.7233889771272166,0.7999928320906329,1.556181568298884,,,,,CHEMBL235_EC50
99182118,mondrian_nnsim,cliffB_oracle,cliff,14,8,0.5714285714285714,0.3259064457965074,0.7861920109552588,1.7146644581312818,,,,,CHEMBL235_EC50
99182118,mondrian_nnsim,cliffB_oracle,noncliff,456,351,0.7697368421052632,0.7289382517765164,0.806028735825884,1.5513158655408719,,,,,CHEMBL235_EC50
99182118,mondrian_nnsim,cliffA,all,470,359,0.7638297872340426,0.7233889771272166,0.7999928320906329,1.556181568298884,,,,,CHEMBL235_EC50
99182118,mondrian_nnsim,cliffA,cliff,32,19,0.59375,0.42260024875382873,0.7448036515733456,1.669157140332488,,,,,CHEMBL235_EC50
99182118,mondrian_nnsim,cliffA,noncliff,438,340,0.776255707762557,0.7349205838230192,0.8127871859410835,1.5479276452279358,,,,,CHEMBL235_EC50
99182118,mondrian_nnsim,__bins__,__summary__,-1,-1,,,,1.556181568298884,0.6140350877192983,0.25113345160654443,0.5851063829787234,0.36170212765957444,CHEMBL235_EC50
99182118,mondrian_pairgap,cliffB_oracle,all,470,376,0.8,0.761470182589045,0.8336655843441548,1.6816396631506136,,,,,CHEMBL235_EC50
99182118,mondrian_pairgap,cliffB_oracle,cliff,14,8,0.5714285714285714,0.3259064457965074,0.7861920109552588,1.8937555860671176,,,,,CHEMBL235_EC50
99182118,mondrian_pairgap,cliffB_oracle,noncliff,456,368,0.8070175438596491,0.7682918282393404,0.8406136861048551,1.6751273321838787,,,,,CHEMBL235_EC50
99182118,mondrian_pairgap,cliffA,all,470,376,0.8,0.761470182589045,0.8336655843441548,1.6816396631506136,,,,,CHEMBL235_EC50
99182118,mondrian_pairgap,cliffA,cliff,32,19,0.59375,0.42260024875382873,0.7448036515733456,1.81154830834446,,,,,CHEMBL235_EC50
99182118,mondrian_pairgap,cliffA,noncliff,438,357,0.815068493150685,0.7760250001567519,0.8486334480039603,1.6721486205793736,,,,,CHEMBL235_EC50
99182118,mondrian_pairgap,__bins__,__summary__,-1,-1,,,,1.6816396631506136,0.6666666666666666,0.24344569288389517,0.6382978723404256,0.2978723404255319,CHEMBL235_EC50
99182118,mondrian_rfstd,cliffB_oracle,all,470,361,0.7680851063829788,0.7278481425708812,0.8039753087311272,1.6030893755650555,,,,,CHEMBL235_EC50
99182118,mondrian_rfstd,cliffB_oracle,cliff,14,9,0.6428571428571429,0.38764423103907397,0.8365526824644587,1.7989258819308278,,,,,CHEMBL235_EC50
99182118,mondrian_rfstd,cliffB_oracle,noncliff,456,352,0.7719298245614035,0.731240773583859,0.8080755391209998,1.5970768512468083,,,,,CHEMBL235_EC50
99182118,mondrian_rfstd,cliffA,all,470,361,0.7680851063829788,0.7278481425708812,0.8039753087311272,1.6030893755650555,,,,,CHEMBL235_EC50
99182118,mondrian_rfstd,cliffA,cliff,32,21,0.65625,0.4831108797896222,0.7958956207556682,1.714487982074203,,,,,CHEMBL235_EC50
99182118,mondrian_rfstd,cliffA,noncliff,438,340,0.776255707762557,0.7349205838230192,0.8127871859410835,1.5949506645872185,,,,,CHEMBL235_EC50
99182118,mondrian_rfstd,__bins__,__summary__,-1,-1,,,,1.6030893755650555,0.7280701754385965,0.08091858860634726,0.7340425531914894,0.0957446808510638,CHEMBL235_EC50
89709943,global,cliffB_oracle,all,470,371,0.7893617021276595,0.7502264086417683,0.8238052530810342,1.539793986669133,,,,,CHEMBL235_EC50
89709943,global,cliffB_oracle,cliff,17,6,0.35294117647058826,0.17309720397243744,0.5869963651478132,1.5397939866691335,,,,,CHEMBL235_EC50
89709943,global,cliffB_oracle,noncliff,453,365,0.8057395143487859,0.76679868780783,0.8395385757037986,1.5397939866691333,,,,,CHEMBL235_EC50
89709943,global,cliffA,all,470,371,0.7893617021276595,0.7502264086417683,0.8238052530810342,1.539793986669133,,,,,CHEMBL235_EC50
89709943,global,cliffA,cliff,35,19,0.5428571428571428,0.3818972506848375,0.6953398071159278,1.5397939866691333,,,,,CHEMBL235_EC50
89709943,global,cliffA,noncliff,435,352,0.8091954022988506,0.7696259448108074,0.8433516911739243,1.5397939866691335,,,,,CHEMBL235_EC50
89709943,global,__bins__,__summary__,-1,-1,,,,1.539793986669133,0.6330275229357798,0.24475025484199797,0.5425531914893617,0.36170212765957455,CHEMBL235_EC50
89709943,mondrian_pair,cliffB_oracle,all,470,372,0.7914893617021277,0.7524721327195918,0.8257803500452903,1.559569663744729,,,,,CHEMBL235_EC50
89709943,mondrian_pair,cliffB_oracle,cliff,17,6,0.35294117647058826,0.17309720397243744,0.5869963651478132,1.5798725767314654,,,,,CHEMBL235_EC50
89709943,mondrian_pair,cliffB_oracle,noncliff,453,366,0.8079470198675497,0.7691432523780752,0.8415718975126987,1.5588077442728205,,,,,CHEMBL235_EC50
89709943,mondrian_pair,cliffA,all,470,372,0.7914893617021277,0.7524721327195918,0.8257803500452903,1.559569663744729,,,,,CHEMBL235_EC50
89709943,mondrian_pair,cliffA,cliff,35,20,0.5714285714285714,0.4085741114397492,0.7201543182281931,1.5962045818227975,,,,,CHEMBL235_EC50
89709943,mondrian_pair,cliffA,noncliff,435,352,0.8091954022988506,0.7696259448108074,0.8433516911739243,1.5566220266579875,,,,,CHEMBL235_EC50
89709943,mondrian_pair,__bins__,__summary__,-1,-1,,,,1.559569663744729,0.6330275229357798,0.25586136595310904,0.5319148936170213,0.3829787234042553,CHEMBL235_EC50
89709943,mondrian_wstd,cliffB_oracle,all,470,374,0.7957446808510639,0.756968092461202,0.8297260323878389,1.6009521347039424,,,,,CHEMBL235_EC50
89709943,mondrian_wstd,cliffB_oracle,cliff,17,8,0.47058823529411764,0.26165106442409436,0.6903676493999558,1.8717060055748476,,,,,CHEMBL235_EC50
89709943,mondrian_wstd,cliffB_oracle,noncliff,453,366,0.8079470198675497,0.7691432523780752,0.8415718975126987,1.5907913934129816,,,,,CHEMBL235_EC50
89709943,mondrian_wstd,cliffA,all,470,374,0.7957446808510639,0.756968092461202,0.8297260323878389,1.6009521347039424,,,,,CHEMBL235_EC50
89709943,mondrian_wstd,cliffA,cliff,35,23,0.6571428571428571,0.4915194951399626,0.7916830501295105,1.9024652554703858,,,,,CHEMBL235_EC50
89709943,mondrian_wstd,cliffA,noncliff,435,351,0.8068965517241379,0.7671809036030174,0.8412392778390766,1.5766924583204356,,,,,CHEMBL235_EC50
89709943,mondrian_wstd,__bins__,__summary__,-1,-1,,,,1.6009521347039424,0.7362637362637363,0.09706959706959706,0.6063829787234043,0.2872340425531914,CHEMBL235_EC50
89709943,mondrian_std,cliffB_oracle,all,470,372,0.7914893617021277,0.7524721327195918,0.8257803500452903,1.5732110366547827,,,,,CHEMBL235_EC50
89709943,mondrian_std,cliffB_oracle,cliff,17,8,0.47058823529411764,0.26165106442409436,0.6903676493999558,1.8161824957716515,,,,,CHEMBL235_EC50
89709943,mondrian_std,cliffB_oracle,noncliff,453,364,0.8035320088300221,0.764455898746706,0.8375034783857771,1.564092902427439,,,,,CHEMBL235_EC50
89709943,mondrian_std,cliffA,all,470,372,0.7914893617021277,0.7524721327195918,0.8257803500452903,1.5732110366547827,,,,,CHEMBL235_EC50
89709943,mondrian_std,cliffA,cliff,35,22,0.6285714285714286,0.4633693684359532,0.7683418049663429,1.8332453325556712,,,,,CHEMBL235_EC50
89709943,mondrian_std,cliffA,noncliff,435,350,0.8045977011494253,0.7647378389191872,0.8391248879802695,1.5522887369845968,,,,,CHEMBL235_EC50
89709943,mondrian_std,__bins__,__summary__,-1,-1,,,,1.5732110366547827,0.7362637362637363,0.10818070818070813,0.6063829787234043,0.276595744680851,CHEMBL235_EC50
89709943,mondrian_iqr,cliffB_oracle,all,470,379,0.8063829787234043,0.7682351304028151,0.8395630996566229,1.6366385356008148,,,,,CHEMBL235_EC50
89709943,mondrian_iqr,cliffB_oracle,cliff,17,8,0.47058823529411764,0.26165106442409436,0.6903676493999558,1.7975763247200036,,,,,CHEMBL235_EC50
89709943,mondrian_iqr,cliffB_oracle,noncliff,453,371,0.8189845474613686,0.7808935365571225,0.851711045229378,1.6305989276206245,,,,,CHEMBL235_EC50
89709943,mondrian_iqr,cliffA,all,470,379,0.8063829787234043,0.7682351304028151,0.8395630996566229,1.6366385356008148,,,,,CHEMBL235_EC50
89709943,mondrian_iqr,cliffA,cliff,35,22,0.6285714285714286,0.4633693684359532,0.7683418049663429,1.7934837640423864,,,,,CHEMBL235_EC50
89709943,mondrian_iqr,cliffA,noncliff,435,357,0.8206896551724138,0.781881768848809,0.8538831398491097,1.6240188045767803,,,,,CHEMBL235_EC50
89709943,mondrian_iqr,__bins__,__summary__,-1,-1,,,,1.6366385356008148,0.7706422018348624,0.07380224260958201,0.648936170212766,0.24468085106382975,CHEMBL235_EC50
89709943,mondrian_nb,cliffB_oracle,all,470,375,0.7978723404255319,0.7592183623783489,0.8316965835127713,1.6072792942334457,,,,,CHEMBL235_EC50
89709943,mondrian_nb,cliffB_oracle,cliff,17,6,0.35294117647058826,0.17309720397243744,0.5869963651478132,1.4965296188555368,,,,,CHEMBL235_EC50
89709943,mondrian_nb,cliffB_oracle,noncliff,453,369,0.8145695364238411,0.7761878324192627,0.8476609766089472,1.6114354630666123,,,,,CHEMBL235_EC50
89709943,mondrian_nb,cliffA,all,470,375,0.7978723404255319,0.7592183623783489,0.8316965835127713,1.6072792942334457,,,,,CHEMBL235_EC50
89709943,mondrian_nb,cliffA,cliff,35,18,0.5142857142857142,0.35568804595868564,0.6700576399749026,1.4610076392980658,,,,,CHEMBL235_EC50
89709943,mondrian_nb,cliffA,noncliff,435,357,0.8206896551724138,0.781881768848809,0.8538831398491097,1.6190482779638784,,,,,CHEMBL235_EC50
89709943,mondrian_nb,__bins__,__summary__,-1,-1,,,,1.6072792942334457,0.6513761467889908,0.2497227543099103,0.5957446808510638,0.2872340425531915,CHEMBL235_EC50
89709943,mondrian_nnsim,cliffB_oracle,all,470,380,0.8085106382978723,0.7704933397653982,0.8415257113361191,1.582576203564315,,,,,CHEMBL235_EC50
89709943,mondrian_nnsim,cliffB_oracle,cliff,17,6,0.35294117647058826,0.17309720397243744,0.5869963651478132,1.435879000511431,,,,,CHEMBL235_EC50
89709943,mondrian_nnsim,cliffB_oracle,noncliff,453,374,0.82560706401766,0.7879665940033458,0.8577716469205907,1.5880813966148644,,,,,CHEMBL235_EC50
89709943,mondrian_nnsim,cliffA,all,470,380,0.8085106382978723,0.7704933397653982,0.8415257113361191,1.582576203564315,,,,,CHEMBL235_EC50
89709943,mondrian_nnsim,cliffA,cliff,35,18,0.5142857142857142,0.35568804595868564,0.6700576399749026,1.4795990474781893,,,,,CHEMBL235_EC50
89709943,mondrian_nnsim,cliffA,noncliff,435,362,0.832183908045977,0.7941914143104344,0.8643607671006711,1.5908617218700951,,,,,CHEMBL235_EC50
89709943,mondrian_nnsim,__bins__,__summary__,-1,-1,,,,1.582576203564315,0.6605504587155964,0.22833843017329247,0.6382978723404256,0.25531914893617014,CHEMBL235_EC50
89709943,mondrian_pairgap,cliffB_oracle,all,470,374,0.7957446808510639,0.756968092461202,0.8297260323878389,1.5660701068504796,,,,,CHEMBL235_EC50
89709943,mondrian_pairgap,cliffB_oracle,cliff,17,6,0.35294117647058826,0.17309720397243744,0.5869963651478132,1.5678485924132743,,,,,CHEMBL235_EC50
89709943,mondrian_pairgap,cliffB_oracle,noncliff,453,368,0.8123620309050773,0.7738378006742271,0.8456331219748375,1.566003364566666,,,,,CHEMBL235_EC50
89709943,mondrian_pairgap,cliffA,all,470,374,0.7957446808510639,0.756968092461202,0.8297260323878389,1.5660701068504796,,,,,CHEMBL235_EC50
89709943,mondrian_pairgap,cliffA,cliff,35,20,0.5714285714285714,0.4085741114397492,0.7201543182281931,1.6004539552283048,,,,,CHEMBL235_EC50
89709943,mondrian_pairgap,cliffA,noncliff,435,354,0.8137931034482758,0.7745220651208308,0.8475704799491756,1.5633035903143326,,,,,CHEMBL235_EC50
89709943,mondrian_pairgap,__bins__,__summary__,-1,-1,,,,1.5660701068504796,0.6605504587155964,0.22833843017329247,0.5851063829787234,0.3191489361702128,CHEMBL235_EC50
89709943,mondrian_rfstd,cliffB_oracle,all,470,381,0.8106382978723404,0.7727531960347979,0.843486676108799,1.6148341312543595,,,,,CHEMBL235_EC50
89709943,mondrian_rfstd,cliffB_oracle,cliff,17,6,0.35294117647058826,0.17309720397243744,0.5869963651478132,1.598225775205224,,,,,CHEMBL235_EC50
89709943,mondrian_rfstd,cliffB_oracle,noncliff,453,375,0.8278145695364238,0.7903282592249186,0.8597878680781634,1.6154574028941724,,,,,CHEMBL235_EC50
89709943,mondrian_rfstd,cliffA,all,470,381,0.8106382978723404,0.7727531960347979,0.843486676108799,1.6148341312543595,,,,,CHEMBL235_EC50
89709943,mondrian_rfstd,cliffA,cliff,35,18,0.5142857142857142,0.35568804595868564,0.6700576399749026,1.5869135822588072,,,,,CHEMBL235_EC50
89709943,mondrian_rfstd,cliffA,noncliff,435,363,0.8344827586206897,0.7966601705809934,0.8664494653727498,1.6170806122080246,,,,,CHEMBL235_EC50
89709943,mondrian_rfstd,__bins__,__summary__,-1,-1,,,,1.6148341312543595,0.7247706422018348,0.1433612259300333,0.7872340425531915,0.05319148936170215,CHEMBL235_EC50
86921808,global,cliffB_oracle,all,470,381,0.8106382978723404,0.7727531960347979,0.843486676108799,1.6217657519294308,,,,,CHEMBL235_EC50
86921808,global,cliffB_oracle,cliff,18,8,0.4444444444444444,0.24559518127005633,0.6628358435795723,1.6217657519294306,,,,,CHEMBL235_EC50
86921808,global,cliffB_oracle,noncliff,452,373,0.8252212389380531,0.7875095023359766,0.8574515785639625,1.6217657519294308,,,,,CHEMBL235_EC50
86921808,global,cliffA,all,470,381,0.8106382978723404,0.7727531960347979,0.843486676108799,1.6217657519294308,,,,,CHEMBL235_EC50
86921808,global,cliffA,cliff,31,19,0.6129032258064516,0.4382410861966073,0.7626689857961975,1.6217657519294306,,,,,CHEMBL235_EC50
86921808,global,cliffA,noncliff,439,362,0.8246013667425968,0.7862529876627012,0.8573181918717697,1.621765751929431,,,,,CHEMBL235_EC50
86921808,global,__bins__,__summary__,-1,-1,,,,1.6217657519294308,0.7156862745098039,0.19735720375106558,0.6595744680851063,0.26595744680851063,CHEMBL235_EC50
86921808,mondrian_pair,cliffB_oracle,all,470,384,0.8170212765957446,0.7795428589655995,0.8493594763042356,1.642616166370732,,,,,CHEMBL235_EC50
86921808,mondrian_pair,cliffB_oracle,cliff,18,8,0.4444444444444444,0.24559518127005633,0.6628358435795723,1.6509933385401112,,,,,CHEMBL235_EC50
86921808,mondrian_pair,cliffB_oracle,noncliff,452,376,0.831858407079646,0.7946157161578923,0.8635078357808211,1.6422825621692967,,,,,CHEMBL235_EC50
86921808,mondrian_pair,cliffA,all,470,384,0.8170212765957446,0.7795428589655995,0.8493594763042356,1.642616166370732,,,,,CHEMBL235_EC50
86921808,mondrian_pair,cliffA,cliff,31,19,0.6129032258064516,0.4382410861966073,0.7626689857961975,1.6644182527936215,,,,,CHEMBL235_EC50
86921808,mondrian_pair,cliffA,noncliff,439,365,0.8314350797266514,0.7935741169361697,0.8635459295358688,1.6410766112930335,,,,,CHEMBL235_EC50
86921808,mondrian_pair,__bins__,__summary__,-1,-1,,,,1.642616166370732,0.7254901960784313,0.18755328218243816,0.6595744680851063,0.27659574468085113,CHEMBL235_EC50
86921808,mondrian_wstd,cliffB_oracle,all,470,383,0.8148936170212766,0.77727793375992,0.8474035804678357,1.5742015719330442,,,,,CHEMBL235_EC50
86921808,mondrian_wstd,cliffB_oracle,cliff,18,10,0.5555555555555556,0.33716415642042774,0.7544048187299437,1.8222095385083108,,,,,CHEMBL235_EC50
86921808,mondrian_wstd,cliffB_oracle,noncliff,452,373,0.8252212389380531,0.7875095023359766,0.8574515785639625,1.5643251484853562,,,,,CHEMBL235_EC50
86921808,mondrian_wstd,cliffA,all,470,383,0.8148936170212766,0.77727793375992,0.8474035804678357,1.5742015719330442,,,,,CHEMBL235_EC50
86921808,mondrian_wstd,cliffA,cliff,31,21,0.6774193548387096,0.5014100930808565,0.8143057343364082,1.827634602050098,,,,,CHEMBL235_EC50
86921808,mondrian_wstd,cliffA,noncliff,439,362,0.8246013667425968,0.7862529876627012,0.8573181918717697,1.556305389851885,,,,,CHEMBL235_EC50
86921808,mondrian_wstd,__bins__,__summary__,-1,-1,,,,1.5742015719330442,0.717391304347826,0.1551577152600171,0.7340425531914894,0.17021276595744683,CHEMBL235_EC50
86921808,mondrian_std,cliffB_oracle,all,470,386,0.8212765957446808,0.7840779362423304,0.8532660411116636,1.619701207877905,,,,,CHEMBL235_EC50
86921808,mondrian_std,cliffB_oracle,cliff,18,10,0.5555555555555556,0.33716415642042774,0.7544048187299437,1.8494915987527856,,,,,CHEMBL235_EC50
86921808,mondrian_std,cliffB_oracle,noncliff,452,376,0.831858407079646,0.7946157161578923,0.8635078357808211,1.610550263108551,,,,,CHEMBL235_EC50
86921808,mondrian_std,cliffA,all,470,386,0.8212765957446808,0.7840779362423304,0.8532660411116636,1.619701207877905,,,,,CHEMBL235_EC50
86921808,mondrian_std,cliffA,cliff,31,21,0.6774193548387096,0.5014100930808565,0.8143057343364082,1.8801345613720926,,,,,CHEMBL235_EC50
86921808,mondrian_std,cliffA,noncliff,439,365,0.8314350797266514,0.7935741169361697,0.8635459295358688,1.6013106977222789,,,,,CHEMBL235_EC50
86921808,mondrian_std,__bins__,__summary__,-1,-1,,,,1.619701207877905,0.7391304347826086,0.12361466325660708,0.7340425531914894,0.17021276595744683,CHEMBL235_EC50
86921808,mondrian_iqr,cliffB_oracle,all,470,378,0.8042553191489362,0.7659785475552651,0.8375988614620936,1.5954851333663955,,,,,CHEMBL235_EC50
86921808,mondrian_iqr,cliffB_oracle,cliff,18,8,0.4444444444444444,0.24559518127005633,0.6628358435795723,1.7057352579071932,,,,,CHEMBL235_EC50
86921808,mondrian_iqr,cliffB_oracle,noncliff,452,370,0.8185840707964602,0.7804214278029159,0.8513771820582491,1.5910946416811425,,,,,CHEMBL235_EC50
86921808,mondrian_iqr,cliffA,all,470,378,0.8042553191489362,0.7659785475552651,0.8375988614620936,1.5954851333663955,,,,,CHEMBL235_EC50
86921808,mondrian_iqr,cliffA,cliff,31,19,0.6129032258064516,0.4382410861966073,0.7626689857961975,1.7173017686696006,,,,,CHEMBL235_EC50
86921808,mondrian_iqr,cliffA,noncliff,439,359,0.8177676537585421,0.7789512781129678,0.8510710344839353,1.58688304750216,,,,,CHEMBL235_EC50
86921808,mondrian_iqr,__bins__,__summary__,-1,-1,,,,1.5954851333663955,0.7934782608695652,0.021739130434782594,0.723404255319149,0.14893617021276595,CHEMBL235_EC50
86921808,mondrian_nb,cliffB_oracle,all,470,389,0.8276595744680851,0.7908939824936482,0.8591124579865842,1.6936567813724404,,,,,CHEMBL235_EC50
86921808,mondrian_nb,cliffB_oracle,cliff,18,9,0.5,0.29031021505169974,0.7096897849483003,1.715009996944813,,,,,CHEMBL235_EC50
86921808,mondrian_nb,cliffB_oracle,noncliff,452,380,0.8407079646017699,0.8041203532608381,0.8715531600629076,1.6928064320797354,,,,,CHEMBL235_EC50
86921808,mondrian_nb,cliffA,all,470,389,0.8276595744680851,0.7908939824936482,0.8591124579865842,1.6936567813724404,,,,,CHEMBL235_EC50
86921808,mondrian_nb,cliffA,cliff,31,20,0.6451612903225806,0.46947954064368874,0.788833409061346,1.7205744341585285,,,,,CHEMBL235_EC50
86921808,mondrian_nb,cliffA,noncliff,439,369,0.8405466970387244,0.803367444266707,0.8718177581220888,1.6917559904012134,,,,,CHEMBL235_EC50
86921808,mondrian_nb,__bins__,__summary__,-1,-1,,,,1.6936567813724404,0.7352941176470589,0.188618925831202,0.7127659574468085,0.23404255319148937,CHEMBL235_EC50
86921808,mondrian_nnsim,cliffB_oracle,all,470,394,0.8382978723404255,0.8022916281871281,0.8688189175035014,1.7054836974322787,,,,,CHEMBL235_EC50
86921808,mondrian_nnsim,cliffB_oracle,cliff,18,9,0.5,0.29031021505169974,0.7096897849483003,1.7901856475168012,,,,,CHEMBL235_EC50
86921808,mondrian_nnsim,cliffB_oracle,noncliff,452,385,0.8517699115044248,0.81605206504614,0.8815589000088964,1.7021106109244881,,,,,CHEMBL235_EC50
86921808,mondrian_nnsim,cliffA,all,470,394,0.8382978723404255,0.8022916281871281,0.8688189175035014,1.7054836974322787,,,,,CHEMBL235_EC50
86921808,mondrian_nnsim,cliffA,cliff,31,20,0.6451612903225806,0.46947954064368874,0.788833409061346,1.779509535729196,,,,,CHEMBL235_EC50
86921808,mondrian_nnsim,cliffA,noncliff,439,374,0.8519362186788155,0.8156637796969347,0.8821028675878076,1.700256360331585,,,,,CHEMBL235_EC50
86921808,mondrian_nnsim,__bins__,__summary__,-1,-1,,,,1.7054836974322787,0.7549019607843137,0.1581415174765558,0.7340425531914894,0.2021276595744681,CHEMBL235_EC50
86921808,mondrian_pairgap,cliffB_oracle,all,470,393,0.8361702127659575,0.8000082106524757,0.8668815139960744,1.6982430653909542,,,,,CHEMBL235_EC50
86921808,mondrian_pairgap,cliffB_oracle,cliff,18,9,0.5,0.29031021505169974,0.7096897849483003,1.6787004589994068,,,,,CHEMBL235_EC50
86921808,mondrian_pairgap,cliffB_oracle,noncliff,452,384,0.8495575221238938,0.8136609883554998,0.8795624863532784,1.6990213107782282,,,,,CHEMBL235_EC50
86921808,mondrian_pairgap,cliffA,all,470,393,0.8361702127659575,0.8000082106524757,0.8668815139960744,1.6982430653909542,,,,,CHEMBL235_EC50
86921808,mondrian_pairgap,cliffA,cliff,31,20,0.6451612903225806,0.46947954064368874,0.788833409061346,1.7291887755359496,,,,,CHEMBL235_EC50
86921808,mondrian_pairgap,cliffA,noncliff,439,373,0.8496583143507973,0.8131994220846075,0.8800509362209454,1.6960578330116947,,,,,CHEMBL235_EC50
86921808,mondrian_pairgap,__bins__,__summary__,-1,-1,,,,1.6982430653909542,0.7549019607843137,0.1581415174765558,0.7127659574468085,0.21276595744680848,CHEMBL235_EC50
86921808,mondrian_rfstd,cliffB_oracle,all,470,389,0.8276595744680851,0.7908939824936482,0.8591124579865842,1.594603413486708,,,,,CHEMBL235_EC50
86921808,mondrian_rfstd,cliffB_oracle,cliff,18,9,0.5,0.29031021505169974,0.7096897849483003,1.7790071733700583,,,,,CHEMBL235_EC50
86921808,mondrian_rfstd,cliffB_oracle,noncliff,452,380,0.8407079646017699,0.8041203532608381,0.8715531600629076,1.5872599009249817,,,,,CHEMBL235_EC50
86921808,mondrian_rfstd,cliffA,all,470,389,0.8276595744680851,0.7908939824936482,0.8591124579865842,1.594603413486708,,,,,CHEMBL235_EC50
86921808,mondrian_rfstd,cliffA,cliff,31,21,0.6774193548387096,0.5014100930808565,0.8143057343364082,1.778698792798532,,,,,CHEMBL235_EC50
86921808,mondrian_rfstd,cliffA,noncliff,439,368,0.8382687927107062,0.8009155912868379,0.8697533221227688,1.5816035119863285,,,,,CHEMBL235_EC50
86921808,mondrian_rfstd,__bins__,__summary__,-1,-1,,,,1.594603413486708,0.7934782608695652,0.08695652173913049,0.7553191489361702,0.12765957446808507,CHEMBL235_EC50
71339737,global,cliffB_oracle,all,344,275,0.7994186046511628,0.753900826248979,0.838323000946356,1.8083522910989058,,,,,CHEMBL239_EC50
71339737,global,cliffB_oracle,cliff,24,15,0.625,0.42709962442674276,0.7884063244045122,1.808352291098906,,,,,CHEMBL239_EC50
71339737,global,cliffB_oracle,noncliff,320,260,0.8125,0.7661214565805327,0.8514646941498988,1.808352291098906,,,,,CHEMBL239_EC50
71339737,global,cliffA,all,344,275,0.7994186046511628,0.753900826248979,0.838323000946356,1.8083522910989058,,,,,CHEMBL239_EC50
71339737,global,cliffA,cliff,36,25,0.6944444444444444,0.5314372714948966,0.8199554840517008,1.808352291098906,,,,,CHEMBL239_EC50
71339737,global,cliffA,noncliff,308,250,0.8116883116883117,0.7642867211597265,0.8514107577005111,1.808352291098906,,,,,CHEMBL239_EC50
71339737,global,__bins__,__summary__,-1,-1,,,,1.8083522910989058,0.5974025974025974,0.29811979065710414,0.5797101449275363,0.34782608695652173,CHEMBL239_EC50
71339737,mondrian_pair,cliffB_oracle,all,344,276,0.8023255813953488,0.7570026113418039,0.8409709617486315,1.8045092451084208,,,,,CHEMBL239_EC50
71339737,mondrian_pair,cliffB_oracle,cliff,24,15,0.625,0.42709962442674276,0.7884063244045122,1.8139862015142694,,,,,CHEMBL239_EC50
71339737,mondrian_pair,cliffB_oracle,noncliff,320,261,0.815625,0.7694798371576582,0.8542821750800776,1.8037984733779815,,,,,CHEMBL239_EC50
71339737,mondrian_pair,cliffA,all,344,276,0.8023255813953488,0.7570026113418039,0.8409709617486315,1.8045092451084208,,,,,CHEMBL239_EC50
71339737,mondrian_pair,cliffA,cliff,36,25,0.6944444444444444,0.5314372714948966,0.8199554840517008,1.8139862015142694,,,,,CHEMBL239_EC50
71339737,mondrian_pair,cliffA,noncliff,308,251,0.814935064935065,0.7677785283853367,0.8543324658796951,1.8034015489051396,,,,,CHEMBL239_EC50
71339737,mondrian_pair,__bins__,__summary__,-1,-1,,,,1.8045092451084208,0.6103896103896104,0.28513277767009115,0.5942028985507246,0.33333333333333337,CHEMBL239_EC50
71339737,mondrian_wstd,cliffB_oracle,all,344,270,0.7848837209302325,0.738441686432855,0.8250334112869783,1.6976162011028888,,,,,CHEMBL239_EC50
71339737,mondrian_wstd,cliffB_oracle,cliff,24,15,0.625,0.42709962442674276,0.7884063244045122,1.8678855088618047,,,,,CHEMBL239_EC50
71339737,mondrian_wstd,cliffB_oracle,noncliff,320,255,0.796875,0.7493935235775984,0.8373133196163114,1.68484600302097,,,,,CHEMBL239_EC50
71339737,mondrian_wstd,cliffA,all,344,270,0.7848837209302325,0.738441686432855,0.8250334112869783,1.6976162011028888,,,,,CHEMBL239_EC50
71339737,mondrian_wstd,cliffA,cliff,36,25,0.6944444444444444,0.5314372714948966,0.8199554840517008,1.8480198317454102,,,,,CHEMBL239_EC50
71339737,mondrian_wstd,cliffA,noncliff,308,245,0.7954545454545454,0.7468975955371613,0.8367323062991057,1.680036555962854,,,,,CHEMBL239_EC50
71339737,mondrian_wstd,__bins__,__summary__,-1,-1,,,,1.6976162011028888,0.6363636363636364,0.24423337856173677,0.6086956521739131,0.28985507246376807,CHEMBL239_EC50
71339737,mondrian_std,cliffB_oracle,all,344,269,0.7819767441860465,0.7353594679971659,0.822365883827567,1.7060937828207525,,,,,CHEMBL239_EC50
71339737,mondrian_std,cliffB_oracle,cliff,24,15,0.625,0.42709962442674276,0.7884063244045122,1.825003717545819,,,,,CHEMBL239_EC50
71339737,mondrian_std,cliffB_oracle,noncliff,320,254,0.79375,0.7460602089517604,0.8344707727348452,1.6971755377163724,,,,,CHEMBL239_EC50
71339737,mondrian_std,cliffA,all,344,269,0.7819767441860465,0.7353594679971659,0.822365883827567,1.7060937828207525,,,,,CHEMBL239_EC50
71339737,mondrian_std,cliffA,cliff,36,25,0.6944444444444444,0.5314372714948966,0.8199554840517008,1.8125856113036976,,,,,CHEMBL239_EC50
71339737,mondrian_std,cliffA,noncliff,308,244,0.7922077922077922,0.7434331652242995,0.8337832212071733,1.6936466859850836,,,,,CHEMBL239_EC50
71339737,mondrian_std,__bins__,__summary__,-1,-1,,,,1.7060937828207525,0.6363636363636364,0.22930800542740837,0.5942028985507246,0.30434782608695654,CHEMBL239_EC50
71339737,mondrian_iqr,cliffB_oracle,all,344,277,0.8052325581395349,0.7601078398927558,0.84361547909278,1.7811737772407776,,,,,CHEMBL239_EC50
71339737,mondrian_iqr,cliffB_oracle,cliff,24,15,0.625,0.42709962442674276,0.7884063244045122,1.8761666935468149,,,,,CHEMBL239_EC50
71339737,mondrian_iqr,cliffB_oracle,noncliff,320,262,0.81875,0.7728426710242731,0.857095202720767,1.774049308517825,,,,,CHEMBL239_EC50
71339737,mondrian_iqr,cliffA,all,344,277,0.8052325581395349,0.7601078398927558,0.84361547909278,1.7811737772407776,,,,,CHEMBL239_EC50
71339737,mondrian_iqr,cliffA,cliff,36,25,0.6944444444444444,0.5314372714948966,0.8199554840517008,1.8741772713095388,,,,,CHEMBL239_EC50
71339737,mondrian_iqr,cliffA,noncliff,308,252,0.8181818181818182,0.7712752091111277,0.8572493005586983,1.7703032389730002,,,,,CHEMBL239_EC50
71339737,mondrian_iqr,__bins__,__summary__,-1,-1,,,,1.7811737772407776,0.6493506493506493,0.21632099244039538,0.6231884057971014,0.28985507246376807,CHEMBL239_EC50
71339737,mondrian_nb,cliffB_oracle,all,344,269,0.7819767441860465,0.7353594679971659,0.822365883827567,1.8100439924054323,,,,,CHEMBL239_EC50
71339737,mondrian_nb,cliffB_oracle,cliff,24,13,0.5416666666666666,0.3507486535891948,0.72108666268789,1.7756252371115633,,,,,CHEMBL239_EC50
71339737,mondrian_nb,cliffB_oracle,noncliff,320,256,0.8,0.7527308343245978,0.8401518703766164,1.8126253990524723,,,,,CHEMBL239_EC50
71339737,mondrian_nb,cliffA,all,344,269,0.7819767441860465,0.7353594679971659,0.822365883827567,1.8100439924054323,,,,,CHEMBL239_EC50
71339737,mondrian_nb,cliffA,cliff,36,22,0.6111111111111112,0.44864459096605147,0.75215126934629,1.7743498765031716,,,,,CHEMBL239_EC50
71339737,mondrian_nb,cliffA,noncliff,308,247,0.801948051948052,0.7538396096234374,0.8426173230224179,1.8142160319264762,,,,,CHEMBL239_EC50
71339737,mondrian_nb,__bins__,__summary__,-1,-1,,,,1.8100439924054323,0.5324675324675324,0.3630548555921691,0.5507246376811594,0.34782608695652173,CHEMBL239_EC50
71339737,mondrian_nnsim,cliffB_oracle,all,344,279,0.811046511627907,0.766328858803017,0.8488939519727194,1.814842886679107,,,,,CHEMBL239_EC50
71339737,mondrian_nnsim,cliffB_oracle,cliff,24,15,0.625,0.42709962442674276,0.7884063244045122,1.8378468651569886,,,,,CHEMBL239_EC50
71339737,mondrian_nnsim,cliffB_oracle,noncliff,320,264,0.825,0.7795820535137481,0.8627075432459006,1.813117588293266,,,,,CHEMBL239_EC50
71339737,mondrian_nnsim,cliffA,all,344,279,0.811046511627907,0.766328858803017,0.8488939519727194,1.814842886679107,,,,,CHEMBL239_EC50
71339737,mondrian_nnsim,cliffA,cliff,36,25,0.6944444444444444,0.5314372714948966,0.8199554840517008,1.8328436433105315,,,,,CHEMBL239_EC50
71339737,mondrian_nnsim,cliffA,noncliff,308,254,0.8246753246753247,0.7782835927045978,0.8630679477748163,1.8127389021377718,,,,,CHEMBL239_EC50
71339737,mondrian_nnsim,__bins__,__summary__,-1,-1,,,,1.814842886679107,0.6103896103896104,0.30005815080441944,0.5797101449275363,0.3623188405797101,CHEMBL239_EC50
71339737,mondrian_pairgap,cliffB_oracle,all,344,276,0.8023255813953488,0.7570026113418039,0.8409709617486315,1.8015059150633244,,,,,CHEMBL239_EC50
71339737,mondrian_pairgap,cliffB_oracle,cliff,24,15,0.625,0.42709962442674276,0.7884063244045122,1.831301534782143,,,,,CHEMBL239_EC50
71339737,mondrian_pairgap,cliffB_oracle,noncliff,320,261,0.815625,0.7694798371576582,0.8542821750800776,1.799271243584413,,,,,CHEMBL239_EC50
71339737,mondrian_pairgap,cliffA,all,344,276,0.8023255813953488,0.7570026113418039,0.8409709617486315,1.8015059150633244,,,,,CHEMBL239_EC50
71339737,mondrian_pairgap,cliffA,cliff,36,25,0.6944444444444444,0.5314372714948966,0.8199554840517008,1.8264963073095888,,,,,CHEMBL239_EC50
71339737,mondrian_pairgap,cliffA,noncliff,308,251,0.814935064935065,0.7677785283853367,0.8543324658796951,1.7985849601254496,,,,,CHEMBL239_EC50
71339737,mondrian_pairgap,__bins__,__summary__,-1,-1,,,,1.8015059150633244,0.6103896103896104,0.28513277767009115,0.5797101449275363,0.34782608695652173,CHEMBL239_EC50
71339737,mondrian_rfstd,cliffB_oracle,all,344,262,0.7616279069767442,0.7138682812895282,0.8036088492695025,1.6976135693749717,,,,,CHEMBL239_EC50
71339737,mondrian_rfstd,cliffB_oracle,cliff,24,14,0.5833333333333334,0.3883466586522876,0.7553239739018824,1.8480432551838348,,,,,CHEMBL239_EC50
71339737,mondrian_rfstd,cliffB_oracle,noncliff,320,248,0.775,0.7261407002515256,0.8173351123912541,1.686331342939307,,,,,CHEMBL239_EC50
71339737,mondrian_rfstd,cliffA,all,344,262,0.7616279069767442,0.7138682812895282,0.8036088492695025,1.6976135693749717,,,,,CHEMBL239_EC50
71339737,mondrian_rfstd,cliffA,cliff,36,23,0.6388888888888888,0.4757507548555804,0.7752440705348462,1.7938703166784176,,,,,CHEMBL239_EC50
71339737,mondrian_rfstd,cliffA,noncliff,308,239,0.775974025974026,0.7261738963933659,0.8189749130141362,1.6863627807291144,,,,,CHEMBL239_EC50
71339737,mondrian_rfstd,__bins__,__summary__,-1,-1,,,,1.6976135693749717,0.6363636363636364,0.2272727272727273,0.6231884057971014,0.2591645353793691,CHEMBL239_EC50
99182118,global,cliffB_oracle,all,344,282,0.8197674418604651,0.7756877192167014,0.8567843292443361,1.8753685372753934,,,,,CHEMBL239_EC50
99182118,global,cliffB_oracle,cliff,17,9,0.5294117647058824,0.30963235060004424,0.7383489355759056,1.8753685372753939,,,,,CHEMBL239_EC50
99182118,global,cliffB_oracle,noncliff,327,273,0.8348623853211009,0.7907757564861327,0.8711727211340535,1.8753685372753937,,,,,CHEMBL239_EC50
99182118,global,cliffA,all,344,282,0.8197674418604651,0.7756877192167014,0.8567843292443361,1.8753685372753934,,,,,CHEMBL239_EC50
99182118,global,cliffA,cliff,42,30,0.7142857142857143,0.5643279073180463,0.8283297537395091,1.8753685372753934,,,,,CHEMBL239_EC50
99182118,global,cliffA,noncliff,302,252,0.8344370860927153,0.7883691312523797,0.8721037842866044,1.8753685372753937,,,,,CHEMBL239_EC50
99182118,global,__bins__,__summary__,-1,-1,,,,1.8753685372753934,0.6973684210526315,0.1832285938727416,0.5652173913043478,0.39130434782608703,CHEMBL239_EC50
99182118,mondrian_pair,cliffB_oracle,all,344,284,0.8255813953488372,0.7819459605093837,0.8620255797418546,1.897637153546195,,,,,CHEMBL239_EC50
99182118,mondrian_pair,cliffB_oracle,cliff,17,9,0.5294117647058824,0.30963235060004424,0.7383489355759056,1.8912538555213965,,,,,CHEMBL239_EC50
99182118,mondrian_pair,cliffB_oracle,noncliff,327,275,0.8409785932721713,0.7974153965959275,0.8766234641771388,1.897969006960328,,,,,CHEMBL239_EC50
99182118,mondrian_pair,cliffA,all,344,284,0.8255813953488372,0.7819459605093837,0.8620255797418546,1.897637153546195,,,,,CHEMBL239_EC50
99182118,mondrian_pair,cliffA,cliff,42,30,0.7142857142857143,0.5643279073180463,0.8283297537395091,1.8918476346297306,,,,,CHEMBL239_EC50
99182118,mondrian_pair,cliffA,noncliff,302,254,0.8410596026490066,0.7955763949736644,0.877975192160151,1.8984423184286165,,,,,CHEMBL239_EC50
99182118,mondrian_pair,__bins__,__summary__,-1,-1,,,,1.897637153546195,0.6973684210526315,0.1832285938727416,0.5797101449275363,0.37681159420289856,CHEMBL239_EC50
99182118,mondrian_wstd,cliffB_oracle,all,344,287,0.8343023255813954,0.7913633010384159,0.8698574768981232,1.887200633583786,,,,,CHEMBL239_EC50
99182118,mondrian_wstd,cliffB_oracle,cliff,17,10,0.5882352941176471,0.3600544264299978,0.7838894320978518,1.857088826650529,,,,,CHEMBL239_EC50
99182118,mondrian_wstd,cliffB_oracle,noncliff,327,277,0.8470948012232415,0.8040751055688744,0.8820541383570719,1.8887660792041698,,,,,CHEMBL239_EC50
99182118,mondrian_wstd,cliffA,all,344,287,0.8343023255813954,0.7913633010384159,0.8698574768981232,1.887200633583786,,,,,CHEMBL239_EC50
99182118,mondrian_wstd,cliffA,cliff,42,33,0.7857142857142857,0.6406015468367708,0.8829420012399697,2.0073986393869587,,,,,CHEMBL239_EC50
99182118,mondrian_wstd,cliffA,noncliff,302,254,0.8410596026490066,0.7955763949736644,0.877975192160151,1.8704843546310272,,,,,CHEMBL239_EC50
99182118,mondrian_wstd,__bins__,__summary__,-1,-1,,,,1.887200633583786,0.7761194029850746,0.10447761194029848,0.6376811594202898,0.318840579710145,CHEMBL239_EC50
99182118,mondrian_std,cliffB_oracle,all,344,285,0.8284883720930233,0.7850809984241733,0.8646402877221653,1.845577863990475,,,,,CHEMBL239_EC50
99182118,mondrian_std,cliffB_oracle,cliff,17,10,0.5882352941176471,0.3600544264299978,0.7838894320978518,1.7558797651995635,,,,,CHEMBL239_EC50
99182118,mondrian_std,cliffB_oracle,noncliff,327,275,0.8409785932721713,0.7974153965959275,0.8766234641771388,1.8502410679031527,,,,,CHEMBL239_EC50
99182118,mondrian_std,cliffA,all,344,285,0.8284883720930233,0.7850809984241733,0.8646402877221653,1.845577863990475,,,,,CHEMBL239_EC50
99182118,mondrian_std,cliffA,cliff,42,33,0.7857142857142857,0.6406015468367708,0.8829420012399697,1.9229413848071717,,,,,CHEMBL239_EC50
99182118,mondrian_std,cliffA,noncliff,302,252,0.8344370860927153,0.7883691312523797,0.8721037842866044,1.8348186988437825,,,,,CHEMBL239_EC50
99182118,mondrian_std,__bins__,__summary__,-1,-1,,,,1.845577863990475,0.7761194029850746,0.08955223880597007,0.6231884057971014,0.33333333333333337,CHEMBL239_EC50
99182118,mondrian_iqr,cliffB_oracle,all,344,285,0.8284883720930233,0.7850809984241733,0.8646402877221653,1.8797816078736767,,,,,CHEMBL239_EC50
99182118,mondrian_iqr,cliffB_oracle,cliff,17,11,0.6470588235294118,0.41300363485218694,0.8269027960275627,1.9120046953513727,,,,,CHEMBL239_EC50
99182118,mondrian_iqr,cliffB_oracle,noncliff,327,274,0.8379204892966361,0.7940931246991569,0.8739005444974695,1.8781064014910442,,,,,CHEMBL239_EC50
99182118,mondrian_iqr,cliffA,all,344,285,0.8284883720930233,0.7850809984241733,0.8646402877221653,1.8797816078736767,,,,,CHEMBL239_EC50
99182118,mondrian_iqr,cliffA,cliff,42,32,0.7619047619047619,0.6147245613168169,0.8651903577535287,1.958853174719121,,,,,CHEMBL239_EC50
99182118,mondrian_iqr,cliffA,noncliff,302,253,0.8377483443708609,0.7919697834628942,0.8750424678735055,1.8687848999017938,,,,,CHEMBL239_EC50
99182118,mondrian_iqr,__bins__,__summary__,-1,-1,,,,1.8797816078736767,0.7761194029850746,0.10447761194029848,0.6376811594202898,0.2753623188405797,CHEMBL239_EC50
99182118,mondrian_nb,cliffB_oracle,all,344,282,0.8197674418604651,0.7756877192167014,0.8567843292443361,1.8742723254886688,,,,,CHEMBL239_EC50
99182118,mondrian_nb,cliffB_oracle,cliff,17,8,0.47058823529411764,0.26165106442409436,0.6903676493999558,1.7827354228054078,,,,,CHEMBL239_EC50
99182118,mondrian_nb,cliffB_oracle,noncliff,327,274,0.8379204892966361,0.7940931246991569,0.8739005444974695,1.8790311247107345,,,,,CHEMBL239_EC50
99182118,mondrian_nb,cliffA,all,344,282,0.8197674418604651,0.7756877192167014,0.8567843292443361,1.8742723254886688,,,,,CHEMBL239_EC50
99182118,mondrian_nb,cliffA,cliff,42,27,0.6428571428571429,0.4916636571945582,0.7701081168438123,1.8098102695459086,,,,,CHEMBL239_EC50
99182118,mondrian_nb,cliffA,noncliff,302,255,0.8443708609271523,0.7991891132240444,0.8809018097071867,1.8832372471760728,,,,,CHEMBL239_EC50
99182118,mondrian_nb,__bins__,__summary__,-1,-1,,,,1.8742723254886688,0.6710526315789473,0.23939512961508247,0.5507246376811594,0.4057971014492754,CHEMBL239_EC50
99182118,mondrian_nnsim,cliffB_oracle,all,344,280,0.813953488372093,0.769444770441689,0.8515277862291478,1.8676340940026204,,,,,CHEMBL239_EC50
99182118,mondrian_nnsim,cliffB_oracle,cliff,17,9,0.5294117647058824,0.30963235060004424,0.7383489355759056,1.9306536574719217,,,,,CHEMBL239_EC50
99182118,mondrian_nnsim,cliffB_oracle,noncliff,327,271,0.8287461773700305,0.7841553074660934,0.8657027870012126,1.8643578475837275,,,,,CHEMBL239_EC50
99182118,mondrian_nnsim,cliffA,all,344,280,0.813953488372093,0.769444770441689,0.8515277862291478,1.8676340940026204,,,,,CHEMBL239_EC50
99182118,mondrian_nnsim,cliffA,cliff,42,29,0.6904761904761905,0.5397400606391092,0.8092889714120513,1.8945450277833769,,,,,CHEMBL239_EC50
99182118,mondrian_nnsim,cliffA,noncliff,302,251,0.8311258278145696,0.7847742980964455,0.8691592816451229,1.8638915138079462,,,,,CHEMBL239_EC50
99182118,mondrian_nnsim,__bins__,__summary__,-1,-1,,,,1.8676340940026204,0.6710526315789473,0.20954438334642578,0.5942028985507246,0.3623188405797102,CHEMBL239_EC50
99182118,mondrian_pairgap,cliffB_oracle,all,344,285,0.8284883720930233,0.7850809984241733,0.8646402877221653,1.9258014416908766,,,,,CHEMBL239_EC50
99182118,mondrian_pairgap,cliffB_oracle,cliff,17,8,0.47058823529411764,0.26165106442409436,0.6903676493999558,1.9064552970072175,,,,,CHEMBL239_EC50
99182118,mondrian_pairgap,cliffB_oracle,noncliff,327,277,0.8470948012232415,0.8040751055688744,0.8820541383570719,1.9268072045643392,,,,,CHEMBL239_EC50
99182118,mondrian_pairgap,cliffA,all,344,285,0.8284883720930233,0.7850809984241733,0.8646402877221653,1.9258014416908766,,,,,CHEMBL239_EC50
99182118,mondrian_pairgap,cliffA,cliff,42,29,0.6904761904761905,0.5397400606391092,0.8092889714120513,1.9169268865670714,,,,,CHEMBL239_EC50
99182118,mondrian_pairgap,cliffA,noncliff,302,256,0.847682119205298,0.8028080933659806,0.8838221653626662,1.9270356513438562,,,,,CHEMBL239_EC50
99182118,mondrian_pairgap,__bins__,__summary__,-1,-1,,,,1.9258014416908766,0.7236842105263158,0.1569128043990573,0.6231884057971014,0.33333333333333337,CHEMBL239_EC50
99182118,mondrian_rfstd,cliffB_oracle,all,344,279,0.811046511627907,0.766328858803017,0.8488939519727194,1.7673969294114114,,,,,CHEMBL239_EC50
99182118,mondrian_rfstd,cliffB_oracle,cliff,17,9,0.5294117647058824,0.30963235060004424,0.7383489355759056,1.705020810794502,,,,,CHEMBL239_EC50
99182118,mondrian_rfstd,cliffB_oracle,noncliff,327,270,0.8256880733944955,0.7808520264624688,0.8629608764283974,1.7706397245688654,,,,,CHEMBL239_EC50
99182118,mondrian_rfstd,cliffA,all,344,279,0.811046511627907,0.766328858803017,0.8488939519727194,1.7673969294114114,,,,,CHEMBL239_EC50
99182118,mondrian_rfstd,cliffA,cliff,42,26,0.6190476190476191,0.4681404026715268,0.7500027423604485,1.7317529613841864,,,,,CHEMBL239_EC50
99182118,mondrian_rfstd,cliffA,noncliff,302,253,0.8377483443708609,0.7919697834628942,0.8750424678735055,1.7723540375476476,,,,,CHEMBL239_EC50
99182118,mondrian_rfstd,__bins__,__summary__,-1,-1,,,,1.7673969294114114,0.75,0.11567164179104472,0.7246376811594203,0.14300937766410915,CHEMBL239_EC50
89709943,global,cliffB_oracle,all,344,285,0.8284883720930233,0.7850809984241733,0.8646402877221653,1.8361480216619588,,,,,CHEMBL239_EC50
89709943,global,cliffB_oracle,cliff,26,14,0.5384615384615384,0.35457938746858797,0.7124414646960878,1.8361480216619588,,,,,CHEMBL239_EC50
89709943,global,cliffB_oracle,noncliff,318,271,0.8522012578616353,0.808996833246259,0.8869980234163687,1.8361480216619588,,,,,CHEMBL239_EC50
89709943,global,cliffA,all,344,285,0.8284883720930233,0.7850809984241733,0.8646402877221653,1.8361480216619588,,,,,CHEMBL239_EC50
89709943,global,cliffA,cliff,36,22,0.6111111111111112,0.44864459096605147,0.75215126934629,1.8361480216619586,,,,,CHEMBL239_EC50
89709943,global,cliffA,noncliff,308,263,0.8538961038961039,0.8100923613055787,0.8889808178169828,1.8361480216619592,,,,,CHEMBL239_EC50
89709943,global,__bins__,__summary__,-1,-1,,,,1.8361480216619588,0.6375,0.28674242424242424,0.7391304347826086,0.2028985507246377,CHEMBL239_EC50
89709943,mondrian_pair,cliffB_oracle,all,344,287,0.8343023255813954,0.7913633010384159,0.8698574768981232,1.8562321272209752,,,,,CHEMBL239_EC50
89709943,mondrian_pair,cliffB_oracle,cliff,26,14,0.5384615384615384,0.35457938746858797,0.7124414646960878,1.79080496762322,,,,,CHEMBL239_EC50
89709943,mondrian_pair,cliffB_oracle,noncliff,318,273,0.8584905660377359,0.8158928383579657,0.8925304978879233,1.8615815176283388,,,,,CHEMBL239_EC50
89709943,mondrian_pair,cliffA,all,344,287,0.8343023255813954,0.7913633010384159,0.8698574768981232,1.8562321272209752,,,,,CHEMBL239_EC50
89709943,mondrian_pair,cliffA,cliff,36,22,0.6111111111111112,0.44864459096605147,0.75215126934629,1.7794752782621588,,,,,CHEMBL239_EC50
89709943,mondrian_pair,cliffA,noncliff,308,265,0.8603896103896104,0.8172278310927522,0.8946723788393974,1.8652037069694078,,,,,CHEMBL239_EC50
89709943,mondrian_pair,__bins__,__summary__,-1,-1,,,,1.8562321272209752,0.625,0.3295454545454546,0.7536231884057971,0.1594202898550724,CHEMBL239_EC50
89709943,mondrian_wstd,cliffB_oracle,all,344,286,0.8313953488372093,0.7882200846802482,0.8672509473611906,1.8071937934464923,,,,,CHEMBL239_EC50
89709943,mondrian_wstd,cliffB_oracle,cliff,26,13,0.5,0.3206059352575905,0.6793940647424095,1.9126604767722886,,,,,CHEMBL239_EC50
89709943,mondrian_wstd,cliffB_oracle,noncliff,318,273,0.8584905660377359,0.8158928383579657,0.8925304978879233,1.7985707312877792,,,,,CHEMBL239_EC50
89709943,mondrian_wstd,cliffA,all,344,286,0.8313953488372093,0.7882200846802482,0.8672509473611906,1.8071937934464923,,,,,CHEMBL239_EC50
89709943,mondrian_wstd,cliffA,cliff,36,21,0.5833333333333334,0.4220025157487166,0.7285943794855394,1.9088955647254917,,,,,CHEMBL239_EC50
89709943,mondrian_wstd,cliffA,noncliff,308,265,0.8603896103896104,0.8172278310927522,0.8946723788393974,1.7953065734268687,,,,,CHEMBL239_EC50
89709943,mondrian_wstd,__bins__,__summary__,-1,-1,,,,1.8071937934464923,0.7625,0.11628787878787883,0.7971014492753623,0.05797101449275366,CHEMBL239_EC50
89709943,mondrian_std,cliffB_oracle,all,344,285,0.8284883720930233,0.7850809984241733,0.8646402877221653,1.8544703911552736,,,,,CHEMBL239_EC50
89709943,mondrian_std,cliffB_oracle,cliff,26,13,0.5,0.3206059352575905,0.6793940647424095,1.9574069406189414,,,,,CHEMBL239_EC50
89709943,mondrian_std,cliffB_oracle,noncliff,318,272,0.8553459119496856,0.8124418247197458,0.8897672717345126,1.8460541952871745,,,,,CHEMBL239_EC50
89709943,mondrian_std,cliffA,all,344,285,0.8284883720930233,0.7850809984241733,0.8646402877221653,1.8544703911552736,,,,,CHEMBL239_EC50
89709943,mondrian_std,cliffA,cliff,36,21,0.5833333333333334,0.4220025157487166,0.7285943794855394,1.9511311343249775,,,,,CHEMBL239_EC50
89709943,mondrian_std,cliffA,noncliff,308,264,0.8571428571428571,0.8136567885212637,0.8918299060060918,1.8431723822133599,,,,,CHEMBL239_EC50
89709943,mondrian_std,__bins__,__summary__,-1,-1,,,,1.8544703911552736,0.75,0.1742424242424242,0.782608695652174,0.08695652173913038,CHEMBL239_EC50
89709943,mondrian_iqr,cliffB_oracle,all,344,296,0.8604651162790697,0.8198535371595861,0.893114953832856,1.9732194989773608,,,,,CHEMBL239_EC50
89709943,mondrian_iqr,cliffB_oracle,cliff,26,13,0.5,0.3206059352575905,0.6793940647424095,2.0044064209874666,,,,,CHEMBL239_EC50
89709943,mondrian_iqr,cliffB_oracle,noncliff,318,283,0.889937106918239,0.8507753401609235,0.9197903940012715,1.9706696248507483,,,,,CHEMBL239_EC50
89709943,mondrian_iqr,cliffA,all,344,296,0.8604651162790697,0.8198535371595861,0.893114953832856,1.9732194989773608,,,,,CHEMBL239_EC50
89709943,mondrian_iqr,cliffA,cliff,36,21,0.5833333333333334,0.4220025157487166,0.7285943794855394,2.0211583906377246,,,,,CHEMBL239_EC50
89709943,mondrian_iqr,cliffA,noncliff,308,275,0.8928571428571429,0.8533498218355321,0.9226855421445591,1.9676162519001754,,,,,CHEMBL239_EC50
89709943,mondrian_iqr,__bins__,__summary__,-1,-1,,,,1.9732194989773608,0.7375,0.18674242424242415,0.8260869565217391,0.07246376811594202,CHEMBL239_EC50
89709943,mondrian_nb,cliffB_oracle,all,344,285,0.8284883720930233,0.7850809984241733,0.8646402877221653,1.9153359456975392,,,,,CHEMBL239_EC50
89709943,mondrian_nb,cliffB_oracle,cliff,26,13,0.5,0.3206059352575905,0.6793940647424095,1.7013425269435625,,,,,CHEMBL239_EC50
89709943,mondrian_nb,cliffB_oracle,noncliff,318,272,0.8553459119496856,0.8124418247197458,0.8897672717345126,1.9328322629541534,,,,,CHEMBL239_EC50
89709943,mondrian_nb,cliffA,all,344,285,0.8284883720930233,0.7850809984241733,0.8646402877221653,1.9153359456975392,,,,,CHEMBL239_EC50
89709943,mondrian_nb,cliffA,cliff,36,22,0.6111111111111112,0.44864459096605147,0.75215126934629,1.7348127988502076,,,,,CHEMBL239_EC50
89709943,mondrian_nb,cliffA,noncliff,308,263,0.8538961038961039,0.8100923613055787,0.8889808178169828,1.9364360537706038,,,,,CHEMBL239_EC50
89709943,mondrian_nb,__bins__,__summary__,-1,-1,,,,1.9153359456975392,0.675,0.27954545454545454,0.7971014492753623,0.08695652173913049,CHEMBL239_EC50
89709943,mondrian_nnsim,cliffB_oracle,all,344,280,0.813953488372093,0.769444770441689,0.8515277862291478,1.86805621542204,,,,,CHEMBL239_EC50
89709943,mondrian_nnsim,cliffB_oracle,cliff,26,11,0.4230769230769231,0.2554444331365656,0.6105138625340828,1.6556204187723023,,,,,CHEMBL239_EC50
89709943,mondrian_nnsim,cliffB_oracle,noncliff,318,269,0.8459119496855346,0.8021243038663135,0.881442073213053,1.885425179927993,,,,,CHEMBL239_EC50
89709943,mondrian_nnsim,cliffA,all,344,280,0.813953488372093,0.769444770441689,0.8515277862291478,1.86805621542204,,,,,CHEMBL239_EC50
89709943,mondrian_nnsim,cliffA,cliff,36,19,0.5277777777777778,0.37005938022987594,0.6801395848482095,1.6786101516677105,,,,,CHEMBL239_EC50
89709943,mondrian_nnsim,cliffA,noncliff,308,261,0.8474025974025974,0.8029826488561009,0.8832634994568722,1.8901992618348837,,,,,CHEMBL239_EC50
89709943,mondrian_nnsim,__bins__,__summary__,-1,-1,,,,1.86805621542204,0.5875,0.32159090909090904,0.7246376811594203,0.14492753623188404,CHEMBL239_EC50
89709943,mondrian_pairgap,cliffB_oracle,all,344,280,0.813953488372093,0.769444770441689,0.8515277862291478,1.8514504545606147,,,,,CHEMBL239_EC50
89709943,mondrian_pairgap,cliffB_oracle,cliff,26,11,0.4230769230769231,0.2554444331365656,0.6105138625340828,1.7513936530114533,,,,,CHEMBL239_EC50
89709943,mondrian_pairgap,cliffB_oracle,noncliff,318,269,0.8459119496855346,0.8021243038663135,0.881442073213053,1.859631199341364,,,,,CHEMBL239_EC50
89709943,mondrian_pairgap,cliffA,all,344,280,0.813953488372093,0.769444770441689,0.8515277862291478,1.8514504545606147,,,,,CHEMBL239_EC50
89709943,mondrian_pairgap,cliffA,cliff,36,19,0.5277777777777778,0.37005938022987594,0.6801395848482095,1.7504909608588026,,,,,CHEMBL239_EC50
89709943,mondrian_pairgap,cliffA,noncliff,308,261,0.8474025974025974,0.8029826488561009,0.8832634994568722,1.8632509148634238,,,,,CHEMBL239_EC50
89709943,mondrian_pairgap,__bins__,__summary__,-1,-1,,,,1.8514504545606147,0.6625,0.2617424242424242,0.7536231884057971,0.10144927536231885,CHEMBL239_EC50
89709943,mondrian_rfstd,cliffB_oracle,all,344,275,0.7994186046511628,0.753900826248979,0.838323000946356,1.7895155716130104,,,,,CHEMBL239_EC50
89709943,mondrian_rfstd,cliffB_oracle,cliff,26,10,0.38461538461538464,0.22428594435712798,0.5746514991488447,1.7876802036392345,,,,,CHEMBL239_EC50
89709943,mondrian_rfstd,cliffB_oracle,noncliff,318,265,0.8333333333333334,0.7884451793944859,0.8702642385183582,1.7896656331454575,,,,,CHEMBL239_EC50
89709943,mondrian_rfstd,cliffA,all,344,275,0.7994186046511628,0.753900826248979,0.838323000946356,1.7895155716130104,,,,,CHEMBL239_EC50
89709943,mondrian_rfstd,cliffA,cliff,36,19,0.5277777777777778,0.37005938022987594,0.6801395848482095,1.7983807274109833,,,,,CHEMBL239_EC50
89709943,mondrian_rfstd,cliffA,noncliff,308,256,0.8311688311688312,0.7853127218303456,0.8688658494586571,1.7884793845716886,,,,,CHEMBL239_EC50
89709943,mondrian_rfstd,__bins__,__summary__,-1,-1,,,,1.7895155716130104,0.7375,0.14128787878787874,0.6521739130434783,0.23188405797101452,CHEMBL239_EC50
86921808,global,cliffB_oracle,all,344,280,0.813953488372093,0.769444770441689,0.8515277862291478,1.818459112222037,,,,,CHEMBL239_EC50
86921808,global,cliffB_oracle,cliff,24,13,0.5416666666666666,0.3507486535891948,0.72108666268789,1.8184591122220368,,,,,CHEMBL239_EC50
86921808,global,cliffB_oracle,noncliff,320,267,0.834375,0.789726850491871,0.8710903307896906,1.8184591122220368,,,,,CHEMBL239_EC50
86921808,global,cliffA,all,344,280,0.813953488372093,0.769444770441689,0.8515277862291478,1.818459112222037,,,,,CHEMBL239_EC50
86921808,global,cliffA,cliff,40,26,0.65,0.49505880837257693,0.7786547112682372,1.8184591122220368,,,,,CHEMBL239_EC50
86921808,global,cliffA,noncliff,304,254,0.8355263157894737,0.7897175365574984,0.8729612357608922,1.8184591122220368,,,,,CHEMBL239_EC50
86921808,global,__bins__,__summary__,-1,-1,,,,1.818459112222037,0.631578947368421,0.2788688138256088,0.6376811594202898,0.2753623188405797,CHEMBL239_EC50
86921808,mondrian_pair,cliffB_oracle,all,344,276,0.8023255813953488,0.7570026113418039,0.8409709617486315,1.802829281472117,,,,,CHEMBL239_EC50
86921808,mondrian_pair,cliffB_oracle,cliff,24,12,0.5,0.3142742581957335,0.6857257418042665,1.7203089533357634,,,,,CHEMBL239_EC50
86921808,mondrian_pair,cliffB_oracle,noncliff,320,264,0.825,0.7795820535137481,0.8627075432459006,1.8090183060823435,,,,,CHEMBL239_EC50
86921808,mondrian_pair,cliffA,all,344,276,0.8023255813953488,0.7570026113418039,0.8409709617486315,1.802829281472117,,,,,CHEMBL239_EC50
86921808,mondrian_pair,cliffA,cliff,40,25,0.625,0.47032439137301096,0.7577702083276673,1.7098108050817302,,,,,CHEMBL239_EC50
86921808,mondrian_pair,cliffA,noncliff,304,251,0.8256578947368421,0.7790173106321029,0.8641709095592763,1.8150685546813785,,,,,CHEMBL239_EC50
86921808,mondrian_pair,__bins__,__summary__,-1,-1,,,,1.802829281472117,0.6052631578947368,0.3201099764336214,0.6231884057971014,0.28985507246376807,CHEMBL239_EC50
86921808,mondrian_wstd,cliffB_oracle,all,344,290,0.8430232558139535,0.8008186028543571,0.877651412767483,1.9332376587357691,,,,,CHEMBL239_EC50
86921808,mondrian_wstd,cliffB_oracle,cliff,24,14,0.5833333333333334,0.3883466586522876,0.7553239739018824,1.937270314530881,,,,,CHEMBL239_EC50
86921808,mondrian_wstd,cliffB_oracle,noncliff,320,276,0.8625,0.820447243296002,0.8959526915512984,1.9329352095511356,,,,,CHEMBL239_EC50
86921808,mondrian_wstd,cliffA,all,344,290,0.8430232558139535,0.8008186028543571,0.877651412767483,1.9332376587357691,,,,,CHEMBL239_EC50
86921808,mondrian_wstd,cliffA,cliff,40,27,0.675,0.5201774618987768,0.799154977682173,1.8705004238357001,,,,,CHEMBL239_EC50
86921808,mondrian_wstd,cliffA,noncliff,304,263,0.8651315789473685,0.8221465672697118,0.8990038614297134,1.9414925580647253,,,,,CHEMBL239_EC50
86921808,mondrian_wstd,__bins__,__summary__,-1,-1,,,,1.9332376587357691,0.8059701492537313,0.07462686567164178,0.7101449275362319,0.20289855072463758,CHEMBL239_EC50
86921808,mondrian_std,cliffB_oracle,all,344,289,0.8401162790697675,0.7976624690570808,0.875057800669659,1.918291815417077,,,,,CHEMBL239_EC50
86921808,mondrian_std,cliffB_oracle,cliff,24,14,0.5833333333333334,0.3883466586522876,0.7553239739018824,1.90016526197733,,,,,CHEMBL239_EC50
86921808,mondrian_std,cliffB_oracle,noncliff,320,275,0.859375,0.8170107228152117,0.8932133505247843,1.9196513069250578,,,,,CHEMBL239_EC50
86921808,mondrian_std,cliffA,all,344,289,0.8401162790697675,0.7976624690570808,0.875057800669659,1.918291815417077,,,,,CHEMBL239_EC50
86921808,mondrian_std,cliffA,cliff,40,27,0.675,0.5201774618987768,0.799154977682173,1.8627222913732926,,,,,CHEMBL239_EC50
86921808,mondrian_std,cliffA,noncliff,304,262,0.8618421052631579,0.818516615141812,0.8961369628486093,1.925603594896522,,,,,CHEMBL239_EC50
86921808,mondrian_std,__bins__,__summary__,-1,-1,,,,1.918291815417077,0.8026315789473685,0.07796543597800465,0.7101449275362319,0.21739130434782605,CHEMBL239_EC50
86921808,mondrian_iqr,cliffB_oracle,all,344,281,0.8168604651162791,0.7725643683316283,0.8541579342343089,1.85784396788429,,,,,CHEMBL239_EC50
86921808,mondrian_iqr,cliffB_oracle,cliff,24,12,0.5,0.3142742581957335,0.6857257418042665,1.7699658268175025,,,,,CHEMBL239_EC50
86921808,mondrian_iqr,cliffB_oracle,noncliff,320,269,0.840625,0.7965150857603751,0.876653818535795,1.864434828464299,,,,,CHEMBL239_EC50
86921808,mondrian_iqr,cliffA,all,344,281,0.8168604651162791,0.7725643683316283,0.8541579342343089,1.85784396788429,,,,,CHEMBL239_EC50
86921808,mondrian_iqr,cliffA,cliff,40,25,0.625,0.47032439137301096,0.7577702083276673,1.8105944020459739,,,,,CHEMBL239_EC50
86921808,mondrian_iqr,cliffA,noncliff,304,256,0.8421052631578947,0.7968796588732996,0.8787928148630988,1.8640610160209106,,,,,CHEMBL239_EC50
86921808,mondrian_iqr,__bins__,__summary__,-1,-1,,,,1.85784396788429,0.6710526315789473,0.19461901021209738,0.6811594202898551,0.24637681159420288,CHEMBL239_EC50
86921808,mondrian_nb,cliffB_oracle,all,344,278,0.8081395348837209,0.7632165692154205,0.8462564956652157,1.8566842377079598,,,,,CHEMBL239_EC50
86921808,mondrian_nb,cliffB_oracle,cliff,24,12,0.5,0.3142742581957335,0.6857257418042665,1.8049849828437647,,,,,CHEMBL239_EC50
86921808,mondrian_nb,cliffB_oracle,noncliff,320,266,0.83125,0.7863403535295449,0.8683009662447124,1.8605616818227744,,,,,CHEMBL239_EC50
86921808,mondrian_nb,cliffA,all,344,278,0.8081395348837209,0.7632165692154205,0.8462564956652157,1.8566842377079598,,,,,CHEMBL239_EC50
86921808,mondrian_nb,cliffA,cliff,40,25,0.625,0.47032439137301096,0.7577702083276673,1.7777153185023018,,,,,CHEMBL239_EC50
86921808,mondrian_nb,cliffA,noncliff,304,253,0.8322368421052632,0.7861451996533171,0.8700367219560698,1.8670748849718624,,,,,CHEMBL239_EC50
86921808,mondrian_nb,__bins__,__summary__,-1,-1,,,,1.8566842377079598,0.5921052631578947,0.3332678711704635,0.5797101449275363,0.33333333333333326,CHEMBL239_EC50
86921808,mondrian_nnsim,cliffB_oracle,all,344,270,0.7848837209302325,0.738441686432855,0.8250334112869783,1.7981446484556216,,,,,CHEMBL239_EC50
86921808,mondrian_nnsim,cliffB_oracle,cliff,24,12,0.5,0.3142742581957335,0.6857257418042665,1.7769843359866073,,,,,CHEMBL239_EC50
86921808,mondrian_nnsim,cliffB_oracle,noncliff,320,258,0.80625,0.7594177221135986,0.8458167056022242,1.7997316718907974,,,,,CHEMBL239_EC50
86921808,mondrian_nnsim,cliffA,all,344,270,0.7848837209302325,0.738441686432855,0.8250334112869783,1.7981446484556216,,,,,CHEMBL239_EC50
86921808,mondrian_nnsim,cliffA,cliff,40,25,0.625,0.47032439137301096,0.7577702083276673,1.7374037189050653,,,,,CHEMBL239_EC50
86921808,mondrian_nnsim,cliffA,noncliff,304,245,0.805921052631579,0.7577595128479895,0.8464476030893668,1.806136876028063,,,,,CHEMBL239_EC50
86921808,mondrian_nnsim,__bins__,__summary__,-1,-1,,,,1.7981446484556216,0.5789473684210527,0.30164964650432047,0.5942028985507246,0.3188405797101449,CHEMBL239_EC50
86921808,mondrian_pairgap,cliffB_oracle,all,344,278,0.8081395348837209,0.7632165692154205,0.8462564956652157,1.8672609861224112,,,,,CHEMBL239_EC50
86921808,mondrian_pairgap,cliffB_oracle,cliff,24,13,0.5416666666666666,0.3507486535891948,0.72108666268789,1.8011002002735326,,,,,CHEMBL239_EC50
86921808,mondrian_pairgap,cliffB_oracle,noncliff,320,265,0.828125,0.7829587893863698,0.8655066688805831,1.8722230450610773,,,,,CHEMBL239_EC50
86921808,mondrian_pairgap,cliffA,all,344,278,0.8081395348837209,0.7632165692154205,0.8462564956652157,1.8672609861224112,,,,,CHEMBL239_EC50
86921808,mondrian_pairgap,cliffA,cliff,40,25,0.625,0.47032439137301096,0.7577702083276673,1.8239401311275096,,,,,CHEMBL239_EC50
86921808,mondrian_pairgap,cliffA,noncliff,304,253,0.8322368421052632,0.7861451996533171,0.8700367219560698,1.87296109862174,,,,,CHEMBL239_EC50
86921808,mondrian_pairgap,__bins__,__summary__,-1,-1,,,,1.8672609861224112,0.6578947368421053,0.2674783974862529,0.6376811594202898,0.2753623188405797,CHEMBL239_EC50
86921808,mondrian_rfstd,cliffB_oracle,all,344,267,0.7761627906976745,0.7292042734207063,0.8170215866138262,1.6952776051891674,,,,,CHEMBL239_EC50
86921808,mondrian_rfstd,cliffB_oracle,cliff,24,12,0.5,0.3142742581957335,0.6857257418042665,1.7279798129630868,,,,,CHEMBL239_EC50
86921808,mondrian_rfstd,cliffB_oracle,noncliff,320,255,0.796875,0.7493935235775984,0.8373133196163114,1.6928249396061237,,,,,CHEMBL239_EC50
86921808,mondrian_rfstd,cliffA,all,344,267,0.7761627906976745,0.7292042734207063,0.8170215866138262,1.6952776051891674,,,,,CHEMBL239_EC50
86921808,mondrian_rfstd,cliffA,cliff,40,25,0.625,0.47032439137301096,0.7577702083276673,1.7085110104181425,,,,,CHEMBL239_EC50
86921808,mondrian_rfstd,cliffA,noncliff,304,242,0.7960526315789473,0.7471963584023734,0.8375202054079712,1.6935363676590394,,,,,CHEMBL239_EC50
86921808,mondrian_rfstd,__bins__,__summary__,-1,-1,,,,1.6952776051891674,0.6578947368421053,0.19285153181461112,0.7391304347826086,0.10144927536231885,CHEMBL239_EC50
71339737,global,cliffB_oracle,all,373,283,0.7587131367292225,0.7127963613499425,0.799355355194154,1.6006984502355055,,,,,CHEMBL219_Ki
71339737,global,cliffB_oracle,cliff,8,4,0.5,0.21521606221387757,0.7847839377861224,1.6006984502355053,,,,,CHEMBL219_Ki
71339737,global,cliffB_oracle,noncliff,365,279,0.7643835616438356,0.7182327305062446,0.8050273189932982,1.6006984502355053,,,,,CHEMBL219_Ki
71339737,global,cliffA,all,373,283,0.7587131367292225,0.7127963613499425,0.799355355194154,1.6006984502355055,,,,,CHEMBL219_Ki
71339737,global,cliffA,cliff,19,11,0.5789473684210527,0.3627590353425504,0.7685810871754576,1.6006984502355053,,,,,CHEMBL219_Ki
71339737,global,cliffA,noncliff,354,272,0.768361581920904,0.7216748503503587,0.809286544190581,1.6006984502355055,,,,,CHEMBL219_Ki
71339737,global,__bins__,__summary__,-1,-1,,,,1.6006984502355055,0.5842696629213483,0.28896977369836996,0.5866666666666667,0.3733333333333333,CHEMBL219_Ki
71339737,mondrian_pair,cliffB_oracle,all,373,285,0.7640750670241286,0.7184316310295622,0.8043346288625985,1.6397102918107795,,,,,CHEMBL219_Ki
71339737,mondrian_pair,cliffB_oracle,cliff,8,3,0.375,0.13684428582359742,0.6942576053973727,1.4077448867758973,,,,,CHEMBL219_Ki
71339737,mondrian_pair,cliffB_oracle,noncliff,365,282,0.7726027397260274,0.7268936030610457,0.8126335982364105,1.644794465071818,,,,,CHEMBL219_Ki
71339737,mondrian_pair,cliffA,all,373,285,0.7640750670241286,0.7184316310295622,0.8043346288625985,1.6397102918107795,,,,,CHEMBL219_Ki
71339737,mondrian_pair,cliffA,cliff,19,10,0.5263157894736842,0.3170780924511316,0.7267019483882042,1.4600879576034902,,,,,CHEMBL219_Ki
71339737,mondrian_pair,cliffA,noncliff,354,275,0.7768361581920904,0.7306221295926733,0.8171064668811382,1.6493510385620183,,,,,CHEMBL219_Ki
71339737,mondrian_pair,__bins__,__summary__,-1,-1,,,,1.6397102918107795,0.5955056179775281,0.29181832568444377,0.5866666666666667,0.36,CHEMBL219_Ki
71339737,mondrian_wstd,cliffB_oracle,all,373,287,0.7694369973190348,0.7240762315798529,0.8093045716603721,1.6506491304726667,,,,,CHEMBL219_Ki
71339737,mondrian_wstd,cliffB_oracle,cliff,8,4,0.5,0.21521606221387757,0.7847839377861224,1.872180961501903,,,,,CHEMBL219_Ki
71339737,mondrian_wstd,cliffB_oracle,noncliff,365,283,0.7753424657534247,0.7297856320501511,0.8151639531799427,1.6457936382857246,,,,,CHEMBL219_Ki
71339737,mondrian_wstd,cliffA,all,373,287,0.7694369973190348,0.7240762315798529,0.8093045716603721,1.6506491304726667,,,,,CHEMBL219_Ki
71339737,mondrian_wstd,cliffA,cliff,19,12,0.631578947368421,0.41039533164803066,0.8085048725486492,1.7665816594217465,,,,,CHEMBL219_Ki
71339737,mondrian_wstd,cliffA,noncliff,354,275,0.7768361581920904,0.7306221295926733,0.8171064668811382,1.6444267630996938,,,,,CHEMBL219_Ki
71339737,mondrian_wstd,__bins__,__summary__,-1,-1,,,,1.6506491304726667,0.676056338028169,0.12676056338028174,0.64,0.2533333333333333,CHEMBL219_Ki
71339737,mondrian_std,cliffB_oracle,all,373,288,0.7721179624664879,0.7269021002177698,0.8117859746964873,1.6567362185511325,,,,,CHEMBL219_Ki
71339737,mondrian_std,cliffB_oracle,cliff,8,5,0.625,0.30574239460262737,0.8631557141764026,1.9721511775020952,,,,,CHEMBL219_Ki
71339737,mondrian_std,cliffB_oracle,noncliff,365,283,0.7753424657534247,0.7297856320501511,0.8151639531799427,1.6498230139713856,,,,,CHEMBL219_Ki
71339737,mondrian_std,cliffA,all,373,288,0.7721179624664879,0.7269021002177698,0.8117859746964873,1.6567362185511325,,,,,CHEMBL219_Ki
71339737,mondrian_std,cliffA,cliff,19,13,0.6842105263157895,0.46010407675327475,0.8463562091220773,1.8367523204970153,,,,,CHEMBL219_Ki
71339737,mondrian_std,cliffA,noncliff,354,275,0.7768361581920904,0.7306221295926733,0.8171064668811382,1.6470743373732464,,,,,CHEMBL219_Ki
71339737,mondrian_std,__bins__,__summary__,-1,-1,,,,1.6567362185511325,0.676056338028169,0.15492957746478875,0.6266666666666667,0.2666666666666666,CHEMBL219_Ki
71339737,mondrian_iqr,cliffB_oracle,all,373,293,0.7855227882037533,0.741068322776203,0.8241561105082144,1.6450019788369827,,,,,CHEMBL219_Ki
71339737,mondrian_iqr,cliffB_oracle,cliff,8,4,0.5,0.21521606221387757,0.7847839377861224,1.7064175650947073,,,,,CHEMBL219_Ki
71339737,mondrian_iqr,cliffB_oracle,noncliff,365,289,0.7917808219178082,0.7471933984237195,0.8302904904022007,1.6436558837957174,,,,,CHEMBL219_Ki
71339737,mondrian_iqr,cliffA,all,373,293,0.7855227882037533,0.741068322776203,0.8241561105082144,1.6450019788369827,,,,,CHEMBL219_Ki
71339737,mondrian_iqr,cliffA,cliff,19,11,0.5789473684210527,0.3627590353425504,0.7685810871754576,1.5570791188822692,,,,,CHEMBL219_Ki
71339737,mondrian_iqr,cliffA,noncliff,354,282,0.7966101694915254,0.7515994490922623,0.83525261855825,1.6497210023938738,,,,,CHEMBL219_Ki
71339737,mondrian_iqr,__bins__,__summary__,-1,-1,,,,1.6450019788369827,0.6853932584269663,0.15967716410824495,0.6666666666666666,0.24,CHEMBL219_Ki
71339737,mondrian_nb,cliffB_oracle,all,373,288,0.7721179624664879,0.7269021002177698,0.8117859746964873,1.6700440965465866,,,,,CHEMBL219_Ki
71339737,mondrian_nb,cliffB_oracle,cliff,8,3,0.375,0.13684428582359742,0.6942576053973727,1.4813076571469328,,,,,CHEMBL219_Ki
71339737,mondrian_nb,cliffB_oracle,noncliff,365,285,0.7808219178082192,0.73557749158941,0.8202168615059593,1.6741807856293192,,,,,CHEMBL219_Ki
71339737,mondrian_nb,cliffA,all,373,288,0.7721179624664879,0.7269021002177698,0.8117859746964873,1.6700440965465866,,,,,CHEMBL219_Ki
71339737,mondrian_nb,cliffA,cliff,19,10,0.5263157894736842,0.3170780924511316,0.7267019483882042,1.5028557301358199,,,,,CHEMBL219_Ki
71339737,mondrian_nb,cliffA,noncliff,354,278,0.7853107344632768,0.7395947320006753,0.8249010664060079,1.6790174834443399,,,,,CHEMBL219_Ki
71339737,mondrian_nb,__bins__,__summary__,-1,-1,,,,1.6700440965465866,0.6179775280898876,0.2693464155720843,0.6266666666666667,0.29333333333333333,CHEMBL219_Ki
71339737,mondrian_nnsim,cliffB_oracle,all,373,291,0.7801608579088471,0.7353943327392043,0.8192155571971491,1.6722111108434217,,,,,CHEMBL219_Ki
71339737,mondrian_nnsim,cliffB_oracle,cliff,8,4,0.5,0.21521606221387757,0.7847839377861224,1.850466120653179,,,,,CHEMBL219_Ki
71339737,mondrian_nnsim,cliffB_oracle,noncliff,365,287,0.7863013698630137,0.7413799831140389,0.8252591378466059,1.668304151724304,,,,,CHEMBL219_Ki
71339737,mondrian_nnsim,cliffA,all,373,291,0.7801608579088471,0.7353943327392043,0.8192155571971491,1.6722111108434217,,,,,CHEMBL219_Ki
71339737,mondrian_nnsim,cliffA,cliff,19,12,0.631578947368421,0.41039533164803066,0.8085048725486492,1.757229542104748,,,,,CHEMBL219_Ki
71339737,mondrian_nnsim,cliffA,noncliff,354,279,0.788135593220339,0.742591407718413,0.8274934579992275,1.6676479747022774,,,,,CHEMBL219_Ki
71339737,mondrian_nnsim,__bins__,__summary__,-1,-1,,,,1.6722111108434217,0.6292134831460674,0.24402595347365086,0.6266666666666667,0.30666666666666664,CHEMBL219_Ki
71339737,mondrian_pairgap,cliffB_oracle,all,373,287,0.7694369973190348,0.7240762315798529,0.8093045716603721,1.667468306248938,,,,,CHEMBL219_Ki
71339737,mondrian_pairgap,cliffB_oracle,cliff,8,3,0.375,0.13684428582359742,0.6942576053973727,1.3909633445764737,,,,,CHEMBL219_Ki
71339737,mondrian_pairgap,cliffB_oracle,noncliff,365,284,0.7780821917808219,0.7326802503368112,0.8176917188259204,1.6735286889705263,,,,,CHEMBL219_Ki
71339737,mondrian_pairgap,cliffA,all,373,287,0.7694369973190348,0.7240762315798529,0.8093045716603721,1.667468306248938,,,,,CHEMBL219_Ki
71339737,mondrian_pairgap,cliffA,cliff,19,11,0.5789473684210527,0.3627590353425504,0.7685810871754576,1.4949799879651198,,,,,CHEMBL219_Ki
71339737,mondrian_pairgap,cliffA,noncliff,354,276,0.7796610169491526,0.7336101329665052,0.8197075308182635,1.676726153840442,,,,,CHEMBL219_Ki
71339737,mondrian_pairgap,__bins__,__summary__,-1,-1,,,,1.667468306248938,0.6179775280898876,0.22709289444532366,0.6,0.32000000000000006,CHEMBL219_Ki
71339737,mondrian_rfstd,cliffB_oracle,all,373,289,0.774798927613941,0.7297303864050618,0.8142649601832274,1.6339778764976662,,,,,CHEMBL219_Ki
71339737,mondrian_rfstd,cliffB_oracle,cliff,8,3,0.375,0.13684428582359742,0.6942576053973727,1.7496444901671468,,,,,CHEMBL219_Ki
71339737,mondrian_rfstd,cliffB_oracle,noncliff,365,286,0.7835616438356164,0.7384773905567782,0.8227393464712288,1.6314427178418967,,,,,CHEMBL219_Ki
71339737,mondrian_rfstd,cliffA,all,373,289,0.774798927613941,0.7297303864050618,0.8142649601832274,1.6339778764976662,,,,,CHEMBL219_Ki
71339737,mondrian_rfstd,cliffA,cliff,19,10,0.5263157894736842,0.3170780924511316,0.7267019483882042,1.5655015687535623,,,,,CHEMBL219_Ki
71339737,mondrian_rfstd,cliffA,noncliff,354,279,0.788135593220339,0.742591407718413,0.8274934579992275,1.637653158551728,,,,,CHEMBL219_Ki
71339737,mondrian_rfstd,__bins__,__summary__,-1,-1,,,,1.6339778764976662,0.7078651685393258,0.16537426808039246,0.7297297297297297,0.12360360360360367,CHEMBL219_Ki
99182118,global,cliffB_oracle,all,373,304,0.8150134048257373,0.7724677372039805,0.8511366844947901,1.8081001007537676,,,,,CHEMBL219_Ki
99182118,global,cliffB_oracle,cliff,14,13,0.9285714285714286,0.6853129557584889,0.9872777847521093,1.8081001007537683,,,,,CHEMBL219_Ki
99182118,global,cliffB_oracle,noncliff,359,291,0.8105849582172702,0.7668451438810125,0.8477483502714852,1.8081001007537678,,,,,CHEMBL219_Ki
99182118,global,cliffA,all,373,304,0.8150134048257373,0.7724677372039805,0.8511366844947901,1.8081001007537676,,,,,CHEMBL219_Ki
99182118,global,cliffA,cliff,28,24,0.8571428571428571,0.685101978364747,0.9430099468025059,1.8081001007537678,,,,,CHEMBL219_Ki
99182118,global,cliffA,noncliff,345,280,0.8115942028985508,0.766985059963347,0.8493407653179619,1.808100100753768,,,,,CHEMBL219_Ki
99182118,global,__bins__,__summary__,-1,-1,,,,1.8081001007537676,0.6966292134831461,0.24703275834783978,0.5733333333333334,0.3866666666666666,CHEMBL219_Ki
99182118,mondrian_pair,cliffB_oracle,all,373,302,0.8096514745308311,0.7667331976834144,0.846256680667292,1.8073852685133704,,,,,CHEMBL219_Ki
99182118,mondrian_pair,cliffB_oracle,cliff,14,13,0.9285714285714286,0.6853129557584889,0.9872777847521093,1.8234087923356828,,,,,CHEMBL219_Ki
99182118,mondrian_pair,cliffB_oracle,noncliff,359,289,0.8050139275766016,0.7608914629507947,0.8426779326518824,1.8067603957180713,,,,,CHEMBL219_Ki
99182118,mondrian_pair,cliffA,all,373,302,0.8096514745308311,0.7667331976834144,0.846256680667292,1.8073852685133704,,,,,CHEMBL219_Ki
99182118,mondrian_pair,cliffA,cliff,28,24,0.8571428571428571,0.685101978364747,0.9430099468025059,1.824668652029132,,,,,CHEMBL219_Ki
99182118,mondrian_pair,cliffA,noncliff,345,278,0.8057971014492754,0.7607811853892383,0.8440781129100927,1.8059825591265837,,,,,CHEMBL219_Ki
99182118,mondrian_pair,__bins__,__summary__,-1,-1,,,,1.8073852685133704,0.6966292134831461,0.24703275834783978,0.56,0.3999999999999999,CHEMBL219_Ki
99182118,mondrian_wstd,cliffB_oracle,all,373,314,0.8418230563002681,0.801331518203581,0.8753456202355105,1.8987449289885316,,,,,CHEMBL219_Ki
99182118,mondrian_wstd,cliffB_oracle,cliff,14,13,0.9285714285714286,0.6853129557584889,0.9872777847521093,1.9559700834534068,,,,,CHEMBL219_Ki
99182118,mondrian_wstd,cliffB_oracle,noncliff,359,301,0.8384401114206128,0.7968181096889225,0.8728958772126781,1.8965133073659457,,,,,CHEMBL219_Ki
99182118,mondrian_wstd,cliffA,all,373,314,0.8418230563002681,0.801331518203581,0.8753456202355105,1.8987449289885316,,,,,CHEMBL219_Ki
99182118,mondrian_wstd,cliffA,cliff,28,24,0.8571428571428571,0.685101978364747,0.9430099468025059,1.9477445970834124,,,,,CHEMBL219_Ki
99182118,mondrian_wstd,cliffA,noncliff,345,290,0.8405797101449275,0.7982320716043495,0.8754263885868484,1.8947681443315556,,,,,CHEMBL219_Ki
99182118,mondrian_wstd,__bins__,__summary__,-1,-1,,,,1.8987449289885316,0.7865168539325843,0.12897610381389457,0.64,0.31999999999999995,CHEMBL219_Ki
99182118,mondrian_std,cliffB_oracle,all,373,311,0.8337801608579088,0.7926371200416616,0.8681182033753335,1.8835919674392685,,,,,CHEMBL219_Ki
99182118,mondrian_std,cliffB_oracle,cliff,14,12,0.8571428571428571,0.6005862050302965,0.9599060787285351,1.9182809555813587,,,,,CHEMBL219_Ki
99182118,mondrian_std,cliffB_oracle,noncliff,359,299,0.8328690807799443,0.7907945587657527,0.8678953295860273,1.882239193528435,,,,,CHEMBL219_Ki
99182118,mondrian_std,cliffA,all,373,311,0.8337801608579088,0.7926371200416616,0.8681182033753335,1.8835919674392685,,,,,CHEMBL219_Ki
99182118,mondrian_std,cliffA,cliff,28,23,0.8214285714285714,0.6440857521065705,0.9212149805439572,1.892213251727989,,,,,CHEMBL219_Ki
99182118,mondrian_std,cliffA,noncliff,345,288,0.8347826086956521,0.7919503458476972,0.8702415873615229,1.8828922690042418,,,,,CHEMBL219_Ki
99182118,mondrian_std,__bins__,__summary__,-1,-1,,,,1.8835919674392685,0.7865168539325843,0.12897610381389457,0.64,0.30666666666666664,CHEMBL219_Ki
99182118,mondrian_iqr,cliffB_oracle,all,373,311,0.8337801608579088,0.7926371200416616,0.8681182033753335,1.8084621221359225,,,,,CHEMBL219_Ki
99182118,mondrian_iqr,cliffB_oracle,cliff,14,12,0.8571428571428571,0.6005862050302965,0.9599060787285351,1.929217381830427,,,,,CHEMBL219_Ki
99182118,mondrian_iqr,cliffB_oracle,noncliff,359,299,0.8328690807799443,0.7907945587657527,0.8678953295860273,1.8037530033734628,,,,,CHEMBL219_Ki
99182118,mondrian_iqr,cliffA,all,373,311,0.8337801608579088,0.7926371200416616,0.8681182033753335,1.8084621221359225,,,,,CHEMBL219_Ki
99182118,mondrian_iqr,cliffA,cliff,28,22,0.7857142857142857,0.6046141434627812,0.8978753966710211,1.9291332238905008,,,,,CHEMBL219_Ki
99182118,mondrian_iqr,cliffA,noncliff,345,289,0.8376811594202899,0.7950890645001928,0.8728361322000163,1.7986685254717825,,,,,CHEMBL219_Ki
99182118,mondrian_iqr,__bins__,__summary__,-1,-1,,,,1.8084621221359225,0.7746478873239436,0.15492957746478875,0.6666666666666666,0.29333333333333333,CHEMBL219_Ki
99182118,mondrian_nb,cliffB_oracle,all,373,316,0.8471849865951743,0.807145902570564,0.8801457792165918,1.9182182176062357,,,,,CHEMBL219_Ki
99182118,mondrian_nb,cliffB_oracle,cliff,14,12,0.8571428571428571,0.6005862050302965,0.9599060787285351,1.7352102823104463,,,,,CHEMBL219_Ki
99182118,mondrian_nb,cliffB_oracle,noncliff,359,304,0.8467966573816156,0.8058829646299678,0.8803671700963637,1.9253550173113643,,,,,CHEMBL219_Ki
99182118,mondrian_nb,cliffA,all,373,316,0.8471849865951743,0.807145902570564,0.8801457792165918,1.9182182176062357,,,,,CHEMBL219_Ki
99182118,mondrian_nb,cliffA,cliff,28,21,0.75,0.5664432968100104,0.8732350508070668,1.715689672703901,,,,,CHEMBL219_Ki
99182118,mondrian_nb,cliffA,noncliff,345,295,0.855072463768116,0.8140148358360474,0.8883099418100951,1.9346553169026575,,,,,CHEMBL219_Ki
99182118,mondrian_nb,__bins__,__summary__,-1,-1,,,,1.9182182176062357,0.7415730337078652,0.18800443108086717,0.68,0.2799999999999999,CHEMBL219_Ki
99182118,mondrian_nnsim,cliffB_oracle,all,373,307,0.8230563002680965,0.7810924565852412,0.8584337801356255,1.8314390551859088,,,,,CHEMBL219_Ki
99182118,mondrian_nnsim,cliffB_oracle,cliff,14,13,0.9285714285714286,0.6853129557584889,0.9872777847521093,1.8200755438479053,,,,,CHEMBL219_Ki
99182118,mondrian_nnsim,cliffB_oracle,noncliff,359,294,0.8189415041782729,0.7758001839084059,0.8553294580688227,1.8318822004748563,,,,,CHEMBL219_Ki
99182118,mondrian_nnsim,cliffA,all,373,307,0.8230563002680965,0.7810924565852412,0.8584337801356255,1.8314390551859088,,,,,CHEMBL219_Ki
99182118,mondrian_nnsim,cliffA,cliff,28,24,0.8571428571428571,0.685101978364747,0.9430099468025059,1.825584325425569,,,,,CHEMBL219_Ki
99182118,mondrian_nnsim,cliffA,noncliff,345,283,0.8202898550724638,0.7763180977409997,0.8572075180132758,1.831914221659212,,,,,CHEMBL219_Ki
99182118,mondrian_nnsim,__bins__,__summary__,-1,-1,,,,1.8314390551859088,0.7078651685393258,0.19354328216489958,0.6,0.3466666666666667,CHEMBL219_Ki
99182118,mondrian_pairgap,cliffB_oracle,all,373,305,0.8176943699731903,0.775339537861399,0.8535721555114035,1.8570337705274416,,,,,CHEMBL219_Ki
99182118,mondrian_pairgap,cliffB_oracle,cliff,14,14,1.0,0.7846891972623643,1.0,1.967902785191461,,,,,CHEMBL219_Ki
99182118,mondrian_pairgap,cliffB_oracle,noncliff,359,291,0.8105849582172702,0.7668451438810125,0.8477483502714852,1.8527101877828838,,,,,CHEMBL219_Ki
99182118,mondrian_pairgap,cliffA,all,373,305,0.8176943699731903,0.775339537861399,0.8535721555114035,1.8570337705274416,,,,,CHEMBL219_Ki
99182118,mondrian_pairgap,cliffA,cliff,28,25,0.8928571428571429,0.7280414845132785,0.9628816331707,1.9764188771333224,,,,,CHEMBL219_Ki
99182118,mondrian_pairgap,cliffA,noncliff,345,280,0.8115942028985508,0.766985059963347,0.8493407653179619,1.8473445444840657,,,,,CHEMBL219_Ki
99182118,mondrian_pairgap,__bins__,__summary__,-1,-1,,,,1.8570337705274416,0.7191011235955056,0.22456084823548028,0.5733333333333334,0.4,CHEMBL219_Ki
99182118,mondrian_rfstd,cliffB_oracle,all,373,304,0.8150134048257373,0.7724677372039805,0.8511366844947901,1.754483955246341,,,,,CHEMBL219_Ki
99182118,mondrian_rfstd,cliffB_oracle,cliff,14,10,0.7142857142857143,0.4535091567010681,0.8827862135542308,1.595676696738121,,,,,CHEMBL219_Ki
99182118,mondrian_rfstd,cliffB_oracle,noncliff,359,294,0.8189415041782729,0.7758001839084059,0.8553294580688227,1.76067699596811,,,,,CHEMBL219_Ki
99182118,mondrian_rfstd,cliffA,all,373,304,0.8150134048257373,0.7724677372039805,0.8511366844947901,1.754483955246341,,,,,CHEMBL219_Ki
99182118,mondrian_rfstd,cliffA,cliff,28,19,0.6785714285714286,0.49338843180857617,0.8206675307750504,1.5793154257623476,,,,,CHEMBL219_Ki
99182118,mondrian_rfstd,cliffA,noncliff,345,285,0.8260869565217391,0.7825590509944341,0.8624330917418191,1.7687005315522883,,,,,CHEMBL219_Ki
99182118,mondrian_rfstd,__bins__,__summary__,-1,-1,,,,1.754483955246341,0.7640449438202247,0.16553252096850768,0.72,0.16000000000000003,CHEMBL219_Ki
89709943,global,cliffB_oracle,all,373,290,0.7774798927613941,0.732561120236084,0.8167414980262373,1.8196007370947826,,,,,CHEMBL219_Ki
89709943,global,cliffB_oracle,cliff,16,8,0.5,0.27999563610326017,0.7200043638967398,1.8196007370947826,,,,,CHEMBL219_Ki
89709943,global,cliffB_oracle,noncliff,357,282,0.7899159663865546,0.7446847141839771,0.8289744232015096,1.819600737094783,,,,,CHEMBL219_Ki
89709943,global,cliffA,all,373,290,0.7774798927613941,0.732561120236084,0.8167414980262373,1.8196007370947826,,,,,CHEMBL219_Ki
89709943,global,cliffA,cliff,31,22,0.7096774193548387,0.5340767066925007,0.8390419984369939,1.8196007370947824,,,,,CHEMBL219_Ki
89709943,global,cliffA,noncliff,342,268,0.783625730994152,0.7369634388441141,0.8239872368254034,1.8196007370947829,,,,,CHEMBL219_Ki
89709943,global,__bins__,__summary__,-1,-1,,,,1.8196007370947826,0.6633663366336634,0.1895748398369248,0.6133333333333333,0.30666666666666675,CHEMBL219_Ki
89709943,mondrian_pair,cliffB_oracle,all,373,293,0.7855227882037533,0.741068322776203,0.8241561105082144,1.8555411962478796,,,,,CHEMBL219_Ki
89709943,mondrian_pair,cliffB_oracle,cliff,16,9,0.5625,0.331785563988119,0.7690134759450765,1.8215244807245228,,,,,CHEMBL219_Ki
89709943,mondrian_pair,cliffB_oracle,noncliff,357,284,0.7955182072829131,0.7506391502323044,0.834105187875607,1.8570657549267977,,,,,CHEMBL219_Ki
89709943,mondrian_pair,cliffA,all,373,293,0.7855227882037533,0.741068322776203,0.8241561105082144,1.8555411962478796,,,,,CHEMBL219_Ki
89709943,mondrian_pair,cliffA,cliff,31,22,0.7096774193548387,0.5340767066925007,0.8390419984369939,1.8167092113164727,,,,,CHEMBL219_Ki
89709943,mondrian_pair,cliffA,noncliff,342,271,0.7923976608187134,0.7462804496138379,0.83201921602484,1.859061054531136,,,,,CHEMBL219_Ki
89709943,mondrian_pair,__bins__,__summary__,-1,-1,,,,1.8555411962478796,0.6732673267326733,0.1796738497379149,0.6,0.33333333333333337,CHEMBL219_Ki
89709943,mondrian_wstd,cliffB_oracle,all,373,283,0.7587131367292225,0.7127963613499425,0.799355355194154,1.8284889130655777,,,,,CHEMBL219_Ki
89709943,mondrian_wstd,cliffB_oracle,cliff,16,10,0.625,0.38641040545502714,0.8151876744113636,1.8775535351887895,,,,,CHEMBL219_Ki
89709943,mondrian_wstd,cliffB_oracle,noncliff,357,273,0.7647058823529411,0.7180306570742616,0.8057450770603132,1.8262899384045934,,,,,CHEMBL219_Ki
89709943,mondrian_wstd,cliffA,all,373,283,0.7587131367292225,0.7127963613499425,0.799355355194154,1.8284889130655777,,,,,CHEMBL219_Ki
89709943,mondrian_wstd,cliffA,cliff,31,23,0.7419354838709677,0.5675386419056621,0.8629829409360625,1.8459818239186,,,,,CHEMBL219_Ki
89709943,mondrian_wstd,cliffA,noncliff,342,260,0.7602339181286549,0.7122542753535104,0.8024324270649128,1.826903298339134,,,,,CHEMBL219_Ki
89709943,mondrian_wstd,__bins__,__summary__,-1,-1,,,,1.8284889130655777,0.7058823529411765,0.16176470588235292,0.6,0.32000000000000006,CHEMBL219_Ki
89709943,mondrian_std,cliffB_oracle,all,373,283,0.7587131367292225,0.7127963613499425,0.799355355194154,1.8238896224821088,,,,,CHEMBL219_Ki
89709943,mondrian_std,cliffB_oracle,cliff,16,10,0.625,0.38641040545502714,0.8151876744113636,1.8830870215017743,,,,,CHEMBL219_Ki
89709943,mondrian_std,cliffB_oracle,noncliff,357,273,0.7647058823529411,0.7180306570742616,0.8057450770603132,1.8212365177641407,,,,,CHEMBL219_Ki
89709943,mondrian_std,cliffA,all,373,283,0.7587131367292225,0.7127963613499425,0.799355355194154,1.8238896224821088,,,,,CHEMBL219_Ki
89709943,mondrian_std,cliffA,cliff,31,22,0.7096774193548387,0.5340767066925007,0.8390419984369939,1.807056980091886,,,,,CHEMBL219_Ki
89709943,mondrian_std,cliffA,noncliff,342,261,0.7631578947368421,0.715332569953862,0.8051371291209481,1.8254153883128015,,,,,CHEMBL219_Ki
89709943,mondrian_std,__bins__,__summary__,-1,-1,,,,1.8238896224821088,0.7058823529411765,0.1470588235294117,0.5866666666666667,0.33333333333333337,CHEMBL219_Ki
89709943,mondrian_iqr,cliffB_oracle,all,373,282,0.7560321715817694,0.7099821593014998,0.7968622855685646,1.7773795109718795,,,,,CHEMBL219_Ki
89709943,mondrian_iqr,cliffB_oracle,cliff,16,8,0.5,0.27999563610326017,0.7200043638967398,1.778130962871212,,,,,CHEMBL219_Ki
89709943,mondrian_iqr,cliffB_oracle,noncliff,357,274,0.7675070028011205,0.7209813342554102,0.8083370002403772,1.777345832455383,,,,,CHEMBL219_Ki
89709943,mondrian_iqr,cliffA,all,373,282,0.7560321715817694,0.7099821593014998,0.7968622855685646,1.7773795109718795,,,,,CHEMBL219_Ki
89709943,mondrian_iqr,cliffA,cliff,31,21,0.6774193548387096,0.5014100930808565,0.8143057343364082,1.7025577373809948,,,,,CHEMBL219_Ki
89709943,mondrian_iqr,cliffA,noncliff,342,261,0.7631578947368421,0.715332569953862,0.8051371291209481,1.784161601560527,,,,,CHEMBL219_Ki
89709943,mondrian_iqr,__bins__,__summary__,-1,-1,,,,1.7773795109718795,0.7029702970297029,0.10585323238206179,0.5866666666666667,0.31999999999999995,CHEMBL219_Ki
89709943,mondrian_nb,cliffB_oracle,all,373,274,0.7345844504021448,0.6875477401414013,0.7768385313364067,1.7903831592423871,,,,,CHEMBL219_Ki
89709943,mondrian_nb,cliffB_oracle,cliff,16,4,0.25,0.10182067491213048,0.49498316535508774,1.5512103394796917,,,,,CHEMBL219_Ki
89709943,mondrian_nb,cliffB_oracle,noncliff,357,270,0.7563025210084033,0.7091941456856246,0.7979537873653129,1.8011023892597628,,,,,CHEMBL219_Ki
89709943,mondrian_nb,cliffA,all,373,274,0.7345844504021448,0.6875477401414013,0.7768385313364067,1.7903831592423871,,,,,CHEMBL219_Ki
89709943,mondrian_nb,cliffA,cliff,31,17,0.5483870967741935,0.37772167637354503,0.7083826401947998,1.5180317808596473,,,,,CHEMBL219_Ki
89709943,mondrian_nb,cliffA,noncliff,342,257,0.7514619883040936,0.7030363241890207,0.7943013882602423,1.8150699800899455,,,,,CHEMBL219_Ki
89709943,mondrian_nb,__bins__,__summary__,-1,-1,,,,1.7903831592423871,0.6732673267326733,0.10614443797320905,0.6266666666666667,0.24,CHEMBL219_Ki
89709943,mondrian_nnsim,cliffB_oracle,all,373,284,0.7613941018766756,0.7156128432820266,0.8018461449361021,1.8616649419043723,,,,,CHEMBL219_Ki
89709943,mondrian_nnsim,cliffB_oracle,cliff,16,9,0.5625,0.331785563988119,0.7690134759450765,1.8850557282575566,,,,,CHEMBL219_Ki
89709943,mondrian_nnsim,cliffB_oracle,noncliff,357,275,0.7703081232492998,0.7239346510820927,0.810926283774907,1.860616615345126,,,,,CHEMBL219_Ki
89709943,mondrian_nnsim,cliffA,all,373,284,0.7613941018766756,0.7156128432820266,0.8018461449361021,1.8616649419043723,,,,,CHEMBL219_Ki
89709943,mondrian_nnsim,cliffA,cliff,31,23,0.7419354838709677,0.5675386419056621,0.8629829409360625,1.8703284357393763,,,,,CHEMBL219_Ki
89709943,mondrian_nnsim,cliffA,noncliff,342,261,0.7631578947368421,0.715332569953862,0.8051371291209481,1.8608796544514918,,,,,CHEMBL219_Ki
89709943,mondrian_nnsim,__bins__,__summary__,-1,-1,,,,1.8616649419043723,0.6534653465346535,0.1847699475829936,0.5866666666666667,0.33333333333333337,CHEMBL219_Ki
89709943,mondrian_pairgap,cliffB_oracle,all,373,289,0.774798927613941,0.7297303864050618,0.8142649601832274,1.8563589059504175,,,,,CHEMBL219_Ki
89709943,mondrian_pairgap,cliffB_oracle,cliff,16,8,0.5,0.27999563610326017,0.7200043638967398,1.7427550706255954,,,,,CHEMBL219_Ki
89709943,mondrian_pairgap,cliffB_oracle,noncliff,357,281,0.7871148459383753,0.7417119252269758,0.8264046117972984,1.8614503943683363,,,,,CHEMBL219_Ki
89709943,mondrian_pairgap,cliffA,all,373,289,0.774798927613941,0.7297303864050618,0.8142649601832274,1.8563589059504175,,,,,CHEMBL219_Ki
89709943,mondrian_pairgap,cliffA,cliff,31,21,0.6774193548387096,0.5014100930808565,0.8143057343364082,1.7056866159580624,,,,,CHEMBL219_Ki
89709943,mondrian_pairgap,cliffA,noncliff,342,268,0.783625730994152,0.7369634388441141,0.8239872368254034,1.8700163357450459,,,,,CHEMBL219_Ki
89709943,mondrian_pairgap,__bins__,__summary__,-1,-1,,,,1.8563589059504175,0.6633663366336634,0.17486895748398368,0.6133333333333333,0.30666666666666675,CHEMBL219_Ki
89709943,mondrian_rfstd,cliffB_oracle,all,373,276,0.739946380697051,0.6931434626719446,0.7818573521539276,1.7240284067147298,,,,,CHEMBL219_Ki
89709943,mondrian_rfstd,cliffB_oracle,cliff,16,8,0.5,0.27999563610326017,0.7200043638967398,1.804900604580904,,,,,CHEMBL219_Ki
89709943,mondrian_rfstd,cliffB_oracle,noncliff,357,268,0.7507002801120448,0.7033157703586493,0.7927469619698634,1.7204038824406152,,,,,CHEMBL219_Ki
89709943,mondrian_rfstd,cliffA,all,373,276,0.739946380697051,0.6931434626719446,0.7818573521539276,1.7240284067147298,,,,,CHEMBL219_Ki
89709943,mondrian_rfstd,cliffA,cliff,31,20,0.6451612903225806,0.46947954064368874,0.788833409061346,1.6206968473110785,,,,,CHEMBL219_Ki
89709943,mondrian_rfstd,cliffA,noncliff,342,256,0.7485380116959064,0.6999692064104295,0.7915855093824467,1.7333947176548263,,,,,CHEMBL219_Ki
89709943,mondrian_rfstd,__bins__,__summary__,-1,-1,,,,1.7240284067147298,0.6831683168316832,0.14036109493302262,0.6351351351351351,0.20486486486486488,CHEMBL219_Ki
86921808,global,cliffB_oracle,all,373,291,0.7801608579088471,0.7353943327392043,0.8192155571971491,1.7226332261202195,,,,,CHEMBL219_Ki
86921808,global,cliffB_oracle,cliff,13,5,0.38461538461538464,0.17709707797762575,0.6447710848733431,1.7226332261202195,,,,,CHEMBL219_Ki
86921808,global,cliffB_oracle,noncliff,360,286,0.7944444444444444,0.7496965051191326,0.8329748613797477,1.7226332261202193,,,,,CHEMBL219_Ki
86921808,global,cliffA,all,373,291,0.7801608579088471,0.7353943327392043,0.8192155571971491,1.7226332261202195,,,,,CHEMBL219_Ki
86921808,global,cliffA,cliff,29,19,0.6551724137931034,0.47345104090476137,0.80059281473325,1.7226332261202202,,,,,CHEMBL219_Ki
86921808,global,cliffA,noncliff,344,272,0.7906976744186046,0.7446155890965755,0.8303590004134584,1.7226332261202195,,,,,CHEMBL219_Ki
86921808,global,__bins__,__summary__,-1,-1,,,,1.7226332261202195,0.6344086021505376,0.25130568356374805,0.6133333333333333,0.28,CHEMBL219_Ki
86921808,mondrian_pair,cliffB_oracle,all,373,290,0.7774798927613941,0.732561120236084,0.8167414980262373,1.704263620443218,,,,,CHEMBL219_Ki
86921808,mondrian_pair,cliffB_oracle,cliff,13,5,0.38461538461538464,0.17709707797762575,0.6447710848733431,1.7378074418875575,,,,,CHEMBL219_Ki
86921808,mondrian_pair,cliffB_oracle,noncliff,360,285,0.7916666666666666,0.7467443236444321,0.8304301431704967,1.7030523157799502,,,,,CHEMBL219_Ki
86921808,mondrian_pair,cliffA,all,373,290,0.7774798927613941,0.732561120236084,0.8167414980262373,1.704263620443218,,,,,CHEMBL219_Ki
86921808,mondrian_pair,cliffA,cliff,29,19,0.6551724137931034,0.47345104090476137,0.80059281473325,1.7402775350828863,,,,,CHEMBL219_Ki
86921808,mondrian_pair,cliffA,noncliff,344,271,0.7877906976744186,0.7415270447170895,0.8276977988978441,1.701227563685804,,,,,CHEMBL219_Ki
86921808,mondrian_pair,__bins__,__summary__,-1,-1,,,,1.704263620443218,0.6344086021505376,0.25130568356374805,0.6133333333333333,0.28,CHEMBL219_Ki
86921808,mondrian_wstd,cliffB_oracle,all,373,304,0.8150134048257373,0.7724677372039805,0.8511366844947901,1.8490970802312143,,,,,CHEMBL219_Ki
86921808,mondrian_wstd,cliffB_oracle,cliff,13,6,0.46153846153846156,0.23206067809538303,0.7085620428549398,1.9418775568448192,,,,,CHEMBL219_Ki
86921808,mondrian_wstd,cliffB_oracle,noncliff,360,298,0.8277777777777777,0.7853664554494635,0.8632677072568373,1.8457466741312785,,,,,CHEMBL219_Ki
86921808,mondrian_wstd,cliffA,all,373,304,0.8150134048257373,0.7724677372039805,0.8511366844947901,1.8490970802312143,,,,,CHEMBL219_Ki
86921808,mondrian_wstd,cliffA,cliff,29,20,0.6896551724137931,0.5076986576690685,0.8272438325551679,1.9401181537449241,,,,,CHEMBL219_Ki
86921808,mondrian_wstd,cliffA,noncliff,344,284,0.8255813953488372,0.7819459605093837,0.8620255797418546,1.8414237920570935,,,,,CHEMBL219_Ki
86921808,mondrian_wstd,__bins__,__summary__,-1,-1,,,,1.8490970802312143,0.8,0.05714285714285705,0.7466666666666667,0.1333333333333333,CHEMBL219_Ki
86921808,mondrian_std,cliffB_oracle,all,373,301,0.806970509383378,0.7638703619544468,0.8438122447222275,1.8470683419317808,,,,,CHEMBL219_Ki
86921808,mondrian_std,cliffB_oracle,cliff,13,6,0.46153846153846156,0.23206067809538303,0.7085620428549398,1.9023345023017473,,,,,CHEMBL219_Ki
86921808,mondrian_std,cliffB_oracle,noncliff,360,295,0.8194444444444444,0.776404426596181,0.8557390370582648,1.8450726194739762,,,,,CHEMBL219_Ki
86921808,mondrian_std,cliffA,all,373,301,0.806970509383378,0.7638703619544468,0.8438122447222275,1.8470683419317808,,,,,CHEMBL219_Ki
86921808,mondrian_std,cliffA,cliff,29,19,0.6551724137931034,0.47345104090476137,0.80059281473325,1.9336407741055983,,,,,CHEMBL219_Ki
86921808,mondrian_std,cliffA,noncliff,344,282,0.8197674418604651,0.7756877192167014,0.8567843292443361,1.8397700845682903,,,,,CHEMBL219_Ki
86921808,mondrian_std,__bins__,__summary__,-1,-1,,,,1.8470683419317808,0.7857142857142857,0.0714285714285714,0.7466666666666667,0.1333333333333333,CHEMBL219_Ki
86921808,mondrian_iqr,cliffB_oracle,all,373,295,0.7908847184986595,0.7467526249259852,0.8290863517064965,1.7421509924049001,,,,,CHEMBL219_Ki
86921808,mondrian_iqr,cliffB_oracle,cliff,13,6,0.46153846153846156,0.23206067809538303,0.7085620428549398,1.791743970934562,,,,,CHEMBL219_Ki
86921808,mondrian_iqr,cliffB_oracle,noncliff,360,289,0.8027777777777778,0.7585709114291452,0.8405911541215905,1.7403601348468847,,,,,CHEMBL219_Ki
86921808,mondrian_iqr,cliffA,all,373,295,0.7908847184986595,0.7467526249259852,0.8290863517064965,1.7421509924049001,,,,,CHEMBL219_Ki
86921808,mondrian_iqr,cliffA,cliff,29,17,0.5862068965517241,0.4073783598787858,0.744868226586776,1.7537984985850825,,,,,CHEMBL219_Ki
86921808,mondrian_iqr,cliffA,noncliff,344,278,0.8081395348837209,0.7632165692154205,0.8462564956652157,1.7411690805466873,,,,,CHEMBL219_Ki
86921808,mondrian_iqr,__bins__,__summary__,-1,-1,,,,1.7421509924049001,0.7311827956989247,0.1402457757296467,0.6933333333333334,0.16000000000000003,CHEMBL219_Ki
86921808,mondrian_nb,cliffB_oracle,all,373,305,0.8176943699731903,0.775339537861399,0.8535721555114035,1.8113658798947276,,,,,CHEMBL219_Ki
86921808,mondrian_nb,cliffB_oracle,cliff,13,6,0.46153846153846156,0.23206067809538303,0.7085620428549398,1.6510290047395555,,,,,CHEMBL219_Ki
86921808,mondrian_nb,cliffB_oracle,noncliff,360,299,0.8305555555555556,0.7883609119508339,0.8657701504394189,1.8171558226086644,,,,,CHEMBL219_Ki
86921808,mondrian_nb,cliffA,all,373,305,0.8176943699731903,0.775339537861399,0.8535721555114035,1.8113658798947276,,,,,CHEMBL219_Ki
86921808,mondrian_nb,cliffA,cliff,29,18,0.6206896551724138,0.4400254420598852,0.7731197789919015,1.5989824364739713,,,,,CHEMBL219_Ki
86921808,mondrian_nb,cliffA,noncliff,344,287,0.8343023255813954,0.7913633010384159,0.8698574768981232,1.829270298090082,,,,,CHEMBL219_Ki
86921808,mondrian_nb,__bins__,__summary__,-1,-1,,,,1.8113658798947276,0.6989247311827957,0.2153609831029185,0.6933333333333334,0.21333333333333326,CHEMBL219_Ki
86921808,mondrian_nnsim,cliffB_oracle,all,373,292,0.7828418230563002,0.738230055914943,0.8216871056954423,1.7309287108868485,,,,,CHEMBL219_Ki
86921808,mondrian_nnsim,cliffB_oracle,cliff,13,6,0.46153846153846156,0.23206067809538303,0.7085620428549398,1.8979506744457786,,,,,CHEMBL219_Ki
86921808,mondrian_nnsim,cliffB_oracle,noncliff,360,286,0.7944444444444444,0.7496965051191326,0.8329748613797477,1.7248973622027757,,,,,CHEMBL219_Ki
86921808,mondrian_nnsim,cliffA,all,373,292,0.7828418230563002,0.738230055914943,0.8216871056954423,1.7309287108868485,,,,,CHEMBL219_Ki
86921808,mondrian_nnsim,cliffA,cliff,29,20,0.6896551724137931,0.5076986576690685,0.8272438325551679,1.826834702032005,,,,,CHEMBL219_Ki
86921808,mondrian_nnsim,cliffA,noncliff,344,272,0.7906976744186046,0.7446155890965755,0.8303590004134584,1.722843612796123,,,,,CHEMBL219_Ki
86921808,mondrian_nnsim,__bins__,__summary__,-1,-1,,,,1.7309287108868485,0.6774193548387096,0.17972350230414746,0.6266666666666667,0.2533333333333333,CHEMBL219_Ki
86921808,mondrian_pairgap,cliffB_oracle,all,373,293,0.7855227882037533,0.741068322776203,0.8241561105082144,1.7496486068252974,,,,,CHEMBL219_Ki
86921808,mondrian_pairgap,cliffB_oracle,cliff,13,5,0.38461538461538464,0.17709707797762575,0.6447710848733431,1.75145184899369,,,,,CHEMBL219_Ki
86921808,mondrian_pairgap,cliffB_oracle,noncliff,360,288,0.8,0.7556097539054759,0.8380554119613081,1.7495834897469946,,,,,CHEMBL219_Ki
86921808,mondrian_pairgap,cliffA,all,373,293,0.7855227882037533,0.741068322776203,0.8241561105082144,1.7496486068252974,,,,,CHEMBL219_Ki
86921808,mondrian_pairgap,cliffA,cliff,29,18,0.6206896551724138,0.4400254420598852,0.7731197789919015,1.7525104517987293,,,,,CHEMBL219_Ki
86921808,mondrian_pairgap,cliffA,noncliff,344,275,0.7994186046511628,0.753900826248979,0.838323000946356,1.7494073466385838,,,,,CHEMBL219_Ki
86921808,mondrian_pairgap,__bins__,__summary__,-1,-1,,,,1.7496486068252974,0.6344086021505376,0.25130568356374805,0.6266666666666667,0.2533333333333333,CHEMBL219_Ki
86921808,mondrian_rfstd,cliffB_oracle,all,373,289,0.774798927613941,0.7297303864050618,0.8142649601832274,1.7057974897354868,,,,,CHEMBL219_Ki
86921808,mondrian_rfstd,cliffB_oracle,cliff,13,6,0.46153846153846156,0.23206067809538303,0.7085620428549398,1.6045903408152116,,,,,CHEMBL219_Ki
86921808,mondrian_rfstd,cliffB_oracle,noncliff,360,283,0.7861111111111111,0.7408486322495699,0.8253320351974555,1.7094521923353858,,,,,CHEMBL219_Ki
86921808,mondrian_rfstd,cliffA,all,373,289,0.774798927613941,0.7297303864050618,0.8142649601832274,1.7057974897354868,,,,,CHEMBL219_Ki
86921808,mondrian_rfstd,cliffA,cliff,29,16,0.5517241379310345,0.37547963210970914,0.7158683197696281,1.5876405669779439,,,,,CHEMBL219_Ki
86921808,mondrian_rfstd,cliffA,noncliff,344,273,0.7936046511627907,0.7477073674517729,0.8330169679533614,1.715758393107489,,,,,CHEMBL219_Ki
86921808,mondrian_rfstd,__bins__,__summary__,-1,-1,,,,1.7057974897354868,0.7285714285714285,0.08571428571428574,0.7297297297297297,0.08108108108108114,CHEMBL219_Ki
71339737,global,cliffB_oracle,all,341,265,0.7771260997067448,0.730005429140314,0.8180725213658449,1.8443379796703727,,,,,CHEMBL228_Ki
71339737,global,cliffB_oracle,cliff,11,4,0.36363636363636365,0.15166471095367573,0.6461988254921511,1.8443379796703725,,,,,CHEMBL228_Ki
71339737,global,cliffB_oracle,noncliff,330,261,0.7909090909090909,0.7438110744284344,0.8313122211569798,1.8443379796703725,,,,,CHEMBL228_Ki
71339737,global,cliffA,all,341,265,0.7771260997067448,0.730005429140314,0.8180725213658449,1.8443379796703727,,,,,CHEMBL228_Ki
71339737,global,cliffA,cliff,18,9,0.5,0.29031021505169974,0.7096897849483003,1.844337979670373,,,,,CHEMBL228_Ki
71339737,global,cliffA,noncliff,323,256,0.7925696594427245,0.7450390733907335,0.8332229398861251,1.8443379796703727,,,,,CHEMBL228_Ki
71339737,global,__bins__,__summary__,-1,-1,,,,1.8443379796703727,0.6597938144329897,0.22545208720635457,0.5072463768115942,0.43393009377664105,CHEMBL228_Ki
71339737,mondrian_pair,cliffB_oracle,all,341,265,0.7771260997067448,0.730005429140314,0.8180725213658449,1.8443379796703727,,,,,CHEMBL228_Ki
71339737,mondrian_pair,cliffB_oracle,cliff,11,4,0.36363636363636365,0.15166471095367573,0.6461988254921511,1.8443379796703725,,,,,CHEMBL228_Ki
71339737,mondrian_pair,cliffB_oracle,noncliff,330,261,0.7909090909090909,0.7438110744284344,0.8313122211569798,1.8443379796703725,,,,,CHEMBL228_Ki
71339737,mondrian_pair,cliffA,all,341,265,0.7771260997067448,0.730005429140314,0.8180725213658449,1.8443379796703727,,,,,CHEMBL228_Ki
71339737,mondrian_pair,cliffA,cliff,18,9,0.5,0.29031021505169974,0.7096897849483003,1.844337979670373,,,,,CHEMBL228_Ki
71339737,mondrian_pair,cliffA,noncliff,323,256,0.7925696594427245,0.7450390733907335,0.8332229398861251,1.8443379796703727,,,,,CHEMBL228_Ki
71339737,mondrian_pair,__bins__,__summary__,-1,-1,,,,1.8443379796703727,0.6597938144329897,0.22545208720635457,0.5072463768115942,0.43393009377664105,CHEMBL228_Ki
71339737,mondrian_wstd,cliffB_oracle,all,341,275,0.8064516129032258,0.7611996223004412,0.844875994925946,1.992566849086292,,,,,CHEMBL228_Ki
71339737,mondrian_wstd,cliffB_oracle,cliff,11,4,0.36363636363636365,0.15166471095367573,0.6461988254921511,1.999089461064646,,,,,CHEMBL228_Ki
71339737,mondrian_wstd,cliffB_oracle,noncliff,330,271,0.8212121212121212,0.7762470274956579,0.858784944713237,1.992349428687014,,,,,CHEMBL228_Ki
71339737,mondrian_wstd,cliffA,all,341,275,0.8064516129032258,0.7611996223004412,0.844875994925946,1.992566849086292,,,,,CHEMBL228_Ki
71339737,mondrian_wstd,cliffA,cliff,18,8,0.4444444444444444,0.24559518127005633,0.6628358435795723,1.8981023321120272,,,,,CHEMBL228_Ki
71339737,mondrian_wstd,cliffA,noncliff,323,267,0.826625386996904,0.7815654957143687,0.8640074397428648,1.9978311255740226,,,,,CHEMBL228_Ki
71339737,mondrian_wstd,__bins__,__summary__,-1,-1,,,,1.992566849086292,0.7049180327868853,0.180327868852459,0.6521739130434783,0.2742966751918159,CHEMBL228_Ki
71339737,mondrian_std,cliffB_oracle,all,341,272,0.7976539589442815,0.7518060643831878,0.8368702528271309,1.9593555010244461,,,,,CHEMBL228_Ki
71339737,mondrian_std,cliffB_oracle,cliff,11,4,0.36363636363636365,0.15166471095367573,0.6461988254921511,1.9702259860486642,,,,,CHEMBL228_Ki
71339737,mondrian_std,cliffB_oracle,noncliff,330,268,0.8121212121212121,0.7664747672037773,0.8505846020180734,1.958993151523639,,,,,CHEMBL228_Ki
71339737,mondrian_std,cliffA,all,341,272,0.7976539589442815,0.7518060643831878,0.8368702528271309,1.9593555010244461,,,,,CHEMBL228_Ki
71339737,mondrian_std,cliffA,cliff,18,8,0.4444444444444444,0.24559518127005633,0.6628358435795723,1.8772758012329898,,,,,CHEMBL228_Ki
71339737,mondrian_std,cliffA,noncliff,323,264,0.8173374613003096,0.771552508541341,0.855662902684881,1.963929601941617,,,,,CHEMBL228_Ki
71339737,mondrian_std,__bins__,__summary__,-1,-1,,,,1.9593555010244461,0.7377049180327869,0.13114754098360648,0.6376811594202898,0.28878942881500436,CHEMBL228_Ki
71339737,mondrian_iqr,cliffB_oracle,all,341,259,0.7595307917888563,0.711440445242593,0.8018389052314289,1.8086119727128187,,,,,CHEMBL228_Ki
71339737,mondrian_iqr,cliffB_oracle,cliff,11,4,0.36363636363636365,0.15166471095367573,0.6461988254921511,1.8049796776927145,,,,,CHEMBL228_Ki
71339737,mondrian_iqr,cliffB_oracle,noncliff,330,255,0.7727272727272727,0.7245260105051075,0.8146520791062184,1.808733049213489,,,,,CHEMBL228_Ki
71339737,mondrian_iqr,cliffA,all,341,259,0.7595307917888563,0.711440445242593,0.8018389052314289,1.8086119727128187,,,,,CHEMBL228_Ki
71339737,mondrian_iqr,cliffA,cliff,18,7,0.3888888888888889,0.2030524657216362,0.613809583977621,1.6959741252526992,,,,,CHEMBL228_Ki
71339737,mondrian_iqr,cliffA,noncliff,323,252,0.7801857585139319,0.7318761697528076,0.8219091445493689,1.8148890044598227,,,,,CHEMBL228_Ki
71339737,mondrian_iqr,__bins__,__summary__,-1,-1,,,,1.8086119727128187,0.6804123711340206,0.18844008788237276,0.5507246376811594,0.3463341858482524,CHEMBL228_Ki
71339737,mondrian_nb,cliffB_oracle,all,341,266,0.7800586510263929,0.7331101710841595,0.8207675460940221,1.897760602475146,,,,,CHEMBL228_Ki
71339737,mondrian_nb,cliffB_oracle,cliff,11,2,0.18181818181818182,0.05136768974608513,0.4769805619608442,1.5372457918836167,,,,,CHEMBL228_Ki
71339737,mondrian_nb,cliffB_oracle,noncliff,330,264,0.8,0.7535013423567454,0.8395945562157132,1.9097777628281971,,,,,CHEMBL228_Ki
71339737,mondrian_nb,cliffA,all,341,266,0.7800586510263929,0.7331101710841595,0.8207675460940221,1.897760602475146,,,,,CHEMBL228_Ki
71339737,mondrian_nb,cliffA,cliff,18,7,0.3888888888888889,0.2030524657216362,0.613809583977621,1.614691043087614,,,,,CHEMBL228_Ki
71339737,mondrian_nb,cliffA,noncliff,323,259,0.8018575851393189,0.7549511313353088,0.841668406172561,1.9135353766825012,,,,,CHEMBL228_Ki
71339737,mondrian_nb,__bins__,__summary__,-1,-1,,,,1.897760602475146,0.6907216494845361,0.19452425215480817,0.6231884057971014,0.2591645353793691,CHEMBL228_Ki
71339737,mondrian_nnsim,cliffB_oracle,all,341,268,0.7859237536656891,0.739329101206634,0.8261481493155934,1.974930173960561,,,,,CHEMBL228_Ki
71339737,mondrian_nnsim,cliffB_oracle,cliff,11,5,0.45454545454545453,0.21271271622459764,0.719908462590678,2.429542558354882,,,,,CHEMBL228_Ki
71339737,mondrian_nnsim,cliffB_oracle,noncliff,330,263,0.796969696969697,0.7502675677393346,0.8368374631707759,1.9597764278140837,,,,,CHEMBL228_Ki
71339737,mondrian_nnsim,cliffA,all,341,268,0.7859237536656891,0.739329101206634,0.8261481493155934,1.974930173960561,,,,,CHEMBL228_Ki
71339737,mondrian_nnsim,cliffA,cliff,18,12,0.6666666666666666,0.43749467295945105,0.837212252491663,2.397870365849917,,,,,CHEMBL228_Ki
71339737,mondrian_nnsim,cliffA,noncliff,323,256,0.7925696594427245,0.7450390733907335,0.8332229398861251,1.9513607515023308,,,,,CHEMBL228_Ki
71339737,mondrian_nnsim,__bins__,__summary__,-1,-1,,,,1.974930173960561,0.6907216494845361,0.210917694777759,0.5507246376811594,0.39045183290707586,CHEMBL228_Ki
71339737,mondrian_pairgap,cliffB_oracle,all,341,258,0.7565982404692082,0.7083564969548495,0.7991230868471495,1.773822578593225,,,,,CHEMBL228_Ki
71339737,mondrian_pairgap,cliffB_oracle,cliff,11,3,0.2727272727272727,0.09746059290024889,0.5656453011761291,1.2977665408741195,,,,,CHEMBL228_Ki
71339737,mondrian_pairgap,cliffB_oracle,noncliff,330,255,0.7727272727272727,0.7245260105051075,0.8146520791062184,1.789691113183862,,,,,CHEMBL228_Ki
71339737,mondrian_pairgap,cliffA,all,341,258,0.7565982404692082,0.7083564969548495,0.7991230868471495,1.773822578593225,,,,,CHEMBL228_Ki
71339737,mondrian_pairgap,cliffA,cliff,18,7,0.3888888888888889,0.2030524657216362,0.613809583977621,1.3319279695067405,,,,,CHEMBL228_Ki
71339737,mondrian_pairgap,cliffA,noncliff,323,251,0.7770897832817337,0.7285945478258407,0.8190715917326654,1.7984482843627505,,,,,CHEMBL228_Ki
71339737,mondrian_pairgap,__bins__,__summary__,-1,-1,,,,1.773822578593225,0.6597938144329897,0.20905864458340373,0.5072463768115942,0.3751065643648763,CHEMBL228_Ki
71339737,mondrian_rfstd,cliffB_oracle,all,341,265,0.7771260997067448,0.730005429140314,0.8180725213658449,1.8463699538644274,,,,,CHEMBL228_Ki
71339737,mondrian_rfstd,cliffB_oracle,cliff,11,4,0.36363636363636365,0.15166471095367573,0.6461988254921511,1.7931761624780684,,,,,CHEMBL228_Ki
71339737,mondrian_rfstd,cliffB_oracle,noncliff,330,261,0.7909090909090909,0.7438110744284344,0.8313122211569798,1.8481430802439724,,,,,CHEMBL228_Ki
71339737,mondrian_rfstd,cliffA,all,341,265,0.7771260997067448,0.730005429140314,0.8180725213658449,1.8463699538644274,,,,,CHEMBL228_Ki
71339737,mondrian_rfstd,cliffA,cliff,18,8,0.4444444444444444,0.24559518127005633,0.6628358435795723,1.7097743916933144,,,,,CHEMBL228_Ki
71339737,mondrian_rfstd,cliffA,noncliff,323,257,0.7956656346749226,0.7483391912015867,0.8360419968189421,1.853982090456006,,,,,CHEMBL228_Ki
71339737,mondrian_rfstd,__bins__,__summary__,-1,-1,,,,1.8463699538644274,0.7213114754098361,0.11475409836065575,0.6666666666666666,0.2009803921568628,CHEMBL228_Ki
99182118,global,cliffB_oracle,all,341,278,0.8152492668621701,0.7706256181269148,0.8528492991155411,2.0880539053653173,,,,,CHEMBL228_Ki
99182118,global,cliffB_oracle,cliff,9,3,0.3333333333333333,0.1205838183869109,0.6457978644196036,2.0880539053653173,,,,,CHEMBL228_Ki
99182118,global,cliffB_oracle,noncliff,332,275,0.8283132530120482,0.7840517389377692,0.8650640693531608,2.0880539053653173,,,,,CHEMBL228_Ki
99182118,global,cliffA,all,341,278,0.8152492668621701,0.7706256181269148,0.8528492991155411,2.0880539053653173,,,,,CHEMBL228_Ki
99182118,global,cliffA,cliff,18,12,0.6666666666666666,0.43749467295945105,0.837212252491663,2.088053905365317,,,,,CHEMBL228_Ki
99182118,global,cliffA,noncliff,323,266,0.8235294117647058,0.7782232875027784,0.8612304732107845,2.0880539053653173,,,,,CHEMBL228_Ki
99182118,global,__bins__,__summary__,-1,-1,,,,2.0880539053653173,0.65,0.2666666666666666,0.6376811594202898,0.28878942881500436,CHEMBL228_Ki
99182118,mondrian_pair,cliffB_oracle,all,341,278,0.8152492668621701,0.7706256181269148,0.8528492991155411,2.0880539053653173,,,,,CHEMBL228_Ki
99182118,mondrian_pair,cliffB_oracle,cliff,9,3,0.3333333333333333,0.1205838183869109,0.6457978644196036,2.0880539053653173,,,,,CHEMBL228_Ki
99182118,mondrian_pair,cliffB_oracle,noncliff,332,275,0.8283132530120482,0.7840517389377692,0.8650640693531608,2.0880539053653173,,,,,CHEMBL228_Ki
99182118,mondrian_pair,cliffA,all,341,278,0.8152492668621701,0.7706256181269148,0.8528492991155411,2.0880539053653173,,,,,CHEMBL228_Ki
99182118,mondrian_pair,cliffA,cliff,18,12,0.6666666666666666,0.43749467295945105,0.837212252491663,2.088053905365317,,,,,CHEMBL228_Ki
99182118,mondrian_pair,cliffA,noncliff,323,266,0.8235294117647058,0.7782232875027784,0.8612304732107845,2.0880539053653173,,,,,CHEMBL228_Ki
99182118,mondrian_pair,__bins__,__summary__,-1,-1,,,,2.0880539053653173,0.65,0.2666666666666666,0.6376811594202898,0.28878942881500436,CHEMBL228_Ki
99182118,mondrian_wstd,cliffB_oracle,all,341,274,0.8035190615835777,0.7580649129183631,0.8422109376360013,2.1357608227942144,,,,,CHEMBL228_Ki
99182118,mondrian_wstd,cliffB_oracle,cliff,9,3,0.3333333333333333,0.1205838183869109,0.6457978644196036,2.118234168475369,,,,,CHEMBL228_Ki
99182118,mondrian_wstd,cliffB_oracle,noncliff,332,271,0.8162650602409639,0.7710715278715313,0.8542235168123923,2.1362359429414117,,,,,CHEMBL228_Ki
99182118,mondrian_wstd,cliffA,all,341,274,0.8035190615835777,0.7580649129183631,0.8422109376360013,2.1357608227942144,,,,,CHEMBL228_Ki
99182118,mondrian_wstd,cliffA,cliff,18,11,0.6111111111111112,0.3861904160223791,0.7969475342783638,1.9545275044732147,,,,,CHEMBL228_Ki
99182118,mondrian_wstd,cliffA,noncliff,323,263,0.8142414860681114,0.7682237600570276,0.8528724764255238,2.1458605123600907,,,,,CHEMBL228_Ki
99182118,mondrian_wstd,__bins__,__summary__,-1,-1,,,,2.1357608227942144,0.75,0.10245901639344257,0.6911764705882353,0.20588235294117652,CHEMBL228_Ki
99182118,mondrian_std,cliffB_oracle,all,341,274,0.8035190615835777,0.7580649129183631,0.8422109376360013,2.1334730463282416,,,,,CHEMBL228_Ki
99182118,mondrian_std,cliffB_oracle,cliff,9,4,0.4444444444444444,0.18877852109766452,0.733348706504507,2.2514659881925576,,,,,CHEMBL228_Ki
99182118,mondrian_std,cliffB_oracle,noncliff,332,270,0.8132530120481928,0.7678368794445921,0.8515029743375798,2.1302744424825226,,,,,CHEMBL228_Ki
99182118,mondrian_std,cliffA,all,341,274,0.8035190615835777,0.7580649129183631,0.8422109376360013,2.1334730463282416,,,,,CHEMBL228_Ki
99182118,mondrian_std,cliffA,cliff,18,12,0.6666666666666666,0.43749467295945105,0.837212252491663,2.0211434143318088,,,,,CHEMBL228_Ki
99182118,mondrian_std,cliffA,noncliff,323,262,0.8111455108359134,0.7648993265214427,0.8500777352174386,2.1397329019812936,,,,,CHEMBL228_Ki
99182118,mondrian_std,__bins__,__summary__,-1,-1,,,,2.1334730463282416,0.75,0.10245901639344257,0.7058823529411765,0.19117647058823528,CHEMBL228_Ki
99182118,mondrian_iqr,cliffB_oracle,all,341,271,0.7947214076246334,0.7486818117359788,0.834194738802317,1.9693224086882912,,,,,CHEMBL228_Ki
99182118,mondrian_iqr,cliffB_oracle,cliff,9,2,0.2222222222222222,0.06322510711784671,0.5474110308930111,1.919751583687867,,,,,CHEMBL228_Ki
99182118,mondrian_iqr,cliffB_oracle,noncliff,332,269,0.8102409638554217,0.7646062383872684,0.8487784244931519,1.970666196113002,,,,,CHEMBL228_Ki
99182118,mondrian_iqr,cliffA,all,341,271,0.7947214076246334,0.7486818117359788,0.834194738802317,1.9693224086882912,,,,,CHEMBL228_Ki
99182118,mondrian_iqr,cliffA,cliff,18,10,0.5555555555555556,0.33716415642042774,0.7544048187299437,1.8266919191562314,,,,,CHEMBL228_Ki
99182118,mondrian_iqr,cliffA,noncliff,323,261,0.8080495356037152,0.7615791279249985,0.8472787590702121,1.9772708570213473,,,,,CHEMBL228_Ki
99182118,mondrian_iqr,__bins__,__summary__,-1,-1,,,,1.9693224086882912,0.7333333333333333,0.10000000000000009,0.7681159420289855,0.0701193520886616,CHEMBL228_Ki
99182118,mondrian_nb,cliffB_oracle,all,341,282,0.8269794721407625,0.7832471301322549,0.8634268537982924,2.128995283551586,,,,,CHEMBL228_Ki
99182118,mondrian_nb,cliffB_oracle,cliff,9,3,0.3333333333333333,0.1205838183869109,0.6457978644196036,1.81026136547149,,,,,CHEMBL228_Ki
99182118,mondrian_nb,cliffB_oracle,noncliff,332,279,0.8403614457831325,0.7971026567658875,0.8758339151320492,2.1376356608489377,,,,,CHEMBL228_Ki
99182118,mondrian_nb,cliffA,all,341,282,0.8269794721407625,0.7832471301322549,0.8634268537982924,2.128995283551586,,,,,CHEMBL228_Ki
99182118,mondrian_nb,cliffA,cliff,18,11,0.6111111111111112,0.3861904160223791,0.7969475342783638,1.8426595141942803,,,,,CHEMBL228_Ki
99182118,mondrian_nb,cliffA,noncliff,323,271,0.8390092879256966,0.7949820506647742,0.8750675837671411,2.1449520756519926,,,,,CHEMBL228_Ki
99182118,mondrian_nb,__bins__,__summary__,-1,-1,,,,2.128995283551586,0.72,0.16524590163934427,0.7352941176470589,0.17647058823529405,CHEMBL228_Ki
99182118,mondrian_nnsim,cliffB_oracle,all,341,283,0.8299120234604106,0.7864125516620334,0.8660611989405368,2.152526303092813,,,,,CHEMBL228_Ki
99182118,mondrian_nnsim,cliffB_oracle,cliff,9,3,0.3333333333333333,0.1205838183869109,0.6457978644196036,2.377539204201037,,,,,CHEMBL228_Ki
99182118,mondrian_nnsim,cliffB_oracle,noncliff,332,280,0.8433734939759037,0.8003771513894022,0.8785146114102862,2.1464265557736137,,,,,CHEMBL228_Ki
99182118,mondrian_nnsim,cliffA,all,341,283,0.8299120234604106,0.7864125516620334,0.8660611989405368,2.152526303092813,,,,,CHEMBL228_Ki
99182118,mondrian_nnsim,cliffA,cliff,18,12,0.6666666666666666,0.43749467295945105,0.837212252491663,2.306219520105292,,,,,CHEMBL228_Ki
99182118,mondrian_nnsim,cliffA,noncliff,323,271,0.8390092879256966,0.7949820506647742,0.8750675837671411,2.143961356014718,,,,,CHEMBL228_Ki
99182118,mondrian_nnsim,__bins__,__summary__,-1,-1,,,,2.152526303092813,0.73,0.17000000000000004,0.7101449275362319,0.201619778346121,CHEMBL228_Ki
99182118,mondrian_pairgap,cliffB_oracle,all,341,276,0.8093841642228738,0.7643379343507157,0.8475374495476944,2.0685452835636666,,,,,CHEMBL228_Ki
99182118,mondrian_pairgap,cliffB_oracle,cliff,9,3,0.3333333333333333,0.1205838183869109,0.6457978644196036,1.9183247281731195,,,,,CHEMBL228_Ki
99182118,mondrian_pairgap,cliffB_oracle,noncliff,332,273,0.822289156626506,0.7775531491372657,0.859652277350161,2.0726175275350975,,,,,CHEMBL228_Ki
99182118,mondrian_pairgap,cliffA,all,341,276,0.8093841642228738,0.7643379343507157,0.8475374495476944,2.0685452835636666,,,,,CHEMBL228_Ki
99182118,mondrian_pairgap,cliffA,cliff,18,11,0.6111111111111112,0.3861904160223791,0.7969475342783638,1.9423290437252174,,,,,CHEMBL228_Ki
99182118,mondrian_pairgap,cliffA,noncliff,323,265,0.8204334365325078,0.7748856553661767,0.858448930603716,2.0755790059076054,,,,,CHEMBL228_Ki
99182118,mondrian_pairgap,__bins__,__summary__,-1,-1,,,,2.0685452835636666,0.65,0.25,0.6231884057971014,0.2885763000852515,CHEMBL228_Ki
99182118,mondrian_rfstd,cliffB_oracle,all,341,268,0.7859237536656891,0.739329101206634,0.8261481493155934,1.95935774526399,,,,,CHEMBL228_Ki
99182118,mondrian_rfstd,cliffB_oracle,cliff,9,2,0.2222222222222222,0.06322510711784671,0.5474110308930111,1.6104873212619606,,,,,CHEMBL228_Ki
99182118,mondrian_rfstd,cliffB_oracle,noncliff,332,266,0.8012048192771084,0.7549376546350206,0.8405814355401446,1.968815076035129,,,,,CHEMBL228_Ki
99182118,mondrian_rfstd,cliffA,all,341,268,0.7859237536656891,0.739329101206634,0.8261481493155934,1.95935774526399,,,,,CHEMBL228_Ki
99182118,mondrian_rfstd,cliffA,cliff,18,8,0.4444444444444444,0.24559518127005633,0.6628358435795723,1.6161336162301718,,,,,CHEMBL228_Ki
99182118,mondrian_rfstd,cliffA,noncliff,323,260,0.804953560371517,0.7582630874570346,0.8444756247945056,1.9784847865104565,,,,,CHEMBL228_Ki
99182118,mondrian_rfstd,__bins__,__summary__,-1,-1,,,,1.95935774526399,0.7666666666666667,0.05300546448087429,0.6764705882352942,0.2058823529411764,CHEMBL228_Ki
89709943,global,cliffB_oracle,all,341,290,0.8504398826979472,0.808692567707887,0.884379549598843,1.9572584855185422,,,,,CHEMBL228_Ki
89709943,global,cliffB_oracle,cliff,3,3,1.0,0.4385029682449546,1.0,1.957258485518542,,,,,CHEMBL228_Ki
89709943,global,cliffB_oracle,noncliff,338,287,0.849112426035503,0.8070428140210824,0.8833357047641097,1.9572584855185422,,,,,CHEMBL228_Ki
89709943,global,cliffA,all,341,290,0.8504398826979472,0.808692567707887,0.884379549598843,1.9572584855185422,,,,,CHEMBL228_Ki
89709943,global,cliffA,cliff,9,8,0.8888888888888888,0.5650002944233439,0.9801091123614551,1.9572584855185424,,,,,CHEMBL228_Ki
89709943,global,cliffA,noncliff,332,282,0.8493975903614458,0.8069410156978732,0.8838611289053185,1.9572584855185424,,,,,CHEMBL228_Ki
89709943,global,__bins__,__summary__,-1,-1,,,,1.9572584855185422,0.7526881720430108,0.15053763440860213,0.6956521739130435,0.26023017902813306,CHEMBL228_Ki
89709943,mondrian_pair,cliffB_oracle,all,341,291,0.8533724340175953,0.8118940479906462,0.8869778359881066,1.9737037453643145,,,,,CHEMBL228_Ki
89709943,mondrian_pair,cliffB_oracle,cliff,3,3,1.0,0.4385029682449546,1.0,2.029960047350197,,,,,CHEMBL228_Ki
89709943,mondrian_pair,cliffB_oracle,noncliff,338,288,0.8520710059171598,0.8102714830826792,0.8859577011159467,1.973204429074499,,,,,CHEMBL228_Ki
89709943,mondrian_pair,cliffA,all,341,291,0.8533724340175953,0.8118940479906462,0.8869778359881066,1.9737037453643145,,,,,CHEMBL228_Ki
89709943,mondrian_pair,cliffA,cliff,9,8,0.8888888888888888,0.5650002944233439,0.9801091123614551,2.029960047350197,,,,,CHEMBL228_Ki
89709943,mondrian_pair,cliffA,noncliff,332,283,0.8524096385542169,0.8102306227220208,0.8865267127829226,1.9721787251297573,,,,,CHEMBL228_Ki
89709943,mondrian_pair,__bins__,__summary__,-1,-1,,,,1.9737037453643145,0.7741935483870968,0.12903225806451613,0.6956521739130435,0.2749360613810742,CHEMBL228_Ki
89709943,mondrian_wstd,cliffB_oracle,all,341,282,0.8269794721407625,0.7832471301322549,0.8634268537982924,2.0089929432616103,,,,,CHEMBL228_Ki
89709943,mondrian_wstd,cliffB_oracle,cliff,3,3,1.0,0.4385029682449546,1.0,2.0729200906213263,,,,,CHEMBL228_Ki
89709943,mondrian_wstd,cliffB_oracle,noncliff,338,279,0.8254437869822485,0.7813817490384418,0.8621914464392795,2.0084255425454,,,,,CHEMBL228_Ki
89709943,mondrian_wstd,cliffA,all,341,282,0.8269794721407625,0.7832471301322549,0.8634268537982924,2.0089929432616103,,,,,CHEMBL228_Ki
89709943,mondrian_wstd,cliffA,cliff,9,7,0.7777777777777778,0.45258896910698887,0.9367748928821533,1.9316555638565194,,,,,CHEMBL228_Ki
89709943,mondrian_wstd,cliffA,noncliff,332,275,0.8283132530120482,0.7840517389377692,0.8650640693531608,2.0110894384864473,,,,,CHEMBL228_Ki
89709943,mondrian_wstd,__bins__,__summary__,-1,-1,,,,2.0089929432616103,0.6774193548387096,0.22580645161290325,0.7101449275362319,0.2457374254049446,CHEMBL228_Ki
89709943,mondrian_std,cliffB_oracle,all,341,285,0.8357771260997068,0.792756012951584,0.8713172709950319,2.025549982099797,,,,,CHEMBL228_Ki
89709943,mondrian_std,cliffB_oracle,cliff,3,3,1.0,0.4385029682449546,1.0,2.0929053874885324,,,,,CHEMBL228_Ki
89709943,mondrian_std,cliffB_oracle,noncliff,338,282,0.834319526627219,0.7909711132494981,0.8701540784685249,2.0249521530578853,,,,,CHEMBL228_Ki
89709943,mondrian_std,cliffA,all,341,285,0.8357771260997068,0.792756012951584,0.8713172709950319,2.025549982099797,,,,,CHEMBL228_Ki
89709943,mondrian_std,cliffA,cliff,9,8,0.8888888888888888,0.5650002944233439,0.9801091123614551,1.9742316132104765,,,,,CHEMBL228_Ki
89709943,mondrian_std,cliffA,noncliff,332,277,0.8343373493975904,0.7905679897686393,0.8704582003257941,2.0269411427022184,,,,,CHEMBL228_Ki
89709943,mondrian_std,__bins__,__summary__,-1,-1,,,,2.025549982099797,0.6935483870967742,0.20967741935483863,0.7101449275362319,0.2457374254049446,CHEMBL228_Ki
89709943,mondrian_iqr,cliffB_oracle,all,341,283,0.8299120234604106,0.7864125516620334,0.8660611989405368,1.9399200913162544,,,,,CHEMBL228_Ki
89709943,mondrian_iqr,cliffB_oracle,cliff,3,2,0.6666666666666666,0.2076596008020477,0.9385080552796037,1.9390713716106924,,,,,CHEMBL228_Ki
89709943,mondrian_iqr,cliffB_oracle,noncliff,338,281,0.8313609467455622,0.7877703748729548,0.8675041514316344,1.9399276243313928,,,,,CHEMBL228_Ki
89709943,mondrian_iqr,cliffA,all,341,283,0.8299120234604106,0.7864125516620334,0.8660611989405368,1.9399200913162544,,,,,CHEMBL228_Ki
89709943,mondrian_iqr,cliffA,cliff,9,7,0.7777777777777778,0.45258896910698887,0.9367748928821533,1.8711649859769313,,,,,CHEMBL228_Ki
89709943,mondrian_iqr,cliffA,noncliff,332,276,0.8313253012048193,0.787307611084732,0.8677633881079497,1.9417839345332844,,,,,CHEMBL228_Ki
89709943,mondrian_iqr,__bins__,__summary__,-1,-1,,,,1.9399200913162544,0.7634408602150538,0.17204301075268813,0.7101449275362319,0.2457374254049446,CHEMBL228_Ki
89709943,mondrian_nb,cliffB_oracle,all,341,294,0.8621700879765396,0.8215289122909727,0.8947422717038486,1.9452559356719192,,,,,CHEMBL228_Ki
89709943,mondrian_nb,cliffB_oracle,cliff,3,3,1.0,0.4385029682449546,1.0,1.8244905110715592,,,,,CHEMBL228_Ki
89709943,mondrian_nb,cliffB_oracle,noncliff,338,291,0.8609467455621301,0.8199882514296987,0.8937929290092285,1.9463278181387862,,,,,CHEMBL228_Ki
89709943,mondrian_nb,cliffA,all,341,294,0.8621700879765396,0.8215289122909727,0.8947422717038486,1.9452559356719192,,,,,CHEMBL228_Ki
89709943,mondrian_nb,cliffA,cliff,9,7,0.7777777777777778,0.45258896910698887,0.9367748928821533,1.770448444520072,,,,,CHEMBL228_Ki
89709943,mondrian_nb,cliffA,noncliff,332,287,0.8644578313253012,0.8234432742780737,0.8971348248338762,1.9499946929621803,,,,,CHEMBL228_Ki
89709943,mondrian_nb,__bins__,__summary__,-1,-1,,,,1.9452559356719192,0.7956989247311828,0.10752688172043012,0.7246376811594203,0.23124467178175623,CHEMBL228_Ki
89709943,mondrian_nnsim,cliffB_oracle,all,341,280,0.8211143695014663,0.7769284927511526,0.858145957835349,1.9584763297747698,,,,,CHEMBL228_Ki
89709943,mondrian_nnsim,cliffB_oracle,cliff,3,3,1.0,0.4385029682449546,1.0,2.319994742911954,,,,,CHEMBL228_Ki
89709943,mondrian_nnsim,cliffB_oracle,noncliff,338,277,0.8195266272189349,0.7750096969311953,0.8568621677196584,1.9552675864629014,,,,,CHEMBL228_Ki
89709943,mondrian_nnsim,cliffA,all,341,280,0.8211143695014663,0.7769284927511526,0.858145957835349,1.9584763297747698,,,,,CHEMBL228_Ki
89709943,mondrian_nnsim,cliffA,cliff,9,8,0.8888888888888888,0.5650002944233439,0.9801091123614551,2.1587935354113474,,,,,CHEMBL228_Ki
89709943,mondrian_nnsim,cliffA,noncliff,332,272,0.8192771084337349,0.7743102584672287,0.8569399771184464,1.9530460440798023,,,,,CHEMBL228_Ki
89709943,mondrian_nnsim,__bins__,__summary__,-1,-1,,,,1.9584763297747698,0.7419354838709677,0.12903225806451613,0.6376811594202898,0.3182011935208867,CHEMBL228_Ki
89709943,mondrian_pairgap,cliffB_oracle,all,341,290,0.8504398826979472,0.808692567707887,0.884379549598843,1.959803669928497,,,,,CHEMBL228_Ki
89709943,mondrian_pairgap,cliffB_oracle,cliff,3,3,1.0,0.4385029682449546,1.0,1.9341259841620329,,,,,CHEMBL228_Ki
89709943,mondrian_pairgap,cliffB_oracle,noncliff,338,287,0.849112426035503,0.8070428140210824,0.8833357047641097,1.9600315783820457,,,,,CHEMBL228_Ki
89709943,mondrian_pairgap,cliffA,all,341,290,0.8504398826979472,0.808692567707887,0.884379549598843,1.959803669928497,,,,,CHEMBL228_Ki
89709943,mondrian_pairgap,cliffA,cliff,9,8,0.8888888888888888,0.5650002944233439,0.9801091123614551,1.9341259841620326,,,,,CHEMBL228_Ki
89709943,mondrian_pairgap,cliffA,noncliff,332,282,0.8493975903614458,0.8069410156978732,0.8838611289053185,1.9604997517715637,,,,,CHEMBL228_Ki
89709943,mondrian_pairgap,__bins__,__summary__,-1,-1,,,,1.959803669928497,0.7526881720430108,0.15053763440860213,0.6956521739130435,0.26023017902813306,CHEMBL228_Ki
89709943,mondrian_rfstd,cliffB_oracle,all,341,282,0.8269794721407625,0.7832471301322549,0.8634268537982924,1.8743397476468013,,,,,CHEMBL228_Ki
89709943,mondrian_rfstd,cliffB_oracle,cliff,3,2,0.6666666666666666,0.2076596008020477,0.9385080552796037,2.2219528650906506,,,,,CHEMBL228_Ki
89709943,mondrian_rfstd,cliffB_oracle,noncliff,338,280,0.8284023668639053,0.7845739490708397,0.8648499118203155,1.8712544241191933,,,,,CHEMBL228_Ki
89709943,mondrian_rfstd,cliffA,all,341,282,0.8269794721407625,0.7832471301322549,0.8634268537982924,1.8743397476468013,,,,,CHEMBL228_Ki
89709943,mondrian_rfstd,cliffA,cliff,9,5,0.5555555555555556,0.26665129349549305,0.8112214789023355,1.747325279919987,,,,,CHEMBL228_Ki
89709943,mondrian_rfstd,cliffA,noncliff,332,277,0.8343373493975904,0.7905679897686393,0.8704582003257941,1.8777829109285524,,,,,CHEMBL228_Ki
89709943,mondrian_rfstd,__bins__,__summary__,-1,-1,,,,1.8743397476468013,0.7634408602150538,0.12365591397849462,0.7794117647058824,0.08823529411764708,CHEMBL228_Ki
86921808,global,cliffB_oracle,all,341,265,0.7771260997067448,0.730005429140314,0.8180725213658449,1.8000356494650054,,,,,CHEMBL228_Ki
86921808,global,cliffB_oracle,cliff,8,5,0.625,0.30574239460262737,0.8631557141764026,1.8000356494650056,,,,,CHEMBL228_Ki
86921808,global,cliffB_oracle,noncliff,333,260,0.7807807807807807,0.733281398585065,0.8218759168318088,1.8000356494650056,,,,,CHEMBL228_Ki
86921808,global,cliffA,all,341,265,0.7771260997067448,0.730005429140314,0.8180725213658449,1.8000356494650054,,,,,CHEMBL228_Ki
86921808,global,cliffA,cliff,13,8,0.6153846153846154,0.355228915126657,0.8229029220223743,1.8000356494650056,,,,,CHEMBL228_Ki
86921808,global,cliffA,noncliff,328,257,0.7835365853658537,0.7358226153662284,0.8246860102317035,1.8000356494650056,,,,,CHEMBL228_Ki
86921808,global,__bins__,__summary__,-1,-1,,,,1.8000356494650054,0.5862068965517241,0.3185550082101807,0.6086956521739131,0.3177749360613811,CHEMBL228_Ki
86921808,mondrian_pair,cliffB_oracle,all,341,267,0.782991202346041,0.7362180467579909,0.8234594370922137,1.8287592428410773,,,,,CHEMBL228_Ki
86921808,mondrian_pair,cliffB_oracle,cliff,8,6,0.75,0.40927543031016883,0.9285207872478909,1.9360737792044553,,,,,CHEMBL228_Ki
86921808,mondrian_pair,cliffB_oracle,noncliff,333,261,0.7837837837837838,0.7364664327936905,0.8246283940180161,1.8261811158413563,,,,,CHEMBL228_Ki
86921808,mondrian_pair,cliffA,all,341,267,0.782991202346041,0.7362180467579909,0.8234594370922137,1.8287592428410773,,,,,CHEMBL228_Ki
86921808,mondrian_pair,cliffA,cliff,13,9,0.6923076923076923,0.42369343180549035,0.8731929634428948,1.9172377304713009,,,,,CHEMBL228_Ki
86921808,mondrian_pair,cliffA,noncliff,328,258,0.7865853658536586,0.7390604792818695,0.8274751207848575,1.8252524735142697,,,,,CHEMBL228_Ki
86921808,mondrian_pair,__bins__,__summary__,-1,-1,,,,1.8287592428410773,0.5862068965517241,0.3185550082101807,0.6086956521739131,0.3324808184143222,CHEMBL228_Ki
86921808,mondrian_wstd,cliffB_oracle,all,341,272,0.7976539589442815,0.7518060643831878,0.8368702528271309,1.9264424883256224,,,,,CHEMBL228_Ki
86921808,mondrian_wstd,cliffB_oracle,cliff,8,6,0.75,0.40927543031016883,0.9285207872478909,2.0241689170342543,,,,,CHEMBL228_Ki
86921808,mondrian_wstd,cliffB_oracle,noncliff,333,266,0.7987987987987988,0.7524434198359821,0.8383389639498889,1.924094706254544,,,,,CHEMBL228_Ki
86921808,mondrian_wstd,cliffA,all,341,272,0.7976539589442815,0.7518060643831878,0.8368702528271309,1.9264424883256224,,,,,CHEMBL228_Ki
86921808,mondrian_wstd,cliffA,cliff,13,9,0.6923076923076923,0.42369343180549035,0.8731929634428948,1.9790027543559925,,,,,CHEMBL228_Ki
86921808,mondrian_wstd,cliffA,noncliff,328,263,0.801829268292683,0.7553043880691237,0.8413660843415782,1.924359307050028,,,,,CHEMBL228_Ki
86921808,mondrian_wstd,__bins__,__summary__,-1,-1,,,,1.9264424883256224,0.7126436781609196,0.17624521072796928,0.6764705882352942,0.22058823529411764,CHEMBL228_Ki
86921808,mondrian_std,cliffB_oracle,all,341,270,0.7917888563049853,0.7455609345614278,0.8315158493048451,1.9169259411549222,,,,,CHEMBL228_Ki
86921808,mondrian_std,cliffB_oracle,cliff,8,5,0.625,0.30574239460262737,0.8631557141764026,1.9913888192501845,,,,,CHEMBL228_Ki
86921808,mondrian_std,cliffB_oracle,noncliff,333,265,0.7957957957957958,0.7492409337019152,0.8356039386891232,1.9151370431826635,,,,,CHEMBL228_Ki
86921808,mondrian_std,cliffA,all,341,270,0.7917888563049853,0.7455609345614278,0.8315158493048451,1.9169259411549222,,,,,CHEMBL228_Ki
86921808,mondrian_std,cliffA,cliff,13,8,0.6153846153846154,0.355228915126657,0.8229029220223743,1.9390868503950178,,,,,CHEMBL228_Ki
86921808,mondrian_std,cliffA,noncliff,328,262,0.7987804878048781,0.7520481313992972,0.8385953665426097,1.9160476124350403,,,,,CHEMBL228_Ki
86921808,mondrian_std,__bins__,__summary__,-1,-1,,,,1.9169259411549222,0.7011494252873564,0.15599343185550074,0.6617647058823529,0.23529411764705888,CHEMBL228_Ki
86921808,mondrian_iqr,cliffB_oracle,all,341,263,0.7712609970674487,0.7238051737323387,0.8126732434297744,1.7612146767522006,,,,,CHEMBL228_Ki
86921808,mondrian_iqr,cliffB_oracle,cliff,8,5,0.625,0.30574239460262737,0.8631557141764026,1.5696229174288439,,,,,CHEMBL228_Ki
86921808,mondrian_iqr,cliffB_oracle,noncliff,333,258,0.7747747747747747,0.7269212876066691,0.816361005020539,1.7658174817809897,,,,,CHEMBL228_Ki
86921808,mondrian_iqr,cliffA,all,341,263,0.7712609970674487,0.7238051737323387,0.8126732434297744,1.7612146767522006,,,,,CHEMBL228_Ki
86921808,mondrian_iqr,cliffA,cliff,13,8,0.6153846153846154,0.355228915126657,0.8229029220223743,1.7005352083204914,,,,,CHEMBL228_Ki
86921808,mondrian_iqr,cliffA,noncliff,328,255,0.7774390243902439,0.7293573632956288,0.8190973133647131,1.763619655683945,,,,,CHEMBL228_Ki
86921808,mondrian_iqr,__bins__,__summary__,-1,-1,,,,1.7612146767522006,0.6206896551724138,0.2386853448275862,0.6521739130434783,0.2301790281329923,CHEMBL228_Ki
86921808,mondrian_nb,cliffB_oracle,all,341,269,0.7888563049853372,0.7424433810509756,0.8288336361432744,1.9057780947678815,,,,,CHEMBL228_Ki
86921808,mondrian_nb,cliffB_oracle,cliff,8,4,0.5,0.21521606221387757,0.7847839377861224,1.5013251417633127,,,,,CHEMBL228_Ki
86921808,mondrian_nb,cliffB_oracle,noncliff,333,265,0.7957957957957958,0.7492409337019152,0.8356039386891232,1.9154946822274506,,,,,CHEMBL228_Ki
86921808,mondrian_nb,cliffA,all,341,269,0.7888563049853372,0.7424433810509756,0.8288336361432744,1.9057780947678815,,,,,CHEMBL228_Ki
86921808,mondrian_nb,cliffA,cliff,13,7,0.5384615384615384,0.29143795714506004,0.7679393219046169,1.5673758038388228,,,,,CHEMBL228_Ki
86921808,mondrian_nb,cliffA,noncliff,328,262,0.7987804878048781,0.7520481313992972,0.8385953665426097,1.91919038068885,,,,,CHEMBL228_Ki
86921808,mondrian_nb,__bins__,__summary__,-1,-1,,,,1.9057780947678815,0.6551724137931034,0.23371647509578541,0.7058823529411765,0.16176470588235292,CHEMBL228_Ki
86921808,mondrian_nnsim,cliffB_oracle,all,341,275,0.8064516129032258,0.7611996223004412,0.844875994925946,1.9289166011397565,,,,,CHEMBL228_Ki
86921808,mondrian_nnsim,cliffB_oracle,cliff,8,7,0.875,0.5291118177871464,0.9775825085499433,2.1631315852098254,,,,,CHEMBL228_Ki
86921808,mondrian_nnsim,cliffB_oracle,noncliff,333,268,0.8048048048048048,0.7588594317204769,0.8437979748550599,1.9232898147356707,,,,,CHEMBL228_Ki
86921808,mondrian_nnsim,cliffA,all,341,275,0.8064516129032258,0.7611996223004412,0.844875994925946,1.9289166011397565,,,,,CHEMBL228_Ki
86921808,mondrian_nnsim,cliffA,cliff,13,10,0.7692307692307693,0.49743624053272495,0.9182047128150143,2.097167033583095,,,,,CHEMBL228_Ki
86921808,mondrian_nnsim,cliffA,noncliff,328,265,0.8079268292682927,0.761828558304738,0.8468958630435539,1.9222481388782822,,,,,CHEMBL228_Ki
86921808,mondrian_nnsim,__bins__,__summary__,-1,-1,,,,1.9289166011397565,0.6206896551724138,0.2699353448275862,0.6666666666666666,0.2598039215686275,CHEMBL228_Ki
86921808,mondrian_pairgap,cliffB_oracle,all,341,269,0.7888563049853372,0.7424433810509756,0.8288336361432744,1.8445419547408073,,,,,CHEMBL228_Ki
86921808,mondrian_pairgap,cliffB_oracle,cliff,8,5,0.625,0.30574239460262737,0.8631557141764026,1.79490683852225,,,,,CHEMBL228_Ki
86921808,mondrian_pairgap,cliffB_oracle,noncliff,333,264,0.7927927927927928,0.74604204787749,0.8328653131187155,1.8457343899652774,,,,,CHEMBL228_Ki
86921808,mondrian_pairgap,cliffA,all,341,269,0.7888563049853372,0.7424433810509756,0.8288336361432744,1.8445419547408073,,,,,CHEMBL228_Ki
86921808,mondrian_pairgap,cliffA,cliff,13,8,0.6153846153846154,0.355228915126657,0.8229029220223743,1.7858021722336386,,,,,CHEMBL228_Ki
86921808,mondrian_pairgap,cliffA,noncliff,328,261,0.7957317073170732,0.7487956732980863,0.8358208501750257,1.8468700558767623,,,,,CHEMBL228_Ki
86921808,mondrian_pairgap,__bins__,__summary__,-1,-1,,,,1.8445419547408073,0.6091954022988506,0.29556650246305416,0.6521739130434783,0.289002557544757,CHEMBL228_Ki
86921808,mondrian_rfstd,cliffB_oracle,all,341,275,0.8064516129032258,0.7611996223004412,0.844875994925946,1.9215918421480342,,,,,CHEMBL228_Ki
86921808,mondrian_rfstd,cliffB_oracle,cliff,8,4,0.5,0.21521606221387757,0.7847839377861224,2.052398401003973,,,,,CHEMBL228_Ki
86921808,mondrian_rfstd,cliffB_oracle,noncliff,333,271,0.8138138138138138,0.7685120054397941,0.8519579353202412,1.9184493422355797,,,,,CHEMBL228_Ki
86921808,mondrian_rfstd,cliffA,all,341,275,0.8064516129032258,0.7611996223004412,0.844875994925946,1.9215918421480342,,,,,CHEMBL228_Ki
86921808,mondrian_rfstd,cliffA,cliff,13,8,0.6153846153846154,0.355228915126657,0.8229029220223743,2.0219552036256307,,,,,CHEMBL228_Ki
86921808,mondrian_rfstd,cliffA,noncliff,328,267,0.8140243902439024,0.7683687326193018,0.8524096376665797,1.9176140259919099,,,,,CHEMBL228_Ki
86921808,mondrian_rfstd,__bins__,__summary__,-1,-1,,,,1.9215918421480342,0.7241379310344828,0.16475095785440608,0.7205882352941176,0.13235294117647056,CHEMBL228_Ki
71339737,global,cliffB_oracle,all,191,158,0.8272251308900523,0.767299513901769,0.8742477253592201,2.2966320392922595,,,,,CHEMBL237_EC50
71339737,global,cliffB_oracle,cliff,9,6,0.6666666666666666,0.3542021355803963,0.879416181613089,2.296632039292259,,,,,CHEMBL237_EC50
71339737,global,cliffB_oracle,noncliff,182,152,0.8351648351648352,0.7744444849199293,0.8820290531925193,2.2966320392922595,,,,,CHEMBL237_EC50
71339737,global,cliffA,all,191,158,0.8272251308900523,0.767299513901769,0.8742477253592201,2.2966320392922595,,,,,CHEMBL237_EC50
71339737,global,cliffA,cliff,21,16,0.7619047619047619,0.5490882631704924,0.8937198697736354,2.29663203929226,,,,,CHEMBL237_EC50
71339737,global,cliffA,noncliff,170,142,0.8352941176470589,0.7722520572638996,0.8835178653618845,2.296632039292259,,,,,CHEMBL237_EC50
71339737,global,__bins__,__summary__,-1,-1,,,,2.2966320392922595,0.7755102040816326,0.11020408163265305,0.7105263157894737,0.23684210526315785,CHEMBL237_EC50
71339737,mondrian_pair,cliffB_oracle,all,191,160,0.837696335078534,0.778837662188897,0.8832390887284436,2.313648103427739,,,,,CHEMBL237_EC50
71339737,mondrian_pair,cliffB_oracle,cliff,9,6,0.6666666666666666,0.3542021355803963,0.879416181613089,2.300071264953504,,,,,CHEMBL237_EC50
71339737,mondrian_pair,cliffB_oracle,noncliff,182,154,0.8461538461538461,0.7866340668788138,0.8913631937946987,2.314319485550091,,,,,CHEMBL237_EC50
71339737,mondrian_pair,cliffA,all,191,160,0.837696335078534,0.778837662188897,0.8832390887284436,2.313648103427739,,,,,CHEMBL237_EC50
71339737,mondrian_pair,cliffA,cliff,21,16,0.7619047619047619,0.5490882631704924,0.8937198697736354,2.302527854711537,,,,,CHEMBL237_EC50
71339737,mondrian_pair,cliffA,noncliff,170,144,0.8470588235294118,0.7853383475573469,0.8934410460377628,2.3150217812103286,,,,,CHEMBL237_EC50
71339737,mondrian_pair,__bins__,__summary__,-1,-1,,,,2.313648103427739,0.7755102040816326,0.13877551020408163,0.7368421052631579,0.21052631578947367,CHEMBL237_EC50
71339737,mondrian_wstd,cliffB_oracle,all,191,155,0.8115183246073299,0.7501190748253568,0.8606338969511049,2.314542059933752,,,,,CHEMBL237_EC50
71339737,mondrian_wstd,cliffB_oracle,cliff,9,6,0.6666666666666666,0.3542021355803963,0.879416181613089,2.4776469132162844,,,,,CHEMBL237_EC50
71339737,mondrian_wstd,cliffB_oracle,noncliff,182,149,0.8186813186813187,0.7563105903066285,0.8678773639642243,2.3064764353208798,,,,,CHEMBL237_EC50
71339737,mondrian_wstd,cliffA,all,191,155,0.8115183246073299,0.7501190748253568,0.8606338969511049,2.314542059933752,,,,,CHEMBL237_EC50
71339737,mondrian_wstd,cliffA,cliff,21,15,0.7142857142857143,0.5004361928391441,0.8618613704787788,2.597731676529257,,,,,CHEMBL237_EC50
71339737,mondrian_wstd,cliffA,noncliff,170,140,0.8235294117647058,0.7592618409609786,0.8734986106954794,2.2795598131778365,,,,,CHEMBL237_EC50
71339737,mondrian_wstd,__bins__,__summary__,-1,-1,,,,2.314542059933752,0.7714285714285715,0.10612244897959178,0.7631578947368421,0.10526315789473684,CHEMBL237_EC50
71339737,mondrian_std,cliffB_oracle,all,191,159,0.8324607329842932,0.773059739302561,0.878752255786604,2.360461346465992,,,,,CHEMBL237_EC50
71339737,mondrian_std,cliffB_oracle,cliff,9,7,0.7777777777777778,0.45258896910698887,0.9367748928821533,2.6417088368787107,,,,,CHEMBL237_EC50
71339737,mondrian_std,cliffB_oracle,noncliff,182,152,0.8351648351648352,0.7744444849199293,0.8820290531925193,2.3465535035334946,,,,,CHEMBL237_EC50
71339737,mondrian_std,cliffA,all,191,159,0.8324607329842932,0.773059739302561,0.878752255786604,2.360461346465992,,,,,CHEMBL237_EC50
71339737,mondrian_std,cliffA,cliff,21,16,0.7619047619047619,0.5490882631704924,0.8937198697736354,2.66648140675866,,,,,CHEMBL237_EC50
71339737,mondrian_std,cliffA,noncliff,170,143,0.8411764705882353,0.7787826856194077,0.8884919724910391,2.322658868429839,,,,,CHEMBL237_EC50
71339737,mondrian_std,__bins__,__summary__,-1,-1,,,,2.360461346465992,0.7777777777777778,0.1201814058956916,0.7894736842105263,0.10526315789473684,CHEMBL237_EC50
71339737,mondrian_iqr,cliffB_oracle,all,191,155,0.8115183246073299,0.7501190748253568,0.8606338969511049,2.351417281831428,,,,,CHEMBL237_EC50
71339737,mondrian_iqr,cliffB_oracle,cliff,9,6,0.6666666666666666,0.3542021355803963,0.879416181613089,2.344859672990408,,,,,CHEMBL237_EC50
71339737,mondrian_iqr,cliffB_oracle,noncliff,182,149,0.8186813186813187,0.7563105903066285,0.8678773639642243,2.3517415591916984,,,,,CHEMBL237_EC50
71339737,mondrian_iqr,cliffA,all,191,155,0.8115183246073299,0.7501190748253568,0.8606338969511049,2.351417281831428,,,,,CHEMBL237_EC50
71339737,mondrian_iqr,cliffA,cliff,21,15,0.7142857142857143,0.5004361928391441,0.8618613704787788,2.309419715291297,,,,,CHEMBL237_EC50
71339737,mondrian_iqr,cliffA,noncliff,170,140,0.8235294117647058,0.7592618409609786,0.8734986106954794,2.3566052165216793,,,,,CHEMBL237_EC50
71339737,mondrian_iqr,__bins__,__summary__,-1,-1,,,,2.351417281831428,0.7755102040816326,0.13877551020408163,0.7368421052631579,0.1578947368421053,CHEMBL237_EC50
71339737,mondrian_nb,cliffB_oracle,all,191,157,0.8219895287958116,0.7615563696560366,0.8697261137767767,2.309522322733395,,,,,CHEMBL237_EC50
71339737,mondrian_nb,cliffB_oracle,cliff,9,5,0.5555555555555556,0.26665129349549305,0.8112214789023355,2.1529383709474823,,,,,CHEMBL237_EC50
71339737,mondrian_nb,cliffB_oracle,noncliff,182,152,0.8351648351648352,0.7744444849199293,0.8820290531925193,2.3172654851843473,,,,,CHEMBL237_EC50
71339737,mondrian_nb,cliffA,all,191,157,0.8219895287958116,0.7615563696560366,0.8697261137767767,2.309522322733395,,,,,CHEMBL237_EC50
71339737,mondrian_nb,cliffA,cliff,21,14,0.6666666666666666,0.4537345197425524,0.8280524739491653,2.1435034073614134,,,,,CHEMBL237_EC50
71339737,mondrian_nb,cliffA,noncliff,170,143,0.8411764705882353,0.7787826856194077,0.8884919724910391,2.330030541691111,,,,,CHEMBL237_EC50
71339737,mondrian_nb,__bins__,__summary__,-1,-1,,,,2.309522322733395,0.7551020408163265,0.13378684807256236,0.7368421052631579,0.1842105263157895,CHEMBL237_EC50
71339737,mondrian_nnsim,cliffB_oracle,all,191,164,0.8586387434554974,0.8021404799547491,0.900995294275295,2.3771236706767795,,,,,CHEMBL237_EC50
71339737,mondrian_nnsim,cliffB_oracle,cliff,9,6,0.6666666666666666,0.3542021355803963,0.879416181613089,2.162438737379998,,,,,CHEMBL237_EC50
71339737,mondrian_nnsim,cliffB_oracle,noncliff,182,158,0.8681318681318682,0.8112856234033923,0.9097590823922481,2.38773995858706,,,,,CHEMBL237_EC50
71339737,mondrian_nnsim,cliffA,all,191,164,0.8586387434554974,0.8021404799547491,0.900995294275295,2.3771236706767795,,,,,CHEMBL237_EC50
71339737,mondrian_nnsim,cliffA,cliff,21,15,0.7142857142857143,0.5004361928391441,0.8618613704787788,2.2412724515563434,,,,,CHEMBL237_EC50
71339737,mondrian_nnsim,cliffA,noncliff,170,149,0.8764705882352941,0.8185360246701139,0.9177670463483101,2.393905291862245,,,,,CHEMBL237_EC50
71339737,mondrian_nnsim,__bins__,__summary__,-1,-1,,,,2.3771236706767795,0.7755102040816326,0.1673469387755102,0.7894736842105263,0.1578947368421052,CHEMBL237_EC50
71339737,mondrian_pairgap,cliffB_oracle,all,191,164,0.8586387434554974,0.8021404799547491,0.900995294275295,2.4616651260448847,,,,,CHEMBL237_EC50
71339737,mondrian_pairgap,cliffB_oracle,cliff,9,6,0.6666666666666666,0.3542021355803963,0.879416181613089,2.269629978356998,,,,,CHEMBL237_EC50
71339737,mondrian_pairgap,cliffB_oracle,noncliff,182,158,0.8681318681318682,0.8112856234033923,0.9097590823922481,2.471161369611868,,,,,CHEMBL237_EC50
71339737,mondrian_pairgap,cliffA,all,191,164,0.8586387434554974,0.8021404799547491,0.900995294275295,2.4616651260448847,,,,,CHEMBL237_EC50
71339737,mondrian_pairgap,cliffA,cliff,21,16,0.7619047619047619,0.5490882631704924,0.8937198697736354,2.3103150029068886,,,,,CHEMBL237_EC50
71339737,mondrian_pairgap,cliffA,noncliff,170,148,0.8705882352941177,0.8118357452733787,0.9129625902603826,2.480361317726637,,,,,CHEMBL237_EC50
71339737,mondrian_pairgap,__bins__,__summary__,-1,-1,,,,2.4616651260448847,0.7755102040816326,0.141156462585034,0.7692307692307693,0.17813765182186225,CHEMBL237_EC50
71339737,mondrian_rfstd,cliffB_oracle,all,191,163,0.8534031413612565,0.7962845430395921,0.896586475362276,2.554598162930422,,,,,CHEMBL237_EC50
71339737,mondrian_rfstd,cliffB_oracle,cliff,9,7,0.7777777777777778,0.45258896910698887,0.9367748928821533,2.5781270705818553,,,,,CHEMBL237_EC50
71339737,mondrian_rfstd,cliffB_oracle,noncliff,182,156,0.8571428571428571,0.7989117347752891,0.9006092484592872,2.553434645519087,,,,,CHEMBL237_EC50
71339737,mondrian_rfstd,cliffA,all,191,163,0.8534031413612565,0.7962845430395921,0.896586475362276,2.554598162930422,,,,,CHEMBL237_EC50
71339737,mondrian_rfstd,cliffA,cliff,21,17,0.8095238095238095,0.5999943530979508,0.9233243494723822,2.5720446425361945,,,,,CHEMBL237_EC50
71339737,mondrian_rfstd,cliffA,noncliff,170,146,0.8588235294117647,0.7985294161442374,0.9032594484201978,2.552443009567356,,,,,CHEMBL237_EC50
71339737,mondrian_rfstd,__bins__,__summary__,-1,-1,,,,2.554598162930422,0.7959183673469388,0.14693877551020407,0.8421052631578947,0.052631578947368474,CHEMBL237_EC50
99182118,global,cliffB_oracle,all,191,157,0.8219895287958116,0.7615563696560366,0.8697261137767767,2.2614633863764997,,,,,CHEMBL237_EC50
99182118,global,cliffB_oracle,cliff,15,11,0.7333333333333333,0.4804956594401943,0.8910254667430761,2.2614633863764992,,,,,CHEMBL237_EC50
99182118,global,cliffB_oracle,noncliff,176,146,0.8295454545454546,0.767099736493473,0.8779128249073694,2.2614633863764992,,,,,CHEMBL237_EC50
99182118,global,cliffA,all,191,157,0.8219895287958116,0.7615563696560366,0.8697261137767767,2.2614633863764997,,,,,CHEMBL237_EC50
99182118,global,cliffA,cliff,25,18,0.72,0.5242339480963842,0.8571614614904344,2.2614633863764997,,,,,CHEMBL237_EC50
99182118,global,cliffA,noncliff,166,139,0.8373493975903614,0.7736953899222655,0.8857431286684231,2.2614633863764997,,,,,CHEMBL237_EC50
99182118,global,__bins__,__summary__,-1,-1,,,,2.2614633863764997,0.7021276595744681,0.21453900709219853,0.7105263157894737,0.23541963015647227,CHEMBL237_EC50
99182118,mondrian_pair,cliffB_oracle,all,191,158,0.8272251308900523,0.767299513901769,0.8742477253592201,2.274825904506947,,,,,CHEMBL237_EC50
99182118,mondrian_pair,cliffB_oracle,cliff,15,11,0.7333333333333333,0.4804956594401943,0.8910254667430761,2.2646588475133953,,,,,CHEMBL237_EC50
99182118,mondrian_pair,cliffB_oracle,noncliff,176,147,0.8352272727272727,0.7733773536409898,0.8827561139909015,2.2756924150461697,,,,,CHEMBL237_EC50
99182118,mondrian_pair,cliffA,all,191,158,0.8272251308900523,0.767299513901769,0.8742477253592201,2.274825904506947,,,,,CHEMBL237_EC50
99182118,mondrian_pair,cliffA,cliff,25,19,0.76,0.5657031664457093,0.8850368630659855,2.2629250011868165,,,,,CHEMBL237_EC50
99182118,mondrian_pair,cliffA,noncliff,166,139,0.8373493975903614,0.7736953899222655,0.8857431286684231,2.2766182092238343,,,,,CHEMBL237_EC50
99182118,mondrian_pair,__bins__,__summary__,-1,-1,,,,2.274825904506947,0.7021276595744681,0.24231678486997632,0.7105263157894737,0.23541963015647227,CHEMBL237_EC50
99182118,mondrian_wstd,cliffB_oracle,all,191,154,0.806282722513089,0.7444238950879793,0.8560643208603063,2.3159830011248905,,,,,CHEMBL237_EC50
99182118,mondrian_wstd,cliffB_oracle,cliff,15,10,0.6666666666666666,0.41713547738519774,0.8482367556028526,2.2665932006961538,,,,,CHEMBL237_EC50
99182118,mondrian_wstd,cliffB_oracle,noncliff,176,144,0.8181818181818182,0.7546072999470542,0.8681634489916902,2.3201923591159757,,,,,CHEMBL237_EC50
99182118,mondrian_wstd,cliffA,all,191,154,0.806282722513089,0.7444238950879793,0.8560643208603063,2.3159830011248905,,,,,CHEMBL237_EC50
99182118,mondrian_wstd,cliffA,cliff,25,16,0.64,0.44518497748164865,0.7975211922554178,2.206939250399671,,,,,CHEMBL237_EC50
99182118,mondrian_wstd,cliffA,noncliff,166,138,0.8313253012048193,0.7670183725728418,0.8806444581858704,2.332405252740134,,,,,CHEMBL237_EC50
99182118,mondrian_wstd,__bins__,__summary__,-1,-1,,,,2.3159830011248905,0.7021276595744681,0.18676122931442074,0.6410256410256411,0.28002699055330627,CHEMBL237_EC50
99182118,mondrian_std,cliffB_oracle,all,191,157,0.8219895287958116,0.7615563696560366,0.8697261137767767,2.3629058478633,,,,,CHEMBL237_EC50
99182118,mondrian_std,cliffB_oracle,cliff,15,10,0.6666666666666666,0.41713547738519774,0.8482367556028526,2.2780635861616374,,,,,CHEMBL237_EC50
99182118,mondrian_std,cliffB_oracle,noncliff,176,147,0.8352272727272727,0.7733773536409898,0.8827561139909015,2.3701367224401464,,,,,CHEMBL237_EC50
99182118,mondrian_std,cliffA,all,191,157,0.8219895287958116,0.7615563696560366,0.8697261137767767,2.3629058478633,,,,,CHEMBL237_EC50
99182118,mondrian_std,cliffA,cliff,25,16,0.64,0.44518497748164865,0.7975211922554178,2.2255165612924612,,,,,CHEMBL237_EC50
99182118,mondrian_std,cliffA,noncliff,166,141,0.8493975903614458,0.7871280017185311,0.8958618925361108,2.3835970054793907,,,,,CHEMBL237_EC50
99182118,mondrian_std,__bins__,__summary__,-1,-1,,,,2.3629058478633,0.7021276595744681,0.18676122931442074,0.6923076923076923,0.25506072874493924,CHEMBL237_EC50
99182118,mondrian_iqr,cliffB_oracle,all,191,160,0.837696335078534,0.778837662188897,0.8832390887284436,2.3309141839160943,,,,,CHEMBL237_EC50
99182118,mondrian_iqr,cliffB_oracle,cliff,15,12,0.8,0.5481455128483065,0.9295245065301844,2.4008876425922976,,,,,CHEMBL237_EC50
99182118,mondrian_iqr,cliffB_oracle,noncliff,176,148,0.8409090909090909,0.7796770082722366,0.8875773655907038,2.3249505368698276,,,,,CHEMBL237_EC50
99182118,mondrian_iqr,cliffA,all,191,160,0.837696335078534,0.778837662188897,0.8832390887284436,2.3309141839160943,,,,,CHEMBL237_EC50
99182118,mondrian_iqr,cliffA,cliff,25,20,0.8,0.6086904963045967,0.9113941531319742,2.3727927024213873,,,,,CHEMBL237_EC50
99182118,mondrian_iqr,cliffA,noncliff,166,140,0.8433734939759037,0.7803982128078754,0.89081599361479,2.3246071781171045,,,,,CHEMBL237_EC50
99182118,mondrian_iqr,__bins__,__summary__,-1,-1,,,,2.3309141839160943,0.7659574468085106,0.1229314420803782,0.7692307692307693,0.17671517671517667,CHEMBL237_EC50
99182118,mondrian_nb,cliffB_oracle,all,191,153,0.8010471204188482,0.7387437312935834,0.8514797288265266,2.3386710387963956,,,,,CHEMBL237_EC50
99182118,mondrian_nb,cliffB_oracle,cliff,15,9,0.6,0.357468301206246,0.8017550385865841,2.2029372740155657,,,,,CHEMBL237_EC50
99182118,mondrian_nb,cliffB_oracle,noncliff,176,144,0.8181818181818182,0.7546072999470542,0.8681634489916902,2.3502392573856707,,,,,CHEMBL237_EC50
99182118,mondrian_nb,cliffA,all,191,153,0.8010471204188482,0.7387437312935834,0.8514797288265266,2.3386710387963956,,,,,CHEMBL237_EC50
99182118,mondrian_nb,cliffA,cliff,25,16,0.64,0.44518497748164865,0.7975211922554178,2.2090101192378304,,,,,CHEMBL237_EC50
99182118,mondrian_nb,cliffA,noncliff,166,137,0.8253012048192772,0.7603660996554632,0.8755210432712724,2.3581982857178665,,,,,CHEMBL237_EC50
99182118,mondrian_nb,__bins__,__summary__,-1,-1,,,,2.3386710387963956,0.6595744680851063,0.2570921985815603,0.6923076923076923,0.22874493927125505,CHEMBL237_EC50
99182118,mondrian_nnsim,cliffB_oracle,all,191,156,0.8167539267015707,0.7558297341724367,0.8651879934322007,2.336985094309329,,,,,CHEMBL237_EC50
99182118,mondrian_nnsim,cliffB_oracle,cliff,15,9,0.6,0.357468301206246,0.8017550385865841,2.0943145251408057,,,,,CHEMBL237_EC50
99182118,mondrian_nnsim,cliffB_oracle,noncliff,176,147,0.8352272727272727,0.7733773536409898,0.8827561139909015,2.3576672450907368,,,,,CHEMBL237_EC50
99182118,mondrian_nnsim,cliffA,all,191,156,0.8167539267015707,0.7558297341724367,0.8651879934322007,2.336985094309329,,,,,CHEMBL237_EC50
99182118,mondrian_nnsim,cliffA,cliff,25,16,0.64,0.44518497748164865,0.7975211922554178,2.1673862660515315,,,,,CHEMBL237_EC50
99182118,mondrian_nnsim,cliffA,noncliff,166,140,0.8433734939759037,0.7803982128078754,0.89081599361479,2.362527086516829,,,,,CHEMBL237_EC50
99182118,mondrian_nnsim,__bins__,__summary__,-1,-1,,,,2.336985094309329,0.723404255319149,0.19326241134751765,0.7105263157894737,0.2083926031294453,CHEMBL237_EC50
99182118,mondrian_pairgap,cliffB_oracle,all,191,158,0.8272251308900523,0.767299513901769,0.8742477253592201,2.3412771184642387,,,,,CHEMBL237_EC50
99182118,mondrian_pairgap,cliffB_oracle,cliff,15,11,0.7333333333333333,0.4804956594401943,0.8910254667430761,2.2969032197710186,,,,,CHEMBL237_EC50
99182118,mondrian_pairgap,cliffB_oracle,noncliff,176,147,0.8352272727272727,0.7733773536409898,0.8827561139909015,2.3450589848301377,,,,,CHEMBL237_EC50
99182118,mondrian_pairgap,cliffA,all,191,158,0.8272251308900523,0.767299513901769,0.8742477253592201,2.3412771184642387,,,,,CHEMBL237_EC50
99182118,mondrian_pairgap,cliffA,cliff,25,19,0.76,0.5657031664457093,0.8850368630659855,2.295017486153833,,,,,CHEMBL237_EC50
99182118,mondrian_pairgap,cliffA,noncliff,166,139,0.8373493975903614,0.7736953899222655,0.8857431286684231,2.3482439305591796,,,,,CHEMBL237_EC50
99182118,mondrian_pairgap,__bins__,__summary__,-1,-1,,,,2.3412771184642387,0.7021276595744681,0.24231678486997632,0.7105263157894737,0.23541963015647227,CHEMBL237_EC50
99182118,mondrian_rfstd,cliffB_oracle,all,191,160,0.837696335078534,0.778837662188897,0.8832390887284436,2.163055149820116,,,,,CHEMBL237_EC50
99182118,mondrian_rfstd,cliffB_oracle,cliff,15,11,0.7333333333333333,0.4804956594401943,0.8910254667430761,2.1294713540629377,,,,,CHEMBL237_EC50
99182118,mondrian_rfstd,cliffB_oracle,noncliff,176,149,0.8465909090909091,0.7859996192031655,0.8923756608908238,2.16591740514033,,,,,CHEMBL237_EC50
99182118,mondrian_rfstd,cliffA,all,191,160,0.837696335078534,0.778837662188897,0.8832390887284436,2.163055149820116,,,,,CHEMBL237_EC50
99182118,mondrian_rfstd,cliffA,cliff,25,18,0.72,0.5242339480963842,0.8571614614904344,2.090451656478486,,,,,CHEMBL237_EC50
99182118,mondrian_rfstd,cliffA,noncliff,166,142,0.8554216867469879,0.7938860298325976,0.9008795522540207,2.173989410865542,,,,,CHEMBL237_EC50
99182118,mondrian_rfstd,__bins__,__summary__,-1,-1,,,,2.163055149820116,0.7659574468085106,0.1784869976359338,0.6842105263157895,0.26173541963015645,CHEMBL237_EC50
89709943,global,cliffB_oracle,all,191,152,0.7958115183246073,0.733078149766646,0.8468805545252881,1.9621024936063804,,,,,CHEMBL237_EC50
89709943,global,cliffB_oracle,cliff,13,6,0.46153846153846156,0.23206067809538303,0.7085620428549398,1.9621024936063804,,,,,CHEMBL237_EC50
89709943,global,cliffB_oracle,noncliff,178,146,0.8202247191011236,0.7572386909052302,0.8696810486268332,1.9621024936063804,,,,,CHEMBL237_EC50
89709943,global,cliffA,all,191,152,0.7958115183246073,0.733078149766646,0.8468805545252881,1.9621024936063804,,,,,CHEMBL237_EC50
89709943,global,cliffA,cliff,22,13,0.5909090909090909,0.3873481847631513,0.7674418380352814,1.9621024936063804,,,,,CHEMBL237_EC50
89709943,global,cliffA,noncliff,169,139,0.8224852071005917,0.7579040838995296,0.8727316486597326,1.9621024936063804,,,,,CHEMBL237_EC50
89709943,global,__bins__,__summary__,-1,-1,,,,1.9621024936063804,0.6739130434782609,0.2720329024676851,0.6666666666666666,0.3070175438596492,CHEMBL237_EC50
89709943,mondrian_pair,cliffB_oracle,all,191,152,0.7958115183246073,0.733078149766646,0.8468805545252881,1.997654795158901,,,,,CHEMBL237_EC50
89709943,mondrian_pair,cliffB_oracle,cliff,13,6,0.46153846153846156,0.23206067809538303,0.7085620428549398,1.9725494006779671,,,,,CHEMBL237_EC50
89709943,mondrian_pair,cliffB_oracle,noncliff,178,146,0.8202247191011236,0.7572386909052302,0.8696810486268332,1.9994883352052617,,,,,CHEMBL237_EC50
89709943,mondrian_pair,cliffA,all,191,152,0.7958115183246073,0.733078149766646,0.8468805545252881,1.997654795158901,,,,,CHEMBL237_EC50
89709943,mondrian_pair,cliffA,cliff,22,13,0.5909090909090909,0.3873481847631513,0.7674418380352814,1.9682756659668634,,,,,CHEMBL237_EC50
89709943,mondrian_pair,cliffA,noncliff,169,139,0.8224852071005917,0.7579040838995296,0.8727316486597326,2.0014792971839004,,,,,CHEMBL237_EC50
89709943,mondrian_pair,__bins__,__summary__,-1,-1,,,,1.997654795158901,0.6739130434782609,0.2720329024676851,0.6666666666666666,0.3070175438596492,CHEMBL237_EC50
89709943,mondrian_wstd,cliffB_oracle,all,191,154,0.806282722513089,0.7444238950879793,0.8560643208603063,2.0902555416168815,,,,,CHEMBL237_EC50
89709943,mondrian_wstd,cliffB_oracle,cliff,13,6,0.46153846153846156,0.23206067809538303,0.7085620428549398,2.233867326240038,,,,,CHEMBL237_EC50
89709943,mondrian_wstd,cliffB_oracle,noncliff,178,148,0.8314606741573034,0.7696004389585315,0.8793164844167624,2.079767040492719,,,,,CHEMBL237_EC50
89709943,mondrian_wstd,cliffA,all,191,154,0.806282722513089,0.7444238950879793,0.8560643208603063,2.0902555416168815,,,,,CHEMBL237_EC50
89709943,mondrian_wstd,cliffA,cliff,22,13,0.5909090909090909,0.3873481847631513,0.7674418380352814,2.1855666584776796,,,,,CHEMBL237_EC50
89709943,mondrian_wstd,cliffA,noncliff,169,141,0.834319526627219,0.770965751906083,0.8828125763434277,2.077848177291808,,,,,CHEMBL237_EC50
89709943,mondrian_wstd,__bins__,__summary__,-1,-1,,,,2.0902555416168815,0.7222222222222222,0.19669669669669676,0.7027027027027027,0.2709815078236131,CHEMBL237_EC50
89709943,mondrian_std,cliffB_oracle,all,191,152,0.7958115183246073,0.733078149766646,0.8468805545252881,2.0250635984430656,,,,,CHEMBL237_EC50
89709943,mondrian_std,cliffB_oracle,cliff,13,6,0.46153846153846156,0.23206067809538303,0.7085620428549398,2.2166848766220077,,,,,CHEMBL237_EC50
89709943,mondrian_std,cliffB_oracle,noncliff,178,146,0.8202247191011236,0.7572386909052302,0.8696810486268332,2.011068785991795,,,,,CHEMBL237_EC50
89709943,mondrian_std,cliffA,all,191,152,0.7958115183246073,0.733078149766646,0.8468805545252881,2.0250635984430656,,,,,CHEMBL237_EC50
89709943,mondrian_std,cliffA,cliff,22,13,0.5909090909090909,0.3873481847631513,0.7674418380352814,2.155106861427534,,,,,CHEMBL237_EC50
89709943,mondrian_std,cliffA,noncliff,169,139,0.8224852071005917,0.7579040838995296,0.8727316486597326,2.0081348896521884,,,,,CHEMBL237_EC50
89709943,mondrian_std,__bins__,__summary__,-1,-1,,,,2.0250635984430656,0.717391304347826,0.20152761457109292,0.6756756756756757,0.27169274537695587,CHEMBL237_EC50
89709943,mondrian_iqr,cliffB_oracle,all,191,155,0.8115183246073299,0.7501190748253568,0.8606338969511049,2.0803433739043897,,,,,CHEMBL237_EC50
89709943,mondrian_iqr,cliffB_oracle,cliff,13,7,0.5384615384615384,0.29143795714506004,0.7679393219046169,2.0724107034160517,,,,,CHEMBL237_EC50
89709943,mondrian_iqr,cliffB_oracle,noncliff,178,148,0.8314606741573034,0.7696004389585315,0.8793164844167624,2.080922726243426,,,,,CHEMBL237_EC50
89709943,mondrian_iqr,cliffA,all,191,155,0.8115183246073299,0.7501190748253568,0.8606338969511049,2.0803433739043897,,,,,CHEMBL237_EC50
89709943,mondrian_iqr,cliffA,cliff,22,14,0.6363636363636364,0.42951708090131013,0.8026679532963387,2.1233143914380346,,,,,CHEMBL237_EC50
89709943,mondrian_iqr,cliffA,noncliff,169,141,0.834319526627219,0.770965751906083,0.8828125763434277,2.074749513633738,,,,,CHEMBL237_EC50
89709943,mondrian_iqr,__bins__,__summary__,-1,-1,,,,2.0803433739043897,0.6739130434782609,0.2720329024676851,0.6666666666666666,0.33333333333333337,CHEMBL237_EC50
89709943,mondrian_nb,cliffB_oracle,all,191,143,0.7486910994764397,0.682684546247468,0.8048913555908837,2.0004669616418544,,,,,CHEMBL237_EC50
89709943,mondrian_nb,cliffB_oracle,cliff,13,6,0.46153846153846156,0.23206067809538303,0.7085620428549398,2.13146472837904,,,,,CHEMBL237_EC50
89709943,mondrian_nb,cliffB_oracle,noncliff,178,137,0.7696629213483146,0.702504108549779,0.8254283036877481,1.9908997090149816,,,,,CHEMBL237_EC50
89709943,mondrian_nb,cliffA,all,191,143,0.7486910994764397,0.682684546247468,0.8048913555908837,2.0004669616418544,,,,,CHEMBL237_EC50
89709943,mondrian_nb,cliffA,cliff,22,13,0.5909090909090909,0.3873481847631513,0.7674418380352814,2.1621036146282067,,,,,CHEMBL237_EC50
89709943,mondrian_nb,cliffA,noncliff,169,130,0.7692307692307693,0.7001508263613879,0.8263432255917577,1.9794255038566488,,,,,CHEMBL237_EC50
89709943,mondrian_nb,__bins__,__summary__,-1,-1,,,,2.0004669616418544,0.5833333333333334,0.3626126126126126,0.6153846153846154,0.3582995951417004,CHEMBL237_EC50
89709943,mondrian_nnsim,cliffB_oracle,all,191,152,0.7958115183246073,0.733078149766646,0.8468805545252881,2.1436970719665696,,,,,CHEMBL237_EC50
89709943,mondrian_nnsim,cliffB_oracle,cliff,13,6,0.46153846153846156,0.23206067809538303,0.7085620428549398,1.8400886072838,,,,,CHEMBL237_EC50
89709943,mondrian_nnsim,cliffB_oracle,noncliff,178,146,0.8202247191011236,0.7572386909052302,0.8696810486268332,2.165870723881603,,,,,CHEMBL237_EC50
89709943,mondrian_nnsim,cliffA,all,191,152,0.7958115183246073,0.733078149766646,0.8468805545252881,2.1436970719665696,,,,,CHEMBL237_EC50
89709943,mondrian_nnsim,cliffA,cliff,22,12,0.5454545454545454,0.3465979532073494,0.7307970581918668,1.8105785900101423,,,,,CHEMBL237_EC50
89709943,mondrian_nnsim,cliffA,noncliff,169,140,0.8284023668639053,0.7644233061673041,0.8777837242370822,2.18706160807924,,,,,CHEMBL237_EC50
89709943,mondrian_nnsim,__bins__,__summary__,-1,-1,,,,2.1436970719665696,0.6388888888888888,0.3340840840840842,0.6153846153846154,0.3319838056680161,CHEMBL237_EC50
89709943,mondrian_pairgap,cliffB_oracle,all,191,152,0.7958115183246073,0.733078149766646,0.8468805545252881,2.0575896539368035,,,,,CHEMBL237_EC50
89709943,mondrian_pairgap,cliffB_oracle,cliff,13,6,0.46153846153846156,0.23206067809538303,0.7085620428549398,2.0540090180427253,,,,,CHEMBL237_EC50
89709943,mondrian_pairgap,cliffB_oracle,noncliff,178,146,0.8202247191011236,0.7572386909052302,0.8696810486268332,2.0578511610526626,,,,,CHEMBL237_EC50
89709943,mondrian_pairgap,cliffA,all,191,152,0.7958115183246073,0.733078149766646,0.8468805545252881,2.0575896539368035,,,,,CHEMBL237_EC50
89709943,mondrian_pairgap,cliffA,cliff,22,13,0.5909090909090909,0.3873481847631513,0.7674418380352814,2.0697512092496906,,,,,CHEMBL237_EC50
89709943,mondrian_pairgap,cliffA,noncliff,169,139,0.8224852071005917,0.7579040838995296,0.8727316486597326,2.0560064928901554,,,,,CHEMBL237_EC50
89709943,mondrian_pairgap,__bins__,__summary__,-1,-1,,,,2.0575896539368035,0.6739130434782609,0.2720329024676851,0.6666666666666666,0.3070175438596492,CHEMBL237_EC50
89709943,mondrian_rfstd,cliffB_oracle,all,191,153,0.8010471204188482,0.7387437312935834,0.8514797288265266,2.053334187283826,,,,,CHEMBL237_EC50
89709943,mondrian_rfstd,cliffB_oracle,cliff,13,6,0.46153846153846156,0.23206067809538303,0.7085620428549398,1.969029498336569,,,,,CHEMBL237_EC50
89709943,mondrian_rfstd,cliffB_oracle,noncliff,178,147,0.8258426966292135,0.7634095080304433,0.8745088234232352,2.059491271308064,,,,,CHEMBL237_EC50
89709943,mondrian_rfstd,cliffA,all,191,153,0.8010471204188482,0.7387437312935834,0.8514797288265266,2.053334187283826,,,,,CHEMBL237_EC50
89709943,mondrian_rfstd,cliffA,cliff,22,13,0.5909090909090909,0.3873481847631513,0.7674418380352814,1.9994295328568084,,,,,CHEMBL237_EC50
89709943,mondrian_rfstd,cliffA,noncliff,169,140,0.8284023668639053,0.7644233061673041,0.8777837242370822,2.0603513612329056,,,,,CHEMBL237_EC50
89709943,mondrian_rfstd,__bins__,__summary__,-1,-1,,,,2.053334187283826,0.6956521739130435,0.27732079905992957,0.7027027027027027,0.24466571834992878,CHEMBL237_EC50
86921808,global,cliffB_oracle,all,191,163,0.8534031413612565,0.7962845430395921,0.896586475362276,2.292212574941473,,,,,CHEMBL237_EC50
86921808,global,cliffB_oracle,cliff,11,8,0.7272727272727273,0.43435469882387084,0.902539407099751,2.2922125749414732,,,,,CHEMBL237_EC50
86921808,global,cliffB_oracle,noncliff,180,155,0.8611111111111112,0.8030084994918879,0.9041225297869472,2.2922125749414732,,,,,CHEMBL237_EC50
86921808,global,cliffA,all,191,163,0.8534031413612565,0.7962845430395921,0.896586475362276,2.292212574941473,,,,,CHEMBL237_EC50
86921808,global,cliffA,cliff,19,15,0.7894736842105263,0.5666572155618583,0.9149232336708375,2.2922125749414732,,,,,CHEMBL237_EC50
86921808,global,cliffA,noncliff,172,148,0.8604651162790697,0.8007736660187119,0.9044070168055989,2.2922125749414732,,,,,CHEMBL237_EC50
86921808,global,__bins__,__summary__,-1,-1,,,,2.292212574941473,0.7777777777777778,0.16816816816816815,0.7567567567567568,0.19061166429587473,CHEMBL237_EC50
86921808,mondrian_pair,cliffB_oracle,all,191,163,0.8534031413612565,0.7962845430395921,0.896586475362276,2.307205283725401,,,,,CHEMBL237_EC50
86921808,mondrian_pair,cliffB_oracle,cliff,11,8,0.7272727272727273,0.43435469882387084,0.902539407099751,2.2191142381798694,,,,,CHEMBL237_EC50
86921808,mondrian_pair,cliffB_oracle,noncliff,180,155,0.8611111111111112,0.8030084994918879,0.9041225297869472,2.312588625397628,,,,,CHEMBL237_EC50
86921808,mondrian_pair,cliffA,all,191,163,0.8534031413612565,0.7962845430395921,0.896586475362276,2.307205283725401,,,,,CHEMBL237_EC50
86921808,mondrian_pair,cliffA,cliff,19,15,0.7894736842105263,0.5666572155618583,0.9149232336708375,2.236825174705339,,,,,CHEMBL237_EC50
86921808,mondrian_pair,cliffA,noncliff,172,148,0.8604651162790697,0.8007736660187119,0.9044070168055989,2.3149798306520357,,,,,CHEMBL237_EC50
86921808,mondrian_pair,__bins__,__summary__,-1,-1,,,,2.307205283725401,0.7777777777777778,0.16816816816816815,0.7297297297297297,0.2176386913229018,CHEMBL237_EC50
86921808,mondrian_wstd,cliffB_oracle,all,191,168,0.8795811518324608,0.8257911404986049,0.9184036570441425,2.4825834786683645,,,,,CHEMBL237_EC50
86921808,mondrian_wstd,cliffB_oracle,cliff,11,8,0.7272727272727273,0.43435469882387084,0.902539407099751,2.5290957384169106,,,,,CHEMBL237_EC50
86921808,mondrian_wstd,cliffB_oracle,noncliff,180,160,0.8888888888888888,0.83461326608738,0.9269124577513652,2.479741062794842,,,,,CHEMBL237_EC50
86921808,mondrian_wstd,cliffA,all,191,168,0.8795811518324608,0.8257911404986049,0.9184036570441425,2.4825834786683645,,,,,CHEMBL237_EC50
86921808,mondrian_wstd,cliffA,cliff,19,16,0.8421052631578947,0.6243452472967093,0.9447952836146585,2.5735618474384516,,,,,CHEMBL237_EC50
86921808,mondrian_wstd,cliffA,noncliff,172,152,0.8837209302325582,0.827222164068985,0.923454046679475,2.472533542583297,,,,,CHEMBL237_EC50
86921808,mondrian_wstd,__bins__,__summary__,-1,-1,,,,2.4825834786683645,0.7777777777777778,0.20048309178743962,0.8205128205128205,0.10053981106612686,CHEMBL237_EC50
86921808,mondrian_std,cliffB_oracle,all,191,163,0.8534031413612565,0.7962845430395921,0.896586475362276,2.349717651536281,,,,,CHEMBL237_EC50
86921808,mondrian_std,cliffB_oracle,cliff,11,6,0.5454545454545454,0.280091537409322,0.7872872837754024,2.3010927187518737,,,,,CHEMBL237_EC50
86921808,mondrian_std,cliffB_oracle,noncliff,180,157,0.8722222222222222,0.8155638865813233,0.9133250205214758,2.3526891752064394,,,,,CHEMBL237_EC50
86921808,mondrian_std,cliffA,all,191,163,0.8534031413612565,0.7962845430395921,0.896586475362276,2.349717651536281,,,,,CHEMBL237_EC50
86921808,mondrian_std,cliffA,cliff,19,13,0.6842105263157895,0.46010407675327475,0.8463562091220773,2.325587027318312,,,,,CHEMBL237_EC50
86921808,mondrian_std,cliffA,noncliff,172,150,0.872093023255814,0.813934781275765,0.9139936655106203,2.3523832437464054,,,,,CHEMBL237_EC50
86921808,mondrian_std,__bins__,__summary__,-1,-1,,,,2.349717651536281,0.7777777777777778,0.17874396135265702,0.8378378378378378,0.056899004267425335,CHEMBL237_EC50
86921808,mondrian_iqr,cliffB_oracle,all,191,162,0.8481675392670157,0.7904493146725555,0.8921569479011369,2.392216768334863,,,,,CHEMBL237_EC50
86921808,mondrian_iqr,cliffB_oracle,cliff,11,8,0.7272727272727273,0.43435469882387084,0.902539407099751,2.4038813718949754,,,,,CHEMBL237_EC50
86921808,mondrian_iqr,cliffB_oracle,noncliff,180,154,0.8555555555555555,0.7967697562121162,0.8994823341547366,2.391503931450634,,,,,CHEMBL237_EC50
86921808,mondrian_iqr,cliffA,all,191,162,0.8481675392670157,0.7904493146725555,0.8921569479011369,2.392216768334863,,,,,CHEMBL237_EC50
86921808,mondrian_iqr,cliffA,cliff,19,15,0.7894736842105263,0.5666572155618583,0.9149232336708375,2.4790882761124187,,,,,CHEMBL237_EC50
86921808,mondrian_iqr,cliffA,noncliff,172,147,0.8546511627906976,0.7942364060493293,0.8995703947939441,2.3826204971268776,,,,,CHEMBL237_EC50
86921808,mondrian_iqr,__bins__,__summary__,-1,-1,,,,2.392216768334863,0.7777777777777778,0.16666666666666663,0.7837837837837838,0.16358463726884775,CHEMBL237_EC50
86921808,mondrian_nb,cliffB_oracle,all,191,166,0.8691099476439791,0.8139182587885877,0.909747027097808,2.4188026905093727,,,,,CHEMBL237_EC50
86921808,mondrian_nb,cliffB_oracle,cliff,11,9,0.8181818181818182,0.523019438039156,0.9486323102539149,2.6375600112215216,,,,,CHEMBL237_EC50
86921808,mondrian_nb,cliffB_oracle,noncliff,180,157,0.8722222222222222,0.8155638865813233,0.9133250205214758,2.405434187576964,,,,,CHEMBL237_EC50
86921808,mondrian_nb,cliffA,all,191,166,0.8691099476439791,0.8139182587885877,0.909747027097808,2.4188026905093727,,,,,CHEMBL237_EC50
86921808,mondrian_nb,cliffA,cliff,19,17,0.8947368421052632,0.6860591728889099,0.9706414397011299,2.6326934488897438,,,,,CHEMBL237_EC50
86921808,mondrian_nb,cliffA,noncliff,172,149,0.8662790697674418,0.8073392928832042,0.9092152719221438,2.395175223013867,,,,,CHEMBL237_EC50
86921808,mondrian_nb,__bins__,__summary__,-1,-1,,,,2.4188026905093727,0.7777777777777778,0.14114114114114118,0.8205128205128205,0.07692307692307698,CHEMBL237_EC50
86921808,mondrian_nnsim,cliffB_oracle,all,191,161,0.8429319371727748,0.7846339475873886,0.8877075591581279,2.2787570499922487,,,,,CHEMBL237_EC50
86921808,mondrian_nnsim,cliffB_oracle,cliff,11,6,0.5454545454545454,0.280091537409322,0.7872872837754024,1.8184171339219823,,,,,CHEMBL237_EC50
86921808,mondrian_nnsim,cliffB_oracle,noncliff,180,155,0.8611111111111112,0.8030084994918879,0.9041225297869472,2.306888933752098,,,,,CHEMBL237_EC50
86921808,mondrian_nnsim,cliffA,all,191,161,0.8429319371727748,0.7846339475873886,0.8877075591581279,2.2787570499922487,,,,,CHEMBL237_EC50
86921808,mondrian_nnsim,cliffA,cliff,19,13,0.6842105263157895,0.46010407675327475,0.8463562091220773,1.8716724587460876,,,,,CHEMBL237_EC50
86921808,mondrian_nnsim,cliffA,noncliff,172,148,0.8604651162790697,0.8007736660187119,0.9044070168055989,2.323725696699673,,,,,CHEMBL237_EC50
86921808,mondrian_nnsim,__bins__,__summary__,-1,-1,,,,2.2787570499922487,0.7777777777777778,0.14114114114114118,0.7435897435897436,0.2037786774628879,CHEMBL237_EC50
86921808,mondrian_pairgap,cliffB_oracle,all,191,163,0.8534031413612565,0.7962845430395921,0.896586475362276,2.4729043252075686,,,,,CHEMBL237_EC50
86921808,mondrian_pairgap,cliffB_oracle,cliff,11,9,0.8181818181818182,0.523019438039156,0.9486323102539149,2.8462307568993115,,,,,CHEMBL237_EC50
86921808,mondrian_pairgap,cliffB_oracle,noncliff,180,154,0.8555555555555555,0.7967697562121162,0.8994823341547366,2.45008993215974,,,,,CHEMBL237_EC50
86921808,mondrian_pairgap,cliffA,all,191,163,0.8534031413612565,0.7962845430395921,0.896586475362276,2.4729043252075686,,,,,CHEMBL237_EC50
86921808,mondrian_pairgap,cliffA,cliff,19,17,0.8947368421052632,0.6860591728889099,0.9706414397011299,2.867492522165441,,,,,CHEMBL237_EC50
86921808,mondrian_pairgap,cliffA,noncliff,172,146,0.8488372093023255,0.7877261601383012,0.894706758723935,2.4293160941482688,,,,,CHEMBL237_EC50
86921808,mondrian_pairgap,__bins__,__summary__,-1,-1,,,,2.4729043252075686,0.8055555555555556,0.08333333333333326,0.7297297297297297,0.2176386913229018,CHEMBL237_EC50
86921808,mondrian_rfstd,cliffB_oracle,all,191,161,0.8429319371727748,0.7846339475873886,0.8877075591581279,2.353131783538315,,,,,CHEMBL237_EC50
86921808,mondrian_rfstd,cliffB_oracle,cliff,11,8,0.7272727272727273,0.43435469882387084,0.902539407099751,2.273485068026664,,,,,CHEMBL237_EC50
86921808,mondrian_rfstd,cliffB_oracle,noncliff,180,153,0.85,0.7905553743256242,0.8948177771292465,2.3579990828195827,,,,,CHEMBL237_EC50
86921808,mondrian_rfstd,cliffA,all,191,161,0.8429319371727748,0.7846339475873886,0.8877075591581279,2.353131783538315,,,,,CHEMBL237_EC50
86921808,mondrian_rfstd,cliffA,cliff,19,16,0.8421052631578947,0.6243452472967093,0.9447952836146585,2.2288557770879125,,,,,CHEMBL237_EC50
86921808,mondrian_rfstd,cliffA,noncliff,172,145,0.8430232558139535,0.781241699222133,0.889817337659066,2.366859947041557,,,,,CHEMBL237_EC50
86921808,mondrian_rfstd,__bins__,__summary__,-1,-1,,,,2.353131783538315,0.7837837837837838,0.10510510510510507,0.7631578947368421,0.15991902834008098,CHEMBL237_EC50
71339737,global,cliffB_oracle,all,225,183,0.8133333333333334,0.757316904183472,0.8588301905196727,1.6297536101622792,,,,,CHEMBL3979_EC50
71339737,global,cliffB_oracle,cliff,8,7,0.875,0.5291118177871464,0.9775825085499433,1.629753610162279,,,,,CHEMBL3979_EC50
71339737,global,cliffB_oracle,noncliff,217,176,0.8110599078341014,0.7537370699570309,0.8575611922483886,1.629753610162279,,,,,CHEMBL3979_EC50
71339737,global,cliffA,all,225,183,0.8133333333333334,0.757316904183472,0.8588301905196727,1.6297536101622792,,,,,CHEMBL3979_EC50
71339737,global,cliffA,cliff,22,17,0.7727272727272727,0.5656004682477829,0.8987696001475147,1.629753610162279,,,,,CHEMBL3979_EC50
71339737,global,cliffA,noncliff,203,166,0.8177339901477833,0.7588907412727538,0.8647753300047022,1.629753610162279,,,,,CHEMBL3979_EC50
71339737,global,__bins__,__summary__,-1,-1,,,,1.6297536101622792,0.7192982456140351,0.2092731829573935,0.6666666666666666,0.2222222222222222,CHEMBL3979_EC50
71339737,mondrian_pair,cliffB_oracle,all,225,188,0.8355555555555556,0.7815673608177688,0.8782781093962374,1.6510600383391485,,,,,CHEMBL3979_EC50
71339737,mondrian_pair,cliffB_oracle,cliff,8,7,0.875,0.5291118177871464,0.9775825085499433,1.582701642676087,,,,,CHEMBL3979_EC50
71339737,mondrian_pair,cliffB_oracle,noncliff,217,181,0.8341013824884793,0.7788855520114879,0.8776940629498886,1.6535801635248837,,,,,CHEMBL3979_EC50
71339737,mondrian_pair,cliffA,all,225,188,0.8355555555555556,0.7815673608177688,0.8782781093962374,1.6510600383391485,,,,,CHEMBL3979_EC50
71339737,mondrian_pair,cliffA,cliff,22,17,0.7727272727272727,0.5656004682477829,0.8987696001475147,1.579502009011808,,,,,CHEMBL3979_EC50
71339737,mondrian_pair,cliffA,noncliff,203,171,0.8423645320197044,0.7859407812943102,0.8860714970589174,1.6588150957046728,,,,,CHEMBL3979_EC50
71339737,mondrian_pair,__bins__,__summary__,-1,-1,,,,1.6510600383391485,0.7017543859649122,0.2506265664160401,0.6888888888888889,0.19999999999999996,CHEMBL3979_EC50
71339737,mondrian_wstd,cliffB_oracle,all,225,184,0.8177777777777778,0.7621448562452301,0.862741913560087,1.6376837731821727,,,,,CHEMBL3979_EC50
71339737,mondrian_wstd,cliffB_oracle,cliff,8,7,0.875,0.5291118177871464,0.9775825085499433,1.7125990210071662,,,,,CHEMBL3979_EC50
71339737,mondrian_wstd,cliffB_oracle,noncliff,217,177,0.815668202764977,0.7587428648491891,0.8616116679074218,1.634921920727795,,,,,CHEMBL3979_EC50
71339737,mondrian_wstd,cliffA,all,225,184,0.8177777777777778,0.7621448562452301,0.862741913560087,1.6376837731821727,,,,,CHEMBL3979_EC50
71339737,mondrian_wstd,cliffA,cliff,22,16,0.7272727272727273,0.5184826598759762,0.8684923971201053,1.5929910849612647,,,,,CHEMBL3979_EC50
71339737,mondrian_wstd,cliffA,noncliff,203,168,0.8275862068965517,0.7696659790320913,0.8733385750756734,1.6425273157479856,,,,,CHEMBL3979_EC50
71339737,mondrian_wstd,__bins__,__summary__,-1,-1,,,,1.6376837731821727,0.6666666666666666,0.23809523809523814,0.7555555555555555,0.1333333333333333,CHEMBL3979_EC50
71339737,mondrian_std,cliffB_oracle,all,225,185,0.8222222222222222,0.7669835615628444,0.8666428833446447,1.6580914394931718,,,,,CHEMBL3979_EC50
71339737,mondrian_std,cliffB_oracle,cliff,8,7,0.875,0.5291118177871464,0.9775825085499433,1.646070642285836,,,,,CHEMBL3979_EC50
71339737,mondrian_std,cliffB_oracle,noncliff,217,178,0.8202764976958525,0.7637602617345866,0.8656505415732157,1.658534602523857,,,,,CHEMBL3979_EC50
71339737,mondrian_std,cliffA,all,225,185,0.8222222222222222,0.7669835615628444,0.8666428833446447,1.6580914394931718,,,,,CHEMBL3979_EC50
71339737,mondrian_std,cliffA,cliff,22,16,0.7272727272727273,0.5184826598759762,0.8684923971201053,1.550391853119824,,,,,CHEMBL3979_EC50
71339737,mondrian_std,cliffA,noncliff,203,169,0.8325123152709359,0.7750754844173674,0.8775983111055518,1.669763315848904,,,,,CHEMBL3979_EC50
71339737,mondrian_std,__bins__,__summary__,-1,-1,,,,1.6580914394931718,0.7619047619047619,0.1428571428571429,0.7555555555555555,0.11111111111111116,CHEMBL3979_EC50
71339737,mondrian_iqr,cliffB_oracle,all,225,187,0.8311111111111111,0.7766944773678163,0.8744113177440175,1.7073827662110883,,,,,CHEMBL3979_EC50
71339737,mondrian_iqr,cliffB_oracle,cliff,8,6,0.75,0.40927543031016883,0.9285207872478909,1.6176340262867366,,,,,CHEMBL3979_EC50
71339737,mondrian_iqr,cliffB_oracle,noncliff,217,181,0.8341013824884793,0.7788855520114879,0.8776940629498886,1.7106914755170548,,,,,CHEMBL3979_EC50
71339737,mondrian_iqr,cliffA,all,225,187,0.8311111111111111,0.7766944773678163,0.8744113177440175,1.7073827662110883,,,,,CHEMBL3979_EC50
71339737,mondrian_iqr,cliffA,cliff,22,17,0.7727272727272727,0.5656004682477829,0.8987696001475147,1.692728524916354,,,,,CHEMBL3979_EC50
71339737,mondrian_iqr,cliffA,noncliff,203,170,0.8374384236453202,0.7805002387622152,0.8818427981758582,1.7089709105878574,,,,,CHEMBL3979_EC50
71339737,mondrian_iqr,__bins__,__summary__,-1,-1,,,,1.7073827662110883,0.7719298245614035,0.1328320802005013,0.6888888888888889,0.19999999999999996,CHEMBL3979_EC50
71339737,mondrian_nb,cliffB_oracle,all,225,185,0.8222222222222222,0.7669835615628444,0.8666428833446447,1.6447698854249577,,,,,CHEMBL3979_EC50
71339737,mondrian_nb,cliffB_oracle,cliff,8,6,0.75,0.40927543031016883,0.9285207872478909,1.4443351984276331,,,,,CHEMBL3979_EC50
71339737,mondrian_nb,cliffB_oracle,noncliff,217,179,0.8248847926267281,0.7687895981993261,0.8696774756596674,1.652159182641449,,,,,CHEMBL3979_EC50
71339737,mondrian_nb,cliffA,all,225,185,0.8222222222222222,0.7669835615628444,0.8666428833446447,1.6447698854249577,,,,,CHEMBL3979_EC50
71339737,mondrian_nb,cliffA,cliff,22,15,0.6818181818181818,0.47318597741042745,0.8363940681864375,1.4659189080974366,,,,,CHEMBL3979_EC50
71339737,mondrian_nb,cliffA,noncliff,203,170,0.8374384236453202,0.7805002387622152,0.8818427981758582,1.6641527499629156,,,,,CHEMBL3979_EC50
71339737,mondrian_nb,__bins__,__summary__,-1,-1,,,,1.6447698854249577,0.6904761904761905,0.30952380952380953,0.8,0.06666666666666665,CHEMBL3979_EC50
71339737,mondrian_nnsim,cliffB_oracle,all,225,188,0.8355555555555556,0.7815673608177688,0.8782781093962374,1.7666415957913943,,,,,CHEMBL3979_EC50
71339737,mondrian_nnsim,cliffB_oracle,cliff,8,7,0.875,0.5291118177871464,0.9775825085499433,2.155600218881112,,,,,CHEMBL3979_EC50
71339737,mondrian_nnsim,cliffB_oracle,noncliff,217,181,0.8341013824884793,0.7788855520114879,0.8776940629498886,1.7523021073825564,,,,,CHEMBL3979_EC50
71339737,mondrian_nnsim,cliffA,all,225,188,0.8355555555555556,0.7815673608177688,0.8782781093962374,1.7666415957913943,,,,,CHEMBL3979_EC50
71339737,mondrian_nnsim,cliffA,cliff,22,18,0.8181818181818182,0.6148339256287345,0.9269311541657794,1.960791382858786,,,,,CHEMBL3979_EC50
71339737,mondrian_nnsim,cliffA,noncliff,203,170,0.8374384236453202,0.7805002387622152,0.8818427981758582,1.7456007321683267,,,,,CHEMBL3979_EC50
71339737,mondrian_nnsim,__bins__,__summary__,-1,-1,,,,1.7666415957913943,0.7543859649122807,0.1741854636591479,0.7555555555555555,0.11111111111111116,CHEMBL3979_EC50
71339737,mondrian_pairgap,cliffB_oracle,all,225,190,0.8444444444444444,0.7913498315289043,0.8859749888894461,1.7024551283563587,,,,,CHEMBL3979_EC50
71339737,mondrian_pairgap,cliffB_oracle,cliff,8,6,0.75,0.40927543031016883,0.9285207872478909,1.5935871685907603,,,,,CHEMBL3979_EC50
71339737,mondrian_pairgap,cliffB_oracle,noncliff,217,184,0.847926267281106,0.7941288459112141,0.8896195807037364,1.706468693693339,,,,,CHEMBL3979_EC50
71339737,mondrian_pairgap,cliffA,all,225,190,0.8444444444444444,0.7913498315289043,0.8859749888894461,1.7024551283563587,,,,,CHEMBL3979_EC50
71339737,mondrian_pairgap,cliffA,cliff,22,16,0.7272727272727273,0.5184826598759762,0.8684923971201053,1.5516511397960413,,,,,CHEMBL3979_EC50
71339737,mondrian_pairgap,cliffA,noncliff,203,174,0.8571428571428571,0.8023631760651667,0.8986568265335241,1.718798417756984,,,,,CHEMBL3979_EC50
71339737,mondrian_pairgap,__bins__,__summary__,-1,-1,,,,1.7024551283563587,0.7192982456140351,0.23308270676691722,0.7333333333333333,0.1777777777777778,CHEMBL3979_EC50
71339737,mondrian_rfstd,cliffB_oracle,all,225,194,0.8622222222222222,0.8110736854743059,0.9012098353527336,1.7014431397567098,,,,,CHEMBL3979_EC50
71339737,mondrian_rfstd,cliffB_oracle,cliff,8,7,0.875,0.5291118177871464,0.9775825085499433,1.74075164518241,,,,,CHEMBL3979_EC50
71339737,mondrian_rfstd,cliffB_oracle,noncliff,217,187,0.8617511520737328,0.8095029205821532,0.9014143176863717,1.6999939782663618,,,,,CHEMBL3979_EC50
71339737,mondrian_rfstd,cliffA,all,225,194,0.8622222222222222,0.8110736854743059,0.9012098353527336,1.7014431397567098,,,,,CHEMBL3979_EC50
71339737,mondrian_rfstd,cliffA,cliff,22,17,0.7727272727272727,0.5656004682477829,0.8987696001475147,1.5982984916377816,,,,,CHEMBL3979_EC50
71339737,mondrian_rfstd,cliffA,noncliff,203,177,0.8719211822660099,0.8189516017174435,0.9110761251267104,1.7126213774838843,,,,,CHEMBL3979_EC50
71339737,mondrian_rfstd,__bins__,__summary__,-1,-1,,,,1.7014431397567098,0.8095238095238095,0.1428571428571428,0.7555555555555555,0.1777777777777778,CHEMBL3979_EC50
99182118,global,cliffB_oracle,all,225,181,0.8044444444444444,0.7476921218254232,0.8509756226733768,1.6067669238654845,,,,,CHEMBL3979_EC50
99182118,global,cliffB_oracle,cliff,7,2,0.2857142857142857,0.08221892400405678,0.6410655481673808,1.606766923865484,,,,,CHEMBL3979_EC50
99182118,global,cliffB_oracle,noncliff,218,179,0.8211009174311926,0.7648004281907582,0.8662808888193169,1.6067669238654843,,,,,CHEMBL3979_EC50
99182118,global,cliffA,all,225,181,0.8044444444444444,0.7476921218254232,0.8509756226733768,1.6067669238654845,,,,,CHEMBL3979_EC50
99182118,global,cliffA,cliff,15,9,0.6,0.357468301206246,0.8017550385865841,1.6067669238654845,,,,,CHEMBL3979_EC50
99182118,global,cliffA,noncliff,210,172,0.819047619047619,0.7614001845902536,0.8652322782585846,1.606766923865484,,,,,CHEMBL3979_EC50
99182118,global,__bins__,__summary__,-1,-1,,,,1.6067669238654845,0.75,0.11363636363636365,0.6888888888888889,0.19999999999999996,CHEMBL3979_EC50
99182118,mondrian_pair,cliffB_oracle,all,225,184,0.8177777777777778,0.7621448562452301,0.862741913560087,1.6372556261013291,,,,,CHEMBL3979_EC50
99182118,mondrian_pair,cliffB_oracle,cliff,7,2,0.2857142857142857,0.08221892400405678,0.6410655481673808,1.7053673937695328,,,,,CHEMBL3979_EC50
99182118,mondrian_pair,cliffB_oracle,noncliff,218,182,0.8348623853211009,0.77986053926295,0.8782671199046997,1.6350685509927172,,,,,CHEMBL3979_EC50
99182118,mondrian_pair,cliffA,all,225,184,0.8177777777777778,0.7621448562452301,0.862741913560087,1.6372556261013291,,,,,CHEMBL3979_EC50
99182118,mondrian_pair,cliffA,cliff,15,10,0.6666666666666666,0.41713547738519774,0.8482367556028526,1.7253567168895487,,,,,CHEMBL3979_EC50
99182118,mondrian_pair,cliffA,noncliff,210,174,0.8285714285714286,0.7718116285173587,0.8735262809836838,1.6309626910450277,,,,,CHEMBL3979_EC50
99182118,mondrian_pair,__bins__,__summary__,-1,-1,,,,1.6372556261013291,0.7272727272727273,0.15909090909090906,0.6888888888888889,0.2222222222222222,CHEMBL3979_EC50
99182118,mondrian_wstd,cliffB_oracle,all,225,181,0.8044444444444444,0.7476921218254232,0.8509756226733768,1.6370721793584437,,,,,CHEMBL3979_EC50
99182118,mondrian_wstd,cliffB_oracle,cliff,7,2,0.2857142857142857,0.08221892400405678,0.6410655481673808,1.9264544289953396,,,,,CHEMBL3979_EC50
99182118,mondrian_wstd,cliffB_oracle,noncliff,218,179,0.8211009174311926,0.7648004281907582,0.8662808888193169,1.6277800887737728,,,,,CHEMBL3979_EC50
99182118,mondrian_wstd,cliffA,all,225,181,0.8044444444444444,0.7476921218254232,0.8509756226733768,1.6370721793584437,,,,,CHEMBL3979_EC50
99182118,mondrian_wstd,cliffA,cliff,15,9,0.6,0.357468301206246,0.8017550385865841,1.8410625329211436,,,,,CHEMBL3979_EC50
99182118,mondrian_wstd,cliffA,noncliff,210,172,0.819047619047619,0.7614001845902536,0.8652322782585846,1.6225014398182507,,,,,CHEMBL3979_EC50
99182118,mondrian_wstd,__bins__,__summary__,-1,-1,,,,1.6370721793584437,0.6818181818181818,0.16131907308377902,0.6888888888888889,0.19999999999999996,CHEMBL3979_EC50
99182118,mondrian_std,cliffB_oracle,all,225,182,0.8088888888888889,0.7524994167551051,0.8549080028458673,1.6433653983246208,,,,,CHEMBL3979_EC50
99182118,mondrian_std,cliffB_oracle,cliff,7,2,0.2857142857142857,0.08221892400405678,0.6410655481673808,1.7709737809919344,,,,,CHEMBL3979_EC50
99182118,mondrian_std,cliffB_oracle,noncliff,218,180,0.8256880733944955,0.7698081125747007,0.8702886518212327,1.6392678814499824,,,,,CHEMBL3979_EC50
99182118,mondrian_std,cliffA,all,225,182,0.8088888888888889,0.7524994167551051,0.8549080028458673,1.6433653983246208,,,,,CHEMBL3979_EC50
99182118,mondrian_std,cliffA,cliff,15,9,0.6,0.357468301206246,0.8017550385865841,1.7714641515986487,,,,,CHEMBL3979_EC50
99182118,mondrian_std,cliffA,noncliff,210,173,0.8238095238095238,0.766599288020518,0.8693858981544224,1.634215487376476,,,,,CHEMBL3979_EC50
99182118,mondrian_std,__bins__,__summary__,-1,-1,,,,1.6433653983246208,0.6818181818181818,0.16131907308377902,0.7111111111111111,0.1777777777777777,CHEMBL3979_EC50
99182118,mondrian_iqr,cliffB_oracle,all,225,191,0.8488888888888889,0.7962602371050974,0.8898042584154254,1.7627985724377049,,,,,CHEMBL3979_EC50
99182118,mondrian_iqr,cliffB_oracle,cliff,7,2,0.2857142857142857,0.08221892400405678,0.6410655481673808,1.876429777643937,,,,,CHEMBL3979_EC50
99182118,mondrian_iqr,cliffB_oracle,noncliff,218,189,0.8669724770642202,0.8154794098413618,0.9057563810272955,1.759149864013652,,,,,CHEMBL3979_EC50
99182118,mondrian_iqr,cliffA,all,225,191,0.8488888888888889,0.7962602371050974,0.8898042584154254,1.7627985724377049,,,,,CHEMBL3979_EC50
99182118,mondrian_iqr,cliffA,cliff,15,9,0.6,0.357468301206246,0.8017550385865841,1.837574460613054,,,,,CHEMBL3979_EC50
99182118,mondrian_iqr,cliffA,noncliff,210,182,0.8666666666666667,0.8140447305364404,0.9061149655734186,1.7574574375680376,,,,,CHEMBL3979_EC50
99182118,mondrian_iqr,__bins__,__summary__,-1,-1,,,,1.7627985724377049,0.8235294117647058,0.06019151846785231,0.8,0.1333333333333333,CHEMBL3979_EC50
99182118,mondrian_nb,cliffB_oracle,all,225,188,0.8355555555555556,0.7815673608177688,0.8782781093962374,1.6467384315872116,,,,,CHEMBL3979_EC50
99182118,mondrian_nb,cliffB_oracle,cliff,7,2,0.2857142857142857,0.08221892400405678,0.6410655481673808,1.6798410907007695,,,,,CHEMBL3979_EC50
99182118,mondrian_nb,cliffB_oracle,noncliff,218,186,0.8532110091743119,0.8001252817134102,0.8940641669976724,1.6456755021661342,,,,,CHEMBL3979_EC50
99182118,mondrian_nb,cliffA,all,225,188,0.8355555555555556,0.7815673608177688,0.8782781093962374,1.6467384315872116,,,,,CHEMBL3979_EC50
99182118,mondrian_nb,cliffA,cliff,15,9,0.6,0.357468301206246,0.8017550385865841,1.5636017347006175,,,,,CHEMBL3979_EC50
99182118,mondrian_nb,cliffA,noncliff,210,179,0.8523809523809524,0.7980877997820787,0.894013726349474,1.6526767670791112,,,,,CHEMBL3979_EC50
99182118,mondrian_nb,__bins__,__summary__,-1,-1,,,,1.6467384315872116,0.7647058823529411,0.14438502673796794,0.7333333333333333,0.1777777777777778,CHEMBL3979_EC50
99182118,mondrian_nnsim,cliffB_oracle,all,225,187,0.8311111111111111,0.7766944773678163,0.8744113177440175,1.6018187191652185,,,,,CHEMBL3979_EC50
99182118,mondrian_nnsim,cliffB_oracle,cliff,7,1,0.14285714285714285,0.02567962434474355,0.5131278292743189,1.1804573542508712,,,,,CHEMBL3979_EC50
99182118,mondrian_nnsim,cliffB_oracle,noncliff,218,186,0.8532110091743119,0.8001252817134102,0.8940641669976724,1.6153486712496237,,,,,CHEMBL3979_EC50
99182118,mondrian_nnsim,cliffA,all,225,187,0.8311111111111111,0.7766944773678163,0.8744113177440175,1.6018187191652185,,,,,CHEMBL3979_EC50
99182118,mondrian_nnsim,cliffA,cliff,15,6,0.4,0.1982449614134158,0.6425316987937539,1.2199316011206776,,,,,CHEMBL3979_EC50
99182118,mondrian_nnsim,cliffA,noncliff,210,181,0.861904761904762,0.8087083398930411,0.9020986328907158,1.6290963704541142,,,,,CHEMBL3979_EC50
99182118,mondrian_nnsim,__bins__,__summary__,-1,-1,,,,1.6018187191652185,0.7254901960784313,0.160873440285205,0.7333333333333333,0.1777777777777778,CHEMBL3979_EC50
99182118,mondrian_pairgap,cliffB_oracle,all,225,185,0.8222222222222222,0.7669835615628444,0.8666428833446447,1.6296820775774803,,,,,CHEMBL3979_EC50
99182118,mondrian_pairgap,cliffB_oracle,cliff,7,2,0.2857142857142857,0.08221892400405678,0.6410655481673808,1.6641739114948277,,,,,CHEMBL3979_EC50
99182118,mondrian_pairgap,cliffB_oracle,noncliff,218,183,0.8394495412844036,0.7849060712026003,0.8822370353509076,1.6285745416260058,,,,,CHEMBL3979_EC50
99182118,mondrian_pairgap,cliffA,all,225,185,0.8222222222222222,0.7669835615628444,0.8666428833446447,1.6296820775774803,,,,,CHEMBL3979_EC50
99182118,mondrian_pairgap,cliffA,cliff,15,10,0.6666666666666666,0.41713547738519774,0.8482367556028526,1.6919606761603276,,,,,CHEMBL3979_EC50
99182118,mondrian_pairgap,cliffA,noncliff,210,175,0.8333333333333334,0.7770376291626979,0.8776530036644468,1.625233606250134,,,,,CHEMBL3979_EC50
99182118,mondrian_pairgap,__bins__,__summary__,-1,-1,,,,1.6296820775774803,0.7272727272727273,0.15909090909090906,0.6888888888888889,0.24444444444444446,CHEMBL3979_EC50
99182118,mondrian_rfstd,cliffB_oracle,all,225,191,0.8488888888888889,0.7962602371050974,0.8898042584154254,1.6843616948765283,,,,,CHEMBL3979_EC50
99182118,mondrian_rfstd,cliffB_oracle,cliff,7,3,0.42857142857142855,0.15821985525146975,0.7495416354723428,1.7056393163002714,,,,,CHEMBL3979_EC50
99182118,mondrian_rfstd,cliffB_oracle,noncliff,218,188,0.8623853211009175,0.8103454012378479,0.9018749422449512,1.683678468500537,,,,,CHEMBL3979_EC50
99182118,mondrian_rfstd,cliffA,all,225,191,0.8488888888888889,0.7962602371050974,0.8898042584154254,1.6843616948765283,,,,,CHEMBL3979_EC50
99182118,mondrian_rfstd,cliffA,cliff,15,10,0.6666666666666666,0.41713547738519774,0.8482367556028526,1.7110872239202806,,,,,CHEMBL3979_EC50
99182118,mondrian_rfstd,cliffA,noncliff,210,181,0.861904761904762,0.8087083398930411,0.9020986328907158,1.6824527285162607,,,,,CHEMBL3979_EC50
99182118,mondrian_rfstd,__bins__,__summary__,-1,-1,,,,1.6843616948765283,0.7674418604651163,0.11892177589852004,0.7777777777777778,0.1333333333333333,CHEMBL3979_EC50
89709943,global,cliffB_oracle,all,225,179,0.7955555555555556,0.7381070959891585,0.8430812983052971,1.5920393835989195,,,,,CHEMBL3979_EC50
89709943,global,cliffB_oracle,cliff,7,5,0.7142857142857143,0.35893445183261935,0.9177810759959433,1.5920393835989197,,,,,CHEMBL3979_EC50
89709943,global,cliffB_oracle,noncliff,218,174,0.7981651376146789,0.739933587894414,0.84607049218637,1.5920393835989193,,,,,CHEMBL3979_EC50
89709943,global,cliffA,all,225,179,0.7955555555555556,0.7381070959891585,0.8430812983052971,1.5920393835989195,,,,,CHEMBL3979_EC50
89709943,global,cliffA,cliff,22,16,0.7272727272727273,0.5184826598759762,0.8684923971201053,1.5920393835989193,,,,,CHEMBL3979_EC50
89709943,global,cliffA,noncliff,203,163,0.8029556650246306,0.7428307421587431,0.8518276048732499,1.5920393835989197,,,,,CHEMBL3979_EC50
89709943,global,__bins__,__summary__,-1,-1,,,,1.5920393835989195,0.7045454545454546,0.15909090909090906,0.6888888888888889,0.1777777777777778,CHEMBL3979_EC50
89709943,mondrian_pair,cliffB_oracle,all,225,174,0.7733333333333333,0.71430652492865,0.8231834938549443,1.5873744517321724,,,,,CHEMBL3979_EC50
89709943,mondrian_pair,cliffB_oracle,cliff,7,4,0.5714285714285714,0.2504583645276572,0.8417801447485302,1.4820674366398487,,,,,CHEMBL3979_EC50
89709943,mondrian_pair,cliffB_oracle,noncliff,218,170,0.7798165137614679,0.720228819672737,0.8297134708646142,1.590755869647981,,,,,CHEMBL3979_EC50
89709943,mondrian_pair,cliffA,all,225,174,0.7733333333333333,0.71430652492865,0.8231834938549443,1.5873744517321724,,,,,CHEMBL3979_EC50
89709943,mondrian_pair,cliffA,cliff,22,15,0.6818181818181818,0.47318597741042745,0.8363940681864375,1.5355245478181017,,,,,CHEMBL3979_EC50
89709943,mondrian_pair,cliffA,noncliff,203,159,0.7832512315270936,0.7215937252657689,0.8343876561056067,1.5929936531415791,,,,,CHEMBL3979_EC50
89709943,mondrian_pair,__bins__,__summary__,-1,-1,,,,1.5873744517321724,0.6590909090909091,0.20454545454545459,0.6666666666666666,0.20000000000000007,CHEMBL3979_EC50
89709943,mondrian_wstd,cliffB_oracle,all,225,179,0.7955555555555556,0.7381070959891585,0.8430812983052971,1.5990505438167975,,,,,CHEMBL3979_EC50
89709943,mondrian_wstd,cliffB_oracle,cliff,7,5,0.7142857142857143,0.35893445183261935,0.9177810759959433,1.903890236355169,,,,,CHEMBL3979_EC50
89709943,mondrian_wstd,cliffB_oracle,noncliff,218,174,0.7981651376146789,0.739933587894414,0.84607049218637,1.589262113322446,,,,,CHEMBL3979_EC50
89709943,mondrian_wstd,cliffA,all,225,179,0.7955555555555556,0.7381070959891585,0.8430812983052971,1.5990505438167975,,,,,CHEMBL3979_EC50
89709943,mondrian_wstd,cliffA,cliff,22,16,0.7272727272727273,0.5184826598759762,0.8684923971201053,1.7295630678123102,,,,,CHEMBL3979_EC50
89709943,mondrian_wstd,cliffA,noncliff,203,163,0.8029556650246306,0.7428307421587431,0.8518276048732499,1.5849063293936385,,,,,CHEMBL3979_EC50
89709943,mondrian_wstd,__bins__,__summary__,-1,-1,,,,1.5990505438167975,0.75,0.09090909090909094,0.6888888888888889,0.1777777777777778,CHEMBL3979_EC50
89709943,mondrian_std,cliffB_oracle,all,225,176,0.7822222222222223,0.7238000163884242,0.8311693525995147,1.595893629805788,,,,,CHEMBL3979_EC50
89709943,mondrian_std,cliffB_oracle,cliff,7,5,0.7142857142857143,0.35893445183261935,0.9177810759959433,1.8585575082481491,,,,,CHEMBL3979_EC50
89709943,mondrian_std,cliffB_oracle,noncliff,218,171,0.7844036697247706,0.7251402916135296,0.8338174463096798,1.5874594685714,,,,,CHEMBL3979_EC50
89709943,mondrian_std,cliffA,all,225,176,0.7822222222222223,0.7238000163884242,0.8311693525995147,1.595893629805788,,,,,CHEMBL3979_EC50
89709943,mondrian_std,cliffA,cliff,22,16,0.7272727272727273,0.5184826598759762,0.8684923971201053,1.7045255310747245,,,,,CHEMBL3979_EC50
89709943,mondrian_std,cliffA,noncliff,203,160,0.7881773399014779,0.7268850757749082,0.8387655470116216,1.5841207143973317,,,,,CHEMBL3979_EC50
89709943,mondrian_std,__bins__,__summary__,-1,-1,,,,1.595893629805788,0.7045454545454546,0.13636363636363635,0.6444444444444445,0.2222222222222222,CHEMBL3979_EC50
89709943,mondrian_iqr,cliffB_oracle,all,225,176,0.7822222222222223,0.7238000163884242,0.8311693525995147,1.6101546361988701,,,,,CHEMBL3979_EC50
89709943,mondrian_iqr,cliffB_oracle,cliff,7,5,0.7142857142857143,0.35893445183261935,0.9177810759959433,1.7885765830717748,,,,,CHEMBL3979_EC50
89709943,mondrian_iqr,cliffB_oracle,noncliff,218,171,0.7844036697247706,0.7251402916135296,0.8338174463096798,1.6044254911157954,,,,,CHEMBL3979_EC50
89709943,mondrian_iqr,cliffA,all,225,176,0.7822222222222223,0.7238000163884242,0.8311693525995147,1.6101546361988701,,,,,CHEMBL3979_EC50
89709943,mondrian_iqr,cliffA,cliff,22,16,0.7272727272727273,0.5184826598759762,0.8684923971201053,1.6235200053555483,,,,,CHEMBL3979_EC50
89709943,mondrian_iqr,cliffA,noncliff,203,160,0.7881773399014779,0.7268850757749082,0.8387655470116216,1.6087061725464225,,,,,CHEMBL3979_EC50
89709943,mondrian_iqr,__bins__,__summary__,-1,-1,,,,1.6101546361988701,0.7346938775510204,0.10621521335807049,0.7111111111111111,0.1333333333333333,CHEMBL3979_EC50
89709943,mondrian_nb,cliffB_oracle,all,225,175,0.7777777777777778,0.7190489416963455,0.827180752189421,1.58554977531396,,,,,CHEMBL3979_EC50
89709943,mondrian_nb,cliffB_oracle,cliff,7,4,0.5714285714285714,0.2504583645276572,0.8417801447485302,1.6253950269333488,,,,,CHEMBL3979_EC50
89709943,mondrian_nb,cliffB_oracle,noncliff,218,171,0.7844036697247706,0.7251402916135296,0.8338174463096798,1.584270340628934,,,,,CHEMBL3979_EC50
89709943,mondrian_nb,cliffA,all,225,175,0.7777777777777778,0.7190489416963455,0.827180752189421,1.58554977531396,,,,,CHEMBL3979_EC50
89709943,mondrian_nb,cliffA,cliff,22,15,0.6818181818181818,0.47318597741042745,0.8363940681864375,1.5519841669042334,,,,,CHEMBL3979_EC50
89709943,mondrian_nb,cliffA,noncliff,203,160,0.7881773399014779,0.7268850757749082,0.8387655470116216,1.589187427456886,,,,,CHEMBL3979_EC50
89709943,mondrian_nb,__bins__,__summary__,-1,-1,,,,1.58554977531396,0.673469387755102,0.21289424860853434,0.6666666666666666,0.20000000000000007,CHEMBL3979_EC50
89709943,mondrian_nnsim,cliffB_oracle,all,225,188,0.8355555555555556,0.7815673608177688,0.8782781093962374,1.7199923276924205,,,,,CHEMBL3979_EC50
89709943,mondrian_nnsim,cliffB_oracle,cliff,7,4,0.5714285714285714,0.2504583645276572,0.8417801447485302,1.688299898665443,,,,,CHEMBL3979_EC50
89709943,mondrian_nnsim,cliffB_oracle,noncliff,218,184,0.8440366972477065,0.7899650545903808,0.8861934993489854,1.721009974496039,,,,,CHEMBL3979_EC50
89709943,mondrian_nnsim,cliffA,all,225,188,0.8355555555555556,0.7815673608177688,0.8782781093962374,1.7199923276924205,,,,,CHEMBL3979_EC50
89709943,mondrian_nnsim,cliffA,cliff,22,15,0.6818181818181818,0.47318597741042745,0.8363940681864375,1.726303827374467,,,,,CHEMBL3979_EC50
89709943,mondrian_nnsim,cliffA,noncliff,203,173,0.8522167487684729,0.796871598398326,0.8944791627852103,1.7193083228007702,,,,,CHEMBL3979_EC50
89709943,mondrian_nnsim,__bins__,__summary__,-1,-1,,,,1.7199923276924205,0.7142857142857143,0.19480519480519476,0.7555555555555555,0.15555555555555556,CHEMBL3979_EC50
89709943,mondrian_pairgap,cliffB_oracle,all,225,179,0.7955555555555556,0.7381070959891585,0.8430812983052971,1.6395127494024595,,,,,CHEMBL3979_EC50
89709943,mondrian_pairgap,cliffB_oracle,cliff,7,5,0.7142857142857143,0.35893445183261935,0.9177810759959433,1.6135048518844304,,,,,CHEMBL3979_EC50
89709943,mondrian_pairgap,cliffB_oracle,noncliff,218,174,0.7981651376146789,0.739933587894414,0.84607049218637,1.6403478653778087,,,,,CHEMBL3979_EC50
89709943,mondrian_pairgap,cliffA,all,225,179,0.7955555555555556,0.7381070959891585,0.8430812983052971,1.6395127494024595,,,,,CHEMBL3979_EC50
89709943,mondrian_pairgap,cliffA,cliff,22,16,0.7272727272727273,0.5184826598759762,0.8684923971201053,1.6199427083499705,,,,,CHEMBL3979_EC50
89709943,mondrian_pairgap,cliffA,noncliff,203,163,0.8029556650246306,0.7428307421587431,0.8518276048732499,1.641633640551005,,,,,CHEMBL3979_EC50
89709943,mondrian_pairgap,__bins__,__summary__,-1,-1,,,,1.6395127494024595,0.7045454545454546,0.15909090909090906,0.6888888888888889,0.1777777777777778,CHEMBL3979_EC50
89709943,mondrian_rfstd,cliffB_oracle,all,225,175,0.7777777777777778,0.7190489416963455,0.827180752189421,1.5976938974374844,,,,,CHEMBL3979_EC50
89709943,mondrian_rfstd,cliffB_oracle,cliff,7,3,0.42857142857142855,0.15821985525146975,0.7495416354723428,1.5188942799158116,,,,,CHEMBL3979_EC50
89709943,mondrian_rfstd,cliffB_oracle,noncliff,218,172,0.7889908256880734,0.7300614255493738,0.8379117597596939,1.600224160385428,,,,,CHEMBL3979_EC50
89709943,mondrian_rfstd,cliffA,all,225,175,0.7777777777777778,0.7190489416963455,0.827180752189421,1.5976938974374844,,,,,CHEMBL3979_EC50
89709943,mondrian_rfstd,cliffA,cliff,22,14,0.6363636363636364,0.42951708090131013,0.8026679532963387,1.616404071243941,,,,,CHEMBL3979_EC50
89709943,mondrian_rfstd,cliffA,noncliff,203,161,0.7931034482758621,0.7321881591242901,0.8431317050773942,1.5956661938722525,,,,,CHEMBL3979_EC50
89709943,mondrian_rfstd,__bins__,__summary__,-1,-1,,,,1.5976938974374844,0.6818181818181818,0.18181818181818188,0.7333333333333333,0.0888888888888889,CHEMBL3979_EC50
86921808,global,cliffB_oracle,all,225,188,0.8355555555555556,0.7815673608177688,0.8782781093962374,1.8608143196859857,,,,,CHEMBL3979_EC50
86921808,global,cliffB_oracle,cliff,12,8,0.6666666666666666,0.39062208887279953,0.8618799089087867,1.8608143196859857,,,,,CHEMBL3979_EC50
86921808,global,cliffB_oracle,noncliff,213,180,0.8450704225352113,0.790410445897246,0.8875041964385358,1.8608143196859852,,,,,CHEMBL3979_EC50
86921808,global,cliffA,all,225,188,0.8355555555555556,0.7815673608177688,0.8782781093962374,1.8608143196859857,,,,,CHEMBL3979_EC50
86921808,global,cliffA,cliff,22,15,0.6818181818181818,0.47318597741042745,0.8363940681864375,1.8608143196859857,,,,,CHEMBL3979_EC50
86921808,global,cliffA,noncliff,203,173,0.8522167487684729,0.796871598398326,0.8944791627852103,1.8608143196859854,,,,,CHEMBL3979_EC50
86921808,global,__bins__,__summary__,-1,-1,,,,1.8608143196859857,0.6792452830188679,0.2974989030276437,0.7333333333333333,0.20000000000000007,CHEMBL3979_EC50
86921808,mondrian_pair,cliffB_oracle,all,225,191,0.8488888888888889,0.7962602371050974,0.8898042584154254,1.8933062795361457,,,,,CHEMBL3979_EC50
86921808,mondrian_pair,cliffB_oracle,cliff,12,8,0.6666666666666666,0.39062208887279953,0.8618799089087867,2.030205170647808,,,,,CHEMBL3979_EC50
86921808,mondrian_pair,cliffB_oracle,noncliff,213,183,0.8591549295774648,0.8060569135401928,0.8995277141970494,1.8855936659523902,,,,,CHEMBL3979_EC50
86921808,mondrian_pair,cliffA,all,225,191,0.8488888888888889,0.7962602371050974,0.8898042584154254,1.8933062795361457,,,,,CHEMBL3979_EC50
86921808,mondrian_pair,cliffA,cliff,22,16,0.7272727272727273,0.5184826598759762,0.8684923971201053,1.9851444071157565,,,,,CHEMBL3979_EC50
86921808,mondrian_pair,cliffA,noncliff,203,175,0.8620689655172413,0.8078731591314299,0.9028160848824152,1.8833533790102768,,,,,CHEMBL3979_EC50
86921808,mondrian_pair,__bins__,__summary__,-1,-1,,,,1.8933062795361457,0.6981132075471698,0.2786309784993418,0.7333333333333333,0.20000000000000007,CHEMBL3979_EC50
86921808,mondrian_wstd,cliffB_oracle,all,225,202,0.8977777777777778,0.851286694195248,0.9309142274491696,1.9456174185795967,,,,,CHEMBL3979_EC50
86921808,mondrian_wstd,cliffB_oracle,cliff,12,7,0.5833333333333334,0.31951131254954973,0.8067396863412435,2.0885949962813104,,,,,CHEMBL3979_EC50
86921808,mondrian_wstd,cliffB_oracle,noncliff,213,195,0.9154929577464789,0.8703864075027176,0.9458781618403665,1.9375623437795002,,,,,CHEMBL3979_EC50
86921808,mondrian_wstd,cliffA,all,225,202,0.8977777777777778,0.851286694195248,0.9309142274491696,1.9456174185795967,,,,,CHEMBL3979_EC50
86921808,mondrian_wstd,cliffA,cliff,22,15,0.6818181818181818,0.47318597741042745,0.8363940681864375,2.1307390673547033,,,,,CHEMBL3979_EC50
86921808,mondrian_wstd,cliffA,noncliff,203,187,0.9211822660098522,0.8758152199565495,0.9509049210391479,1.9255549738847573,,,,,CHEMBL3979_EC50
86921808,mondrian_wstd,__bins__,__summary__,-1,-1,,,,1.9456174185795967,0.8604651162790697,0.06976744186046513,0.8444444444444444,0.11111111111111116,CHEMBL3979_EC50
86921808,mondrian_std,cliffB_oracle,all,225,200,0.8888888888888888,0.8411230955022124,0.9235984759378606,1.927729497729403,,,,,CHEMBL3979_EC50
86921808,mondrian_std,cliffB_oracle,cliff,12,7,0.5833333333333334,0.31951131254954973,0.8067396863412435,2.0752282014956287,,,,,CHEMBL3979_EC50
86921808,mondrian_std,cliffB_oracle,noncliff,213,193,0.9061032863849765,0.8594248224401767,0.9383930899686005,1.9194197116017284,,,,,CHEMBL3979_EC50
86921808,mondrian_std,cliffA,all,225,200,0.8888888888888888,0.8411230955022124,0.9235984759378606,1.927729497729403,,,,,CHEMBL3979_EC50
86921808,mondrian_std,cliffA,cliff,22,15,0.6818181818181818,0.47318597741042745,0.8363940681864375,2.1184074189743893,,,,,CHEMBL3979_EC50
86921808,mondrian_std,cliffA,noncliff,203,185,0.9113300492610837,0.8642051865895177,0.943176471575871,1.9070648954269906,,,,,CHEMBL3979_EC50
86921808,mondrian_std,__bins__,__summary__,-1,-1,,,,1.927729497729403,0.8372093023255814,0.09302325581395343,0.8222222222222222,0.13333333333333341,CHEMBL3979_EC50
86921808,mondrian_iqr,cliffB_oracle,all,225,192,0.8533333333333334,0.8011840171986669,0.8936201534240281,1.8733700714793617,,,,,CHEMBL3979_EC50
86921808,mondrian_iqr,cliffB_oracle,cliff,12,6,0.5,0.2537815976337061,0.7462184023662939,2.0262404839882215,,,,,CHEMBL3979_EC50
86921808,mondrian_iqr,cliffB_oracle,noncliff,213,186,0.8732394366197183,0.821853518132522,0.9114010950061805,1.8647576538732287,,,,,CHEMBL3979_EC50
86921808,mondrian_iqr,cliffA,all,225,192,0.8533333333333334,0.8011840171986669,0.8936201534240281,1.8733700714793617,,,,,CHEMBL3979_EC50
86921808,mondrian_iqr,cliffA,cliff,22,13,0.5909090909090909,0.3873481847631513,0.7674418380352814,2.0032133394453093,,,,,CHEMBL3979_EC50
86921808,mondrian_iqr,cliffA,noncliff,203,179,0.8817733990147784,0.8301142182255428,0.9192519914489199,1.8592983872663034,,,,,CHEMBL3979_EC50
86921808,mondrian_iqr,__bins__,__summary__,-1,-1,,,,1.8733700714793617,0.7906976744186046,0.13953488372093026,0.7777777777777778,0.15555555555555556,CHEMBL3979_EC50
86921808,mondrian_nb,cliffB_oracle,all,225,191,0.8488888888888889,0.7962602371050974,0.8898042584154254,1.771994032455803,,,,,CHEMBL3979_EC50
86921808,mondrian_nb,cliffB_oracle,cliff,12,8,0.6666666666666666,0.39062208887279953,0.8618799089087867,1.972205871508012,,,,,CHEMBL3979_EC50
86921808,mondrian_nb,cliffB_oracle,noncliff,213,183,0.8591549295774648,0.8060569135401928,0.8995277141970494,1.7607144922275095,,,,,CHEMBL3979_EC50
86921808,mondrian_nb,cliffA,all,225,191,0.8488888888888889,0.7962602371050974,0.8898042584154254,1.771994032455803,,,,,CHEMBL3979_EC50
86921808,mondrian_nb,cliffA,cliff,22,16,0.7272727272727273,0.5184826598759762,0.8684923971201053,2.00160294982884,,,,,CHEMBL3979_EC50
86921808,mondrian_nb,cliffA,noncliff,203,175,0.8620689655172413,0.8078731591314299,0.9028160848824152,1.7471103074203016,,,,,CHEMBL3979_EC50
86921808,mondrian_nb,__bins__,__summary__,-1,-1,,,,1.771994032455803,0.7358490566037735,0.19438350153576134,0.6888888888888889,0.2222222222222222,CHEMBL3979_EC50
86921808,mondrian_nnsim,cliffB_oracle,all,225,193,0.8577777777777778,0.8061216586857428,0.8974221870391245,1.9283424977256578,,,,,CHEMBL3979_EC50
86921808,mondrian_nnsim,cliffB_oracle,cliff,12,8,0.6666666666666666,0.39062208887279953,0.8618799089087867,1.8441632677385424,,,,,CHEMBL3979_EC50
86921808,mondrian_nnsim,cliffB_oracle,noncliff,213,185,0.8685446009389671,0.8165701318917294,0.9074611527798199,1.9330849895559175,,,,,CHEMBL3979_EC50
86921808,mondrian_nnsim,cliffA,all,225,193,0.8577777777777778,0.8061216586857428,0.8974221870391245,1.9283424977256578,,,,,CHEMBL3979_EC50
86921808,mondrian_nnsim,cliffA,cliff,22,15,0.6818181818181818,0.47318597741042745,0.8363940681864375,1.8284795126784226,,,,,CHEMBL3979_EC50
86921808,mondrian_nnsim,cliffA,noncliff,203,178,0.8768472906403941,0.8245218792298354,0.915175089029473,1.939165087238166,,,,,CHEMBL3979_EC50
86921808,mondrian_nnsim,__bins__,__summary__,-1,-1,,,,1.9283424977256578,0.7547169811320755,0.19877139096094776,0.8,0.11111111111111105,CHEMBL3979_EC50
86921808,mondrian_pairgap,cliffB_oracle,all,225,193,0.8577777777777778,0.8061216586857428,0.8974221870391245,1.938606865528223,,,,,CHEMBL3979_EC50
86921808,mondrian_pairgap,cliffB_oracle,cliff,12,7,0.5833333333333334,0.31951131254954973,0.8067396863412435,2.106651991745954,,,,,CHEMBL3979_EC50
86921808,mondrian_pairgap,cliffB_oracle,noncliff,213,186,0.8732394366197183,0.821853518132522,0.9114010950061805,1.9291395344737035,,,,,CHEMBL3979_EC50
86921808,mondrian_pairgap,cliffA,all,225,193,0.8577777777777778,0.8061216586857428,0.8974221870391245,1.938606865528223,,,,,CHEMBL3979_EC50
86921808,mondrian_pairgap,cliffA,cliff,22,15,0.6818181818181818,0.47318597741042745,0.8363940681864375,2.050778782862876,,,,,CHEMBL3979_EC50
86921808,mondrian_pairgap,cliffA,noncliff,203,178,0.8768472906403941,0.8245218792298354,0.915175089029473,1.926450303058458,,,,,CHEMBL3979_EC50
86921808,mondrian_pairgap,__bins__,__summary__,-1,-1,,,,1.938606865528223,0.7358490566037735,0.21763931548924975,0.7333333333333333,0.1777777777777778,CHEMBL3979_EC50
86921808,mondrian_rfstd,cliffB_oracle,all,225,185,0.8222222222222222,0.7669835615628444,0.8666428833446447,1.8872841654036316,,,,,CHEMBL3979_EC50
86921808,mondrian_rfstd,cliffB_oracle,cliff,12,6,0.5,0.2537815976337061,0.7462184023662939,1.8261256374557089,,,,,CHEMBL3979_EC50
86921808,mondrian_rfstd,cliffB_oracle,noncliff,213,179,0.8403755868544601,0.7852254097686171,0.8834659041000112,1.890729716273937,,,,,CHEMBL3979_EC50
86921808,mondrian_rfstd,cliffA,all,225,185,0.8222222222222222,0.7669835615628444,0.8666428833446447,1.8872841654036316,,,,,CHEMBL3979_EC50
86921808,mondrian_rfstd,cliffA,cliff,22,13,0.5909090909090909,0.3873481847631513,0.7674418380352814,1.8741371896957313,,,,,CHEMBL3979_EC50
86921808,mondrian_rfstd,cliffA,noncliff,203,172,0.8472906403940886,0.7913976924601075,0.8902838273082746,1.8887089608005467,,,,,CHEMBL3979_EC50
86921808,mondrian_rfstd,__bins__,__summary__,-1,-1,,,,1.8872841654036316,0.6744186046511628,0.2790697674418605,0.6888888888888889,0.2666666666666667,CHEMBL3979_EC50
71339737,global,cliffB_oracle,all,265,221,0.8339622641509434,0.7844538533308172,0.873926743086239,1.9121652874381034,,,,,CHEMBL287_Ki
71339737,global,cliffB_oracle,cliff,8,2,0.25,0.071479212752109,0.5907245696898311,1.9121652874381034,,,,,CHEMBL287_Ki
71339737,global,cliffB_oracle,noncliff,257,219,0.8521400778210116,0.803566484638379,0.8903416111771016,1.9121652874381034,,,,,CHEMBL287_Ki
71339737,global,cliffA,all,265,221,0.8339622641509434,0.7844538533308172,0.873926743086239,1.9121652874381034,,,,,CHEMBL287_Ki
71339737,global,cliffA,cliff,15,8,0.5333333333333333,0.30116980025498397,0.7519046463426261,1.9121652874381034,,,,,CHEMBL287_Ki
71339737,global,cliffA,noncliff,250,213,0.852,0.8026659811384634,0.8906801760167434,1.9121652874381034,,,,,CHEMBL287_Ki
71339737,global,__bins__,__summary__,-1,-1,,,,1.9121652874381034,0.7901234567901234,0.1011808910359635,0.660377358490566,0.3207547169811321,CHEMBL287_Ki
71339737,mondrian_pair,cliffB_oracle,all,265,221,0.8339622641509434,0.7844538533308172,0.873926743086239,1.912875624597236,,,,,CHEMBL287_Ki
71339737,mondrian_pair,cliffB_oracle,cliff,8,2,0.25,0.071479212752109,0.5907245696898311,1.9007694690606445,,,,,CHEMBL287_Ki
71339737,mondrian_pair,cliffB_oracle,noncliff,257,219,0.8521400778210116,0.803566484638379,0.8903416111771016,1.9132524699057678,,,,,CHEMBL287_Ki
71339737,mondrian_pair,cliffA,all,265,221,0.8339622641509434,0.7844538533308172,0.873926743086239,1.912875624597236,,,,,CHEMBL287_Ki
71339737,mondrian_pair,cliffA,cliff,15,8,0.5333333333333333,0.30116980025498397,0.7519046463426261,1.8951546013774043,,,,,CHEMBL287_Ki
71339737,mondrian_pair,cliffA,noncliff,250,213,0.852,0.8026659811384634,0.8906801760167434,1.9139388859904256,,,,,CHEMBL287_Ki
71339737,mondrian_pair,__bins__,__summary__,-1,-1,,,,1.912875624597236,0.7901234567901234,0.1011808910359635,0.660377358490566,0.3207547169811321,CHEMBL287_Ki
71339737,mondrian_wstd,cliffB_oracle,all,265,220,0.8301886792452831,0.7803413843533669,0.8705998832906152,1.9879020870785655,,,,,CHEMBL287_Ki
71339737,mondrian_wstd,cliffB_oracle,cliff,8,2,0.25,0.071479212752109,0.5907245696898311,2.029034942522117,,,,,CHEMBL287_Ki
71339737,mondrian_wstd,cliffB_oracle,noncliff,257,218,0.8482490272373541,0.7992793982060111,0.8869612048380278,1.9866216869091167,,,,,CHEMBL287_Ki
71339737,mondrian_wstd,cliffA,all,265,220,0.8301886792452831,0.7803413843533669,0.8705998832906152,1.9879020870785655,,,,,CHEMBL287_Ki
71339737,mondrian_wstd,cliffA,cliff,15,8,0.5333333333333333,0.30116980025498397,0.7519046463426261,2.003192380366711,,,,,CHEMBL287_Ki
71339737,mondrian_wstd,cliffA,noncliff,250,212,0.848,0.7982548908329247,0.8872123327182458,1.986984669481277,,,,,CHEMBL287_Ki
71339737,mondrian_wstd,__bins__,__summary__,-1,-1,,,,1.9879020870785655,0.7608695652173914,0.10869565217391297,0.660377358490566,0.3207547169811321,CHEMBL287_Ki
71339737,mondrian_std,cliffB_oracle,all,265,218,0.8226415094339623,0.7721396383238687,0.8639229717739653,1.9842171694626067,,,,,CHEMBL287_Ki
71339737,mondrian_std,cliffB_oracle,cliff,8,2,0.25,0.071479212752109,0.5907245696898311,2.0361789351720643,,,,,CHEMBL287_Ki
71339737,mondrian_std,cliffB_oracle,noncliff,257,216,0.8404669260700389,0.7907337414613915,0.8801718760397639,1.9825996825922738,,,,,CHEMBL287_Ki
71339737,mondrian_std,cliffA,all,265,218,0.8226415094339623,0.7721396383238687,0.8639229717739653,1.9842171694626067,,,,,CHEMBL287_Ki
71339737,mondrian_std,cliffA,cliff,15,8,0.5333333333333333,0.30116980025498397,0.7519046463426261,2.0030364270601666,,,,,CHEMBL287_Ki
71339737,mondrian_std,cliffA,noncliff,250,210,0.84,0.7894631614651632,0.8802461948779344,1.9830880140067537,,,,,CHEMBL287_Ki
71339737,mondrian_std,__bins__,__summary__,-1,-1,,,,1.9842171694626067,0.7608695652173914,0.10869565217391297,0.6415094339622641,0.3207547169811321,CHEMBL287_Ki
71339737,mondrian_iqr,cliffB_oracle,all,265,218,0.8226415094339623,0.7721396383238687,0.8639229717739653,1.9522630822386975,,,,,CHEMBL287_Ki
71339737,mondrian_iqr,cliffB_oracle,cliff,8,3,0.375,0.13684428582359742,0.6942576053973727,2.0085387792466936,,,,,CHEMBL287_Ki
71339737,mondrian_iqr,cliffB_oracle,noncliff,257,215,0.8365758754863813,0.7864746164411869,0.8767635082885268,1.9505113095691877,,,,,CHEMBL287_Ki
71339737,mondrian_iqr,cliffA,all,265,218,0.8226415094339623,0.7721396383238687,0.8639229717739653,1.9522630822386975,,,,,CHEMBL287_Ki
71339737,mondrian_iqr,cliffA,cliff,15,9,0.6,0.357468301206246,0.8017550385865841,1.9265344260139932,,,,,CHEMBL287_Ki
71339737,mondrian_iqr,cliffA,noncliff,250,209,0.836,0.7850819159453526,0.8767485067937086,1.9538068016121797,,,,,CHEMBL287_Ki
71339737,mondrian_iqr,__bins__,__summary__,-1,-1,,,,1.9522630822386975,0.7777777777777778,0.09178743961352653,0.6792452830188679,0.30188679245283023,CHEMBL287_Ki
71339737,mondrian_nb,cliffB_oracle,all,265,221,0.8339622641509434,0.7844538533308172,0.873926743086239,1.9552673488314714,,,,,CHEMBL287_Ki
71339737,mondrian_nb,cliffB_oracle,cliff,8,2,0.25,0.071479212752109,0.5907245696898311,1.9271412771679377,,,,,CHEMBL287_Ki
71339737,mondrian_nb,cliffB_oracle,noncliff,257,219,0.8521400778210116,0.803566484638379,0.8903416111771016,1.9561428685719706,,,,,CHEMBL287_Ki
71339737,mondrian_nb,cliffA,all,265,221,0.8339622641509434,0.7844538533308172,0.873926743086239,1.9552673488314714,,,,,CHEMBL287_Ki
71339737,mondrian_nb,cliffA,cliff,15,8,0.5333333333333333,0.30116980025498397,0.7519046463426261,1.929839708732754,,,,,CHEMBL287_Ki
71339737,mondrian_nb,cliffA,noncliff,250,213,0.852,0.8026659811384634,0.8906801760167434,1.9567930072373945,,,,,CHEMBL287_Ki
71339737,mondrian_nb,__bins__,__summary__,-1,-1,,,,1.9552673488314714,0.8148148148148148,0.054750402576489554,0.6792452830188679,0.28301886792452835,CHEMBL287_Ki
71339737,mondrian_nnsim,cliffB_oracle,all,265,221,0.8339622641509434,0.7844538533308172,0.873926743086239,1.9508179458454842,,,,,CHEMBL287_Ki
71339737,mondrian_nnsim,cliffB_oracle,cliff,8,4,0.5,0.21521606221387757,0.7847839377861224,2.1356815298348195,,,,,CHEMBL287_Ki
71339737,mondrian_nnsim,cliffB_oracle,noncliff,257,217,0.8443579766536965,0.7950019124127663,0.8835711978598308,1.9450634373944544,,,,,CHEMBL287_Ki
71339737,mondrian_nnsim,cliffA,all,265,221,0.8339622641509434,0.7844538533308172,0.873926743086239,1.9508179458454842,,,,,CHEMBL287_Ki
71339737,mondrian_nnsim,cliffA,cliff,15,10,0.6666666666666666,0.41713547738519774,0.8482367556028526,2.0884855271438965,,,,,CHEMBL287_Ki
71339737,mondrian_nnsim,cliffA,noncliff,250,211,0.844,0.793854055172539,0.8837342347745949,1.9425578909675796,,,,,CHEMBL287_Ki
71339737,mondrian_nnsim,__bins__,__summary__,-1,-1,,,,1.9508179458454842,0.782608695652174,0.10869565217391297,0.6792452830188679,0.3207547169811321,CHEMBL287_Ki
71339737,mondrian_pairgap,cliffB_oracle,all,265,223,0.8415094339622642,0.7927030201438479,0.8805562338193564,1.9455590704401564,,,,,CHEMBL287_Ki
71339737,mondrian_pairgap,cliffB_oracle,cliff,8,2,0.25,0.071479212752109,0.5907245696898311,1.910819596652652,,,,,CHEMBL287_Ki
71339737,mondrian_pairgap,cliffB_oracle,noncliff,257,221,0.8599221789883269,0.812170696239278,0.8970723851190864,1.946640454838211,,,,,CHEMBL287_Ki
71339737,mondrian_pairgap,cliffA,all,265,223,0.8415094339622642,0.7927030201438479,0.8805562338193564,1.9455590704401564,,,,,CHEMBL287_Ki
71339737,mondrian_pairgap,cliffA,cliff,15,8,0.5333333333333333,0.30116980025498397,0.7519046463426261,1.9130621648157031,,,,,CHEMBL287_Ki
71339737,mondrian_pairgap,cliffA,noncliff,250,215,0.86,0.8115202816735541,0.8975837426897257,1.9475088847776234,,,,,CHEMBL287_Ki
71339737,mondrian_pairgap,__bins__,__summary__,-1,-1,,,,1.9455590704401564,0.8024691358024691,0.08883521202361777,0.6792452830188679,0.30188679245283023,CHEMBL287_Ki
71339737,mondrian_rfstd,cliffB_oracle,all,265,213,0.8037735849056604,0.751762079520927,0.8471038867115366,1.850881215146848,,,,,CHEMBL287_Ki
71339737,mondrian_rfstd,cliffB_oracle,cliff,8,3,0.375,0.13684428582359742,0.6942576053973727,1.8322220427565243,,,,,CHEMBL287_Ki
71339737,mondrian_rfstd,cliffB_oracle,noncliff,257,210,0.8171206225680934,0.7653062916020011,0.8595943692705036,1.8514620454158073,,,,,CHEMBL287_Ki
71339737,mondrian_rfstd,cliffA,all,265,213,0.8037735849056604,0.751762079520927,0.8471038867115366,1.850881215146848,,,,,CHEMBL287_Ki
71339737,mondrian_rfstd,cliffA,cliff,15,9,0.6,0.357468301206246,0.8017550385865841,1.7588726875157432,,,,,CHEMBL287_Ki
71339737,mondrian_rfstd,cliffA,noncliff,250,204,0.816,0.7633112722157498,0.859124482503129,1.8564017268047142,,,,,CHEMBL287_Ki
71339737,mondrian_rfstd,__bins__,__summary__,-1,-1,,,,1.850881215146848,0.7654320987654321,0.08239398819108967,0.7169811320754716,0.20754716981132082,CHEMBL287_Ki
99182118,global,cliffB_oracle,all,265,227,0.8566037735849057,0.8093048750137015,0.8937116940417991,1.9624570976852223,,,,,CHEMBL287_Ki
99182118,global,cliffB_oracle,cliff,7,3,0.42857142857142855,0.15821985525146975,0.7495416354723428,1.9624570976852216,,,,,CHEMBL287_Ki
99182118,global,cliffB_oracle,noncliff,258,224,0.8682170542635659,0.8214897302585709,0.9041402018986193,1.9624570976852227,,,,,CHEMBL287_Ki
99182118,global,cliffA,all,265,227,0.8566037735849057,0.8093048750137015,0.8937116940417991,1.9624570976852223,,,,,CHEMBL287_Ki
99182118,global,cliffA,cliff,16,8,0.5,0.27999563610326017,0.7200043638967398,1.9624570976852223,,,,,CHEMBL287_Ki
99182118,global,cliffA,noncliff,249,219,0.8795180722891566,0.833215522442236,0.9142884703030036,1.9624570976852227,,,,,CHEMBL287_Ki
99182118,global,__bins__,__summary__,-1,-1,,,,1.9624570976852223,0.7625,0.15239361702127663,0.7358490566037735,0.20754716981132082,CHEMBL287_Ki
99182118,mondrian_pair,cliffB_oracle,all,265,225,0.8490566037735849,0.800986017758489,0.8871518937508635,1.9624495378364437,,,,,CHEMBL287_Ki
99182118,mondrian_pair,cliffB_oracle,cliff,7,3,0.42857142857142855,0.15821985525146975,0.7495416354723428,1.8658181972446586,,,,,CHEMBL287_Ki
99182118,mondrian_pair,cliffB_oracle,noncliff,258,222,0.8604651162790697,0.8128750896101187,0.8974784229227095,1.9650713183951352,,,,,CHEMBL287_Ki
99182118,mondrian_pair,cliffA,all,265,225,0.8490566037735849,0.800986017758489,0.8871518937508635,1.9624495378364437,,,,,CHEMBL287_Ki
99182118,mondrian_pair,cliffA,cliff,16,8,0.5,0.27999563610326017,0.7200043638967398,1.8365861136181483,,,,,CHEMBL287_Ki
99182118,mondrian_pair,cliffA,noncliff,249,217,0.8714859437751004,0.8242070499242995,0.9074767524982896,1.9705371474247675,,,,,CHEMBL287_Ki
99182118,mondrian_pair,__bins__,__summary__,-1,-1,,,,1.9624495378364437,0.75,0.18478260869565222,0.7358490566037735,0.18867924528301894,CHEMBL287_Ki
99182118,mondrian_wstd,cliffB_oracle,all,265,225,0.8490566037735849,0.800986017758489,0.8871518937508635,2.0701598574726288,,,,,CHEMBL287_Ki
99182118,mondrian_wstd,cliffB_oracle,cliff,7,3,0.42857142857142855,0.15821985525146975,0.7495416354723428,2.104860675808119,,,,,CHEMBL287_Ki
99182118,mondrian_wstd,cliffB_oracle,noncliff,258,222,0.8604651162790697,0.8128750896101187,0.8974784229227095,2.0692183624015112,,,,,CHEMBL287_Ki
99182118,mondrian_wstd,cliffA,all,265,225,0.8490566037735849,0.800986017758489,0.8871518937508635,2.0701598574726288,,,,,CHEMBL287_Ki
99182118,mondrian_wstd,cliffA,cliff,16,10,0.625,0.38641040545502714,0.8151876744113636,2.156321991270824,,,,,CHEMBL287_Ki
99182118,mondrian_wstd,cliffA,noncliff,249,215,0.8634538152610441,0.8152494282599986,0.9006141838399401,2.06462333481893,,,,,CHEMBL287_Ki
99182118,mondrian_wstd,__bins__,__summary__,-1,-1,,,,2.0701598574726288,0.782608695652174,0.13228492136910264,0.7547169811320755,0.16981132075471694,CHEMBL287_Ki
99182118,mondrian_std,cliffB_oracle,all,265,228,0.8603773584905661,0.8134784556237091,0.8969774422048655,2.125873139087564,,,,,CHEMBL287_Ki
99182118,mondrian_std,cliffB_oracle,cliff,7,3,0.42857142857142855,0.15821985525146975,0.7495416354723428,2.1696681011309784,,,,,CHEMBL287_Ki
99182118,mondrian_std,cliffB_oracle,noncliff,258,225,0.872093023255814,0.8258137860433787,0.9074543559259924,2.1246849036832858,,,,,CHEMBL287_Ki
99182118,mondrian_std,cliffA,all,265,228,0.8603773584905661,0.8134784556237091,0.8969774422048655,2.125873139087564,,,,,CHEMBL287_Ki
99182118,mondrian_std,cliffA,cliff,16,10,0.625,0.38641040545502714,0.8151876744113636,2.234852775091488,,,,,CHEMBL287_Ki
99182118,mondrian_std,cliffA,noncliff,249,218,0.8755020080321285,0.8287046793966356,0.9108892181872789,2.1188704315531757,,,,,CHEMBL287_Ki
99182118,mondrian_std,__bins__,__summary__,-1,-1,,,,2.125873139087564,0.8125,0.10239361702127658,0.7547169811320755,0.2075471698113207,CHEMBL287_Ki
99182118,mondrian_iqr,cliffB_oracle,all,265,220,0.8301886792452831,0.7803413843533669,0.8705998832906152,2.0781832835665446,,,,,CHEMBL287_Ki
99182118,mondrian_iqr,cliffB_oracle,cliff,7,3,0.42857142857142855,0.15821985525146975,0.7495416354723428,1.8239953456778177,,,,,CHEMBL287_Ki
99182118,mondrian_iqr,cliffB_oracle,noncliff,258,217,0.8410852713178295,0.7915170109884296,0.880645452483494,2.0850798555247656,,,,,CHEMBL287_Ki
99182118,mondrian_iqr,cliffA,all,265,220,0.8301886792452831,0.7803413843533669,0.8705998832906152,2.0781832835665446,,,,,CHEMBL287_Ki
99182118,mondrian_iqr,cliffA,cliff,16,10,0.625,0.38641040545502714,0.8151876744113636,1.7322949653658277,,,,,CHEMBL287_Ki
99182118,mondrian_iqr,cliffA,noncliff,249,210,0.8433734939759037,0.7930550119755395,0.8832581243177728,2.100409038952936,,,,,CHEMBL287_Ki
99182118,mondrian_iqr,__bins__,__summary__,-1,-1,,,,2.0781832835665446,0.7608695652173914,0.15402405180388523,0.7358490566037735,0.15094339622641517,CHEMBL287_Ki
99182118,mondrian_nb,cliffB_oracle,all,265,225,0.8490566037735849,0.800986017758489,0.8871518937508635,2.036132952956885,,,,,CHEMBL287_Ki
99182118,mondrian_nb,cliffB_oracle,cliff,7,3,0.42857142857142855,0.15821985525146975,0.7495416354723428,1.752760077027848,,,,,CHEMBL287_Ki
99182118,mondrian_nb,cliffB_oracle,noncliff,258,222,0.8604651162790697,0.8128750896101187,0.8974784229227095,2.043821364319301,,,,,CHEMBL287_Ki
99182118,mondrian_nb,cliffA,all,265,225,0.8490566037735849,0.800986017758489,0.8871518937508635,2.036132952956885,,,,,CHEMBL287_Ki
99182118,mondrian_nb,cliffA,cliff,16,8,0.5,0.27999563610326017,0.7200043638967398,1.746193853803808,,,,,CHEMBL287_Ki
99182118,mondrian_nb,cliffA,noncliff,249,217,0.8714859437751004,0.8242070499242995,0.9074767524982896,2.054763577802062,,,,,CHEMBL287_Ki
99182118,mondrian_nb,__bins__,__summary__,-1,-1,,,,2.036132952956885,0.775,0.13989361702127656,0.7547169811320755,0.18867924528301883,CHEMBL287_Ki
99182118,mondrian_nnsim,cliffB_oracle,all,265,229,0.8641509433962264,0.8176618836480716,0.9002333429535772,2.0570082528141316,,,,,CHEMBL287_Ki
99182118,mondrian_nnsim,cliffB_oracle,cliff,7,6,0.8571428571428571,0.4868721707256811,0.9743203756552565,2.437873509633846,,,,,CHEMBL287_Ki
99182118,mondrian_nnsim,cliffB_oracle,noncliff,258,223,0.8643410852713178,0.8171769631878505,0.9008147591571587,2.0466746993345266,,,,,CHEMBL287_Ki
99182118,mondrian_nnsim,cliffA,all,265,229,0.8641509433962264,0.8176618836480716,0.9002333429535772,2.0570082528141316,,,,,CHEMBL287_Ki
99182118,mondrian_nnsim,cliffA,cliff,16,13,0.8125,0.5699111903802586,0.9340840092857187,2.2572147390794863,,,,,CHEMBL287_Ki
99182118,mondrian_nnsim,cliffA,noncliff,249,216,0.8674698795180723,0.8197221239195781,0.9040515833416859,2.044143578997884,,,,,CHEMBL287_Ki
99182118,mondrian_nnsim,__bins__,__summary__,-1,-1,,,,2.0570082528141316,0.7875,0.14728260869565224,0.7547169811320755,0.2264150943396226,CHEMBL287_Ki
99182118,mondrian_pairgap,cliffB_oracle,all,265,225,0.8490566037735849,0.800986017758489,0.8871518937508635,1.9417155072626051,,,,,CHEMBL287_Ki
99182118,mondrian_pairgap,cliffB_oracle,cliff,7,3,0.42857142857142855,0.15821985525146975,0.7495416354723428,1.8774453212931885,,,,,CHEMBL287_Ki
99182118,mondrian_pairgap,cliffB_oracle,noncliff,258,222,0.8604651162790697,0.8128750896101187,0.8974784229227095,1.9434592719982091,,,,,CHEMBL287_Ki
99182118,mondrian_pairgap,cliffA,all,265,225,0.8490566037735849,0.800986017758489,0.8871518937508635,1.9417155072626051,,,,,CHEMBL287_Ki
99182118,mondrian_pairgap,cliffA,cliff,16,8,0.5,0.27999563610326017,0.7200043638967398,1.8501510916747668,,,,,CHEMBL287_Ki
99182118,mondrian_pairgap,cliffA,noncliff,249,217,0.8714859437751004,0.8242070499242995,0.9074767524982896,1.9475991644891326,,,,,CHEMBL287_Ki
99182118,mondrian_pairgap,__bins__,__summary__,-1,-1,,,,1.9417155072626051,0.7375,0.19728260869565217,0.7169811320754716,0.2264150943396227,CHEMBL287_Ki
99182118,mondrian_rfstd,cliffB_oracle,all,265,225,0.8490566037735849,0.800986017758489,0.8871518937508635,2.098687624622567,,,,,CHEMBL287_Ki
99182118,mondrian_rfstd,cliffB_oracle,cliff,7,5,0.7142857142857143,0.35893445183261935,0.9177810759959433,2.1334559645007354,,,,,CHEMBL287_Ki
99182118,mondrian_rfstd,cliffB_oracle,noncliff,258,220,0.8527131782945736,0.804302571515108,0.8907745213933584,2.0977442975716087,,,,,CHEMBL287_Ki
99182118,mondrian_rfstd,cliffA,all,265,225,0.8490566037735849,0.800986017758489,0.8871518937508635,2.098687624622567,,,,,CHEMBL287_Ki
99182118,mondrian_rfstd,cliffA,cliff,16,10,0.625,0.38641040545502714,0.8151876744113636,1.9652242553521024,,,,,CHEMBL287_Ki
99182118,mondrian_rfstd,cliffA,noncliff,249,215,0.8634538152610441,0.8152494282599986,0.9006141838399401,2.107263584093761,,,,,CHEMBL287_Ki
99182118,mondrian_rfstd,__bins__,__summary__,-1,-1,,,,2.098687624622567,0.7625,0.1949468085106384,0.7735849056603774,0.15094339622641506,CHEMBL287_Ki
89709943,global,cliffB_oracle,all,265,209,0.7886792452830189,0.7355801421161855,0.8335285090239818,1.8196670584850239,,,,,CHEMBL287_Ki
89709943,global,cliffB_oracle,cliff,8,4,0.5,0.21521606221387757,0.7847839377861224,1.8196670584850239,,,,,CHEMBL287_Ki
89709943,global,cliffB_oracle,noncliff,257,205,0.7976653696498055,0.7443314676664614,0.8422317293488346,1.8196670584850239,,,,,CHEMBL287_Ki
89709943,global,cliffA,all,265,209,0.7886792452830189,0.7355801421161855,0.8335285090239818,1.8196670584850239,,,,,CHEMBL287_Ki
89709943,global,cliffA,cliff,18,13,0.7222222222222222,0.4912734343970254,0.8750024662044601,1.8196670584850239,,,,,CHEMBL287_Ki
89709943,global,cliffA,noncliff,247,196,0.7935222672064778,0.7387343327365634,0.8393200314889635,1.8196670584850243,,,,,CHEMBL287_Ki
89709943,global,__bins__,__summary__,-1,-1,,,,1.8196670584850239,0.7,0.17755102040816328,0.6226415094339622,0.26415094339622647,CHEMBL287_Ki
89709943,mondrian_pair,cliffB_oracle,all,265,209,0.7886792452830189,0.7355801421161855,0.8335285090239818,1.8079176149748282,,,,,CHEMBL287_Ki
89709943,mondrian_pair,cliffB_oracle,cliff,8,4,0.5,0.21521606221387757,0.7847839377861224,1.8098963392479883,,,,,CHEMBL287_Ki
89709943,mondrian_pair,cliffB_oracle,noncliff,257,205,0.7976653696498055,0.7443314676664614,0.8422317293488346,1.807856020444924,,,,,CHEMBL287_Ki
89709943,mondrian_pair,cliffA,all,265,209,0.7886792452830189,0.7355801421161855,0.8335285090239818,1.8079176149748282,,,,,CHEMBL287_Ki
89709943,mondrian_pair,cliffA,cliff,18,13,0.7222222222222222,0.4912734343970254,0.8750024662044601,1.810258217738249,,,,,CHEMBL287_Ki
89709943,mondrian_pair,cliffA,noncliff,247,196,0.7935222672064778,0.7387343327365634,0.8393200314889635,1.8077470447329596,,,,,CHEMBL287_Ki
89709943,mondrian_pair,__bins__,__summary__,-1,-1,,,,1.8079176149748282,0.7,0.17755102040816328,0.6226415094339622,0.26415094339622647,CHEMBL287_Ki
89709943,mondrian_wstd,cliffB_oracle,all,265,208,0.7849056603773585,0.7315502142185207,0.8301191081485725,1.7915698782696103,,,,,CHEMBL287_Ki
89709943,mondrian_wstd,cliffB_oracle,cliff,8,4,0.5,0.21521606221387757,0.7847839377861224,1.665573730201126,,,,,CHEMBL287_Ki
89709943,mondrian_wstd,cliffB_oracle,noncliff,257,204,0.7937743190661478,0.7401578110065891,0.838737893237265,1.7954919373534544,,,,,CHEMBL287_Ki
89709943,mondrian_wstd,cliffA,all,265,208,0.7849056603773585,0.7315502142185207,0.8301191081485725,1.7915698782696103,,,,,CHEMBL287_Ki
89709943,mondrian_wstd,cliffA,cliff,18,13,0.7222222222222222,0.4912734343970254,0.8750024662044601,1.7337439993476755,,,,,CHEMBL287_Ki
89709943,mondrian_wstd,cliffA,noncliff,247,195,0.7894736842105263,0.7343951308517503,0.8356860697292864,1.7957839099319377,,,,,CHEMBL287_Ki
89709943,mondrian_wstd,__bins__,__summary__,-1,-1,,,,1.7915698782696103,0.7346938775510204,0.10204081632653061,0.6415094339622641,0.24528301886792458,CHEMBL287_Ki
89709943,mondrian_std,cliffB_oracle,all,265,207,0.7811320754716982,0.7275262717896911,0.8267037218043278,1.7838283458270643,,,,,CHEMBL287_Ki
89709943,mondrian_std,cliffB_oracle,cliff,8,4,0.5,0.21521606221387757,0.7847839377861224,1.6634914760522261,,,,,CHEMBL287_Ki
89709943,mondrian_std,cliffB_oracle,noncliff,257,203,0.7898832684824902,0.7359909093718981,0.8352373021005142,1.7875742406060475,,,,,CHEMBL287_Ki
89709943,mondrian_std,cliffA,all,265,207,0.7811320754716982,0.7275262717896911,0.8267037218043278,1.7838283458270643,,,,,CHEMBL287_Ki
89709943,mondrian_std,cliffA,cliff,18,13,0.7222222222222222,0.4912734343970254,0.8750024662044601,1.7478147105669004,,,,,CHEMBL287_Ki
89709943,mondrian_std,cliffA,noncliff,247,194,0.7854251012145749,0.7300632143417928,0.832044822594754,1.7864528212711248,,,,,CHEMBL287_Ki
89709943,mondrian_std,__bins__,__summary__,-1,-1,,,,1.7838283458270643,0.7346938775510204,0.10204081632653061,0.6415094339622641,0.24528301886792458,CHEMBL287_Ki
89709943,mondrian_iqr,cliffB_oracle,all,265,210,0.7924528301886793,0.7396161699804409,0.8369318099328005,1.7973197174712128,,,,,CHEMBL287_Ki
89709943,mondrian_iqr,cliffB_oracle,cliff,8,4,0.5,0.21521606221387757,0.7847839377861224,1.6199233561721733,,,,,CHEMBL287_Ki
89709943,mondrian_iqr,cliffB_oracle,noncliff,257,206,0.8015564202334631,0.7485120210763354,0.8457186687104024,1.8028417831925834,,,,,CHEMBL287_Ki
89709943,mondrian_iqr,cliffA,all,265,210,0.7924528301886793,0.7396161699804409,0.8369318099328005,1.7973197174712128,,,,,CHEMBL287_Ki
89709943,mondrian_iqr,cliffA,cliff,18,12,0.6666666666666666,0.43749467295945105,0.837212252491663,1.686529716024112,,,,,CHEMBL287_Ki
89709943,mondrian_iqr,cliffA,noncliff,247,198,0.8016194331983806,0.7474352178014745,0.8465654737130324,1.8053934827588554,,,,,CHEMBL287_Ki
89709943,mondrian_iqr,__bins__,__summary__,-1,-1,,,,1.7973197174712128,0.7142857142857143,0.1428571428571428,0.6226415094339622,0.28301886792452835,CHEMBL287_Ki
89709943,mondrian_nb,cliffB_oracle,all,265,207,0.7811320754716982,0.7275262717896911,0.8267037218043278,1.8083429121807848,,,,,CHEMBL287_Ki
89709943,mondrian_nb,cliffB_oracle,cliff,8,4,0.5,0.21521606221387757,0.7847839377861224,1.7742312989691853,,,,,CHEMBL287_Ki
89709943,mondrian_nb,cliffB_oracle,noncliff,257,203,0.7898832684824902,0.7359909093718981,0.8352373021005142,1.8094047522807568,,,,,CHEMBL287_Ki
89709943,mondrian_nb,cliffA,all,265,207,0.7811320754716982,0.7275262717896911,0.8267037218043278,1.8083429121807848,,,,,CHEMBL287_Ki
89709943,mondrian_nb,cliffA,cliff,18,12,0.6666666666666666,0.43749467295945105,0.837212252491663,1.7501059367054552,,,,,CHEMBL287_Ki
89709943,mondrian_nb,cliffA,noncliff,247,195,0.7894736842105263,0.7343951308517503,0.8356860697292864,1.8125869022963959,,,,,CHEMBL287_Ki
89709943,mondrian_nb,__bins__,__summary__,-1,-1,,,,1.8083429121807848,0.7142857142857143,0.1428571428571428,0.6226415094339622,0.24528301886792458,CHEMBL287_Ki
89709943,mondrian_nnsim,cliffB_oracle,all,265,204,0.769811320754717,0.715489285310919,0.8164227219638777,1.737059403139803,,,,,CHEMBL287_Ki
89709943,mondrian_nnsim,cliffB_oracle,cliff,8,4,0.5,0.21521606221387757,0.7847839377861224,1.8820267349120243,,,,,CHEMBL287_Ki
89709943,mondrian_nnsim,cliffB_oracle,noncliff,257,200,0.7782101167315175,0.7235294134244115,0.8246963197336756,1.7325468013725742,,,,,CHEMBL287_Ki
89709943,mondrian_nnsim,cliffA,all,265,204,0.769811320754717,0.715489285310919,0.8164227219638777,1.737059403139803,,,,,CHEMBL287_Ki
89709943,mondrian_nnsim,cliffA,cliff,18,11,0.6111111111111112,0.3861904160223791,0.7969475342783638,1.8004122528273403,,,,,CHEMBL287_Ki
89709943,mondrian_nnsim,cliffA,noncliff,247,193,0.7813765182186235,0.7257384361613811,0.8283964371306757,1.7324425962799823,,,,,CHEMBL287_Ki
89709943,mondrian_nnsim,__bins__,__summary__,-1,-1,,,,1.737059403139803,0.6857142857142857,0.1306122448979592,0.6226415094339622,0.26415094339622647,CHEMBL287_Ki
89709943,mondrian_pairgap,cliffB_oracle,all,265,205,0.7735849056603774,0.7194959099451111,0.8198554261027596,1.7152863107232843,,,,,CHEMBL287_Ki
89709943,mondrian_pairgap,cliffB_oracle,cliff,8,5,0.625,0.30574239460262737,0.8631557141764026,1.6207802846938018,,,,,CHEMBL287_Ki
89709943,mondrian_pairgap,cliffB_oracle,noncliff,257,200,0.7782101167315175,0.7235294134244115,0.8246963197336756,1.7182281325452136,,,,,CHEMBL287_Ki
89709943,mondrian_pairgap,cliffA,all,265,205,0.7735849056603774,0.7194959099451111,0.8198554261027596,1.7152863107232843,,,,,CHEMBL287_Ki
89709943,mondrian_pairgap,cliffA,cliff,18,11,0.6111111111111112,0.3861904160223791,0.7969475342783638,1.6095652159475422,,,,,CHEMBL287_Ki
89709943,mondrian_pairgap,cliffA,noncliff,247,194,0.7854251012145749,0.7300632143417928,0.832044822594754,1.722990682002488,,,,,CHEMBL287_Ki
89709943,mondrian_pairgap,__bins__,__summary__,-1,-1,,,,1.7152863107232843,0.7285714285714285,0.10816326530612252,0.6226415094339622,0.26415094339622647,CHEMBL287_Ki
89709943,mondrian_rfstd,cliffB_oracle,all,265,209,0.7886792452830189,0.7355801421161855,0.8335285090239818,1.7939751731150266,,,,,CHEMBL287_Ki
89709943,mondrian_rfstd,cliffB_oracle,cliff,8,4,0.5,0.21521606221387757,0.7847839377861224,1.7463115819913873,,,,,CHEMBL287_Ki
89709943,mondrian_rfstd,cliffB_oracle,noncliff,257,205,0.7976653696498055,0.7443314676664614,0.8422317293488346,1.7954588646675134,,,,,CHEMBL287_Ki
89709943,mondrian_rfstd,cliffA,all,265,209,0.7886792452830189,0.7355801421161855,0.8335285090239818,1.7939751731150266,,,,,CHEMBL287_Ki
89709943,mondrian_rfstd,cliffA,cliff,18,13,0.7222222222222222,0.4912734343970254,0.8750024662044601,1.7576444340027875,,,,,CHEMBL287_Ki
89709943,mondrian_rfstd,cliffA,noncliff,247,196,0.7935222672064778,0.7387343327365634,0.8393200314889635,1.7966227573418294,,,,,CHEMBL287_Ki
89709943,mondrian_rfstd,__bins__,__summary__,-1,-1,,,,1.7939751731150266,0.7142857142857143,0.16326530612244894,0.6415094339622641,0.2264150943396227,CHEMBL287_Ki
86921808,global,cliffB_oracle,all,265,224,0.8452830188679246,0.7968401689503558,0.8838584137859226,1.9853172268660089,,,,,CHEMBL287_Ki
86921808,global,cliffB_oracle,cliff,10,4,0.4,0.16818032970623614,0.6873262302663417,1.9853172268660089,,,,,CHEMBL287_Ki
86921808,global,cliffB_oracle,noncliff,255,220,0.8627450980392157,0.8150958963378175,0.8996273201162904,1.985317226866009,,,,,CHEMBL287_Ki
86921808,global,cliffA,all,265,224,0.8452830188679246,0.7968401689503558,0.8838584137859226,1.9853172268660089,,,,,CHEMBL287_Ki
86921808,global,cliffA,cliff,16,10,0.625,0.38641040545502714,0.8151876744113636,1.9853172268660089,,,,,CHEMBL287_Ki
86921808,global,cliffA,noncliff,249,214,0.8594377510040161,0.8107885231697618,0.8971649937688517,1.9853172268660089,,,,,CHEMBL287_Ki
86921808,global,__bins__,__summary__,-1,-1,,,,1.9853172268660089,0.7848101265822784,0.13008349043899814,0.7169811320754716,0.26415094339622647,CHEMBL287_Ki
86921808,mondrian_pair,cliffB_oracle,all,265,224,0.8452830188679246,0.7968401689503558,0.8838584137859226,1.9983658131539062,,,,,CHEMBL287_Ki
86921808,mondrian_pair,cliffB_oracle,cliff,10,4,0.4,0.16818032970623614,0.6873262302663417,1.878679626140285,,,,,CHEMBL287_Ki
86921808,mondrian_pair,cliffB_oracle,noncliff,255,220,0.8627450980392157,0.8150958963378175,0.8996273201162904,2.003059389115225,,,,,CHEMBL287_Ki
86921808,mondrian_pair,cliffA,all,265,224,0.8452830188679246,0.7968401689503558,0.8838584137859226,1.9983658131539062,,,,,CHEMBL287_Ki
86921808,mondrian_pair,cliffA,cliff,16,10,0.625,0.38641040545502714,0.8151876744113636,1.8901159865580526,,,,,CHEMBL287_Ki
86921808,mondrian_pair,cliffA,noncliff,249,214,0.8594377510040161,0.8107885231697618,0.8971649937688517,2.0053216253046444,,,,,CHEMBL287_Ki
86921808,mondrian_pair,__bins__,__summary__,-1,-1,,,,1.9983658131539062,0.759493670886076,0.15539994613520058,0.7169811320754716,0.24528301886792458,CHEMBL287_Ki
86921808,mondrian_wstd,cliffB_oracle,all,265,219,0.8264150943396227,0.776236711422862,0.867265227448046,1.9960515333660873,,,,,CHEMBL287_Ki
86921808,mondrian_wstd,cliffB_oracle,cliff,10,5,0.5,0.236593090512564,0.7634069094874361,2.101911262097642,,,,,CHEMBL287_Ki
86921808,mondrian_wstd,cliffB_oracle,noncliff,255,214,0.8392156862745098,0.7891494431288135,0.8792133484742171,1.9919001714550457,,,,,CHEMBL287_Ki
86921808,mondrian_wstd,cliffA,all,265,219,0.8264150943396227,0.776236711422862,0.867265227448046,1.9960515333660873,,,,,CHEMBL287_Ki
86921808,mondrian_wstd,cliffA,cliff,16,10,0.625,0.38641040545502714,0.8151876744113636,2.0373919786680847,,,,,CHEMBL287_Ki
86921808,mondrian_wstd,cliffA,noncliff,249,209,0.8393574297188755,0.7886474271719079,0.8797556139600791,1.9933951192101358,,,,,CHEMBL287_Ki
86921808,mondrian_wstd,__bins__,__summary__,-1,-1,,,,1.9960515333660873,0.6739130434782609,0.2121629058888277,0.7358490566037735,0.2264150943396227,CHEMBL287_Ki
86921808,mondrian_std,cliffB_oracle,all,265,220,0.8301886792452831,0.7803413843533669,0.8705998832906152,1.9665021578219373,,,,,CHEMBL287_Ki
86921808,mondrian_std,cliffB_oracle,cliff,10,5,0.5,0.236593090512564,0.7634069094874361,2.116617609675425,,,,,CHEMBL287_Ki
86921808,mondrian_std,cliffB_oracle,noncliff,255,215,0.8431372549019608,0.7934493244916875,0.8826402045865226,1.9606152773570948,,,,,CHEMBL287_Ki
86921808,mondrian_std,cliffA,all,265,220,0.8301886792452831,0.7803413843533669,0.8705998832906152,1.9665021578219373,,,,,CHEMBL287_Ki
86921808,mondrian_std,cliffA,cliff,16,10,0.625,0.38641040545502714,0.8151876744113636,2.0218986253973497,,,,,CHEMBL287_Ki
86921808,mondrian_std,cliffA,noncliff,249,210,0.8433734939759037,0.7930550119755395,0.8832581243177728,1.9629425454476135,,,,,CHEMBL287_Ki
86921808,mondrian_std,__bins__,__summary__,-1,-1,,,,1.9665021578219373,0.717391304347826,0.1686846450192625,0.7358490566037735,0.2264150943396227,CHEMBL287_Ki
86921808,mondrian_iqr,cliffB_oracle,all,265,223,0.8415094339622642,0.7927030201438479,0.8805562338193564,1.9553207187590624,,,,,CHEMBL287_Ki
86921808,mondrian_iqr,cliffB_oracle,cliff,10,4,0.4,0.16818032970623614,0.6873262302663417,1.9411690379052022,,,,,CHEMBL287_Ki
86921808,mondrian_iqr,cliffB_oracle,noncliff,255,219,0.8588235294117647,0.8107459019352695,0.8962505770436587,1.9558756866356841,,,,,CHEMBL287_Ki
86921808,mondrian_iqr,cliffA,all,265,223,0.8415094339622642,0.7927030201438479,0.8805562338193564,1.9553207187590624,,,,,CHEMBL287_Ki
86921808,mondrian_iqr,cliffA,cliff,16,9,0.5625,0.331785563988119,0.7690134759450765,1.847695555595776,,,,,CHEMBL287_Ki
86921808,mondrian_iqr,cliffA,noncliff,249,214,0.8594377510040161,0.8107885231697618,0.8971649937688517,1.9622363918940526,,,,,CHEMBL287_Ki
86921808,mondrian_iqr,__bins__,__summary__,-1,-1,,,,1.9553207187590624,0.7974683544303798,0.09614866684621592,0.7358490566037735,0.2264150943396227,CHEMBL287_Ki
86921808,mondrian_nb,cliffB_oracle,all,265,224,0.8452830188679246,0.7968401689503558,0.8838584137859226,1.9414038889865723,,,,,CHEMBL287_Ki
86921808,mondrian_nb,cliffB_oracle,cliff,10,4,0.4,0.16818032970623614,0.6873262302663417,1.722872198759046,,,,,CHEMBL287_Ki
86921808,mondrian_nb,cliffB_oracle,noncliff,255,220,0.8627450980392157,0.8150958963378175,0.8996273201162904,1.949973759191573,,,,,CHEMBL287_Ki
86921808,mondrian_nb,cliffA,all,265,224,0.8452830188679246,0.7968401689503558,0.8838584137859226,1.9414038889865723,,,,,CHEMBL287_Ki
86921808,mondrian_nb,cliffA,cliff,16,10,0.625,0.38641040545502714,0.8151876744113636,1.7004771874635698,,,,,CHEMBL287_Ki
86921808,mondrian_nb,cliffA,noncliff,249,214,0.8594377510040161,0.8107885231697618,0.8971649937688517,1.9568851228193755,,,,,CHEMBL287_Ki
86921808,mondrian_nb,__bins__,__summary__,-1,-1,,,,1.9414038889865723,0.810126582278481,0.10476703474279558,0.7547169811320755,0.2075471698113207,CHEMBL287_Ki
86921808,mondrian_nnsim,cliffB_oracle,all,265,217,0.8188679245283019,0.7680499790547416,0.8605733022700183,1.9626518599175675,,,,,CHEMBL287_Ki
86921808,mondrian_nnsim,cliffB_oracle,cliff,10,4,0.4,0.16818032970623614,0.6873262302663417,2.0952651291140176,,,,,CHEMBL287_Ki
86921808,mondrian_nnsim,cliffB_oracle,noncliff,255,213,0.8352941176470589,0.7848586984861731,0.875777355641678,1.9574513395569222,,,,,CHEMBL287_Ki
86921808,mondrian_nnsim,cliffA,all,265,217,0.8188679245283019,0.7680499790547416,0.8605733022700183,1.9626518599175675,,,,,CHEMBL287_Ki
86921808,mondrian_nnsim,cliffA,cliff,16,10,0.625,0.38641040545502714,0.8151876744113636,2.0100350499928097,,,,,CHEMBL287_Ki
86921808,mondrian_nnsim,cliffA,noncliff,249,207,0.8313253012048193,0.779861073331816,0.8727217774775203,1.9596071569408446,,,,,CHEMBL287_Ki
86921808,mondrian_nnsim,__bins__,__summary__,-1,-1,,,,1.9626518599175675,0.7468354430379747,0.12550498249394026,0.7169811320754716,0.24528301886792458,CHEMBL287_Ki
86921808,mondrian_pairgap,cliffB_oracle,all,265,213,0.8037735849056604,0.751762079520927,0.8471038867115366,1.8892937418373905,,,,,CHEMBL287_Ki
86921808,mondrian_pairgap,cliffB_oracle,cliff,10,4,0.4,0.16818032970623614,0.6873262302663417,1.7552883774577253,,,,,CHEMBL287_Ki
86921808,mondrian_pairgap,cliffB_oracle,noncliff,255,209,0.8196078431372549,0.767782190501875,0.8619469137252577,1.894548854166005,,,,,CHEMBL287_Ki
86921808,mondrian_pairgap,cliffA,all,265,213,0.8037735849056604,0.751762079520927,0.8471038867115366,1.8892937418373905,,,,,CHEMBL287_Ki
86921808,mondrian_pairgap,cliffA,cliff,16,9,0.5625,0.331785563988119,0.7690134759450765,1.6891690183797707,,,,,CHEMBL287_Ki
86921808,mondrian_pairgap,cliffA,noncliff,249,204,0.8192771084337349,0.766749653286084,0.8621029120392765,1.9021531618186032,,,,,CHEMBL287_Ki
86921808,mondrian_pairgap,__bins__,__summary__,-1,-1,,,,1.8892937418373905,0.7341772151898734,0.13538800220143088,0.7169811320754716,0.2264150943396227,CHEMBL287_Ki
86921808,mondrian_rfstd,cliffB_oracle,all,265,219,0.8264150943396227,0.776236711422862,0.867265227448046,1.9123998284620698,,,,,CHEMBL287_Ki
86921808,mondrian_rfstd,cliffB_oracle,cliff,10,4,0.4,0.16818032970623614,0.6873262302663417,2.0142284817752794,,,,,CHEMBL287_Ki
86921808,mondrian_rfstd,cliffB_oracle,noncliff,255,215,0.8431372549019608,0.7934493244916875,0.8826402045865226,1.9084065479399834,,,,,CHEMBL287_Ki
86921808,mondrian_rfstd,cliffA,all,265,219,0.8264150943396227,0.776236711422862,0.867265227448046,1.9123998284620698,,,,,CHEMBL287_Ki
86921808,mondrian_rfstd,cliffA,cliff,16,8,0.5,0.27999563610326017,0.7200043638967398,1.9123190502775633,,,,,CHEMBL287_Ki
86921808,mondrian_rfstd,cliffA,noncliff,249,211,0.8473895582329317,0.7974725894673382,0.8867506419872992,1.9124050190281427,,,,,CHEMBL287_Ki
86921808,mondrian_rfstd,__bins__,__summary__,-1,-1,,,,1.9123998284620698,0.7848101265822784,0.08753029894963649,0.7547169811320755,0.13207547169811318,CHEMBL287_Ki
