seed,method,group_def,side,n,k,coverage,ci_lo,ci_hi,mean_width,worst_d_wstd_cov,worst_d_wstd_spread,worst_rf_std_cov,worst_rf_std_spread,dataset
71339737,global,cliffB_oracle,all,629,591,0.9395866454689984,0.9181650083389137,0.9556715462865064,2.822729091349729,,,,,CHEMBL233_Ki
71339737,global,cliffB_oracle,cliff,30,26,0.8666666666666667,0.703186733179637,0.9469034451594526,2.8227290913497285,,,,,CHEMBL233_Ki
71339737,global,cliffB_oracle,noncliff,599,565,0.9432387312186978,0.9217289001033536,0.9590997028908174,2.8227290913497285,,,,,CHEMBL233_Ki
71339737,global,cliffA,all,629,591,0.9395866454689984,0.9181650083389137,0.9556715462865064,2.822729091349729,,,,,CHEMBL233_Ki
71339737,global,cliffA,cliff,55,50,0.9090909090909091,0.8042250541602005,0.9605418449258196,2.8227290913497294,,,,,CHEMBL233_Ki
71339737,global,cliffA,noncliff,574,541,0.9425087108013938,0.9203606901805542,0.9587731833853331,2.822729091349729,,,,,CHEMBL233_Ki
71339737,global,__bins__,__summary__,-1,-1,,,,2.822729091349729,0.8986486486486487,0.0846846846846846,0.8650793650793651,0.12698412698412698,CHEMBL233_Ki
71339737,mondrian_pair,cliffB_oracle,all,629,590,0.9379968203497615,0.916361727322948,0.9543144780994869,2.812986726919447,,,,,CHEMBL233_Ki
71339737,mondrian_pair,cliffB_oracle,cliff,30,23,0.7666666666666667,0.5907167384187784,0.8820761185551049,2.4993484583931265,,,,,CHEMBL233_Ki
71339737,mondrian_pair,cliffB_oracle,noncliff,599,567,0.9465776293823038,0.9255568618973856,0.961906984810489,2.8286948205017333,,,,,CHEMBL233_Ki
71339737,mondrian_pair,cliffA,all,629,590,0.9379968203497615,0.916361727322948,0.9543144780994869,2.812986726919447,,,,,CHEMBL233_Ki
71339737,mondrian_pair,cliffA,cliff,55,47,0.8545454545454545,0.7383908706854773,0.9244071085224069,2.472993709758693,,,,,CHEMBL233_Ki
71339737,mondrian_pair,cliffA,noncliff,574,543,0.945993031358885,0.9243616572439491,0.9616945302870238,2.845564455044606,,,,,CHEMBL233_Ki
71339737,mondrian_pair,__bins__,__summary__,-1,-1,,,,2.812986726919447,0.9121621621621622,0.0628378378378378,0.8968253968253969,0.0793650793650793,CHEMBL233_Ki
71339737,mondrian_wstd,cliffB_oracle,all,629,589,0.9364069952305246,0.914561833466714,0.9529540227527356,2.7947965934823475,,,,,CHEMBL233_Ki
71339737,mondrian_wstd,cliffB_oracle,cliff,30,23,0.7666666666666667,0.5907167384187784,0.8820761185551049,3.0122596952451564,,,,,CHEMBL233_Ki
71339737,mondrian_wstd,cliffB_oracle,noncliff,599,566,0.9449081803005008,0.9236406359564573,0.9605055888945655,2.7839052862154294,,,,,CHEMBL233_Ki
71339737,mondrian_wstd,cliffA,all,629,589,0.9364069952305246,0.914561833466714,0.9529540227527356,2.7947965934823475,,,,,CHEMBL233_Ki
71339737,mondrian_wstd,cliffA,cliff,55,47,0.8545454545454545,0.7383908706854773,0.9244071085224069,2.991052741683757,,,,,CHEMBL233_Ki
71339737,mondrian_wstd,cliffA,noncliff,574,542,0.9442508710801394,0.9223587211290093,0.960236309419421,2.7759915618602613,,,,,CHEMBL233_Ki
71339737,mondrian_wstd,__bins__,__summary__,-1,-1,,,,2.7947965934823475,0.8925619834710744,0.06611570247933884,0.8809523809523809,0.08704761904761904,CHEMBL233_Ki
71339737,mondrian_std,cliffB_oracle,all,629,589,0.9364069952305246,0.914561833466714,0.9529540227527356,2.7902795751071525,,,,,CHEMBL233_Ki
71339737,mondrian_std,cliffB_oracle,cliff,30,23,0.7666666666666667,0.5907167384187784,0.8820761185551049,3.0120768946367305,,,,,CHEMBL233_Ki
71339737,mondrian_std,cliffB_oracle,noncliff,599,566,0.9449081803005008,0.9236406359564573,0.9605055888945655,2.779171195164102,,,,,CHEMBL233_Ki
71339737,mondrian_std,cliffA,all,629,589,0.9364069952305246,0.914561833466714,0.9529540227527356,2.7902795751071525,,,,,CHEMBL233_Ki
71339737,mondrian_std,cliffA,cliff,55,47,0.8545454545454545,0.7383908706854773,0.9244071085224069,2.990653903992647,,,,,CHEMBL233_Ki
71339737,mondrian_std,cliffA,noncliff,574,542,0.9442508710801394,0.9223587211290093,0.960236309419421,2.7710799442905985,,,,,CHEMBL233_Ki
71339737,mondrian_std,__bins__,__summary__,-1,-1,,,,2.7902795751071525,0.8925619834710744,0.06611570247933884,0.8809523809523809,0.08704761904761904,CHEMBL233_Ki
71339737,mondrian_iqr,cliffB_oracle,all,629,595,0.9459459459459459,0.9254145765857203,0.9610633748516407,2.898468101730451,,,,,CHEMBL233_Ki
71339737,mondrian_iqr,cliffB_oracle,cliff,30,25,0.8333333333333334,0.6643564949358398,0.9266345762815145,3.248087373892337,,,,,CHEMBL233_Ki
71339737,mondrian_iqr,cliffB_oracle,noncliff,599,570,0.9515859766277128,0.9313344933208878,0.9660822189575424,2.880957954543712,,,,,CHEMBL233_Ki
71339737,mondrian_iqr,cliffA,all,629,595,0.9459459459459459,0.9254145765857203,0.9610633748516407,2.898468101730451,,,,,CHEMBL233_Ki
71339737,mondrian_iqr,cliffA,cliff,55,49,0.8909090909090909,0.7817445091344648,0.9490327499921767,3.2113757722732044,,,,,CHEMBL233_Ki
71339737,mondrian_iqr,cliffA,noncliff,574,546,0.9512195121951219,0.930402166083899,0.9660374923947024,2.8684856594310584,,,,,CHEMBL233_Ki
71339737,mondrian_iqr,__bins__,__summary__,-1,-1,,,,2.898468101730451,0.9324324324324325,0.03450971632789812,0.8809523809523809,0.09504761904761905,CHEMBL233_Ki
71339737,mondrian_nb,cliffB_oracle,all,629,592,0.9411764705882353,0.9199717988833791,0.9570251049450262,2.907135530325493,,,,,CHEMBL233_Ki
71339737,mondrian_nb,cliffB_oracle,cliff,30,21,0.7,0.5212421254128504,0.8333525173175619,2.547061054054361,,,,,CHEMBL233_Ki
71339737,mondrian_nb,cliffB_oracle,noncliff,599,571,0.9532554257095158,0.9332707754624919,0.9674635586727901,2.925169310439239,,,,,CHEMBL233_Ki
71339737,mondrian_nb,cliffA,all,629,592,0.9411764705882353,0.9199717988833791,0.9570251049450262,2.907135530325493,,,,,CHEMBL233_Ki
71339737,mondrian_nb,cliffA,cliff,55,43,0.7818181818181819,0.6562996597815998,0.8705397595887698,2.527841317194531,,,,,CHEMBL233_Ki
71339737,mondrian_nb,cliffA,noncliff,574,549,0.9564459930313589,0.936495843895933,0.9703272855302973,2.94347905248961,,,,,CHEMBL233_Ki
71339737,mondrian_nb,__bins__,__summary__,-1,-1,,,,2.907135530325493,0.8991596638655462,0.07584033613445373,0.9126984126984127,0.05555555555555558,CHEMBL233_Ki
71339737,mondrian_nnsim,cliffB_oracle,all,629,595,0.9459459459459459,0.9254145765857203,0.9610633748516407,2.867981408325907,,,,,CHEMBL233_Ki
71339737,mondrian_nnsim,cliffB_oracle,cliff,30,24,0.8,0.6269430358685175,0.9049489282271013,2.59208710283348,,,,,CHEMBL233_Ki
71339737,mondrian_nnsim,cliffB_oracle,noncliff,599,571,0.9532554257095158,0.9332707754624919,0.9674635586727901,2.881799153175278,,,,,CHEMBL233_Ki
71339737,mondrian_nnsim,cliffA,all,629,595,0.9459459459459459,0.9254145765857203,0.9610633748516407,2.867981408325907,,,,,CHEMBL233_Ki
71339737,mondrian_nnsim,cliffA,cliff,55,47,0.8545454545454545,0.7383908706854773,0.9244071085224069,2.5777766864937313,,,,,CHEMBL233_Ki
71339737,mondrian_nnsim,cliffA,noncliff,574,548,0.9547038327526133,0.9344582047875262,0.9689037676561613,2.895788480975332,,,,,CHEMBL233_Ki
71339737,mondrian_nnsim,__bins__,__summary__,-1,-1,,,,2.867981408325907,0.918918918918919,0.06441441441441431,0.9126984126984127,0.0714285714285714,CHEMBL233_Ki
71339737,mondrian_pairgap,cliffB_oracle,all,629,590,0.9379968203497615,0.916361727322948,0.9543144780994869,2.844381650989802,,,,,CHEMBL233_Ki
71339737,mondrian_pairgap,cliffB_oracle,cliff,30,22,0.7333333333333333,0.555520383048111,0.8581733668040368,2.5028466913526444,,,,,CHEMBL233_Ki
71339737,mondrian_pairgap,cliffB_oracle,noncliff,599,568,0.9482470784641068,0.9274777714970933,0.9633036970676331,2.8614869077328975,,,,,CHEMBL233_Ki
71339737,mondrian_pairgap,cliffA,all,629,590,0.9379968203497615,0.916361727322948,0.9543144780994869,2.844381650989802,,,,,CHEMBL233_Ki
71339737,mondrian_pairgap,cliffA,cliff,55,46,0.8363636363636363,0.7173625426094283,0.9114457966390772,2.4747907231144266,,,,,CHEMBL233_Ki
71339737,mondrian_pairgap,cliffA,noncliff,574,544,0.9477351916376306,0.9263697164743843,0.9631476280391316,2.879795415855909,,,,,CHEMBL233_Ki
71339737,mondrian_pairgap,__bins__,__summary__,-1,-1,,,,2.844381650989802,0.907563025210084,0.06743697478991595,0.8968253968253969,0.0714285714285714,CHEMBL233_Ki
71339737,mondrian_rfstd,cliffB_oracle,all,629,581,0.9236883942766295,0.9002721100138898,0.9419609525816778,2.5633780598326794,,,,,CHEMBL233_Ki
71339737,mondrian_rfstd,cliffB_oracle,cliff,30,18,0.6,0.42320360253322475,0.7540937188319815,2.632139589513619,,,,,CHEMBL233_Ki
71339737,mondrian_rfstd,cliffB_oracle,noncliff,599,563,0.9398998330550918,0.917918191220661,0.9562751680598062,2.5599342436550034,,,,,CHEMBL233_Ki
71339737,mondrian_rfstd,cliffA,all,629,581,0.9236883942766295,0.9002721100138898,0.9419609525816778,2.5633780598326794,,,,,CHEMBL233_Ki
71339737,mondrian_rfstd,cliffA,cliff,55,42,0.7636363636363637,0.6365163381083228,0.8563334413026682,2.644397171031419,,,,,CHEMBL233_Ki
71339737,mondrian_rfstd,cliffA,noncliff,574,539,0.9390243902439024,0.9163785494029865,0.9558330101978151,2.5556149045784453,,,,,CHEMBL233_Ki
71339737,mondrian_rfstd,__bins__,__summary__,-1,-1,,,,2.5633780598326794,0.8907563025210085,0.07591036414565822,0.8888888888888888,0.06349206349206349,CHEMBL233_Ki
99182118,global,cliffB_oracle,all,629,584,0.9284578696343402,0.9056093713387536,0.9461047388657697,2.802803794256164,,,,,CHEMBL233_Ki
99182118,global,cliffB_oracle,cliff,27,17,0.6296296296296297,0.4422923441210239,0.784674870390344,2.802803794256164,,,,,CHEMBL233_Ki
99182118,global,cliffB_oracle,noncliff,602,567,0.9418604651162791,0.9202156711650176,0.9579018499362439,2.802803794256164,,,,,CHEMBL233_Ki
99182118,global,cliffA,all,629,584,0.9284578696343402,0.9056093713387536,0.9461047388657697,2.802803794256164,,,,,CHEMBL233_Ki
99182118,global,cliffA,cliff,64,51,0.796875,0.6828636426898583,0.8772658218081634,2.802803794256164,,,,,CHEMBL233_Ki
99182118,global,cliffA,noncliff,565,533,0.9433628318584071,0.9211390793259995,0.9595984130478139,2.802803794256164,,,,,CHEMBL233_Ki
99182118,global,__bins__,__summary__,-1,-1,,,,2.802803794256164,0.8918918918918919,0.06644144144144148,0.8333333333333334,0.1507936507936507,CHEMBL233_Ki
99182118,mondrian_pair,cliffB_oracle,all,629,594,0.9443561208267091,0.9235964389752009,0.9597211632591749,2.931800325266157,,,,,CHEMBL233_Ki
99182118,mondrian_pair,cliffB_oracle,cliff,27,19,0.7037037037037037,0.5151931703585185,0.8414695953022023,2.750464504999948,,,,,CHEMBL233_Ki
99182118,mondrian_pair,cliffB_oracle,noncliff,602,575,0.9551495016611296,0.9355316016384974,0.968995468969569,2.9399333271717842,,,,,CHEMBL233_Ki
99182118,mondrian_pair,cliffA,all,629,594,0.9443561208267091,0.9235964389752009,0.9597211632591749,2.931800325266157,,,,,CHEMBL233_Ki
99182118,mondrian_pair,cliffA,cliff,64,54,0.84375,0.7357193822745122,0.912851576617934,2.7850405379191097,,,,,CHEMBL233_Ki
99182118,mondrian_pair,cliffA,noncliff,565,540,0.9557522123893806,0.9354970971105188,0.9698518221958963,2.9484244427709556,,,,,CHEMBL233_Ki
99182118,mondrian_pair,__bins__,__summary__,-1,-1,,,,2.931800325266157,0.8986486486486487,0.0763513513513513,0.8650793650793651,0.11904761904761896,CHEMBL233_Ki
99182118,mondrian_wstd,cliffB_oracle,all,629,592,0.9411764705882353,0.9199717988833791,0.9570251049450262,2.8959399685392238,,,,,CHEMBL233_Ki
99182118,mondrian_wstd,cliffB_oracle,cliff,27,18,0.6666666666666666,0.47824760507320074,0.8135673850128435,2.9939680786309277,,,,,CHEMBL233_Ki
99182118,mondrian_wstd,cliffB_oracle,noncliff,602,574,0.9534883720930233,0.9335991983410643,0.9676266785786516,2.891543358950393,,,,,CHEMBL233_Ki
99182118,mondrian_wstd,cliffA,all,629,592,0.9411764705882353,0.9199717988833791,0.9570251049450262,2.8959399685392238,,,,,CHEMBL233_Ki
99182118,mondrian_wstd,cliffA,cliff,64,52,0.8125,0.7002563943589847,0.8893535682705119,3.0280719171759074,,,,,CHEMBL233_Ki
99182118,mondrian_wstd,cliffA,noncliff,565,540,0.9557522123893806,0.9354970971105188,0.9698518221958963,2.8809728097555993,,,,,CHEMBL233_Ki
99182118,mondrian_wstd,__bins__,__summary__,-1,-1,,,,2.8959399685392238,0.9,0.07520661157024788,0.9047619047619048,0.0793650793650793,CHEMBL233_Ki
99182118,mondrian_std,cliffB_oracle,all,629,591,0.9395866454689984,0.9181650083389137,0.9556715462865064,2.8884112990616098,,,,,CHEMBL233_Ki
99182118,mondrian_std,cliffB_oracle,cliff,27,17,0.6296296296296297,0.4422923441210239,0.784674870390344,2.912805280367444,,,,,CHEMBL233_Ki
99182118,mondrian_std,cliffB_oracle,noncliff,602,574,0.9534883720930233,0.9335991983410643,0.9676266785786516,2.887317216843574,,,,,CHEMBL233_Ki
99182118,mondrian_std,cliffA,all,629,591,0.9395866454689984,0.9181650083389137,0.9556715462865064,2.8884112990616098,,,,,CHEMBL233_Ki
99182118,mondrian_std,cliffA,cliff,64,51,0.796875,0.6828636426898583,0.8772658218081634,2.989981437616584,,,,,CHEMBL233_Ki
99182118,mondrian_std,cliffA,noncliff,565,540,0.9557522123893806,0.9354970971105188,0.9698518221958963,2.876906009030604,,,,,CHEMBL233_Ki
99182118,mondrian_std,__bins__,__summary__,-1,-1,,,,2.8884112990616098,0.9,0.07520661157024788,0.9047619047619048,0.0714285714285714,CHEMBL233_Ki
99182118,mondrian_iqr,cliffB_oracle,all,629,590,0.9379968203497615,0.916361727322948,0.9543144780994869,2.89777796197213,,,,,CHEMBL233_Ki
99182118,mondrian_iqr,cliffB_oracle,cliff,27,17,0.6296296296296297,0.4422923441210239,0.784674870390344,3.110438497419846,,,,,CHEMBL233_Ki
99182118,mondrian_iqr,cliffB_oracle,noncliff,602,573,0.9518272425249169,0.9316723927750977,0.9662522904562675,2.8882400309802887,,,,,CHEMBL233_Ki
99182118,mondrian_iqr,cliffA,all,629,590,0.9379968203497615,0.916361727322948,0.9543144780994869,2.89777796197213,,,,,CHEMBL233_Ki
99182118,mondrian_iqr,cliffA,cliff,64,51,0.796875,0.6828636426898583,0.8772658218081634,3.046700539067854,,,,,CHEMBL233_Ki
99182118,mondrian_iqr,cliffA,noncliff,565,539,0.9539823008849557,0.9334275927109922,0.9684054084621939,2.8809088558940297,,,,,CHEMBL233_Ki
99182118,mondrian_iqr,__bins__,__summary__,-1,-1,,,,2.89777796197213,0.9083333333333333,0.05860881542699725,0.912,0.06419047619047613,CHEMBL233_Ki
99182118,mondrian_nb,cliffB_oracle,all,629,588,0.9348171701112877,0.9127652117580062,0.9515902952584582,2.779576590698509,,,,,CHEMBL233_Ki
99182118,mondrian_nb,cliffB_oracle,cliff,27,16,0.5925925925925926,0.4072670096806468,0.7548524292560443,2.6673269125889707,,,,,CHEMBL233_Ki
99182118,mondrian_nb,cliffB_oracle,noncliff,602,572,0.9501661129568106,0.9297509208036954,0.9648725687393191,2.7846110447000996,,,,,CHEMBL233_Ki
99182118,mondrian_nb,cliffA,all,629,588,0.9348171701112877,0.9127652117580062,0.9515902952584582,2.779576590698509,,,,,CHEMBL233_Ki
99182118,mondrian_nb,cliffA,cliff,64,49,0.765625,0.6486674241743136,0.8525010440607586,2.591277056677963,,,,,CHEMBL233_Ki
99182118,mondrian_nb,cliffA,noncliff,565,539,0.9539823008849557,0.9334275927109922,0.9684054084621939,2.8009060954371194,,,,,CHEMBL233_Ki
99182118,mondrian_nb,__bins__,__summary__,-1,-1,,,,2.779576590698509,0.9,0.06694214876033056,0.9047619047619048,0.0714285714285714,CHEMBL233_Ki
99182118,mondrian_nnsim,cliffB_oracle,all,629,580,0.9220985691573926,0.8984982333419422,0.9405744800506401,2.7921225972436745,,,,,CHEMBL233_Ki
99182118,mondrian_nnsim,cliffB_oracle,cliff,27,18,0.6666666666666666,0.47824760507320074,0.8135673850128435,2.8803653226181276,,,,,CHEMBL233_Ki
99182118,mondrian_nnsim,cliffB_oracle,noncliff,602,562,0.9335548172757475,0.9107839823862564,0.9508275702732522,2.78816486703585,,,,,CHEMBL233_Ki
99182118,mondrian_nnsim,cliffA,all,629,580,0.9220985691573926,0.8984982333419422,0.9405744800506401,2.7921225972436745,,,,,CHEMBL233_Ki
99182118,mondrian_nnsim,cliffA,cliff,64,52,0.8125,0.7002563943589847,0.8893535682705119,2.795127889471498,,,,,CHEMBL233_Ki
99182118,mondrian_nnsim,cliffA,noncliff,565,528,0.9345132743362832,0.9110389997658843,0.9521189019417851,2.7917821747612304,,,,,CHEMBL233_Ki
99182118,mondrian_nnsim,__bins__,__summary__,-1,-1,,,,2.7921225972436745,0.8783783783783784,0.08029930757203485,0.8412698412698413,0.12698412698412698,CHEMBL233_Ki
99182118,mondrian_pairgap,cliffB_oracle,all,629,585,0.9300476947535771,0.9073939274271725,0.9474805319803361,2.9015778951098437,,,,,CHEMBL233_Ki
99182118,mondrian_pairgap,cliffB_oracle,cliff,27,14,0.5185185185185185,0.3398561575495229,0.6925677302378153,2.627816222116962,,,,,CHEMBL233_Ki
99182118,mondrian_pairgap,cliffB_oracle,noncliff,602,571,0.9485049833887044,0.9278345392934626,0.9634877565612014,2.9138562425696573,,,,,CHEMBL233_Ki
99182118,mondrian_pairgap,cliffA,all,629,585,0.9300476947535771,0.9073939274271725,0.9474805319803361,2.9015778951098437,,,,,CHEMBL233_Ki
99182118,mondrian_pairgap,cliffA,cliff,64,49,0.765625,0.6486674241743136,0.8525010440607586,2.6808651685253664,,,,,CHEMBL233_Ki
99182118,mondrian_pairgap,cliffA,noncliff,565,536,0.9486725663716814,0.9272575723887483,0.9640276743847515,2.926578982722952,,,,,CHEMBL233_Ki
99182118,mondrian_pairgap,__bins__,__summary__,-1,-1,,,,2.9015778951098437,0.9054054054054054,0.04459459459459458,0.8650793650793651,0.10317460317460314,CHEMBL233_Ki
99182118,mondrian_rfstd,cliffB_oracle,all,629,596,0.9475357710651828,0.9272368016787715,0.9624014989615748,2.7888089219136303,,,,,CHEMBL233_Ki
99182118,mondrian_rfstd,cliffB_oracle,cliff,27,16,0.5925925925925926,0.4072670096806468,0.7548524292560443,2.9613738172234076,,,,,CHEMBL233_Ki
99182118,mondrian_rfstd,cliffB_oracle,noncliff,602,580,0.9634551495016611,0.9452886732375428,0.9757443658122765,2.7810693003631917,,,,,CHEMBL233_Ki
99182118,mondrian_rfstd,cliffA,all,629,596,0.9475357710651828,0.9272368016787715,0.9624014989615748,2.7888089219136303,,,,,CHEMBL233_Ki
99182118,mondrian_rfstd,cliffA,cliff,64,47,0.734375,0.6151712627143486,0.8270362092577739,2.778117661784866,,,,,CHEMBL233_Ki
99182118,mondrian_rfstd,cliffA,noncliff,565,549,0.9716814159292035,0.9544971741367295,0.9824950083687446,2.7900199673087465,,,,,CHEMBL233_Ki
99182118,mondrian_rfstd,__bins__,__summary__,-1,-1,,,,2.7888089219136303,0.9333333333333333,0.0253443526170799,0.9365079365079365,0.031746031746031744,CHEMBL233_Ki
89709943,global,cliffB_oracle,all,629,586,0.931637519872814,0.90918135793739,0.9488534506731039,2.891466167976649,,,,,CHEMBL233_Ki
89709943,global,cliffB_oracle,cliff,18,15,0.8333333333333334,0.6077796189608428,0.9416342319413856,2.8914661679766485,,,,,CHEMBL233_Ki
89709943,global,cliffB_oracle,noncliff,611,571,0.9345335515548282,0.9120798394323572,0.9515574322286863,2.8914661679766493,,,,,CHEMBL233_Ki
89709943,global,cliffA,all,629,586,0.931637519872814,0.90918135793739,0.9488534506731039,2.891466167976649,,,,,CHEMBL233_Ki
89709943,global,cliffA,cliff,45,42,0.9333333333333333,0.8214339803640811,0.977067967400749,2.891466167976649,,,,,CHEMBL233_Ki
89709943,global,cliffA,noncliff,584,544,0.9315068493150684,0.9080742212168085,0.949299807847263,2.8914661679766485,,,,,CHEMBL233_Ki
89709943,global,__bins__,__summary__,-1,-1,,,,2.891466167976649,0.8835616438356164,0.09164496773463149,0.8095238095238095,0.17460317460317454,CHEMBL233_Ki
89709943,mondrian_pair,cliffB_oracle,all,629,589,0.9364069952305246,0.914561833466714,0.9529540227527356,2.9336123219661965,,,,,CHEMBL233_Ki
89709943,mondrian_pair,cliffB_oracle,cliff,18,15,0.8333333333333334,0.6077796189608428,0.9416342319413856,3.0450646147886093,,,,,CHEMBL233_Ki
89709943,mondrian_pair,cliffB_oracle,noncliff,611,574,0.939443535188216,0.9176459979781523,0.9557498869219988,2.930328948364227,,,,,CHEMBL233_Ki
89709943,mondrian_pair,cliffA,all,629,589,0.9364069952305246,0.914561833466714,0.9529540227527356,2.9336123219661965,,,,,CHEMBL233_Ki
89709943,mondrian_pair,cliffA,cliff,45,42,0.9333333333333333,0.8214339803640811,0.977067967400749,3.055819433328926,,,,,CHEMBL233_Ki
89709943,mondrian_pair,cliffA,noncliff,584,547,0.9366438356164384,0.9138923323502759,0.9536885303931297,2.9241956781111917,,,,,CHEMBL233_Ki
89709943,mondrian_pair,__bins__,__summary__,-1,-1,,,,2.9336123219661965,0.8904109589041096,0.07653118985622098,0.8333333333333334,0.1507936507936507,CHEMBL233_Ki
89709943,mondrian_wstd,cliffB_oracle,all,629,581,0.9236883942766295,0.9002721100138898,0.9419609525816778,2.7730079335526976,,,,,CHEMBL233_Ki
89709943,mondrian_wstd,cliffB_oracle,cliff,18,13,0.7222222222222222,0.4912734343970254,0.8750024662044601,3.112804242594847,,,,,CHEMBL233_Ki
89709943,mondrian_wstd,cliffB_oracle,noncliff,611,568,0.9296235679214403,0.9065441284710436,0.947334529950892,2.762997567656202,,,,,CHEMBL233_Ki
89709943,mondrian_wstd,cliffA,all,629,581,0.9236883942766295,0.9002721100138898,0.9419609525816778,2.7730079335526976,,,,,CHEMBL233_Ki
89709943,mondrian_wstd,cliffA,cliff,45,39,0.8666666666666667,0.7382269817382293,0.9374285125243192,3.10506443383142,,,,,CHEMBL233_Ki
89709943,mondrian_wstd,cliffA,noncliff,584,542,0.928082191780822,0.9042134569059072,0.9463560163719417,2.747421388154508,,,,,CHEMBL233_Ki
89709943,mondrian_wstd,__bins__,__summary__,-1,-1,,,,2.7730079335526976,0.8833333333333333,0.07534435261707995,0.8333333333333334,0.1428571428571428,CHEMBL233_Ki
89709943,mondrian_std,cliffB_oracle,all,629,583,0.9268680445151033,0.9038276034862249,0.9447261575153132,2.872554792117766,,,,,CHEMBL233_Ki
89709943,mondrian_std,cliffB_oracle,cliff,18,13,0.7222222222222222,0.4912734343970254,0.8750024662044601,3.2440807676552215,,,,,CHEMBL233_Ki
89709943,mondrian_std,cliffB_oracle,noncliff,611,570,0.9328968903436988,0.9102313705810507,0.95015303000029,2.8616096733621617,,,,,CHEMBL233_Ki
89709943,mondrian_std,cliffA,all,629,583,0.9268680445151033,0.9038276034862249,0.9447261575153132,2.872554792117766,,,,,CHEMBL233_Ki
89709943,mondrian_std,cliffA,cliff,45,39,0.8666666666666667,0.7382269817382293,0.9374285125243192,3.286066099747466,,,,,CHEMBL233_Ki
89709943,mondrian_std,cliffA,noncliff,584,544,0.9315068493150684,0.9080742212168085,0.949299807847263,2.8406917632764364,,,,,CHEMBL233_Ki
89709943,mondrian_std,__bins__,__summary__,-1,-1,,,,2.872554792117766,0.8925619834710744,0.06611570247933884,0.8492063492063492,0.12698412698412698,CHEMBL233_Ki
89709943,mondrian_iqr,cliffB_oracle,all,629,570,0.9062003179650239,0.8808861414752466,0.9265830798874833,2.8063340431471913,,,,,CHEMBL233_Ki
89709943,mondrian_iqr,cliffB_oracle,cliff,18,13,0.7222222222222222,0.4912734343970254,0.8750024662044601,3.0833889620758606,,,,,CHEMBL233_Ki
89709943,mondrian_iqr,cliffB_oracle,noncliff,611,557,0.911620294599018,0.886465400279848,0.9316316762653589,2.798172032442255,,,,,CHEMBL233_Ki
89709943,mondrian_iqr,cliffA,all,629,570,0.9062003179650239,0.8808861414752466,0.9265830798874833,2.8063340431471913,,,,,CHEMBL233_Ki
89709943,mondrian_iqr,cliffA,cliff,45,39,0.8666666666666667,0.7382269817382293,0.9374285125243192,3.112469930087957,,,,,CHEMBL233_Ki
89709943,mondrian_iqr,cliffA,noncliff,584,531,0.9092465753424658,0.8831972117765974,0.9299472046770261,2.782744805283605,,,,,CHEMBL233_Ki
89709943,mondrian_iqr,__bins__,__summary__,-1,-1,,,,2.8063340431471913,0.8666666666666667,0.08374655647382923,0.8095238095238095,0.1507936507936508,CHEMBL233_Ki
89709943,mondrian_nb,cliffB_oracle,all,629,585,0.9300476947535771,0.9073939274271725,0.9474805319803361,2.9474960820562504,,,,,CHEMBL233_Ki
89709943,mondrian_nb,cliffB_oracle,cliff,18,14,0.7777777777777778,0.5478541568378739,0.9099907189139831,2.925975846314881,,,,,CHEMBL233_Ki
89709943,mondrian_nb,cliffB_oracle,noncliff,611,571,0.9345335515548282,0.9120798394323572,0.9515574322286863,2.9481300660879106,,,,,CHEMBL233_Ki
89709943,mondrian_nb,cliffA,all,629,585,0.9300476947535771,0.9073939274271725,0.9474805319803361,2.9474960820562504,,,,,CHEMBL233_Ki
89709943,mondrian_nb,cliffA,cliff,45,41,0.9111111111111111,0.7926642466571064,0.9648888832736299,2.954594045324882,,,,,CHEMBL233_Ki
89709943,mondrian_nb,cliffA,noncliff,584,544,0.9315068493150684,0.9080742212168085,0.949299807847263,2.946949149955071,,,,,CHEMBL233_Ki
89709943,mondrian_nb,__bins__,__summary__,-1,-1,,,,2.9474960820562504,0.8767123287671232,0.09022981999320734,0.8174603174603174,0.16666666666666663,CHEMBL233_Ki
89709943,mondrian_nnsim,cliffB_oracle,all,629,581,0.9236883942766295,0.9002721100138898,0.9419609525816778,2.8519592511100433,,,,,CHEMBL233_Ki
89709943,mondrian_nnsim,cliffB_oracle,cliff,18,14,0.7777777777777778,0.5478541568378739,0.9099907189139831,2.898853811459937,,,,,CHEMBL233_Ki
89709943,mondrian_nnsim,cliffB_oracle,noncliff,611,567,0.9279869067103109,0.9047051508471453,0.9459206364950876,2.850577741967166,,,,,CHEMBL233_Ki
89709943,mondrian_nnsim,cliffA,all,629,581,0.9236883942766295,0.9002721100138898,0.9419609525816778,2.8519592511100433,,,,,CHEMBL233_Ki
89709943,mondrian_nnsim,cliffA,cliff,45,40,0.8888888888888888,0.7650090300423141,0.9515952820543282,2.8726505174235704,,,,,CHEMBL233_Ki
89709943,mondrian_nnsim,cliffA,noncliff,584,541,0.9263698630136986,0.9022881166239883,0.944879078760749,2.8503648898358844,,,,,CHEMBL233_Ki
89709943,mondrian_nnsim,__bins__,__summary__,-1,-1,,,,2.8519592511100433,0.8835616438356164,0.08338050492471416,0.8174603174603174,0.15873015873015872,CHEMBL233_Ki
89709943,mondrian_pairgap,cliffB_oracle,all,629,587,0.9332273449920508,0.9109717539340397,0.9502234038794394,2.906520314439583,,,,,CHEMBL233_Ki
89709943,mondrian_pairgap,cliffB_oracle,cliff,18,14,0.7777777777777778,0.5478541568378739,0.9099907189139831,2.97157902342588,,,,,CHEMBL233_Ki
89709943,mondrian_pairgap,cliffB_oracle,noncliff,611,573,0.9378068739770867,0.915787030874288,0.9543559829461606,2.90460369126159,,,,,CHEMBL233_Ki
89709943,mondrian_pairgap,cliffA,all,629,587,0.9332273449920508,0.9109717539340397,0.9502234038794394,2.906520314439583,,,,,CHEMBL233_Ki
89709943,mondrian_pairgap,cliffA,cliff,45,41,0.9111111111111111,0.7926642466571064,0.9648888832736299,3.014564001062873,,,,,CHEMBL233_Ki
89709943,mondrian_pairgap,cliffA,noncliff,584,546,0.934931506849315,0.9119491984976374,0.9522293863526566,2.8981950303675825,,,,,CHEMBL233_Ki
89709943,mondrian_pairgap,__bins__,__summary__,-1,-1,,,,2.906520314439583,0.8767123287671232,0.09849428280312467,0.8174603174603174,0.16666666666666663,CHEMBL233_Ki
89709943,mondrian_rfstd,cliffB_oracle,all,629,593,0.9427662957074722,0.9217822293610795,0.9583750236703111,2.7900946254391816,,,,,CHEMBL233_Ki
89709943,mondrian_rfstd,cliffB_oracle,cliff,18,14,0.7777777777777778,0.5478541568378739,0.9099907189139831,3.025457059446969,,,,,CHEMBL233_Ki
89709943,mondrian_rfstd,cliffB_oracle,noncliff,611,579,0.9476268412438625,0.9270002152923533,0.9626600250063111,2.783160871245826,,,,,CHEMBL233_Ki
89709943,mondrian_rfstd,cliffA,all,629,593,0.9427662957074722,0.9217822293610795,0.9583750236703111,2.7900946254391816,,,,,CHEMBL233_Ki
89709943,mondrian_rfstd,cliffA,cliff,45,40,0.8888888888888888,0.7650090300423141,0.9515952820543282,2.833607724488901,,,,,CHEMBL233_Ki
89709943,mondrian_rfstd,cliffA,noncliff,584,553,0.946917808219178,0.9256396883114437,0.9623548417906302,2.7867417325329527,,,,,CHEMBL233_Ki
89709943,mondrian_rfstd,__bins__,__summary__,-1,-1,,,,2.7900946254391816,0.9315068493150684,0.02717083663534481,0.9047619047619048,0.05555555555555558,CHEMBL233_Ki
86921808,global,cliffB_oracle,all,629,584,0.9284578696343402,0.9056093713387536,0.9461047388657697,2.738177987827281,,,,,CHEMBL233_Ki
86921808,global,cliffB_oracle,cliff,27,23,0.8518518518518519,0.6752131457218702,0.9408407222375568,2.738177987827282,,,,,CHEMBL233_Ki
86921808,global,cliffB_oracle,noncliff,602,561,0.9318936877076412,0.9089084522425174,0.9494019067286407,2.7381779878272816,,,,,CHEMBL233_Ki
86921808,global,cliffA,all,629,584,0.9284578696343402,0.9056093713387536,0.9461047388657697,2.738177987827281,,,,,CHEMBL233_Ki
86921808,global,cliffA,cliff,50,44,0.88,0.7619518261679701,0.9438239984906773,2.738177987827281,,,,,CHEMBL233_Ki
86921808,global,cliffA,noncliff,579,540,0.9326424870466321,0.9092440653616081,0.9503378885606644,2.7381779878272816,,,,,CHEMBL233_Ki
86921808,global,__bins__,__summary__,-1,-1,,,,2.738177987827281,0.9090909090909091,0.041728763040238426,0.8650793650793651,0.12698412698412698,CHEMBL233_Ki
86921808,mondrian_pair,cliffB_oracle,all,629,587,0.9332273449920508,0.9109717539340397,0.9502234038794394,2.7979361069553494,,,,,CHEMBL233_Ki
86921808,mondrian_pair,cliffB_oracle,cliff,27,23,0.8518518518518519,0.6752131457218702,0.9408407222375568,2.7753468503090426,,,,,CHEMBL233_Ki
86921808,mondrian_pair,cliffB_oracle,noncliff,602,564,0.9368770764119602,0.9145454655168529,0.953668474519357,2.798949246373041,,,,,CHEMBL233_Ki
86921808,mondrian_pair,cliffA,all,629,587,0.9332273449920508,0.9109717539340397,0.9502234038794394,2.7979361069553494,,,,,CHEMBL233_Ki
86921808,mondrian_pair,cliffA,cliff,50,44,0.88,0.7619518261679701,0.9438239984906773,2.7691970930620595,,,,,CHEMBL233_Ki
86921808,mondrian_pair,cliffA,noncliff,579,543,0.9378238341968912,0.9151228965927714,0.9547534519872529,2.800417887084304,,,,,CHEMBL233_Ki
86921808,mondrian_pair,__bins__,__summary__,-1,-1,,,,2.7979361069553494,0.9090909090909091,0.04958677685950419,0.8809523809523809,0.11111111111111116,CHEMBL233_Ki
86921808,mondrian_wstd,cliffB_oracle,all,629,584,0.9284578696343402,0.9056093713387536,0.9461047388657697,2.83149733823116,,,,,CHEMBL233_Ki
86921808,mondrian_wstd,cliffB_oracle,cliff,27,23,0.8518518518518519,0.6752131457218702,0.9408407222375568,2.8988588798097457,,,,,CHEMBL233_Ki
86921808,mondrian_wstd,cliffB_oracle,noncliff,602,561,0.9318936877076412,0.9089084522425174,0.9494019067286407,2.8284761395224858,,,,,CHEMBL233_Ki
86921808,mondrian_wstd,cliffA,all,629,584,0.9284578696343402,0.9056093713387536,0.9461047388657697,2.83149733823116,,,,,CHEMBL233_Ki
86921808,mondrian_wstd,cliffA,cliff,50,44,0.88,0.7619518261679701,0.9438239984906773,2.9753292907882085,,,,,CHEMBL233_Ki
86921808,mondrian_wstd,cliffA,noncliff,579,540,0.9326424870466321,0.9092440653616081,0.9503378885606644,2.8190766169395323,,,,,CHEMBL233_Ki
86921808,mondrian_wstd,__bins__,__summary__,-1,-1,,,,2.83149733823116,0.8934426229508197,0.07349952580951091,0.888,0.09612698412698406,CHEMBL233_Ki
86921808,mondrian_std,cliffB_oracle,all,629,581,0.9236883942766295,0.9002721100138898,0.9419609525816778,2.8366217714973265,,,,,CHEMBL233_Ki
86921808,mondrian_std,cliffB_oracle,cliff,27,23,0.8518518518518519,0.6752131457218702,0.9408407222375568,2.868858678352608,,,,,CHEMBL233_Ki
86921808,mondrian_std,cliffB_oracle,noncliff,602,558,0.9269102990033222,0.9033013666896089,0.945105411216497,2.8351759301599637,,,,,CHEMBL233_Ki
86921808,mondrian_std,cliffA,all,629,581,0.9236883942766295,0.9002721100138898,0.9419609525816778,2.8366217714973265,,,,,CHEMBL233_Ki
86921808,mondrian_std,cliffA,cliff,50,44,0.88,0.7619518261679701,0.9438239984906773,2.950739353121794,,,,,CHEMBL233_Ki
86921808,mondrian_std,cliffA,noncliff,579,537,0.927461139896373,0.9033986773590286,0.945888881905492,2.826767058058253,,,,,CHEMBL233_Ki
86921808,mondrian_std,__bins__,__summary__,-1,-1,,,,2.8366217714973265,0.8925619834710744,0.07438016528925617,0.873015873015873,0.11111111111111105,CHEMBL233_Ki
86921808,mondrian_iqr,cliffB_oracle,all,629,588,0.9348171701112877,0.9127652117580062,0.9515902952584582,2.791980859864184,,,,,CHEMBL233_Ki
86921808,mondrian_iqr,cliffB_oracle,cliff,27,22,0.8148148148148148,0.6330131638145156,0.9181929285702346,2.872757882546491,,,,,CHEMBL233_Ki
86921808,mondrian_iqr,cliffB_oracle,noncliff,602,566,0.9401993355481728,0.9183216867727186,0.9564946406401924,2.788357970142552,,,,,CHEMBL233_Ki
86921808,mondrian_iqr,cliffA,all,629,588,0.9348171701112877,0.9127652117580062,0.9515902952584582,2.791980859864184,,,,,CHEMBL233_Ki
86921808,mondrian_iqr,cliffA,cliff,50,43,0.86,0.7381380628941446,0.9304916657298371,2.942938820206524,,,,,CHEMBL233_Ki
86921808,mondrian_iqr,cliffA,noncliff,579,545,0.9412780656303973,0.9190625672507556,0.9576767111011032,2.778944766570372,,,,,CHEMBL233_Ki
86921808,mondrian_iqr,__bins__,__summary__,-1,-1,,,,2.791980859864184,0.9008264462809917,0.05818994716163117,0.904,0.07219047619047614,CHEMBL233_Ki
86921808,mondrian_nb,cliffB_oracle,all,629,596,0.9475357710651828,0.9272368016787715,0.9624014989615748,2.8931618743462177,,,,,CHEMBL233_Ki
86921808,mondrian_nb,cliffB_oracle,cliff,27,23,0.8518518518518519,0.6752131457218702,0.9408407222375568,2.7562021145639184,,,,,CHEMBL233_Ki
86921808,mondrian_nb,cliffB_oracle,noncliff,602,573,0.9518272425249169,0.9316723927750977,0.9662522904562675,2.8993045878248256,,,,,CHEMBL233_Ki
86921808,mondrian_nb,cliffA,all,629,596,0.9475357710651828,0.9272368016787715,0.9624014989615748,2.8931618743462177,,,,,CHEMBL233_Ki
86921808,mondrian_nb,cliffA,cliff,50,43,0.86,0.7381380628941446,0.9304916657298371,2.665805518517626,,,,,CHEMBL233_Ki
86921808,mondrian_nb,cliffA,noncliff,579,553,0.9550949913644214,0.9350170983679376,0.9691738990712593,2.91279541111898,,,,,CHEMBL233_Ki
86921808,mondrian_nb,__bins__,__summary__,-1,-1,,,,2.8931618743462177,0.9173553719008265,0.06625118547622266,0.912,0.08006349206349206,CHEMBL233_Ki
86921808,mondrian_nnsim,cliffB_oracle,all,629,586,0.931637519872814,0.90918135793739,0.9488534506731039,2.943114251642687,,,,,CHEMBL233_Ki
86921808,mondrian_nnsim,cliffB_oracle,cliff,27,24,0.8888888888888888,0.7194219918172017,0.9614796517169016,3.0315887313327754,,,,,CHEMBL233_Ki
86921808,mondrian_nnsim,cliffB_oracle,noncliff,602,562,0.9335548172757475,0.9107839823862564,0.9508275702732522,2.9391461271383146,,,,,CHEMBL233_Ki
86921808,mondrian_nnsim,cliffA,all,629,586,0.931637519872814,0.90918135793739,0.9488534506731039,2.943114251642687,,,,,CHEMBL233_Ki
86921808,mondrian_nnsim,cliffA,cliff,50,44,0.88,0.7619518261679701,0.9438239984906773,3.0091486238203053,,,,,CHEMBL233_Ki
86921808,mondrian_nnsim,cliffA,noncliff,579,542,0.9360967184801382,0.9131593478630797,0.9532855358310273,2.9374118015409936,,,,,CHEMBL233_Ki
86921808,mondrian_nnsim,__bins__,__summary__,-1,-1,,,,2.943114251642687,0.8925619834710744,0.08284785259449934,0.8809523809523809,0.10317460317460314,CHEMBL233_Ki
86921808,mondrian_pairgap,cliffB_oracle,all,629,596,0.9475357710651828,0.9272368016787715,0.9624014989615748,2.8814259875385906,,,,,CHEMBL233_Ki
86921808,mondrian_pairgap,cliffB_oracle,cliff,27,24,0.8888888888888888,0.7194219918172017,0.9614796517169016,2.801566439595232,,,,,CHEMBL233_Ki
86921808,mondrian_pairgap,cliffB_oracle,noncliff,602,572,0.9501661129568106,0.9297509208036954,0.9648725687393191,2.8850077280609674,,,,,CHEMBL233_Ki
86921808,mondrian_pairgap,cliffA,all,629,596,0.9475357710651828,0.9272368016787715,0.9624014989615748,2.8814259875385906,,,,,CHEMBL233_Ki
86921808,mondrian_pairgap,cliffA,cliff,50,45,0.9,0.7863976856252035,0.9565242350681096,2.787173516544761,,,,,CHEMBL233_Ki
86921808,mondrian_pairgap,cliffA,noncliff,579,551,0.9516407599309153,0.9309954474913746,0.9663326201759876,2.889565233738403,,,,,CHEMBL233_Ki
86921808,mondrian_pairgap,__bins__,__summary__,-1,-1,,,,2.8814259875385906,0.916083916083916,0.0673871582962493,0.8968253968253969,0.09523809523809523,CHEMBL233_Ki
86921808,mondrian_rfstd,cliffB_oracle,all,629,590,0.9379968203497615,0.916361727322948,0.9543144780994869,2.8304104595443436,,,,,CHEMBL233_Ki
86921808,mondrian_rfstd,cliffB_oracle,cliff,27,20,0.7407407407407407,0.5532142868544692,0.8682962543809281,2.870615700860055,,,,,CHEMBL233_Ki
86921808,mondrian_rfstd,cliffB_oracle,noncliff,602,570,0.946843853820598,0.9259230238397755,0.9620980783265378,2.828607234435499,,,,,CHEMBL233_Ki
86921808,mondrian_rfstd,cliffA,all,629,590,0.9379968203497615,0.916361727322948,0.9543144780994869,2.8304104595443436,,,,,CHEMBL233_Ki
86921808,mondrian_rfstd,cliffA,cliff,50,40,0.8,0.6696289406777459,0.887562499842239,2.7690019447182896,,,,,CHEMBL233_Ki
86921808,mondrian_rfstd,cliffA,noncliff,579,550,0.9499136442141624,0.9289935264335967,0.9649030763478483,2.83571344009927,,,,,CHEMBL233_Ki
86921808,mondrian_rfstd,__bins__,__summary__,-1,-1,,,,2.8304104595443436,0.9098360655737705,0.0491803278688524,0.896,0.08812698412698405,CHEMBL233_Ki
71339737,global,cliffB_oracle,all,732,678,0.9262295081967213,0.9049870303372166,0.9430217255163361,2.5267438001028477,,,,,CHEMBL234_Ki
71339737,global,cliffB_oracle,cliff,28,22,0.7857142857142857,0.6046141434627812,0.8978753966710211,2.526743800102848,,,,,CHEMBL234_Ki
71339737,global,cliffB_oracle,noncliff,704,656,0.9318181818181818,0.9107587711500388,0.9481906340076697,2.5267438001028477,,,,,CHEMBL234_Ki
71339737,global,cliffA,all,732,678,0.9262295081967213,0.9049870303372166,0.9430217255163361,2.5267438001028477,,,,,CHEMBL234_Ki
71339737,global,cliffA,cliff,47,41,0.8723404255319149,0.748260592072075,0.9401539580185662,2.5267438001028477,,,,,CHEMBL234_Ki
71339737,global,cliffA,noncliff,685,637,0.92992700729927,0.9083163866204174,0.9467424842674874,2.526743800102848,,,,,CHEMBL234_Ki
71339737,global,__bins__,__summary__,-1,-1,,,,2.5267438001028477,0.8478260869565217,0.1375753728974929,0.8163265306122449,0.17006802721088432,CHEMBL234_Ki
71339737,mondrian_pair,cliffB_oracle,all,732,677,0.924863387978142,0.903469945090532,0.9418208339814388,2.4745536114673654,,,,,CHEMBL234_Ki
71339737,mondrian_pair,cliffB_oracle,cliff,28,21,0.75,0.5664432968100104,0.8732350508070668,2.341666549279519,,,,,CHEMBL234_Ki
71339737,mondrian_pair,cliffB_oracle,noncliff,704,656,0.9318181818181818,0.9107587711500388,0.9481906340076697,2.4798388923498367,,,,,CHEMBL234_Ki
71339737,mondrian_pair,cliffA,all,732,677,0.924863387978142,0.903469945090532,0.9418208339814388,2.4745536114673654,,,,,CHEMBL234_Ki
71339737,mondrian_pair,cliffA,cliff,47,39,0.8297872340425532,0.6986022402737561,0.9111363612350974,2.328587395405857,,,,,CHEMBL234_Ki
71339737,mondrian_pair,cliffA,noncliff,685,638,0.9313868613138686,0.9099504295854378,0.948011867010066,2.4845688116934834,,,,,CHEMBL234_Ki
71339737,mondrian_pair,__bins__,__summary__,-1,-1,,,,2.4745536114673654,0.8478260869565217,0.14487464297048558,0.8163265306122449,0.17006802721088432,CHEMBL234_Ki
71339737,mondrian_wstd,cliffB_oracle,all,732,675,0.9221311475409836,0.9004411140311794,0.9394137114776275,2.4620011526239045,,,,,CHEMBL234_Ki
71339737,mondrian_wstd,cliffB_oracle,cliff,28,23,0.8214285714285714,0.6440857521065705,0.9212149805439572,2.682771032510868,,,,,CHEMBL234_Ki
71339737,mondrian_wstd,cliffB_oracle,noncliff,704,652,0.9261363636363636,0.9044175927282764,0.943229846572094,2.4532205324011276,,,,,CHEMBL234_Ki
71339737,mondrian_wstd,cliffA,all,732,675,0.9221311475409836,0.9004411140311794,0.9394137114776275,2.4620011526239045,,,,,CHEMBL234_Ki
71339737,mondrian_wstd,cliffA,cliff,47,41,0.8723404255319149,0.748260592072075,0.9401539580185662,2.6475643083870195,,,,,CHEMBL234_Ki
71339737,mondrian_wstd,cliffA,noncliff,685,634,0.9255474452554745,0.9034279455049657,0.9429206482601423,2.449269082082494,,,,,CHEMBL234_Ki
71339737,mondrian_wstd,__bins__,__summary__,-1,-1,,,,2.4620011526239045,0.8978102189781022,0.06569343065693434,0.8571428571428571,0.12925170068027214,CHEMBL234_Ki
71339737,mondrian_std,cliffB_oracle,all,732,674,0.9207650273224044,0.8989292837041477,0.9382075650230773,2.466148930459239,,,,,CHEMBL234_Ki
71339737,mondrian_std,cliffB_oracle,cliff,28,23,0.8214285714285714,0.6440857521065705,0.9212149805439572,2.6798685940552156,,,,,CHEMBL234_Ki
71339737,mondrian_std,cliffB_oracle,noncliff,704,651,0.9247159090909091,0.9028374911579377,0.941984456678098,2.457648716566217,,,,,CHEMBL234_Ki
71339737,mondrian_std,cliffA,all,732,674,0.9207650273224044,0.8989292837041477,0.9382075650230773,2.466148930459239,,,,,CHEMBL234_Ki
71339737,mondrian_std,cliffA,cliff,47,41,0.8723404255319149,0.748260592072075,0.9401539580185662,2.641899467241784,,,,,CHEMBL234_Ki
71339737,mondrian_std,cliffA,noncliff,685,633,0.9240875912408759,0.9018028241383017,0.9416423439192073,2.454090134504816,,,,,CHEMBL234_Ki
71339737,mondrian_std,__bins__,__summary__,-1,-1,,,,2.466148930459239,0.8978102189781022,0.06569343065693434,0.8571428571428571,0.12925170068027214,CHEMBL234_Ki
71339737,mondrian_iqr,cliffB_oracle,all,732,686,0.9371584699453552,0.9171941924871873,0.9525583776190206,2.5006756993755386,,,,,CHEMBL234_Ki
71339737,mondrian_iqr,cliffB_oracle,cliff,28,24,0.8571428571428571,0.685101978364747,0.9430099468025059,2.6996949910198222,,,,,CHEMBL234_Ki
71339737,mondrian_iqr,cliffB_oracle,noncliff,704,662,0.9403409090909091,0.9203396709495966,0.9555626829941195,2.492760159366959,,,,,CHEMBL234_Ki
71339737,mondrian_iqr,cliffA,all,732,686,0.9371584699453552,0.9171941924871873,0.9525583776190206,2.5006756993755386,,,,,CHEMBL234_Ki
71339737,mondrian_iqr,cliffA,cliff,47,42,0.8936170212765957,0.7740573065626163,0.9536952178189183,2.568566998662662,,,,,CHEMBL234_Ki
71339737,mondrian_iqr,cliffA,noncliff,685,644,0.9401459854014599,0.9198075240002586,0.9555753268408393,2.4960174642419695,,,,,CHEMBL234_Ki
71339737,mondrian_iqr,__bins__,__summary__,-1,-1,,,,2.5006756993755386,0.9130434782608695,0.05046017137416703,0.8775510204081632,0.10204081632653061,CHEMBL234_Ki
71339737,mondrian_nb,cliffB_oracle,all,732,690,0.9426229508196722,0.9233508229272025,0.9572736543053331,2.5059921182775278,,,,,CHEMBL234_Ki
71339737,mondrian_nb,cliffB_oracle,cliff,28,21,0.75,0.5664432968100104,0.8732350508070668,2.439523626533688,,,,,CHEMBL234_Ki
71339737,mondrian_nb,cliffB_oracle,noncliff,704,669,0.9502840909090909,0.9316426709794325,0.9640381232146256,2.508635751471885,,,,,CHEMBL234_Ki
71339737,mondrian_nb,cliffA,all,732,690,0.9426229508196722,0.9233508229272025,0.9572736543053331,2.5059921182775278,,,,,CHEMBL234_Ki
71339737,mondrian_nb,cliffA,cliff,47,39,0.8297872340425532,0.6986022402737561,0.9111363612350974,2.383293855054518,,,,,CHEMBL234_Ki
71339737,mondrian_nb,cliffA,noncliff,685,651,0.9503649635036496,0.9314409692234742,0.9642658615708166,2.5144108312285955,,,,,CHEMBL234_Ki
71339737,mondrian_nb,__bins__,__summary__,-1,-1,,,,2.5059921182775278,0.8967391304347826,0.08866232941923202,0.8979591836734694,0.07482993197278909,CHEMBL234_Ki
71339737,mondrian_nnsim,cliffB_oracle,all,732,679,0.9275956284153005,0.9065059549135261,0.9442207777216083,2.5923814287319473,,,,,CHEMBL234_Ki
71339737,mondrian_nnsim,cliffB_oracle,cliff,28,24,0.8571428571428571,0.685101978364747,0.9430099468025059,2.628464786209203,,,,,CHEMBL234_Ki
71339737,mondrian_nnsim,cliffB_oracle,noncliff,704,655,0.9303977272727273,0.9091702475740295,0.9469536661193445,2.5909462951959203,,,,,CHEMBL234_Ki
71339737,mondrian_nnsim,cliffA,all,732,679,0.9275956284153005,0.9065059549135261,0.9442207777216083,2.5923814287319473,,,,,CHEMBL234_Ki
71339737,mondrian_nnsim,cliffA,cliff,47,43,0.9148936170212766,0.8006846221303541,0.9664058765420744,2.6770008567374983,,,,,CHEMBL234_Ki
71339737,mondrian_nnsim,cliffA,noncliff,685,636,0.9284671532846716,0.9066846671777558,0.9454707780025502,2.5865754241826617,,,,,CHEMBL234_Ki
71339737,mondrian_nnsim,__bins__,__summary__,-1,-1,,,,2.5923814287319473,0.8586956521739131,0.12670580768010153,0.8299319727891157,0.14965986394557818,CHEMBL234_Ki
71339737,mondrian_pairgap,cliffB_oracle,all,732,677,0.924863387978142,0.903469945090532,0.9418208339814388,2.4773942590621156,,,,,CHEMBL234_Ki
71339737,mondrian_pairgap,cliffB_oracle,cliff,28,21,0.75,0.5664432968100104,0.8732350508070668,2.3825268022690587,,,,,CHEMBL234_Ki
71339737,mondrian_pairgap,cliffB_oracle,noncliff,704,656,0.9318181818181818,0.9107587711500388,0.9481906340076697,2.481167396548203,,,,,CHEMBL234_Ki
71339737,mondrian_pairgap,cliffA,all,732,677,0.924863387978142,0.903469945090532,0.9418208339814388,2.4773942590621156,,,,,CHEMBL234_Ki
71339737,mondrian_pairgap,cliffA,cliff,47,39,0.8297872340425532,0.6986022402737561,0.9111363612350974,2.384947071787608,,,,,CHEMBL234_Ki
71339737,mondrian_pairgap,cliffA,noncliff,685,638,0.9313868613138686,0.9099504295854378,0.948011867010066,2.483737350743724,,,,,CHEMBL234_Ki
71339737,mondrian_pairgap,__bins__,__summary__,-1,-1,,,,2.4773942590621156,0.842391304347826,0.15030942557918126,0.8231292517006803,0.15646258503401356,CHEMBL234_Ki
71339737,mondrian_rfstd,cliffB_oracle,all,732,672,0.9180327868852459,0.8959105952947577,0.9357902998693037,2.3280133251302546,,,,,CHEMBL234_Ki
71339737,mondrian_rfstd,cliffB_oracle,cliff,28,20,0.7142857142857143,0.5294071156670428,0.8474600394333092,2.613407658479613,,,,,CHEMBL234_Ki
71339737,mondrian_rfstd,cliffB_oracle,noncliff,704,652,0.9261363636363636,0.9044175927282764,0.943229846572094,2.3166624141447683,,,,,CHEMBL234_Ki
71339737,mondrian_rfstd,cliffA,all,732,672,0.9180327868852459,0.8959105952947577,0.9357902998693037,2.3280133251302546,,,,,CHEMBL234_Ki
71339737,mondrian_rfstd,cliffA,cliff,47,38,0.8085106382978723,0.6745599542033822,0.8958406730145774,2.5131436880041695,,,,,CHEMBL234_Ki
71339737,mondrian_rfstd,cliffA,noncliff,685,634,0.9255474452554745,0.9034279455049657,0.9429206482601423,2.3153109498673725,,,,,CHEMBL234_Ki
71339737,mondrian_rfstd,__bins__,__summary__,-1,-1,,,,2.3280133251302546,0.8858695652173914,0.08493335449063788,0.8972602739726028,0.0415152362314789,CHEMBL234_Ki
99182118,global,cliffB_oracle,all,732,700,0.9562841530054644,0.9389383063704475,0.9688659386779068,2.7333814534426715,,,,,CHEMBL234_Ki
99182118,global,cliffB_oracle,cliff,25,22,0.88,0.7004420607907267,0.9583318284955964,2.7333814534426715,,,,,CHEMBL234_Ki
99182118,global,cliffB_oracle,noncliff,707,678,0.958981612446959,0.9417117957865302,0.9712906634069858,2.7333814534426715,,,,,CHEMBL234_Ki
99182118,global,cliffA,all,732,700,0.9562841530054644,0.9389383063704475,0.9688659386779068,2.7333814534426715,,,,,CHEMBL234_Ki
99182118,global,cliffA,cliff,41,36,0.8780487804878049,0.7445578847902312,0.9467666353142228,2.7333814534426715,,,,,CHEMBL234_Ki
99182118,global,cliffA,noncliff,691,664,0.9609261939218524,0.9437466802973616,0.9730092097169384,2.7333814534426715,,,,,CHEMBL234_Ki
99182118,global,__bins__,__summary__,-1,-1,,,,2.7333814534426715,0.9347826086956522,0.04331958108536971,0.8571428571428571,0.1428571428571429,CHEMBL234_Ki
99182118,mondrian_pair,cliffB_oracle,all,732,696,0.9508196721311475,0.9326656014108099,0.964266736511217,2.716395456399339,,,,,CHEMBL234_Ki
99182118,mondrian_pair,cliffB_oracle,cliff,25,21,0.84,0.6534637839282114,0.9359654854332355,2.401408822515998,,,,,CHEMBL234_Ki
99182118,mondrian_pair,cliffB_oracle,noncliff,707,675,0.9547383309759547,0.9368029354443944,0.9677588230477946,2.7275335976257655,,,,,CHEMBL234_Ki
99182118,mondrian_pair,cliffA,all,732,696,0.9508196721311475,0.9326656014108099,0.964266736511217,2.716395456399339,,,,,CHEMBL234_Ki
99182118,mondrian_pair,cliffA,cliff,41,36,0.8780487804878049,0.7445578847902312,0.9467666353142228,2.4788499623625824,,,,,CHEMBL234_Ki
99182118,mondrian_pair,cliffA,noncliff,691,660,0.9551374819102749,0.9370254441037146,0.9682170281396051,2.7304900515592623,,,,,CHEMBL234_Ki
99182118,mondrian_pair,__bins__,__summary__,-1,-1,,,,2.716395456399339,0.9130434782608695,0.06505871152015241,0.8503401360544217,0.1496598639455783,CHEMBL234_Ki
99182118,mondrian_wstd,cliffB_oracle,all,732,698,0.953551912568306,0.9357950056535499,0.9665732858316406,2.764469976689356,,,,,CHEMBL234_Ki
99182118,mondrian_wstd,cliffB_oracle,cliff,25,23,0.92,0.7503389104960468,0.9777795987151524,3.050451582997744,,,,,CHEMBL234_Ki
99182118,mondrian_wstd,cliffB_oracle,noncliff,707,675,0.9547383309759547,0.9368029354443944,0.9677588230477946,2.7543574729302196,,,,,CHEMBL234_Ki
99182118,mondrian_wstd,cliffA,all,732,698,0.953551912568306,0.9357950056535499,0.9665732858316406,2.764469976689356,,,,,CHEMBL234_Ki
99182118,mondrian_wstd,cliffA,cliff,41,37,0.9024390243902439,0.7745231869447662,0.9614029151019106,2.9215904608375904,,,,,CHEMBL234_Ki
99182118,mondrian_wstd,cliffA,noncliff,691,661,0.9565846599131693,0.9386989496471542,0.9694218770389108,2.755147343042356,,,,,CHEMBL234_Ki
99182118,mondrian_wstd,__bins__,__summary__,-1,-1,,,,2.764469976689356,0.9124087591240876,0.06585211044112982,0.8843537414965986,0.11564625850340138,CHEMBL234_Ki
99182118,mondrian_std,cliffB_oracle,all,732,706,0.9644808743169399,0.9484648403375272,0.9756472654003187,2.7740022750952895,,,,,CHEMBL234_Ki
99182118,mondrian_std,cliffB_oracle,cliff,25,23,0.92,0.7503389104960468,0.9777795987151524,2.939287964346823,,,,,CHEMBL234_Ki
99182118,mondrian_std,cliffB_oracle,noncliff,707,683,0.9660537482319661,0.9499865339674455,0.9770837597282819,2.7681576609067626,,,,,CHEMBL234_Ki
99182118,mondrian_std,cliffA,all,732,706,0.9644808743169399,0.9484648403375272,0.9756472654003187,2.7740022750952895,,,,,CHEMBL234_Ki
99182118,mondrian_std,cliffA,cliff,41,37,0.9024390243902439,0.7745231869447662,0.9614029151019106,2.8458864883627566,,,,,CHEMBL234_Ki
99182118,mondrian_std,cliffA,noncliff,691,669,0.9681620839363242,0.9522654793933584,0.9788821828346671,2.769737075755252,,,,,CHEMBL234_Ki
99182118,mondrian_std,__bins__,__summary__,-1,-1,,,,2.7740022750952895,0.948905109489051,0.02919708029197088,0.8979591836734694,0.10204081632653061,CHEMBL234_Ki
99182118,mondrian_iqr,cliffB_oracle,all,732,685,0.9357923497267759,0.9156609355832215,0.9513736577414045,2.5058347225683844,,,,,CHEMBL234_Ki
99182118,mondrian_iqr,cliffB_oracle,cliff,25,21,0.84,0.6534637839282114,0.9359654854332355,2.6680504549980473,,,,,CHEMBL234_Ki
99182118,mondrian_iqr,cliffB_oracle,noncliff,707,664,0.9391796322489392,0.9190771361100262,0.954535386477298,2.500098664137349,,,,,CHEMBL234_Ki
99182118,mondrian_iqr,cliffA,all,732,685,0.9357923497267759,0.9156609355832215,0.9513736577414045,2.5058347225683844,,,,,CHEMBL234_Ki
99182118,mondrian_iqr,cliffA,cliff,41,35,0.8536585365853658,0.7155654195751904,0.9311575185870407,2.5585960132816887,,,,,CHEMBL234_Ki
99182118,mondrian_iqr,cliffA,noncliff,691,650,0.9406657018813314,0.9204952104175265,0.9559637173983427,2.5027041684160753,,,,,CHEMBL234_Ki
99182118,mondrian_iqr,__bins__,__summary__,-1,-1,,,,2.5058347225683844,0.9124087591240876,0.051094890510948954,0.8571428571428571,0.12230919765166348,CHEMBL234_Ki
99182118,mondrian_nb,cliffB_oracle,all,732,692,0.9453551912568307,0.92644438018653,0.9596160506091694,2.5722201396537794,,,,,CHEMBL234_Ki
99182118,mondrian_nb,cliffB_oracle,cliff,25,18,0.72,0.5242339480963842,0.8571614614904344,2.211874293909655,,,,,CHEMBL234_Ki
99182118,mondrian_nb,cliffB_oracle,noncliff,707,674,0.9533239038189534,0.9351747265048809,0.966573465086866,2.5849622134071075,,,,,CHEMBL234_Ki
99182118,mondrian_nb,cliffA,all,732,692,0.9453551912568307,0.92644438018653,0.9596160506091694,2.5722201396537794,,,,,CHEMBL234_Ki
99182118,mondrian_nb,cliffA,cliff,41,33,0.8048780487804879,0.6598641481293658,0.8976556261484198,2.2492254589003684,,,,,CHEMBL234_Ki
99182118,mondrian_nb,cliffA,noncliff,691,659,0.9536903039073806,0.9353561351873035,0.9670079826132713,2.5913848023323465,,,,,CHEMBL234_Ki
99182118,mondrian_nb,__bins__,__summary__,-1,-1,,,,2.5722201396537794,0.8905109489051095,0.08759124087591241,0.891156462585034,0.09523809523809523,CHEMBL234_Ki
99182118,mondrian_nnsim,cliffB_oracle,all,732,702,0.9590163934426229,0.9420967244047375,0.9711434742067807,2.802607205104041,,,,,CHEMBL234_Ki
99182118,mondrian_nnsim,cliffB_oracle,cliff,25,23,0.92,0.7503389104960468,0.9777795987151524,3.3081681064179738,,,,,CHEMBL234_Ki
99182118,mondrian_nnsim,cliffB_oracle,noncliff,707,679,0.9603960396039604,0.9433567974173774,0.9724592286765806,2.784730228395628,,,,,CHEMBL234_Ki
99182118,mondrian_nnsim,cliffA,all,732,702,0.9590163934426229,0.9420967244047375,0.9711434742067807,2.802607205104041,,,,,CHEMBL234_Ki
99182118,mondrian_nnsim,cliffA,cliff,41,37,0.9024390243902439,0.7745231869447662,0.9614029151019106,3.06747436818838,,,,,CHEMBL234_Ki
99182118,mondrian_nnsim,cliffA,noncliff,691,665,0.9623733719247467,0.945439096325064,0.9741951481319812,2.7868914978877486,,,,,CHEMBL234_Ki
99182118,mondrian_nnsim,__bins__,__summary__,-1,-1,,,,2.802607205104041,0.9456521739130435,0.025150745794985774,0.9047619047619048,0.09523809523809523,CHEMBL234_Ki
99182118,mondrian_pairgap,cliffB_oracle,all,732,694,0.9480874316939891,0.9295490347764221,0.9619473495824411,2.654819973515426,,,,,CHEMBL234_Ki
99182118,mondrian_pairgap,cliffB_oracle,cliff,25,22,0.88,0.7004420607907267,0.9583318284955964,2.4173673546640284,,,,,CHEMBL234_Ki
99182118,mondrian_pairgap,cliffB_oracle,noncliff,707,672,0.9504950495049505,0.9319294228730121,0.9641916349178502,2.6632164593305387,,,,,CHEMBL234_Ki
99182118,mondrian_pairgap,cliffA,all,732,694,0.9480874316939891,0.9295490347764221,0.9619473495824411,2.654819973515426,,,,,CHEMBL234_Ki
99182118,mondrian_pairgap,cliffA,cliff,41,37,0.9024390243902439,0.7745231869447662,0.9614029151019106,2.4943192296340637,,,,,CHEMBL234_Ki
99182118,mondrian_pairgap,cliffA,noncliff,691,657,0.9507959479015919,0.9320293983427359,0.9645780105723489,2.664343172501151,,,,,CHEMBL234_Ki
99182118,mondrian_pairgap,__bins__,__summary__,-1,-1,,,,2.654819973515426,0.9184782608695652,0.052324658838464044,0.8571428571428571,0.13605442176870752,CHEMBL234_Ki
99182118,mondrian_rfstd,cliffB_oracle,all,732,690,0.9426229508196722,0.9233508229272025,0.9572736543053331,2.4625407632898955,,,,,CHEMBL234_Ki
99182118,mondrian_rfstd,cliffB_oracle,cliff,25,20,0.8,0.6086904963045967,0.9113941531319742,2.5552499106687416,,,,,CHEMBL234_Ki
99182118,mondrian_rfstd,cliffB_oracle,noncliff,707,670,0.9476661951909476,0.9286979758460879,0.9617959481438897,2.459262504896018,,,,,CHEMBL234_Ki
99182118,mondrian_rfstd,cliffA,all,732,690,0.9426229508196722,0.9233508229272025,0.9572736543053331,2.4625407632898955,,,,,CHEMBL234_Ki
99182118,mondrian_rfstd,cliffA,cliff,41,34,0.8292682926829268,0.6873738759959581,0.91474748022405,2.530118504215806,,,,,CHEMBL234_Ki
99182118,mondrian_rfstd,cliffA,noncliff,691,656,0.9493487698986975,0.930371647409848,0.9633574070624915,2.458531085463611,,,,,CHEMBL234_Ki
99182118,mondrian_rfstd,__bins__,__summary__,-1,-1,,,,2.4625407632898955,0.9347826086956522,0.014122500793398829,0.9115646258503401,0.06103811387568725,CHEMBL234_Ki
89709943,global,cliffB_oracle,all,732,678,0.9262295081967213,0.9049870303372166,0.9430217255163361,2.747322606519436,,,,,CHEMBL234_Ki
89709943,global,cliffB_oracle,cliff,24,18,0.75,0.55100555994846,0.8800063377140499,2.747322606519436,,,,,CHEMBL234_Ki
89709943,global,cliffB_oracle,noncliff,708,660,0.9322033898305084,0.911256472482942,0.9484855282343228,2.747322606519436,,,,,CHEMBL234_Ki
89709943,global,cliffA,all,732,678,0.9262295081967213,0.9049870303372166,0.9430217255163361,2.747322606519436,,,,,CHEMBL234_Ki
89709943,global,cliffA,cliff,47,37,0.7872340425531915,0.6509597329080159,0.88010292001905,2.7473226065194356,,,,,CHEMBL234_Ki
89709943,global,cliffA,noncliff,685,641,0.9357664233576642,0.9148671921328535,0.9518053815854475,2.747322606519436,,,,,CHEMBL234_Ki
89709943,global,__bins__,__summary__,-1,-1,,,,2.747322606519436,0.8695652173913043,0.09393843224373222,0.7891156462585034,0.19727891156462585,CHEMBL234_Ki
89709943,mondrian_pair,cliffB_oracle,all,732,672,0.9180327868852459,0.8959105952947577,0.9357902998693037,2.6990221610304777,,,,,CHEMBL234_Ki
89709943,mondrian_pair,cliffB_oracle,cliff,24,15,0.625,0.42709962442674276,0.7884063244045122,2.363379812582988,,,,,CHEMBL234_Ki
89709943,mondrian_pair,cliffB_oracle,noncliff,708,657,0.9279661016949152,0.906523789556834,0.9447893680161438,2.7103998677575114,,,,,CHEMBL234_Ki
89709943,mondrian_pair,cliffA,all,732,672,0.9180327868852459,0.8959105952947577,0.9357902998693037,2.6990221610304777,,,,,CHEMBL234_Ki
89709943,mondrian_pair,cliffA,cliff,47,35,0.7446808510638298,0.6049182446958253,0.8474684596494529,2.446967590652819,,,,,CHEMBL234_Ki
89709943,mondrian_pair,cliffA,noncliff,685,637,0.92992700729927,0.9083163866204174,0.9467424842674874,2.7163164162242732,,,,,CHEMBL234_Ki
89709943,mondrian_pair,__bins__,__summary__,-1,-1,,,,2.6990221610304777,0.8478260869565217,0.11567756267851481,0.7755102040816326,0.217687074829932,CHEMBL234_Ki
89709943,mondrian_wstd,cliffB_oracle,all,732,679,0.9275956284153005,0.9065059549135261,0.9442207777216083,2.749207405251504,,,,,CHEMBL234_Ki
89709943,mondrian_wstd,cliffB_oracle,cliff,24,19,0.7916666666666666,0.5952954674681133,0.9075517464714814,2.922058811447833,,,,,CHEMBL234_Ki
89709943,mondrian_wstd,cliffB_oracle,noncliff,708,660,0.9322033898305084,0.911256472482942,0.9484855282343228,2.743348035549934,,,,,CHEMBL234_Ki
89709943,mondrian_wstd,cliffA,all,732,679,0.9275956284153005,0.9065059549135261,0.9442207777216083,2.749207405251504,,,,,CHEMBL234_Ki
89709943,mondrian_wstd,cliffA,cliff,47,38,0.8085106382978723,0.6745599542033822,0.8958406730145774,2.858211832011245,,,,,CHEMBL234_Ki
89709943,mondrian_wstd,cliffA,noncliff,685,641,0.9357664233576642,0.9148671921328535,0.9518053815854475,2.7417282694008356,,,,,CHEMBL234_Ki
89709943,mondrian_wstd,__bins__,__summary__,-1,-1,,,,2.749207405251504,0.8913043478260869,0.05760076166296413,0.8163265306122449,0.1768707482993197,CHEMBL234_Ki
89709943,mondrian_std,cliffB_oracle,all,732,679,0.9275956284153005,0.9065059549135261,0.9442207777216083,2.7229550944646665,,,,,CHEMBL234_Ki
89709943,mondrian_std,cliffB_oracle,cliff,24,19,0.7916666666666666,0.5952954674681133,0.9075517464714814,2.832279122315708,,,,,CHEMBL234_Ki
89709943,mondrian_std,cliffB_oracle,noncliff,708,660,0.9322033898305084,0.911256472482942,0.9484855282343228,2.719249195215479,,,,,CHEMBL234_Ki
89709943,mondrian_std,cliffA,all,732,679,0.9275956284153005,0.9065059549135261,0.9442207777216083,2.7229550944646665,,,,,CHEMBL234_Ki
89709943,mondrian_std,cliffA,cliff,47,38,0.8085106382978723,0.6745599542033822,0.8958406730145774,2.8014679516088528,,,,,CHEMBL234_Ki
89709943,mondrian_std,cliffA,noncliff,685,641,0.9357664233576642,0.9148671921328535,0.9518053815854475,2.717568080908788,,,,,CHEMBL234_Ki
89709943,mondrian_std,__bins__,__summary__,-1,-1,,,,2.7229550944646665,0.8913043478260869,0.05760076166296413,0.8163265306122449,0.1768707482993197,CHEMBL234_Ki
89709943,mondrian_iqr,cliffB_oracle,all,732,686,0.9371584699453552,0.9171941924871873,0.9525583776190206,2.6956310222573583,,,,,CHEMBL234_Ki
89709943,mondrian_iqr,cliffB_oracle,cliff,24,21,0.875,0.6899611872949993,0.9565566591987655,2.730324262781044,,,,,CHEMBL234_Ki
89709943,mondrian_iqr,cliffB_oracle,noncliff,708,665,0.9392655367231638,0.9191900262751522,0.9546000463492572,2.6944549802057076,,,,,CHEMBL234_Ki
89709943,mondrian_iqr,cliffA,all,732,686,0.9371584699453552,0.9171941924871873,0.9525583776190206,2.6956310222573583,,,,,CHEMBL234_Ki
89709943,mondrian_iqr,cliffA,cliff,47,41,0.8723404255319149,0.748260592072075,0.9401539580185662,2.6916282224664694,,,,,CHEMBL234_Ki
89709943,mondrian_iqr,cliffA,noncliff,685,645,0.9416058394160584,0.9214599406327038,0.956826335915993,2.695905666914543,,,,,CHEMBL234_Ki
89709943,mondrian_iqr,__bins__,__summary__,-1,-1,,,,2.6956310222573583,0.907608695652174,0.055894953982862594,0.8163265306122449,0.1768241543192619,CHEMBL234_Ki
89709943,mondrian_nb,cliffB_oracle,all,732,685,0.9357923497267759,0.9156609355832215,0.9513736577414045,2.662159680323333,,,,,CHEMBL234_Ki
89709943,mondrian_nb,cliffB_oracle,cliff,24,18,0.75,0.55100555994846,0.8800063377140499,2.2984949984328065,,,,,CHEMBL234_Ki
89709943,mondrian_nb,cliffB_oracle,noncliff,708,667,0.942090395480226,0.922381135879847,0.9570281655074204,2.6744872966586053,,,,,CHEMBL234_Ki
89709943,mondrian_nb,cliffA,all,732,685,0.9357923497267759,0.9156609355832215,0.9513736577414045,2.662159680323333,,,,,CHEMBL234_Ki
89709943,mondrian_nb,cliffA,cliff,47,38,0.8085106382978723,0.6745599542033822,0.8958406730145774,2.4330211809261284,,,,,CHEMBL234_Ki
89709943,mondrian_nb,cliffA,noncliff,685,647,0.9445255474452555,0.9247738205776006,0.9593193073862945,2.6778815919608054,,,,,CHEMBL234_Ki
89709943,mondrian_nb,__bins__,__summary__,-1,-1,,,,2.662159680323333,0.8858695652173914,0.09223262456363057,0.8095238095238095,0.18367346938775508,CHEMBL234_Ki
89709943,mondrian_nnsim,cliffB_oracle,all,732,682,0.9316939890710383,0.9110742478964083,0.9478064150834721,2.654362585089755,,,,,CHEMBL234_Ki
89709943,mondrian_nnsim,cliffB_oracle,cliff,24,20,0.8333333333333334,0.6414692935030095,0.9332132367136705,2.9677837463186894,,,,,CHEMBL234_Ki
89709943,mondrian_nnsim,cliffB_oracle,noncliff,708,662,0.9350282485875706,0.9144226962603635,0.950938533219759,2.6437381389464014,,,,,CHEMBL234_Ki
89709943,mondrian_nnsim,cliffA,all,732,682,0.9316939890710383,0.9110742478964083,0.9478064150834721,2.654362585089755,,,,,CHEMBL234_Ki
89709943,mondrian_nnsim,cliffA,cliff,47,40,0.851063829787234,0.7231437757640644,0.9259328000356828,2.8664727398611087,,,,,CHEMBL234_Ki
89709943,mondrian_nnsim,cliffA,noncliff,685,642,0.9372262773722628,0.9165112406841069,0.9530647587417931,2.6398090416236917,,,,,CHEMBL234_Ki
89709943,mondrian_nnsim,__bins__,__summary__,-1,-1,,,,2.654362585089755,0.8695652173913043,0.10123770231672491,0.8299319727891157,0.15636939707389796,CHEMBL234_Ki
89709943,mondrian_pairgap,cliffB_oracle,all,732,679,0.9275956284153005,0.9065059549135261,0.9442207777216083,2.6969331834761796,,,,,CHEMBL234_Ki
89709943,mondrian_pairgap,cliffB_oracle,cliff,24,19,0.7916666666666666,0.5952954674681133,0.9075517464714814,2.3461053838941766,,,,,CHEMBL234_Ki
89709943,mondrian_pairgap,cliffB_oracle,noncliff,708,660,0.9322033898305084,0.911256472482942,0.9484855282343228,2.708825651258621,,,,,CHEMBL234_Ki
89709943,mondrian_pairgap,cliffA,all,732,679,0.9275956284153005,0.9065059549135261,0.9442207777216083,2.6969331834761796,,,,,CHEMBL234_Ki
89709943,mondrian_pairgap,cliffA,cliff,47,39,0.8297872340425532,0.6986022402737561,0.9111363612350974,2.412749845362697,,,,,CHEMBL234_Ki
89709943,mondrian_pairgap,cliffA,noncliff,685,640,0.9343065693430657,0.9132257594083859,0.950543388602316,2.716431894266448,,,,,CHEMBL234_Ki
89709943,mondrian_pairgap,__bins__,__summary__,-1,-1,,,,2.6969331834761796,0.8695652173913043,0.09393843224373222,0.7959183673469388,0.19727891156462585,CHEMBL234_Ki
89709943,mondrian_rfstd,cliffB_oracle,all,732,685,0.9357923497267759,0.9156609355832215,0.9513736577414045,2.567417931860364,,,,,CHEMBL234_Ki
89709943,mondrian_rfstd,cliffB_oracle,cliff,24,19,0.7916666666666666,0.5952954674681133,0.9075517464714814,2.7778564788882676,,,,,CHEMBL234_Ki
89709943,mondrian_rfstd,cliffB_oracle,noncliff,708,666,0.940677966101695,0.9207842367289003,0.9558154502769383,2.5602844217916214,,,,,CHEMBL234_Ki
89709943,mondrian_rfstd,cliffA,all,732,685,0.9357923497267759,0.9156609355832215,0.9513736577414045,2.567417931860364,,,,,CHEMBL234_Ki
89709943,mondrian_rfstd,cliffA,cliff,47,37,0.7872340425531915,0.6509597329080159,0.88010292001905,2.644416576890695,,,,,CHEMBL234_Ki
89709943,mondrian_rfstd,cliffA,noncliff,685,648,0.945985401459854,0.9264355015114173,0.9605610521600766,2.5621348131502537,,,,,CHEMBL234_Ki
89709943,mondrian_rfstd,__bins__,__summary__,-1,-1,,,,2.567417931860364,0.9130434782608695,0.05046017137416703,0.9183673469387755,0.04081632653061218,CHEMBL234_Ki
86921808,global,cliffB_oracle,all,732,662,0.9043715846994536,0.8809077189531465,0.9236134083950958,2.548039504871472,,,,,CHEMBL234_Ki
86921808,global,cliffB_oracle,cliff,25,17,0.68,0.48410269273102247,0.8279480969309202,2.548039504871472,,,,,CHEMBL234_Ki
86921808,global,cliffB_oracle,noncliff,707,645,0.9123055162659123,0.8891652942182796,0.9309894572606413,2.548039504871472,,,,,CHEMBL234_Ki
86921808,global,cliffA,all,732,662,0.9043715846994536,0.8809077189531465,0.9236134083950958,2.548039504871472,,,,,CHEMBL234_Ki
86921808,global,cliffA,cliff,55,44,0.8,0.6763512084273607,0.8844778509023875,2.5480395048714715,,,,,CHEMBL234_Ki
86921808,global,cliffA,noncliff,677,618,0.912850812407681,0.8892073693570367,0.9318354633874036,2.548039504871472,,,,,CHEMBL234_Ki
86921808,global,__bins__,__summary__,-1,-1,,,,2.548039504871472,0.864406779661017,0.07803926350445067,0.7619047619047619,0.217687074829932,CHEMBL234_Ki
86921808,mondrian_pair,cliffB_oracle,all,732,662,0.9043715846994536,0.8809077189531465,0.9236134083950958,2.449947699083388,,,,,CHEMBL234_Ki
86921808,mondrian_pair,cliffB_oracle,cliff,25,16,0.64,0.44518497748164865,0.7975211922554178,2.221999586753535,,,,,CHEMBL234_Ki
86921808,mondrian_pair,cliffB_oracle,noncliff,707,646,0.9137199434229137,0.8907227676642189,0.9322455507151444,2.4580080990950517,,,,,CHEMBL234_Ki
86921808,mondrian_pair,cliffA,all,732,662,0.9043715846994536,0.8809077189531465,0.9236134083950958,2.449947699083388,,,,,CHEMBL234_Ki
86921808,mondrian_pair,cliffA,cliff,55,42,0.7636363636363637,0.6365163381083228,0.8563334413026682,2.2467449550206937,,,,,CHEMBL234_Ki
86921808,mondrian_pair,cliffA,noncliff,677,620,0.9158050221565731,0.8924695737929759,0.9344483418333568,2.4664560460899585,,,,,CHEMBL234_Ki
86921808,mondrian_pair,__bins__,__summary__,-1,-1,,,,2.449947699083388,0.8531073446327684,0.08933869853269927,0.7755102040816326,0.19727891156462585,CHEMBL234_Ki
86921808,mondrian_wstd,cliffB_oracle,all,732,660,0.9016393442622951,0.8779235993663403,0.9211615744187382,2.4723291080907948,,,,,CHEMBL234_Ki
86921808,mondrian_wstd,cliffB_oracle,cliff,25,18,0.72,0.5242339480963842,0.8571614614904344,2.542193855421729,,,,,CHEMBL234_Ki
86921808,mondrian_wstd,cliffB_oracle,noncliff,707,642,0.9080622347949081,0.8845022731427276,0.9272117776348668,2.469858643192247,,,,,CHEMBL234_Ki
86921808,mondrian_wstd,cliffA,all,732,660,0.9016393442622951,0.8779235993663403,0.9211615744187382,2.4723291080907948,,,,,CHEMBL234_Ki
86921808,mondrian_wstd,cliffA,cliff,55,45,0.8181818181818182,0.6966954036336236,0.8981232956555033,2.552177333609256,,,,,CHEMBL234_Ki
86921808,mondrian_wstd,cliffA,noncliff,677,615,0.9084194977843427,0.8843273433420688,0.9279028650795332,2.4658421769186893,,,,,CHEMBL234_Ki
86921808,mondrian_wstd,__bins__,__summary__,-1,-1,,,,2.4723291080907948,0.8813559322033898,0.03950737714912822,0.782312925170068,0.19047619047619047,CHEMBL234_Ki
86921808,mondrian_std,cliffB_oracle,all,732,659,0.9002732240437158,0.8764334291360999,0.9199337678673966,2.4712269163426384,,,,,CHEMBL234_Ki
86921808,mondrian_std,cliffB_oracle,cliff,25,18,0.72,0.5242339480963842,0.8571614614904344,2.5293683074105293,,,,,CHEMBL234_Ki
86921808,mondrian_std,cliffB_oracle,noncliff,707,641,0.9066478076379066,0.8829509583541306,0.9259495255230212,2.469170997280832,,,,,CHEMBL234_Ki
86921808,mondrian_std,cliffA,all,732,659,0.9002732240437158,0.8764334291360999,0.9199337678673966,2.4712269163426384,,,,,CHEMBL234_Ki
86921808,mondrian_std,cliffA,cliff,55,45,0.8181818181818182,0.6966954036336236,0.8981232956555033,2.566356819671739,,,,,CHEMBL234_Ki
86921808,mondrian_std,cliffA,noncliff,677,614,0.9069423929098966,0.8827040561625242,0.9265886108181317,2.4634984899274235,,,,,CHEMBL234_Ki
86921808,mondrian_std,__bins__,__summary__,-1,-1,,,,2.4712269163426384,0.8813559322033898,0.03950737714912822,0.782312925170068,0.19047619047619047,CHEMBL234_Ki
86921808,mondrian_iqr,cliffB_oracle,all,732,658,0.8989071038251366,0.8749444883318519,0.9187047318900629,2.3535437655517493,,,,,CHEMBL234_Ki
86921808,mondrian_iqr,cliffB_oracle,cliff,25,17,0.68,0.48410269273102247,0.8279480969309202,2.5846358445415256,,,,,CHEMBL234_Ki
86921808,mondrian_iqr,cliffB_oracle,noncliff,707,641,0.9066478076379066,0.8829509583541306,0.9259495255230212,2.3453721927444726,,,,,CHEMBL234_Ki
86921808,mondrian_iqr,cliffA,all,732,658,0.8989071038251366,0.8749444883318519,0.9187047318900629,2.3535437655517493,,,,,CHEMBL234_Ki
86921808,mondrian_iqr,cliffA,cliff,55,44,0.8,0.6763512084273607,0.8844778509023875,2.487863922083195,,,,,CHEMBL234_Ki
86921808,mondrian_iqr,cliffA,noncliff,677,614,0.9069423929098966,0.8827040561625242,0.9265886108181317,2.3426314928645566,,,,,CHEMBL234_Ki
86921808,mondrian_iqr,__bins__,__summary__,-1,-1,,,,2.3535437655517493,0.8700564971751412,0.058001056781693316,0.7619047619047619,0.2108843537414966,CHEMBL234_Ki
86921808,mondrian_nb,cliffB_oracle,all,732,678,0.9262295081967213,0.9049870303372166,0.9430217255163361,2.543304234813637,,,,,CHEMBL234_Ki
86921808,mondrian_nb,cliffB_oracle,cliff,25,19,0.76,0.5657031664457093,0.8850368630659855,2.3216072485353725,,,,,CHEMBL234_Ki
86921808,mondrian_nb,cliffB_oracle,noncliff,707,659,0.9321074964639321,0.9111325681967124,0.9484121198884004,2.5511435907640707,,,,,CHEMBL234_Ki
86921808,mondrian_nb,cliffA,all,732,678,0.9262295081967213,0.9049870303372166,0.9430217255163361,2.543304234813637,,,,,CHEMBL234_Ki
86921808,mondrian_nb,cliffA,cliff,55,45,0.8181818181818182,0.6966954036336236,0.8981232956555033,2.3378990579297683,,,,,CHEMBL234_Ki
86921808,mondrian_nb,cliffA,noncliff,677,633,0.9350073855243722,0.9138742747868359,0.9512316795717962,2.559991509154276,,,,,CHEMBL234_Ki
86921808,mondrian_nb,__bins__,__summary__,-1,-1,,,,2.543304234813637,0.8813559322033898,0.08986708937934396,0.8299319727891157,0.14965986394557818,CHEMBL234_Ki
86921808,mondrian_nnsim,cliffB_oracle,all,732,664,0.907103825136612,0.8838970367823688,0.9260600441290373,2.5125170195878455,,,,,CHEMBL234_Ki
86921808,mondrian_nnsim,cliffB_oracle,cliff,25,17,0.68,0.48410269273102247,0.8279480969309202,2.548039504871472,,,,,CHEMBL234_Ki
86921808,mondrian_nnsim,cliffB_oracle,noncliff,707,647,0.9151343705799151,0.8922818646275751,0.9335000206522305,2.511260920391112,,,,,CHEMBL234_Ki
86921808,mondrian_nnsim,cliffA,all,732,664,0.907103825136612,0.8838970367823688,0.9260600441290373,2.5125170195878455,,,,,CHEMBL234_Ki
86921808,mondrian_nnsim,cliffA,cliff,55,44,0.8,0.6763512084273607,0.8844778509023875,2.4949952289615167,,,,,CHEMBL234_Ki
86921808,mondrian_nnsim,cliffA,noncliff,677,620,0.9158050221565731,0.8924695737929759,0.9344483418333568,2.5139405033167197,,,,,CHEMBL234_Ki
86921808,mondrian_nnsim,__bins__,__summary__,-1,-1,,,,2.5125170195878455,0.8587570621468926,0.08368898101857503,0.7687074829931972,0.2108843537414966,CHEMBL234_Ki
86921808,mondrian_pairgap,cliffB_oracle,all,732,663,0.9057377049180327,0.882401715712574,0.9248373884172502,2.3942555511154224,,,,,CHEMBL234_Ki
86921808,mondrian_pairgap,cliffB_oracle,cliff,25,18,0.72,0.5242339480963842,0.8571614614904344,2.155444970352612,,,,,CHEMBL234_Ki
86921808,mondrian_pairgap,cliffB_oracle,noncliff,707,645,0.9123055162659123,0.8891652942182796,0.9309894572606413,2.4027000553856777,,,,,CHEMBL234_Ki
86921808,mondrian_pairgap,cliffA,all,732,663,0.9057377049180327,0.882401715712574,0.9248373884172502,2.3942555511154224,,,,,CHEMBL234_Ki
86921808,mondrian_pairgap,cliffA,cliff,55,44,0.8,0.6763512084273607,0.8844778509023875,2.2229046054294113,,,,,CHEMBL234_Ki
86921808,mondrian_pairgap,cliffA,noncliff,677,619,0.914327917282127,0.890837559316987,0.9331428148683993,2.4081762335566785,,,,,CHEMBL234_Ki
86921808,mondrian_pairgap,__bins__,__summary__,-1,-1,,,,2.3942555511154224,0.8587570621468926,0.09088322562289153,0.782312925170068,0.19727891156462585,CHEMBL234_Ki
86921808,mondrian_rfstd,cliffB_oracle,all,732,659,0.9002732240437158,0.8764334291360999,0.9199337678673966,2.246391998718019,,,,,CHEMBL234_Ki
86921808,mondrian_rfstd,cliffB_oracle,cliff,25,18,0.72,0.5242339480963842,0.8571614614904344,2.4287187950649933,,,,,CHEMBL234_Ki
86921808,mondrian_rfstd,cliffB_oracle,noncliff,707,641,0.9066478076379066,0.8829509583541306,0.9259495255230212,2.2399447994129633,,,,,CHEMBL234_Ki
86921808,mondrian_rfstd,cliffA,all,732,659,0.9002732240437158,0.8764334291360999,0.9199337678673966,2.246391998718019,,,,,CHEMBL234_Ki
86921808,mondrian_rfstd,cliffA,cliff,55,43,0.7818181818181819,0.6562996597815998,0.8705397595887698,2.3080638125910844,,,,,CHEMBL234_Ki
86921808,mondrian_rfstd,cliffA,noncliff,677,616,0.9098966026587888,0.8859523000673584,0.9292154497951899,2.2413817331891877,,,,,CHEMBL234_Ki
86921808,mondrian_rfstd,__bins__,__summary__,-1,-1,,,,2.246391998718019,0.8757062146892656,0.052351339267568964,0.8775510204081632,0.047106513838412134,CHEMBL234_Ki
71339737,global,cliffB_oracle,all,620,581,0.9370967741935484,0.9151641010078791,0.9536463833491454,3.2188590447902725,,,,,CHEMBL244_Ki
71339737,global,cliffB_oracle,cliff,23,20,0.8695652173913043,0.6787251772990404,0.9546234090636876,3.2188590447902734,,,,,CHEMBL244_Ki
71339737,global,cliffB_oracle,noncliff,597,561,0.9396984924623115,0.9176469725871316,0.9561276185178954,3.218859044790273,,,,,CHEMBL244_Ki
71339737,global,cliffA,all,620,581,0.9370967741935484,0.9151641010078791,0.9536463833491454,3.2188590447902725,,,,,CHEMBL244_Ki
71339737,global,cliffA,cliff,54,49,0.9074074074074074,0.8009011740903732,0.9597988652429706,3.2188590447902725,,,,,CHEMBL244_Ki
71339737,global,cliffA,noncliff,566,532,0.9399293286219081,0.9172298527267216,0.956697434049898,3.218859044790273,,,,,CHEMBL244_Ki
71339737,global,__bins__,__summary__,-1,-1,,,,3.2188590447902725,0.8914728682170543,0.06754352522556861,0.8870967741935484,0.09677419354838712,CHEMBL244_Ki
71339737,mondrian_pair,cliffB_oracle,all,620,583,0.9403225806451613,0.9188255511439123,0.9563968187065219,3.2666026689203385,,,,,CHEMBL244_Ki
71339737,mondrian_pair,cliffB_oracle,cliff,23,19,0.8260869565217391,0.6286235235977385,0.9302134643693744,3.074554455822789,,,,,CHEMBL244_Ki
71339737,mondrian_pair,cliffB_oracle,noncliff,597,564,0.9447236180904522,0.9233882134585361,0.9603723729734055,3.274001511300981,,,,,CHEMBL244_Ki
71339737,mondrian_pair,cliffA,all,620,583,0.9403225806451613,0.9188255511439123,0.9563968187065219,3.2666026689203385,,,,,CHEMBL244_Ki
71339737,mondrian_pair,cliffA,cliff,54,48,0.8888888888888888,0.7780529897881872,0.9480697750300044,3.104067712392908,,,,,CHEMBL244_Ki
71339737,mondrian_pair,cliffA,noncliff,566,535,0.9452296819787986,0.9233071673688757,0.9611493638267394,3.2821095375642986,,,,,CHEMBL244_Ki
71339737,mondrian_pair,__bins__,__summary__,-1,-1,,,,3.2666026689203385,0.8914728682170543,0.07574024653704403,0.8870967741935484,0.10483870967741937,CHEMBL244_Ki
71339737,mondrian_wstd,cliffB_oracle,all,620,575,0.9274193548387096,0.9042588542790119,0.9453159735977831,2.9187378111397426,,,,,CHEMBL244_Ki
71339737,mondrian_wstd,cliffB_oracle,cliff,23,21,0.9130434782608695,0.7320401892425634,0.9758199955157796,3.4890199097918084,,,,,CHEMBL244_Ki
71339737,mondrian_wstd,cliffB_oracle,noncliff,597,554,0.9279731993299832,0.9043846443104938,0.9460892910317326,2.8967671440224945,,,,,CHEMBL244_Ki
71339737,mondrian_wstd,cliffA,all,620,575,0.9274193548387096,0.9042588542790119,0.9453159735977831,2.9187378111397426,,,,,CHEMBL244_Ki
71339737,mondrian_wstd,cliffA,cliff,54,52,0.9629629629629629,0.8746482308272452,0.9897836320515545,3.36507713581918,,,,,CHEMBL244_Ki
71339737,mondrian_wstd,cliffA,noncliff,566,523,0.9240282685512368,0.8992287474077271,0.9431108061119063,2.8761542006579592,,,,,CHEMBL244_Ki
71339737,mondrian_wstd,__bins__,__summary__,-1,-1,,,,2.9187378111397426,0.8780487804878049,0.09094346757421057,0.8629032258064516,0.12096774193548387,CHEMBL244_Ki
71339737,mondrian_std,cliffB_oracle,all,620,576,0.9290322580645162,0.9060687714640588,0.9467119991594412,2.939078227131306,,,,,CHEMBL244_Ki
71339737,mondrian_std,cliffB_oracle,cliff,23,21,0.9130434782608695,0.7320401892425634,0.9758199955157796,3.5010737426370246,,,,,CHEMBL244_Ki
71339737,mondrian_std,cliffB_oracle,noncliff,597,555,0.9296482412060302,0.9062689574887602,0.9475336429624376,2.917426808610985,,,,,CHEMBL244_Ki
71339737,mondrian_std,cliffA,all,620,576,0.9290322580645162,0.9060687714640588,0.9467119991594412,2.939078227131306,,,,,CHEMBL244_Ki
71339737,mondrian_std,cliffA,cliff,54,52,0.9629629629629629,0.8746482308272452,0.9897836320515545,3.401142417623179,,,,,CHEMBL244_Ki
71339737,mondrian_std,cliffA,noncliff,566,524,0.9257950530035336,0.9012139327033245,0.944635368955974,2.894994364434202,,,,,CHEMBL244_Ki
71339737,mondrian_std,__bins__,__summary__,-1,-1,,,,2.939078227131306,0.8780487804878049,0.09094346757421057,0.8709677419354839,0.11290322580645162,CHEMBL244_Ki
71339737,mondrian_iqr,cliffB_oracle,all,620,577,0.9306451612903226,0.9078816094683622,0.9481051039018427,3.032784600817518,,,,,CHEMBL244_Ki
71339737,mondrian_iqr,cliffB_oracle,cliff,23,20,0.8695652173913043,0.6787251772990404,0.9546234090636876,3.437405022961144,,,,,CHEMBL244_Ki
71339737,mondrian_iqr,cliffB_oracle,noncliff,597,557,0.932998324958124,0.9100474239157005,0.9504125067534405,3.0171962093446476,,,,,CHEMBL244_Ki
71339737,mondrian_iqr,cliffA,all,620,577,0.9306451612903226,0.9078816094683622,0.9481051039018427,3.032784600817518,,,,,CHEMBL244_Ki
71339737,mondrian_iqr,cliffA,cliff,54,50,0.9259259259259259,0.8244588416140005,0.9708184722344951,3.3791313438783073,,,,,CHEMBL244_Ki
71339737,mondrian_iqr,cliffA,noncliff,566,527,0.931095406360424,0.9071906063076863,0.9491879397706074,2.9997409186173716,,,,,CHEMBL244_Ki
71339737,mondrian_iqr,__bins__,__summary__,-1,-1,,,,3.032784600817518,0.9180327868852459,0.027703647223281225,0.8790322580645161,0.10483870967741937,CHEMBL244_Ki
71339737,mondrian_nb,cliffB_oracle,all,620,586,0.9451612903225807,0.9243458351885254,0.9604943629020235,3.3114104445696975,,,,,CHEMBL244_Ki
71339737,mondrian_nb,cliffB_oracle,cliff,23,21,0.9130434782608695,0.7320401892425634,0.9758199955157796,3.147897587386402,,,,,CHEMBL244_Ki
71339737,mondrian_nb,cliffB_oracle,noncliff,597,565,0.9463986599664992,0.9253107366192179,0.9617785149216953,3.3177099348799417,,,,,CHEMBL244_Ki
71339737,mondrian_nb,cliffA,all,620,586,0.9451612903225807,0.9243458351885254,0.9604943629020235,3.3114104445696975,,,,,CHEMBL244_Ki
71339737,mondrian_nb,cliffA,cliff,54,50,0.9259259259259259,0.8244588416140005,0.9708184722344951,3.138779231002305,,,,,CHEMBL244_Ki
71339737,mondrian_nb,cliffA,noncliff,566,536,0.9469964664310954,0.9253430527202035,0.9626232266150766,3.327880560351745,,,,,CHEMBL244_Ki
71339737,mondrian_nb,__bins__,__summary__,-1,-1,,,,3.3114104445696975,0.9069767441860465,0.060502930610701555,0.9032258064516129,0.08064516129032262,CHEMBL244_Ki
71339737,mondrian_nnsim,cliffB_oracle,all,620,584,0.9419354838709677,0.9206617565441353,0.9577665560530038,3.2692101628650545,,,,,CHEMBL244_Ki
71339737,mondrian_nnsim,cliffB_oracle,cliff,23,21,0.9130434782608695,0.7320401892425634,0.9758199955157796,3.307624888326743,,,,,CHEMBL244_Ki
71339737,mondrian_nnsim,cliffB_oracle,noncliff,597,563,0.9430485762144054,0.9214701967083683,0.9589617246146018,3.267730198567536,,,,,CHEMBL244_Ki
71339737,mondrian_nnsim,cliffA,all,620,584,0.9419354838709677,0.9206617565441353,0.9577665560530038,3.2692101628650545,,,,,CHEMBL244_Ki
71339737,mondrian_nnsim,cliffA,cliff,54,50,0.9259259259259259,0.8244588416140005,0.9708184722344951,3.2032321027255097,,,,,CHEMBL244_Ki
71339737,mondrian_nnsim,cliffA,noncliff,566,534,0.9434628975265018,0.921276483638237,0.9596702994177129,3.2755048894508065,,,,,CHEMBL244_Ki
71339737,mondrian_nnsim,__bins__,__summary__,-1,-1,,,,3.2692101628650545,0.9224806201550387,0.04499905464170928,0.8870967741935484,0.10483870967741937,CHEMBL244_Ki
71339737,mondrian_pairgap,cliffB_oracle,all,620,575,0.9274193548387096,0.9042588542790119,0.9453159735977831,3.090261189973888,,,,,CHEMBL244_Ki
71339737,mondrian_pairgap,cliffB_oracle,cliff,23,20,0.8695652173913043,0.6787251772990404,0.9546234090636876,3.0910519975429573,,,,,CHEMBL244_Ki
71339737,mondrian_pairgap,cliffB_oracle,noncliff,597,555,0.9296482412060302,0.9062689574887602,0.9475336429624376,3.0902307233506243,,,,,CHEMBL244_Ki
71339737,mondrian_pairgap,cliffA,all,620,575,0.9274193548387096,0.9042588542790119,0.9453159735977831,3.090261189973888,,,,,CHEMBL244_Ki
71339737,mondrian_pairgap,cliffA,cliff,54,51,0.9444444444444444,0.8489278568183386,0.9809267315453091,3.1415682853594,,,,,CHEMBL244_Ki
71339737,mondrian_pairgap,cliffA,noncliff,566,524,0.9257950530035336,0.9012139327033245,0.944635368955974,3.0853661667392283,,,,,CHEMBL244_Ki
71339737,mondrian_pairgap,__bins__,__summary__,-1,-1,,,,3.090261189973888,0.875968992248062,0.06712043864624695,0.8790322580645161,0.09677419354838712,CHEMBL244_Ki
71339737,mondrian_rfstd,cliffB_oracle,all,620,586,0.9451612903225807,0.9243458351885254,0.9604943629020235,2.997408328661138,,,,,CHEMBL244_Ki
71339737,mondrian_rfstd,cliffB_oracle,cliff,23,18,0.782608695652174,0.5809651698373599,0.9033602197341379,3.080254768729756,,,,,CHEMBL244_Ki
71339737,mondrian_rfstd,cliffB_oracle,noncliff,597,568,0.9514237855946399,0.9311073644977269,0.9659678823701009,2.9942165897640214,,,,,CHEMBL244_Ki
71339737,mondrian_rfstd,cliffA,all,620,586,0.9451612903225807,0.9243458351885254,0.9604943629020235,2.997408328661138,,,,,CHEMBL244_Ki
71339737,mondrian_rfstd,cliffA,cliff,54,49,0.9074074074074074,0.8009011740903732,0.9597988652429706,3.1224230693798805,,,,,CHEMBL244_Ki
71339737,mondrian_rfstd,cliffA,noncliff,566,537,0.9487632508833922,0.9273843786156661,0.964091648859279,2.9854811272498085,,,,,CHEMBL244_Ki
71339737,mondrian_rfstd,__bins__,__summary__,-1,-1,,,,2.997408328661138,0.9186991869918699,0.0425411230856495,0.8951612903225806,0.08064516129032262,CHEMBL244_Ki
99182118,global,cliffB_oracle,all,620,579,0.9338709677419355,0.9115164229466535,0.950882175916961,3.028485675685449,,,,,CHEMBL244_Ki
99182118,global,cliffB_oracle,cliff,33,28,0.8484848484848485,0.6908012411955788,0.9334954271839244,3.028485675685449,,,,,CHEMBL244_Ki
99182118,global,cliffB_oracle,noncliff,587,551,0.938671209540034,0.9162635487790703,0.9553746755052038,3.028485675685449,,,,,CHEMBL244_Ki
99182118,global,cliffA,all,620,579,0.9338709677419355,0.9115164229466535,0.950882175916961,3.028485675685449,,,,,CHEMBL244_Ki
99182118,global,cliffA,cliff,60,51,0.85,0.7388541093022145,0.9190255941983225,3.0284856756854497,,,,,CHEMBL244_Ki
99182118,global,cliffA,noncliff,560,528,0.9428571428571428,0.9204448011738563,0.9592351021759465,3.028485675685449,,,,,CHEMBL244_Ki
99182118,global,__bins__,__summary__,-1,-1,,,,3.028485675685449,0.8888888888888888,0.06978879706152441,0.8387096774193549,0.13709677419354838,CHEMBL244_Ki
99182118,mondrian_pair,cliffB_oracle,all,620,579,0.9338709677419355,0.9115164229466535,0.950882175916961,3.024456236008442,,,,,CHEMBL244_Ki
99182118,mondrian_pair,cliffB_oracle,cliff,33,28,0.8484848484848485,0.6908012411955788,0.9334954271839244,2.962251643337044,,,,,CHEMBL244_Ki
99182118,mondrian_pair,cliffB_oracle,noncliff,587,551,0.938671209540034,0.9162635487790703,0.9553746755052038,3.0279532574022348,,,,,CHEMBL244_Ki
99182118,mondrian_pair,cliffA,all,620,579,0.9338709677419355,0.9115164229466535,0.950882175916961,3.024456236008442,,,,,CHEMBL244_Ki
99182118,mondrian_pair,cliffA,cliff,60,52,0.8666666666666667,0.7583484032350039,0.9308589051941303,2.971953994898368,,,,,CHEMBL244_Ki
99182118,mondrian_pair,cliffA,noncliff,560,527,0.9410714285714286,0.9183978358241155,0.9577349711412123,3.030081476127379,,,,,CHEMBL244_Ki
99182118,mondrian_pair,__bins__,__summary__,-1,-1,,,,3.024456236008442,0.8888888888888888,0.07805325987144174,0.8306451612903226,0.15322580645161288,CHEMBL244_Ki
99182118,mondrian_wstd,cliffB_oracle,all,620,582,0.9387096774193548,0.916993043409793,0.9550233836939364,2.934978527162194,,,,,CHEMBL244_Ki
99182118,mondrian_wstd,cliffB_oracle,cliff,33,30,0.9090909090909091,0.7642739435353026,0.9685960584754184,3.3103152704212695,,,,,CHEMBL244_Ki
99182118,mondrian_wstd,cliffB_oracle,noncliff,587,552,0.9403747870528109,0.9182049578462149,0.9568182692508137,2.913877824389537,,,,,CHEMBL244_Ki
99182118,mondrian_wstd,cliffA,all,620,582,0.9387096774193548,0.916993043409793,0.9550233836939364,2.934978527162194,,,,,CHEMBL244_Ki
99182118,mondrian_wstd,cliffA,cliff,60,53,0.8833333333333333,0.7782121197582914,0.9423227935994396,3.1344274880632303,,,,,CHEMBL244_Ki
99182118,mondrian_wstd,cliffA,noncliff,560,529,0.9446428571428571,0.9224968051248122,0.9607301946094656,2.9136089956370834,,,,,CHEMBL244_Ki
99182118,mondrian_wstd,__bins__,__summary__,-1,-1,,,,2.934978527162194,0.9008264462809917,0.06213651668197118,0.8387096774193549,0.14516129032258063,CHEMBL244_Ki
99182118,mondrian_std,cliffB_oracle,all,620,581,0.9370967741935484,0.9151641010078791,0.9536463833491454,2.925711108503154,,,,,CHEMBL244_Ki
99182118,mondrian_std,cliffB_oracle,cliff,33,30,0.9090909090909091,0.7642739435353026,0.9685960584754184,3.2870297519992575,,,,,CHEMBL244_Ki
99182118,mondrian_std,cliffB_oracle,noncliff,587,551,0.938671209540034,0.9162635487790703,0.9553746755052038,2.905398476074923,,,,,CHEMBL244_Ki
99182118,mondrian_std,cliffA,all,620,581,0.9370967741935484,0.9151641010078791,0.9536463833491454,2.925711108503154,,,,,CHEMBL244_Ki
99182118,mondrian_std,cliffA,cliff,60,53,0.8833333333333333,0.7782121197582914,0.9423227935994396,3.1204289316061105,,,,,CHEMBL244_Ki
99182118,mondrian_std,cliffA,noncliff,560,528,0.9428571428571428,0.9204448011738563,0.9592351021759465,2.904848484599266,,,,,CHEMBL244_Ki
99182118,mondrian_std,__bins__,__summary__,-1,-1,,,,2.925711108503154,0.9008264462809917,0.06213651668197118,0.8306451612903226,0.15322580645161288,CHEMBL244_Ki
99182118,mondrian_iqr,cliffB_oracle,all,620,572,0.9225806451612903,0.8988457755990217,0.9411112240376588,2.8810731886977994,,,,,CHEMBL244_Ki
99182118,mondrian_iqr,cliffB_oracle,cliff,33,29,0.8787878787878788,0.7267449482892476,0.9518383869058644,3.1190961648591555,,,,,CHEMBL244_Ki
99182118,mondrian_iqr,cliffB_oracle,noncliff,587,543,0.9250425894378195,0.9008675349671189,0.9436906668151199,2.8676919992372802,,,,,CHEMBL244_Ki
99182118,mondrian_iqr,cliffA,all,620,572,0.9225806451612903,0.8988457755990217,0.9411112240376588,2.8810731886977994,,,,,CHEMBL244_Ki
99182118,mondrian_iqr,cliffA,cliff,60,52,0.8666666666666667,0.7583484032350039,0.9308589051941303,2.921425651352924,,,,,CHEMBL244_Ki
99182118,mondrian_iqr,cliffA,noncliff,560,520,0.9285714285714286,0.9041944212050522,0.9471087110689506,2.876749710556179,,,,,CHEMBL244_Ki
99182118,mondrian_iqr,__bins__,__summary__,-1,-1,,,,2.8810731886977994,0.8925619834710744,0.07438016528925617,0.8306451612903226,0.14516129032258063,CHEMBL244_Ki
99182118,mondrian_nb,cliffB_oracle,all,620,573,0.9241935483870968,0.9006474370972687,0.9425155052861166,2.927768215760827,,,,,CHEMBL244_Ki
99182118,mondrian_nb,cliffB_oracle,cliff,33,23,0.696969696969697,0.5266186485419944,0.8262446857594641,2.8170731695407407,,,,,CHEMBL244_Ki
99182118,mondrian_nb,cliffB_oracle,noncliff,587,550,0.9369676320272572,0.9143262150367999,0.9539270064347198,2.9339912762808655,,,,,CHEMBL244_Ki
99182118,mondrian_nb,cliffA,all,620,573,0.9241935483870968,0.9006474370972687,0.9425155052861166,2.927768215760827,,,,,CHEMBL244_Ki
99182118,mondrian_nb,cliffA,cliff,60,48,0.8,0.6821819419437211,0.8817149467710251,2.9019684135348567,,,,,CHEMBL244_Ki
99182118,mondrian_nb,cliffA,noncliff,560,525,0.9375,0.9143182063266527,0.954720407869725,2.930532480285038,,,,,CHEMBL244_Ki
99182118,mondrian_nb,__bins__,__summary__,-1,-1,,,,2.927768215760827,0.8666666666666667,0.10874316939890705,0.8306451612903226,0.14516129032258063,CHEMBL244_Ki
99182118,mondrian_nnsim,cliffB_oracle,all,620,579,0.9338709677419355,0.9115164229466535,0.950882175916961,3.022430710207445,,,,,CHEMBL244_Ki
99182118,mondrian_nnsim,cliffB_oracle,cliff,33,25,0.7575757575757576,0.5897538017044264,0.8716828662282499,2.774219974690917,,,,,CHEMBL244_Ki
99182118,mondrian_nnsim,cliffB_oracle,noncliff,587,554,0.9437819420783645,0.9221006522100581,0.9596925805124796,3.0363846357134845,,,,,CHEMBL244_Ki
99182118,mondrian_nnsim,cliffA,all,620,579,0.9338709677419355,0.9115164229466535,0.950882175916961,3.022430710207445,,,,,CHEMBL244_Ki
99182118,mondrian_nnsim,cliffA,cliff,60,49,0.8166666666666667,0.7008024625353194,0.8944220311080237,2.8404876977402154,,,,,CHEMBL244_Ki
99182118,mondrian_nnsim,cliffA,noncliff,560,530,0.9464285714285714,0.9245540711709972,0.9622200249477555,3.041924604400362,,,,,CHEMBL244_Ki
99182118,mondrian_nnsim,__bins__,__summary__,-1,-1,,,,3.022430710207445,0.8814814814814815,0.08546066727884905,0.8467741935483871,0.12903225806451613,CHEMBL244_Ki
99182118,mondrian_pairgap,cliffB_oracle,all,620,578,0.932258064516129,0.9096974607063891,0.9494951954105205,3.1658223992802785,,,,,CHEMBL244_Ki
99182118,mondrian_pairgap,cliffB_oracle,cliff,33,28,0.8484848484848485,0.6908012411955788,0.9334954271839244,3.055402276383984,,,,,CHEMBL244_Ki
99182118,mondrian_pairgap,cliffB_oracle,noncliff,587,550,0.9369676320272572,0.9143262150367999,0.9539270064347198,3.1720300041449763,,,,,CHEMBL244_Ki
99182118,mondrian_pairgap,cliffA,all,620,578,0.932258064516129,0.9096974607063891,0.9494951954105205,3.1658223992802785,,,,,CHEMBL244_Ki
99182118,mondrian_pairgap,cliffA,cliff,60,51,0.85,0.7388541093022145,0.9190255941983225,3.0409200678023143,,,,,CHEMBL244_Ki
99182118,mondrian_pairgap,cliffA,noncliff,560,527,0.9410714285714286,0.9183978358241155,0.9577349711412123,3.179204791938632,,,,,CHEMBL244_Ki
99182118,mondrian_pairgap,__bins__,__summary__,-1,-1,,,,3.1658223992802785,0.8814814814814815,0.08573163327261679,0.8467741935483871,0.12903225806451613,CHEMBL244_Ki
99182118,mondrian_rfstd,cliffB_oracle,all,620,576,0.9290322580645162,0.9060687714640588,0.9467119991594412,2.773424496817688,,,,,CHEMBL244_Ki
99182118,mondrian_rfstd,cliffB_oracle,cliff,33,24,0.7272727272727273,0.5578244099712737,0.8493255911457935,3.068115917726048,,,,,CHEMBL244_Ki
99182118,mondrian_rfstd,cliffB_oracle,noncliff,587,552,0.9403747870528109,0.9182049578462149,0.9568182692508137,2.756857517448053,,,,,CHEMBL244_Ki
99182118,mondrian_rfstd,cliffA,all,620,576,0.9290322580645162,0.9060687714640588,0.9467119991594412,2.773424496817688,,,,,CHEMBL244_Ki
99182118,mondrian_rfstd,cliffA,cliff,60,48,0.8,0.6821819419437211,0.8817149467710251,2.922642073585373,,,,,CHEMBL244_Ki
99182118,mondrian_rfstd,cliffA,noncliff,560,528,0.9428571428571428,0.9204448011738563,0.9592351021759465,2.7574368993068648,,,,,CHEMBL244_Ki
99182118,mondrian_rfstd,__bins__,__summary__,-1,-1,,,,2.773424496817688,0.8760330578512396,0.07478661427990785,0.8709677419354839,0.08870967741935487,CHEMBL244_Ki
89709943,global,cliffB_oracle,all,620,557,0.8983870967741936,0.8720981397232941,0.9197697187128131,2.7843094459167332,,,,,CHEMBL244_Ki
89709943,global,cliffB_oracle,cliff,30,19,0.6333333333333333,0.4551356365479487,0.7812607919389929,2.7843094459167332,,,,,CHEMBL244_Ki
89709943,global,cliffB_oracle,noncliff,590,538,0.911864406779661,0.8862440082008359,0.932156244562156,2.7843094459167332,,,,,CHEMBL244_Ki
89709943,global,cliffA,all,620,557,0.8983870967741936,0.8720981397232941,0.9197697187128131,2.7843094459167332,,,,,CHEMBL244_Ki
89709943,global,cliffA,cliff,70,54,0.7714285714285715,0.6604966840601509,0.8541193677742756,2.7843094459167332,,,,,CHEMBL244_Ki
89709943,global,cliffA,noncliff,550,503,0.9145454545454546,0.888210998097761,0.9351293147978645,2.7843094459167332,,,,,CHEMBL244_Ki
89709943,global,__bins__,__summary__,-1,-1,,,,2.7843094459167332,0.8134328358208955,0.17830270136918713,0.7419354838709677,0.2338709677419355,CHEMBL244_Ki
89709943,mondrian_pair,cliffB_oracle,all,620,560,0.9032258064516129,0.8774103031342926,0.9240753835419291,2.8317449503361787,,,,,CHEMBL244_Ki
89709943,mondrian_pair,cliffB_oracle,cliff,30,19,0.6333333333333333,0.4551356365479487,0.7812607919389929,2.813646116979134,,,,,CHEMBL244_Ki
89709943,mondrian_pair,cliffB_oracle,noncliff,590,541,0.9169491525423729,0.8918935789887652,0.9366103805984614,2.832665229998401,,,,,CHEMBL244_Ki
89709943,mondrian_pair,cliffA,all,620,560,0.9032258064516129,0.8774103031342926,0.9240753835419291,2.8317449503361787,,,,,CHEMBL244_Ki
89709943,mondrian_pair,cliffA,cliff,70,54,0.7714285714285715,0.6604966840601509,0.8541193677742756,2.8178370699880473,,,,,CHEMBL244_Ki
89709943,mondrian_pair,cliffA,noncliff,550,506,0.92,0.8943057835903382,0.9398679544749667,2.8335150441986676,,,,,CHEMBL244_Ki
89709943,mondrian_pair,__bins__,__summary__,-1,-1,,,,2.8317449503361787,0.8134328358208955,0.17830270136918713,0.7580645161290323,0.217741935483871,CHEMBL244_Ki
89709943,mondrian_wstd,cliffB_oracle,all,620,550,0.8870967741935484,0.8597648278450146,0.9096614313641583,2.678204146336249,,,,,CHEMBL244_Ki
89709943,mondrian_wstd,cliffB_oracle,cliff,30,16,0.5333333333333333,0.36142299619873297,0.6976761109230025,2.8764618699484217,,,,,CHEMBL244_Ki
89709943,mondrian_wstd,cliffB_oracle,noncliff,590,534,0.9050847457627119,0.8787455508396986,0.9261830928243142,2.66812324513563,,,,,CHEMBL244_Ki
89709943,mondrian_wstd,cliffA,all,620,550,0.8870967741935484,0.8597648278450146,0.9096614313641583,2.678204146336249,,,,,CHEMBL244_Ki
89709943,mondrian_wstd,cliffA,cliff,70,52,0.7428571428571429,0.6297386985284517,0.8307072425865616,2.87169914355712,,,,,CHEMBL244_Ki
89709943,mondrian_wstd,cliffA,noncliff,550,498,0.9054545454545454,0.878113168324314,0.9271714359551795,2.6535775103263197,,,,,CHEMBL244_Ki
89709943,mondrian_wstd,__bins__,__summary__,-1,-1,,,,2.678204146336249,0.8507462686567164,0.0748735660540274,0.7580645161290323,0.20967741935483875,CHEMBL244_Ki
89709943,mondrian_std,cliffB_oracle,all,620,549,0.885483870967742,0.8580094875570828,0.9082108289053853,2.6672589809331786,,,,,CHEMBL244_Ki
89709943,mondrian_std,cliffB_oracle,cliff,30,16,0.5333333333333333,0.36142299619873297,0.6976761109230025,2.8446685940980467,,,,,CHEMBL244_Ki
89709943,mondrian_std,cliffB_oracle,noncliff,590,533,0.9033898305084745,0.8768766687623913,0.9246840726268765,2.6582381531451342,,,,,CHEMBL244_Ki
89709943,mondrian_std,cliffA,all,620,549,0.885483870967742,0.8580094875570828,0.9082108289053853,2.6672589809331786,,,,,CHEMBL244_Ki
89709943,mondrian_std,cliffA,cliff,70,52,0.7428571428571429,0.6297386985284517,0.8307072425865616,2.8618993845683467,,,,,CHEMBL244_Ki
89709943,mondrian_std,cliffA,noncliff,550,497,0.9036363636363637,0.8761019168472626,0.9255715457090046,2.6424865659250663,,,,,CHEMBL244_Ki
89709943,mondrian_std,__bins__,__summary__,-1,-1,,,,2.6672589809331786,0.835820895522388,0.0897989391883558,0.75,0.217741935483871,CHEMBL244_Ki
89709943,mondrian_iqr,cliffB_oracle,all,620,558,0.9,0.8738669993319952,0.9212068018508168,2.7404551951000924,,,,,CHEMBL244_Ki
89709943,mondrian_iqr,cliffB_oracle,cliff,30,19,0.6333333333333333,0.4551356365479487,0.7812607919389929,2.800608794485701,,,,,CHEMBL244_Ki
89709943,mondrian_iqr,cliffB_oracle,noncliff,590,539,0.9135593220338983,0.8881246429284876,0.9336435121092493,2.7373965375042144,,,,,CHEMBL244_Ki
89709943,mondrian_iqr,cliffA,all,620,558,0.9,0.8738669993319952,0.9212068018508168,2.7404551951000924,,,,,CHEMBL244_Ki
89709943,mondrian_iqr,cliffA,cliff,70,55,0.7857142857142857,0.676088137365211,0.8656129698289221,2.7861434973376,,,,,CHEMBL244_Ki
89709943,mondrian_iqr,cliffA,noncliff,550,503,0.9145454545454546,0.888210998097761,0.9351293147978645,2.734640320269864,,,,,CHEMBL244_Ki
89709943,mondrian_iqr,__bins__,__summary__,-1,-1,,,,2.7404551951000924,0.8283582089552238,0.13858393980510675,0.782258064516129,0.19354838709677424,CHEMBL244_Ki
89709943,mondrian_nb,cliffB_oracle,all,620,562,0.9064516129032258,0.8809613269974353,0.9269362451721962,2.891895798048626,,,,,CHEMBL244_Ki
89709943,mondrian_nb,cliffB_oracle,cliff,30,18,0.6,0.42320360253322475,0.7540937188319815,2.7088561956183543,,,,,CHEMBL244_Ki
89709943,mondrian_nb,cliffB_oracle,noncliff,590,544,0.9220338983050848,0.8975672171740464,0.9410404492374146,2.901202896477284,,,,,CHEMBL244_Ki
89709943,mondrian_nb,cliffA,all,620,562,0.9064516129032258,0.8809613269974353,0.9269362451721962,2.891895798048626,,,,,CHEMBL244_Ki
89709943,mondrian_nb,cliffA,cliff,70,53,0.7571428571428571,0.6450496077036256,0.8424813887710942,2.7343433147499736,,,,,CHEMBL244_Ki
89709943,mondrian_nb,cliffA,noncliff,550,509,0.9254545454545454,0.9004306629657973,0.9445765002691867,2.9119479322866364,,,,,CHEMBL244_Ki
89709943,mondrian_nb,__bins__,__summary__,-1,-1,,,,2.891895798048626,0.8059701492537313,0.177500925126434,0.8064516129032258,0.16129032258064524,CHEMBL244_Ki
89709943,mondrian_nnsim,cliffB_oracle,all,620,562,0.9064516129032258,0.8809613269974353,0.9269362451721962,2.874709454775042,,,,,CHEMBL244_Ki
89709943,mondrian_nnsim,cliffB_oracle,cliff,30,19,0.6333333333333333,0.4551356365479487,0.7812607919389929,2.691103138396002,,,,,CHEMBL244_Ki
89709943,mondrian_nnsim,cliffB_oracle,noncliff,590,543,0.9203389830508475,0.8956732056473117,0.9395665584894045,2.884045369167196,,,,,CHEMBL244_Ki
89709943,mondrian_nnsim,cliffA,all,620,562,0.9064516129032258,0.8809613269974353,0.9269362451721962,2.874709454775042,,,,,CHEMBL244_Ki
89709943,mondrian_nnsim,cliffA,cliff,70,54,0.7714285714285715,0.6604966840601509,0.8541193677742756,2.7393960144954246,,,,,CHEMBL244_Ki
89709943,mondrian_nnsim,cliffA,noncliff,550,508,0.9236363636363636,0.8983855183701248,0.9430105031416327,2.891931165356084,,,,,CHEMBL244_Ki
89709943,mondrian_nnsim,__bins__,__summary__,-1,-1,,,,2.874709454775042,0.8283582089552238,0.16337732823485884,0.7741935483870968,0.2016129032258065,CHEMBL244_Ki
89709943,mondrian_pairgap,cliffB_oracle,all,620,559,0.9016129032258065,0.8756377071820901,0.9226420367474267,2.8155223442700823,,,,,CHEMBL244_Ki
89709943,mondrian_pairgap,cliffB_oracle,cliff,30,18,0.6,0.42320360253322475,0.7540937188319815,2.846253397181165,,,,,CHEMBL244_Ki
89709943,mondrian_pairgap,cliffB_oracle,noncliff,590,541,0.9169491525423729,0.8918935789887652,0.9366103805984614,2.8139597483593493,,,,,CHEMBL244_Ki
89709943,mondrian_pairgap,cliffA,all,620,559,0.9016129032258065,0.8756377071820901,0.9226420367474267,2.8155223442700823,,,,,CHEMBL244_Ki
89709943,mondrian_pairgap,cliffA,cliff,70,54,0.7714285714285715,0.6604966840601509,0.8541193677742756,2.8503579838080086,,,,,CHEMBL244_Ki
89709943,mondrian_pairgap,cliffA,noncliff,550,505,0.9181818181818182,0.8922709784701807,0.9382916178718977,2.8110887174198003,,,,,CHEMBL244_Ki
89709943,mondrian_pairgap,__bins__,__summary__,-1,-1,,,,2.8155223442700823,0.8208955223880597,0.1625755519921056,0.7661290322580645,0.20967741935483875,CHEMBL244_Ki
89709943,mondrian_rfstd,cliffB_oracle,all,620,566,0.9129032258064517,0.8880879782127536,0.9326333649436976,2.6884144056923094,,,,,CHEMBL244_Ki
89709943,mondrian_rfstd,cliffB_oracle,cliff,30,17,0.5666666666666667,0.3919730700081361,0.7262251442353347,2.8225579753587775,,,,,CHEMBL244_Ki
89709943,mondrian_rfstd,cliffB_oracle,noncliff,590,549,0.9305084745762712,0.9070827086233147,0.9483644691618703,2.6815935462177434,,,,,CHEMBL244_Ki
89709943,mondrian_rfstd,cliffA,all,620,566,0.9129032258064517,0.8880879782127536,0.9326333649436976,2.6884144056923094,,,,,CHEMBL244_Ki
89709943,mondrian_rfstd,cliffA,cliff,70,54,0.7714285714285715,0.6604966840601509,0.8541193677742756,2.7736164992156875,,,,,CHEMBL244_Ki
89709943,mondrian_rfstd,cliffA,noncliff,550,512,0.9309090909090909,0.9065886331766233,0.9492519552280401,2.677570502880243,,,,,CHEMBL244_Ki
89709943,mondrian_rfstd,__bins__,__summary__,-1,-1,,,,2.6884144056923094,0.859504132231405,0.11570247933884292,0.8790322580645161,0.08064516129032262,CHEMBL244_Ki
86921808,global,cliffB_oracle,all,620,584,0.9419354838709677,0.9206617565441353,0.9577665560530038,3.24080921036493,,,,,CHEMBL244_Ki
86921808,global,cliffB_oracle,cliff,32,23,0.71875,0.5462549057408342,0.8443541950225723,3.2408092103649295,,,,,CHEMBL244_Ki
86921808,global,cliffB_oracle,noncliff,588,561,0.9540816326530612,0.9340158359807818,0.9682528240486301,3.2408092103649295,,,,,CHEMBL244_Ki
86921808,global,cliffA,all,620,584,0.9419354838709677,0.9206617565441353,0.9577665560530038,3.24080921036493,,,,,CHEMBL244_Ki
86921808,global,cliffA,cliff,62,51,0.8225806451612904,0.7095843311430364,0.8979356223399492,3.2408092103649304,,,,,CHEMBL244_Ki
86921808,global,cliffA,noncliff,558,533,0.9551971326164874,0.9346983092605917,0.9694713493229746,3.2408092103649295,,,,,CHEMBL244_Ki
86921808,global,__bins__,__summary__,-1,-1,,,,3.24080921036493,0.8682170542635659,0.12365286443562107,0.8548387096774194,0.12903225806451613,CHEMBL244_Ki
86921808,mondrian_pair,cliffB_oracle,all,620,584,0.9419354838709677,0.9206617565441353,0.9577665560530038,3.2591289843239317,,,,,CHEMBL244_Ki
86921808,mondrian_pair,cliffB_oracle,cliff,32,23,0.71875,0.5462549057408342,0.8443541950225723,3.2512755832989795,,,,,CHEMBL244_Ki
86921808,mondrian_pair,cliffB_oracle,noncliff,588,561,0.9540816326530612,0.9340158359807818,0.9682528240486301,3.2595563802980783,,,,,CHEMBL244_Ki
86921808,mondrian_pair,cliffA,all,620,584,0.9419354838709677,0.9206617565441353,0.9577665560530038,3.2591289843239317,,,,,CHEMBL244_Ki
86921808,mondrian_pair,cliffA,cliff,62,51,0.8225806451612904,0.7095843311430364,0.8979356223399492,3.2506625404909517,,,,,CHEMBL244_Ki
86921808,mondrian_pair,cliffA,noncliff,558,533,0.9551971326164874,0.9346983092605917,0.9694713493229746,3.2600697003053734,,,,,CHEMBL244_Ki
86921808,mondrian_pair,__bins__,__summary__,-1,-1,,,,3.2591289843239317,0.8682170542635659,0.12365286443562107,0.8548387096774194,0.12903225806451613,CHEMBL244_Ki
86921808,mondrian_wstd,cliffB_oracle,all,620,580,0.9354838709677419,0.9133385997584584,0.9522659418518609,3.177207667753739,,,,,CHEMBL244_Ki
86921808,mondrian_wstd,cliffB_oracle,cliff,32,23,0.71875,0.5462549057408342,0.8443541950225723,3.570580209813209,,,,,CHEMBL244_Ki
86921808,mondrian_wstd,cliffB_oracle,noncliff,588,557,0.9472789115646258,0.9261388912530196,0.9626126352928056,3.1557996382539044,,,,,CHEMBL244_Ki
86921808,mondrian_wstd,cliffA,all,620,580,0.9354838709677419,0.9133385997584584,0.9522659418518609,3.177207667753739,,,,,CHEMBL244_Ki
86921808,mondrian_wstd,cliffA,cliff,62,51,0.8225806451612904,0.7095843311430364,0.8979356223399492,3.506213970943254,,,,,CHEMBL244_Ki
86921808,mondrian_wstd,cliffA,noncliff,558,529,0.9480286738351255,0.9263573771532363,0.9635733891691718,3.140651411843793,,,,,CHEMBL244_Ki
86921808,mondrian_wstd,__bins__,__summary__,-1,-1,,,,3.177207667753739,0.9069767441860465,0.0523728493098885,0.8387096774193549,0.13709677419354838,CHEMBL244_Ki
86921808,mondrian_std,cliffB_oracle,all,620,580,0.9354838709677419,0.9133385997584584,0.9522659418518609,3.222247910858281,,,,,CHEMBL244_Ki
86921808,mondrian_std,cliffB_oracle,cliff,32,23,0.71875,0.5462549057408342,0.8443541950225723,3.5731655468038612,,,,,CHEMBL244_Ki
86921808,mondrian_std,cliffB_oracle,noncliff,588,557,0.9472789115646258,0.9261388912530196,0.9626126352928056,3.203150352439474,,,,,CHEMBL244_Ki
86921808,mondrian_std,cliffA,all,620,580,0.9354838709677419,0.9133385997584584,0.9522659418518609,3.222247910858281,,,,,CHEMBL244_Ki
86921808,mondrian_std,cliffA,cliff,62,51,0.8225806451612904,0.7095843311430364,0.8979356223399492,3.5218092082652226,,,,,CHEMBL244_Ki
86921808,mondrian_std,cliffA,noncliff,558,529,0.9480286738351255,0.9263573771532363,0.9635733891691718,3.1889633222575102,,,,,CHEMBL244_Ki
86921808,mondrian_std,__bins__,__summary__,-1,-1,,,,3.222247910858281,0.8914728682170543,0.06787672527888067,0.8306451612903226,0.15322580645161288,CHEMBL244_Ki
86921808,mondrian_iqr,cliffB_oracle,all,620,582,0.9387096774193548,0.916993043409793,0.9550233836939364,3.372029823425828,,,,,CHEMBL244_Ki
86921808,mondrian_iqr,cliffB_oracle,cliff,32,23,0.71875,0.5462549057408342,0.8443541950225723,3.4857970901521957,,,,,CHEMBL244_Ki
86921808,mondrian_iqr,cliffB_oracle,noncliff,588,559,0.9506802721088435,0.930066412593821,0.9654436806937976,3.3658384075495626,,,,,CHEMBL244_Ki
86921808,mondrian_iqr,cliffA,all,620,582,0.9387096774193548,0.916993043409793,0.9550233836939364,3.372029823425828,,,,,CHEMBL244_Ki
86921808,mondrian_iqr,cliffA,cliff,62,51,0.8225806451612904,0.7095843311430364,0.8979356223399492,3.492331865629993,,,,,CHEMBL244_Ki
86921808,mondrian_iqr,cliffA,noncliff,558,531,0.9516129032258065,0.9305150612813656,0.9665351511716217,3.358662929847587,,,,,CHEMBL244_Ki
86921808,mondrian_iqr,__bins__,__summary__,-1,-1,,,,3.372029823425828,0.8837209302325582,0.0918888258650028,0.8387096774193549,0.13709677419354838,CHEMBL244_Ki
86921808,mondrian_nb,cliffB_oracle,all,620,587,0.9467741935483871,0.9261940213358686,0.9618521195013852,3.382677028932828,,,,,CHEMBL244_Ki
86921808,mondrian_nb,cliffB_oracle,cliff,32,25,0.78125,0.6124500635075647,0.8897616374739581,3.364331150803111,,,,,CHEMBL244_Ki
86921808,mondrian_nb,cliffB_oracle,noncliff,588,562,0.95578231292517,0.9359994534027842,0.9696484899975242,3.383675444069139,,,,,CHEMBL244_Ki
86921808,mondrian_nb,cliffA,all,620,587,0.9467741935483871,0.9261940213358686,0.9618521195013852,3.382677028932828,,,,,CHEMBL244_Ki
86921808,mondrian_nb,cliffA,cliff,62,53,0.8548387096774194,0.7465660628844542,0.9217058859468299,3.3247785337692175,,,,,CHEMBL244_Ki
86921808,mondrian_nb,cliffA,noncliff,558,534,0.956989247311828,0.9368003908994105,0.9709289907494458,3.3891101950621176,,,,,CHEMBL244_Ki
86921808,mondrian_nb,__bins__,__summary__,-1,-1,,,,3.382677028932828,0.8682170542635659,0.12365286443562107,0.8548387096774194,0.13709677419354838,CHEMBL244_Ki
86921808,mondrian_nnsim,cliffB_oracle,all,620,584,0.9419354838709677,0.9206617565441353,0.9577665560530038,3.2872192660740436,,,,,CHEMBL244_Ki
86921808,mondrian_nnsim,cliffB_oracle,cliff,32,24,0.75,0.5789344100575552,0.8674759908149096,3.354894524685157,,,,,CHEMBL244_Ki
86921808,mondrian_nnsim,cliffB_oracle,noncliff,588,560,0.9523809523809523,0.9320382539577924,0.9668511227007227,3.2835362588026906,,,,,CHEMBL244_Ki
86921808,mondrian_nnsim,cliffA,all,620,584,0.9419354838709677,0.9206617565441353,0.9577665560530038,3.2872192660740436,,,,,CHEMBL244_Ki
86921808,mondrian_nnsim,cliffA,cliff,62,53,0.8548387096774194,0.7465660628844542,0.9217058859468299,3.2843616049798166,,,,,CHEMBL244_Ki
86921808,mondrian_nnsim,cliffA,noncliff,558,531,0.9516129032258065,0.9305150612813656,0.9665351511716217,3.2875367839734024,,,,,CHEMBL244_Ki
86921808,mondrian_nnsim,__bins__,__summary__,-1,-1,,,,3.2872192660740436,0.8604651162790697,0.1314048024201172,0.8548387096774194,0.12903225806451613,CHEMBL244_Ki
86921808,mondrian_pairgap,cliffB_oracle,all,620,586,0.9451612903225807,0.9243458351885254,0.9604943629020235,3.322455183869143,,,,,CHEMBL244_Ki
86921808,mondrian_pairgap,cliffB_oracle,cliff,32,23,0.71875,0.5462549057408342,0.8443541950225723,3.3685536855175946,,,,,CHEMBL244_Ki
86921808,mondrian_pairgap,cliffB_oracle,noncliff,588,563,0.9574829931972789,0.9379894283413944,0.9710377984298108,3.3199464218746697,,,,,CHEMBL244_Ki
86921808,mondrian_pairgap,cliffA,all,620,586,0.9451612903225807,0.9243458351885254,0.9604943629020235,3.322455183869143,,,,,CHEMBL244_Ki
86921808,mondrian_pairgap,cliffA,cliff,62,52,0.8387096774193549,0.7279366398602256,0.9099593112969091,3.3690603383295925,,,,,CHEMBL244_Ki
86921808,mondrian_pairgap,cliffA,noncliff,558,534,0.956989247311828,0.9368003908994105,0.9709289907494458,3.317276833373538,,,,,CHEMBL244_Ki
86921808,mondrian_pairgap,__bins__,__summary__,-1,-1,,,,3.322455183869143,0.875968992248062,0.11590092645112493,0.8709677419354839,0.11290322580645162,CHEMBL244_Ki
86921808,mondrian_rfstd,cliffB_oracle,all,620,577,0.9306451612903226,0.9078816094683622,0.9481051039018427,2.9171779034097662,,,,,CHEMBL244_Ki
86921808,mondrian_rfstd,cliffB_oracle,cliff,32,21,0.65625,0.4831108797896222,0.7958956207556682,3.0660196064613374,,,,,CHEMBL244_Ki
86921808,mondrian_rfstd,cliffB_oracle,noncliff,588,556,0.9455782312925171,0.9241827324233349,0.9611895107515935,2.909077674672266,,,,,CHEMBL244_Ki
86921808,mondrian_rfstd,cliffA,all,620,577,0.9306451612903226,0.9078816094683622,0.9481051039018427,2.9171779034097662,,,,,CHEMBL244_Ki
86921808,mondrian_rfstd,cliffA,cliff,62,50,0.8064516129032258,0.6914820382117386,0.8856619175970974,3.1050984673923825,,,,,CHEMBL244_Ki
86921808,mondrian_rfstd,cliffA,noncliff,558,527,0.9444444444444444,0.922222866118078,0.9605884540737506,2.8962978407450306,,,,,CHEMBL244_Ki
86921808,mondrian_rfstd,__bins__,__summary__,-1,-1,,,,2.9171779034097662,0.8837209302325582,0.0756286632633768,0.8790322580645161,0.08870967741935487,CHEMBL244_Ki
71339737,global,cliffB_oracle,all,664,621,0.9352409638554217,0.9139054827570487,0.9515693876121247,2.5641236309520323,,,,,CHEMBL214_Ki
71339737,global,cliffB_oracle,cliff,16,12,0.75,0.5050168346449122,0.8981793250878696,2.5641236309520323,,,,,CHEMBL214_Ki
71339737,global,cliffB_oracle,noncliff,648,609,0.9398148148148148,0.9187822430074739,0.9556635172104155,2.5641236309520323,,,,,CHEMBL214_Ki
71339737,global,cliffA,all,664,621,0.9352409638554217,0.9139054827570487,0.9515693876121247,2.5641236309520323,,,,,CHEMBL214_Ki
71339737,global,cliffA,cliff,50,40,0.8,0.6696289406777459,0.887562499842239,2.564123630952032,,,,,CHEMBL214_Ki
71339737,global,cliffA,noncliff,614,581,0.9462540716612378,0.9254820726005214,0.9614768586534542,2.5641236309520323,,,,,CHEMBL214_Ki
71339737,global,__bins__,__summary__,-1,-1,,,,2.5641236309520323,0.8838709677419355,0.09250698501397003,0.8270676691729323,0.1578947368421053,CHEMBL214_Ki
71339737,mondrian_pair,cliffB_oracle,all,664,621,0.9352409638554217,0.9139054827570487,0.9515693876121247,2.539237307284123,,,,,CHEMBL214_Ki
71339737,mondrian_pair,cliffB_oracle,cliff,16,12,0.75,0.5050168346449122,0.8981793250878696,2.6377844163150552,,,,,CHEMBL214_Ki
71339737,mondrian_pair,cliffB_oracle,noncliff,648,609,0.9398148148148148,0.9187822430074739,0.9556635172104155,2.536804045332742,,,,,CHEMBL214_Ki
71339737,mondrian_pair,cliffA,all,664,621,0.9352409638554217,0.9139054827570487,0.9515693876121247,2.539237307284123,,,,,CHEMBL214_Ki
71339737,mondrian_pair,cliffA,cliff,50,40,0.8,0.6696289406777459,0.887562499842239,2.618355888881403,,,,,CHEMBL214_Ki
71339737,mondrian_pair,cliffA,noncliff,614,581,0.9462540716612378,0.9254820726005214,0.9614768586534542,2.5327944260465594,,,,,CHEMBL214_Ki
71339737,mondrian_pair,__bins__,__summary__,-1,-1,,,,2.539237307284123,0.8774193548387097,0.10683261366522734,0.8195488721804511,0.1578947368421052,CHEMBL214_Ki
71339737,mondrian_wstd,cliffB_oracle,all,664,621,0.9352409638554217,0.9139054827570487,0.9515693876121247,2.507408127820682,,,,,CHEMBL214_Ki
71339737,mondrian_wstd,cliffB_oracle,cliff,16,11,0.6875,0.44404355834740666,0.8583535614521796,2.399370287783829,,,,,CHEMBL214_Ki
71339737,mondrian_wstd,cliffB_oracle,noncliff,648,610,0.941358024691358,0.920533645320611,0.9569803456348851,2.510075728809246,,,,,CHEMBL214_Ki
71339737,mondrian_wstd,cliffA,all,664,621,0.9352409638554217,0.9139054827570487,0.9515693876121247,2.507408127820682,,,,,CHEMBL214_Ki
71339737,mondrian_wstd,cliffA,cliff,50,42,0.84,0.7148578393696501,0.916625793219666,2.6301335253144056,,,,,CHEMBL214_Ki
71339737,mondrian_wstd,cliffA,noncliff,614,579,0.9429967426710097,0.9217544520894615,0.9587303263816384,2.4974142029433426,,,,,CHEMBL214_Ki
71339737,mondrian_wstd,__bins__,__summary__,-1,-1,,,,2.507408127820682,0.8818897637795275,0.08661417322834641,0.8721804511278195,0.09774436090225569,CHEMBL214_Ki
71339737,mondrian_std,cliffB_oracle,all,664,624,0.9397590361445783,0.9190077309984227,0.9554513075752752,2.563404312717418,,,,,CHEMBL214_Ki
71339737,mondrian_std,cliffB_oracle,cliff,16,11,0.6875,0.44404355834740666,0.8583535614521796,2.499304486578594,,,,,CHEMBL214_Ki
71339737,mondrian_std,cliffB_oracle,noncliff,648,613,0.9459876543209876,0.9258087504435458,0.9609099327247702,2.564987024473932,,,,,CHEMBL214_Ki
71339737,mondrian_std,cliffA,all,664,624,0.9397590361445783,0.9190077309984227,0.9554513075752752,2.563404312717418,,,,,CHEMBL214_Ki
71339737,mondrian_std,cliffA,cliff,50,42,0.84,0.7148578393696501,0.916625793219666,2.715584428969297,,,,,CHEMBL214_Ki
71339737,mondrian_std,cliffA,noncliff,614,582,0.9478827361563518,0.9273523521227061,0.9628436555227073,2.55101179510733,,,,,CHEMBL214_Ki
71339737,mondrian_std,__bins__,__summary__,-1,-1,,,,2.563404312717418,0.9133858267716536,0.04724409448818889,0.8796992481203008,0.09774436090225558,CHEMBL214_Ki
71339737,mondrian_iqr,cliffB_oracle,all,664,625,0.9412650602409639,0.9207145128046356,0.9567392485039038,2.5457751630156227,,,,,CHEMBL214_Ki
71339737,mondrian_iqr,cliffB_oracle,cliff,16,10,0.625,0.38641040545502714,0.8151876744113636,2.2836031797083267,,,,,CHEMBL214_Ki
71339737,mondrian_iqr,cliffB_oracle,noncliff,648,615,0.9490740740740741,0.9293442792717059,0.9635108653718234,2.552248545319507,,,,,CHEMBL214_Ki
71339737,mondrian_iqr,cliffA,all,664,625,0.9412650602409639,0.9207145128046356,0.9567392485039038,2.5457751630156227,,,,,CHEMBL214_Ki
71339737,mondrian_iqr,cliffA,cliff,50,40,0.8,0.6696289406777459,0.887562499842239,2.439908691956429,,,,,CHEMBL214_Ki
71339737,mondrian_iqr,cliffA,noncliff,614,585,0.9527687296416938,0.932991381760311,0.9669158550594159,2.5543962111474787,,,,,CHEMBL214_Ki
71339737,mondrian_iqr,__bins__,__summary__,-1,-1,,,,2.5457751630156227,0.9212598425196851,0.04724409448818889,0.9097744360902256,0.06015037593984962,CHEMBL214_Ki
71339737,mondrian_nb,cliffB_oracle,all,664,628,0.9457831325301205,0.925854483131986,0.9605834463810775,2.6400840707916284,,,,,CHEMBL214_Ki
71339737,mondrian_nb,cliffB_oracle,cliff,16,12,0.75,0.5050168346449122,0.8981793250878696,2.5418601044753233,,,,,CHEMBL214_Ki
71339737,mondrian_nb,cliffB_oracle,noncliff,648,616,0.9506172839506173,0.9311181467508924,0.9648052286302435,2.6425093539105498,,,,,CHEMBL214_Ki
71339737,mondrian_nb,cliffA,all,664,628,0.9457831325301205,0.925854483131986,0.9605834463810775,2.6400840707916284,,,,,CHEMBL214_Ki
71339737,mondrian_nb,cliffA,cliff,50,40,0.8,0.6696289406777459,0.887562499842239,2.556468184769806,,,,,CHEMBL214_Ki
71339737,mondrian_nb,cliffA,noncliff,614,588,0.9576547231270358,0.938677532106824,0.9709409338872167,2.6468931820311905,,,,,CHEMBL214_Ki
71339737,mondrian_nb,__bins__,__summary__,-1,-1,,,,2.6400840707916284,0.9032258064516129,0.07315214630429268,0.8721804511278195,0.1127819548872181,CHEMBL214_Ki
71339737,mondrian_nnsim,cliffB_oracle,all,664,631,0.9503012048192772,0.9310265780435284,0.9643955196740596,2.7701804089727964,,,,,CHEMBL214_Ki
71339737,mondrian_nnsim,cliffB_oracle,cliff,16,14,0.875,0.639771727342413,0.9650225122567595,3.2035242886708297,,,,,CHEMBL214_Ki
71339737,mondrian_nnsim,cliffB_oracle,noncliff,648,617,0.9521604938271605,0.9328963170043553,0.9660952891143874,2.7594805600913634,,,,,CHEMBL214_Ki
71339737,mondrian_nnsim,cliffA,all,664,631,0.9503012048192772,0.9310265780435284,0.9643955196740596,2.7701804089727964,,,,,CHEMBL214_Ki
71339737,mondrian_nnsim,cliffA,cliff,50,43,0.86,0.7381380628941446,0.9304916657298371,2.920861847562144,,,,,CHEMBL214_Ki
71339737,mondrian_nnsim,cliffA,noncliff,614,588,0.9576547231270358,0.938677532106824,0.9709409338872167,2.7579099335176376,,,,,CHEMBL214_Ki
71339737,mondrian_nnsim,__bins__,__summary__,-1,-1,,,,2.7701804089727964,0.9290322580645162,0.055219710439420866,0.8721804511278195,0.12030075187969924,CHEMBL214_Ki
71339737,mondrian_pairgap,cliffB_oracle,all,664,624,0.9397590361445783,0.9190077309984227,0.9554513075752752,2.642509765963637,,,,,CHEMBL214_Ki
71339737,mondrian_pairgap,cliffB_oracle,cliff,16,13,0.8125,0.5699111903802586,0.9340840092857187,2.5423461068334143,,,,,CHEMBL214_Ki
71339737,mondrian_pairgap,cliffB_oracle,noncliff,648,611,0.9429012345679012,0.9222884449011165,0.9582937767919862,2.6449829427322844,,,,,CHEMBL214_Ki
71339737,mondrian_pairgap,cliffA,all,664,624,0.9397590361445783,0.9190077309984227,0.9554513075752752,2.642509765963637,,,,,CHEMBL214_Ki
71339737,mondrian_pairgap,cliffA,cliff,50,41,0.82,0.6920394632569922,0.9022980732976582,2.627111413659613,,,,,CHEMBL214_Ki
71339737,mondrian_pairgap,cliffA,noncliff,614,583,0.9495114006514658,0.9292271917399942,0.9642058922968569,2.643763703447678,,,,,CHEMBL214_Ki
71339737,mondrian_pairgap,__bins__,__summary__,-1,-1,,,,2.642509765963637,0.8903225806451613,0.08605537211074421,0.8345864661654135,0.1428571428571428,CHEMBL214_Ki
71339737,mondrian_rfstd,cliffB_oracle,all,664,621,0.9352409638554217,0.9139054827570487,0.9515693876121247,2.437415027860004,,,,,CHEMBL214_Ki
71339737,mondrian_rfstd,cliffB_oracle,cliff,16,9,0.5625,0.331785563988119,0.7690134759450765,2.241200749200173,,,,,CHEMBL214_Ki
71339737,mondrian_rfstd,cliffB_oracle,noncliff,648,612,0.9444444444444444,0.9240467682595019,0.9596036841712074,2.4422598248639504,,,,,CHEMBL214_Ki
71339737,mondrian_rfstd,cliffA,all,664,621,0.9352409638554217,0.9139054827570487,0.9515693876121247,2.437415027860004,,,,,CHEMBL214_Ki
71339737,mondrian_rfstd,cliffA,cliff,50,39,0.78,0.6475845041874634,0.8724608402978559,2.4155442191295533,,,,,CHEMBL214_Ki
71339737,mondrian_rfstd,cliffA,noncliff,614,582,0.9478827361563518,0.9273523521227061,0.9628436555227073,2.4391960383429403,,,,,CHEMBL214_Ki
71339737,mondrian_rfstd,__bins__,__summary__,-1,-1,,,,2.437415027860004,0.9133858267716536,0.047551673228346414,0.9022556390977443,0.06015037593984962,CHEMBL214_Ki
99182118,global,cliffB_oracle,all,664,602,0.9066265060240963,0.8820972576582541,0.9264778807489323,2.4825178116733717,,,,,CHEMBL214_Ki
99182118,global,cliffB_oracle,cliff,30,21,0.7,0.5212421254128504,0.8333525173175619,2.4825178116733726,,,,,CHEMBL214_Ki
99182118,global,cliffB_oracle,noncliff,634,581,0.916403785488959,0.8922703396730751,0.935521571151003,2.4825178116733717,,,,,CHEMBL214_Ki
99182118,global,cliffA,all,664,602,0.9066265060240963,0.8820972576582541,0.9264778807489323,2.4825178116733717,,,,,CHEMBL214_Ki
99182118,global,cliffA,cliff,49,38,0.7755102040816326,0.6412121276403999,0.869750298503408,2.4825178116733717,,,,,CHEMBL214_Ki
99182118,global,cliffA,noncliff,615,564,0.9170731707317074,0.8926030764124725,0.93636530100944,2.4825178116733717,,,,,CHEMBL214_Ki
99182118,global,__bins__,__summary__,-1,-1,,,,2.4825178116733717,0.823170731707317,0.15282926829268295,0.7669172932330827,0.21052631578947367,CHEMBL214_Ki
99182118,mondrian_pair,cliffB_oracle,all,664,606,0.9126506024096386,0.8887320728626952,0.9318219564838571,2.4929148183664362,,,,,CHEMBL214_Ki
99182118,mondrian_pair,cliffB_oracle,cliff,30,19,0.6333333333333333,0.4551356365479487,0.7812607919389929,2.3840219772308484,,,,,CHEMBL214_Ki
99182118,mondrian_pair,cliffB_oracle,noncliff,634,587,0.9258675078864353,0.9028099959776471,0.9437953673651601,2.498067476464335,,,,,CHEMBL214_Ki
99182118,mondrian_pair,cliffA,all,664,606,0.9126506024096386,0.8887320728626952,0.9318219564838571,2.4929148183664362,,,,,CHEMBL214_Ki
99182118,mondrian_pair,cliffA,cliff,49,36,0.7346938775510204,0.5973771102868921,0.8378871786504258,2.3887109810424274,,,,,CHEMBL214_Ki
99182118,mondrian_pair,cliffA,noncliff,615,570,0.926829268292683,0.9034917392964048,0.9448677112815758,2.5012172379255846,,,,,CHEMBL214_Ki
99182118,mondrian_pair,__bins__,__summary__,-1,-1,,,,2.4929148183664362,0.8292682926829268,0.1547317073170732,0.7819548872180451,0.18796992481203012,CHEMBL214_Ki
99182118,mondrian_wstd,cliffB_oracle,all,664,605,0.911144578313253,0.8870706739760283,0.9304886326356825,2.411967820118429,,,,,CHEMBL214_Ki
99182118,mondrian_wstd,cliffB_oracle,cliff,30,24,0.8,0.6269430358685175,0.9049489282271013,2.7885895386327766,,,,,CHEMBL214_Ki
99182118,mondrian_wstd,cliffB_oracle,noncliff,634,581,0.916403785488959,0.8922703396730751,0.935521571151003,2.3941466031540277,,,,,CHEMBL214_Ki
99182118,mondrian_wstd,cliffA,all,664,605,0.911144578313253,0.8870706739760283,0.9304886326356825,2.411967820118429,,,,,CHEMBL214_Ki
99182118,mondrian_wstd,cliffA,cliff,49,38,0.7755102040816326,0.6412121276403999,0.869750298503408,2.673000451679744,,,,,CHEMBL214_Ki
99182118,mondrian_wstd,cliffA,noncliff,615,567,0.9219512195121952,0.8980356025530154,0.9406283114469312,2.391170098254194,,,,,CHEMBL214_Ki
99182118,mondrian_wstd,__bins__,__summary__,-1,-1,,,,2.411967820118429,0.88,0.05902439024390238,0.8120300751879699,0.1428571428571429,CHEMBL214_Ki
99182118,mondrian_std,cliffB_oracle,all,664,606,0.9126506024096386,0.8887320728626952,0.9318219564838571,2.4320802543852755,,,,,CHEMBL214_Ki
99182118,mondrian_std,cliffB_oracle,cliff,30,24,0.8,0.6269430358685175,0.9049489282271013,2.7864789006999047,,,,,CHEMBL214_Ki
99182118,mondrian_std,cliffB_oracle,noncliff,634,582,0.917981072555205,0.8940210550262445,0.9369064312176217,2.41531060235146,,,,,CHEMBL214_Ki
99182118,mondrian_std,cliffA,all,664,606,0.9126506024096386,0.8887320728626952,0.9318219564838571,2.4320802543852755,,,,,CHEMBL214_Ki
99182118,mondrian_std,cliffA,cliff,49,38,0.7755102040816326,0.6412121276403999,0.869750298503408,2.6769587786680935,,,,,CHEMBL214_Ki
99182118,mondrian_std,cliffA,noncliff,615,568,0.9235772357723577,0.8998515921609604,0.9420441673649973,2.4125696077350995,,,,,CHEMBL214_Ki
99182118,mondrian_std,__bins__,__summary__,-1,-1,,,,2.4320802543852755,0.872,0.06702439024390239,0.8120300751879699,0.15037593984962405,CHEMBL214_Ki
99182118,mondrian_iqr,cliffB_oracle,all,664,612,0.9216867469879518,0.8987412381850585,0.9397811275705422,2.534083815023335,,,,,CHEMBL214_Ki
99182118,mondrian_iqr,cliffB_oracle,cliff,30,24,0.8,0.6269430358685175,0.9049489282271013,2.6821288851135807,,,,,CHEMBL214_Ki
99182118,mondrian_iqr,cliffB_oracle,noncliff,634,588,0.9274447949526814,0.9045753205044584,0.9451656182581369,2.5270785277950902,,,,,CHEMBL214_Ki
99182118,mondrian_iqr,cliffA,all,664,612,0.9216867469879518,0.8987412381850585,0.9397811275705422,2.534083815023335,,,,,CHEMBL214_Ki
99182118,mondrian_iqr,cliffA,cliff,49,38,0.7755102040816326,0.6412121276403999,0.869750298503408,2.5630388833553512,,,,,CHEMBL214_Ki
99182118,mondrian_iqr,cliffA,noncliff,615,574,0.9333333333333333,0.910807082389636,0.95047975029239,2.531776825839158,,,,,CHEMBL214_Ki
99182118,mondrian_iqr,__bins__,__summary__,-1,-1,,,,2.534083815023335,0.904,0.03200000000000003,0.8345864661654135,0.12030075187969924,CHEMBL214_Ki
99182118,mondrian_nb,cliffB_oracle,all,664,610,0.9186746987951807,0.8953967685012167,0.9371361517847012,2.5311053451826573,,,,,CHEMBL214_Ki
99182118,mondrian_nb,cliffB_oracle,cliff,30,20,0.6666666666666666,0.4878005164454384,0.8076950191632386,2.270311192461168,,,,,CHEMBL214_Ki
99182118,mondrian_nb,cliffB_oracle,noncliff,634,590,0.9305993690851735,0.9081140988915429,0.9478979907106287,2.5434457625038625,,,,,CHEMBL214_Ki
99182118,mondrian_nb,cliffA,all,664,610,0.9186746987951807,0.8953967685012167,0.9371361517847012,2.5311053451826573,,,,,CHEMBL214_Ki
99182118,mondrian_nb,cliffA,cliff,49,36,0.7346938775510204,0.5973771102868921,0.8378871786504258,2.3278650707482216,,,,,CHEMBL214_Ki
99182118,mondrian_nb,cliffA,noncliff,615,574,0.9333333333333333,0.910807082389636,0.95047975029239,2.5472984727392216,,,,,CHEMBL214_Ki
99182118,mondrian_nb,__bins__,__summary__,-1,-1,,,,2.5311053451826573,0.8719512195121951,0.08804878048780485,0.8195488721804511,0.1428571428571428,CHEMBL214_Ki
99182118,mondrian_nnsim,cliffB_oracle,all,664,616,0.927710843373494,0.9054565630126353,0.945044693682331,2.5778698907147235,,,,,CHEMBL214_Ki
99182118,mondrian_nnsim,cliffB_oracle,cliff,30,25,0.8333333333333334,0.6643564949358398,0.9266345762815145,2.913545610193668,,,,,CHEMBL214_Ki
99182118,mondrian_nnsim,cliffB_oracle,noncliff,634,591,0.9321766561514195,0.9098877192528145,0.9492599457691453,2.561986181591114,,,,,CHEMBL214_Ki
99182118,mondrian_nnsim,cliffA,all,664,616,0.927710843373494,0.9054565630126353,0.945044693682331,2.5778698907147235,,,,,CHEMBL214_Ki
99182118,mondrian_nnsim,cliffA,cliff,49,40,0.8163265306122449,0.6864239739710013,0.9002365893792968,2.8242692501304707,,,,,CHEMBL214_Ki
99182118,mondrian_nnsim,cliffA,noncliff,615,576,0.9365853658536586,0.914483817594115,0.9532667061399338,2.5582380718344444,,,,,CHEMBL214_Ki
99182118,mondrian_nnsim,__bins__,__summary__,-1,-1,,,,2.5778698907147235,0.8658536585365854,0.11814634146341463,0.8345864661654135,0.1428571428571428,CHEMBL214_Ki
99182118,mondrian_pairgap,cliffB_oracle,all,664,616,0.927710843373494,0.9054565630126353,0.945044693682331,2.5474560132385595,,,,,CHEMBL214_Ki
99182118,mondrian_pairgap,cliffB_oracle,cliff,30,22,0.7333333333333333,0.555520383048111,0.8581733668040368,2.360358387139328,,,,,CHEMBL214_Ki
99182118,mondrian_pairgap,cliffB_oracle,noncliff,634,594,0.9369085173501577,0.9152266059133326,0.9533277853679917,2.556309213211709,,,,,CHEMBL214_Ki
99182118,mondrian_pairgap,cliffA,all,664,616,0.927710843373494,0.9054565630126353,0.945044693682331,2.5474560132385595,,,,,CHEMBL214_Ki
99182118,mondrian_pairgap,cliffA,cliff,49,38,0.7755102040816326,0.6412121276403999,0.869750298503408,2.3641212075951414,,,,,CHEMBL214_Ki
99182118,mondrian_pairgap,cliffA,noncliff,615,578,0.9398373983739837,0.9181744479165217,0.9560397668695497,2.5620631766150272,,,,,CHEMBL214_Ki
99182118,mondrian_pairgap,__bins__,__summary__,-1,-1,,,,2.5474560132385595,0.8658536585365854,0.11814634146341463,0.8195488721804511,0.15014809751651859,CHEMBL214_Ki
99182118,mondrian_rfstd,cliffB_oracle,all,664,612,0.9216867469879518,0.8987412381850585,0.9397811275705422,2.3865325371070867,,,,,CHEMBL214_Ki
99182118,mondrian_rfstd,cliffB_oracle,cliff,30,20,0.6666666666666666,0.4878005164454384,0.8076950191632386,2.4462450093428836,,,,,CHEMBL214_Ki
99182118,mondrian_rfstd,cliffB_oracle,noncliff,634,592,0.9337539432176656,0.9116642792213903,0.9506189612203577,2.383707025802554,,,,,CHEMBL214_Ki
99182118,mondrian_rfstd,cliffA,all,664,612,0.9216867469879518,0.8987412381850585,0.9397811275705422,2.3865325371070867,,,,,CHEMBL214_Ki
99182118,mondrian_rfstd,cliffA,cliff,49,35,0.7142857142857143,0.575911164922199,0.8215040554118739,2.384194770431774,,,,,CHEMBL214_Ki
99182118,mondrian_rfstd,cliffA,noncliff,615,577,0.9382113821138212,0.9163273342018591,0.9546550350582009,2.386718798191787,,,,,CHEMBL214_Ki
99182118,mondrian_rfstd,__bins__,__summary__,-1,-1,,,,2.3865325371070867,0.8902439024390244,0.06975609756097556,0.8872180451127819,0.08247892458418782,CHEMBL214_Ki
89709943,global,cliffB_oracle,all,664,617,0.9292168674698795,0.9071412462480876,0.9463547331817203,2.5487228966157645,,,,,CHEMBL214_Ki
89709943,global,cliffB_oracle,cliff,27,23,0.8518518518518519,0.6752131457218702,0.9408407222375568,2.548722896615764,,,,,CHEMBL214_Ki
89709943,global,cliffB_oracle,noncliff,637,594,0.9324960753532182,0.9103062877292367,0.9495007556758133,2.5487228966157645,,,,,CHEMBL214_Ki
89709943,global,cliffA,all,664,617,0.9292168674698795,0.9071412462480876,0.9463547331817203,2.5487228966157645,,,,,CHEMBL214_Ki
89709943,global,cliffA,cliff,49,43,0.8775510204081632,0.7575560270624347,0.9426517420975983,2.5487228966157645,,,,,CHEMBL214_Ki
89709943,global,cliffA,noncliff,615,574,0.9333333333333333,0.910807082389636,0.95047975029239,2.5487228966157645,,,,,CHEMBL214_Ki
89709943,global,__bins__,__summary__,-1,-1,,,,2.5487228966157645,0.8372093023255814,0.14653053507279257,0.8270676691729323,0.1578947368421053,CHEMBL214_Ki
89709943,mondrian_pair,cliffB_oracle,all,664,615,0.9262048192771084,0.9037742851963095,0.9437322487638153,2.5430234313735998,,,,,CHEMBL214_Ki
89709943,mondrian_pair,cliffB_oracle,cliff,27,22,0.8148148148148148,0.6330131638145156,0.9181929285702346,2.569028836827682,,,,,CHEMBL214_Ki
89709943,mondrian_pair,cliffB_oracle,noncliff,637,593,0.9309262166405023,0.9085408515739783,0.9481452951217972,2.541921161440695,,,,,CHEMBL214_Ki
89709943,mondrian_pair,cliffA,all,664,615,0.9262048192771084,0.9037742851963095,0.9437322487638153,2.5430234313735998,,,,,CHEMBL214_Ki
89709943,mondrian_pair,cliffA,cliff,49,42,0.8571428571428571,0.7333229377608557,0.9290357627959323,2.569474348559706,,,,,CHEMBL214_Ki
89709943,mondrian_pair,cliffA,noncliff,615,573,0.9317073170731708,0.9089736353328788,0.9490813518231358,2.5409159599229993,,,,,CHEMBL214_Ki
89709943,mondrian_pair,__bins__,__summary__,-1,-1,,,,2.5430234313735998,0.8372093023255814,0.13840045377197951,0.8270676691729323,0.1578947368421053,CHEMBL214_Ki
89709943,mondrian_wstd,cliffB_oracle,all,664,623,0.9382530120481928,0.9173040327072818,0.9541602831315746,2.4440955402344113,,,,,CHEMBL214_Ki
89709943,mondrian_wstd,cliffB_oracle,cliff,27,23,0.8518518518518519,0.6752131457218702,0.9408407222375568,2.595903922547697,,,,,CHEMBL214_Ki
89709943,mondrian_wstd,cliffB_oracle,noncliff,637,600,0.9419152276295133,0.9209638516311461,0.9575685720295491,2.4376609620201903,,,,,CHEMBL214_Ki
89709943,mondrian_wstd,cliffA,all,664,623,0.9382530120481928,0.9173040327072818,0.9541602831315746,2.4440955402344113,,,,,CHEMBL214_Ki
89709943,mondrian_wstd,cliffA,cliff,49,42,0.8571428571428571,0.7333229377608557,0.9290357627959323,2.6267304398970923,,,,,CHEMBL214_Ki
89709943,mondrian_wstd,cliffA,noncliff,615,581,0.9447154471544715,0.9237387518909481,0.9601709994731573,2.4295441417247017,,,,,CHEMBL214_Ki
89709943,mondrian_wstd,__bins__,__summary__,-1,-1,,,,2.4440955402344113,0.9105691056910569,0.056910569105691144,0.8796992481203008,0.09022556390977443,CHEMBL214_Ki
89709943,mondrian_std,cliffB_oracle,all,664,624,0.9397590361445783,0.9190077309984227,0.9554513075752752,2.510856080382303,,,,,CHEMBL214_Ki
89709943,mondrian_std,cliffB_oracle,cliff,27,23,0.8518518518518519,0.6752131457218702,0.9408407222375568,2.6708780975602857,,,,,CHEMBL214_Ki
89709943,mondrian_std,cliffB_oracle,noncliff,637,601,0.9434850863422292,0.9227519707051319,0.9589013496648375,2.5040733575191862,,,,,CHEMBL214_Ki
89709943,mondrian_std,cliffA,all,664,624,0.9397590361445783,0.9190077309984227,0.9554513075752752,2.510856080382303,,,,,CHEMBL214_Ki
89709943,mondrian_std,cliffA,cliff,49,42,0.8571428571428571,0.7333229377608557,0.9290357627959323,2.6679990122308994,,,,,CHEMBL214_Ki
89709943,mondrian_std,cliffA,noncliff,615,582,0.9463414634146341,0.9256016828547277,0.961539914035389,2.4983357492268867,,,,,CHEMBL214_Ki
89709943,mondrian_std,__bins__,__summary__,-1,-1,,,,2.510856080382303,0.9105691056910569,0.056910569105691144,0.8796992481203008,0.09774436090225558,CHEMBL214_Ki
89709943,mondrian_iqr,cliffB_oracle,all,664,618,0.9307228915662651,0.9088284045202236,0.9476622976444257,2.547965383552008,,,,,CHEMBL214_Ki
89709943,mondrian_iqr,cliffB_oracle,cliff,27,21,0.7777777777777778,0.5924307113336742,0.8939276054763996,2.410981204010031,,,,,CHEMBL214_Ki
89709943,mondrian_iqr,cliffB_oracle,noncliff,637,597,0.9372056514913658,0.9156205280346855,0.9535492054981872,2.5537716203614793,,,,,CHEMBL214_Ki
89709943,mondrian_iqr,cliffA,all,664,618,0.9307228915662651,0.9088284045202236,0.9476622976444257,2.547965383552008,,,,,CHEMBL214_Ki
89709943,mondrian_iqr,cliffA,cliff,49,40,0.8163265306122449,0.6864239739710013,0.9002365893792968,2.489521284720258,,,,,CHEMBL214_Ki
89709943,mondrian_iqr,cliffA,noncliff,615,578,0.9398373983739837,0.9181744479165217,0.9560397668695497,2.5526219052475456,,,,,CHEMBL214_Ki
89709943,mondrian_iqr,__bins__,__summary__,-1,-1,,,,2.547965383552008,0.9105691056910569,0.06504065040650409,0.8872180451127819,0.06766917293233088,CHEMBL214_Ki
89709943,mondrian_nb,cliffB_oracle,all,664,616,0.927710843373494,0.9054565630126353,0.945044693682331,2.543869577766206,,,,,CHEMBL214_Ki
89709943,mondrian_nb,cliffB_oracle,cliff,27,18,0.6666666666666666,0.47824760507320074,0.8135673850128435,2.293886037777961,,,,,CHEMBL214_Ki
89709943,mondrian_nb,cliffB_oracle,noncliff,637,598,0.9387755102040817,0.9173982550653993,0.9548923751767476,2.554465426399931,,,,,CHEMBL214_Ki
89709943,mondrian_nb,cliffA,all,664,616,0.927710843373494,0.9054565630126353,0.945044693682331,2.543869577766206,,,,,CHEMBL214_Ki
89709943,mondrian_nb,cliffA,cliff,49,37,0.7551020408163265,0.6191368101239605,0.8539765474166023,2.296285490077405,,,,,CHEMBL214_Ki
89709943,mondrian_nb,cliffA,noncliff,615,579,0.9414634146341463,0.920025292168511,0.9574207681435716,2.5635957896308423,,,,,CHEMBL214_Ki
89709943,mondrian_nb,__bins__,__summary__,-1,-1,,,,2.543869577766206,0.8488372093023255,0.12677254679523542,0.8796992481203008,0.08270676691729317,CHEMBL214_Ki
89709943,mondrian_nnsim,cliffB_oracle,all,664,614,0.9246987951807228,0.902094346613411,0.9424174646118724,2.5738003361880746,,,,,CHEMBL214_Ki
89709943,mondrian_nnsim,cliffB_oracle,cliff,27,23,0.8518518518518519,0.6752131457218702,0.9408407222375568,2.735709517940478,,,,,CHEMBL214_Ki
89709943,mondrian_nnsim,cliffB_oracle,noncliff,637,591,0.9277864992150706,0.9050183973764315,0.9454259559007957,2.5669376236177217,,,,,CHEMBL214_Ki
89709943,mondrian_nnsim,cliffA,all,664,614,0.9246987951807228,0.902094346613411,0.9424174646118724,2.5738003361880746,,,,,CHEMBL214_Ki
89709943,mondrian_nnsim,cliffA,cliff,49,42,0.8571428571428571,0.7333229377608557,0.9290357627959323,2.626117315670253,,,,,CHEMBL214_Ki
89709943,mondrian_nnsim,cliffA,noncliff,615,572,0.9300813008130081,0.9071433272853505,0.9476798143446526,2.5696319914813643,,,,,CHEMBL214_Ki
89709943,mondrian_nnsim,__bins__,__summary__,-1,-1,,,,2.5738003361880746,0.8255813953488372,0.15815844204953677,0.8571428571428571,0.1278195488721805,CHEMBL214_Ki
89709943,mondrian_pairgap,cliffB_oracle,all,664,612,0.9216867469879518,0.8987412381850585,0.9397811275705422,2.556898078155982,,,,,CHEMBL214_Ki
89709943,mondrian_pairgap,cliffB_oracle,cliff,27,21,0.7777777777777778,0.5924307113336742,0.8939276054763996,2.551358700544331,,,,,CHEMBL214_Ki
89709943,mondrian_pairgap,cliffB_oracle,noncliff,637,591,0.9277864992150706,0.9050183973764315,0.9454259559007957,2.557132871241562,,,,,CHEMBL214_Ki
89709943,mondrian_pairgap,cliffA,all,664,612,0.9216867469879518,0.8987412381850585,0.9397811275705422,2.556898078155982,,,,,CHEMBL214_Ki
89709943,mondrian_pairgap,cliffA,cliff,49,41,0.8367346938775511,0.7096366156608317,0.9148730162927116,2.564551641295446,,,,,CHEMBL214_Ki
89709943,mondrian_pairgap,cliffA,noncliff,615,571,0.9284552845528455,0.9053160596670908,0.9462752364369011,2.5562882820684476,,,,,CHEMBL214_Ki
89709943,mondrian_pairgap,__bins__,__summary__,-1,-1,,,,2.556898078155982,0.8255813953488372,0.15815844204953677,0.8195488721804511,0.1578947368421052,CHEMBL214_Ki
89709943,mondrian_rfstd,cliffB_oracle,all,664,616,0.927710843373494,0.9054565630126353,0.945044693682331,2.4739790595395053,,,,,CHEMBL214_Ki
89709943,mondrian_rfstd,cliffB_oracle,cliff,27,16,0.5925925925925926,0.4072670096806468,0.7548524292560443,2.2533107542689543,,,,,CHEMBL214_Ki
89709943,mondrian_rfstd,cliffB_oracle,noncliff,637,600,0.9419152276295133,0.9209638516311461,0.9575685720295491,2.4833323472040343,,,,,CHEMBL214_Ki
89709943,mondrian_rfstd,cliffA,all,664,616,0.927710843373494,0.9054565630126353,0.945044693682331,2.4739790595395053,,,,,CHEMBL214_Ki
89709943,mondrian_rfstd,cliffA,cliff,49,36,0.7346938775510204,0.5973771102868921,0.8378871786504258,2.314469104598466,,,,,CHEMBL214_Ki
89709943,mondrian_rfstd,cliffA,noncliff,615,580,0.943089430894309,0.9218800093895975,0.9587978964484966,2.4866879827787103,,,,,CHEMBL214_Ki
89709943,mondrian_rfstd,__bins__,__summary__,-1,-1,,,,2.4739790595395053,0.8837209302325582,0.08375874456418986,0.8872180451127819,0.08247892458418782,CHEMBL214_Ki
86921808,global,cliffB_oracle,all,664,607,0.9141566265060241,0.890395337025147,0.9331534150562468,2.443602513509841,,,,,CHEMBL214_Ki
86921808,global,cliffB_oracle,cliff,29,22,0.7586206896551724,0.5789239838218867,0.8778157755747991,2.443602513509841,,,,,CHEMBL214_Ki
86921808,global,cliffB_oracle,noncliff,635,585,0.9212598425196851,0.8976883811403128,0.9397650943864851,2.443602513509841,,,,,CHEMBL214_Ki
86921808,global,cliffA,all,664,607,0.9141566265060241,0.890395337025147,0.9331534150562468,2.443602513509841,,,,,CHEMBL214_Ki
86921808,global,cliffA,cliff,47,39,0.8297872340425532,0.6986022402737561,0.9111363612350974,2.4436025135098416,,,,,CHEMBL214_Ki
86921808,global,cliffA,noncliff,617,568,0.9205834683954619,0.8965536038947386,0.9394086093663654,2.443602513509841,,,,,CHEMBL214_Ki
86921808,global,__bins__,__summary__,-1,-1,,,,2.443602513509841,0.8222222222222222,0.15298438934802572,0.7819548872180451,0.20300751879699253,CHEMBL214_Ki
86921808,mondrian_pair,cliffB_oracle,all,664,607,0.9141566265060241,0.890395337025147,0.9331534150562468,2.446089399623433,,,,,CHEMBL214_Ki
86921808,mondrian_pair,cliffB_oracle,cliff,29,22,0.7586206896551724,0.5789239838218867,0.8778157755747991,2.430223934208668,,,,,CHEMBL214_Ki
86921808,mondrian_pair,cliffB_oracle,noncliff,635,585,0.9212598425196851,0.8976883811403128,0.9397650943864851,2.4468139641856825,,,,,CHEMBL214_Ki
86921808,mondrian_pair,cliffA,all,664,607,0.9141566265060241,0.890395337025147,0.9331534150562468,2.446089399623433,,,,,CHEMBL214_Ki
86921808,mondrian_pair,cliffA,cliff,47,39,0.8297872340425532,0.6986022402737561,0.9111363612350974,2.425031752700515,,,,,CHEMBL214_Ki
86921808,mondrian_pair,cliffA,noncliff,617,568,0.9205834683954619,0.8965536038947386,0.9394086093663654,2.4476934667310135,,,,,CHEMBL214_Ki
86921808,mondrian_pair,__bins__,__summary__,-1,-1,,,,2.446089399623433,0.8222222222222222,0.15298438934802572,0.7819548872180451,0.20300751879699253,CHEMBL214_Ki
86921808,mondrian_wstd,cliffB_oracle,all,664,623,0.9382530120481928,0.9173040327072818,0.9541602831315746,2.6031809385651585,,,,,CHEMBL214_Ki
86921808,mondrian_wstd,cliffB_oracle,cliff,29,26,0.896551724137931,0.736149189092262,0.9641851086493229,2.7190550181833575,,,,,CHEMBL214_Ki
86921808,mondrian_wstd,cliffB_oracle,noncliff,635,597,0.9401574803149606,0.9189281081748806,0.9560933737306894,2.597889051464484,,,,,CHEMBL214_Ki
86921808,mondrian_wstd,cliffA,all,664,623,0.9382530120481928,0.9173040327072818,0.9541602831315746,2.6031809385651585,,,,,CHEMBL214_Ki
86921808,mondrian_wstd,cliffA,cliff,47,43,0.9148936170212766,0.8006846221303541,0.9664058765420744,2.728930553337074,,,,,CHEMBL214_Ki
86921808,mondrian_wstd,cliffA,noncliff,617,580,0.940032414910859,0.9184361383380726,0.9561832870969551,2.5936019565647044,,,,,CHEMBL214_Ki
86921808,mondrian_wstd,__bins__,__summary__,-1,-1,,,,2.6031809385651585,0.9008264462809917,0.07438016528925617,0.8646616541353384,0.12030075187969924,CHEMBL214_Ki
86921808,mondrian_std,cliffB_oracle,all,664,620,0.9337349397590361,0.912210443362918,0.950269704271414,2.562260021447041,,,,,CHEMBL214_Ki
86921808,mondrian_std,cliffB_oracle,cliff,29,26,0.896551724137931,0.736149189092262,0.9641851086493229,2.6182399219803143,,,,,CHEMBL214_Ki
86921808,mondrian_std,cliffB_oracle,noncliff,635,594,0.9354330708661417,0.9135783419941722,0.9520511383167048,2.559703459060482,,,,,CHEMBL214_Ki
86921808,mondrian_std,cliffA,all,664,620,0.9337349397590361,0.912210443362918,0.950269704271414,2.562260021447041,,,,,CHEMBL214_Ki
86921808,mondrian_std,cliffA,cliff,47,43,0.9148936170212766,0.8006846221303541,0.9664058765420744,2.6486672628577215,,,,,CHEMBL214_Ki
86921808,mondrian_std,cliffA,noncliff,617,577,0.9351701782820098,0.9129230360633689,0.9520320863281779,2.5556779463314787,,,,,CHEMBL214_Ki
86921808,mondrian_std,__bins__,__summary__,-1,-1,,,,2.562260021447041,0.9008264462809917,0.07438016528925617,0.8571428571428571,0.1278195488721805,CHEMBL214_Ki
86921808,mondrian_iqr,cliffB_oracle,all,664,619,0.9322289156626506,0.910518111134086,0.9489673137654048,2.4753500016977394,,,,,CHEMBL214_Ki
86921808,mondrian_iqr,cliffB_oracle,cliff,29,25,0.8620689655172413,0.6944100627964798,0.9450256003588804,2.503178078817721,,,,,CHEMBL214_Ki
86921808,mondrian_iqr,cliffB_oracle,noncliff,635,594,0.9354330708661417,0.9135783419941722,0.9520511383167048,2.474079113136354,,,,,CHEMBL214_Ki
86921808,mondrian_iqr,cliffA,all,664,619,0.9322289156626506,0.910518111134086,0.9489673137654048,2.4753500016977394,,,,,CHEMBL214_Ki
86921808,mondrian_iqr,cliffA,cliff,47,41,0.8723404255319149,0.748260592072075,0.9401539580185662,2.508584510190295,,,,,CHEMBL214_Ki
86921808,mondrian_iqr,cliffA,noncliff,617,578,0.9367909238249594,0.9147572356890538,0.95341932105032,2.472818361666702,,,,,CHEMBL214_Ki
86921808,mondrian_iqr,__bins__,__summary__,-1,-1,,,,2.4753500016977394,0.9055555555555556,0.06138659320477502,0.8646616541353384,0.12030075187969924,CHEMBL214_Ki
86921808,mondrian_nb,cliffB_oracle,all,664,608,0.9156626506024096,0.8920605102308862,0.9344829645853489,2.5049599840572583,,,,,CHEMBL214_Ki
86921808,mondrian_nb,cliffB_oracle,cliff,29,18,0.6206896551724138,0.4400254420598852,0.7731197789919015,2.172070039762999,,,,,CHEMBL214_Ki
86921808,mondrian_nb,cliffB_oracle,noncliff,635,590,0.9291338582677166,0.9064887519017474,0.9466180596162056,2.5201628319069176,,,,,CHEMBL214_Ki
86921808,mondrian_nb,cliffA,all,664,608,0.9156626506024096,0.8920605102308862,0.9344829645853489,2.5049599840572583,,,,,CHEMBL214_Ki
86921808,mondrian_nb,cliffA,cliff,47,34,0.723404255319149,0.582414363751211,0.8306343663031736,2.2102992054409834,,,,,CHEMBL214_Ki
86921808,mondrian_nb,cliffA,noncliff,617,574,0.9303079416531604,0.9074400553128942,0.9478507640351715,2.527405780807607,,,,,CHEMBL214_Ki
86921808,mondrian_nb,__bins__,__summary__,-1,-1,,,,2.5049599840572583,0.8388888888888889,0.12805325987144167,0.8345864661654135,0.1578947368421052,CHEMBL214_Ki
86921808,mondrian_nnsim,cliffB_oracle,all,664,617,0.9292168674698795,0.9071412462480876,0.9463547331817203,2.5620178383671792,,,,,CHEMBL214_Ki
86921808,mondrian_nnsim,cliffB_oracle,cliff,29,26,0.896551724137931,0.736149189092262,0.9641851086493229,3.0074268216969258,,,,,CHEMBL214_Ki
86921808,mondrian_nnsim,cliffB_oracle,noncliff,635,591,0.9307086614173228,0.908256791483345,0.9479806872328389,2.5416763257426713,,,,,CHEMBL214_Ki
86921808,mondrian_nnsim,cliffA,all,664,617,0.9292168674698795,0.9071412462480876,0.9463547331817203,2.5620178383671792,,,,,CHEMBL214_Ki
86921808,mondrian_nnsim,cliffA,cliff,47,43,0.9148936170212766,0.8006846221303541,0.9664058765420744,2.9137160348854456,,,,,CHEMBL214_Ki
86921808,mondrian_nnsim,cliffA,noncliff,617,574,0.9303079416531604,0.9074400553128942,0.9478507640351715,2.535227213997068,,,,,CHEMBL214_Ki
86921808,mondrian_nnsim,__bins__,__summary__,-1,-1,,,,2.5620178383671792,0.8833333333333333,0.0918732782369146,0.8270676691729323,0.1578947368421053,CHEMBL214_Ki
86921808,mondrian_pairgap,cliffB_oracle,all,664,610,0.9186746987951807,0.8953967685012167,0.9371361517847012,2.4639042498350467,,,,,CHEMBL214_Ki
86921808,mondrian_pairgap,cliffB_oracle,cliff,29,22,0.7586206896551724,0.5789239838218867,0.8778157755747991,2.4119321178139557,,,,,CHEMBL214_Ki
86921808,mondrian_pairgap,cliffB_oracle,noncliff,635,588,0.925984251968504,0.9029608686940979,0.9438846084273932,2.466277780273805,,,,,CHEMBL214_Ki
86921808,mondrian_pairgap,cliffA,all,664,610,0.9186746987951807,0.8953967685012167,0.9371361517847012,2.4639042498350467,,,,,CHEMBL214_Ki
86921808,mondrian_pairgap,cliffA,cliff,47,39,0.8297872340425532,0.6986022402737561,0.9111363612350974,2.411627125603284,,,,,CHEMBL214_Ki
86921808,mondrian_pairgap,cliffA,noncliff,617,571,0.9254457050243112,0.9019843723210164,0.9436421439835685,2.4678864618915988,,,,,CHEMBL214_Ki
86921808,mondrian_pairgap,__bins__,__summary__,-1,-1,,,,2.4639042498350467,0.8333333333333334,0.14187327823691454,0.7969924812030075,0.18796992481203012,CHEMBL214_Ki
86921808,mondrian_rfstd,cliffB_oracle,all,664,613,0.9231927710843374,0.9004166842768698,0.9411004042135723,2.40463792851776,,,,,CHEMBL214_Ki
86921808,mondrian_rfstd,cliffB_oracle,cliff,29,22,0.7586206896551724,0.5789239838218867,0.8778157755747991,2.3130431477618774,,,,,CHEMBL214_Ki
86921808,mondrian_rfstd,cliffB_oracle,noncliff,635,591,0.9307086614173228,0.908256791483345,0.9479806872328389,2.4088209972451944,,,,,CHEMBL214_Ki
86921808,mondrian_rfstd,cliffA,all,664,613,0.9231927710843374,0.9004166842768698,0.9411004042135723,2.40463792851776,,,,,CHEMBL214_Ki
86921808,mondrian_rfstd,cliffA,cliff,47,40,0.851063829787234,0.7231437757640644,0.9259328000356828,2.3378882482283974,,,,,CHEMBL214_Ki
86921808,mondrian_rfstd,cliffA,noncliff,617,573,0.9286871961102107,0.9056185869958195,0.9464507980044192,2.4097225881184086,,,,,CHEMBL214_Ki
86921808,mondrian_rfstd,__bins__,__summary__,-1,-1,,,,2.40463792851776,0.8666666666666667,0.10027548209366388,0.8872180451127819,0.06766917293233088,CHEMBL214_Ki
71339737,global,cliffB_oracle,all,519,462,0.8901734104046243,0.8603526274944611,0.9142607723562435,2.3881667849029085,,,,,CHEMBL236_Ki
71339737,global,cliffB_oracle,cliff,30,21,0.7,0.5212421254128504,0.8333525173175619,2.3881667849029085,,,,,CHEMBL236_Ki
71339737,global,cliffB_oracle,noncliff,489,441,0.901840490797546,0.8722543519663214,0.9251623283194609,2.3881667849029085,,,,,CHEMBL236_Ki
71339737,global,cliffA,all,519,462,0.8901734104046243,0.8603526274944611,0.9142607723562435,2.3881667849029085,,,,,CHEMBL236_Ki
71339737,global,cliffA,cliff,59,48,0.8135593220338984,0.6962104955303725,0.8925727805799468,2.3881667849029093,,,,,CHEMBL236_Ki
71339737,global,cliffA,noncliff,460,414,0.9,0.86918563961914,0.9241888917037635,2.3881667849029085,,,,,CHEMBL236_Ki
71339737,global,__bins__,__summary__,-1,-1,,,,2.3881667849029085,0.8333333333333334,0.11716171617161708,0.7211538461538461,0.25,CHEMBL236_Ki
71339737,mondrian_pair,cliffB_oracle,all,519,462,0.8901734104046243,0.8603526274944611,0.9142607723562435,2.3916898277290453,,,,,CHEMBL236_Ki
71339737,mondrian_pair,cliffB_oracle,cliff,30,21,0.7,0.5212421254128504,0.8333525173175619,2.3945663921965874,,,,,CHEMBL236_Ki
71339737,mondrian_pair,cliffB_oracle,noncliff,489,441,0.901840490797546,0.8722543519663214,0.9251623283194609,2.391513351381344,,,,,CHEMBL236_Ki
71339737,mondrian_pair,cliffA,all,519,462,0.8901734104046243,0.8603526274944611,0.9142607723562435,2.3916898277290453,,,,,CHEMBL236_Ki
71339737,mondrian_pair,cliffA,cliff,59,48,0.8135593220338984,0.6962104955303725,0.8925727805799468,2.394055043429779,,,,,CHEMBL236_Ki
71339737,mondrian_pair,cliffA,noncliff,460,414,0.9,0.86918563961914,0.9241888917037635,2.39138646310656,,,,,CHEMBL236_Ki
71339737,mondrian_pair,__bins__,__summary__,-1,-1,,,,2.3916898277290453,0.8333333333333334,0.11716171617161708,0.7211538461538461,0.25,CHEMBL236_Ki
71339737,mondrian_wstd,cliffB_oracle,all,519,465,0.8959537572254336,0.8667124545676936,0.9193766993548733,2.490192261012716,,,,,CHEMBL236_Ki
71339737,mondrian_wstd,cliffB_oracle,cliff,30,21,0.7,0.5212421254128504,0.8333525173175619,2.6698167029355684,,,,,CHEMBL236_Ki
71339737,mondrian_wstd,cliffB_oracle,noncliff,489,444,0.9079754601226994,0.8790779736729288,0.9305130070752319,2.4791723566002712,,,,,CHEMBL236_Ki
71339737,mondrian_wstd,cliffA,all,519,465,0.8959537572254336,0.8667124545676936,0.9193766993548733,2.490192261012716,,,,,CHEMBL236_Ki
71339737,mondrian_wstd,cliffA,cliff,59,48,0.8135593220338984,0.6962104955303725,0.8925727805799468,2.6918377453029767,,,,,CHEMBL236_Ki
71339737,mondrian_wstd,cliffA,noncliff,460,417,0.9065217391304348,0.8764503419773532,0.9298596436605976,2.4643290358537477,,,,,CHEMBL236_Ki
71339737,mondrian_wstd,__bins__,__summary__,-1,-1,,,,2.490192261012716,0.8415841584158416,0.07920792079207928,0.75,0.22115384615384615,CHEMBL236_Ki
71339737,mondrian_std,cliffB_oracle,all,519,465,0.8959537572254336,0.8667124545676936,0.9193766993548733,2.493900130127334,,,,,CHEMBL236_Ki
71339737,mondrian_std,cliffB_oracle,cliff,30,22,0.7333333333333333,0.555520383048111,0.8581733668040368,2.654632578027628,,,,,CHEMBL236_Ki
71339737,mondrian_std,cliffB_oracle,noncliff,489,443,0.9059304703476483,0.8767998664268364,0.9287330141671983,2.4840392437530823,,,,,CHEMBL236_Ki
71339737,mondrian_std,cliffA,all,519,465,0.8959537572254336,0.8667124545676936,0.9193766993548733,2.493900130127334,,,,,CHEMBL236_Ki
71339737,mondrian_std,cliffA,cliff,59,49,0.8305084745762712,0.71536779263512,0.9052416065081895,2.6863407305387152,,,,,CHEMBL236_Ki
71339737,mondrian_std,cliffA,noncliff,460,416,0.9043478260869565,0.8740247189119136,0.9279734486210213,2.4692175313789173,,,,,CHEMBL236_Ki
71339737,mondrian_std,__bins__,__summary__,-1,-1,,,,2.493900130127334,0.8415841584158416,0.07920792079207928,0.75,0.22115384615384615,CHEMBL236_Ki
71339737,mondrian_iqr,cliffB_oracle,all,519,473,0.9113680154142582,0.8837972418634632,0.9328939229174029,2.496606378401062,,,,,CHEMBL236_Ki
71339737,mondrian_iqr,cliffB_oracle,cliff,30,23,0.7666666666666667,0.5907167384187784,0.8820761185551049,2.5318848072015103,,,,,CHEMBL236_Ki
71339737,mondrian_iqr,cliffB_oracle,noncliff,489,450,0.9202453987730062,0.8928285704266168,0.9411110112463006,2.4944420576157587,,,,,CHEMBL236_Ki
71339737,mondrian_iqr,cliffA,all,519,473,0.9113680154142582,0.8837972418634632,0.9328939229174029,2.496606378401062,,,,,CHEMBL236_Ki
71339737,mondrian_iqr,cliffA,cliff,59,48,0.8135593220338984,0.6962104955303725,0.8925727805799468,2.5693762708865733,,,,,CHEMBL236_Ki
71339737,mondrian_iqr,cliffA,noncliff,460,425,0.9239130434782609,0.8960194877706762,0.9447850427074007,2.4872728487127027,,,,,CHEMBL236_Ki
71339737,mondrian_iqr,__bins__,__summary__,-1,-1,,,,2.496606378401062,0.8514851485148515,0.13871092991652112,0.8269230769230769,0.15384615384615385,CHEMBL236_Ki
71339737,mondrian_nb,cliffB_oracle,all,519,470,0.905587668593449,0.8773676175118501,0.927847793197154,2.5738559143833886,,,,,CHEMBL236_Ki
71339737,mondrian_nb,cliffB_oracle,cliff,30,19,0.6333333333333333,0.4551356365479487,0.7812607919389929,2.406462867849213,,,,,CHEMBL236_Ki
71339737,mondrian_nb,cliffB_oracle,noncliff,489,451,0.9222903885480572,0.895135198371802,0.9428624834552414,2.5841254264407003,,,,,CHEMBL236_Ki
71339737,mondrian_nb,cliffA,all,519,470,0.905587668593449,0.8773676175118501,0.927847793197154,2.5738559143833886,,,,,CHEMBL236_Ki
71339737,mondrian_nb,cliffA,cliff,59,46,0.7796610169491526,0.6586730063236291,0.8664580237207097,2.428566228990883,,,,,CHEMBL236_Ki
71339737,mondrian_nb,cliffA,noncliff,460,424,0.9217391304347826,0.8935558952900805,0.9429368170829807,2.5924908957706885,,,,,CHEMBL236_Ki
71339737,mondrian_nb,__bins__,__summary__,-1,-1,,,,2.5738559143833886,0.8245614035087719,0.15583075335397312,0.7980769230769231,0.16346153846153844,CHEMBL236_Ki
71339737,mondrian_nnsim,cliffB_oracle,all,519,463,0.8921001926782274,0.8624699507292274,0.9159687004787646,2.5141044705321876,,,,,CHEMBL236_Ki
71339737,mondrian_nnsim,cliffB_oracle,cliff,30,22,0.7333333333333333,0.555520383048111,0.8581733668040368,2.6805606944908837,,,,,CHEMBL236_Ki
71339737,mondrian_nnsim,cliffB_oracle,noncliff,489,441,0.901840490797546,0.8722543519663214,0.9251623283194609,2.503892432252513,,,,,CHEMBL236_Ki
71339737,mondrian_nnsim,cliffA,all,519,463,0.8921001926782274,0.8624699507292274,0.9159687004787646,2.5141044705321876,,,,,CHEMBL236_Ki
71339737,mondrian_nnsim,cliffA,cliff,59,49,0.8305084745762712,0.71536779263512,0.9052416065081895,2.7014049463852374,,,,,CHEMBL236_Ki
71339737,mondrian_nnsim,cliffA,noncliff,460,414,0.9,0.86918563961914,0.9241888917037635,2.4900811486292964,,,,,CHEMBL236_Ki
71339737,mondrian_nnsim,__bins__,__summary__,-1,-1,,,,2.5141044705321876,0.8245614035087719,0.1259336459961785,0.7403846153846154,0.2403846153846153,CHEMBL236_Ki
71339737,mondrian_pairgap,cliffB_oracle,all,519,467,0.8998073217726397,0.8709658580982598,0.922773798538882,2.4920697195200736,,,,,CHEMBL236_Ki
71339737,mondrian_pairgap,cliffB_oracle,cliff,30,21,0.7,0.5212421254128504,0.8333525173175619,2.5770271749259375,,,,,CHEMBL236_Ki
71339737,mondrian_pairgap,cliffB_oracle,noncliff,489,446,0.9120654396728016,0.8836454167736818,0.9340617642827311,2.486857605691493,,,,,CHEMBL236_Ki
71339737,mondrian_pairgap,cliffA,all,519,467,0.8998073217726397,0.8709658580982598,0.922773798538882,2.4920697195200736,,,,,CHEMBL236_Ki
71339737,mondrian_pairgap,cliffA,cliff,59,48,0.8135593220338984,0.6962104955303725,0.8925727805799468,2.5611164758054925,,,,,CHEMBL236_Ki
71339737,mondrian_pairgap,cliffA,noncliff,460,419,0.9108695652173913,0.8813143823311623,0.9336192395168198,2.483213722518248,,,,,CHEMBL236_Ki
71339737,mondrian_pairgap,__bins__,__summary__,-1,-1,,,,2.4920697195200736,0.8508771929824561,0.09961785652249433,0.75,0.22115384615384615,CHEMBL236_Ki
71339737,mondrian_rfstd,cliffB_oracle,all,519,473,0.9113680154142582,0.8837972418634632,0.9328939229174029,2.429499332797778,,,,,CHEMBL236_Ki
71339737,mondrian_rfstd,cliffB_oracle,cliff,30,21,0.7,0.5212421254128504,0.8333525173175619,2.454626856488639,,,,,CHEMBL236_Ki
71339737,mondrian_rfstd,cliffB_oracle,noncliff,489,452,0.9243353783231084,0.8974464647625018,0.9446093172186678,2.4279577669271726,,,,,CHEMBL236_Ki
71339737,mondrian_rfstd,cliffA,all,519,473,0.9113680154142582,0.8837972418634632,0.9328939229174029,2.429499332797778,,,,,CHEMBL236_Ki
71339737,mondrian_rfstd,cliffA,cliff,59,47,0.7966101694915254,0.6773198772795009,0.879637275797828,2.3893808889047174,,,,,CHEMBL236_Ki
71339737,mondrian_rfstd,cliffA,noncliff,460,426,0.9260869565217391,0.8984886253774103,0.9466277232056823,2.4346449592971053,,,,,CHEMBL236_Ki
71339737,mondrian_rfstd,__bins__,__summary__,-1,-1,,,,2.429499332797778,0.8811881188118812,0.0697922733449815,0.8653846153846154,0.08653846153846145,CHEMBL236_Ki
99182118,global,cliffB_oracle,all,519,498,0.9595375722543352,0.9389374267189624,0.9733850219940895,2.754562985396519,,,,,CHEMBL236_Ki
99182118,global,cliffB_oracle,cliff,19,17,0.8947368421052632,0.6860591728889099,0.9706414397011299,2.7545629853965194,,,,,CHEMBL236_Ki
99182118,global,cliffB_oracle,noncliff,500,481,0.962,0.9414152274693561,0.9755398819441696,2.7545629853965194,,,,,CHEMBL236_Ki
99182118,global,cliffA,all,519,498,0.9595375722543352,0.9389374267189624,0.9733850219940895,2.754562985396519,,,,,CHEMBL236_Ki
99182118,global,cliffA,cliff,48,46,0.9583333333333334,0.8602434412954456,0.9884981065106133,2.75456298539652,,,,,CHEMBL236_Ki
99182118,global,cliffA,noncliff,471,452,0.9596602972399151,0.9378582078314918,0.9740250996526302,2.7545629853965194,,,,,CHEMBL236_Ki
99182118,global,__bins__,__summary__,-1,-1,,,,2.754562985396519,0.9035087719298246,0.0865902379711655,0.8846153846153846,0.10576923076923084,CHEMBL236_Ki
99182118,mondrian_pair,cliffB_oracle,all,519,500,0.9633911368015414,0.9435329003809554,0.9764400510466715,2.8645190643781793,,,,,CHEMBL236_Ki
99182118,mondrian_pair,cliffB_oracle,cliff,19,17,0.8947368421052632,0.6860591728889099,0.9706414397011299,2.7175601626300354,,,,,CHEMBL236_Ki
99182118,mondrian_pair,cliffB_oracle,noncliff,500,483,0.966,0.9462286344983655,0.9786654801914678,2.8701035026446085,,,,,CHEMBL236_Ki
99182118,mondrian_pair,cliffA,all,519,500,0.9633911368015414,0.9435329003809554,0.9764400510466715,2.8645190643781793,,,,,CHEMBL236_Ki
99182118,mondrian_pair,cliffA,cliff,48,46,0.9583333333333334,0.8602434412954456,0.9884981065106133,2.720791465375642,,,,,CHEMBL236_Ki
99182118,mondrian_pair,cliffA,noncliff,471,454,0.9639065817409767,0.9429622805738882,0.9773448911826044,2.879166463002641,,,,,CHEMBL236_Ki
99182118,mondrian_pair,__bins__,__summary__,-1,-1,,,,2.8645190643781793,0.9122807017543859,0.07791537667698667,0.875,0.11538461538461542,CHEMBL236_Ki
99182118,mondrian_wstd,cliffB_oracle,all,519,497,0.9576107899807321,0.9366546364131885,0.971842560942576,2.706217437788261,,,,,CHEMBL236_Ki
99182118,mondrian_wstd,cliffB_oracle,cliff,19,19,1.0,0.8318207759473837,1.0,3.0378802963779057,,,,,CHEMBL236_Ki
99182118,mondrian_wstd,cliffB_oracle,noncliff,500,478,0.956,0.9342805571276716,0.9707660443713928,2.6936142491618544,,,,,CHEMBL236_Ki
99182118,mondrian_wstd,cliffA,all,519,497,0.9576107899807321,0.9366546364131885,0.971842560942576,2.706217437788261,,,,,CHEMBL236_Ki
99182118,mondrian_wstd,cliffA,cliff,48,48,1.0,0.9258998703338824,0.9999999999999999,2.97136695172224,,,,,CHEMBL236_Ki
99182118,mondrian_wstd,cliffA,noncliff,471,449,0.9532908704883227,0.930293119592765,0.968954391482801,2.679195831272696,,,,,CHEMBL236_Ki
99182118,mondrian_wstd,__bins__,__summary__,-1,-1,,,,2.706217437788261,0.9313725490196079,0.058726460881382225,0.9134615384615384,0.06730769230769229,CHEMBL236_Ki
99182118,mondrian_std,cliffB_oracle,all,519,492,0.9479768786127167,0.92536768739638,0.9640032531729473,2.656206814079866,,,,,CHEMBL236_Ki
99182118,mondrian_std,cliffB_oracle,cliff,19,19,1.0,0.8318207759473837,1.0,2.9149209217320937,,,,,CHEMBL236_Ki
99182118,mondrian_std,cliffB_oracle,noncliff,500,473,0.946,0.9225734384893529,0.9626256498189425,2.646375677989081,,,,,CHEMBL236_Ki
99182118,mondrian_std,cliffA,all,519,492,0.9479768786127167,0.92536768739638,0.9640032531729473,2.656206814079866,,,,,CHEMBL236_Ki
99182118,mondrian_std,cliffA,cliff,48,47,0.9791666666666666,0.8910078200474814,0.9963128890224893,2.9157236586167072,,,,,CHEMBL236_Ki
99182118,mondrian_std,cliffA,noncliff,471,445,0.9447983014861996,0.9203461797504427,0.9620536027803818,2.629759237566556,,,,,CHEMBL236_Ki
99182118,mondrian_std,__bins__,__summary__,-1,-1,,,,2.656206814079866,0.9207920792079208,0.06930693069306926,0.9038461538461539,0.07692307692307687,CHEMBL236_Ki
99182118,mondrian_iqr,cliffB_oracle,all,519,494,0.9518304431599229,0.9298589790342977,0.9671624642496046,2.6547706477468647,,,,,CHEMBL236_Ki
99182118,mondrian_iqr,cliffB_oracle,cliff,19,19,1.0,0.8318207759473837,1.0,2.7564290672691194,,,,,CHEMBL236_Ki
99182118,mondrian_iqr,cliffB_oracle,noncliff,500,475,0.95,0.9272318388284524,0.9659062547561506,2.650907627805019,,,,,CHEMBL236_Ki
99182118,mondrian_iqr,cliffA,all,519,494,0.9518304431599229,0.9298589790342977,0.9671624642496046,2.6547706477468647,,,,,CHEMBL236_Ki
99182118,mondrian_iqr,cliffA,cliff,48,48,1.0,0.9258998703338824,0.9999999999999999,2.7450688445465516,,,,,CHEMBL236_Ki
99182118,mondrian_iqr,cliffA,noncliff,471,446,0.9469214437367304,0.9228196460721695,0.9637920685948403,2.645568283741801,,,,,CHEMBL236_Ki
99182118,mondrian_iqr,__bins__,__summary__,-1,-1,,,,2.6547706477468647,0.9298245614035088,0.06037151702786381,0.8846153846153846,0.09615384615384615,CHEMBL236_Ki
99182118,mondrian_nb,cliffB_oracle,all,519,495,0.953757225433526,0.9321159265084576,0.9687307681327321,2.8239648852635377,,,,,CHEMBL236_Ki
99182118,mondrian_nb,cliffB_oracle,cliff,19,18,0.9473684210526315,0.753612688331012,0.9906480059376995,2.7689103086582088,,,,,CHEMBL236_Ki
99182118,mondrian_nb,cliffB_oracle,noncliff,500,477,0.954,0.9319222072317267,0.9691548916291838,2.8260569591745397,,,,,CHEMBL236_Ki
99182118,mondrian_nb,cliffA,all,519,495,0.953757225433526,0.9321159265084576,0.9687307681327321,2.8239648852635377,,,,,CHEMBL236_Ki
99182118,mondrian_nb,cliffA,cliff,48,47,0.9791666666666666,0.8910078200474814,0.9963128890224893,2.6977388543597094,,,,,CHEMBL236_Ki
99182118,mondrian_nb,cliffA,noncliff,471,448,0.9511677282377919,0.9277926037192672,0.9672429752201133,2.836828684591316,,,,,CHEMBL236_Ki
99182118,mondrian_nb,__bins__,__summary__,-1,-1,,,,2.8239648852635377,0.9210526315789473,0.07894736842105265,0.8942307692307693,0.09615384615384615,CHEMBL236_Ki
99182118,mondrian_nnsim,cliffB_oracle,all,519,499,0.9614643545279383,0.9412299565003029,0.9749177435700366,2.7289673339189373,,,,,CHEMBL236_Ki
99182118,mondrian_nnsim,cliffB_oracle,cliff,19,17,0.8947368421052632,0.6860591728889099,0.9706414397011299,2.444148868275882,,,,,CHEMBL236_Ki
99182118,mondrian_nnsim,cliffB_oracle,noncliff,500,482,0.964,0.9438156730319722,0.9771089390197072,2.739790435613374,,,,,CHEMBL236_Ki
99182118,mondrian_nnsim,cliffA,all,519,499,0.9614643545279383,0.9412299565003029,0.9749177435700366,2.7289673339189373,,,,,CHEMBL236_Ki
99182118,mondrian_nnsim,cliffA,cliff,48,45,0.9375,0.8316456194505365,0.9785167670916107,2.4619108615609986,,,,,CHEMBL236_Ki
99182118,mondrian_nnsim,cliffA,noncliff,471,454,0.9639065817409767,0.9429622805738882,0.9773448911826044,2.7561832801464985,,,,,CHEMBL236_Ki
99182118,mondrian_nnsim,__bins__,__summary__,-1,-1,,,,2.7289673339189373,0.9035087719298246,0.0964912280701754,0.9134615384615384,0.07692307692307698,CHEMBL236_Ki
99182118,mondrian_pairgap,cliffB_oracle,all,519,499,0.9614643545279383,0.9412299565003029,0.9749177435700366,2.871235079134314,,,,,CHEMBL236_Ki
99182118,mondrian_pairgap,cliffB_oracle,cliff,19,17,0.8947368421052632,0.6860591728889099,0.9706414397011299,2.675085407417997,,,,,CHEMBL236_Ki
99182118,mondrian_pairgap,cliffB_oracle,noncliff,500,482,0.964,0.9438156730319722,0.9771089390197072,2.878688766659534,,,,,CHEMBL236_Ki
99182118,mondrian_pairgap,cliffA,all,519,499,0.9614643545279383,0.9412299565003029,0.9749177435700366,2.871235079134314,,,,,CHEMBL236_Ki
99182118,mondrian_pairgap,cliffA,cliff,48,46,0.9583333333333334,0.8602434412954456,0.9884981065106133,2.6917299574461886,,,,,CHEMBL236_Ki
99182118,mondrian_pairgap,cliffA,noncliff,471,453,0.9617834394904459,0.9404035791875678,0.9756916604327395,2.8895285947203653,,,,,CHEMBL236_Ki
99182118,mondrian_pairgap,__bins__,__summary__,-1,-1,,,,2.871235079134314,0.9122807017543859,0.08771929824561409,0.9038461538461539,0.08653846153846156,CHEMBL236_Ki
99182118,mondrian_rfstd,cliffB_oracle,all,519,494,0.9518304431599229,0.9298589790342977,0.9671624642496046,2.6327782507213064,,,,,CHEMBL236_Ki
99182118,mondrian_rfstd,cliffB_oracle,cliff,19,19,1.0,0.8318207759473837,1.0,3.0766536792564083,,,,,CHEMBL236_Ki
99182118,mondrian_rfstd,cliffB_oracle,noncliff,500,475,0.95,0.9272318388284524,0.9659062547561506,2.6159109844369723,,,,,CHEMBL236_Ki
99182118,mondrian_rfstd,cliffA,all,519,494,0.9518304431599229,0.9298589790342977,0.9671624642496046,2.6327782507213064,,,,,CHEMBL236_Ki
99182118,mondrian_rfstd,cliffA,cliff,48,47,0.9791666666666666,0.8910078200474814,0.9963128890224893,2.865627812084527,,,,,CHEMBL236_Ki
99182118,mondrian_rfstd,cliffA,noncliff,471,447,0.9490445859872612,0.925301625122521,0.9655220216806741,2.6090483591174114,,,,,CHEMBL236_Ki
99182118,mondrian_rfstd,__bins__,__summary__,-1,-1,,,,2.6327782507213064,0.9306930693069307,0.04950495049504944,0.8653846153846154,0.125,CHEMBL236_Ki
89709943,global,cliffB_oracle,all,519,477,0.9190751445086706,0.8924176725577516,0.9395744976522645,2.7264551694817922,,,,,CHEMBL236_Ki
89709943,global,cliffB_oracle,cliff,21,15,0.7142857142857143,0.5004361928391441,0.8618613704787788,2.7264551694817927,,,,,CHEMBL236_Ki
89709943,global,cliffB_oracle,noncliff,498,462,0.927710843373494,0.9015442294703331,0.9473294387217721,2.7264551694817922,,,,,CHEMBL236_Ki
89709943,global,cliffA,all,519,477,0.9190751445086706,0.8924176725577516,0.9395744976522645,2.7264551694817922,,,,,CHEMBL236_Ki
89709943,global,cliffA,cliff,46,37,0.8043478260869565,0.6682874107701539,0.8934938986560147,2.7264551694817922,,,,,CHEMBL236_Ki
89709943,global,cliffA,noncliff,473,440,0.9302325581395349,0.9036397539943533,0.949893411948425,2.7264551694817927,,,,,CHEMBL236_Ki
89709943,global,__bins__,__summary__,-1,-1,,,,2.7264551694817922,0.8434782608695652,0.13671975893241495,0.7596153846153846,0.24038461538461542,CHEMBL236_Ki
89709943,mondrian_pair,cliffB_oracle,all,519,482,0.928709055876686,0.9032797666748101,0.947838660321643,2.7565174637429855,,,,,CHEMBL236_Ki
89709943,mondrian_pair,cliffB_oracle,cliff,21,15,0.7142857142857143,0.5004361928391441,0.8618613704787788,2.6974837951792487,,,,,CHEMBL236_Ki
89709943,mondrian_pair,cliffB_oracle,noncliff,498,467,0.9377510040160643,0.912997670400585,0.9558026097209126,2.759006835308926,,,,,CHEMBL236_Ki
89709943,mondrian_pair,cliffA,all,519,482,0.928709055876686,0.9032797666748101,0.947838660321643,2.7565174637429855,,,,,CHEMBL236_Ki
89709943,mondrian_pair,cliffA,cliff,46,38,0.8260869565217391,0.692766462836215,0.9091420829775368,2.6924331503847574,,,,,CHEMBL236_Ki
89709943,mondrian_pair,cliffA,noncliff,473,444,0.9386892177589852,0.913334715660455,0.9569755149691592,2.7627497648306774,,,,,CHEMBL236_Ki
89709943,mondrian_pair,__bins__,__summary__,-1,-1,,,,2.7565174637429855,0.8608695652173913,0.12922944468359876,0.7884615384615384,0.20192307692307698,CHEMBL236_Ki
89709943,mondrian_wstd,cliffB_oracle,all,519,476,0.9171483622350675,0.8902571580318002,0.9379097608209284,2.6836534683613027,,,,,CHEMBL236_Ki
89709943,mondrian_wstd,cliffB_oracle,cliff,21,16,0.7619047619047619,0.5490882631704924,0.8937198697736354,2.881925203737598,,,,,CHEMBL236_Ki
89709943,mondrian_wstd,cliffB_oracle,noncliff,498,460,0.9236947791164659,0.8969984778933702,0.9439045455269783,2.6752926120502543,,,,,CHEMBL236_Ki
89709943,mondrian_wstd,cliffA,all,519,476,0.9171483622350675,0.8902571580318002,0.9379097608209284,2.6836534683613027,,,,,CHEMBL236_Ki
89709943,mondrian_wstd,cliffA,cliff,46,39,0.8478260869565217,0.71775860447939,0.9242771777219454,2.786949747639511,,,,,CHEMBL236_Ki
89709943,mondrian_wstd,cliffA,noncliff,473,437,0.9238900634249472,0.8964306329005565,0.944519734527095,2.673607741412471,,,,,CHEMBL236_Ki
89709943,mondrian_wstd,__bins__,__summary__,-1,-1,,,,2.6836534683613027,0.8811881188118812,0.06930693069306926,0.7980769230769231,0.17307692307692302,CHEMBL236_Ki
89709943,mondrian_std,cliffB_oracle,all,519,475,0.9152215799614644,0.8881003209674221,0.936241346528019,2.685981708269313,,,,,CHEMBL236_Ki
89709943,mondrian_std,cliffB_oracle,cliff,21,16,0.7619047619047619,0.5490882631704924,0.8937198697736354,2.8627600492519285,,,,,CHEMBL236_Ki
89709943,mondrian_std,cliffB_oracle,noncliff,498,459,0.9216867469879518,0.8947325016126307,0.9421851994218394,2.6785271999146243,,,,,CHEMBL236_Ki
89709943,mondrian_std,cliffA,all,519,475,0.9152215799614644,0.8881003209674221,0.936241346528019,2.685981708269313,,,,,CHEMBL236_Ki
89709943,mondrian_std,cliffA,cliff,46,39,0.8478260869565217,0.71775860447939,0.9242771777219454,2.7792199193608376,,,,,CHEMBL236_Ki
89709943,mondrian_std,cliffA,noncliff,473,436,0.9217758985200846,0.894038214550595,0.9427178867053474,2.6769141443999467,,,,,CHEMBL236_Ki
89709943,mondrian_std,__bins__,__summary__,-1,-1,,,,2.685981708269313,0.8811881188118812,0.05940594059405935,0.7884615384615384,0.1826923076923077,CHEMBL236_Ki
89709943,mondrian_iqr,cliffB_oracle,all,519,481,0.9267822736030829,0.9010989579369579,0.9461942177022078,2.7495261411206204,,,,,CHEMBL236_Ki
89709943,mondrian_iqr,cliffB_oracle,cliff,21,17,0.8095238095238095,0.5999943530979508,0.9233243494723822,2.7657078968579945,,,,,CHEMBL236_Ki
89709943,mondrian_iqr,cliffB_oracle,noncliff,498,464,0.9317269076305221,0.9061095397516524,0.9507347732122099,2.748843777926876,,,,,CHEMBL236_Ki
89709943,mondrian_iqr,cliffA,all,519,481,0.9267822736030829,0.9010989579369579,0.9461942177022078,2.7495261411206204,,,,,CHEMBL236_Ki
89709943,mondrian_iqr,cliffA,cliff,46,40,0.8695652173913043,0.74334142220927,0.9388215963796489,2.7552204264689575,,,,,CHEMBL236_Ki
89709943,mondrian_iqr,cliffA,noncliff,473,441,0.9323467230443975,0.9060541286400594,0.951673303474428,2.748972362841502,,,,,CHEMBL236_Ki
89709943,mondrian_iqr,__bins__,__summary__,-1,-1,,,,2.7495261411206204,0.8782608695652174,0.09203616013775284,0.8076923076923077,0.1923076923076923,CHEMBL236_Ki
89709943,mondrian_nb,cliffB_oracle,all,519,488,0.9402697495183044,0.9164654422439349,0.9576044928962428,2.8970265146798857,,,,,CHEMBL236_Ki
89709943,mondrian_nb,cliffB_oracle,cliff,21,16,0.7619047619047619,0.5490882631704924,0.8937198697736354,2.9192517266193767,,,,,CHEMBL236_Ki
89709943,mondrian_nb,cliffB_oracle,noncliff,498,472,0.9477911646586346,0.924601649163368,0.9641252428875218,2.896089306947498,,,,,CHEMBL236_Ki
89709943,mondrian_nb,cliffA,all,519,488,0.9402697495183044,0.9164654422439349,0.9576044928962428,2.8970265146798857,,,,,CHEMBL236_Ki
89709943,mondrian_nb,cliffA,cliff,46,38,0.8260869565217391,0.692766462836215,0.9091420829775368,2.834351401931907,,,,,CHEMBL236_Ki
89709943,mondrian_nb,cliffA,noncliff,473,450,0.9513742071881607,0.9280934185342977,0.9673824091255705,2.9031217687737687,,,,,CHEMBL236_Ki
89709943,mondrian_nb,__bins__,__summary__,-1,-1,,,,2.8970265146798857,0.8869565217391304,0.11304347826086958,0.8173076923076923,0.17307692307692313,CHEMBL236_Ki
89709943,mondrian_nnsim,cliffB_oracle,all,519,487,0.9383429672447013,0.9142548516275397,0.9559898321553506,2.8610221879562405,,,,,CHEMBL236_Ki
89709943,mondrian_nnsim,cliffB_oracle,cliff,21,16,0.7619047619047619,0.5490882631704924,0.8937198697736354,2.7376704445975615,,,,,CHEMBL236_Ki
89709943,mondrian_nnsim,cliffB_oracle,noncliff,498,471,0.9457831325301205,0.9222670898996701,0.9624744797653411,2.8662237674954625,,,,,CHEMBL236_Ki
89709943,mondrian_nnsim,cliffA,all,519,487,0.9383429672447013,0.9142548516275397,0.9559898321553506,2.8610221879562405,,,,,CHEMBL236_Ki
89709943,mondrian_nnsim,cliffA,cliff,46,39,0.8478260869565217,0.71775860447939,0.9242771777219454,2.7652961730988888,,,,,CHEMBL236_Ki
89709943,mondrian_nnsim,cliffA,noncliff,473,448,0.9471458773784355,0.9231410378275857,0.9639462574888644,2.8703316946865542,,,,,CHEMBL236_Ki
89709943,mondrian_nnsim,__bins__,__summary__,-1,-1,,,,2.8610221879562405,0.8521739130434782,0.14782608695652177,0.8173076923076923,0.1826923076923077,CHEMBL236_Ki
89709943,mondrian_pairgap,cliffB_oracle,all,519,481,0.9267822736030829,0.9010989579369579,0.9461942177022078,2.7609844876959797,,,,,CHEMBL236_Ki
89709943,mondrian_pairgap,cliffB_oracle,cliff,21,15,0.7142857142857143,0.5004361928391441,0.8618613704787788,2.7236650326546523,,,,,CHEMBL236_Ki
89709943,mondrian_pairgap,cliffB_oracle,noncliff,498,466,0.9357429718875502,0.9106959761187927,0.9541189816168263,2.762558199655554,,,,,CHEMBL236_Ki
89709943,mondrian_pairgap,cliffA,all,519,481,0.9267822736030829,0.9010989579369579,0.9461942177022078,2.7609844876959797,,,,,CHEMBL236_Ki
89709943,mondrian_pairgap,cliffA,cliff,46,38,0.8260869565217391,0.692766462836215,0.9091420829775368,2.717452202665817,,,,,CHEMBL236_Ki
89709943,mondrian_pairgap,cliffA,noncliff,473,443,0.9365750528541226,0.9109013333529725,0.9552146311049325,2.7652180714409855,,,,,CHEMBL236_Ki
89709943,mondrian_pairgap,__bins__,__summary__,-1,-1,,,,2.7609844876959797,0.8434782608695652,0.14662074903142486,0.7884615384615384,0.20192307692307698,CHEMBL236_Ki
89709943,mondrian_rfstd,cliffB_oracle,all,519,483,0.930635838150289,0.9054650734977217,0.9494786048560191,2.5717682957857537,,,,,CHEMBL236_Ki
89709943,mondrian_rfstd,cliffB_oracle,cliff,21,15,0.7142857142857143,0.5004361928391441,0.8618613704787788,2.811057475430862,,,,,CHEMBL236_Ki
89709943,mondrian_rfstd,cliffB_oracle,noncliff,498,468,0.9397590361445783,0.9153053451398211,0.9574802573675548,2.561677788210357,,,,,CHEMBL236_Ki
89709943,mondrian_rfstd,cliffA,all,519,483,0.930635838150289,0.9054650734977217,0.9494786048560191,2.5717682957857537,,,,,CHEMBL236_Ki
89709943,mondrian_rfstd,cliffA,cliff,46,38,0.8260869565217391,0.692766462836215,0.9091420829775368,2.721396620754574,,,,,CHEMBL236_Ki
89709943,mondrian_rfstd,cliffA,noncliff,473,445,0.9408033826638478,0.9157750242607611,0.9587294725405621,2.5572167039283213,,,,,CHEMBL236_Ki
89709943,mondrian_rfstd,__bins__,__summary__,-1,-1,,,,2.5717682957857537,0.8956521739130435,0.07464485578992675,0.9134615384615384,0.028846153846153855,CHEMBL236_Ki
86921808,global,cliffB_oracle,all,519,488,0.9402697495183044,0.9164654422439349,0.9576044928962428,2.6540071640466043,,,,,CHEMBL236_Ki
86921808,global,cliffB_oracle,cliff,26,21,0.8076923076923077,0.6212374288068301,0.9149293885105758,2.654007164046604,,,,,CHEMBL236_Ki
86921808,global,cliffB_oracle,noncliff,493,467,0.947261663286004,0.9238482396793194,0.9637588473917963,2.6540071640466043,,,,,CHEMBL236_Ki
86921808,global,cliffA,all,519,488,0.9402697495183044,0.9164654422439349,0.9576044928962428,2.6540071640466043,,,,,CHEMBL236_Ki
86921808,global,cliffA,cliff,54,47,0.8703703703703703,0.7557826977763024,0.9357627925267374,2.6540071640466034,,,,,CHEMBL236_Ki
86921808,global,cliffA,noncliff,465,441,0.9483870967741935,0.9243524433555165,0.9650740187344743,2.6540071640466043,,,,,CHEMBL236_Ki
86921808,global,__bins__,__summary__,-1,-1,,,,2.6540071640466043,0.911504424778761,0.048891614825199325,0.8461538461538461,0.14423076923076927,CHEMBL236_Ki
86921808,mondrian_pair,cliffB_oracle,all,519,488,0.9402697495183044,0.9164654422439349,0.9576044928962428,2.731310050863113,,,,,CHEMBL236_Ki
86921808,mondrian_pair,cliffB_oracle,cliff,26,22,0.8461538461538461,0.6646880067178652,0.9384996627642165,2.642490209565893,,,,,CHEMBL236_Ki
86921808,mondrian_pair,cliffB_oracle,noncliff,493,466,0.9452332657200812,0.92149050881258,0.9620911492922268,2.735994261560329,,,,,CHEMBL236_Ki
86921808,mondrian_pair,cliffA,all,519,488,0.9402697495183044,0.9164654422439349,0.9576044928962428,2.731310050863113,,,,,CHEMBL236_Ki
86921808,mondrian_pair,cliffA,cliff,54,47,0.8703703703703703,0.7557826977763024,0.9357627925267374,2.5978739710513206,,,,,CHEMBL236_Ki
86921808,mondrian_pair,cliffA,noncliff,465,441,0.9483870967741935,0.9243524433555165,0.9650740187344743,2.7468058536799664,,,,,CHEMBL236_Ki
86921808,mondrian_pair,__bins__,__summary__,-1,-1,,,,2.731310050863113,0.9026548672566371,0.058129446468853097,0.8269230769230769,0.16346153846153855,CHEMBL236_Ki
86921808,mondrian_wstd,cliffB_oracle,all,519,488,0.9402697495183044,0.9164654422439349,0.9576044928962428,2.5627813315901817,,,,,CHEMBL236_Ki
86921808,mondrian_wstd,cliffB_oracle,cliff,26,22,0.8461538461538461,0.6646880067178652,0.9384996627642165,2.706824534876249,,,,,CHEMBL236_Ki
86921808,mondrian_wstd,cliffB_oracle,noncliff,493,466,0.9452332657200812,0.92149050881258,0.9620911492922268,2.555184732633919,,,,,CHEMBL236_Ki
86921808,mondrian_wstd,cliffA,all,519,488,0.9402697495183044,0.9164654422439349,0.9576044928962428,2.5627813315901817,,,,,CHEMBL236_Ki
86921808,mondrian_wstd,cliffA,cliff,54,49,0.9074074074074074,0.8009011740903732,0.9597988652429706,2.67798057069518,,,,,CHEMBL236_Ki
86921808,mondrian_wstd,cliffA,noncliff,465,439,0.9440860215053763,0.9193344729587267,0.961560320430161,2.5494033554360533,,,,,CHEMBL236_Ki
86921808,mondrian_wstd,__bins__,__summary__,-1,-1,,,,2.5627813315901817,0.9203539823008849,0.030141067204065508,0.8461538461538461,0.14423076923076927,CHEMBL236_Ki
86921808,mondrian_std,cliffB_oracle,all,519,488,0.9402697495183044,0.9164654422439349,0.9576044928962428,2.6931984474073762,,,,,CHEMBL236_Ki
86921808,mondrian_std,cliffB_oracle,cliff,26,21,0.8076923076923077,0.6212374288068301,0.9149293885105758,2.8085669854544824,,,,,CHEMBL236_Ki
86921808,mondrian_std,cliffB_oracle,noncliff,493,467,0.947261663286004,0.9238482396793194,0.9637588473917963,2.6871141026016465,,,,,CHEMBL236_Ki
86921808,mondrian_std,cliffA,all,519,488,0.9402697495183044,0.9164654422439349,0.9576044928962428,2.6931984474073762,,,,,CHEMBL236_Ki
86921808,mondrian_std,cliffA,cliff,54,47,0.8703703703703703,0.7557826977763024,0.9357627925267374,2.8023231776579913,,,,,CHEMBL236_Ki
86921808,mondrian_std,cliffA,noncliff,465,441,0.9483870967741935,0.9243524433555165,0.9650740187344743,2.6805258980879496,,,,,CHEMBL236_Ki
86921808,mondrian_std,__bins__,__summary__,-1,-1,,,,2.6931984474073762,0.9203539823008849,0.04004205730307542,0.8461538461538461,0.14423076923076927,CHEMBL236_Ki
86921808,mondrian_iqr,cliffB_oracle,all,519,479,0.9229287090558767,0.8967502098999794,0.9428924630246113,2.5761939512601733,,,,,CHEMBL236_Ki
86921808,mondrian_iqr,cliffB_oracle,cliff,26,20,0.7692307692307693,0.5794844592105632,0.8896615059421671,2.7311392662682703,,,,,CHEMBL236_Ki
86921808,mondrian_iqr,cliffB_oracle,noncliff,493,459,0.9310344827586207,0.9051727957569651,0.9502308595836793,2.5680223930650197,,,,,CHEMBL236_Ki
86921808,mondrian_iqr,cliffA,all,519,479,0.9229287090558767,0.8967502098999794,0.9428924630246113,2.5761939512601733,,,,,CHEMBL236_Ki
86921808,mondrian_iqr,cliffA,cliff,54,47,0.8703703703703703,0.7557826977763024,0.9357627925267374,2.7182184440824835,,,,,CHEMBL236_Ki
86921808,mondrian_iqr,cliffA,noncliff,465,432,0.9290322580645162,0.902010245992928,0.9490237069420993,2.559700784351775,,,,,CHEMBL236_Ki
86921808,mondrian_iqr,__bins__,__summary__,-1,-1,,,,2.5761939512601733,0.8811881188118812,0.06930693069306926,0.8365384615384616,0.14423076923076916,CHEMBL236_Ki
86921808,mondrian_nb,cliffB_oracle,all,519,489,0.9421965317919075,0.9186817490314712,0.959213437465994,2.7130154328572735,,,,,CHEMBL236_Ki
86921808,mondrian_nb,cliffB_oracle,cliff,26,21,0.8076923076923077,0.6212374288068301,0.9149293885105758,2.592148673340653,,,,,CHEMBL236_Ki
86921808,mondrian_nb,cliffB_oracle,noncliff,493,468,0.949290060851927,0.9262136517885561,0.9654188642488687,2.719389744718191,,,,,CHEMBL236_Ki
86921808,mondrian_nb,cliffA,all,519,489,0.9421965317919075,0.9186817490314712,0.959213437465994,2.7130154328572735,,,,,CHEMBL236_Ki
86921808,mondrian_nb,cliffA,cliff,54,46,0.8518518518518519,0.7339988471639411,0.9229693686239466,2.531243899259403,,,,,CHEMBL236_Ki
86921808,mondrian_nb,cliffA,noncliff,465,443,0.9526881720430107,0.9294069643800069,0.9685511664110866,2.734124385146059,,,,,CHEMBL236_Ki
86921808,mondrian_nb,__bins__,__summary__,-1,-1,,,,2.7130154328572735,0.900990099009901,0.05979421471558921,0.8557692307692307,0.1346153846153847,CHEMBL236_Ki
86921808,mondrian_nnsim,cliffB_oracle,all,519,486,0.9364161849710982,0.9120497357035712,0.9543696967220318,2.7019312765729575,,,,,CHEMBL236_Ki
86921808,mondrian_nnsim,cliffB_oracle,cliff,26,20,0.7692307692307693,0.5794844592105632,0.8896615059421671,2.4360851485237522,,,,,CHEMBL236_Ki
86921808,mondrian_nnsim,cliffB_oracle,noncliff,493,466,0.9452332657200812,0.92149050881258,0.9620911492922268,2.7159515591881287,,,,,CHEMBL236_Ki
86921808,mondrian_nnsim,cliffA,all,519,486,0.9364161849710982,0.9120497357035712,0.9543696967220318,2.7019312765729575,,,,,CHEMBL236_Ki
86921808,mondrian_nnsim,cliffA,cliff,54,45,0.8333333333333334,0.7126348577027084,0.9097560835700274,2.4576656744274152,,,,,CHEMBL236_Ki
86921808,mondrian_nnsim,cliffA,noncliff,465,441,0.9483870967741935,0.9243524433555165,0.9650740187344743,2.7302976045640523,,,,,CHEMBL236_Ki
86921808,mondrian_nnsim,__bins__,__summary__,-1,-1,,,,2.7019312765729575,0.900990099009901,0.06959813628421663,0.8365384615384616,0.15384615384615385,CHEMBL236_Ki
86921808,mondrian_pairgap,cliffB_oracle,all,519,490,0.9441233140655106,0.9209040329440968,0.9608164049106559,2.687290440358133,,,,,CHEMBL236_Ki
86921808,mondrian_pairgap,cliffB_oracle,cliff,26,22,0.8461538461538461,0.6646880067178652,0.9384996627642165,2.6201420893847023,,,,,CHEMBL236_Ki
86921808,mondrian_pairgap,cliffB_oracle,noncliff,493,468,0.949290060851927,0.9262136517885561,0.9654188642488687,2.69083173270156,,,,,CHEMBL236_Ki
86921808,mondrian_pairgap,cliffA,all,519,490,0.9441233140655106,0.9209040329440968,0.9608164049106559,2.687290440358133,,,,,CHEMBL236_Ki
86921808,mondrian_pairgap,cliffA,cliff,54,48,0.8888888888888888,0.7780529897881872,0.9480697750300044,2.586155471478021,,,,,CHEMBL236_Ki
86921808,mondrian_pairgap,cliffA,noncliff,465,442,0.9505376344086022,0.9268748690992636,0.9668174273412786,2.6990351464216302,,,,,CHEMBL236_Ki
86921808,mondrian_pairgap,__bins__,__summary__,-1,-1,,,,2.687290440358133,0.911504424778761,0.04927988894672919,0.8365384615384616,0.15384615384615385,CHEMBL236_Ki
86921808,mondrian_rfstd,cliffB_oracle,all,519,490,0.9441233140655106,0.9209040329440968,0.9608164049106559,2.5402910989552443,,,,,CHEMBL236_Ki
86921808,mondrian_rfstd,cliffB_oracle,cliff,26,21,0.8076923076923077,0.6212374288068301,0.9149293885105758,2.696405967673098,,,,,CHEMBL236_Ki
86921808,mondrian_rfstd,cliffB_oracle,noncliff,493,469,0.9513184584178499,0.9285871675215989,0.9670707774821348,2.532057860442741,,,,,CHEMBL236_Ki
86921808,mondrian_rfstd,cliffA,all,519,490,0.9441233140655106,0.9209040329440968,0.9608164049106559,2.5402910989552443,,,,,CHEMBL236_Ki
86921808,mondrian_rfstd,cliffA,cliff,54,47,0.8703703703703703,0.7557826977763024,0.9357627925267374,2.610612707717124,,,,,CHEMBL236_Ki
86921808,mondrian_rfstd,cliffA,noncliff,465,443,0.9526881720430107,0.9294069643800069,0.9685511664110866,2.5321247185828972,,,,,CHEMBL236_Ki
86921808,mondrian_rfstd,__bins__,__summary__,-1,-1,,,,2.5402910989552443,0.9108910891089109,0.0498932246165793,0.9134615384615384,0.06730769230769229,CHEMBL236_Ki
71339737,global,cliffB_oracle,all,551,528,0.9582577132486388,0.9381436884068405,0.9720262204412992,3.1777252371475377,,,,,CHEMBL204_Ki
71339737,global,cliffB_oracle,cliff,28,24,0.8571428571428571,0.685101978364747,0.9430099468025059,3.177725237147538,,,,,CHEMBL204_Ki
71339737,global,cliffB_oracle,noncliff,523,504,0.9636711281070746,0.9439593677785173,0.9766211823658203,3.1777252371475386,,,,,CHEMBL204_Ki
71339737,global,cliffA,all,551,528,0.9582577132486388,0.9381436884068405,0.9720262204412992,3.1777252371475377,,,,,CHEMBL204_Ki
71339737,global,cliffA,cliff,48,44,0.9166666666666666,0.8044669820963272,0.9671162431819081,3.1777252371475377,,,,,CHEMBL204_Ki
71339737,global,cliffA,noncliff,503,484,0.9622266401590457,0.9417600932235669,0.975686559782977,3.177725237147538,,,,,CHEMBL204_Ki
71339737,global,__bins__,__summary__,-1,-1,,,,3.1777252371475377,0.9008264462809917,0.09917355371900827,0.9009009009009009,0.09909909909909909,CHEMBL204_Ki
71339737,mondrian_pair,cliffB_oracle,all,551,528,0.9582577132486388,0.9381436884068405,0.9720262204412992,3.211181937964975,,,,,CHEMBL204_Ki
71339737,mondrian_pair,cliffB_oracle,cliff,28,24,0.8571428571428571,0.685101978364747,0.9430099468025059,3.3029716758400514,,,,,CHEMBL204_Ki
71339737,mondrian_pair,cliffB_oracle,noncliff,523,504,0.9636711281070746,0.9439593677785173,0.9766211823658203,3.206267764617934,,,,,CHEMBL204_Ki
71339737,mondrian_pair,cliffA,all,551,528,0.9582577132486388,0.9381436884068405,0.9720262204412992,3.211181937964975,,,,,CHEMBL204_Ki
71339737,mondrian_pair,cliffA,cliff,48,44,0.9166666666666666,0.8044669820963272,0.9671162431819081,3.3140065656531306,,,,,CHEMBL204_Ki
71339737,mondrian_pair,cliffA,noncliff,503,484,0.9622266401590457,0.9417600932235669,0.975686559782977,3.2013696474500004,,,,,CHEMBL204_Ki
71339737,mondrian_pair,__bins__,__summary__,-1,-1,,,,3.211181937964975,0.9008264462809917,0.09917355371900827,0.9009009009009009,0.09909909909909909,CHEMBL204_Ki
71339737,mondrian_wstd,cliffB_oracle,all,551,511,0.9274047186932849,0.902653730766848,0.9462374119410207,2.9134540781239093,,,,,CHEMBL204_Ki
71339737,mondrian_wstd,cliffB_oracle,cliff,28,20,0.7142857142857143,0.5294071156670428,0.8474600394333092,2.964743201400051,,,,,CHEMBL204_Ki
71339737,mondrian_wstd,cliffB_oracle,noncliff,523,491,0.9388145315487572,0.9149008227600854,0.9563290174796073,2.9107081977190683,,,,,CHEMBL204_Ki
71339737,mondrian_wstd,cliffA,all,551,511,0.9274047186932849,0.902653730766848,0.9462374119410207,2.9134540781239093,,,,,CHEMBL204_Ki
71339737,mondrian_wstd,cliffA,cliff,48,40,0.8333333333333334,0.7042217159874441,0.9130448642351444,3.0135853500126033,,,,,CHEMBL204_Ki
71339737,mondrian_wstd,cliffA,noncliff,503,471,0.9363817097415507,0.9115698540480804,0.9545787065322912,2.9038988076454655,,,,,CHEMBL204_Ki
71339737,mondrian_wstd,__bins__,__summary__,-1,-1,,,,2.9134540781239093,0.897196261682243,0.06542056074766356,0.8828828828828829,0.09893529893529895,CHEMBL204_Ki
71339737,mondrian_std,cliffB_oracle,all,551,514,0.9328493647912885,0.9088125457402875,0.950892496874688,2.9140364115267117,,,,,CHEMBL204_Ki
71339737,mondrian_std,cliffB_oracle,cliff,28,22,0.7857142857142857,0.6046141434627812,0.8978753966710211,2.949946286807854,,,,,CHEMBL204_Ki
71339737,mondrian_std,cliffB_oracle,noncliff,523,492,0.9407265774378585,0.9170948712780369,0.9579311774158592,2.9121138943032467,,,,,CHEMBL204_Ki
71339737,mondrian_std,cliffA,all,551,514,0.9328493647912885,0.9088125457402875,0.950892496874688,2.9140364115267117,,,,,CHEMBL204_Ki
71339737,mondrian_std,cliffA,cliff,48,42,0.875,0.7529954171361317,0.9414294856142802,3.019440179124638,,,,,CHEMBL204_Ki
71339737,mondrian_std,cliffA,noncliff,503,472,0.9383697813121272,0.9138491830191716,0.9562453846709057,2.9039780003046434,,,,,CHEMBL204_Ki
71339737,mondrian_std,__bins__,__summary__,-1,-1,,,,2.9140364115267117,0.9065420560747663,0.05607476635514019,0.8918918918918919,0.09901719901719908,CHEMBL204_Ki
71339737,mondrian_iqr,cliffB_oracle,all,551,516,0.9364791288566243,0.9129392370489566,0.9539750721707565,2.9195255268233202,,,,,CHEMBL204_Ki
71339737,mondrian_iqr,cliffB_oracle,cliff,28,21,0.75,0.5664432968100104,0.8732350508070668,2.7977662055923256,,,,,CHEMBL204_Ki
71339737,mondrian_iqr,cliffB_oracle,noncliff,523,495,0.9464627151051626,0.9237120848379872,0.9627025892185195,2.9260441902926657,,,,,CHEMBL204_Ki
71339737,mondrian_iqr,cliffA,all,551,516,0.9364791288566243,0.9129392370489566,0.9539750721707565,2.9195255268233202,,,,,CHEMBL204_Ki
71339737,mondrian_iqr,cliffA,cliff,48,41,0.8541666666666666,0.7283282347525372,0.9275175067339628,2.95214804771579,,,,,CHEMBL204_Ki
71339737,mondrian_iqr,cliffA,noncliff,503,475,0.9443339960238568,0.9207237620715593,0.9612088269476345,2.916412443318671,,,,,CHEMBL204_Ki
71339737,mondrian_iqr,__bins__,__summary__,-1,-1,,,,2.9195255268233202,0.9008264462809917,0.07139577594123048,0.8918918918918919,0.08992628992628993,CHEMBL204_Ki
71339737,mondrian_nb,cliffB_oracle,all,551,522,0.9473684210526315,0.9254346269810118,0.9631074820529145,3.1196429264561925,,,,,CHEMBL204_Ki
71339737,mondrian_nb,cliffB_oracle,cliff,28,23,0.8214285714285714,0.6440857521065705,0.9212149805439572,3.083900749835845,,,,,CHEMBL204_Ki
71339737,mondrian_nb,cliffB_oracle,noncliff,523,499,0.9541108986615678,0.9326280980073806,0.9689714098659398,3.1215564655486783,,,,,CHEMBL204_Ki
71339737,mondrian_nb,cliffA,all,551,522,0.9473684210526315,0.9254346269810118,0.9631074820529145,3.1196429264561925,,,,,CHEMBL204_Ki
71339737,mondrian_nb,cliffA,cliff,48,43,0.8958333333333334,0.7783257830561368,0.9546782809581869,3.1332865508601806,,,,,CHEMBL204_Ki
71339737,mondrian_nb,cliffA,noncliff,503,479,0.952286282306163,0.9299869400702949,0.9677296773877213,3.118340950369927,,,,,CHEMBL204_Ki
71339737,mondrian_nb,__bins__,__summary__,-1,-1,,,,3.1196429264561925,0.8677685950413223,0.12288561056615432,0.8828828828828829,0.1080262080262081,CHEMBL204_Ki
71339737,mondrian_nnsim,cliffB_oracle,all,551,527,0.956442831215971,0.9360077867000199,0.9705574888457508,3.1998857660728164,,,,,CHEMBL204_Ki
71339737,mondrian_nnsim,cliffB_oracle,cliff,28,24,0.8571428571428571,0.685101978364747,0.9430099468025059,3.214986103611289,,,,,CHEMBL204_Ki
71339737,mondrian_nnsim,cliffB_oracle,noncliff,523,503,0.9617590822179732,0.9416737231545729,0.9751106185355614,3.1990773350000112,,,,,CHEMBL204_Ki
71339737,mondrian_nnsim,cliffA,all,551,527,0.956442831215971,0.9360077867000199,0.9705574888457508,3.1998857660728164,,,,,CHEMBL204_Ki
71339737,mondrian_nnsim,cliffA,cliff,48,44,0.9166666666666666,0.8044669820963272,0.9671162431819081,3.1874956991190224,,,,,CHEMBL204_Ki
71339737,mondrian_nnsim,cliffA,noncliff,503,483,0.9602385685884692,0.9393852529904169,0.9741153929064218,3.2010681183864986,,,,,CHEMBL204_Ki
71339737,mondrian_nnsim,__bins__,__summary__,-1,-1,,,,3.1998857660728164,0.8842975206611571,0.11570247933884292,0.8918918918918919,0.10810810810810811,CHEMBL204_Ki
71339737,mondrian_pairgap,cliffB_oracle,all,551,525,0.9528130671506352,0.9317583903714818,0.9675976185695513,3.1988714156138647,,,,,CHEMBL204_Ki
71339737,mondrian_pairgap,cliffB_oracle,cliff,28,24,0.8571428571428571,0.685101978364747,0.9430099468025059,3.2212555851103355,,,,,CHEMBL204_Ki
71339737,mondrian_pairgap,cliffB_oracle,noncliff,523,501,0.9579349904397706,0.9371327542919416,0.9720591704897856,3.197673027954398,,,,,CHEMBL204_Ki
71339737,mondrian_pairgap,cliffA,all,551,525,0.9528130671506352,0.9317583903714818,0.9675976185695513,3.1988714156138647,,,,,CHEMBL204_Ki
71339737,mondrian_pairgap,cliffA,cliff,48,44,0.9166666666666666,0.8044669820963272,0.9671162431819081,3.241113643030649,,,,,CHEMBL204_Ki
71339737,mondrian_pairgap,cliffA,noncliff,503,481,0.9562624254473161,0.9346671710291237,0.9709414606483038,3.1948403481864176,,,,,CHEMBL204_Ki
71339737,mondrian_pairgap,__bins__,__summary__,-1,-1,,,,3.1988714156138647,0.9008264462809917,0.0898277593264849,0.8918918918918919,0.10810810810810811,CHEMBL204_Ki
71339737,mondrian_rfstd,cliffB_oracle,all,551,516,0.9364791288566243,0.9129392370489566,0.9539750721707565,2.880267991555197,,,,,CHEMBL204_Ki
71339737,mondrian_rfstd,cliffB_oracle,cliff,28,18,0.6428571428571429,0.4583030651442781,0.7929417049226233,2.6544041385970627,,,,,CHEMBL204_Ki
71339737,mondrian_rfstd,cliffB_oracle,noncliff,523,498,0.9521988527724665,0.9303880759842527,0.9674152234348643,2.8923601289984617,,,,,CHEMBL204_Ki
71339737,mondrian_rfstd,cliffA,all,551,516,0.9364791288566243,0.9129392370489566,0.9539750721707565,2.880267991555197,,,,,CHEMBL204_Ki
71339737,mondrian_rfstd,cliffA,cliff,48,38,0.7916666666666666,0.6574109872738206,0.882697270420944,2.783528952124469,,,,,CHEMBL204_Ki
71339737,mondrian_rfstd,cliffA,noncliff,503,478,0.9502982107355865,0.9276596547583226,0.9661109555899882,2.889499549989938,,,,,CHEMBL204_Ki
71339737,mondrian_rfstd,__bins__,__summary__,-1,-1,,,,2.880267991555197,0.9090909090909091,0.05387205387205385,0.9181818181818182,0.045454545454545414,CHEMBL204_Ki
99182118,global,cliffB_oracle,all,551,514,0.9328493647912885,0.9088125457402875,0.950892496874688,2.940656127925728,,,,,CHEMBL204_Ki
99182118,global,cliffB_oracle,cliff,21,18,0.8571428571428571,0.6536393971937906,0.9501898750027473,2.9406561279257275,,,,,CHEMBL204_Ki
99182118,global,cliffB_oracle,noncliff,530,496,0.9358490566037736,0.911692619662349,0.9537328589443544,2.9406561279257275,,,,,CHEMBL204_Ki
99182118,global,cliffA,all,551,514,0.9328493647912885,0.9088125457402875,0.950892496874688,2.940656127925728,,,,,CHEMBL204_Ki
99182118,global,cliffA,cliff,51,47,0.9215686274509803,0.8150005368740411,0.9690778032115107,2.940656127925728,,,,,CHEMBL204_Ki
99182118,global,cliffA,noncliff,500,467,0.934,0.9087605988391466,0.9526214736402262,2.9406561279257275,,,,,CHEMBL204_Ki
99182118,global,__bins__,__summary__,-1,-1,,,,2.940656127925728,0.8442622950819673,0.12770032174046264,0.7927927927927928,0.2072072072072072,CHEMBL204_Ki
99182118,mondrian_pair,cliffB_oracle,all,551,512,0.9292196007259528,0.9047027022706985,0.9477930737395391,3.0430943776665784,,,,,CHEMBL204_Ki
99182118,mondrian_pair,cliffB_oracle,cliff,21,18,0.8571428571428571,0.6536393971937906,0.9501898750027473,3.5810744815199214,,,,,CHEMBL204_Ki
99182118,mondrian_pair,cliffB_oracle,noncliff,530,494,0.9320754716981132,0.9073968003521348,0.9505358169679307,3.0217781848723893,,,,,CHEMBL204_Ki
99182118,mondrian_pair,cliffA,all,551,512,0.9292196007259528,0.9047027022706985,0.9477930737395391,3.0430943776665784,,,,,CHEMBL204_Ki
99182118,mondrian_pair,cliffA,cliff,51,47,0.9215686274509803,0.8150005368740411,0.9690778032115107,3.550158019565062,,,,,CHEMBL204_Ki
99182118,mondrian_pair,cliffA,noncliff,500,465,0.93,0.9042028101480832,0.949240257054982,2.991373886192933,,,,,CHEMBL204_Ki
99182118,mondrian_pair,__bins__,__summary__,-1,-1,,,,3.0430943776665784,0.8524590163934426,0.11015780603646397,0.7747747747747747,0.22522522522522526,CHEMBL204_Ki
99182118,mondrian_wstd,cliffB_oracle,all,551,521,0.9455535390199638,0.9233388338909809,0.9615986418405766,3.184472146009742,,,,,CHEMBL204_Ki
99182118,mondrian_wstd,cliffB_oracle,cliff,21,20,0.9523809523809523,0.7733063992587743,0.9915440121901737,3.3535398893567767,,,,,CHEMBL204_Ki
99182118,mondrian_wstd,cliffB_oracle,noncliff,530,501,0.9452830188679245,0.9225222407702455,0.9616353910530534,3.177773235424294,,,,,CHEMBL204_Ki
99182118,mondrian_wstd,cliffA,all,551,521,0.9455535390199638,0.9233388338909809,0.9615986418405766,3.184472146009742,,,,,CHEMBL204_Ki
99182118,mondrian_wstd,cliffA,cliff,51,49,0.9607843137254902,0.8678369434463774,0.9891789166471329,3.249490208594807,,,,,CHEMBL204_Ki
99182118,mondrian_wstd,cliffA,noncliff,500,472,0.944,0.920255206353293,0.9609743793168485,3.1778403036260663,,,,,CHEMBL204_Ki
99182118,mondrian_wstd,__bins__,__summary__,-1,-1,,,,3.184472146009742,0.9252336448598131,0.04672897196261683,0.8468468468468469,0.1440622440622441,CHEMBL204_Ki
99182118,mondrian_std,cliffB_oracle,all,551,521,0.9455535390199638,0.9233388338909809,0.9615986418405766,3.184722013372667,,,,,CHEMBL204_Ki
99182118,mondrian_std,cliffB_oracle,cliff,21,20,0.9523809523809523,0.7733063992587743,0.9915440121901737,3.3535398893567767,,,,,CHEMBL204_Ki
99182118,mondrian_std,cliffB_oracle,noncliff,530,501,0.9452830188679245,0.9225222407702455,0.9616353910530534,3.178033003192165,,,,,CHEMBL204_Ki
99182118,mondrian_std,cliffA,all,551,521,0.9455535390199638,0.9233388338909809,0.9615986418405766,3.184722013372667,,,,,CHEMBL204_Ki
99182118,mondrian_std,cliffA,cliff,51,49,0.9607843137254902,0.8678369434463774,0.9891789166471329,3.2619468971353,,,,,CHEMBL204_Ki
99182118,mondrian_std,cliffA,noncliff,500,472,0.944,0.920255206353293,0.9609743793168485,3.176845075228879,,,,,CHEMBL204_Ki
99182118,mondrian_std,__bins__,__summary__,-1,-1,,,,3.184722013372667,0.9252336448598131,0.04672897196261683,0.8468468468468469,0.1440622440622441,CHEMBL204_Ki
99182118,mondrian_iqr,cliffB_oracle,all,551,516,0.9364791288566243,0.9129392370489566,0.9539750721707565,3.2129603209750672,,,,,CHEMBL204_Ki
99182118,mondrian_iqr,cliffB_oracle,cliff,21,17,0.8095238095238095,0.5999943530979508,0.9233243494723822,3.0714222513441958,,,,,CHEMBL204_Ki
99182118,mondrian_iqr,cliffB_oracle,noncliff,530,499,0.9415094339622642,0.9181738499052031,0.9584909206314577,3.2185684331679885,,,,,CHEMBL204_Ki
99182118,mondrian_iqr,cliffA,all,551,516,0.9364791288566243,0.9129392370489566,0.9539750721707565,3.2129603209750672,,,,,CHEMBL204_Ki
99182118,mondrian_iqr,cliffA,cliff,51,46,0.9019607843137255,0.7902176531891913,0.9573919268923814,2.9937378333981757,,,,,CHEMBL204_Ki
99182118,mondrian_iqr,cliffA,noncliff,500,470,0.94,0.9156389368747802,0.9576516435190539,3.23532101470791,,,,,CHEMBL204_Ki
99182118,mondrian_iqr,__bins__,__summary__,-1,-1,,,,3.2129603209750672,0.9098360655737705,0.06238615664845171,0.8648648648648649,0.10786240786240786,CHEMBL204_Ki
99182118,mondrian_nb,cliffB_oracle,all,551,516,0.9364791288566243,0.9129392370489566,0.9539750721707565,3.082738107343974,,,,,CHEMBL204_Ki
99182118,mondrian_nb,cliffB_oracle,cliff,21,18,0.8571428571428571,0.6536393971937906,0.9501898750027473,3.3814155422640857,,,,,CHEMBL204_Ki
99182118,mondrian_nb,cliffB_oracle,noncliff,530,498,0.939622641509434,0.9160081624487847,0.9569101774445569,3.070903718413177,,,,,CHEMBL204_Ki
99182118,mondrian_nb,cliffA,all,551,516,0.9364791288566243,0.9129392370489566,0.9539750721707565,3.082738107343974,,,,,CHEMBL204_Ki
99182118,mondrian_nb,cliffA,cliff,51,47,0.9215686274509803,0.8150005368740411,0.9690778032115107,3.278828772837961,,,,,CHEMBL204_Ki
99182118,mondrian_nb,cliffA,noncliff,500,469,0.938,0.9133402868983618,0.9559807908573184,3.062736859463587,,,,,CHEMBL204_Ki
99182118,mondrian_nb,__bins__,__summary__,-1,-1,,,,3.082738107343974,0.8442622950819673,0.137046116132986,0.7927927927927928,0.2072072072072072,CHEMBL204_Ki
99182118,mondrian_nnsim,cliffB_oracle,all,551,520,0.9437386569872959,0.9212486418291892,0.9600842005999997,3.10518112536685,,,,,CHEMBL204_Ki
99182118,mondrian_nnsim,cliffB_oracle,cliff,21,19,0.9047619047619048,0.7108586092608176,0.9734812325619255,2.8260342857869922,,,,,CHEMBL204_Ki
99182118,mondrian_nnsim,cliffB_oracle,noncliff,530,501,0.9452830188679245,0.9225222407702455,0.9616353910530534,3.1162416605200143,,,,,CHEMBL204_Ki
99182118,mondrian_nnsim,cliffA,all,551,520,0.9437386569872959,0.9212486418291892,0.9600842005999997,3.10518112536685,,,,,CHEMBL204_Ki
99182118,mondrian_nnsim,cliffA,cliff,51,48,0.9411764705882353,0.8407537395119957,0.9797933605775353,2.9060487199326817,,,,,CHEMBL204_Ki
99182118,mondrian_nnsim,cliffA,noncliff,500,472,0.944,0.920255206353293,0.9609743793168485,3.1254926307211353,,,,,CHEMBL204_Ki
99182118,mondrian_nnsim,__bins__,__summary__,-1,-1,,,,3.10518112536685,0.8524590163934426,0.14754098360655743,0.8378378378378378,0.16216216216216217,CHEMBL204_Ki
99182118,mondrian_pairgap,cliffB_oracle,all,551,513,0.9310344827586207,0.9067555939086093,0.9493448154039973,3.110347328676124,,,,,CHEMBL204_Ki
99182118,mondrian_pairgap,cliffB_oracle,cliff,21,18,0.8571428571428571,0.6536393971937906,0.9501898750027473,3.6186523450107195,,,,,CHEMBL204_Ki
99182118,mondrian_pairgap,cliffB_oracle,noncliff,530,495,0.9339622641509434,0.9095423412554863,0.9521367067078982,3.0902069412364512,,,,,CHEMBL204_Ki
99182118,mondrian_pairgap,cliffA,all,551,513,0.9310344827586207,0.9067555939086093,0.9493448154039973,3.110347328676124,,,,,CHEMBL204_Ki
99182118,mondrian_pairgap,cliffA,cliff,51,47,0.9215686274509803,0.8150005368740411,0.9690778032115107,3.5890574695011574,,,,,CHEMBL204_Ki
99182118,mondrian_pairgap,cliffA,noncliff,500,466,0.932,0.9064790772661258,0.9509334925750932,3.061518894311971,,,,,CHEMBL204_Ki
99182118,mondrian_pairgap,__bins__,__summary__,-1,-1,,,,3.110347328676124,0.8524590163934426,0.11015780603646397,0.7837837837837838,0.21621621621621623,CHEMBL204_Ki
99182118,mondrian_rfstd,cliffB_oracle,all,551,519,0.941923774954628,0.9191638052549476,0.9585644038718724,3.0887185067466123,,,,,CHEMBL204_Ki
99182118,mondrian_rfstd,cliffB_oracle,cliff,21,18,0.8571428571428571,0.6536393971937906,0.9501898750027473,3.1941139094286886,,,,,CHEMBL204_Ki
99182118,mondrian_rfstd,cliffB_oracle,noncliff,530,501,0.9452830188679245,0.9225222407702455,0.9616353910530534,3.0845424624893982,,,,,CHEMBL204_Ki
99182118,mondrian_rfstd,cliffA,all,551,519,0.941923774954628,0.9191638052549476,0.9585644038718724,3.0887185067466123,,,,,CHEMBL204_Ki
99182118,mondrian_rfstd,cliffA,cliff,51,43,0.8431372549019608,0.7198955322701224,0.9183077677995128,2.8808023437297074,,,,,CHEMBL204_Ki
99182118,mondrian_rfstd,cliffA,noncliff,500,476,0.952,0.92957280316411,0.9675347930586469,3.109925955374337,,,,,CHEMBL204_Ki
99182118,mondrian_rfstd,__bins__,__summary__,-1,-1,,,,3.0887185067466123,0.8852459016393442,0.10540830396813239,0.9090909090909091,0.07272727272727275,CHEMBL204_Ki
89709943,global,cliffB_oracle,all,551,514,0.9328493647912885,0.9088125457402875,0.950892496874688,3.036956242690767,,,,,CHEMBL204_Ki
89709943,global,cliffB_oracle,cliff,28,24,0.8571428571428571,0.685101978364747,0.9430099468025059,3.0369562426907666,,,,,CHEMBL204_Ki
89709943,global,cliffB_oracle,noncliff,523,490,0.9369024856596558,0.9127122030979636,0.9547214286875257,3.036956242690766,,,,,CHEMBL204_Ki
89709943,global,cliffA,all,551,514,0.9328493647912885,0.9088125457402875,0.950892496874688,3.036956242690767,,,,,CHEMBL204_Ki
89709943,global,cliffA,cliff,56,51,0.9107142857142857,0.8074399861448884,0.9612578515504131,3.036956242690767,,,,,CHEMBL204_Ki
89709943,global,cliffA,noncliff,495,463,0.9353535353535354,0.9101633118513917,0.9538386518565218,3.0369562426907666,,,,,CHEMBL204_Ki
89709943,global,__bins__,__summary__,-1,-1,,,,3.036956242690767,0.8677685950413223,0.11353981617363096,0.8198198198198198,0.18018018018018023,CHEMBL204_Ki
89709943,mondrian_pair,cliffB_oracle,all,551,510,0.925589836660617,0.9006085477516069,0.9446779616538928,2.9239392233022996,,,,,CHEMBL204_Ki
89709943,mondrian_pair,cliffB_oracle,cliff,28,24,0.8571428571428571,0.685101978364747,0.9430099468025059,3.046288504002687,,,,,CHEMBL204_Ki
89709943,mondrian_pair,cliffB_oracle,noncliff,523,486,0.9292543021032504,0.9040077938871877,0.9482410040814878,2.917388975004765,,,,,CHEMBL204_Ki
89709943,mondrian_pair,cliffA,all,551,510,0.925589836660617,0.9006085477516069,0.9446779616538928,2.9239392233022996,,,,,CHEMBL204_Ki
89709943,mondrian_pair,cliffA,cliff,56,51,0.9107142857142857,0.8074399861448884,0.9612578515504131,3.106864590563513,,,,,CHEMBL204_Ki
89709943,mondrian_pair,cliffA,noncliff,495,459,0.9272727272727272,0.9009574095728161,0.947007394715925,2.903244636299011,,,,,CHEMBL204_Ki
89709943,mondrian_pair,__bins__,__summary__,-1,-1,,,,2.9239392233022996,0.859504132231405,0.12180427898354829,0.8108108108108109,0.18918918918918914,CHEMBL204_Ki
89709943,mondrian_wstd,cliffB_oracle,all,551,509,0.9237749546279492,0.8985670292998454,0.9431148468032858,2.8638417182299323,,,,,CHEMBL204_Ki
89709943,mondrian_wstd,cliffB_oracle,cliff,28,25,0.8928571428571429,0.7280414845132785,0.9628816331707,3.1935966949514722,,,,,CHEMBL204_Ki
89709943,mondrian_wstd,cliffB_oracle,noncliff,523,484,0.9254302103250478,0.8996830608225195,0.944973320237749,2.8461875320957004,,,,,CHEMBL204_Ki
89709943,mondrian_wstd,cliffA,all,551,509,0.9237749546279492,0.8985670292998454,0.9431148468032858,2.8638417182299323,,,,,CHEMBL204_Ki
89709943,mondrian_wstd,cliffA,cliff,56,52,0.9285714285714286,0.8302455193913656,0.9718739634211231,3.222619169142342,,,,,CHEMBL204_Ki
89709943,mondrian_wstd,cliffA,noncliff,495,457,0.9232323232323232,0.8963847831532521,0.9435614414259026,2.823252754086306,,,,,CHEMBL204_Ki
89709943,mondrian_wstd,__bins__,__summary__,-1,-1,,,,2.8638417182299323,0.8981481481481481,0.04577708549671167,0.8198198198198198,0.18018018018018023,CHEMBL204_Ki
89709943,mondrian_std,cliffB_oracle,all,551,511,0.9274047186932849,0.902653730766848,0.9462374119410207,2.879231030124609,,,,,CHEMBL204_Ki
89709943,mondrian_std,cliffB_oracle,cliff,28,25,0.8928571428571429,0.7280414845132785,0.9628816331707,3.2152978015652076,,,,,CHEMBL204_Ki
89709943,mondrian_std,cliffB_oracle,noncliff,523,486,0.9292543021032504,0.9040077938871877,0.9482410040814878,2.8612389276383055,,,,,CHEMBL204_Ki
89709943,mondrian_std,cliffA,all,551,511,0.9274047186932849,0.902653730766848,0.9462374119410207,2.879231030124609,,,,,CHEMBL204_Ki
89709943,mondrian_std,cliffA,cliff,56,53,0.9464285714285714,0.8539269093117847,0.9816142186178909,3.256532334576446,,,,,CHEMBL204_Ki
89709943,mondrian_std,cliffA,noncliff,495,458,0.9252525252525252,0.8986687254132063,0.9452867890207416,2.8365464381058154,,,,,CHEMBL204_Ki
89709943,mondrian_std,__bins__,__summary__,-1,-1,,,,2.879231030124609,0.8981481481481481,0.05512287988923503,0.8198198198198198,0.18018018018018023,CHEMBL204_Ki
89709943,mondrian_iqr,cliffB_oracle,all,551,513,0.9310344827586207,0.9067555939086093,0.9493448154039973,2.981320922533401,,,,,CHEMBL204_Ki
89709943,mondrian_iqr,cliffB_oracle,cliff,28,24,0.8571428571428571,0.685101978364747,0.9430099468025059,3.0611333596363948,,,,,CHEMBL204_Ki
89709943,mondrian_iqr,cliffB_oracle,noncliff,523,489,0.9349904397705545,0.9105287900492406,0.9531086332820452,2.9770479813500668,,,,,CHEMBL204_Ki
89709943,mondrian_iqr,cliffA,all,551,513,0.9310344827586207,0.9067555939086093,0.9493448154039973,2.981320922533401,,,,,CHEMBL204_Ki
89709943,mondrian_iqr,cliffA,cliff,56,51,0.9107142857142857,0.8074399861448884,0.9612578515504131,3.1717952210266174,,,,,CHEMBL204_Ki
89709943,mondrian_iqr,cliffA,noncliff,495,462,0.9333333333333333,0.907853753440723,0.9521389204123972,2.959772315027098,,,,,CHEMBL204_Ki
89709943,mondrian_iqr,__bins__,__summary__,-1,-1,,,,2.981320922533401,0.9008264462809917,0.07139577594123048,0.8378378378378378,0.16216216216216217,CHEMBL204_Ki
89709943,mondrian_nb,cliffB_oracle,all,551,516,0.9364791288566243,0.9129392370489566,0.9539750721707565,3.066842529026439,,,,,CHEMBL204_Ki
89709943,mondrian_nb,cliffB_oracle,cliff,28,24,0.8571428571428571,0.685101978364747,0.9430099468025059,2.985900171094684,,,,,CHEMBL204_Ki
89709943,mondrian_nb,cliffB_oracle,noncliff,523,492,0.9407265774378585,0.9170948712780369,0.9579311774158592,3.0711759631030917,,,,,CHEMBL204_Ki
89709943,mondrian_nb,cliffA,all,551,516,0.9364791288566243,0.9129392370489566,0.9539750721707565,3.066842529026439,,,,,CHEMBL204_Ki
89709943,mondrian_nb,cliffA,cliff,56,51,0.9107142857142857,0.8074399861448884,0.9612578515504131,2.9595845109613683,,,,,CHEMBL204_Ki
89709943,mondrian_nb,cliffA,noncliff,495,465,0.9393939393939394,0.9147999825102218,0.9572205609072779,3.078976769454003,,,,,CHEMBL204_Ki
89709943,mondrian_nb,__bins__,__summary__,-1,-1,,,,3.066842529026439,0.8677685950413223,0.12288561056615432,0.8468468468468469,0.15315315315315314,CHEMBL204_Ki
89709943,mondrian_nnsim,cliffB_oracle,all,551,522,0.9473684210526315,0.9254346269810118,0.9631074820529145,3.2165198391743073,,,,,CHEMBL204_Ki
89709943,mondrian_nnsim,cliffB_oracle,cliff,28,24,0.8571428571428571,0.685101978364747,0.9430099468025059,3.2269982713545953,,,,,CHEMBL204_Ki
89709943,mondrian_nnsim,cliffB_oracle,noncliff,523,498,0.9521988527724665,0.9303880759842527,0.9674152234348643,3.21595885236542,,,,,CHEMBL204_Ki
89709943,mondrian_nnsim,cliffA,all,551,522,0.9473684210526315,0.9254346269810118,0.9631074820529145,3.2165198391743073,,,,,CHEMBL204_Ki
89709943,mondrian_nnsim,cliffA,cliff,56,51,0.9107142857142857,0.8074399861448884,0.9612578515504131,3.19189315754954,,,,,CHEMBL204_Ki
89709943,mondrian_nnsim,cliffA,noncliff,495,471,0.9515151515151515,0.9288715811056532,0.9672047014406051,3.219305888004584,,,,,CHEMBL204_Ki
89709943,mondrian_nnsim,__bins__,__summary__,-1,-1,,,,3.2165198391743073,0.9008264462809917,0.08991429445974897,0.8828828828828829,0.11711711711711714,CHEMBL204_Ki
89709943,mondrian_pairgap,cliffB_oracle,all,551,511,0.9274047186932849,0.902653730766848,0.9462374119410207,2.905010749387339,,,,,CHEMBL204_Ki
89709943,mondrian_pairgap,cliffB_oracle,cliff,28,24,0.8571428571428571,0.685101978364747,0.9430099468025059,3.0618178649752954,,,,,CHEMBL204_Ki
89709943,mondrian_pairgap,cliffB_oracle,noncliff,523,487,0.9311663479923518,0.9061767715090026,0.9498682349138763,2.896615722166569,,,,,CHEMBL204_Ki
89709943,mondrian_pairgap,cliffA,all,551,511,0.9274047186932849,0.902653730766848,0.9462374119410207,2.905010749387339,,,,,CHEMBL204_Ki
89709943,mondrian_pairgap,cliffA,cliff,56,51,0.9107142857142857,0.8074399861448884,0.9612578515504131,3.149732335266094,,,,,CHEMBL204_Ki
89709943,mondrian_pairgap,cliffA,noncliff,495,460,0.9292929292929293,0.9032510133517694,0.9487230807917647,2.877325075025298,,,,,CHEMBL204_Ki
89709943,mondrian_pairgap,__bins__,__summary__,-1,-1,,,,2.905010749387339,0.8677685950413223,0.10419402178110759,0.8108108108108109,0.18918918918918914,CHEMBL204_Ki
89709943,mondrian_rfstd,cliffB_oracle,all,551,522,0.9473684210526315,0.9254346269810118,0.9631074820529145,2.8929683281642182,,,,,CHEMBL204_Ki
89709943,mondrian_rfstd,cliffB_oracle,cliff,28,25,0.8928571428571429,0.7280414845132785,0.9628816331707,3.1283476883832235,,,,,CHEMBL204_Ki
89709943,mondrian_rfstd,cliffB_oracle,noncliff,523,497,0.9502868068833652,0.9281556591421426,0.9658514318227708,2.8803667562978084,,,,,CHEMBL204_Ki
89709943,mondrian_rfstd,cliffA,all,551,522,0.9473684210526315,0.9254346269810118,0.9631074820529145,2.8929683281642182,,,,,CHEMBL204_Ki
89709943,mondrian_rfstd,cliffA,cliff,56,50,0.8928571428571429,0.7853155482892853,0.9499606442888293,3.0261818998183565,,,,,CHEMBL204_Ki
89709943,mondrian_rfstd,cliffA,noncliff,495,472,0.9535353535353536,0.931244235716035,0.9688413366850165,2.877897701876073,,,,,CHEMBL204_Ki
89709943,mondrian_rfstd,__bins__,__summary__,-1,-1,,,,2.8929683281642182,0.9074074074074074,0.07390100380754583,0.9272727272727272,0.06363636363636371,CHEMBL204_Ki
86921808,global,cliffB_oracle,all,551,508,0.9219600725952813,0.8965290585848883,0.941548184215874,2.829510515892702,,,,,CHEMBL204_Ki
86921808,global,cliffB_oracle,cliff,21,14,0.6666666666666666,0.4537345197425524,0.8280524739491653,2.8295105158927014,,,,,CHEMBL204_Ki
86921808,global,cliffB_oracle,noncliff,530,494,0.9320754716981132,0.9073968003521348,0.9505358169679307,2.829510515892701,,,,,CHEMBL204_Ki
86921808,global,cliffA,all,551,508,0.9219600725952813,0.8965290585848883,0.941548184215874,2.829510515892702,,,,,CHEMBL204_Ki
86921808,global,cliffA,cliff,46,35,0.7608695652173914,0.6206486144237798,0.8608782222272219,2.8295105158927023,,,,,CHEMBL204_Ki
86921808,global,cliffA,noncliff,505,473,0.9366336633663367,0.9119146364334597,0.9547600268734072,2.8295105158927014,,,,,CHEMBL204_Ki
86921808,global,__bins__,__summary__,-1,-1,,,,2.829510515892702,0.7950819672131147,0.17688064960931515,0.8198198198198198,0.18018018018018023,CHEMBL204_Ki
86921808,mondrian_pair,cliffB_oracle,all,551,509,0.9237749546279492,0.8985670292998454,0.9431148468032858,2.8630767058493283,,,,,CHEMBL204_Ki
86921808,mondrian_pair,cliffB_oracle,cliff,21,14,0.6666666666666666,0.4537345197425524,0.8280524739491653,2.898586036587758,,,,,CHEMBL204_Ki
86921808,mondrian_pair,cliffB_oracle,noncliff,530,495,0.9339622641509434,0.9095423412554863,0.9521367067078982,2.8616697323672398,,,,,CHEMBL204_Ki
86921808,mondrian_pair,cliffA,all,551,509,0.9237749546279492,0.8985670292998454,0.9431148468032858,2.8630767058493283,,,,,CHEMBL204_Ki
86921808,mondrian_pair,cliffA,cliff,46,35,0.7608695652173914,0.6206486144237798,0.8608782222272219,2.9109745810602417,,,,,CHEMBL204_Ki
86921808,mondrian_pair,cliffA,noncliff,505,474,0.9386138613861386,0.9141851404150049,0.956420020231122,2.858713731077641,,,,,CHEMBL204_Ki
86921808,mondrian_pair,__bins__,__summary__,-1,-1,,,,2.8630767058493283,0.8032786885245902,0.16868392829783974,0.8198198198198198,0.18018018018018023,CHEMBL204_Ki
86921808,mondrian_wstd,cliffB_oracle,all,551,515,0.9346642468239564,0.9108737070161943,0.9524359689011501,2.9811856235804277,,,,,CHEMBL204_Ki
86921808,mondrian_wstd,cliffB_oracle,cliff,21,15,0.7142857142857143,0.5004361928391441,0.8618613704787788,2.868816386602659,,,,,CHEMBL204_Ki
86921808,mondrian_wstd,cliffB_oracle,noncliff,530,500,0.9433962264150944,0.9203451241980689,0.9600660769819109,2.9856379895738865,,,,,CHEMBL204_Ki
86921808,mondrian_wstd,cliffA,all,551,515,0.9346642468239564,0.9108737070161943,0.9524359689011501,2.9811856235804277,,,,,CHEMBL204_Ki
86921808,mondrian_wstd,cliffA,cliff,46,37,0.8043478260869565,0.6682874107701539,0.8934938986560147,3.114951961077654,,,,,CHEMBL204_Ki
86921808,mondrian_wstd,cliffA,noncliff,505,478,0.9465346534653465,0.9233288510158553,0.9629982989873123,2.969000967095532,,,,,CHEMBL204_Ki
86921808,mondrian_wstd,__bins__,__summary__,-1,-1,,,,2.9811856235804277,0.9065420560747663,0.056420906888196565,0.8018018018018018,0.19819819819819817,CHEMBL204_Ki
86921808,mondrian_std,cliffB_oracle,all,551,511,0.9274047186932849,0.902653730766848,0.9462374119410207,2.9752873592979583,,,,,CHEMBL204_Ki
86921808,mondrian_std,cliffB_oracle,cliff,21,14,0.6666666666666666,0.4537345197425524,0.8280524739491653,2.903440108546645,,,,,CHEMBL204_Ki
86921808,mondrian_std,cliffB_oracle,noncliff,530,497,0.9377358490566038,0.9138478254521456,0.9553240837978769,2.978134137157916,,,,,CHEMBL204_Ki
86921808,mondrian_std,cliffA,all,551,511,0.9274047186932849,0.902653730766848,0.9462374119410207,2.9752873592979583,,,,,CHEMBL204_Ki
86921808,mondrian_std,cliffA,cliff,46,37,0.8043478260869565,0.6682874107701539,0.8934938986560147,3.119395470177736,,,,,CHEMBL204_Ki
86921808,mondrian_std,cliffA,noncliff,505,474,0.9386138613861386,0.9141851404150049,0.956420020231122,2.9621606798910873,,,,,CHEMBL204_Ki
86921808,mondrian_std,__bins__,__summary__,-1,-1,,,,2.9752873592979583,0.8691588785046729,0.09380408445829003,0.7927927927927928,0.2072072072072072,CHEMBL204_Ki
86921808,mondrian_iqr,cliffB_oracle,all,551,514,0.9328493647912885,0.9088125457402875,0.950892496874688,2.995581245036011,,,,,CHEMBL204_Ki
86921808,mondrian_iqr,cliffB_oracle,cliff,21,14,0.6666666666666666,0.4537345197425524,0.8280524739491653,2.727821756206449,,,,,CHEMBL204_Ki
86921808,mondrian_iqr,cliffB_oracle,noncliff,530,500,0.9433962264150944,0.9203451241980689,0.9600660769819109,3.0061905832726543,,,,,CHEMBL204_Ki
86921808,mondrian_iqr,cliffA,all,551,514,0.9328493647912885,0.9088125457402875,0.950892496874688,2.995581245036011,,,,,CHEMBL204_Ki
86921808,mondrian_iqr,cliffA,cliff,46,35,0.7608695652173914,0.6206486144237798,0.8608782222272219,2.927388204813582,,,,,CHEMBL204_Ki
86921808,mondrian_iqr,cliffA,noncliff,505,479,0.9485148514851485,0.9256317243621567,0.9646259229802711,3.001792888303797,,,,,CHEMBL204_Ki
86921808,mondrian_iqr,__bins__,__summary__,-1,-1,,,,2.995581245036011,0.8934426229508197,0.08803885853066185,0.8378378378378378,0.16216216216216217,CHEMBL204_Ki
86921808,mondrian_nb,cliffB_oracle,all,551,497,0.9019963702359347,0.8743177868892107,0.9241084895854941,2.8421845234151557,,,,,CHEMBL204_Ki
86921808,mondrian_nb,cliffB_oracle,cliff,21,13,0.6190476190476191,0.4087865377511576,0.7924898863143551,2.569036683878185,,,,,CHEMBL204_Ki
86921808,mondrian_nb,cliffB_oracle,noncliff,530,484,0.9132075471698113,0.8861679335455039,0.934300377341371,2.8530073623402057,,,,,CHEMBL204_Ki
86921808,mondrian_nb,cliffA,all,551,497,0.9019963702359347,0.8743177868892107,0.9241084895854941,2.8421845234151557,,,,,CHEMBL204_Ki
86921808,mondrian_nb,cliffA,cliff,46,33,0.717391304347826,0.574514387694541,0.8267579761812937,2.595733343564988,,,,,CHEMBL204_Ki
86921808,mondrian_nb,cliffA,noncliff,505,464,0.9188118811881189,0.8917093717642887,0.9395908154892368,2.8646335417777458,,,,,CHEMBL204_Ki
86921808,mondrian_nb,__bins__,__summary__,-1,-1,,,,2.8421845234151557,0.7622950819672131,0.21918639951426844,0.7657657657657657,0.23423423423423428,CHEMBL204_Ki
86921808,mondrian_nnsim,cliffB_oracle,all,551,511,0.9274047186932849,0.902653730766848,0.9462374119410207,2.9761579692413465,,,,,CHEMBL204_Ki
86921808,mondrian_nnsim,cliffB_oracle,cliff,21,14,0.6666666666666666,0.4537345197425524,0.8280524739491653,2.5561416572525024,,,,,CHEMBL204_Ki
86921808,mondrian_nnsim,cliffB_oracle,noncliff,530,497,0.9377358490566038,0.9138478254521456,0.9553240837978769,2.9928001249993943,,,,,CHEMBL204_Ki
86921808,mondrian_nnsim,cliffA,all,551,511,0.9274047186932849,0.902653730766848,0.9462374119410207,2.9761579692413465,,,,,CHEMBL204_Ki
86921808,mondrian_nnsim,cliffA,cliff,46,35,0.7608695652173914,0.6206486144237798,0.8608782222272219,2.6627418609619244,,,,,CHEMBL204_Ki
86921808,mondrian_nnsim,cliffA,noncliff,505,476,0.9425742574257425,0.9187440857717402,0.9597220695529072,3.0047067632628375,,,,,CHEMBL204_Ki
86921808,mondrian_nnsim,__bins__,__summary__,-1,-1,,,,2.9761579692413465,0.819672131147541,0.1618093503339405,0.8468468468468469,0.15315315315315314,CHEMBL204_Ki
86921808,mondrian_pairgap,cliffB_oracle,all,551,503,0.9128856624319419,0.8863887630470745,0.9336653132418434,3.009066464391886,,,,,CHEMBL204_Ki
86921808,mondrian_pairgap,cliffB_oracle,cliff,21,14,0.6666666666666666,0.4537345197425524,0.8280524739491653,2.6567129600079604,,,,,CHEMBL204_Ki
86921808,mondrian_pairgap,cliffB_oracle,noncliff,530,489,0.9226415094339623,0.896734336381636,0.942466127721834,3.023027640980684,,,,,CHEMBL204_Ki
86921808,mondrian_pairgap,cliffA,all,551,503,0.9128856624319419,0.8863887630470745,0.9336653132418434,3.009066464391886,,,,,CHEMBL204_Ki
86921808,mondrian_pairgap,cliffA,cliff,46,36,0.782608695652174,0.6442631262842105,0.8773909467543746,2.7244308733624654,,,,,CHEMBL204_Ki
86921808,mondrian_pairgap,cliffA,noncliff,505,467,0.9247524752475248,0.8984025564245384,0.9446891228467675,3.034993666743081,,,,,CHEMBL204_Ki
86921808,mondrian_pairgap,__bins__,__summary__,-1,-1,,,,3.009066464391886,0.7786885245901639,0.1935336976320583,0.7837837837837838,0.21621621621621623,CHEMBL204_Ki
86921808,mondrian_rfstd,cliffB_oracle,all,551,514,0.9328493647912885,0.9088125457402875,0.950892496874688,2.887602878316101,,,,,CHEMBL204_Ki
86921808,mondrian_rfstd,cliffB_oracle,cliff,21,13,0.6190476190476191,0.4087865377511576,0.7924898863143551,3.039676202288866,,,,,CHEMBL204_Ki
86921808,mondrian_rfstd,cliffB_oracle,noncliff,530,501,0.9452830188679245,0.9225222407702455,0.9616353910530534,2.8815773315171804,,,,,CHEMBL204_Ki
86921808,mondrian_rfstd,cliffA,all,551,514,0.9328493647912885,0.9088125457402875,0.950892496874688,2.887602878316101,,,,,CHEMBL204_Ki
86921808,mondrian_rfstd,cliffA,cliff,46,32,0.6956521739130435,0.5519435355159235,0.8092015919723277,2.9562137416551444,,,,,CHEMBL204_Ki
86921808,mondrian_rfstd,cliffA,noncliff,505,482,0.9544554455445544,0.9325869410686907,0.9694621982915177,2.881353175912941,,,,,CHEMBL204_Ki
86921808,mondrian_rfstd,__bins__,__summary__,-1,-1,,,,2.887602878316101,0.8524590163934426,0.1288493948215107,0.8715596330275229,0.10116763969974985,CHEMBL204_Ki
71339737,global,cliffB_oracle,all,520,476,0.9153846153846154,0.8883118446981964,0.9363651500790906,2.6368831122320304,,,,,CHEMBL237_Ki
71339737,global,cliffB_oracle,cliff,23,16,0.6956521739130435,0.49134243731240795,0.8439597554678597,2.6368831122320304,,,,,CHEMBL237_Ki
71339737,global,cliffB_oracle,noncliff,497,460,0.9255533199195171,0.8990696991011976,0.9455089445997783,2.6368831122320304,,,,,CHEMBL237_Ki
71339737,global,cliffA,all,520,476,0.9153846153846154,0.8883118446981964,0.9363651500790906,2.6368831122320304,,,,,CHEMBL237_Ki
71339737,global,cliffA,cliff,51,40,0.7843137254901961,0.6537364041400255,0.8750606159176724,2.636883112232031,,,,,CHEMBL237_Ki
71339737,global,cliffA,noncliff,469,436,0.929637526652452,0.9028318290209312,0.9494623014580574,2.6368831122320304,,,,,CHEMBL237_Ki
71339737,global,__bins__,__summary__,-1,-1,,,,2.6368831122320304,0.8582677165354331,0.11112003856660768,0.8365384615384616,0.15384615384615385,CHEMBL237_Ki
71339737,mondrian_pair,cliffB_oracle,all,520,483,0.9288461538461539,0.9034628064887454,0.9479398316378055,2.741843174252371,,,,,CHEMBL237_Ki
71339737,mondrian_pair,cliffB_oracle,cliff,23,19,0.8260869565217391,0.6286235235977385,0.9302134643693744,2.865057160102336,,,,,CHEMBL237_Ki
71339737,mondrian_pair,cliffB_oracle,noncliff,497,464,0.9336016096579477,0.9082186456150897,0.9523331166428787,2.736141118569174,,,,,CHEMBL237_Ki
71339737,mondrian_pair,cliffA,all,520,483,0.9288461538461539,0.9034628064887454,0.9479398316378055,2.741843174252371,,,,,CHEMBL237_Ki
71339737,mondrian_pair,cliffA,cliff,51,44,0.8627450980392157,0.7427830774241833,0.9318889826494312,2.8272518521708845,,,,,CHEMBL237_Ki
71339737,mondrian_pair,cliffA,noncliff,469,439,0.9360341151385928,0.9101538438659516,0.9548295292504414,2.7325556634339407,,,,,CHEMBL237_Ki
71339737,mondrian_pair,__bins__,__summary__,-1,-1,,,,2.741843174252371,0.8818897637795275,0.09770207295516631,0.8557692307692307,0.1346153846153847,CHEMBL237_Ki
71339737,mondrian_wstd,cliffB_oracle,all,520,476,0.9153846153846154,0.8883118446981964,0.9363651500790906,2.6441056031526475,,,,,CHEMBL237_Ki
71339737,mondrian_wstd,cliffB_oracle,cliff,23,16,0.6956521739130435,0.49134243731240795,0.8439597554678597,2.8330429290173367,,,,,CHEMBL237_Ki
71339737,mondrian_wstd,cliffB_oracle,noncliff,497,460,0.9255533199195171,0.8990696991011976,0.9455089445997783,2.635362024692109,,,,,CHEMBL237_Ki
71339737,mondrian_wstd,cliffA,all,520,476,0.9153846153846154,0.8883118446981964,0.9363651500790906,2.6441056031526475,,,,,CHEMBL237_Ki
71339737,mondrian_wstd,cliffA,cliff,51,40,0.7843137254901961,0.6537364041400255,0.8750606159176724,2.692760877569457,,,,,CHEMBL237_Ki
71339737,mondrian_wstd,cliffA,noncliff,469,436,0.929637526652452,0.9028318290209312,0.9494623014580574,2.63881473109453,,,,,CHEMBL237_Ki
71339737,mondrian_wstd,__bins__,__summary__,-1,-1,,,,2.6441056031526475,0.8775510204081632,0.07142857142857151,0.8557692307692307,0.125,CHEMBL237_Ki
71339737,mondrian_std,cliffB_oracle,all,520,475,0.9134615384615384,0.886162610375759,0.934696435351633,2.660707632606443,,,,,CHEMBL237_Ki
71339737,mondrian_std,cliffB_oracle,cliff,23,16,0.6956521739130435,0.49134243731240795,0.8439597554678597,2.8600258955260816,,,,,CHEMBL237_Ki
71339737,mondrian_std,cliffB_oracle,noncliff,497,459,0.9235412474849095,0.8967947220284008,0.9437906420333272,2.6514836486081497,,,,,CHEMBL237_Ki
71339737,mondrian_std,cliffA,all,520,475,0.9134615384615384,0.886162610375759,0.934696435351633,2.660707632606443,,,,,CHEMBL237_Ki
71339737,mondrian_std,cliffA,cliff,51,40,0.7843137254901961,0.6537364041400255,0.8750606159176724,2.736969515860518,,,,,CHEMBL237_Ki
71339737,mondrian_std,cliffA,noncliff,469,435,0.9275053304904051,0.9004032393980805,0.9476611435351066,2.652414762572418,,,,,CHEMBL237_Ki
71339737,mondrian_std,__bins__,__summary__,-1,-1,,,,2.660707632606443,0.8775510204081632,0.061224489795918435,0.8653846153846154,0.11538461538461531,CHEMBL237_Ki
71339737,mondrian_iqr,cliffB_oracle,all,520,476,0.9153846153846154,0.8883118446981964,0.9363651500790906,2.6455701918801657,,,,,CHEMBL237_Ki
71339737,mondrian_iqr,cliffB_oracle,cliff,23,18,0.782608695652174,0.5809651698373599,0.9033602197341379,2.9565465757060756,,,,,CHEMBL237_Ki
71339737,mondrian_iqr,cliffB_oracle,noncliff,497,458,0.9215291750503019,0.8945242997175108,0.9420677847049691,2.631178930656834,,,,,CHEMBL237_Ki
71339737,mondrian_iqr,cliffA,all,520,476,0.9153846153846154,0.8883118446981964,0.9363651500790906,2.6455701918801657,,,,,CHEMBL237_Ki
71339737,mondrian_iqr,cliffA,cliff,51,43,0.8431372549019608,0.7198955322701224,0.9183077677995128,2.9164639527552274,,,,,CHEMBL237_Ki
71339737,mondrian_iqr,cliffA,noncliff,469,433,0.9232409381663113,0.8955627690113691,0.9440421188302152,2.6161126613798924,,,,,CHEMBL237_Ki
71339737,mondrian_iqr,__bins__,__summary__,-1,-1,,,,2.6455701918801657,0.9081632653061225,0.011028653885796769,0.8653846153846154,0.11538461538461531,CHEMBL237_Ki
71339737,mondrian_nb,cliffB_oracle,all,520,483,0.9288461538461539,0.9034628064887454,0.9479398316378055,2.8399915309775237,,,,,CHEMBL237_Ki
71339737,mondrian_nb,cliffB_oracle,cliff,23,15,0.6521739130434783,0.44890335377263,0.8118872406120227,2.634240998793138,,,,,CHEMBL237_Ki
71339737,mondrian_nb,cliffB_oracle,noncliff,497,468,0.9416498993963782,0.9174560383048499,0.9590688425101109,2.8495131853844473,,,,,CHEMBL237_Ki
71339737,mondrian_nb,cliffA,all,520,483,0.9288461538461539,0.9034628064887454,0.9479398316378055,2.8399915309775237,,,,,CHEMBL237_Ki
71339737,mondrian_nb,cliffA,cliff,51,39,0.7647058823529411,0.632377748398347,0.8599505116553716,2.6681728424434237,,,,,CHEMBL237_Ki
71339737,mondrian_nb,cliffA,noncliff,469,444,0.9466950959488273,0.9224955557566563,0.9636365550887438,2.8586754395388017,,,,,CHEMBL237_Ki
71339737,mondrian_nb,__bins__,__summary__,-1,-1,,,,2.8399915309775237,0.8661417322834646,0.1136562475145152,0.8653846153846154,0.10576923076923073,CHEMBL237_Ki
71339737,mondrian_nnsim,cliffB_oracle,all,520,476,0.9153846153846154,0.8883118446981964,0.9363651500790906,2.738871330466908,,,,,CHEMBL237_Ki
71339737,mondrian_nnsim,cliffB_oracle,cliff,23,15,0.6521739130434783,0.44890335377263,0.8118872406120227,2.544499440781517,,,,,CHEMBL237_Ki
71339737,mondrian_nnsim,cliffB_oracle,noncliff,497,461,0.9275653923541247,0.9013493967526235,0.9472225265876005,2.747866407856775,,,,,CHEMBL237_Ki
71339737,mondrian_nnsim,cliffA,all,520,476,0.9153846153846154,0.8883118446981964,0.9363651500790906,2.738871330466908,,,,,CHEMBL237_Ki
71339737,mondrian_nnsim,cliffA,cliff,51,39,0.7647058823529411,0.632377748398347,0.8599505116553716,2.6030485181008376,,,,,CHEMBL237_Ki
71339737,mondrian_nnsim,cliffA,noncliff,469,437,0.9317697228144989,0.9052662908444102,0.9512575871803797,2.753640975308421,,,,,CHEMBL237_Ki
71339737,mondrian_nnsim,__bins__,__summary__,-1,-1,,,,2.738871330466908,0.8582677165354331,0.10132824306052646,0.8173076923076923,0.17307692307692313,CHEMBL237_Ki
71339737,mondrian_pairgap,cliffB_oracle,all,520,476,0.9153846153846154,0.8883118446981964,0.9363651500790906,2.7722372932009867,,,,,CHEMBL237_Ki
71339737,mondrian_pairgap,cliffB_oracle,cliff,23,14,0.6086956521739131,0.4078552239138171,0.7784237720752205,2.6704690283138843,,,,,CHEMBL237_Ki
71339737,mondrian_pairgap,cliffB_oracle,noncliff,497,462,0.9295774647887324,0.9036339919725543,0.9489312110069178,2.776946890972422,,,,,CHEMBL237_Ki
71339737,mondrian_pairgap,cliffA,all,520,476,0.9153846153846154,0.8883118446981964,0.9363651500790906,2.7722372932009867,,,,,CHEMBL237_Ki
71339737,mondrian_pairgap,cliffA,cliff,51,39,0.7647058823529411,0.632377748398347,0.8599505116553716,2.71243137168505,,,,,CHEMBL237_Ki
71339737,mondrian_pairgap,cliffA,noncliff,469,437,0.9317697228144989,0.9052662908444102,0.9512575871803797,2.7787407089735088,,,,,CHEMBL237_Ki
71339737,mondrian_pairgap,__bins__,__summary__,-1,-1,,,,2.7722372932009867,0.8582677165354331,0.0912272329595164,0.8365384615384616,0.14423076923076916,CHEMBL237_Ki
71339737,mondrian_rfstd,cliffB_oracle,all,520,473,0.9096153846153846,0.8818744050314969,0.9313487425961054,2.6429623863657996,,,,,CHEMBL237_Ki
71339737,mondrian_rfstd,cliffB_oracle,cliff,23,15,0.6521739130434783,0.44890335377263,0.8118872406120227,2.970954202168895,,,,,CHEMBL237_Ki
71339737,mondrian_rfstd,cliffB_oracle,noncliff,497,458,0.9215291750503019,0.8945242997175108,0.9420677847049691,2.6277836906646503,,,,,CHEMBL237_Ki
71339737,mondrian_rfstd,cliffA,all,520,473,0.9096153846153846,0.8818744050314969,0.9313487425961054,2.6429623863657996,,,,,CHEMBL237_Ki
71339737,mondrian_rfstd,cliffA,cliff,51,36,0.7058823529411765,0.5700092442431359,0.8129127357986454,2.7199383932208288,,,,,CHEMBL237_Ki
71339737,mondrian_rfstd,cliffA,noncliff,469,437,0.9317697228144989,0.9052662908444102,0.9512575871803797,2.634591861100114,,,,,CHEMBL237_Ki
71339737,mondrian_rfstd,__bins__,__summary__,-1,-1,,,,2.6429623863657996,0.8673469387755102,0.08163265306122458,0.7980769230769231,0.16346153846153844,CHEMBL237_Ki
99182118,global,cliffB_oracle,all,520,477,0.9173076923076923,0.890464637871366,0.9380303059558158,2.729204607429139,,,,,CHEMBL237_Ki
99182118,global,cliffB_oracle,cliff,20,17,0.85,0.6395811352592431,0.9476312541037835,2.729204607429139,,,,,CHEMBL237_Ki
99182118,global,cliffB_oracle,noncliff,500,460,0.92,0.8928936834221488,0.9407018705901475,2.729204607429139,,,,,CHEMBL237_Ki
99182118,global,cliffA,all,520,477,0.9173076923076923,0.890464637871366,0.9380303059558158,2.729204607429139,,,,,CHEMBL237_Ki
99182118,global,cliffA,cliff,53,47,0.8867924528301887,0.7742348088800781,0.9470696905229743,2.7292046074291405,,,,,CHEMBL237_Ki
99182118,global,cliffA,noncliff,467,430,0.9207708779443254,0.892701001869718,0.9419748590545475,2.7292046074291396,,,,,CHEMBL237_Ki
99182118,global,__bins__,__summary__,-1,-1,,,,2.729204607429139,0.864406779661017,0.125593220338983,0.7788461538461539,0.21153846153846156,CHEMBL237_Ki
99182118,mondrian_pair,cliffB_oracle,all,520,479,0.9211538461538461,0.8947813495945718,0.9413494923323997,2.7625415713303254,,,,,CHEMBL237_Ki
99182118,mondrian_pair,cliffB_oracle,cliff,20,17,0.85,0.6395811352592431,0.9476312541037835,2.7375926177010506,,,,,CHEMBL237_Ki
99182118,mondrian_pair,cliffB_oracle,noncliff,500,462,0.924,0.8974035863260316,0.9441309729625723,2.7635395294754965,,,,,CHEMBL237_Ki
99182118,mondrian_pair,cliffA,all,520,479,0.9211538461538461,0.8947813495945718,0.9413494923323997,2.7625415713303254,,,,,CHEMBL237_Ki
99182118,mondrian_pair,cliffA,cliff,53,47,0.8867924528301887,0.7742348088800781,0.9470696905229743,2.740810659377696,,,,,CHEMBL237_Ki
99182118,mondrian_pair,cliffA,noncliff,467,432,0.9250535331905781,0.8975509724981579,0.945620317036024,2.7650078204384396,,,,,CHEMBL237_Ki
99182118,mondrian_pair,__bins__,__summary__,-1,-1,,,,2.7625415713303254,0.87,0.12,0.7980769230769231,0.1923076923076923,CHEMBL237_Ki
99182118,mondrian_wstd,cliffB_oracle,all,520,483,0.9288461538461539,0.9034628064887454,0.9479398316378055,2.9110252343360377,,,,,CHEMBL237_Ki
99182118,mondrian_wstd,cliffB_oracle,cliff,20,16,0.8,0.5839825677481064,0.919342337420202,2.9111174173650256,,,,,CHEMBL237_Ki
99182118,mondrian_wstd,cliffB_oracle,noncliff,500,467,0.934,0.9087605988391466,0.9526214736402262,2.9110215470148786,,,,,CHEMBL237_Ki
99182118,mondrian_wstd,cliffA,all,520,483,0.9288461538461539,0.9034628064887454,0.9479398316378055,2.9110252343360377,,,,,CHEMBL237_Ki
99182118,mondrian_wstd,cliffA,cliff,53,47,0.8867924528301887,0.7742348088800781,0.9470696905229743,2.936976524866807,,,,,CHEMBL237_Ki
99182118,mondrian_wstd,cliffA,noncliff,467,436,0.9336188436830836,0.9073181781860922,0.952843968567922,2.9080800129267645,,,,,CHEMBL237_Ki
99182118,mondrian_wstd,__bins__,__summary__,-1,-1,,,,2.9110252343360377,0.86,0.12,0.8173076923076923,0.17307692307692313,CHEMBL237_Ki
99182118,mondrian_std,cliffB_oracle,all,520,483,0.9288461538461539,0.9034628064887454,0.9479398316378055,2.8137406610497417,,,,,CHEMBL237_Ki
99182118,mondrian_std,cliffB_oracle,cliff,20,16,0.8,0.5839825677481064,0.919342337420202,2.7493854014062102,,,,,CHEMBL237_Ki
99182118,mondrian_std,cliffB_oracle,noncliff,500,467,0.934,0.9087605988391466,0.9526214736402262,2.816314871435483,,,,,CHEMBL237_Ki
99182118,mondrian_std,cliffA,all,520,483,0.9288461538461539,0.9034628064887454,0.9479398316378055,2.8137406610497417,,,,,CHEMBL237_Ki
99182118,mondrian_std,cliffA,cliff,53,47,0.8867924528301887,0.7742348088800781,0.9470696905229743,2.757503656513029,,,,,CHEMBL237_Ki
99182118,mondrian_std,cliffA,noncliff,467,436,0.9336188436830836,0.9073181781860922,0.952843968567922,2.8201230191663282,,,,,CHEMBL237_Ki
99182118,mondrian_std,__bins__,__summary__,-1,-1,,,,2.8137406610497417,0.86,0.12,0.8076923076923077,0.1826923076923077,CHEMBL237_Ki
99182118,mondrian_iqr,cliffB_oracle,all,520,480,0.9230769230769231,0.8969455090982341,0.9430032818786325,2.792504780214943,,,,,CHEMBL237_Ki
99182118,mondrian_iqr,cliffB_oracle,cliff,20,16,0.8,0.5839825677481064,0.919342337420202,2.9176382171247766,,,,,CHEMBL237_Ki
99182118,mondrian_iqr,cliffB_oracle,noncliff,500,464,0.928,0.9019315959830375,0.9475419685818739,2.7874994427385498,,,,,CHEMBL237_Ki
99182118,mondrian_iqr,cliffA,all,520,480,0.9230769230769231,0.8969455090982341,0.9430032818786325,2.792504780214943,,,,,CHEMBL237_Ki
99182118,mondrian_iqr,cliffA,cliff,53,48,0.9056603773584906,0.7974627262370373,0.9590273585027496,2.927988854937427,,,,,CHEMBL237_Ki
99182118,mondrian_iqr,cliffA,noncliff,467,432,0.9250535331905781,0.8975509724981579,0.945620317036024,2.7771286432550037,,,,,CHEMBL237_Ki
99182118,mondrian_iqr,__bins__,__summary__,-1,-1,,,,2.792504780214943,0.88,0.08039603960396036,0.8173076923076923,0.17307692307692313,CHEMBL237_Ki
99182118,mondrian_nb,cliffB_oracle,all,520,485,0.9326923076923077,0.9078298670354615,0.9512086691908791,2.833093626136898,,,,,CHEMBL237_Ki
99182118,mondrian_nb,cliffB_oracle,cliff,20,18,0.9,0.6989663547715128,0.9721335187862319,2.806875789469749,,,,,CHEMBL237_Ki
99182118,mondrian_nb,cliffB_oracle,noncliff,500,467,0.934,0.9087605988391466,0.9526214736402262,2.834142339603584,,,,,CHEMBL237_Ki
99182118,mondrian_nb,cliffA,all,520,485,0.9326923076923077,0.9078298670354615,0.9512086691908791,2.833093626136898,,,,,CHEMBL237_Ki
99182118,mondrian_nb,cliffA,cliff,53,49,0.9245283018867925,0.8214152251634678,0.9702604449130533,2.7581812156945995,,,,,CHEMBL237_Ki
99182118,mondrian_nb,cliffA,noncliff,467,436,0.9336188436830836,0.9073181781860922,0.952843968567922,2.841595462868037,,,,,CHEMBL237_Ki
99182118,mondrian_nb,__bins__,__summary__,-1,-1,,,,2.833093626136898,0.88,0.11009900990099009,0.8365384615384616,0.15384615384615385,CHEMBL237_Ki
99182118,mondrian_nnsim,cliffB_oracle,all,520,484,0.9307692307692308,0.9056440080251744,0.9495765791512714,2.8414715788405416,,,,,CHEMBL237_Ki
99182118,mondrian_nnsim,cliffB_oracle,cliff,20,18,0.9,0.6989663547715128,0.9721335187862319,2.904874012920728,,,,,CHEMBL237_Ki
99182118,mondrian_nnsim,cliffB_oracle,noncliff,500,466,0.932,0.9064790772661258,0.9509334925750932,2.838935481477334,,,,,CHEMBL237_Ki
99182118,mondrian_nnsim,cliffA,all,520,484,0.9307692307692308,0.9056440080251744,0.9495765791512714,2.8414715788405416,,,,,CHEMBL237_Ki
99182118,mondrian_nnsim,cliffA,cliff,53,49,0.9245283018867925,0.8214152251634678,0.9702604449130533,2.786713967593205,,,,,CHEMBL237_Ki
99182118,mondrian_nnsim,cliffA,noncliff,467,435,0.9314775160599572,0.9048673974676537,0.9510470349814025,2.84768604007418,,,,,CHEMBL237_Ki
99182118,mondrian_nnsim,__bins__,__summary__,-1,-1,,,,2.8414715788405416,0.87,0.12,0.8076923076923077,0.1826923076923077,CHEMBL237_Ki
99182118,mondrian_pairgap,cliffB_oracle,all,520,482,0.926923076923077,0.9012860934204691,0.946298595656187,2.885847001347759,,,,,CHEMBL237_Ki
99182118,mondrian_pairgap,cliffB_oracle,cliff,20,17,0.85,0.6395811352592431,0.9476312541037835,2.999769738398874,,,,,CHEMBL237_Ki
99182118,mondrian_pairgap,cliffB_oracle,noncliff,500,465,0.93,0.9042028101480832,0.949240257054982,2.881290091865714,,,,,CHEMBL237_Ki
99182118,mondrian_pairgap,cliffA,all,520,482,0.926923076923077,0.9012860934204691,0.946298595656187,2.885847001347759,,,,,CHEMBL237_Ki
99182118,mondrian_pairgap,cliffA,cliff,53,48,0.9056603773584906,0.7974627262370373,0.9590273585027496,2.933344565998447,,,,,CHEMBL237_Ki
99182118,mondrian_pairgap,cliffA,noncliff,467,434,0.9293361884368309,0.9024227663112929,0.9492439518328051,2.880456485445219,,,,,CHEMBL237_Ki
99182118,mondrian_pairgap,__bins__,__summary__,-1,-1,,,,2.885847001347759,0.8728813559322034,0.09741567377076688,0.8076923076923077,0.1923076923076923,CHEMBL237_Ki
99182118,mondrian_rfstd,cliffB_oracle,all,520,467,0.8980769230769231,0.8690853516540739,0.9212301016741596,2.553461685125696,,,,,CHEMBL237_Ki
99182118,mondrian_rfstd,cliffB_oracle,cliff,20,13,0.65,0.43285427668523624,0.818808175898918,2.718842494631097,,,,,CHEMBL237_Ki
99182118,mondrian_rfstd,cliffB_oracle,noncliff,500,454,0.908,0.8794612618638256,0.930317276319548,2.5468464527454797,,,,,CHEMBL237_Ki
99182118,mondrian_rfstd,cliffA,all,520,467,0.8980769230769231,0.8690853516540739,0.9212301016741596,2.553461685125696,,,,,CHEMBL237_Ki
99182118,mondrian_rfstd,cliffA,cliff,53,43,0.8113207547169812,0.6864154091329746,0.8941467489231409,2.5973132555865144,,,,,CHEMBL237_Ki
99182118,mondrian_rfstd,cliffA,noncliff,467,424,0.9079229122055674,0.8782673197804578,0.9309222553140593,2.548484954430999,,,,,CHEMBL237_Ki
99182118,mondrian_rfstd,__bins__,__summary__,-1,-1,,,,2.553461685125696,0.83,0.11059405940594058,0.8076923076923077,0.15384615384615385,CHEMBL237_Ki
89709943,global,cliffB_oracle,all,520,468,0.9,0.8712094686539531,0.9229239337241752,2.51220873242022,,,,,CHEMBL237_Ki
89709943,global,cliffB_oracle,cliff,25,18,0.72,0.5242339480963842,0.8571614614904344,2.51220873242022,,,,,CHEMBL237_Ki
89709943,global,cliffB_oracle,noncliff,495,450,0.9090909090909091,0.88051716401903,0.9313640315765731,2.51220873242022,,,,,CHEMBL237_Ki
89709943,global,cliffA,all,520,468,0.9,0.8712094686539531,0.9229239337241752,2.51220873242022,,,,,CHEMBL237_Ki
89709943,global,cliffA,cliff,68,57,0.8382352941176471,0.733099723993876,0.9071990777719586,2.51220873242022,,,,,CHEMBL237_Ki
89709943,global,cliffA,noncliff,452,411,0.9092920353982301,0.8792539301495128,0.9324317839082339,2.51220873242022,,,,,CHEMBL237_Ki
89709943,global,__bins__,__summary__,-1,-1,,,,2.51220873242022,0.7890625,0.19052933673469385,0.7596153846153846,0.21153846153846156,CHEMBL237_Ki
89709943,mondrian_pair,cliffB_oracle,all,520,474,0.9115384615384615,0.8840168302198698,0.9330242664576275,2.660488853932339,,,,,CHEMBL237_Ki
89709943,mondrian_pair,cliffB_oracle,cliff,25,21,0.84,0.6534637839282114,0.9359654854332355,2.8496980647502483,,,,,CHEMBL237_Ki
89709943,mondrian_pair,cliffB_oracle,noncliff,495,453,0.9151515151515152,0.8872932517179133,0.9366158134420692,2.65093283318396,,,,,CHEMBL237_Ki
89709943,mondrian_pair,cliffA,all,520,474,0.9115384615384615,0.8840168302198698,0.9330242664576275,2.660488853932339,,,,,CHEMBL237_Ki
89709943,mondrian_pair,cliffA,cliff,68,60,0.8823529411764706,0.784650962802083,0.9391650739766866,2.8500085570174325,,,,,CHEMBL237_Ki
89709943,mondrian_pair,cliffA,noncliff,452,414,0.915929203539823,0.886710220485854,0.9381379646106668,2.631977040193874,,,,,CHEMBL237_Ki
89709943,mondrian_pair,__bins__,__summary__,-1,-1,,,,2.660488853932339,0.8125,0.16709183673469385,0.7884615384615384,0.1826923076923077,CHEMBL237_Ki
89709943,mondrian_wstd,cliffB_oracle,all,520,473,0.9096153846153846,0.8818744050314969,0.9313487425961054,2.665886830963828,,,,,CHEMBL237_Ki
89709943,mondrian_wstd,cliffB_oracle,cliff,25,20,0.8,0.6086904963045967,0.9113941531319742,2.8148661368772645,,,,,CHEMBL237_Ki
89709943,mondrian_wstd,cliffB_oracle,noncliff,495,453,0.9151515151515152,0.8872932517179133,0.9366158134420692,2.6583626235944626,,,,,CHEMBL237_Ki
89709943,mondrian_wstd,cliffA,all,520,473,0.9096153846153846,0.8818744050314969,0.9313487425961054,2.665886830963828,,,,,CHEMBL237_Ki
89709943,mondrian_wstd,cliffA,cliff,68,61,0.8970588235294118,0.8024208869063437,0.9492342282100709,2.790381596859815,,,,,CHEMBL237_Ki
89709943,mondrian_wstd,cliffA,noncliff,452,412,0.911504424778761,0.8817345700531757,0.934338634350829,2.64715752989983,,,,,CHEMBL237_Ki
89709943,mondrian_wstd,__bins__,__summary__,-1,-1,,,,2.665886830963828,0.8469387755102041,0.13265306122448972,0.8557692307692307,0.09615384615384615,CHEMBL237_Ki
89709943,mondrian_std,cliffB_oracle,all,520,474,0.9115384615384615,0.8840168302198698,0.9330242664576275,2.7243265259908167,,,,,CHEMBL237_Ki
89709943,mondrian_std,cliffB_oracle,cliff,25,21,0.84,0.6534637839282114,0.9359654854332355,2.969626703323159,,,,,CHEMBL237_Ki
89709943,mondrian_std,cliffB_oracle,noncliff,495,453,0.9151515151515152,0.8872932517179133,0.9366158134420692,2.711937628145749,,,,,CHEMBL237_Ki
89709943,mondrian_std,cliffA,all,520,474,0.9115384615384615,0.8840168302198698,0.9330242664576275,2.7243265259908167,,,,,CHEMBL237_Ki
89709943,mondrian_std,cliffA,cliff,68,61,0.8970588235294118,0.8024208869063437,0.9492342282100709,2.874312543218333,,,,,CHEMBL237_Ki
89709943,mondrian_std,cliffA,noncliff,452,413,0.9137168141592921,0.8842199464470439,0.9362407483032189,2.701762257912341,,,,,CHEMBL237_Ki
89709943,mondrian_std,__bins__,__summary__,-1,-1,,,,2.7243265259908167,0.8571428571428571,0.12244897959183676,0.8557692307692307,0.09615384615384615,CHEMBL237_Ki
89709943,mondrian_iqr,cliffB_oracle,all,520,470,0.9038461538461539,0.8754663415012954,0.9263029589766226,2.6561348388055324,,,,,CHEMBL237_Ki
89709943,mondrian_iqr,cliffB_oracle,cliff,25,18,0.72,0.5242339480963842,0.8571614614904344,2.8499733818868758,,,,,CHEMBL237_Ki
89709943,mondrian_iqr,cliffB_oracle,noncliff,495,452,0.9131313131313131,0.8850307139684397,0.9348690613367496,2.6463450133973834,,,,,CHEMBL237_Ki
89709943,mondrian_iqr,cliffA,all,520,470,0.9038461538461539,0.8754663415012954,0.9263029589766226,2.6561348388055324,,,,,CHEMBL237_Ki
89709943,mondrian_iqr,cliffA,cliff,68,57,0.8382352941176471,0.733099723993876,0.9071990777719586,2.7789001022234405,,,,,CHEMBL237_Ki
89709943,mondrian_iqr,cliffA,noncliff,452,413,0.9137168141592921,0.8842199464470439,0.9362407483032189,2.6376657283798295,,,,,CHEMBL237_Ki
89709943,mondrian_iqr,__bins__,__summary__,-1,-1,,,,2.6561348388055324,0.8046875,0.17490433673469385,0.7692307692307693,0.20192307692307687,CHEMBL237_Ki
89709943,mondrian_nb,cliffB_oracle,all,520,478,0.9192307692307692,0.8926211005006705,0.9396917923764062,2.7470383229546207,,,,,CHEMBL237_Ki
89709943,mondrian_nb,cliffB_oracle,cliff,25,20,0.8,0.6086904963045967,0.9113941531319742,2.769316354816269,,,,,CHEMBL237_Ki
89709943,mondrian_nb,cliffB_oracle,noncliff,495,458,0.9252525252525252,0.8986687254132063,0.9452867890207416,2.745913169830295,,,,,CHEMBL237_Ki
89709943,mondrian_nb,cliffA,all,520,478,0.9192307692307692,0.8926211005006705,0.9396917923764062,2.7470383229546207,,,,,CHEMBL237_Ki
89709943,mondrian_nb,cliffA,cliff,68,59,0.8676470588235294,0.7671994025434227,0.928777555897702,2.7239509458196176,,,,,CHEMBL237_Ki
89709943,mondrian_nb,cliffA,noncliff,452,419,0.9269911504424779,0.8992414727526032,0.9475441640752083,2.7505116451784706,,,,,CHEMBL237_Ki
89709943,mondrian_nb,__bins__,__summary__,-1,-1,,,,2.7470383229546207,0.8359375,0.14365433673469385,0.8269230769230769,0.14423076923076927,CHEMBL237_Ki
89709943,mondrian_nnsim,cliffB_oracle,all,520,471,0.9057692307692308,0.8775992478499783,0.9279880016778344,2.76789363482721,,,,,CHEMBL237_Ki
89709943,mondrian_nnsim,cliffB_oracle,cliff,25,17,0.68,0.48410269273102247,0.8279480969309202,2.5526290235853373,,,,,CHEMBL237_Ki
89709943,mondrian_nnsim,cliffB_oracle,noncliff,495,454,0.9171717171717172,0.8895597931397207,0.9383585618750548,2.7787655848899306,,,,,CHEMBL237_Ki
89709943,mondrian_nnsim,cliffA,all,520,471,0.9057692307692308,0.8775992478499783,0.9279880016778344,2.76789363482721,,,,,CHEMBL237_Ki
89709943,mondrian_nnsim,cliffA,cliff,68,57,0.8382352941176471,0.733099723993876,0.9071990777719586,2.5982553701410525,,,,,CHEMBL237_Ki
89709943,mondrian_nnsim,cliffA,noncliff,452,414,0.915929203539823,0.886710220485854,0.9381379646106668,2.7934144357091983,,,,,CHEMBL237_Ki
89709943,mondrian_nnsim,__bins__,__summary__,-1,-1,,,,2.76789363482721,0.8046875,0.17490433673469385,0.7884615384615384,0.1826923076923077,CHEMBL237_Ki
89709943,mondrian_pairgap,cliffB_oracle,all,520,490,0.9423076923076923,0.9188358295402755,0.9592924519355394,2.8544070093537495,,,,,CHEMBL237_Ki
89709943,mondrian_pairgap,cliffB_oracle,cliff,25,22,0.88,0.7004420607907267,0.9583318284955964,2.9266032142287184,,,,,CHEMBL237_Ki
89709943,mondrian_pairgap,cliffB_oracle,noncliff,495,468,0.9454545454545454,0.9218029954417976,0.9622454175400813,2.850760736380266,,,,,CHEMBL237_Ki
89709943,mondrian_pairgap,cliffA,all,520,490,0.9423076923076923,0.9188358295402755,0.9592924519355394,2.8544070093537495,,,,,CHEMBL237_Ki
89709943,mondrian_pairgap,cliffA,cliff,68,63,0.9264705882352942,0.8391481160428227,0.9681851557488821,2.902999113717721,,,,,CHEMBL237_Ki
89709943,mondrian_pairgap,cliffA,noncliff,452,427,0.9446902654867256,0.9196268542973768,0.9622587053004993,2.847096692768018,,,,,CHEMBL237_Ki
89709943,mondrian_pairgap,__bins__,__summary__,-1,-1,,,,2.8544070093537495,0.890625,0.09917091836734693,0.8846153846153846,0.09615384615384615,CHEMBL237_Ki
89709943,mondrian_rfstd,cliffB_oracle,all,520,486,0.9346153846153846,0.9100205642365605,0.952835921039675,2.686311839568085,,,,,CHEMBL237_Ki
89709943,mondrian_rfstd,cliffB_oracle,cliff,25,21,0.84,0.6534637839282114,0.9359654854332355,2.7456914543918343,,,,,CHEMBL237_Ki
89709943,mondrian_rfstd,cliffB_oracle,noncliff,495,465,0.9393939393939394,0.9147999825102218,0.9572205609072779,2.6833128691224406,,,,,CHEMBL237_Ki
89709943,mondrian_rfstd,cliffA,all,520,486,0.9346153846153846,0.9100205642365605,0.952835921039675,2.686311839568085,,,,,CHEMBL237_Ki
89709943,mondrian_rfstd,cliffA,cliff,68,62,0.9117647058823529,0.8205623087685489,0.9589318846855107,2.6738648460128376,,,,,CHEMBL237_Ki
89709943,mondrian_rfstd,cliffA,noncliff,452,424,0.9380530973451328,0.9119265995267354,0.9567964890323664,2.688184396120644,,,,,CHEMBL237_Ki
89709943,mondrian_rfstd,__bins__,__summary__,-1,-1,,,,2.686311839568085,0.90625,0.07334183673469385,0.8942307692307693,0.06730769230769229,CHEMBL237_Ki
86921808,global,cliffB_oracle,all,520,489,0.9403846153846154,0.916623693605677,0.9576866388202431,2.8008775820372733,,,,,CHEMBL237_Ki
86921808,global,cliffB_oracle,cliff,17,15,0.8823529411764706,0.6566364940511412,0.9671202262362074,2.8008775820372733,,,,,CHEMBL237_Ki
86921808,global,cliffB_oracle,noncliff,503,474,0.9423459244532804,0.9184258563948616,0.9595607255146269,2.8008775820372733,,,,,CHEMBL237_Ki
86921808,global,cliffA,all,520,489,0.9403846153846154,0.916623693605677,0.9576866388202431,2.8008775820372733,,,,,CHEMBL237_Ki
86921808,global,cliffA,cliff,53,47,0.8867924528301887,0.7742348088800781,0.9470696905229743,2.800877582037274,,,,,CHEMBL237_Ki
86921808,global,cliffA,noncliff,467,442,0.9464668094218416,0.922168732757807,0.9634796998259558,2.8008775820372733,,,,,CHEMBL237_Ki
86921808,global,__bins__,__summary__,-1,-1,,,,2.8008775820372733,0.896,0.06359595959595954,0.8461538461538461,0.14423076923076927,CHEMBL237_Ki
86921808,mondrian_pair,cliffB_oracle,all,520,489,0.9403846153846154,0.916623693605677,0.9576866388202431,2.8200675259329113,,,,,CHEMBL237_Ki
86921808,mondrian_pair,cliffB_oracle,cliff,17,15,0.8823529411764706,0.6566364940511412,0.9671202262362074,2.846248520716361,,,,,CHEMBL237_Ki
86921808,mondrian_pair,cliffB_oracle,noncliff,503,474,0.9423459244532804,0.9184258563948616,0.9595607255146269,2.8191826811787988,,,,,CHEMBL237_Ki
86921808,mondrian_pair,cliffA,all,520,489,0.9403846153846154,0.916623693605677,0.9576866388202431,2.8200675259329113,,,,,CHEMBL237_Ki
86921808,mondrian_pair,cliffA,cliff,53,47,0.8867924528301887,0.7742348088800781,0.9470696905229743,2.8354408207008244,,,,,CHEMBL237_Ki
86921808,mondrian_pair,cliffA,noncliff,467,442,0.9464668094218416,0.922168732757807,0.9634796998259558,2.8183228051134264,,,,,CHEMBL237_Ki
86921808,mondrian_pair,__bins__,__summary__,-1,-1,,,,2.8200675259329113,0.896,0.06359595959595954,0.8461538461538461,0.14423076923076927,CHEMBL237_Ki
86921808,mondrian_wstd,cliffB_oracle,all,520,488,0.9384615384615385,0.9144172618378871,0.9560751215381381,2.800246194377693,,,,,CHEMBL237_Ki
86921808,mondrian_wstd,cliffB_oracle,cliff,17,15,0.8823529411764706,0.6566364940511412,0.9671202262362074,2.901506753246682,,,,,CHEMBL237_Ki
86921808,mondrian_wstd,cliffB_oracle,noncliff,503,473,0.9403578528827038,0.916134427332661,0.9579061474671218,2.796823869326454,,,,,CHEMBL237_Ki
86921808,mondrian_wstd,cliffA,all,520,488,0.9384615384615385,0.9144172618378871,0.9560751215381381,2.800246194377693,,,,,CHEMBL237_Ki
86921808,mondrian_wstd,cliffA,cliff,53,47,0.8867924528301887,0.7742348088800781,0.9470696905229743,2.857636782480405,,,,,CHEMBL237_Ki
86921808,mondrian_wstd,cliffA,noncliff,467,441,0.9443254817987152,0.9196745514215605,0.9617261668572441,2.7937329156422677,,,,,CHEMBL237_Ki
86921808,mondrian_wstd,__bins__,__summary__,-1,-1,,,,2.800246194377693,0.904,0.04549494949494948,0.8557692307692307,0.1346153846153847,CHEMBL237_Ki
86921808,mondrian_std,cliffB_oracle,all,520,490,0.9423076923076923,0.9188358295402755,0.9592924519355394,2.8664894641945806,,,,,CHEMBL237_Ki
86921808,mondrian_std,cliffB_oracle,cliff,17,15,0.8823529411764706,0.6566364940511412,0.9671202262362074,2.9452699519185797,,,,,CHEMBL237_Ki
86921808,mondrian_std,cliffB_oracle,noncliff,503,475,0.9443339960238568,0.9207237620715593,0.9612088269476345,2.8638269029792567,,,,,CHEMBL237_Ki
86921808,mondrian_std,cliffA,all,520,490,0.9423076923076923,0.9188358295402755,0.9592924519355394,2.8664894641945806,,,,,CHEMBL237_Ki
86921808,mondrian_std,cliffA,cliff,53,47,0.8867924528301887,0.7742348088800781,0.9470696905229743,2.948962815779549,,,,,CHEMBL237_Ki
86921808,mondrian_std,cliffA,noncliff,467,443,0.9486081370449678,0.9246715056801379,0.9652246412085829,2.857129533500783,,,,,CHEMBL237_Ki
86921808,mondrian_std,__bins__,__summary__,-1,-1,,,,2.8664894641945806,0.912,0.047595959595959525,0.875,0.11538461538461542,CHEMBL237_Ki
86921808,mondrian_iqr,cliffB_oracle,all,520,491,0.9442307692307692,0.9210539300848581,0.9608923004408516,2.801424157249185,,,,,CHEMBL237_Ki
86921808,mondrian_iqr,cliffB_oracle,cliff,17,14,0.8235294117647058,0.5897054143116588,0.9380887336237901,2.814821511540901,,,,,CHEMBL237_Ki
86921808,mondrian_iqr,cliffB_oracle,noncliff,503,477,0.94831013916501,0.9253402998240496,0.9644843034145556,2.8009713639629843,,,,,CHEMBL237_Ki
86921808,mondrian_iqr,cliffA,all,520,491,0.9442307692307692,0.9210539300848581,0.9608923004408516,2.801424157249185,,,,,CHEMBL237_Ki
86921808,mondrian_iqr,cliffA,cliff,53,46,0.8679245283018868,0.7515974469109508,0.9345214671553674,2.8322635279215023,,,,,CHEMBL237_Ki
86921808,mondrian_iqr,cliffA,noncliff,467,445,0.9528907922912205,0.9297048418478434,0.9686867336507935,2.7979241858452606,,,,,CHEMBL237_Ki
86921808,mondrian_iqr,__bins__,__summary__,-1,-1,,,,2.801424157249185,0.9292929292929293,0.04040404040404044,0.8846153846153846,0.10576923076923084,CHEMBL237_Ki
86921808,mondrian_nb,cliffB_oracle,all,520,485,0.9326923076923077,0.9078298670354615,0.9512086691908791,2.7852625050789457,,,,,CHEMBL237_Ki
86921808,mondrian_nb,cliffB_oracle,cliff,17,15,0.8823529411764706,0.6566364940511412,0.9671202262362074,2.833025932908244,,,,,CHEMBL237_Ki
86921808,mondrian_nb,cliffB_oracle,noncliff,503,470,0.9343936381709742,0.9092961911156092,0.9529063623550571,2.783648234158273,,,,,CHEMBL237_Ki
86921808,mondrian_nb,cliffA,all,520,485,0.9326923076923077,0.9078298670354615,0.9512086691908791,2.7852625050789457,,,,,CHEMBL237_Ki
86921808,mondrian_nb,cliffA,cliff,53,47,0.8867924528301887,0.7742348088800781,0.9470696905229743,2.8682731294014605,,,,,CHEMBL237_Ki
86921808,mondrian_nb,cliffA,noncliff,467,438,0.9379014989293362,0.9122392855766017,0.9564182897873286,2.7758415991065832,,,,,CHEMBL237_Ki
86921808,mondrian_nb,__bins__,__summary__,-1,-1,,,,2.7852625050789457,0.912,0.047595959595959525,0.8557692307692307,0.1346153846153847,CHEMBL237_Ki
86921808,mondrian_nnsim,cliffB_oracle,all,520,488,0.9384615384615385,0.9144172618378871,0.9560751215381381,2.8242930385137357,,,,,CHEMBL237_Ki
86921808,mondrian_nnsim,cliffB_oracle,cliff,17,15,0.8823529411764706,0.6566364940511412,0.9671202262362074,2.751977000544283,,,,,CHEMBL237_Ki
86921808,mondrian_nnsim,cliffB_oracle,noncliff,503,473,0.9403578528827038,0.916134427332661,0.9579061474671218,2.8267371193198603,,,,,CHEMBL237_Ki
86921808,mondrian_nnsim,cliffA,all,520,488,0.9384615384615385,0.9144172618378871,0.9560751215381381,2.8242930385137357,,,,,CHEMBL237_Ki
86921808,mondrian_nnsim,cliffA,cliff,53,47,0.8867924528301887,0.7742348088800781,0.9470696905229743,2.7509064267404835,,,,,CHEMBL237_Ki
86921808,mondrian_nnsim,cliffA,noncliff,467,441,0.9443254817987152,0.9196745514215605,0.9617261668572441,2.832621711798494,,,,,CHEMBL237_Ki
86921808,mondrian_nnsim,__bins__,__summary__,-1,-1,,,,2.8242930385137357,0.872,0.09769696969696973,0.8461538461538461,0.15384615384615385,CHEMBL237_Ki
86921808,mondrian_pairgap,cliffB_oracle,all,520,490,0.9423076923076923,0.9188358295402755,0.9592924519355394,2.8419782261658706,,,,,CHEMBL237_Ki
86921808,mondrian_pairgap,cliffB_oracle,cliff,17,16,0.9411764705882353,0.7301796936242461,0.9895395990150025,3.123144079026016,,,,,CHEMBL237_Ki
86921808,mondrian_pairgap,cliffB_oracle,noncliff,503,474,0.9423459244532804,0.9184258563948616,0.9595607255146269,2.8324756029081715,,,,,CHEMBL237_Ki
86921808,mondrian_pairgap,cliffA,all,520,490,0.9423076923076923,0.9188358295402755,0.9592924519355394,2.8419782261658706,,,,,CHEMBL237_Ki
86921808,mondrian_pairgap,cliffA,cliff,53,48,0.9056603773584906,0.7974627262370373,0.9590273585027496,3.003677932627379,,,,,CHEMBL237_Ki
86921808,mondrian_pairgap,cliffA,noncliff,467,442,0.9464668094218416,0.922168732757807,0.9634796998259558,2.823626867616706,,,,,CHEMBL237_Ki
86921808,mondrian_pairgap,__bins__,__summary__,-1,-1,,,,2.8419782261658706,0.912,0.04718367346938768,0.8461538461538461,0.14423076923076927,CHEMBL237_Ki
86921808,mondrian_rfstd,cliffB_oracle,all,520,491,0.9442307692307692,0.9210539300848581,0.9608923004408516,2.7487658485723587,,,,,CHEMBL237_Ki
86921808,mondrian_rfstd,cliffB_oracle,cliff,17,16,0.9411764705882353,0.7301796936242461,0.9895395990150025,2.9851057692128706,,,,,CHEMBL237_Ki
86921808,mondrian_rfstd,cliffB_oracle,noncliff,503,475,0.9443339960238568,0.9207237620715593,0.9612088269476345,2.740778217059657,,,,,CHEMBL237_Ki
86921808,mondrian_rfstd,cliffA,all,520,491,0.9442307692307692,0.9210539300848581,0.9608923004408516,2.7487658485723587,,,,,CHEMBL237_Ki
86921808,mondrian_rfstd,cliffA,cliff,53,48,0.9056603773584906,0.7974627262370373,0.9590273585027496,2.809332807765499,,,,,CHEMBL237_Ki
86921808,mondrian_rfstd,cliffA,noncliff,467,443,0.9486081370449678,0.9246715056801379,0.9652246412085829,2.7418920823255992,,,,,CHEMBL237_Ki
86921808,mondrian_rfstd,__bins__,__summary__,-1,-1,,,,2.7487658485723587,0.92,0.03959595959595952,0.9038461538461539,0.05769230769230771,CHEMBL237_Ki
71339737,global,cliffB_oracle,all,573,544,0.9493891797556719,0.9282597946880861,0.9645331766300228,2.692654292194719,,,,,CHEMBL264_Ki
71339737,global,cliffB_oracle,cliff,16,16,1.0,0.8063923194655637,1.0,2.692654292194719,,,,,CHEMBL264_Ki
71339737,global,cliffB_oracle,noncliff,557,528,0.947935368043088,0.9262269561719685,0.9635075528446602,2.692654292194719,,,,,CHEMBL264_Ki
71339737,global,cliffA,all,573,544,0.9493891797556719,0.9282597946880861,0.9645331766300228,2.692654292194719,,,,,CHEMBL264_Ki
71339737,global,cliffA,cliff,39,38,0.9743589743589743,0.8681900983014993,0.99545929689901,2.6926542921947187,,,,,CHEMBL264_Ki
71339737,global,cliffA,noncliff,534,506,0.947565543071161,0.9252616010727583,0.963476134110568,2.692654292194719,,,,,CHEMBL264_Ki
71339737,global,__bins__,__summary__,-1,-1,,,,2.692654292194719,0.8872180451127819,0.10360764296061264,0.8521739130434782,0.13913043478260878,CHEMBL264_Ki
71339737,mondrian_pair,cliffB_oracle,all,573,547,0.9546247818499127,0.9343452706151945,0.9688491722134167,2.7515590876161493,,,,,CHEMBL264_Ki
71339737,mondrian_pair,cliffB_oracle,cliff,16,16,1.0,0.8063923194655637,1.0,2.6384351532941475,,,,,CHEMBL264_Ki
71339737,mondrian_pair,cliffB_oracle,noncliff,557,531,0.9533213644524237,0.9324839018798892,0.9679488176659974,2.75480860817118,,,,,CHEMBL264_Ki
71339737,mondrian_pair,cliffA,all,573,547,0.9546247818499127,0.9343452706151945,0.9688491722134167,2.7515590876161493,,,,,CHEMBL264_Ki
71339737,mondrian_pair,cliffA,cliff,39,38,0.9743589743589743,0.8681900983014993,0.99545929689901,2.6151571189744947,,,,,CHEMBL264_Ki
71339737,mondrian_pair,cliffA,noncliff,534,509,0.9531835205992509,0.9318027768543667,0.9680906621178716,2.761521029146158,,,,,CHEMBL264_Ki
71339737,mondrian_pair,__bins__,__summary__,-1,-1,,,,2.7515590876161493,0.9022556390977443,0.08857004897565024,0.8782608695652174,0.11304347826086958,CHEMBL264_Ki
71339737,mondrian_wstd,cliffB_oracle,all,573,534,0.9319371727748691,0.9083077197159986,0.9498136799004362,2.640228479046644,,,,,CHEMBL264_Ki
71339737,mondrian_wstd,cliffB_oracle,cliff,16,14,0.875,0.639771727342413,0.9650225122567595,2.609864828028879,,,,,CHEMBL264_Ki
71339737,mondrian_wstd,cliffB_oracle,noncliff,557,520,0.933572710951526,0.9097802381735532,0.9514257094317206,2.6411006844618767,,,,,CHEMBL264_Ki
71339737,mondrian_wstd,cliffA,all,573,534,0.9319371727748691,0.9083077197159986,0.9498136799004362,2.640228479046644,,,,,CHEMBL264_Ki
71339737,mondrian_wstd,cliffA,cliff,39,36,0.9230769230769231,0.7967892883204503,0.9734926046962203,2.548650643339564,,,,,CHEMBL264_Ki
71339737,mondrian_wstd,cliffA,noncliff,534,498,0.9325842696629213,0.9080798229120521,0.9509093688341754,2.6469167479466,,,,,CHEMBL264_Ki
71339737,mondrian_wstd,__bins__,__summary__,-1,-1,,,,2.640228479046644,0.8738738738738738,0.11703521703521713,0.8771929824561403,0.1141113653699467,CHEMBL264_Ki
71339737,mondrian_std,cliffB_oracle,all,573,533,0.9301919720767888,0.9063357130108926,0.9483185294353748,2.626129681572496,,,,,CHEMBL264_Ki
71339737,mondrian_std,cliffB_oracle,cliff,16,12,0.75,0.5050168346449122,0.8981793250878696,2.4668859107822354,,,,,CHEMBL264_Ki
71339737,mondrian_std,cliffB_oracle,noncliff,557,521,0.9353680430879713,0.9118196747028643,0.9529523430788288,2.6307040089201514,,,,,CHEMBL264_Ki
71339737,mondrian_std,cliffA,all,573,533,0.9301919720767888,0.9063357130108926,0.9483185294353748,2.626129681572496,,,,,CHEMBL264_Ki
71339737,mondrian_std,cliffA,cliff,39,34,0.8717948717948718,0.7329425662025455,0.9439718246302862,2.499474298232021,,,,,CHEMBL264_Ki
71339737,mondrian_std,cliffA,noncliff,534,499,0.9344569288389513,0.9102096496369942,0.9524981100388705,2.635379793838935,,,,,CHEMBL264_Ki
71339737,mondrian_std,__bins__,__summary__,-1,-1,,,,2.626129681572496,0.8648648648648649,0.12604422604422605,0.868421052631579,0.12288329519450802,CHEMBL264_Ki
71339737,mondrian_iqr,cliffB_oracle,all,573,543,0.9476439790575916,0.9262429300836102,0.9630828840643312,2.7390679408179226,,,,,CHEMBL264_Ki
71339737,mondrian_iqr,cliffB_oracle,cliff,16,13,0.8125,0.5699111903802586,0.9340840092857187,2.6413604745847685,,,,,CHEMBL264_Ki
71339737,mondrian_iqr,cliffB_oracle,noncliff,557,530,0.9515260323159784,0.9303919610598413,0.9664746883096259,2.741874618483507,,,,,CHEMBL264_Ki
71339737,mondrian_iqr,cliffA,all,573,543,0.9476439790575916,0.9262429300836102,0.9630828840643312,2.7390679408179226,,,,,CHEMBL264_Ki
71339737,mondrian_iqr,cliffA,cliff,39,35,0.8974358974358975,0.7642114553714348,0.9593866865533163,2.7264856311669616,,,,,CHEMBL264_Ki
71339737,mondrian_iqr,cliffA,noncliff,534,508,0.951310861423221,0.9296154553696628,0.9665594156729383,2.73998687354524,,,,,CHEMBL264_Ki
71339737,mondrian_iqr,__bins__,__summary__,-1,-1,,,,2.7390679408179226,0.9099099099099099,0.06281736281736283,0.9130434782608695,0.0782608695652175,CHEMBL264_Ki
71339737,mondrian_nb,cliffB_oracle,all,573,540,0.9424083769633508,0.9202236225944016,0.9587007200430375,2.5293433276434496,,,,,CHEMBL264_Ki
71339737,mondrian_nb,cliffB_oracle,cliff,16,12,0.75,0.5050168346449122,0.8981793250878696,2.190203652578659,,,,,CHEMBL264_Ki
71339737,mondrian_nb,cliffB_oracle,noncliff,557,528,0.947935368043088,0.9262269561719685,0.9635075528446602,2.539085221361648,,,,,CHEMBL264_Ki
71339737,mondrian_nb,cliffA,all,573,540,0.9424083769633508,0.9202236225944016,0.9587007200430375,2.5293433276434496,,,,,CHEMBL264_Ki
71339737,mondrian_nb,cliffA,cliff,39,34,0.8717948717948718,0.7329425662025455,0.9439718246302862,2.3721935153610794,,,,,CHEMBL264_Ki
71339737,mondrian_nb,cliffA,noncliff,534,506,0.947565543071161,0.9252616010727583,0.963476134110568,2.5408205611247463,,,,,CHEMBL264_Ki
71339737,mondrian_nb,__bins__,__summary__,-1,-1,,,,2.5293433276434496,0.8796992481203008,0.1112098427887902,0.8869565217391304,0.10434782608695659,CHEMBL264_Ki
71339737,mondrian_nnsim,cliffB_oracle,all,573,547,0.9546247818499127,0.9343452706151945,0.9688491722134167,2.716205734971609,,,,,CHEMBL264_Ki
71339737,mondrian_nnsim,cliffB_oracle,cliff,16,16,1.0,0.8063923194655637,1.0,3.110017509235039,,,,,CHEMBL264_Ki
71339737,mondrian_nnsim,cliffB_oracle,noncliff,557,531,0.9533213644524237,0.9324839018798892,0.9679488176659974,2.7048933680268785,,,,,CHEMBL264_Ki
71339737,mondrian_nnsim,cliffA,all,573,547,0.9546247818499127,0.9343452706151945,0.9688491722134167,2.716205734971609,,,,,CHEMBL264_Ki
71339737,mondrian_nnsim,cliffA,cliff,39,38,0.9743589743589743,0.8681900983014993,0.99545929689901,2.9134120683731832,,,,,CHEMBL264_Ki
71339737,mondrian_nnsim,cliffA,noncliff,534,509,0.9531835205992509,0.9318027768543667,0.9680906621178716,2.7018030252287972,,,,,CHEMBL264_Ki
71339737,mondrian_nnsim,__bins__,__summary__,-1,-1,,,,2.716205734971609,0.8947368421052632,0.10526315789473684,0.8782608695652174,0.11304347826086958,CHEMBL264_Ki
71339737,mondrian_pairgap,cliffB_oracle,all,573,552,0.9633507853403142,0.9446241114672196,0.9759061172122285,2.812288981181029,,,,,CHEMBL264_Ki
71339737,mondrian_pairgap,cliffB_oracle,cliff,16,16,1.0,0.8063923194655637,1.0,2.5932607747448078,,,,,CHEMBL264_Ki
71339737,mondrian_pairgap,cliffB_oracle,noncliff,557,536,0.9622980251346499,0.9430527109941953,0.9752103594337882,2.818580635225875,,,,,CHEMBL264_Ki
71339737,mondrian_pairgap,cliffA,all,573,552,0.9633507853403142,0.9446241114672196,0.9759061172122285,2.812288981181029,,,,,CHEMBL264_Ki
71339737,mondrian_pairgap,cliffA,cliff,39,38,0.9743589743589743,0.8681900983014993,0.99545929689901,2.5544585454482784,,,,,CHEMBL264_Ki
71339737,mondrian_pairgap,cliffA,noncliff,534,514,0.9625468164794008,0.9428602329056239,0.9756260457148014,2.831119293903083,,,,,CHEMBL264_Ki
71339737,mondrian_pairgap,__bins__,__summary__,-1,-1,,,,2.812288981181029,0.9022556390977443,0.08865345181134665,0.9043478260869565,0.08695652173913049,CHEMBL264_Ki
71339737,mondrian_rfstd,cliffB_oracle,all,573,535,0.9336823734729494,0.9102834799936603,0.9513050767929419,2.399355962029691,,,,,CHEMBL264_Ki
71339737,mondrian_rfstd,cliffB_oracle,cliff,16,13,0.8125,0.5699111903802586,0.9340840092857187,2.200450383157605,,,,,CHEMBL264_Ki
71339737,mondrian_rfstd,cliffB_oracle,noncliff,557,522,0.9371633752244165,0.9138634281881512,0.9544746597699614,2.405069587275568,,,,,CHEMBL264_Ki
71339737,mondrian_rfstd,cliffA,all,573,535,0.9336823734729494,0.9102834799936603,0.9513050767929419,2.399355962029691,,,,,CHEMBL264_Ki
71339737,mondrian_rfstd,cliffA,cliff,39,33,0.8461538461538461,0.7027053635107331,0.927525276230179,2.1154169298345544,,,,,CHEMBL264_Ki
71339737,mondrian_rfstd,cliffA,noncliff,534,502,0.9400749063670412,0.9166280877133747,0.9572353757514024,2.4200930823585485,,,,,CHEMBL264_Ki
71339737,mondrian_rfstd,__bins__,__summary__,-1,-1,,,,2.399355962029691,0.9172932330827067,0.03725222146274787,0.9217391304347826,0.02608695652173909,CHEMBL264_Ki
99182118,global,cliffB_oracle,all,573,529,0.9232111692844677,0.8984827999017748,0.9423028138638228,2.6343349639926856,,,,,CHEMBL264_Ki
99182118,global,cliffB_oracle,cliff,16,16,1.0,0.8063923194655637,1.0,2.6343349639926856,,,,,CHEMBL264_Ki
99182118,global,cliffB_oracle,noncliff,557,513,0.9210053859964094,0.8956129747929412,0.9406304815773973,2.6343349639926856,,,,,CHEMBL264_Ki
99182118,global,cliffA,all,573,529,0.9232111692844677,0.8984827999017748,0.9423028138638228,2.6343349639926856,,,,,CHEMBL264_Ki
99182118,global,cliffA,cliff,38,38,1.0,0.908190131774416,0.9999999999999999,2.6343349639926856,,,,,CHEMBL264_Ki
99182118,global,cliffA,noncliff,535,491,0.9177570093457944,0.8913914193847017,0.9381661298400779,2.6343349639926856,,,,,CHEMBL264_Ki
99182118,global,__bins__,__summary__,-1,-1,,,,2.6343349639926856,0.859375,0.11359797297297303,0.7913043478260869,0.20000000000000007,CHEMBL264_Ki
99182118,mondrian_pair,cliffB_oracle,all,573,525,0.9162303664921466,0.8906810286361034,0.9362359564488246,2.585917885954038,,,,,CHEMBL264_Ki
99182118,mondrian_pair,cliffB_oracle,cliff,16,16,1.0,0.8063923194655637,1.0,2.4360880651112558,,,,,CHEMBL264_Ki
99182118,mondrian_pair,cliffB_oracle,noncliff,557,509,0.9138240574506283,0.8875924412829108,0.93438673438175,2.590221794631748,,,,,CHEMBL264_Ki
99182118,mondrian_pair,cliffA,all,573,525,0.9162303664921466,0.8906810286361034,0.9362359564488246,2.585917885954038,,,,,CHEMBL264_Ki
99182118,mondrian_pair,cliffA,cliff,38,36,0.9473684210526315,0.8271453786822962,0.9854457918527075,2.3505634222327085,,,,,CHEMBL264_Ki
99182118,mondrian_pair,cliffA,noncliff,535,489,0.914018691588785,0.8872138501727478,0.9349203652782081,2.6026346516015346,,,,,CHEMBL264_Ki
99182118,mondrian_pair,__bins__,__summary__,-1,-1,,,,2.585917885954038,0.84375,0.12922297297297303,0.7739130434782608,0.20869565217391306,CHEMBL264_Ki
99182118,mondrian_wstd,cliffB_oracle,all,573,531,0.9267015706806283,0.9024024617820694,0.9453174663238633,2.6585877575729993,,,,,CHEMBL264_Ki
99182118,mondrian_wstd,cliffB_oracle,cliff,16,15,0.9375,0.7167126242970107,0.9888806552353576,2.814220572155237,,,,,CHEMBL264_Ki
99182118,mondrian_wstd,cliffB_oracle,noncliff,557,516,0.926391382405745,0.9016626545644172,0.9452790123351792,2.6541171560769206,,,,,CHEMBL264_Ki
99182118,mondrian_wstd,cliffA,all,573,531,0.9267015706806283,0.9024024617820694,0.9453174663238633,2.6585877575729993,,,,,CHEMBL264_Ki
99182118,mondrian_wstd,cliffA,cliff,38,37,0.9736842105263158,0.8650512388404787,0.9953394123142312,2.749365978734253,,,,,CHEMBL264_Ki
99182118,mondrian_wstd,cliffA,noncliff,535,494,0.9233644859813084,0.8976839014852028,0.9430086484003118,2.6521399586867793,,,,,CHEMBL264_Ki
99182118,mondrian_wstd,__bins__,__summary__,-1,-1,,,,2.6585877575729993,0.9017857142857143,0.0621782496782497,0.8347826086956521,0.14782608695652177,CHEMBL264_Ki
99182118,mondrian_std,cliffB_oracle,all,573,529,0.9232111692844677,0.8984827999017748,0.9423028138638228,2.6374926921090918,,,,,CHEMBL264_Ki
99182118,mondrian_std,cliffB_oracle,cliff,16,15,0.9375,0.7167126242970107,0.9888806552353576,2.7560291565229655,,,,,CHEMBL264_Ki
99182118,mondrian_std,cliffB_oracle,noncliff,557,514,0.9228007181328546,0.8976261024724244,0.9421834240743334,2.6340876949266465,,,,,CHEMBL264_Ki
99182118,mondrian_std,cliffA,all,573,529,0.9232111692844677,0.8984827999017748,0.9423028138638228,2.6374926921090918,,,,,CHEMBL264_Ki
99182118,mondrian_std,cliffA,cliff,38,36,0.9473684210526315,0.8271453786822962,0.9854457918527075,2.684765041623316,,,,,CHEMBL264_Ki
99182118,mondrian_std,cliffA,noncliff,535,493,0.9214953271028037,0.8955827782637996,0.9413981047348033,2.6341350299006048,,,,,CHEMBL264_Ki
99182118,mondrian_std,__bins__,__summary__,-1,-1,,,,2.6374926921090918,0.9017857142857143,0.05316924066924067,0.8260869565217391,0.16521739130434787,CHEMBL264_Ki
99182118,mondrian_iqr,cliffB_oracle,all,573,529,0.9232111692844677,0.8984827999017748,0.9423028138638228,2.597426579451568,,,,,CHEMBL264_Ki
99182118,mondrian_iqr,cliffB_oracle,cliff,16,15,0.9375,0.7167126242970107,0.9888806552353576,2.5979915331332126,,,,,CHEMBL264_Ki
99182118,mondrian_iqr,cliffB_oracle,noncliff,557,514,0.9228007181328546,0.8976261024724244,0.9421834240743334,2.597410350979564,,,,,CHEMBL264_Ki
99182118,mondrian_iqr,cliffA,all,573,529,0.9232111692844677,0.8984827999017748,0.9423028138638228,2.597426579451568,,,,,CHEMBL264_Ki
99182118,mondrian_iqr,cliffA,cliff,38,36,0.9473684210526315,0.8271453786822962,0.9854457918527075,2.5827232045738557,,,,,CHEMBL264_Ki
99182118,mondrian_iqr,cliffA,noncliff,535,493,0.9214953271028037,0.8955827782637996,0.9413981047348033,2.598470931312041,,,,,CHEMBL264_Ki
99182118,mondrian_iqr,__bins__,__summary__,-1,-1,,,,2.597426579451568,0.890625,0.06432995495495497,0.8260869565217391,0.15652173913043477,CHEMBL264_Ki
99182118,mondrian_nb,cliffB_oracle,all,573,531,0.9267015706806283,0.9024024617820694,0.9453174663238633,2.486413410556509,,,,,CHEMBL264_Ki
99182118,mondrian_nb,cliffB_oracle,cliff,16,15,0.9375,0.7167126242970107,0.9888806552353576,2.3348820355154603,,,,,CHEMBL264_Ki
99182118,mondrian_nb,cliffB_oracle,noncliff,557,516,0.926391382405745,0.9016626545644172,0.9452790123351792,2.4907661969131643,,,,,CHEMBL264_Ki
99182118,mondrian_nb,cliffA,all,573,531,0.9267015706806283,0.9024024617820694,0.9453174663238633,2.486413410556509,,,,,CHEMBL264_Ki
99182118,mondrian_nb,cliffA,cliff,38,36,0.9473684210526315,0.8271453786822962,0.9854457918527075,2.371115316564398,,,,,CHEMBL264_Ki
99182118,mondrian_nb,cliffA,noncliff,535,495,0.9252336448598131,0.8997888121767719,0.9446154045956547,2.4946028078867895,,,,,CHEMBL264_Ki
99182118,mondrian_nb,__bins__,__summary__,-1,-1,,,,2.486413410556509,0.8671875,0.10578547297297303,0.8434782608695652,0.13913043478260867,CHEMBL264_Ki
99182118,mondrian_nnsim,cliffB_oracle,all,573,520,0.9075043630017452,0.880992242971099,0.9285889562629919,2.571428214118065,,,,,CHEMBL264_Ki
99182118,mondrian_nnsim,cliffB_oracle,cliff,16,16,1.0,0.8063923194655637,1.0,2.923655789044119,,,,,CHEMBL264_Ki
99182118,mondrian_nnsim,cliffB_oracle,noncliff,557,504,0.9048473967684022,0.8776322786300539,0.9265165461525104,2.561310366364354,,,,,CHEMBL264_Ki
99182118,mondrian_nnsim,cliffA,all,573,520,0.9075043630017452,0.880992242971099,0.9285889562629919,2.571428214118065,,,,,CHEMBL264_Ki
99182118,mondrian_nnsim,cliffA,cliff,38,37,0.9736842105263158,0.8650512388404787,0.9953394123142312,2.8304905628918617,,,,,CHEMBL264_Ki
99182118,mondrian_nnsim,cliffA,noncliff,535,483,0.902803738317757,0.8747563369663978,0.9251078771630876,2.5530275239247864,,,,,CHEMBL264_Ki
99182118,mondrian_nnsim,__bins__,__summary__,-1,-1,,,,2.571428214118065,0.8515625,0.10339245495495497,0.7739130434782608,0.20869565217391306,CHEMBL264_Ki
99182118,mondrian_pairgap,cliffB_oracle,all,573,525,0.9162303664921466,0.8906810286361034,0.9362359564488246,2.5030829389772724,,,,,CHEMBL264_Ki
99182118,mondrian_pairgap,cliffB_oracle,cliff,16,15,0.9375,0.7167126242970107,0.9888806552353576,2.2408671573029584,,,,,CHEMBL264_Ki
99182118,mondrian_pairgap,cliffB_oracle,noncliff,557,510,0.9156193895870736,0.8895929632376467,0.9359522826034334,2.5106151696896406,,,,,CHEMBL264_Ki
99182118,mondrian_pairgap,cliffA,all,573,525,0.9162303664921466,0.8906810286361034,0.9362359564488246,2.5030829389772724,,,,,CHEMBL264_Ki
99182118,mondrian_pairgap,cliffA,cliff,38,35,0.9210526315789473,0.7920062854222853,0.9727854044930122,2.2076719812357353,,,,,CHEMBL264_Ki
99182118,mondrian_pairgap,cliffA,noncliff,535,490,0.9158878504672897,0.8893009626319975,0.9365449197058703,2.5240653995271383,,,,,CHEMBL264_Ki
99182118,mondrian_pairgap,__bins__,__summary__,-1,-1,,,,2.5030829389772724,0.8515625,0.12141047297297303,0.7913043478260869,0.19130434782608696,CHEMBL264_Ki
99182118,mondrian_rfstd,cliffB_oracle,all,573,514,0.8970331588132635,0.8694473815428259,0.9193308746702606,2.240565358537202,,,,,CHEMBL264_Ki
99182118,mondrian_rfstd,cliffB_oracle,cliff,16,15,0.9375,0.7167126242970107,0.9888806552353576,2.27122664545562,,,,,CHEMBL264_Ki
99182118,mondrian_rfstd,cliffB_oracle,noncliff,557,499,0.895870736086176,0.8677365495328054,0.918581924367662,2.2396846034372113,,,,,CHEMBL264_Ki
99182118,mondrian_rfstd,cliffA,all,573,514,0.8970331588132635,0.8694473815428259,0.9193308746702606,2.240565358537202,,,,,CHEMBL264_Ki
99182118,mondrian_rfstd,cliffA,cliff,38,35,0.9210526315789473,0.7920062854222853,0.9727854044930122,2.1460334802190486,,,,,CHEMBL264_Ki
99182118,mondrian_rfstd,cliffA,noncliff,535,479,0.8953271028037383,0.866507660276868,0.9185098863049703,2.2472797723242857,,,,,CHEMBL264_Ki
99182118,mondrian_rfstd,__bins__,__summary__,-1,-1,,,,2.240565358537202,0.875,0.05292792792792789,0.8434782608695652,0.11266209000762772,CHEMBL264_Ki
89709943,global,cliffB_oracle,all,573,533,0.9301919720767888,0.9063357130108926,0.9483185294353748,2.445616236678905,,,,,CHEMBL264_Ki
89709943,global,cliffB_oracle,cliff,12,11,0.9166666666666666,0.646120088858883,0.9851349055950829,2.445616236678905,,,,,CHEMBL264_Ki
89709943,global,cliffB_oracle,noncliff,561,522,0.93048128342246,0.9063758611447663,0.9487313418718695,2.4456162366789047,,,,,CHEMBL264_Ki
89709943,global,cliffA,all,573,533,0.9301919720767888,0.9063357130108926,0.9483185294353748,2.445616236678905,,,,,CHEMBL264_Ki
89709943,global,cliffA,cliff,37,35,0.9459459459459459,0.822953456491869,0.9850490231668423,2.4456162366789047,,,,,CHEMBL264_Ki
89709943,global,cliffA,noncliff,536,498,0.9291044776119403,0.9041868073069468,0.9479152172483529,2.4456162366789047,,,,,CHEMBL264_Ki
89709943,global,__bins__,__summary__,-1,-1,,,,2.445616236678905,0.8602941176470589,0.11218294657312466,0.8347826086956521,0.147673531655225,CHEMBL264_Ki
89709943,mondrian_pair,cliffB_oracle,all,573,534,0.9319371727748691,0.9083077197159986,0.9498136799004362,2.4094724184842833,,,,,CHEMBL264_Ki
89709943,mondrian_pair,cliffB_oracle,cliff,12,11,0.9166666666666666,0.646120088858883,0.9851349055950829,2.285201291347692,,,,,CHEMBL264_Ki
89709943,mondrian_pair,cliffB_oracle,noncliff,561,523,0.9322638146167558,0.9083929601386994,0.9502550594535745,2.412130624412339,,,,,CHEMBL264_Ki
89709943,mondrian_pair,cliffA,all,573,534,0.9319371727748691,0.9083077197159986,0.9498136799004362,2.4094724184842833,,,,,CHEMBL264_Ki
89709943,mondrian_pair,cliffA,cliff,37,35,0.9459459459459459,0.822953456491869,0.9850490231668423,2.3335488915655787,,,,,CHEMBL264_Ki
89709943,mondrian_pair,cliffA,noncliff,536,499,0.9309701492537313,0.9063000190229273,0.9495067969434825,2.414713408215612,,,,,CHEMBL264_Ki
89709943,mondrian_pair,__bins__,__summary__,-1,-1,,,,2.4094724184842833,0.8602941176470589,0.1124331550802139,0.8347826086956521,0.14782608695652177,CHEMBL264_Ki
89709943,mondrian_wstd,cliffB_oracle,all,573,536,0.9354275741710296,0.9122631284191127,0.9527925855376567,2.504432044113495,,,,,CHEMBL264_Ki
89709943,mondrian_wstd,cliffB_oracle,cliff,12,10,0.8333333333333334,0.5519691377470266,0.9530348578161463,2.479450395113474,,,,,CHEMBL264_Ki
89709943,mondrian_wstd,cliffB_oracle,noncliff,561,526,0.9376114081996435,0.9144687340112108,0.9548017353079781,2.504966410937025,,,,,CHEMBL264_Ki
89709943,mondrian_wstd,cliffA,all,573,536,0.9354275741710296,0.9122631284191127,0.9527925855376567,2.504432044113495,,,,,CHEMBL264_Ki
89709943,mondrian_wstd,cliffA,cliff,37,34,0.918918918918919,0.7869932065071162,0.9720394258995521,2.416431262129616,,,,,CHEMBL264_Ki
89709943,mondrian_wstd,cliffA,noncliff,536,502,0.9365671641791045,0.9126663609512848,0.954254829248455,2.510506724959397,,,,,CHEMBL264_Ki
89709943,mondrian_wstd,__bins__,__summary__,-1,-1,,,,2.504432044113495,0.8715596330275229,0.0920767306088407,0.8695652173913043,0.10434782608695659,CHEMBL264_Ki
89709943,mondrian_std,cliffB_oracle,all,573,536,0.9354275741710296,0.9122631284191127,0.9527925855376567,2.4603862485716017,,,,,CHEMBL264_Ki
89709943,mondrian_std,cliffB_oracle,cliff,12,10,0.8333333333333334,0.5519691377470266,0.9530348578161463,2.483140541146912,,,,,CHEMBL264_Ki
89709943,mondrian_std,cliffB_oracle,noncliff,561,526,0.9376114081996435,0.9144687340112108,0.9548017353079781,2.459899525735766,,,,,CHEMBL264_Ki
89709943,mondrian_std,cliffA,all,573,536,0.9354275741710296,0.9122631284191127,0.9527925855376567,2.4603862485716017,,,,,CHEMBL264_Ki
89709943,mondrian_std,cliffA,cliff,37,33,0.8918918918918919,0.7529146845587398,0.9571481005958853,2.3756362278673926,,,,,CHEMBL264_Ki
89709943,mondrian_std,cliffA,noncliff,536,503,0.9384328358208955,0.9147979623848709,0.955828019225979,2.4662365298515563,,,,,CHEMBL264_Ki
89709943,mondrian_std,__bins__,__summary__,-1,-1,,,,2.4603862485716017,0.8807339449541285,0.08290241868223513,0.8782608695652174,0.08695652173913038,CHEMBL264_Ki
89709943,mondrian_iqr,cliffB_oracle,all,573,541,0.944153577661431,0.9222250711825192,0.9601664286250874,2.4968568403403406,,,,,CHEMBL264_Ki
89709943,mondrian_iqr,cliffB_oracle,cliff,12,11,0.9166666666666666,0.646120088858883,0.9851349055950829,2.632765061912451,,,,,CHEMBL264_Ki
89709943,mondrian_iqr,cliffB_oracle,noncliff,561,530,0.9447415329768271,0.9226330524144322,0.9608006832073095,2.493949712606178,,,,,CHEMBL264_Ki
89709943,mondrian_iqr,cliffA,all,573,541,0.944153577661431,0.9222250711825192,0.9601664286250874,2.4968568403403406,,,,,CHEMBL264_Ki
89709943,mondrian_iqr,cliffA,cliff,37,36,0.972972972972973,0.861759301362695,0.9952130255480596,2.652619021425097,,,,,CHEMBL264_Ki
89709943,mondrian_iqr,cliffA,noncliff,536,505,0.9421641791044776,0.919076586868401,0.9589589775646687,2.4861046002281473,,,,,CHEMBL264_Ki
89709943,mondrian_iqr,__bins__,__summary__,-1,-1,,,,2.4968568403403406,0.9117647058823529,0.06071235833783062,0.8782608695652174,0.10434782608695647,CHEMBL264_Ki
89709943,mondrian_nb,cliffB_oracle,all,573,535,0.9336823734729494,0.9102834799936603,0.9513050767929419,2.501227256020794,,,,,CHEMBL264_Ki
89709943,mondrian_nb,cliffB_oracle,cliff,12,11,0.9166666666666666,0.646120088858883,0.9851349055950829,2.3291551337744183,,,,,CHEMBL264_Ki
89709943,mondrian_nb,cliffB_oracle,noncliff,561,524,0.9340463458110517,0.9104140392762547,0.9517747968916577,2.504907943127668,,,,,CHEMBL264_Ki
89709943,mondrian_nb,cliffA,all,573,535,0.9336823734729494,0.9102834799936603,0.9513050767929419,2.501227256020794,,,,,CHEMBL264_Ki
89709943,mondrian_nb,cliffA,cliff,37,35,0.9459459459459459,0.822953456491869,0.9850490231668423,2.4249779025614755,,,,,CHEMBL264_Ki
89709943,mondrian_nb,cliffA,noncliff,536,500,0.9328358208955224,0.9084175707356162,0.9510940366419037,2.50649073750959,,,,,CHEMBL264_Ki
89709943,mondrian_nb,__bins__,__summary__,-1,-1,,,,2.501227256020794,0.8823529411764706,0.09929843497031843,0.8434782608695652,0.13913043478260867,CHEMBL264_Ki
89709943,mondrian_nnsim,cliffB_oracle,all,573,542,0.9458987783595113,0.9242314342335972,0.9616272227441768,2.62821873175616,,,,,CHEMBL264_Ki
89709943,mondrian_nnsim,cliffB_oracle,cliff,12,12,1.0,0.7575059933447592,1.0,2.9396817275257554,,,,,CHEMBL264_Ki
89709943,mondrian_nnsim,cliffB_oracle,noncliff,561,530,0.9447415329768271,0.9226330524144322,0.9608006832073095,2.6215564216862224,,,,,CHEMBL264_Ki
89709943,mondrian_nnsim,cliffA,all,573,542,0.9458987783595113,0.9242314342335972,0.9616272227441768,2.62821873175616,,,,,CHEMBL264_Ki
89709943,mondrian_nnsim,cliffA,cliff,37,37,1.0,0.9059421741627975,1.0,2.831057534587715,,,,,CHEMBL264_Ki
89709943,mondrian_nnsim,cliffA,noncliff,536,505,0.9421641791044776,0.919076586868401,0.9589589775646687,2.6142167994711465,,,,,CHEMBL264_Ki
89709943,mondrian_nnsim,__bins__,__summary__,-1,-1,,,,2.62821873175616,0.9044117647058824,0.07740641711229945,0.8695652173913043,0.12173913043478268,CHEMBL264_Ki
89709943,mondrian_pairgap,cliffB_oracle,all,573,538,0.9389179755671903,0.916234673015761,0.9557553552813435,2.5140650301312517,,,,,CHEMBL264_Ki
89709943,mondrian_pairgap,cliffB_oracle,cliff,12,11,0.9166666666666666,0.646120088858883,0.9851349055950829,2.3554634603901223,,,,,CHEMBL264_Ki
89709943,mondrian_pairgap,cliffB_oracle,noncliff,561,527,0.9393939393939394,0.916502673286969,0.9563086126078582,2.517457577077586,,,,,CHEMBL264_Ki
89709943,mondrian_pairgap,cliffA,all,573,538,0.9389179755671903,0.916234673015761,0.9557553552813435,2.5140650301312517,,,,,CHEMBL264_Ki
89709943,mondrian_pairgap,cliffA,cliff,37,35,0.9459459459459459,0.822953456491869,0.9850490231668423,2.410735230386532,,,,,CHEMBL264_Ki
89709943,mondrian_pairgap,cliffA,noncliff,536,503,0.9384328358208955,0.9147979623848709,0.955828019225979,2.521197870785272,,,,,CHEMBL264_Ki
89709943,mondrian_pairgap,__bins__,__summary__,-1,-1,,,,2.5140650301312517,0.8676470588235294,0.11400431732325955,0.8434782608695652,0.14774980930587334,CHEMBL264_Ki
89709943,mondrian_rfstd,cliffB_oracle,all,573,531,0.9267015706806283,0.9024024617820694,0.9453174663238633,2.251983704303436,,,,,CHEMBL264_Ki
89709943,mondrian_rfstd,cliffB_oracle,cliff,12,11,0.9166666666666666,0.646120088858883,0.9851349055950829,2.201088924274028,,,,,CHEMBL264_Ki
89709943,mondrian_rfstd,cliffB_oracle,noncliff,561,520,0.9269162210338681,0.9023530617989646,0.9456725080663946,2.253072362699787,,,,,CHEMBL264_Ki
89709943,mondrian_rfstd,cliffA,all,573,531,0.9267015706806283,0.9024024617820694,0.9453174663238633,2.251983704303436,,,,,CHEMBL264_Ki
89709943,mondrian_rfstd,cliffA,cliff,37,33,0.8918918918918919,0.7529146845587398,0.9571481005958853,2.2411896926817687,,,,,CHEMBL264_Ki
89709943,mondrian_rfstd,cliffA,noncliff,536,498,0.9291044776119403,0.9041868073069468,0.9479152172483529,2.2527288133146333,,,,,CHEMBL264_Ki
89709943,mondrian_rfstd,__bins__,__summary__,-1,-1,,,,2.251983704303436,0.8807339449541285,0.08256880733944949,0.9043478260869565,0.05217391304347829,CHEMBL264_Ki
86921808,global,cliffB_oracle,all,573,549,0.9581151832460733,0.9384344309223401,0.9716943262466057,2.8464513718304363,,,,,CHEMBL264_Ki
86921808,global,cliffB_oracle,cliff,18,16,0.8888888888888888,0.672002348698212,0.9689804773543876,2.846451371830437,,,,,CHEMBL264_Ki
86921808,global,cliffB_oracle,noncliff,555,533,0.9603603603603603,0.9407126947898535,0.9736790203100739,2.8464513718304367,,,,,CHEMBL264_Ki
86921808,global,cliffA,all,573,549,0.9581151832460733,0.9384344309223401,0.9716943262466057,2.8464513718304363,,,,,CHEMBL264_Ki
86921808,global,cliffA,cliff,36,34,0.9444444444444444,0.8185534279135275,0.9846300133358382,2.846451371830437,,,,,CHEMBL264_Ki
86921808,global,cliffA,noncliff,537,515,0.9590316573556797,0.9387507995554106,0.9727917457867817,2.846451371830437,,,,,CHEMBL264_Ki
86921808,global,__bins__,__summary__,-1,-1,,,,2.8464513718304363,0.944,0.04707142857142865,0.9130434782608695,0.07818459191456906,CHEMBL264_Ki
86921808,mondrian_pair,cliffB_oracle,all,573,549,0.9581151832460733,0.9384344309223401,0.9716943262466057,2.790430132103267,,,,,CHEMBL264_Ki
86921808,mondrian_pair,cliffB_oracle,cliff,18,15,0.8333333333333334,0.6077796189608428,0.9416342319413856,2.545976879353034,,,,,CHEMBL264_Ki
86921808,mondrian_pair,cliffB_oracle,noncliff,555,534,0.9621621621621622,0.9428499936553068,0.9751205539890433,2.7983583457059775,,,,,CHEMBL264_Ki
86921808,mondrian_pair,cliffA,all,573,549,0.9581151832460733,0.9384344309223401,0.9716943262466057,2.790430132103267,,,,,CHEMBL264_Ki
86921808,mondrian_pair,cliffA,cliff,36,33,0.9166666666666666,0.7817330875072737,0.9712513886640066,2.5962358365923177,,,,,CHEMBL264_Ki
86921808,mondrian_pair,cliffA,noncliff,537,516,0.9608938547486033,0.9409584505935661,0.9742820361090406,2.803448744092828,,,,,CHEMBL264_Ki
86921808,mondrian_pair,__bins__,__summary__,-1,-1,,,,2.790430132103267,0.936,0.06399999999999995,0.9130434782608695,0.06956521739130439,CHEMBL264_Ki
86921808,mondrian_wstd,cliffB_oracle,all,573,548,0.956369982547993,0.9363864017906501,0.9702751982081282,2.802983593026283,,,,,CHEMBL264_Ki
86921808,mondrian_wstd,cliffB_oracle,cliff,18,17,0.9444444444444444,0.7424269921812741,0.990124809021697,3.132249931129056,,,,,CHEMBL264_Ki
86921808,mondrian_wstd,cliffB_oracle,noncliff,555,531,0.9567567567567568,0.936463120074213,0.9707709299368698,2.7923046847634905,,,,,CHEMBL264_Ki
86921808,mondrian_wstd,cliffA,all,573,548,0.956369982547993,0.9363864017906501,0.9702751982081282,2.802983593026283,,,,,CHEMBL264_Ki
86921808,mondrian_wstd,cliffA,cliff,36,35,0.9722222222222222,0.8583028134672614,0.9950795928601897,3.0409555613102226,,,,,CHEMBL264_Ki
86921808,mondrian_wstd,cliffA,noncliff,537,513,0.9553072625698324,0.9343614114650604,0.9697852511563029,2.787030164984902,,,,,CHEMBL264_Ki
86921808,mondrian_wstd,__bins__,__summary__,-1,-1,,,,2.802983593026283,0.9285714285714286,0.06342857142857139,0.9210526315789473,0.06155606407322656,CHEMBL264_Ki
86921808,mondrian_std,cliffB_oracle,all,573,551,0.9616055846422339,0.9425528208705842,0.9745102506386967,2.863693907855719,,,,,CHEMBL264_Ki
86921808,mondrian_std,cliffB_oracle,cliff,18,17,0.9444444444444444,0.7424269921812741,0.990124809021697,3.1476357826125096,,,,,CHEMBL264_Ki
86921808,mondrian_std,cliffB_oracle,noncliff,555,534,0.9621621621621622,0.9428499936553068,0.9751205539890433,2.854484982187931,,,,,CHEMBL264_Ki
86921808,mondrian_std,cliffA,all,573,551,0.9616055846422339,0.9425528208705842,0.9745102506386967,2.863693907855719,,,,,CHEMBL264_Ki
86921808,mondrian_std,cliffA,cliff,36,35,0.9722222222222222,0.8583028134672614,0.9950795928601897,3.042678196853204,,,,,CHEMBL264_Ki
86921808,mondrian_std,cliffA,noncliff,537,516,0.9608938547486033,0.9409584505935661,0.9742820361090406,2.851694961107284,,,,,CHEMBL264_Ki
86921808,mondrian_std,__bins__,__summary__,-1,-1,,,,2.863693907855719,0.9285714285714286,0.05542857142857138,0.9298245614035088,0.06147978642257823,CHEMBL264_Ki
86921808,mondrian_iqr,cliffB_oracle,all,573,547,0.9546247818499127,0.9343452706151945,0.9688491722134167,2.6768230099410846,,,,,CHEMBL264_Ki
86921808,mondrian_iqr,cliffB_oracle,cliff,18,15,0.8333333333333334,0.6077796189608428,0.9416342319413856,2.820135311632,,,,,CHEMBL264_Ki
86921808,mondrian_iqr,cliffB_oracle,noncliff,555,532,0.9585585585585585,0.9385839052812728,0.9722289772742323,2.6721750433997578,,,,,CHEMBL264_Ki
86921808,mondrian_iqr,cliffA,all,573,547,0.9546247818499127,0.9343452706151945,0.9688491722134167,2.6768230099410846,,,,,CHEMBL264_Ki
86921808,mondrian_iqr,cliffA,cliff,36,32,0.8888888888888888,0.7468519140963513,0.9559335969968435,2.7118772809791043,,,,,CHEMBL264_Ki
86921808,mondrian_iqr,cliffA,noncliff,537,515,0.9590316573556797,0.9387507995554106,0.9727917457867817,2.6744730029441226,,,,,CHEMBL264_Ki
86921808,mondrian_iqr,__bins__,__summary__,-1,-1,,,,2.6768230099410846,0.936,0.05507142857142855,0.9130434782608695,0.07818459191456906,CHEMBL264_Ki
86921808,mondrian_nb,cliffB_oracle,all,573,545,0.9511343804537522,0.9302822836892625,0.9659778447990138,2.7419577559487442,,,,,CHEMBL264_Ki
86921808,mondrian_nb,cliffB_oracle,cliff,18,14,0.7777777777777778,0.5478541568378739,0.9099907189139831,2.4135729970476674,,,,,CHEMBL264_Ki
86921808,mondrian_nb,cliffB_oracle,noncliff,555,531,0.9567567567567568,0.936463120074213,0.9707709299368698,2.752608072453644,,,,,CHEMBL264_Ki
86921808,mondrian_nb,cliffA,all,573,545,0.9511343804537522,0.9302822836892625,0.9659778447990138,2.7419577559487442,,,,,CHEMBL264_Ki
86921808,mondrian_nb,cliffA,cliff,36,31,0.8611111111111112,0.713404696106438,0.9391818499086717,2.4629382126436608,,,,,CHEMBL264_Ki
86921808,mondrian_nb,cliffA,noncliff,537,514,0.957169459962756,0.9365519605822189,0.9712926433995587,2.760662976728973,,,,,CHEMBL264_Ki
86921808,mondrian_nb,__bins__,__summary__,-1,-1,,,,2.7419577559487442,0.904,0.09599999999999997,0.8956521739130435,0.09557589626239504,CHEMBL264_Ki
86921808,mondrian_nnsim,cliffB_oracle,all,573,550,0.9598603839441536,0.9404897570192697,0.9731061573198437,2.8993741997894484,,,,,CHEMBL264_Ki
86921808,mondrian_nnsim,cliffB_oracle,cliff,18,16,0.8888888888888888,0.672002348698212,0.9689804773543876,3.219465654460746,,,,,CHEMBL264_Ki
86921808,mondrian_nnsim,cliffB_oracle,noncliff,555,534,0.9621621621621622,0.9428499936553068,0.9751205539890433,2.888992855313622,,,,,CHEMBL264_Ki
86921808,mondrian_nnsim,cliffA,all,573,550,0.9598603839441536,0.9404897570192697,0.9731061573198437,2.8993741997894484,,,,,CHEMBL264_Ki
86921808,mondrian_nnsim,cliffA,cliff,36,34,0.9444444444444444,0.8185534279135275,0.9846300133358382,3.0574632071584387,,,,,CHEMBL264_Ki
86921808,mondrian_nnsim,cliffA,noncliff,537,516,0.9608938547486033,0.9409584505935661,0.9742820361090406,2.888776054044041,,,,,CHEMBL264_Ki
86921808,mondrian_nnsim,__bins__,__summary__,-1,-1,,,,2.8993741997894484,0.9464285714285714,0.0535714285714286,0.9217391304347826,0.06948893974065595,CHEMBL264_Ki
86921808,mondrian_pairgap,cliffB_oracle,all,573,543,0.9476439790575916,0.9262429300836102,0.9630828840643312,2.8033214453343422,,,,,CHEMBL264_Ki
86921808,mondrian_pairgap,cliffB_oracle,cliff,18,14,0.7777777777777778,0.5478541568378739,0.9099907189139831,2.397616034695572,,,,,CHEMBL264_Ki
86921808,mondrian_pairgap,cliffB_oracle,noncliff,555,529,0.9531531531531532,0.9322437845961657,0.9678326003260722,2.8164794586523567,,,,,CHEMBL264_Ki
86921808,mondrian_pairgap,cliffA,all,573,543,0.9476439790575916,0.9262429300836102,0.9630828840643312,2.8033214453343422,,,,,CHEMBL264_Ki
86921808,mondrian_pairgap,cliffA,cliff,36,31,0.8611111111111112,0.713404696106438,0.9391818499086717,2.445598025701046,,,,,CHEMBL264_Ki
86921808,mondrian_pairgap,cliffA,noncliff,537,512,0.9534450651769087,0.932178681453074,0.9682700398078744,2.827302903633781,,,,,CHEMBL264_Ki
86921808,mondrian_pairgap,__bins__,__summary__,-1,-1,,,,2.8033214453343422,0.904,0.07814285714285707,0.8869565217391304,0.10434782608695659,CHEMBL264_Ki
86921808,mondrian_rfstd,cliffB_oracle,all,573,535,0.9336823734729494,0.9102834799936603,0.9513050767929419,2.397966910526886,,,,,CHEMBL264_Ki
86921808,mondrian_rfstd,cliffB_oracle,cliff,18,11,0.6111111111111112,0.3861904160223791,0.7969475342783638,2.3912930954787446,,,,,CHEMBL264_Ki
86921808,mondrian_rfstd,cliffB_oracle,noncliff,555,524,0.9441441441441442,0.9218083080606753,0.9603739141394506,2.398183358582502,,,,,CHEMBL264_Ki
86921808,mondrian_rfstd,cliffA,all,573,535,0.9336823734729494,0.9102834799936603,0.9513050767929419,2.397966910526886,,,,,CHEMBL264_Ki
86921808,mondrian_rfstd,cliffA,cliff,36,26,0.7222222222222222,0.5600751000260289,0.841516620598654,2.321583882493668,,,,,CHEMBL264_Ki
86921808,mondrian_rfstd,cliffA,noncliff,537,509,0.9478584729981379,0.9256733341828777,0.9636815629968273,2.4030875604509014,,,,,CHEMBL264_Ki
86921808,mondrian_rfstd,__bins__,__summary__,-1,-1,,,,2.397966910526886,0.9196428571428571,0.03571428571428581,0.9035087719298246,0.06170861937452321,CHEMBL264_Ki
71339737,global,cliffB_oracle,all,470,421,0.8957446808510638,0.8648347326371865,0.9202379811895877,2.331619616529275,,,,,CHEMBL235_EC50
71339737,global,cliffB_oracle,cliff,23,12,0.5217391304347826,0.32962737336427406,0.7076284258335335,2.331619616529275,,,,,CHEMBL235_EC50
71339737,global,cliffB_oracle,noncliff,447,409,0.9149888143176734,0.8854667861043563,0.9374389000107973,2.331619616529275,,,,,CHEMBL235_EC50
71339737,global,cliffA,all,470,421,0.8957446808510638,0.8648347326371865,0.9202379811895877,2.331619616529275,,,,,CHEMBL235_EC50
71339737,global,cliffA,cliff,41,28,0.6829268292682927,0.5301580035565572,0.8043538610101142,2.3316196165292755,,,,,CHEMBL235_EC50
71339737,global,cliffA,noncliff,429,393,0.916083916083916,0.8860113965676258,0.9387709636357399,2.331619616529275,,,,,CHEMBL235_EC50
71339737,global,__bins__,__summary__,-1,-1,,,,2.331619616529275,0.7946428571428571,0.1609126984126985,0.7978723404255319,0.17021276595744683,CHEMBL235_EC50
71339737,mondrian_pair,cliffB_oracle,all,470,414,0.8808510638297873,0.8484311020256842,0.907095864506534,2.335164051741604,,,,,CHEMBL235_EC50
71339737,mondrian_pair,cliffB_oracle,cliff,23,12,0.5217391304347826,0.32962737336427406,0.7076284258335335,2.3292316374965956,,,,,CHEMBL235_EC50
71339737,mondrian_pair,cliffB_oracle,noncliff,447,402,0.8993288590604027,0.8679440748564504,0.9239085664996407,2.3354692990070074,,,,,CHEMBL235_EC50
71339737,mondrian_pair,cliffA,all,470,414,0.8808510638297873,0.8484311020256842,0.907095864506534,2.335164051741604,,,,,CHEMBL235_EC50
71339737,mondrian_pair,cliffA,cliff,41,28,0.6829268292682927,0.5301580035565572,0.8043538610101142,2.3599858185368237,,,,,CHEMBL235_EC50
71339737,mondrian_pair,cliffA,noncliff,429,386,0.8997668997668997,0.8677059907241503,0.9247319631967305,2.3327918082949752,,,,,CHEMBL235_EC50
71339737,mondrian_pair,__bins__,__summary__,-1,-1,,,,2.335164051741604,0.8035714285714286,0.12976190476190474,0.8085106382978723,0.13829787234042556,CHEMBL235_EC50
71339737,mondrian_wstd,cliffB_oracle,all,470,416,0.8851063829787233,0.8531021518801972,0.9108664567361796,2.3234445591618003,,,,,CHEMBL235_EC50
71339737,mondrian_wstd,cliffB_oracle,cliff,23,12,0.5217391304347826,0.32962737336427406,0.7076284258335335,2.3474912039145965,,,,,CHEMBL235_EC50
71339737,mondrian_wstd,cliffB_oracle,noncliff,447,404,0.9038031319910514,0.8729280276588336,0.9277969121998468,2.3222072597673615,,,,,CHEMBL235_EC50
71339737,mondrian_wstd,cliffA,all,470,416,0.8851063829787233,0.8531021518801972,0.9108664567361796,2.3234445591618003,,,,,CHEMBL235_EC50
71339737,mondrian_wstd,cliffA,cliff,41,27,0.6585365853658537,0.5054983651982969,0.7844119174261515,2.310239725846531,,,,,CHEMBL235_EC50
71339737,mondrian_wstd,cliffA,noncliff,429,389,0.9067599067599068,0.8755206012235943,0.9307792411040658,2.3247065595485745,,,,,CHEMBL235_EC50
71339737,mondrian_wstd,__bins__,__summary__,-1,-1,,,,2.3234445591618003,0.8,0.14382022471910105,0.8191489361702128,0.11702127659574468,CHEMBL235_EC50
71339737,mondrian_std,cliffB_oracle,all,470,416,0.8851063829787233,0.8531021518801972,0.9108664567361796,2.309583062593456,,,,,CHEMBL235_EC50
71339737,mondrian_std,cliffB_oracle,cliff,23,12,0.5217391304347826,0.32962737336427406,0.7076284258335335,2.2810399640471397,,,,,CHEMBL235_EC50
71339737,mondrian_std,cliffB_oracle,noncliff,447,404,0.9038031319910514,0.8729280276588336,0.9277969121998468,2.311051723145056,,,,,CHEMBL235_EC50
71339737,mondrian_std,cliffA,all,470,416,0.8851063829787233,0.8531021518801972,0.9108664567361796,2.309583062593456,,,,,CHEMBL235_EC50
71339737,mondrian_std,cliffA,cliff,41,27,0.6585365853658537,0.5054983651982969,0.7844119174261515,2.2725512263349885,,,,,CHEMBL235_EC50
71339737,mondrian_std,cliffA,noncliff,429,389,0.9067599067599068,0.8755206012235943,0.9307792411040658,2.3131222357556873,,,,,CHEMBL235_EC50
71339737,mondrian_std,__bins__,__summary__,-1,-1,,,,2.309583062593456,0.8222222222222222,0.10634920634920642,0.8297872340425532,0.08510638297872342,CHEMBL235_EC50
71339737,mondrian_iqr,cliffB_oracle,all,470,430,0.9148936170212766,0.8861813725922769,0.936878730613212,2.397626911575312,,,,,CHEMBL235_EC50
71339737,mondrian_iqr,cliffB_oracle,cliff,23,15,0.6521739130434783,0.44890335377263,0.8118872406120227,2.3572350859615465,,,,,CHEMBL235_EC50
71339737,mondrian_iqr,cliffB_oracle,noncliff,447,415,0.9284116331096197,0.9006856500631244,0.9488369315597969,2.399705238172888,,,,,CHEMBL235_EC50
71339737,mondrian_iqr,cliffA,all,470,430,0.9148936170212766,0.8861813725922769,0.936878730613212,2.397626911575312,,,,,CHEMBL235_EC50
71339737,mondrian_iqr,cliffA,cliff,41,31,0.7560975609756098,0.6065666377742431,0.8617499726190967,2.426091455643317,,,,,CHEMBL235_EC50
71339737,mondrian_iqr,cliffA,noncliff,429,399,0.9300699300699301,0.9019262155230656,0.9505799214938586,2.3949065239138014,,,,,CHEMBL235_EC50
71339737,mondrian_iqr,__bins__,__summary__,-1,-1,,,,2.397626911575312,0.8876404494382022,0.06791510611735341,0.851063829787234,0.1063829787234043,CHEMBL235_EC50
71339737,mondrian_nb,cliffB_oracle,all,470,421,0.8957446808510638,0.8648347326371865,0.9202379811895877,2.3581507352930426,,,,,CHEMBL235_EC50
71339737,mondrian_nb,cliffB_oracle,cliff,23,12,0.5217391304347826,0.32962737336427406,0.7076284258335335,2.2883443990029253,,,,,CHEMBL235_EC50
71339737,mondrian_nb,cliffB_oracle,noncliff,447,409,0.9149888143176734,0.8854667861043563,0.9374389000107973,2.361742560202824,,,,,CHEMBL235_EC50
71339737,mondrian_nb,cliffA,all,470,421,0.8957446808510638,0.8648347326371865,0.9202379811895877,2.3581507352930426,,,,,CHEMBL235_EC50
71339737,mondrian_nb,cliffA,cliff,41,26,0.6341463414634146,0.4812070108791201,0.7641016898031056,2.3055119384810587,,,,,CHEMBL235_EC50
71339737,mondrian_nb,cliffA,noncliff,429,395,0.9207459207459208,0.8912906845861468,0.9427329345550717,2.3631814827739075,,,,,CHEMBL235_EC50
71339737,mondrian_nb,__bins__,__summary__,-1,-1,,,,2.3581507352930426,0.8125,0.1537921348314607,0.7872340425531915,0.18085106382978722,CHEMBL235_EC50
71339737,mondrian_nnsim,cliffB_oracle,all,470,426,0.9063829787234042,0.8766543194639953,0.9295224995731759,2.4284877635185427,,,,,CHEMBL235_EC50
71339737,mondrian_nnsim,cliffB_oracle,cliff,23,12,0.5217391304347826,0.32962737336427406,0.7076284258335335,2.3364427267030097,,,,,CHEMBL235_EC50
71339737,mondrian_nnsim,cliffB_oracle,noncliff,447,414,0.9261744966442953,0.8981344542321011,0.9469519781395256,2.4332238616097226,,,,,CHEMBL235_EC50
71339737,mondrian_nnsim,cliffA,all,470,426,0.9063829787234042,0.8766543194639953,0.9295224995731759,2.4284877635185427,,,,,CHEMBL235_EC50
71339737,mondrian_nnsim,cliffA,cliff,41,28,0.6829268292682927,0.5301580035565572,0.8043538610101142,2.3837655981813706,,,,,CHEMBL235_EC50
71339737,mondrian_nnsim,cliffA,noncliff,429,398,0.9277389277389277,0.8992570436500482,0.9486284638979496,2.432761909856128,,,,,CHEMBL235_EC50
71339737,mondrian_nnsim,__bins__,__summary__,-1,-1,,,,2.4284877635185427,0.7946428571428571,0.1609126984126985,0.8085106382978723,0.15957446808510645,CHEMBL235_EC50
71339737,mondrian_pairgap,cliffB_oracle,all,470,424,0.902127659574468,0.8719152772448617,0.9258198997081506,2.4474755020251164,,,,,CHEMBL235_EC50
71339737,mondrian_pairgap,cliffB_oracle,cliff,23,12,0.5217391304347826,0.32962737336427406,0.7076284258335335,2.2751387193851764,,,,,CHEMBL235_EC50
71339737,mondrian_pairgap,cliffB_oracle,noncliff,447,412,0.9217002237136466,0.8930504043084697,0.9431637295605677,2.456342942742608,,,,,CHEMBL235_EC50
71339737,mondrian_pairgap,cliffA,all,470,424,0.902127659574468,0.8719152772448617,0.9258198997081506,2.4474755020251164,,,,,CHEMBL235_EC50
71339737,mondrian_pairgap,cliffA,cliff,41,28,0.6829268292682927,0.5301580035565572,0.8043538610101142,2.3526517744667985,,,,,CHEMBL235_EC50
71339737,mondrian_pairgap,cliffA,noncliff,429,396,0.9230769230769231,0.8939395607727904,0.9447046878373547,2.4565379095540005,,,,,CHEMBL235_EC50
71339737,mondrian_pairgap,__bins__,__summary__,-1,-1,,,,2.4474755020251164,0.8482142857142857,0.1068418940609952,0.851063829787234,0.0957446808510638,CHEMBL235_EC50
71339737,mondrian_rfstd,cliffB_oracle,all,470,421,0.8957446808510638,0.8648347326371865,0.9202379811895877,2.3029139813088846,,,,,CHEMBL235_EC50
71339737,mondrian_rfstd,cliffB_oracle,cliff,23,13,0.5652173913043478,0.3681137508501646,0.743653646743258,2.268777216331368,,,,,CHEMBL235_EC50
71339737,mondrian_rfstd,cliffB_oracle,noncliff,447,408,0.912751677852349,0.8829494308527543,0.9355201060111045,2.3046704591488907,,,,,CHEMBL235_EC50
71339737,mondrian_rfstd,cliffA,all,470,421,0.8957446808510638,0.8648347326371865,0.9202379811895877,2.3029139813088846,,,,,CHEMBL235_EC50
71339737,mondrian_rfstd,cliffA,cliff,41,29,0.7073170731707317,0.5552053227700284,0.8239081237388657,2.3508776591509086,,,,,CHEMBL235_EC50
71339737,mondrian_rfstd,cliffA,noncliff,429,392,0.9137529137529138,0.8833805292430232,0.9367812014914161,2.298330040069903,,,,,CHEMBL235_EC50
71339737,mondrian_rfstd,__bins__,__summary__,-1,-1,,,,2.3029139813088846,0.875,0.047222222222222276,0.8191489361702128,0.11702127659574468,CHEMBL235_EC50
99182118,global,cliffB_oracle,all,470,435,0.925531914893617,0.8981936043700476,0.9459706040458384,2.5213880695194715,,,,,CHEMBL235_EC50
99182118,global,cliffB_oracle,cliff,14,12,0.8571428571428571,0.6005862050302965,0.9599060787285351,2.5213880695194715,,,,,CHEMBL235_EC50
99182118,global,cliffB_oracle,noncliff,456,423,0.9276315789473685,0.900109918882608,0.9480084760968073,2.5213880695194715,,,,,CHEMBL235_EC50
99182118,global,cliffA,all,470,435,0.925531914893617,0.8981936043700476,0.9459706040458384,2.5213880695194715,,,,,CHEMBL235_EC50
99182118,global,cliffA,cliff,32,27,0.84375,0.682458504024696,0.9313557971749429,2.521388069519471,,,,,CHEMBL235_EC50
99182118,global,cliffA,noncliff,438,408,0.9315068493150684,0.9039061195667805,0.95160436378376,2.5213880695194715,,,,,CHEMBL235_EC50
99182118,global,__bins__,__summary__,-1,-1,,,,2.5213880695194715,0.8333333333333334,0.15543071161048683,0.8297872340425532,0.15957446808510645,CHEMBL235_EC50
99182118,mondrian_pair,cliffB_oracle,all,470,434,0.9234042553191489,0.895781095193799,0.9441622921800077,2.5483244679402377,,,,,CHEMBL235_EC50
99182118,mondrian_pair,cliffB_oracle,cliff,14,13,0.9285714285714286,0.6853129557584889,0.9872777847521093,2.7337122203877406,,,,,CHEMBL235_EC50
99182118,mondrian_pair,cliffB_oracle,noncliff,456,421,0.9232456140350878,0.8951236265564071,0.9442961182180911,2.542632738698428,,,,,CHEMBL235_EC50
99182118,mondrian_pair,cliffA,all,470,434,0.9234042553191489,0.895781095193799,0.9441622921800077,2.5483244679402377,,,,,CHEMBL235_EC50
99182118,mondrian_pair,cliffA,cliff,32,28,0.875,0.7193169451834978,0.9502986561251991,2.7252164868024904,,,,,CHEMBL235_EC50
99182118,mondrian_pair,cliffA,noncliff,438,406,0.9269406392694064,0.8986815458516793,0.9477759165110249,2.535400850123817,,,,,CHEMBL235_EC50
99182118,mondrian_pair,__bins__,__summary__,-1,-1,,,,2.5483244679402377,0.8596491228070176,0.11787896708062284,0.8617021276595744,0.11702127659574468,CHEMBL235_EC50
99182118,mondrian_wstd,cliffB_oracle,all,470,443,0.9425531914893617,0.9177088037288264,0.9602219730236952,2.734777324359606,,,,,CHEMBL235_EC50
99182118,mondrian_wstd,cliffB_oracle,cliff,14,13,0.9285714285714286,0.6853129557584889,0.9872777847521093,3.0452612152665393,,,,,CHEMBL235_EC50
99182118,mondrian_wstd,cliffB_oracle,noncliff,456,430,0.9429824561403509,0.9177678011750457,0.9607958695215794,2.725244924200183,,,,,CHEMBL235_EC50
99182118,mondrian_wstd,cliffA,all,470,443,0.9425531914893617,0.9177088037288264,0.9602219730236952,2.734777324359606,,,,,CHEMBL235_EC50
99182118,mondrian_wstd,cliffA,cliff,32,29,0.90625,0.7578184527161212,0.9675984487016337,3.057904667049774,,,,,CHEMBL235_EC50
99182118,mondrian_wstd,cliffA,noncliff,438,414,0.9452054794520548,0.9197645813798562,0.9629049649341938,2.711169847268087,,,,,CHEMBL235_EC50
99182118,mondrian_wstd,__bins__,__summary__,-1,-1,,,,2.734777324359606,0.898876404494382,0.05726394638281096,0.8829787234042553,0.1063829787234043,CHEMBL235_EC50
99182118,mondrian_std,cliffB_oracle,all,470,447,0.951063829787234,0.9276412506874444,0.9671728102333949,2.7745560420270783,,,,,CHEMBL235_EC50
99182118,mondrian_std,cliffB_oracle,cliff,14,14,1.0,0.7846891972623643,1.0,3.061189033163987,,,,,CHEMBL235_EC50
99182118,mondrian_std,cliffB_oracle,noncliff,456,433,0.9495614035087719,0.9254536854928431,0.9661579605111575,2.7657559063342787,,,,,CHEMBL235_EC50
99182118,mondrian_std,cliffA,all,470,447,0.951063829787234,0.9276412506874444,0.9671728102333949,2.7745560420270783,,,,,CHEMBL235_EC50
99182118,mondrian_std,cliffA,cliff,32,30,0.9375,0.7985287685584542,0.982689432968359,3.064213904284207,,,,,CHEMBL235_EC50
99182118,mondrian_std,cliffA,noncliff,438,417,0.952054794520548,0.9278192078410267,0.9684298699547779,2.753393823779982,,,,,CHEMBL235_EC50
99182118,mondrian_std,__bins__,__summary__,-1,-1,,,,2.7745560420270783,0.9438202247191011,0.01232012615809186,0.8829787234042553,0.1063829787234043,CHEMBL235_EC50
99182118,mondrian_iqr,cliffB_oracle,all,470,438,0.9319148936170213,0.9054644861125111,0.9513621854296134,2.5949055175733045,,,,,CHEMBL235_EC50
99182118,mondrian_iqr,cliffB_oracle,cliff,14,13,0.9285714285714286,0.6853129557584889,0.9872777847521093,2.8091748010007014,,,,,CHEMBL235_EC50
99182118,mondrian_iqr,cliffB_oracle,noncliff,456,425,0.9320175438596491,0.9051204636207286,0.9516965815636036,2.5883270746610605,,,,,CHEMBL235_EC50
99182118,mondrian_iqr,cliffA,all,470,438,0.9319148936170213,0.9054644861125111,0.9513621854296134,2.5949055175733045,,,,,CHEMBL235_EC50
99182118,mondrian_iqr,cliffA,cliff,32,29,0.90625,0.7578184527161212,0.9675984487016337,2.757151620636825,,,,,CHEMBL235_EC50
99182118,mondrian_iqr,cliffA,noncliff,438,409,0.9337899543378996,0.9065290522952134,0.9535079415492453,2.583051921002454,,,,,CHEMBL235_EC50
99182118,mondrian_iqr,__bins__,__summary__,-1,-1,,,,2.5949055175733045,0.898876404494382,0.0561797752808989,0.8936170212765957,0.08510638297872342,CHEMBL235_EC50
99182118,mondrian_nb,cliffB_oracle,all,470,428,0.9106382978723404,0.8814093476916194,0.9332091134297107,2.5091575616822306,,,,,CHEMBL235_EC50
99182118,mondrian_nb,cliffB_oracle,cliff,14,10,0.7142857142857143,0.4535091567010681,0.8827862135542308,2.494749766773558,,,,,CHEMBL235_EC50
99182118,mondrian_nb,cliffB_oracle,noncliff,456,418,0.9166666666666666,0.8876857043956012,0.9386860650715212,2.50959990626276,,,,,CHEMBL235_EC50
99182118,mondrian_nb,cliffA,all,470,428,0.9106382978723404,0.8814093476916194,0.9332091134297107,2.5091575616822306,,,,,CHEMBL235_EC50
99182118,mondrian_nb,cliffA,cliff,32,23,0.71875,0.5462549057408342,0.8443541950225723,2.4493138767208076,,,,,CHEMBL235_EC50
99182118,mondrian_nb,cliffA,noncliff,438,405,0.9246575342465754,0.8960793076191833,0.9458516442496028,2.513529703049275,,,,,CHEMBL235_EC50
99182118,mondrian_nb,__bins__,__summary__,-1,-1,,,,2.5091575616822306,0.8157894736842105,0.16173861620342989,0.8191489361702128,0.15957446808510634,CHEMBL235_EC50
99182118,mondrian_nnsim,cliffB_oracle,all,470,431,0.9170212765957447,0.8885741078356766,0.9387068164118919,2.5190525261859187,,,,,CHEMBL235_EC50
99182118,mondrian_nnsim,cliffB_oracle,cliff,14,12,0.8571428571428571,0.6005862050302965,0.9599060787285351,2.628817016052732,,,,,CHEMBL235_EC50
99182118,mondrian_nnsim,cliffB_oracle,noncliff,456,419,0.918859649122807,0.8901597475867752,0.9405613469828059,2.5156825637777276,,,,,CHEMBL235_EC50
99182118,mondrian_nnsim,cliffA,all,470,431,0.9170212765957447,0.8885741078356766,0.9387068164118919,2.5190525261859187,,,,,CHEMBL235_EC50
99182118,mondrian_nnsim,cliffA,cliff,32,26,0.8125,0.6469084479862404,0.9111045531043405,2.5410697488314953,,,,,CHEMBL235_EC50
99182118,mondrian_nnsim,cliffA,noncliff,438,405,0.9246575342465754,0.8960793076191833,0.9458516442496028,2.5174439619743705,,,,,CHEMBL235_EC50
99182118,mondrian_nnsim,__bins__,__summary__,-1,-1,,,,2.5190525261859187,0.8333333333333334,0.15543071161048683,0.8404255319148937,0.13829787234042545,CHEMBL235_EC50
99182118,mondrian_pairgap,cliffB_oracle,all,470,441,0.9382978723404255,0.9127904394697582,0.9566986951986044,2.6649824028300073,,,,,CHEMBL235_EC50
99182118,mondrian_pairgap,cliffB_oracle,cliff,14,13,0.9285714285714286,0.6853129557584889,0.9872777847521093,2.862491857908308,,,,,CHEMBL235_EC50
99182118,mondrian_pairgap,cliffB_oracle,noncliff,456,428,0.9385964912280702,0.9126865058006762,0.9571785146910318,2.658918516051288,,,,,CHEMBL235_EC50
99182118,mondrian_pairgap,cliffA,all,470,441,0.9382978723404255,0.9127904394697582,0.9566986951986044,2.6649824028300073,,,,,CHEMBL235_EC50
99182118,mondrian_pairgap,cliffA,cliff,32,28,0.875,0.7193169451834978,0.9502986561251991,2.8083125398316557,,,,,CHEMBL235_EC50
99182118,mondrian_pairgap,cliffA,noncliff,438,413,0.9429223744292238,0.9170999671942476,0.9610430686258841,2.6545107946472384,,,,,CHEMBL235_EC50
99182118,mondrian_pairgap,__bins__,__summary__,-1,-1,,,,2.6649824028300073,0.868421052631579,0.10910703725606141,0.8723404255319149,0.10638297872340419,CHEMBL235_EC50
99182118,mondrian_rfstd,cliffB_oracle,all,470,435,0.925531914893617,0.8981936043700476,0.9459706040458384,2.510275770531298,,,,,CHEMBL235_EC50
99182118,mondrian_rfstd,cliffB_oracle,cliff,14,11,0.7857142857142857,0.524107694133997,0.9242861328730683,2.8084191731694728,,,,,CHEMBL235_EC50
99182118,mondrian_rfstd,cliffB_oracle,noncliff,456,424,0.9298245614035088,0.9026120341623143,0.9498556859195595,2.5011222450117048,,,,,CHEMBL235_EC50
99182118,mondrian_rfstd,cliffA,all,470,435,0.925531914893617,0.8981936043700476,0.9459706040458384,2.510275770531298,,,,,CHEMBL235_EC50
99182118,mondrian_rfstd,cliffA,cliff,32,26,0.8125,0.6469084479862404,0.9111045531043405,2.691419043960364,,,,,CHEMBL235_EC50
99182118,mondrian_rfstd,cliffA,noncliff,438,409,0.9337899543378996,0.9065290522952134,0.9535079415492453,2.497041558773923,,,,,CHEMBL235_EC50
99182118,mondrian_rfstd,__bins__,__summary__,-1,-1,,,,2.510275770531298,0.8859649122807017,0.06909126749457917,0.8936170212765957,0.08510638297872342,CHEMBL235_EC50
89709943,global,cliffB_oracle,all,470,440,0.9361702127659575,0.9103418892693746,0.9549264243569087,2.718635332552537,,,,,CHEMBL235_EC50
89709943,global,cliffB_oracle,cliff,17,13,0.7647058823529411,0.5273820188043501,0.9044495567791988,2.7186353325525374,,,,,CHEMBL235_EC50
89709943,global,cliffB_oracle,noncliff,453,427,0.9426048565121413,0.9172319690430492,0.9605342499755901,2.7186353325525374,,,,,CHEMBL235_EC50
89709943,global,cliffA,all,470,440,0.9361702127659575,0.9103418892693746,0.9549264243569087,2.718635332552537,,,,,CHEMBL235_EC50
89709943,global,cliffA,cliff,35,29,0.8285714285714286,0.6731771770095504,0.9189735994629841,2.7186353325525374,,,,,CHEMBL235_EC50
89709943,global,cliffA,noncliff,435,411,0.9448275862068966,0.9192202429026156,0.9626472110977232,2.7186353325525374,,,,,CHEMBL235_EC50
89709943,global,__bins__,__summary__,-1,-1,,,,2.718635332552537,0.8348623853211009,0.15402650356778802,0.8191489361702128,0.15957446808510634,CHEMBL235_EC50
89709943,mondrian_pair,cliffB_oracle,all,470,436,0.9276595744680851,0.9006115268703706,0.947773502587595,2.6196415328137754,,,,,CHEMBL235_EC50
89709943,mondrian_pair,cliffB_oracle,cliff,17,13,0.7647058823529411,0.5273820188043501,0.9044495567791988,2.6506481284616585,,,,,CHEMBL235_EC50
89709943,mondrian_pair,cliffB_oracle,noncliff,453,423,0.9337748344370861,0.9070341491108126,0.9532205243912452,2.6184779298865926,,,,,CHEMBL235_EC50
89709943,mondrian_pair,cliffA,all,470,436,0.9276595744680851,0.9006115268703706,0.947773502587595,2.6196415328137754,,,,,CHEMBL235_EC50
89709943,mondrian_pair,cliffA,cliff,35,28,0.8,0.6410838693433439,0.8995755352620137,2.6755903561270644,,,,,CHEMBL235_EC50
89709943,mondrian_pair,cliffA,noncliff,435,408,0.9379310344827586,0.9111999262933481,0.9569951640790784,2.615139903351786,,,,,CHEMBL235_EC50
89709943,mondrian_pair,__bins__,__summary__,-1,-1,,,,2.6196415328137754,0.8256880733944955,0.1520897043832823,0.8191489361702128,0.15957446808510634,CHEMBL235_EC50
89709943,mondrian_wstd,cliffB_oracle,all,470,433,0.9212765957446809,0.8933737989905475,0.9423487673411799,2.5024091891183105,,,,,CHEMBL235_EC50
89709943,mondrian_wstd,cliffB_oracle,cliff,17,12,0.7058823529411765,0.4686688993346016,0.8672001038970478,2.8107200216720396,,,,,CHEMBL235_EC50
89709943,mondrian_wstd,cliffB_oracle,noncliff,453,421,0.9293598233995585,0.901978260903843,0.9495206398399242,2.4908390254242416,,,,,CHEMBL235_EC50
89709943,mondrian_wstd,cliffA,all,470,433,0.9212765957446809,0.8933737989905475,0.9423487673411799,2.5024091891183105,,,,,CHEMBL235_EC50
89709943,mondrian_wstd,cliffA,cliff,35,28,0.8,0.6410838693433439,0.8995755352620137,2.836324282285458,,,,,CHEMBL235_EC50
89709943,mondrian_wstd,cliffA,noncliff,435,405,0.9310344827586207,0.90325509104799,0.9512676356965244,2.4755424574841727,,,,,CHEMBL235_EC50
89709943,mondrian_wstd,__bins__,__summary__,-1,-1,,,,2.5024091891183105,0.8715596330275229,0.08399592252803267,0.851063829787234,0.1063829787234043,CHEMBL235_EC50
89709943,mondrian_std,cliffB_oracle,all,470,438,0.9319148936170213,0.9054644861125111,0.9513621854296134,2.6167185053701023,,,,,CHEMBL235_EC50
89709943,mondrian_std,cliffB_oracle,cliff,17,13,0.7647058823529411,0.5273820188043501,0.9044495567791988,2.956817487062173,,,,,CHEMBL235_EC50
89709943,mondrian_std,cliffB_oracle,noncliff,453,425,0.9381898454746137,0.9121178131197584,0.9568926331405901,2.603955408926912,,,,,CHEMBL235_EC50
89709943,mondrian_std,cliffA,all,470,438,0.9319148936170213,0.9054644861125111,0.9513621854296134,2.6167185053701023,,,,,CHEMBL235_EC50
89709943,mondrian_std,cliffA,cliff,35,29,0.8285714285714286,0.6731771770095504,0.9189735994629841,2.9866768250434426,,,,,CHEMBL235_EC50
89709943,mondrian_std,cliffA,noncliff,435,409,0.9402298850574713,0.913864405759411,0.958888139155653,2.586951744017075,,,,,CHEMBL235_EC50
89709943,mondrian_std,__bins__,__summary__,-1,-1,,,,2.6167185053701023,0.8807339449541285,0.07482161060142711,0.851063829787234,0.11702127659574468,CHEMBL235_EC50
89709943,mondrian_iqr,cliffB_oracle,all,470,436,0.9276595744680851,0.9006115268703706,0.947773502587595,2.481604675076563,,,,,CHEMBL235_EC50
89709943,mondrian_iqr,cliffB_oracle,cliff,17,13,0.7647058823529411,0.5273820188043501,0.9044495567791988,2.657417434138421,,,,,CHEMBL235_EC50
89709943,mondrian_iqr,cliffB_oracle,noncliff,453,423,0.9337748344370861,0.9070341491108126,0.9532205243912452,2.4750068452662943,,,,,CHEMBL235_EC50
89709943,mondrian_iqr,cliffA,all,470,436,0.9276595744680851,0.9006115268703706,0.947773502587595,2.481604675076563,,,,,CHEMBL235_EC50
89709943,mondrian_iqr,cliffA,cliff,35,28,0.8,0.6410838693433439,0.8995755352620137,2.6932629693809513,,,,,CHEMBL235_EC50
89709943,mondrian_iqr,cliffA,noncliff,435,408,0.9379310344827586,0.9111999262933481,0.9569951640790784,2.4645746973739113,,,,,CHEMBL235_EC50
89709943,mondrian_iqr,__bins__,__summary__,-1,-1,,,,2.481604675076563,0.8532110091743119,0.12481096884766607,0.8297872340425532,0.14893617021276595,CHEMBL235_EC50
89709943,mondrian_nb,cliffB_oracle,all,470,432,0.9191489361702128,0.8909715283869449,0.9405302169027029,2.5918411010376157,,,,,CHEMBL235_EC50
89709943,mondrian_nb,cliffB_oracle,cliff,17,12,0.7058823529411765,0.4686688993346016,0.8672001038970478,2.4406118893639834,,,,,CHEMBL235_EC50
89709943,mondrian_nb,cliffB_oracle,noncliff,453,420,0.9271523178807947,0.8994599964046757,0.9476610179599461,2.597516369466869,,,,,CHEMBL235_EC50
89709943,mondrian_nb,cliffA,all,470,432,0.9191489361702128,0.8909715283869449,0.9405302169027029,2.5918411010376157,,,,,CHEMBL235_EC50
89709943,mondrian_nb,cliffA,cliff,35,27,0.7714285714285715,0.6098268310800976,0.879341201658083,2.4424737795969214,,,,,CHEMBL235_EC50
89709943,mondrian_nb,cliffA,noncliff,435,405,0.9310344827586207,0.90325509104799,0.9512676356965244,2.6038591613834186,,,,,CHEMBL235_EC50
89709943,mondrian_nb,__bins__,__summary__,-1,-1,,,,2.5918411010376157,0.7981651376146789,0.1798568404072991,0.8085106382978723,0.15957446808510645,CHEMBL235_EC50
89709943,mondrian_nnsim,cliffB_oracle,all,470,438,0.9319148936170213,0.9054644861125111,0.9513621854296134,2.8083340428469463,,,,,CHEMBL235_EC50
89709943,mondrian_nnsim,cliffB_oracle,cliff,17,12,0.7058823529411765,0.4686688993346016,0.8672001038970478,2.4380785986298945,,,,,CHEMBL235_EC50
89709943,mondrian_nnsim,cliffB_oracle,noncliff,453,426,0.9403973509933775,0.9146708914243917,0.9587174412151023,2.822228838766792,,,,,CHEMBL235_EC50
89709943,mondrian_nnsim,cliffA,all,470,438,0.9319148936170213,0.9054644861125111,0.9513621854296134,2.8083340428469463,,,,,CHEMBL235_EC50
89709943,mondrian_nnsim,cliffA,cliff,35,27,0.7714285714285715,0.6098268310800976,0.879341201658083,2.5290351612558704,,,,,CHEMBL235_EC50
89709943,mondrian_nnsim,cliffA,noncliff,435,411,0.9448275862068966,0.9192202429026156,0.9626472110977232,2.830806366653125,,,,,CHEMBL235_EC50
89709943,mondrian_nnsim,__bins__,__summary__,-1,-1,,,,2.8083340428469463,0.8440366972477065,0.13374108053007128,0.8191489361702128,0.14893617021276595,CHEMBL235_EC50
89709943,mondrian_pairgap,cliffB_oracle,all,470,432,0.9191489361702128,0.8909715283869449,0.9405302169027029,2.54101953743715,,,,,CHEMBL235_EC50
89709943,mondrian_pairgap,cliffB_oracle,cliff,17,12,0.7058823529411765,0.4686688993346016,0.8672001038970478,2.4697523958823817,,,,,CHEMBL235_EC50
89709943,mondrian_pairgap,cliffB_oracle,noncliff,453,420,0.9271523178807947,0.8994599964046757,0.9476610179599461,2.5436940217780575,,,,,CHEMBL235_EC50
89709943,mondrian_pairgap,cliffA,all,470,432,0.9191489361702128,0.8909715283869449,0.9405302169027029,2.54101953743715,,,,,CHEMBL235_EC50
89709943,mondrian_pairgap,cliffA,cliff,35,27,0.7714285714285715,0.6098268310800976,0.879341201658083,2.6085701568731796,,,,,CHEMBL235_EC50
89709943,mondrian_pairgap,cliffA,noncliff,435,405,0.9310344827586207,0.90325509104799,0.9512676356965244,2.535584430126205,,,,,CHEMBL235_EC50
89709943,mondrian_pairgap,__bins__,__summary__,-1,-1,,,,2.54101953743715,0.8348623853211009,0.13217058171186613,0.8297872340425532,0.12765957446808518,CHEMBL235_EC50
89709943,mondrian_rfstd,cliffB_oracle,all,470,436,0.9276595744680851,0.9006115268703706,0.947773502587595,2.5076225430850942,,,,,CHEMBL235_EC50
89709943,mondrian_rfstd,cliffB_oracle,cliff,17,10,0.5882352941176471,0.3600544264299978,0.7838894320978518,2.5668653680865345,,,,,CHEMBL235_EC50
89709943,mondrian_rfstd,cliffB_oracle,noncliff,453,426,0.9403973509933775,0.9146708914243917,0.9587174412151023,2.505399302411752,,,,,CHEMBL235_EC50
89709943,mondrian_rfstd,cliffA,all,470,436,0.9276595744680851,0.9006115268703706,0.947773502587595,2.5076225430850942,,,,,CHEMBL235_EC50
89709943,mondrian_rfstd,cliffA,cliff,35,26,0.7428571428571429,0.5793069315616084,0.8583697293093955,2.530251898668221,,,,,CHEMBL235_EC50
89709943,mondrian_rfstd,cliffA,noncliff,435,410,0.9425287356321839,0.9165376847366419,0.9607723147210593,2.505801790337027,,,,,CHEMBL235_EC50
89709943,mondrian_rfstd,__bins__,__summary__,-1,-1,,,,2.5076225430850942,0.8715596330275229,0.12844036697247707,0.8936170212765957,0.07446808510638303,CHEMBL235_EC50
86921808,global,cliffB_oracle,all,470,452,0.9617021276595744,0.9402785144177628,0.9756396517134736,2.7586428399642737,,,,,CHEMBL235_EC50
86921808,global,cliffB_oracle,cliff,18,11,0.6111111111111112,0.3861904160223791,0.7969475342783638,2.7586428399642724,,,,,CHEMBL235_EC50
86921808,global,cliffB_oracle,noncliff,452,441,0.9756637168141593,0.956952717446061,0.9863577069994283,2.7586428399642733,,,,,CHEMBL235_EC50
86921808,global,cliffA,all,470,452,0.9617021276595744,0.9402785144177628,0.9756396517134736,2.7586428399642737,,,,,CHEMBL235_EC50
86921808,global,cliffA,cliff,31,24,0.7741935483870968,0.6018758161665794,0.886048644387375,2.7586428399642715,,,,,CHEMBL235_EC50
86921808,global,cliffA,noncliff,439,428,0.9749430523917996,0.9556941577788168,0.9859520943821459,2.7586428399642737,,,,,CHEMBL235_EC50
86921808,global,__bins__,__summary__,-1,-1,,,,2.7586428399642737,0.9021739130434783,0.08695652173913038,0.925531914893617,0.05319148936170215,CHEMBL235_EC50
86921808,mondrian_pair,cliffB_oracle,all,470,444,0.9446808510638298,0.9201793275823849,0.9619722702122162,2.6859575766319743,,,,,CHEMBL235_EC50
86921808,mondrian_pair,cliffB_oracle,cliff,18,11,0.6111111111111112,0.3861904160223791,0.7969475342783638,2.724426945395248,,,,,CHEMBL235_EC50
86921808,mondrian_pair,cliffB_oracle,noncliff,452,433,0.9579646017699115,0.9352838823093388,0.9729266193660857,2.6844256106192774,,,,,CHEMBL235_EC50
86921808,mondrian_pair,cliffA,all,470,444,0.9446808510638298,0.9201793275823849,0.9619722702122162,2.6859575766319743,,,,,CHEMBL235_EC50
86921808,mondrian_pair,cliffA,cliff,31,23,0.7419354838709677,0.5675386419056621,0.8629829409360625,2.786076385873669,,,,,CHEMBL235_EC50
86921808,mondrian_pair,cliffA,noncliff,439,421,0.958997722095672,0.9361230810563926,0.9739091482502454,2.6788876834964563,,,,,CHEMBL235_EC50
86921808,mondrian_pair,__bins__,__summary__,-1,-1,,,,2.6859575766319743,0.8913043478260869,0.09782608695652173,0.8936170212765957,0.08510638297872342,CHEMBL235_EC50
86921808,mondrian_wstd,cliffB_oracle,all,470,442,0.9404255319148936,0.915245964384812,0.9584639913256302,2.623706126222897,,,,,CHEMBL235_EC50
86921808,mondrian_wstd,cliffB_oracle,cliff,18,11,0.6111111111111112,0.3861904160223791,0.7969475342783638,3.096155470647396,,,,,CHEMBL235_EC50
86921808,mondrian_wstd,cliffB_oracle,noncliff,452,431,0.9535398230088495,0.9300214146213046,0.9694141063616037,2.604891771798912,,,,,CHEMBL235_EC50
86921808,mondrian_wstd,cliffA,all,470,442,0.9404255319148936,0.915245964384812,0.9584639913256302,2.623706126222897,,,,,CHEMBL235_EC50
86921808,mondrian_wstd,cliffA,cliff,31,24,0.7741935483870968,0.6018758161665794,0.886048644387375,3.0462523333898823,,,,,CHEMBL235_EC50
86921808,mondrian_wstd,cliffA,noncliff,439,418,0.9521640091116174,0.9279810937597738,0.9685022686092964,2.593868011366003,,,,,CHEMBL235_EC50
86921808,mondrian_wstd,__bins__,__summary__,-1,-1,,,,2.623706126222897,0.8913043478260869,0.07928388746803072,0.8936170212765957,0.07446808510638303,CHEMBL235_EC50
86921808,mondrian_std,cliffB_oracle,all,470,444,0.9446808510638298,0.9201793275823849,0.9619722702122162,2.569405714070899,,,,,CHEMBL235_EC50
86921808,mondrian_std,cliffB_oracle,cliff,18,11,0.6111111111111112,0.3861904160223791,0.7969475342783638,2.9003128869225248,,,,,CHEMBL235_EC50
86921808,mondrian_std,cliffB_oracle,noncliff,452,433,0.9579646017699115,0.9352838823093388,0.9729266193660857,2.5562279947980464,,,,,CHEMBL235_EC50
86921808,mondrian_std,cliffA,all,470,444,0.9446808510638298,0.9201793275823849,0.9619722702122162,2.569405714070899,,,,,CHEMBL235_EC50
86921808,mondrian_std,cliffA,cliff,31,24,0.7741935483870968,0.6018758161665794,0.886048644387375,2.9150187741906626,,,,,CHEMBL235_EC50
86921808,mondrian_std,cliffA,noncliff,439,420,0.9567198177676538,0.9333960439234017,0.972119896404047,2.545000236021439,,,,,CHEMBL235_EC50
86921808,mondrian_std,__bins__,__summary__,-1,-1,,,,2.569405714070899,0.8913043478260869,0.08695652173913049,0.9148936170212766,0.05319148936170215,CHEMBL235_EC50
86921808,mondrian_iqr,cliffB_oracle,all,470,443,0.9425531914893617,0.9177088037288264,0.9602219730236952,2.5555335726220765,,,,,CHEMBL235_EC50
86921808,mondrian_iqr,cliffB_oracle,cliff,18,11,0.6111111111111112,0.3861904160223791,0.7969475342783638,2.6825817111609678,,,,,CHEMBL235_EC50
86921808,mondrian_iqr,cliffB_oracle,noncliff,452,432,0.9557522123893806,0.9326466184965073,0.9711763928326592,2.5504741334767216,,,,,CHEMBL235_EC50
86921808,mondrian_iqr,cliffA,all,470,443,0.9425531914893617,0.9177088037288264,0.9602219730236952,2.5555335726220765,,,,,CHEMBL235_EC50
86921808,mondrian_iqr,cliffA,cliff,31,23,0.7419354838709677,0.5675386419056621,0.8629829409360625,2.6924890285676364,,,,,CHEMBL235_EC50
86921808,mondrian_iqr,cliffA,noncliff,439,420,0.9567198177676538,0.9333960439234017,0.972119896404047,2.5458624584209084,,,,,CHEMBL235_EC50
86921808,mondrian_iqr,__bins__,__summary__,-1,-1,,,,2.5555335726220765,0.9021739130434783,0.07608695652173914,0.925531914893617,0.03191489361702138,CHEMBL235_EC50
86921808,mondrian_nb,cliffB_oracle,all,470,446,0.948936170212766,0.9251450854321718,0.9654481544465882,2.7434396746679717,,,,,CHEMBL235_EC50
86921808,mondrian_nb,cliffB_oracle,cliff,18,11,0.6111111111111112,0.3861904160223791,0.7969475342783638,2.8204884168299453,,,,,CHEMBL235_EC50
86921808,mondrian_nb,cliffB_oracle,noncliff,452,435,0.9623893805309734,0.9405982006532617,0.9763872817146789,2.740371361927008,,,,,CHEMBL235_EC50
86921808,mondrian_nb,cliffA,all,470,446,0.948936170212766,0.9251450854321718,0.9654481544465882,2.7434396746679717,,,,,CHEMBL235_EC50
86921808,mondrian_nb,cliffA,cliff,31,23,0.7419354838709677,0.5675386419056621,0.8629829409360625,2.7872275520734764,,,,,CHEMBL235_EC50
86921808,mondrian_nb,cliffA,noncliff,439,423,0.9635535307517085,0.9416213998473802,0.9774434074176362,2.7403475922088134,,,,,CHEMBL235_EC50
86921808,mondrian_nb,__bins__,__summary__,-1,-1,,,,2.7434396746679717,0.9130434782608695,0.0652173913043479,0.9148936170212766,0.05319148936170215,CHEMBL235_EC50
86921808,mondrian_nnsim,cliffB_oracle,all,470,447,0.951063829787234,0.9276412506874444,0.9671728102333949,2.7189116677965117,,,,,CHEMBL235_EC50
86921808,mondrian_nnsim,cliffB_oracle,cliff,18,12,0.6666666666666666,0.43749467295945105,0.837212252491663,3.044892344759323,,,,,CHEMBL235_EC50
86921808,mondrian_nnsim,cliffB_oracle,noncliff,452,435,0.9623893805309734,0.9405982006532617,0.9763872817146789,2.705930136413037,,,,,CHEMBL235_EC50
86921808,mondrian_nnsim,cliffA,all,470,447,0.951063829787234,0.9276412506874444,0.9671728102333949,2.7189116677965117,,,,,CHEMBL235_EC50
86921808,mondrian_nnsim,cliffA,cliff,31,25,0.8064516129032258,0.6371974218820453,0.908129916384139,2.977845600917788,,,,,CHEMBL235_EC50
86921808,mondrian_nnsim,cliffA,noncliff,439,422,0.9612756264236902,0.93886447891302,0.9756840393728072,2.700627039261752,,,,,CHEMBL235_EC50
86921808,mondrian_nnsim,__bins__,__summary__,-1,-1,,,,2.7189116677965117,0.9117647058823529,0.07736572890025573,0.8829787234042553,0.0957446808510638,CHEMBL235_EC50
86921808,mondrian_pairgap,cliffB_oracle,all,470,447,0.951063829787234,0.9276412506874444,0.9671728102333949,2.733115806001347,,,,,CHEMBL235_EC50
86921808,mondrian_pairgap,cliffB_oracle,cliff,18,11,0.6111111111111112,0.3861904160223791,0.7969475342783638,2.7326536375905404,,,,,CHEMBL235_EC50
86921808,mondrian_pairgap,cliffB_oracle,noncliff,452,436,0.9646017699115044,0.9432773734375003,0.9780955992766985,2.733134210938061,,,,,CHEMBL235_EC50
86921808,mondrian_pairgap,cliffA,all,470,447,0.951063829787234,0.9276412506874444,0.9671728102333949,2.733115806001347,,,,,CHEMBL235_EC50
86921808,mondrian_pairgap,cliffA,cliff,31,24,0.7741935483870968,0.6018758161665794,0.886048644387375,2.859153943060906,,,,,CHEMBL235_EC50
86921808,mondrian_pairgap,cliffA,noncliff,439,423,0.9635535307517085,0.9416213998473802,0.9774434074176362,2.724215618646344,,,,,CHEMBL235_EC50
86921808,mondrian_pairgap,__bins__,__summary__,-1,-1,,,,2.733115806001347,0.8913043478260869,0.09782608695652173,0.9148936170212766,0.06382978723404253,CHEMBL235_EC50
86921808,mondrian_rfstd,cliffB_oracle,all,470,444,0.9446808510638298,0.9201793275823849,0.9619722702122162,2.3969709174792793,,,,,CHEMBL235_EC50
86921808,mondrian_rfstd,cliffB_oracle,cliff,18,11,0.6111111111111112,0.3861904160223791,0.7969475342783638,2.6381823412673415,,,,,CHEMBL235_EC50
86921808,mondrian_rfstd,cliffB_oracle,noncliff,452,433,0.9579646017699115,0.9352838823093388,0.9729266193660857,2.387365152815153,,,,,CHEMBL235_EC50
86921808,mondrian_rfstd,cliffA,all,470,444,0.9446808510638298,0.9201793275823849,0.9619722702122162,2.3969709174792793,,,,,CHEMBL235_EC50
86921808,mondrian_rfstd,cliffA,cliff,31,23,0.7419354838709677,0.5675386419056621,0.8629829409360625,2.5869840235729686,,,,,CHEMBL235_EC50
86921808,mondrian_rfstd,cliffA,noncliff,439,421,0.958997722095672,0.9361230810563926,0.9739091482502454,2.383553135499998,,,,,CHEMBL235_EC50
86921808,mondrian_rfstd,__bins__,__summary__,-1,-1,,,,2.3969709174792793,0.9021739130434783,0.06521739130434778,0.8936170212765957,0.07446808510638303,CHEMBL235_EC50
71339737,global,cliffB_oracle,all,344,310,0.9011627906976745,0.8650579791243862,0.9284069543994609,2.4617775431174382,,,,,CHEMBL239_EC50
71339737,global,cliffB_oracle,cliff,24,18,0.75,0.55100555994846,0.8800063377140499,2.4617775431174387,,,,,CHEMBL239_EC50
71339737,global,cliffB_oracle,noncliff,320,292,0.9125,0.8764449906627175,0.938768728301452,2.4617775431174387,,,,,CHEMBL239_EC50
71339737,global,cliffA,all,344,310,0.9011627906976745,0.8650579791243862,0.9284069543994609,2.4617775431174382,,,,,CHEMBL239_EC50
71339737,global,cliffA,cliff,36,29,0.8055555555555556,0.6497195700482261,0.9024690458107127,2.4617775431174382,,,,,CHEMBL239_EC50
71339737,global,cliffA,noncliff,308,281,0.9123376623376623,0.8754617571731418,0.9390546992357143,2.461777543117439,,,,,CHEMBL239_EC50
71339737,global,__bins__,__summary__,-1,-1,,,,2.4617775431174382,0.7792207792207793,0.17600310137623565,0.7681159420289855,0.21739130434782616,CHEMBL239_EC50
71339737,mondrian_pair,cliffB_oracle,all,344,311,0.9040697674418605,0.868339022903152,0.9308756565157954,2.4698270205046366,,,,,CHEMBL239_EC50
71339737,mondrian_pair,cliffB_oracle,cliff,24,18,0.75,0.55100555994846,0.8800063377140499,2.469973351878632,,,,,CHEMBL239_EC50
71339737,mondrian_pair,cliffB_oracle,noncliff,320,293,0.915625,0.8800234967697741,0.9413660837016998,2.469816045651587,,,,,CHEMBL239_EC50
71339737,mondrian_pair,cliffA,all,344,311,0.9040697674418605,0.868339022903152,0.9308756565157954,2.4698270205046366,,,,,CHEMBL239_EC50
71339737,mondrian_pair,cliffA,cliff,36,29,0.8055555555555556,0.6497195700482261,0.9024690458107127,2.469973351878633,,,,,CHEMBL239_EC50
71339737,mondrian_pair,cliffA,noncliff,308,282,0.9155844155844156,0.8791870338485084,0.9417429379651419,2.4698099168375465,,,,,CHEMBL239_EC50
71339737,mondrian_pair,__bins__,__summary__,-1,-1,,,,2.4698270205046366,0.7792207792207793,0.19047619047619047,0.7681159420289855,0.21739130434782616,CHEMBL239_EC50
71339737,mondrian_wstd,cliffB_oracle,all,344,316,0.9186046511627907,0.8848765305118813,0.9430868783825677,2.6511215794794145,,,,,CHEMBL239_EC50
71339737,mondrian_wstd,cliffB_oracle,cliff,24,21,0.875,0.6899611872949993,0.9565566591987655,2.7002841014731565,,,,,CHEMBL239_EC50
71339737,mondrian_wstd,cliffB_oracle,noncliff,320,295,0.921875,0.8872164144674026,0.9465248890186797,2.6474343903298836,,,,,CHEMBL239_EC50
71339737,mondrian_wstd,cliffA,all,344,316,0.9186046511627907,0.8848765305118813,0.9430868783825677,2.6511215794794145,,,,,CHEMBL239_EC50
71339737,mondrian_wstd,cliffA,cliff,36,32,0.8888888888888888,0.7468519140963513,0.9559335969968435,2.708685836388596,,,,,CHEMBL239_EC50
71339737,mondrian_wstd,cliffA,noncliff,308,284,0.922077922077922,0.8866770083240088,0.9470799942992296,2.6443932897108082,,,,,CHEMBL239_EC50
71339737,mondrian_wstd,__bins__,__summary__,-1,-1,,,,2.6511215794794145,0.8181818181818182,0.16666666666666663,0.8260869565217391,0.1594202898550725,CHEMBL239_EC50
71339737,mondrian_std,cliffB_oracle,all,344,316,0.9186046511627907,0.8848765305118813,0.9430868783825677,2.658381537519719,,,,,CHEMBL239_EC50
71339737,mondrian_std,cliffB_oracle,cliff,24,21,0.875,0.6899611872949993,0.9565566591987655,2.6744937416541066,,,,,CHEMBL239_EC50
71339737,mondrian_std,cliffB_oracle,noncliff,320,295,0.921875,0.8872164144674026,0.9465248890186797,2.6571731222096395,,,,,CHEMBL239_EC50
71339737,mondrian_std,cliffA,all,344,316,0.9186046511627907,0.8848765305118813,0.9430868783825677,2.658381537519719,,,,,CHEMBL239_EC50
71339737,mondrian_std,cliffA,cliff,36,32,0.8888888888888888,0.7468519140963513,0.9559335969968435,2.6861824330548028,,,,,CHEMBL239_EC50
71339737,mondrian_std,cliffA,noncliff,308,284,0.922077922077922,0.8866770083240088,0.9470799942992296,2.6551320821974365,,,,,CHEMBL239_EC50
71339737,mondrian_std,__bins__,__summary__,-1,-1,,,,2.658381537519719,0.8181818181818182,0.16666666666666663,0.8260869565217391,0.1594202898550725,CHEMBL239_EC50
71339737,mondrian_iqr,cliffB_oracle,all,344,316,0.9186046511627907,0.8848765305118813,0.9430868783825677,2.6094423817480834,,,,,CHEMBL239_EC50
71339737,mondrian_iqr,cliffB_oracle,cliff,24,19,0.7916666666666666,0.5952954674681133,0.9075517464714814,2.5835475289275407,,,,,CHEMBL239_EC50
71339737,mondrian_iqr,cliffB_oracle,noncliff,320,297,0.928125,0.8944614892727795,0.9516315372279115,2.6113844957096233,,,,,CHEMBL239_EC50
71339737,mondrian_iqr,cliffA,all,344,316,0.9186046511627907,0.8848765305118813,0.9430868783825677,2.6094423817480834,,,,,CHEMBL239_EC50
71339737,mondrian_iqr,cliffA,cliff,36,30,0.8333333333333334,0.6810920568872054,0.9212955240498188,2.61760926731238,,,,,CHEMBL239_EC50
71339737,mondrian_iqr,cliffA,noncliff,308,286,0.9285714285714286,0.8942244398610991,0.9523595935717276,2.6084878107081004,,,,,CHEMBL239_EC50
71339737,mondrian_iqr,__bins__,__summary__,-1,-1,,,,2.6094423817480834,0.8181818181818182,0.16666666666666663,0.8115942028985508,0.17391304347826086,CHEMBL239_EC50
71339737,mondrian_nb,cliffB_oracle,all,344,321,0.9331395348837209,0.9016746159470134,0.9550375224229374,2.7535918873095317,,,,,CHEMBL239_EC50
71339737,mondrian_nb,cliffB_oracle,cliff,24,21,0.875,0.6899611872949993,0.9565566591987655,2.6943819915828517,,,,,CHEMBL239_EC50
71339737,mondrian_nb,cliffB_oracle,noncliff,320,300,0.9375,0.9054405958383621,0.9591800151842419,2.7580326294890325,,,,,CHEMBL239_EC50
71339737,mondrian_nb,cliffA,all,344,321,0.9331395348837209,0.9016746159470134,0.9550375224229374,2.7535918873095317,,,,,CHEMBL239_EC50
71339737,mondrian_nb,cliffA,cliff,36,32,0.8888888888888888,0.7468519140963513,0.9559335969968435,2.6813650028509803,,,,,CHEMBL239_EC50
71339737,mondrian_nb,cliffA,noncliff,308,289,0.9383116883116883,0.9056691080659778,0.9601554715812315,2.7620339906878035,,,,,CHEMBL239_EC50
71339737,mondrian_nb,__bins__,__summary__,-1,-1,,,,2.7535918873095317,0.8311688311688312,0.15390579569684038,0.855072463768116,0.14492753623188404,CHEMBL239_EC50
71339737,mondrian_nnsim,cliffB_oracle,all,344,317,0.9215116279069767,0.8882132869663162,0.9454998678232331,2.652994137851235,,,,,CHEMBL239_EC50
71339737,mondrian_nnsim,cliffB_oracle,cliff,24,18,0.75,0.55100555994846,0.8800063377140499,2.4812254817063866,,,,,CHEMBL239_EC50
71339737,mondrian_nnsim,cliffB_oracle,noncliff,320,299,0.934375,0.9017648135937429,0.9566799359215566,2.6658767870620985,,,,,CHEMBL239_EC50
71339737,mondrian_nnsim,cliffA,all,344,317,0.9215116279069767,0.8882132869663162,0.9454998678232331,2.652994137851235,,,,,CHEMBL239_EC50
71339737,mondrian_nnsim,cliffA,cliff,36,29,0.8055555555555556,0.6497195700482261,0.9024690458107127,2.512474798123312,,,,,CHEMBL239_EC50
71339737,mondrian_nnsim,cliffA,noncliff,308,288,0.935064935064935,0.9018363408584688,0.9575747233839463,2.6694184762609927,,,,,CHEMBL239_EC50
71339737,mondrian_nnsim,__bins__,__summary__,-1,-1,,,,2.652994137851235,0.8181818181818182,0.16666666666666663,0.8405797101449275,0.14492753623188415,CHEMBL239_EC50
71339737,mondrian_pairgap,cliffB_oracle,all,344,311,0.9040697674418605,0.868339022903152,0.9308756565157954,2.5577663985283596,,,,,CHEMBL239_EC50
71339737,mondrian_pairgap,cliffB_oracle,cliff,24,18,0.75,0.55100555994846,0.8800063377140499,2.6252540614236177,,,,,CHEMBL239_EC50
71339737,mondrian_pairgap,cliffB_oracle,noncliff,320,293,0.915625,0.8800234967697741,0.9413660837016998,2.5527048238112147,,,,,CHEMBL239_EC50
71339737,mondrian_pairgap,cliffA,all,344,311,0.9040697674418605,0.868339022903152,0.9308756565157954,2.5577663985283596,,,,,CHEMBL239_EC50
71339737,mondrian_pairgap,cliffA,cliff,36,29,0.8055555555555556,0.6497195700482261,0.9024690458107127,2.5846204444145116,,,,,CHEMBL239_EC50
71339737,mondrian_pairgap,cliffA,noncliff,308,282,0.9155844155844156,0.8791870338485084,0.9417429379651419,2.5546276139442634,,,,,CHEMBL239_EC50
71339737,mondrian_pairgap,__bins__,__summary__,-1,-1,,,,2.5577663985283596,0.7792207792207793,0.19092847451056405,0.7971014492753623,0.2028985507246377,CHEMBL239_EC50
71339737,mondrian_rfstd,cliffB_oracle,all,344,314,0.9127906976744186,0.8782335667575142,0.9382303503467341,2.45918532500892,,,,,CHEMBL239_EC50
71339737,mondrian_rfstd,cliffB_oracle,cliff,24,18,0.75,0.55100555994846,0.8800063377140499,2.6207269769761794,,,,,CHEMBL239_EC50
71339737,mondrian_rfstd,cliffB_oracle,noncliff,320,296,0.925,0.8908320797995833,0.9490850851938034,2.4470697011113756,,,,,CHEMBL239_EC50
71339737,mondrian_rfstd,cliffA,all,344,314,0.9127906976744186,0.8782335667575142,0.9382303503467341,2.45918532500892,,,,,CHEMBL239_EC50
71339737,mondrian_rfstd,cliffA,cliff,36,28,0.7777777777777778,0.6191529705388181,0.8828366802420353,2.5336058063630436,,,,,CHEMBL239_EC50
71339737,mondrian_rfstd,cliffA,noncliff,308,286,0.9285714285714286,0.8942244398610991,0.9523595935717276,2.4504868271883087,,,,,CHEMBL239_EC50
71339737,mondrian_rfstd,__bins__,__summary__,-1,-1,,,,2.45918532500892,0.8181818181818182,0.1515151515151515,0.8695652173913043,0.08695652173913049,CHEMBL239_EC50
99182118,global,cliffB_oracle,all,344,322,0.936046511627907,0.9050717383929738,0.9573901458720773,2.738412474964258,,,,,CHEMBL239_EC50
99182118,global,cliffB_oracle,cliff,17,14,0.8235294117647058,0.5897054143116588,0.9380887336237901,2.7384124749642584,,,,,CHEMBL239_EC50
99182118,global,cliffB_oracle,noncliff,327,308,0.9418960244648318,0.9110399701535318,0.9624902126420564,2.7384124749642584,,,,,CHEMBL239_EC50
99182118,global,cliffA,all,344,322,0.936046511627907,0.9050717383929738,0.9573901458720773,2.738412474964258,,,,,CHEMBL239_EC50
99182118,global,cliffA,cliff,42,37,0.8809523809523809,0.7499960973799032,0.9480619667224176,2.738412474964259,,,,,CHEMBL239_EC50
99182118,global,cliffA,noncliff,302,285,0.9437086092715232,0.9117102084598644,0.9645607883938373,2.738412474964258,,,,,CHEMBL239_EC50
99182118,global,__bins__,__summary__,-1,-1,,,,2.738412474964258,0.868421052631579,0.11665357423409262,0.8260869565217391,0.17391304347826086,CHEMBL239_EC50
99182118,mondrian_pair,cliffB_oracle,all,344,327,0.9505813953488372,0.9222910391961113,0.9689195745444416,2.8996904699782813,,,,,CHEMBL239_EC50
99182118,mondrian_pair,cliffB_oracle,cliff,17,15,0.8823529411764706,0.6566364940511412,0.9671202262362074,2.7911143080308585,,,,,CHEMBL239_EC50
99182118,mondrian_pair,cliffB_oracle,noncliff,327,312,0.9541284403669725,0.9257039143602975,0.9720070347410511,2.9053351022507767,,,,,CHEMBL239_EC50
99182118,mondrian_pair,cliffA,all,344,327,0.9505813953488372,0.9222910391961113,0.9689195745444416,2.8996904699782813,,,,,CHEMBL239_EC50
99182118,mondrian_pair,cliffA,cliff,42,38,0.9047619047619048,0.7793489419142897,0.9623377511944261,2.801214143002847,,,,,CHEMBL239_EC50
99182118,mondrian_pair,cliffA,noncliff,302,289,0.956953642384106,0.9277547925963432,0.9746735474470212,2.91338585320003,,,,,CHEMBL239_EC50
99182118,mondrian_pair,__bins__,__summary__,-1,-1,,,,2.8996904699782813,0.9078947368421053,0.07717989002356629,0.8840579710144928,0.1159420289855072,CHEMBL239_EC50
99182118,mondrian_wstd,cliffB_oracle,all,344,323,0.938953488372093,0.9084831035722694,0.9597285265878821,2.952459702564296,,,,,CHEMBL239_EC50
99182118,mondrian_wstd,cliffB_oracle,cliff,17,14,0.8235294117647058,0.5897054143116588,0.9380887336237901,3.0119068288377586,,,,,CHEMBL239_EC50
99182118,mondrian_wstd,cliffB_oracle,noncliff,327,309,0.944954128440367,0.9146748007971811,0.9649005735748472,2.9493691791800485,,,,,CHEMBL239_EC50
99182118,mondrian_wstd,cliffA,all,344,323,0.938953488372093,0.9084831035722694,0.9597285265878821,2.952459702564296,,,,,CHEMBL239_EC50
99182118,mondrian_wstd,cliffA,cliff,42,37,0.8809523809523809,0.7499960973799032,0.9480619667224176,3.1458634458137738,,,,,CHEMBL239_EC50
99182118,mondrian_wstd,cliffA,noncliff,302,286,0.9470198675496688,0.9156813345763568,0.9671289980747604,2.925562493238209,,,,,CHEMBL239_EC50
99182118,mondrian_wstd,__bins__,__summary__,-1,-1,,,,2.952459702564296,0.9078947368421053,0.07717989002356629,0.855072463768116,0.14492753623188404,CHEMBL239_EC50
99182118,mondrian_std,cliffB_oracle,all,344,327,0.9505813953488372,0.9222910391961113,0.9689195745444416,2.940783607194284,,,,,CHEMBL239_EC50
99182118,mondrian_std,cliffB_oracle,cliff,17,15,0.8823529411764706,0.6566364940511412,0.9671202262362074,2.9020074911743037,,,,,CHEMBL239_EC50
99182118,mondrian_std,cliffB_oracle,noncliff,327,312,0.9541284403669725,0.9257039143602975,0.9720070347410511,2.9427994909017445,,,,,CHEMBL239_EC50
99182118,mondrian_std,cliffA,all,344,327,0.9505813953488372,0.9222910391961113,0.9689195745444416,2.940783607194284,,,,,CHEMBL239_EC50
99182118,mondrian_std,cliffA,cliff,42,38,0.9047619047619048,0.7793489419142897,0.9623377511944261,3.0624049757160376,,,,,CHEMBL239_EC50
99182118,mondrian_std,cliffA,noncliff,302,289,0.956953642384106,0.9277547925963432,0.9746735474470212,2.923869377134967,,,,,CHEMBL239_EC50
99182118,mondrian_std,__bins__,__summary__,-1,-1,,,,2.940783607194284,0.9210526315789473,0.07894736842105265,0.9130434782608695,0.08695652173913049,CHEMBL239_EC50
99182118,mondrian_iqr,cliffB_oracle,all,344,321,0.9331395348837209,0.9016746159470134,0.9550375224229374,2.8380230932885997,,,,,CHEMBL239_EC50
99182118,mondrian_iqr,cliffB_oracle,cliff,17,14,0.8235294117647058,0.5897054143116588,0.9380887336237901,2.9576884256925524,,,,,CHEMBL239_EC50
99182118,mondrian_iqr,cliffB_oracle,noncliff,327,307,0.9388379204892966,0.9074234528934967,0.9600615383256513,2.831801959799709,,,,,CHEMBL239_EC50
99182118,mondrian_iqr,cliffA,all,344,321,0.9331395348837209,0.9016746159470134,0.9550375224229374,2.8380230932885997,,,,,CHEMBL239_EC50
99182118,mondrian_iqr,cliffA,cliff,42,37,0.8809523809523809,0.7499960973799032,0.9480619667224176,3.0053312114784214,,,,,CHEMBL239_EC50
99182118,mondrian_iqr,cliffA,noncliff,302,284,0.9403973509933775,0.9077622439322641,0.9619694171240218,2.814755076851605,,,,,CHEMBL239_EC50
99182118,mondrian_iqr,__bins__,__summary__,-1,-1,,,,2.8380230932885997,0.9078947368421053,0.07717989002356629,0.855072463768116,0.14492753623188404,CHEMBL239_EC50
99182118,mondrian_nb,cliffB_oracle,all,344,327,0.9505813953488372,0.9222910391961113,0.9689195745444416,2.912137649406116,,,,,CHEMBL239_EC50
99182118,mondrian_nb,cliffB_oracle,cliff,17,14,0.8235294117647058,0.5897054143116588,0.9380887336237901,2.8189157840633636,,,,,CHEMBL239_EC50
99182118,mondrian_nb,cliffB_oracle,noncliff,327,313,0.9571865443425076,0.9294278738182471,0.9743282668595412,2.916984046075311,,,,,CHEMBL239_EC50
99182118,mondrian_nb,cliffA,all,344,327,0.9505813953488372,0.9222910391961113,0.9689195745444416,2.912137649406116,,,,,CHEMBL239_EC50
99182118,mondrian_nb,cliffA,cliff,42,37,0.8809523809523809,0.7499960973799032,0.9480619667224176,2.829919527351689,,,,,CHEMBL239_EC50
99182118,mondrian_nb,cliffA,noncliff,302,290,0.9602649006622517,0.9318415309403563,0.9771261449004238,2.9235719577713013,,,,,CHEMBL239_EC50
99182118,mondrian_nb,__bins__,__summary__,-1,-1,,,,2.912137649406116,0.8947368421052632,0.10526315789473684,0.8695652173913043,0.13043478260869568,CHEMBL239_EC50
99182118,mondrian_nnsim,cliffB_oracle,all,344,324,0.9418604651162791,0.911909625803136,0.9620517502521159,2.998905212879437,,,,,CHEMBL239_EC50
99182118,mondrian_nnsim,cliffB_oracle,cliff,17,15,0.8823529411764706,0.6566364940511412,0.9671202262362074,3.14919407837138,,,,,CHEMBL239_EC50
99182118,mondrian_nnsim,cliffB_oracle,noncliff,327,309,0.944954128440367,0.9146748007971811,0.9649005735748472,2.9910920302697646,,,,,CHEMBL239_EC50
99182118,mondrian_nnsim,cliffA,all,344,324,0.9418604651162791,0.911909625803136,0.9620517502521159,2.998905212879437,,,,,CHEMBL239_EC50
99182118,mondrian_nnsim,cliffA,cliff,42,38,0.9047619047619048,0.7793489419142897,0.9623377511944261,3.0664928993431895,,,,,CHEMBL239_EC50
99182118,mondrian_nnsim,cliffA,noncliff,302,286,0.9470198675496688,0.9156813345763568,0.9671289980747604,2.9895056008546765,,,,,CHEMBL239_EC50
99182118,mondrian_nnsim,__bins__,__summary__,-1,-1,,,,2.998905212879437,0.881578947368421,0.08857030636292229,0.855072463768116,0.14492753623188404,CHEMBL239_EC50
99182118,mondrian_pairgap,cliffB_oracle,all,344,325,0.9447674418604651,0.915352328771173,0.9643587931791792,2.893476573311705,,,,,CHEMBL239_EC50
99182118,mondrian_pairgap,cliffB_oracle,cliff,17,15,0.8823529411764706,0.6566364940511412,0.9671202262362074,2.7839339679493147,,,,,CHEMBL239_EC50
99182118,mondrian_pairgap,cliffB_oracle,noncliff,327,310,0.9480122324159022,0.9183293187626264,0.967291247185842,2.8991714488198412,,,,,CHEMBL239_EC50
99182118,mondrian_pairgap,cliffA,all,344,325,0.9447674418604651,0.915352328771173,0.9643587931791792,2.893476573311705,,,,,CHEMBL239_EC50
99182118,mondrian_pairgap,cliffA,cliff,42,38,0.9047619047619048,0.7793489419142897,0.9623377511944261,2.7654844286932,,,,,CHEMBL239_EC50
99182118,mondrian_pairgap,cliffA,noncliff,302,287,0.9503311258278145,0.9196775720456581,0.9696720964028748,2.9112768053447415,,,,,CHEMBL239_EC50
99182118,mondrian_pairgap,__bins__,__summary__,-1,-1,,,,2.893476573311705,0.9078947368421053,0.062254516889238,0.8840579710144928,0.10144927536231885,CHEMBL239_EC50
99182118,mondrian_rfstd,cliffB_oracle,all,344,324,0.9418604651162791,0.911909625803136,0.9620517502521159,2.8021246729342035,,,,,CHEMBL239_EC50
99182118,mondrian_rfstd,cliffB_oracle,cliff,17,13,0.7647058823529411,0.5273820188043501,0.9044495567791988,2.7752009261586643,,,,,CHEMBL239_EC50
99182118,mondrian_rfstd,cliffB_oracle,noncliff,327,311,0.9510703363914373,0.9220050903445848,0.9696606671803237,2.8035243784240635,,,,,CHEMBL239_EC50
99182118,mondrian_rfstd,cliffA,all,344,324,0.9418604651162791,0.911909625803136,0.9620517502521159,2.8021246729342035,,,,,CHEMBL239_EC50
99182118,mondrian_rfstd,cliffA,cliff,42,36,0.8571428571428571,0.7215891052555522,0.9328403298403735,2.8257439592094746,,,,,CHEMBL239_EC50
99182118,mondrian_rfstd,cliffA,noncliff,302,288,0.9536423841059603,0.9237011785155596,0.9721878257303891,2.7988398715316825,,,,,CHEMBL239_EC50
99182118,mondrian_rfstd,__bins__,__summary__,-1,-1,,,,2.8021246729342035,0.9078947368421053,0.0473291437549096,0.9130434782608695,0.05797101449275366,CHEMBL239_EC50
89709943,global,cliffB_oracle,all,344,319,0.9273255813953488,0.8949198971197255,0.9502927494600245,2.708650329831464,,,,,CHEMBL239_EC50
89709943,global,cliffB_oracle,cliff,26,17,0.6538461538461539,0.46220571188810816,0.8058776967705947,2.7086503298314644,,,,,CHEMBL239_EC50
89709943,global,cliffB_oracle,noncliff,318,302,0.949685534591195,0.9198408139434812,0.9687954762596954,2.708650329831464,,,,,CHEMBL239_EC50
89709943,global,cliffA,all,344,319,0.9273255813953488,0.8949198971197255,0.9502927494600245,2.708650329831464,,,,,CHEMBL239_EC50
89709943,global,cliffA,cliff,36,26,0.7222222222222222,0.5600751000260289,0.841516620598654,2.708650329831465,,,,,CHEMBL239_EC50
89709943,global,cliffA,noncliff,308,293,0.9512987012987013,0.9212113293897075,0.9702673118766783,2.708650329831464,,,,,CHEMBL239_EC50
89709943,global,__bins__,__summary__,-1,-1,,,,2.708650329831464,0.8125,0.17234848484848486,0.8985507246376812,0.05797101449275366,CHEMBL239_EC50
89709943,mondrian_pair,cliffB_oracle,all,344,325,0.9447674418604651,0.915352328771173,0.9643587931791792,2.9970060285535864,,,,,CHEMBL239_EC50
89709943,mondrian_pair,cliffB_oracle,cliff,26,21,0.8076923076923077,0.6212374288068301,0.9149293885105758,2.767118394468523,,,,,CHEMBL239_EC50
89709943,mondrian_pair,cliffB_oracle,noncliff,318,304,0.9559748427672956,0.92746802370556,0.9735967460808778,3.0158018728498495,,,,,CHEMBL239_EC50
89709943,mondrian_pair,cliffA,all,344,325,0.9447674418604651,0.915352328771173,0.9643587931791792,2.9970060285535864,,,,,CHEMBL239_EC50
89709943,mondrian_pair,cliffA,cliff,36,30,0.8333333333333334,0.6810920568872054,0.9212955240498188,2.727309918934115,,,,,CHEMBL239_EC50
89709943,mondrian_pair,cliffA,noncliff,308,295,0.9577922077922078,0.9291354733897146,0.9751701986862593,3.0285289504571615,,,,,CHEMBL239_EC50
89709943,mondrian_pair,__bins__,__summary__,-1,-1,,,,2.9970060285535864,0.85,0.15000000000000002,0.9264705882352942,0.059036658141517484,CHEMBL239_EC50
89709943,mondrian_wstd,cliffB_oracle,all,344,330,0.9593023255813954,0.9328549240697767,0.9756049273560773,2.9212995177241496,,,,,CHEMBL239_EC50
89709943,mondrian_wstd,cliffB_oracle,cliff,26,21,0.8076923076923077,0.6212374288068301,0.9149293885105758,3.1944528153245866,,,,,CHEMBL239_EC50
89709943,mondrian_wstd,cliffB_oracle,noncliff,318,309,0.9716981132075472,0.9470957550704628,0.9850402136741279,2.8989662292410947,,,,,CHEMBL239_EC50
89709943,mondrian_wstd,cliffA,all,344,330,0.9593023255813954,0.9328549240697767,0.9756049273560773,2.9212995177241496,,,,,CHEMBL239_EC50
89709943,mondrian_wstd,cliffA,cliff,36,31,0.8611111111111112,0.713404696106438,0.9391818499086717,3.1547245204426972,,,,,CHEMBL239_EC50
89709943,mondrian_wstd,cliffA,noncliff,308,299,0.9707792207792207,0.9454075880715347,0.9845521456236159,2.894016075847955,,,,,CHEMBL239_EC50
89709943,mondrian_wstd,__bins__,__summary__,-1,-1,,,,2.9212995177241496,0.95,0.034848484848484906,0.9411764705882353,0.04433077578857636,CHEMBL239_EC50
89709943,mondrian_std,cliffB_oracle,all,344,329,0.9563953488372093,0.9293104749460978,0.9733996305846558,2.9632467795159565,,,,,CHEMBL239_EC50
89709943,mondrian_std,cliffB_oracle,cliff,26,21,0.8076923076923077,0.6212374288068301,0.9149293885105758,3.2242167963027617,,,,,CHEMBL239_EC50
89709943,mondrian_std,cliffB_oracle,noncliff,318,308,0.9685534591194969,0.9430908913490228,0.9828308376039374,2.94190960833213,,,,,CHEMBL239_EC50
89709943,mondrian_std,cliffA,all,344,329,0.9563953488372093,0.9293104749460978,0.9733996305846558,2.9632467795159565,,,,,CHEMBL239_EC50
89709943,mondrian_std,cliffA,cliff,36,31,0.8611111111111112,0.713404696106438,0.9391818499086717,3.2028196381660776,,,,,CHEMBL239_EC50
89709943,mondrian_std,cliffA,noncliff,308,298,0.9675324675324676,0.9412757901437676,0.9822704281465888,2.9352447570763323,,,,,CHEMBL239_EC50
89709943,mondrian_std,__bins__,__summary__,-1,-1,,,,2.9632467795159565,0.9375,0.04734848484848486,0.9411764705882353,0.02983802216538789,CHEMBL239_EC50
89709943,mondrian_iqr,cliffB_oracle,all,344,321,0.9331395348837209,0.9016746159470134,0.9550375224229374,2.851049061149997,,,,,CHEMBL239_EC50
89709943,mondrian_iqr,cliffB_oracle,cliff,26,19,0.7307692307692307,0.5391695962082381,0.8629555167798162,2.8835258828051034,,,,,CHEMBL239_EC50
89709943,mondrian_iqr,cliffB_oracle,noncliff,318,302,0.949685534591195,0.9198408139434812,0.9687954762596954,2.8483937235303967,,,,,CHEMBL239_EC50
89709943,mondrian_iqr,cliffA,all,344,321,0.9331395348837209,0.9016746159470134,0.9550375224229374,2.851049061149997,,,,,CHEMBL239_EC50
89709943,mondrian_iqr,cliffA,cliff,36,29,0.8055555555555556,0.6497195700482261,0.9024690458107127,2.8814378879523823,,,,,CHEMBL239_EC50
89709943,mondrian_iqr,cliffA,noncliff,308,292,0.948051948051948,0.9172907469905762,0.9677743788710154,2.8474971203549124,,,,,CHEMBL239_EC50
89709943,mondrian_iqr,__bins__,__summary__,-1,-1,,,,2.851049061149997,0.8875,0.08264925373134335,0.8970588235294118,0.059462915601023014,CHEMBL239_EC50
89709943,mondrian_nb,cliffB_oracle,all,344,322,0.936046511627907,0.9050717383929738,0.9573901458720773,2.9595895989924843,,,,,CHEMBL239_EC50
89709943,mondrian_nb,cliffB_oracle,cliff,26,19,0.7307692307692307,0.5391695962082381,0.8629555167798162,2.7016022433417417,,,,,CHEMBL239_EC50
89709943,mondrian_nb,cliffB_oracle,noncliff,318,303,0.9528301886792453,0.9236414706818474,0.9712090593129596,2.9806829048004064,,,,,CHEMBL239_EC50
89709943,mondrian_nb,cliffA,all,344,322,0.936046511627907,0.9050717383929738,0.9573901458720773,2.9595895989924843,,,,,CHEMBL239_EC50
89709943,mondrian_nb,cliffA,cliff,36,28,0.7777777777777778,0.6191529705388181,0.8828366802420353,2.7282382865614183,,,,,CHEMBL239_EC50
89709943,mondrian_nb,cliffA,noncliff,308,294,0.9545454545454546,0.9251587093158514,0.9727334473553285,2.9866306614844276,,,,,CHEMBL239_EC50
89709943,mondrian_nb,__bins__,__summary__,-1,-1,,,,2.9595895989924843,0.8375,0.16249999999999998,0.9130434782608695,0.0434782608695653,CHEMBL239_EC50
89709943,mondrian_nnsim,cliffB_oracle,all,344,320,0.9302325581395349,0.8982909155323864,0.952671476942464,2.960075688565684,,,,,CHEMBL239_EC50
89709943,mondrian_nnsim,cliffB_oracle,cliff,26,16,0.6153846153846154,0.4253485008511553,0.7757140556428721,2.5196610070911274,,,,,CHEMBL239_EC50
89709943,mondrian_nnsim,cliffB_oracle,noncliff,318,304,0.9559748427672956,0.92746802370556,0.9735967460808778,2.9960844361076284,,,,,CHEMBL239_EC50
89709943,mondrian_nnsim,cliffA,all,344,320,0.9302325581395349,0.8982909155323864,0.952671476942464,2.960075688565684,,,,,CHEMBL239_EC50
89709943,mondrian_nnsim,cliffA,cliff,36,25,0.6944444444444444,0.5314372714948966,0.8199554840517008,2.556849105457022,,,,,CHEMBL239_EC50
89709943,mondrian_nnsim,cliffA,noncliff,308,295,0.9577922077922078,0.9291354733897146,0.9751701986862593,3.007206068409553,,,,,CHEMBL239_EC50
89709943,mondrian_nnsim,__bins__,__summary__,-1,-1,,,,2.960075688565684,0.8125,0.1875,0.8985507246376812,0.04347826086956519,CHEMBL239_EC50
89709943,mondrian_pairgap,cliffB_oracle,all,344,325,0.9447674418604651,0.915352328771173,0.9643587931791792,3.0932128139675914,,,,,CHEMBL239_EC50
89709943,mondrian_pairgap,cliffB_oracle,cliff,26,22,0.8461538461538461,0.6646880067178652,0.9384996627642165,2.8599113475530866,,,,,CHEMBL239_EC50
89709943,mondrian_pairgap,cliffB_oracle,noncliff,318,303,0.9528301886792453,0.9236414706818474,0.9712090593129596,3.1122877766304127,,,,,CHEMBL239_EC50
89709943,mondrian_pairgap,cliffA,all,344,325,0.9447674418604651,0.915352328771173,0.9643587931791792,3.0932128139675914,,,,,CHEMBL239_EC50
89709943,mondrian_pairgap,cliffA,cliff,36,31,0.8611111111111112,0.713404696106438,0.9391818499086717,2.850311734742599,,,,,CHEMBL239_EC50
89709943,mondrian_pairgap,cliffA,noncliff,308,294,0.9545454545454546,0.9251587093158514,0.9727334473553285,3.121603849201681,,,,,CHEMBL239_EC50
89709943,mondrian_pairgap,__bins__,__summary__,-1,-1,,,,3.0932128139675914,0.8625,0.13749999999999996,0.9264705882352942,0.044543904518329014,CHEMBL239_EC50
89709943,mondrian_rfstd,cliffB_oracle,all,344,321,0.9331395348837209,0.9016746159470134,0.9550375224229374,2.803558558671947,,,,,CHEMBL239_EC50
89709943,mondrian_rfstd,cliffB_oracle,cliff,26,21,0.8076923076923077,0.6212374288068301,0.9149293885105758,2.8245781087573154,,,,,CHEMBL239_EC50
89709943,mondrian_rfstd,cliffB_oracle,noncliff,318,300,0.9433962264150944,0.9123089108659039,0.9638988997540114,2.801839979105219,,,,,CHEMBL239_EC50
89709943,mondrian_rfstd,cliffA,all,344,321,0.9331395348837209,0.9016746159470134,0.9550375224229374,2.803558558671947,,,,,CHEMBL239_EC50
89709943,mondrian_rfstd,cliffA,cliff,36,31,0.8611111111111112,0.713404696106438,0.9391818499086717,2.832109997170088,,,,,CHEMBL239_EC50
89709943,mondrian_rfstd,cliffA,noncliff,308,290,0.9415584415584416,0.9095214241194035,0.9627166709325999,2.800221377548788,,,,,CHEMBL239_EC50
89709943,mondrian_rfstd,__bins__,__summary__,-1,-1,,,,2.803558558671947,0.875,0.10984848484848486,0.8405797101449275,0.13043478260869568,CHEMBL239_EC50
86921808,global,cliffB_oracle,all,344,318,0.9244186046511628,0.8915608906272865,0.9479020100573632,2.8686247677856187,,,,,CHEMBL239_EC50
86921808,global,cliffB_oracle,cliff,24,18,0.75,0.55100555994846,0.8800063377140499,2.8686247677856187,,,,,CHEMBL239_EC50
86921808,global,cliffB_oracle,noncliff,320,300,0.9375,0.9054405958383621,0.9591800151842419,2.8686247677856187,,,,,CHEMBL239_EC50
86921808,global,cliffA,all,344,318,0.9244186046511628,0.8915608906272865,0.9479020100573632,2.8686247677856187,,,,,CHEMBL239_EC50
86921808,global,cliffA,cliff,40,34,0.85,0.709276756335103,0.9293881228267964,2.8686247677856187,,,,,CHEMBL239_EC50
86921808,global,cliffA,noncliff,304,284,0.9342105263157895,0.900573102326576,0.9570111912619297,2.8686247677856187,,,,,CHEMBL239_EC50
86921808,global,__bins__,__summary__,-1,-1,,,,2.8686247677856187,0.8289473684210527,0.14120188531029065,0.7971014492753623,0.18840579710144933,CHEMBL239_EC50
86921808,mondrian_pair,cliffB_oracle,all,344,320,0.9302325581395349,0.8982909155323864,0.952671476942464,2.8085417393950944,,,,,CHEMBL239_EC50
86921808,mondrian_pair,cliffB_oracle,cliff,24,19,0.7916666666666666,0.5952954674681133,0.9075517464714814,2.6557021737074744,,,,,CHEMBL239_EC50
86921808,mondrian_pair,cliffB_oracle,noncliff,320,301,0.940625,0.9091338878775519,0.9616625846523565,2.8200047068216656,,,,,CHEMBL239_EC50
86921808,mondrian_pair,cliffA,all,344,320,0.9302325581395349,0.8982909155323864,0.952671476942464,2.8085417393950944,,,,,CHEMBL239_EC50
86921808,mondrian_pair,cliffA,cliff,40,34,0.85,0.709276756335103,0.9293881228267964,2.636258086948399,,,,,CHEMBL239_EC50
86921808,mondrian_pair,cliffA,noncliff,304,286,0.9407894736842105,0.9083561867465516,0.9622218082599617,2.831210641032817,,,,,CHEMBL239_EC50
86921808,mondrian_pair,__bins__,__summary__,-1,-1,,,,2.8085417393950944,0.8421052631578947,0.12804399057344862,0.8115942028985508,0.17391304347826086,CHEMBL239_EC50
86921808,mondrian_wstd,cliffB_oracle,all,344,322,0.936046511627907,0.9050717383929738,0.9573901458720773,2.7988773699652296,,,,,CHEMBL239_EC50
86921808,mondrian_wstd,cliffB_oracle,cliff,24,19,0.7916666666666666,0.5952954674681133,0.9075517464714814,2.9912547591580996,,,,,CHEMBL239_EC50
86921808,mondrian_wstd,cliffB_oracle,noncliff,320,303,0.946875,0.9165781263121711,0.966570069232346,2.784449065775765,,,,,CHEMBL239_EC50
86921808,mondrian_wstd,cliffA,all,344,322,0.936046511627907,0.9050717383929738,0.9573901458720773,2.7988773699652296,,,,,CHEMBL239_EC50
86921808,mondrian_wstd,cliffA,cliff,40,35,0.875,0.738878801611489,0.945404997490546,2.8900583515637805,,,,,CHEMBL239_EC50
86921808,mondrian_wstd,cliffA,noncliff,304,287,0.944078947368421,0.9122789541239307,0.9647958915915864,2.7868798723864727,,,,,CHEMBL239_EC50
86921808,mondrian_wstd,__bins__,__summary__,-1,-1,,,,2.7988773699652296,0.8955223880597015,0.07462686567164178,0.855072463768116,0.1159420289855072,CHEMBL239_EC50
86921808,mondrian_std,cliffB_oracle,all,344,322,0.936046511627907,0.9050717383929738,0.9573901458720773,2.7936680858226586,,,,,CHEMBL239_EC50
86921808,mondrian_std,cliffB_oracle,cliff,24,19,0.7916666666666666,0.5952954674681133,0.9075517464714814,2.944921568136458,,,,,CHEMBL239_EC50
86921808,mondrian_std,cliffB_oracle,noncliff,320,303,0.946875,0.9165781263121711,0.966570069232346,2.782324074649124,,,,,CHEMBL239_EC50
86921808,mondrian_std,cliffA,all,344,322,0.936046511627907,0.9050717383929738,0.9573901458720773,2.7936680858226586,,,,,CHEMBL239_EC50
86921808,mondrian_std,cliffA,cliff,40,35,0.875,0.738878801611489,0.945404997490546,2.862309629827119,,,,,CHEMBL239_EC50
86921808,mondrian_std,cliffA,noncliff,304,287,0.944078947368421,0.9122789541239307,0.9647958915915864,2.7846363037168085,,,,,CHEMBL239_EC50
86921808,mondrian_std,__bins__,__summary__,-1,-1,,,,2.7936680858226586,0.8955223880597015,0.07462686567164178,0.855072463768116,0.1159420289855072,CHEMBL239_EC50
86921808,mondrian_iqr,cliffB_oracle,all,344,324,0.9418604651162791,0.911909625803136,0.9620517502521159,2.8748956330062967,,,,,CHEMBL239_EC50
86921808,mondrian_iqr,cliffB_oracle,cliff,24,18,0.75,0.55100555994846,0.8800063377140499,2.7849741185179426,,,,,CHEMBL239_EC50
86921808,mondrian_iqr,cliffB_oracle,noncliff,320,306,0.95625,0.9279128934187262,0.9737628866477037,2.881639746592923,,,,,CHEMBL239_EC50
86921808,mondrian_iqr,cliffA,all,344,324,0.9418604651162791,0.911909625803136,0.9620517502521159,2.8748956330062967,,,,,CHEMBL239_EC50
86921808,mondrian_iqr,cliffA,cliff,40,34,0.85,0.709276756335103,0.9293881228267964,2.773256571585762,,,,,CHEMBL239_EC50
86921808,mondrian_iqr,cliffA,noncliff,304,290,0.9539473684210527,0.9241932878451844,0.9723721099973444,2.8882691937195246,,,,,CHEMBL239_EC50
86921808,mondrian_iqr,__bins__,__summary__,-1,-1,,,,2.8748956330062967,0.881578947368421,0.08857030636292229,0.8695652173913043,0.11594202898550732,CHEMBL239_EC50
86921808,mondrian_nb,cliffB_oracle,all,344,323,0.938953488372093,0.9084831035722694,0.9597285265878821,3.0227999802116434,,,,,CHEMBL239_EC50
86921808,mondrian_nb,cliffB_oracle,cliff,24,19,0.7916666666666666,0.5952954674681133,0.9075517464714814,2.977402357536608,,,,,CHEMBL239_EC50
86921808,mondrian_nb,cliffB_oracle,noncliff,320,304,0.95,0.9203320781777203,0.9689919788741009,3.0262048019122716,,,,,CHEMBL239_EC50
86921808,mondrian_nb,cliffA,all,344,323,0.938953488372093,0.9084831035722694,0.9597285265878821,3.0227999802116434,,,,,CHEMBL239_EC50
86921808,mondrian_nb,cliffA,cliff,40,34,0.85,0.709276756335103,0.9293881228267964,2.9991867444034845,,,,,CHEMBL239_EC50
86921808,mondrian_nb,cliffA,noncliff,304,289,0.9506578947368421,0.9201954149856328,0.969873132147892,3.0259069849232443,,,,,CHEMBL239_EC50
86921808,mondrian_nb,__bins__,__summary__,-1,-1,,,,3.0227999802116434,0.8421052631578947,0.1429693637077769,0.8405797101449275,0.14492753623188415,CHEMBL239_EC50
86921808,mondrian_nnsim,cliffB_oracle,all,344,322,0.936046511627907,0.9050717383929738,0.9573901458720773,2.940132655936327,,,,,CHEMBL239_EC50
86921808,mondrian_nnsim,cliffB_oracle,cliff,24,18,0.75,0.55100555994846,0.8800063377140499,2.963514452973682,,,,,CHEMBL239_EC50
86921808,mondrian_nnsim,cliffB_oracle,noncliff,320,304,0.95,0.9203320781777203,0.9689919788741009,2.9383790211585255,,,,,CHEMBL239_EC50
86921808,mondrian_nnsim,cliffA,all,344,322,0.936046511627907,0.9050717383929738,0.9573901458720773,2.940132655936327,,,,,CHEMBL239_EC50
86921808,mondrian_nnsim,cliffA,cliff,40,33,0.825,0.6805000966821229,0.9125458625396408,2.9186045314783264,,,,,CHEMBL239_EC50
86921808,mondrian_nnsim,cliffA,noncliff,304,289,0.9506578947368421,0.9201954149856328,0.969873132147892,2.9429653038913273,,,,,CHEMBL239_EC50
86921808,mondrian_nnsim,__bins__,__summary__,-1,-1,,,,2.940132655936327,0.868421052631579,0.10172820109976433,0.855072463768116,0.1159420289855072,CHEMBL239_EC50
86921808,mondrian_pairgap,cliffB_oracle,all,344,324,0.9418604651162791,0.911909625803136,0.9620517502521159,2.948658794592998,,,,,CHEMBL239_EC50
86921808,mondrian_pairgap,cliffB_oracle,cliff,24,20,0.8333333333333334,0.6414692935030095,0.9332132367136705,2.877456425745239,,,,,CHEMBL239_EC50
86921808,mondrian_pairgap,cliffB_oracle,noncliff,320,304,0.95,0.9203320781777203,0.9689919788741009,2.95399897225658,,,,,CHEMBL239_EC50
86921808,mondrian_pairgap,cliffA,all,344,324,0.9418604651162791,0.911909625803136,0.9620517502521159,2.948658794592998,,,,,CHEMBL239_EC50
86921808,mondrian_pairgap,cliffA,cliff,40,36,0.9,0.7694822477247771,0.9604204713173936,2.9531624631629656,,,,,CHEMBL239_EC50
86921808,mondrian_pairgap,cliffA,noncliff,304,288,0.9473684210526315,0.9162247179484327,0.9673469784760881,2.9480662066232655,,,,,CHEMBL239_EC50
86921808,mondrian_pairgap,__bins__,__summary__,-1,-1,,,,2.948658794592998,0.868421052631579,0.10172820109976433,0.855072463768116,0.13043478260869568,CHEMBL239_EC50
86921808,mondrian_rfstd,cliffB_oracle,all,344,327,0.9505813953488372,0.9222910391961113,0.9689195745444416,2.9241586551921124,,,,,CHEMBL239_EC50
86921808,mondrian_rfstd,cliffB_oracle,cliff,24,20,0.8333333333333334,0.6414692935030095,0.9332132367136705,2.9615167755762424,,,,,CHEMBL239_EC50
86921808,mondrian_rfstd,cliffB_oracle,noncliff,320,307,0.959375,0.9317443744658684,0.9761072671078657,2.9213567961633027,,,,,CHEMBL239_EC50
86921808,mondrian_rfstd,cliffA,all,344,327,0.9505813953488372,0.9222910391961113,0.9689195745444416,2.9241586551921124,,,,,CHEMBL239_EC50
86921808,mondrian_rfstd,cliffA,cliff,40,36,0.9,0.7694822477247771,0.9604204713173936,2.956684040991008,,,,,CHEMBL239_EC50
86921808,mondrian_rfstd,cliffA,noncliff,304,291,0.9572368421052632,0.9282209575774905,0.974841290974042,2.9198789991659417,,,,,CHEMBL239_EC50
86921808,mondrian_rfstd,__bins__,__summary__,-1,-1,,,,2.9241586551921124,0.8947368421052632,0.09033778476040843,0.8840579710144928,0.10144927536231885,CHEMBL239_EC50
71339737,global,cliffB_oracle,all,373,347,0.9302949061662198,0.8998265200994789,0.9519905835826713,2.527776003122797,,,,,CHEMBL219_Ki
71339737,global,cliffB_oracle,cliff,8,8,1.0,0.6755924351161198,1.0,2.5277760031227974,,,,,CHEMBL219_Ki
71339737,global,cliffB_oracle,noncliff,365,339,0.9287671232876712,0.8976748577467756,0.9509282277110321,2.527776003122797,,,,,CHEMBL219_Ki
71339737,global,cliffA,all,373,347,0.9302949061662198,0.8998265200994789,0.9519905835826713,2.527776003122797,,,,,CHEMBL219_Ki
71339737,global,cliffA,cliff,19,18,0.9473684210526315,0.753612688331012,0.9906480059376995,2.527776003122797,,,,,CHEMBL219_Ki
71339737,global,cliffA,noncliff,354,329,0.9293785310734464,0.8978278059056161,0.9517104253598877,2.5277760031227974,,,,,CHEMBL219_Ki
71339737,global,__bins__,__summary__,-1,-1,,,,2.527776003122797,0.8314606741573034,0.1685393258426966,0.84,0.14666666666666672,CHEMBL219_Ki
71339737,mondrian_pair,cliffB_oracle,all,373,341,0.9142091152815014,0.8813975949852422,0.9385758786527159,2.4644531941309338,,,,,CHEMBL219_Ki
71339737,mondrian_pair,cliffB_oracle,cliff,8,5,0.625,0.30574239460262737,0.8631557141764026,2.1960661567666055,,,,,CHEMBL219_Ki
71339737,mondrian_pair,cliffB_oracle,noncliff,365,336,0.9205479452054794,0.8882229068354095,0.9441130268244851,2.4703356497443987,,,,,CHEMBL219_Ki
71339737,mondrian_pair,cliffA,all,373,341,0.9142091152815014,0.8813975949852422,0.9385758786527159,2.4644531941309338,,,,,CHEMBL219_Ki
71339737,mondrian_pair,cliffA,cliff,19,15,0.7894736842105263,0.5666572155618583,0.9149232336708375,2.2566277810478486,,,,,CHEMBL219_Ki
71339737,mondrian_pair,cliffA,noncliff,354,326,0.9209039548022598,0.8880595818723679,0.9447114474602639,2.475607665454602,,,,,CHEMBL219_Ki
71339737,mondrian_pair,__bins__,__summary__,-1,-1,,,,2.4644531941309338,0.7865168539325843,0.2134831460674157,0.8266666666666667,0.16000000000000003,CHEMBL219_Ki
71339737,mondrian_wstd,cliffB_oracle,all,373,353,0.9463806970509383,0.9186358816987144,0.9650248520276286,2.644494226910296,,,,,CHEMBL219_Ki
71339737,mondrian_wstd,cliffB_oracle,cliff,8,8,1.0,0.6755924351161198,1.0,3.014472726082508,,,,,CHEMBL219_Ki
71339737,mondrian_wstd,cliffB_oracle,noncliff,365,345,0.9452054794520548,0.916885139217508,0.9642522498361262,2.63638510912022,,,,,CHEMBL219_Ki
71339737,mondrian_wstd,cliffA,all,373,353,0.9463806970509383,0.9186358816987144,0.9650248520276286,2.644494226910296,,,,,CHEMBL219_Ki
71339737,mondrian_wstd,cliffA,cliff,19,18,0.9473684210526315,0.753612688331012,0.9906480059376995,2.8445366303517305,,,,,CHEMBL219_Ki
71339737,mondrian_wstd,cliffA,noncliff,354,335,0.9463276836158192,0.9176991749468258,0.9653734601844214,2.6337574877425354,,,,,CHEMBL219_Ki
71339737,mondrian_wstd,__bins__,__summary__,-1,-1,,,,2.644494226910296,0.8873239436619719,0.11267605633802813,0.88,0.10666666666666669,CHEMBL219_Ki
71339737,mondrian_std,cliffB_oracle,all,373,352,0.9436997319034852,0.9154688956437408,0.96288456640857,2.7287551422693195,,,,,CHEMBL219_Ki
71339737,mondrian_std,cliffB_oracle,cliff,8,8,1.0,0.6755924351161198,1.0,3.161929508790579,,,,,CHEMBL219_Ki
71339737,mondrian_std,cliffB_oracle,noncliff,365,344,0.9424657534246575,0.913650564322678,0.9620644407983185,2.7192609095784426,,,,,CHEMBL219_Ki
71339737,mondrian_std,cliffA,all,373,352,0.9436997319034852,0.9154688956437408,0.96288456640857,2.7287551422693195,,,,,CHEMBL219_Ki
71339737,mondrian_std,cliffA,cliff,19,18,0.9473684210526315,0.753612688331012,0.9906480059376995,3.0287947137377973,,,,,CHEMBL219_Ki
71339737,mondrian_std,cliffA,noncliff,354,334,0.943502824858757,0.9143511321952379,0.963132435625052,2.712651323461689,,,,,CHEMBL219_Ki
71339737,mondrian_std,__bins__,__summary__,-1,-1,,,,2.7287551422693195,0.8873239436619719,0.11267605633802813,0.8666666666666667,0.12,CHEMBL219_Ki
71339737,mondrian_iqr,cliffB_oracle,all,373,349,0.935656836461126,0.9060479244471455,0.9563837225830689,2.722620394687644,,,,,CHEMBL219_Ki
71339737,mondrian_iqr,cliffB_oracle,cliff,8,8,1.0,0.6755924351161198,1.0,2.8937130048782556,,,,,CHEMBL219_Ki
71339737,mondrian_iqr,cliffB_oracle,noncliff,365,341,0.9342465753424658,0.9040287379421466,0.9554191153809368,2.7188704196697673,,,,,CHEMBL219_Ki
71339737,mondrian_iqr,cliffA,all,373,349,0.935656836461126,0.9060479244471455,0.9563837225830689,2.722620394687644,,,,,CHEMBL219_Ki
71339737,mondrian_iqr,cliffA,cliff,19,18,0.9473684210526315,0.753612688331012,0.9906480059376995,2.8523767713607007,,,,,CHEMBL219_Ki
71339737,mondrian_iqr,cliffA,noncliff,354,331,0.9350282485875706,0.9043972406376,0.9563191252498182,2.7156560693859824,,,,,CHEMBL219_Ki
71339737,mondrian_iqr,__bins__,__summary__,-1,-1,,,,2.722620394687644,0.8539325842696629,0.1460674157303371,0.8533333333333334,0.1333333333333333,CHEMBL219_Ki
71339737,mondrian_nb,cliffB_oracle,all,373,345,0.9249329758713136,0.8936468475122171,0.9475557128218689,2.5429226059529295,,,,,CHEMBL219_Ki
71339737,mondrian_nb,cliffB_oracle,cliff,8,6,0.75,0.40927543031016883,0.9285207872478909,2.3577554903720217,,,,,CHEMBL219_Ki
71339737,mondrian_nb,cliffB_oracle,noncliff,365,339,0.9287671232876712,0.8976748577467756,0.9509282277110321,2.5469810632807306,,,,,CHEMBL219_Ki
71339737,mondrian_nb,cliffA,all,373,345,0.9249329758713136,0.8936468475122171,0.9475557128218689,2.5429226059529295,,,,,CHEMBL219_Ki
71339737,mondrian_nb,cliffA,cliff,19,17,0.8947368421052632,0.6860591728889099,0.9706414397011299,2.409563057521031,,,,,CHEMBL219_Ki
71339737,mondrian_nb,cliffA,noncliff,354,328,0.9265536723163842,0.8945608671896219,0.9493882967649245,2.550080321829218,,,,,CHEMBL219_Ki
71339737,mondrian_nb,__bins__,__summary__,-1,-1,,,,2.5429226059529295,0.8314606741573034,0.1544548188004431,0.84,0.14666666666666672,CHEMBL219_Ki
71339737,mondrian_nnsim,cliffB_oracle,all,373,337,0.903485254691689,0.8692754176197867,0.9294689693220429,2.4653221055584016,,,,,CHEMBL219_Ki
71339737,mondrian_nnsim,cliffB_oracle,cliff,8,8,1.0,0.6755924351161198,1.0,2.706594030275136,,,,,CHEMBL219_Ki
71339737,mondrian_nnsim,cliffB_oracle,noncliff,365,329,0.9013698630136986,0.8664750476309336,0.9279041985004964,2.4600339537837885,,,,,CHEMBL219_Ki
71339737,mondrian_nnsim,cliffA,all,373,337,0.903485254691689,0.8692754176197867,0.9294689693220429,2.4653221055584016,,,,,CHEMBL219_Ki
71339737,mondrian_nnsim,cliffA,cliff,19,18,0.9473684210526315,0.753612688331012,0.9906480059376995,2.6109423536318674,,,,,CHEMBL219_Ki
71339737,mondrian_nnsim,cliffA,noncliff,354,319,0.9011299435028248,0.8655990605085782,0.9280484976473529,2.45750632953186,,,,,CHEMBL219_Ki
71339737,mondrian_nnsim,__bins__,__summary__,-1,-1,,,,2.4653221055584016,0.7752808988764045,0.2247191011235955,0.7733333333333333,0.21333333333333337,CHEMBL219_Ki
71339737,mondrian_pairgap,cliffB_oracle,all,373,336,0.900804289544236,0.8662624822480903,0.9271746330197072,2.394406542401078,,,,,CHEMBL219_Ki
71339737,mondrian_pairgap,cliffB_oracle,cliff,8,4,0.5,0.21521606221387757,0.7847839377861224,2.0468959051511577,,,,,CHEMBL219_Ki
71339737,mondrian_pairgap,cliffB_oracle,noncliff,365,332,0.9095890410958904,0.8757480693030986,0.9348983286262449,2.4020232139024458,,,,,CHEMBL219_Ki
71339737,mondrian_pairgap,cliffA,all,373,336,0.900804289544236,0.8662624822480903,0.9271746330197072,2.394406542401078,,,,,CHEMBL219_Ki
71339737,mondrian_pairgap,cliffA,cliff,19,15,0.7894736842105263,0.5666572155618583,0.9149232336708375,2.2287374326539235,,,,,CHEMBL219_Ki
71339737,mondrian_pairgap,cliffA,noncliff,354,321,0.9067796610169492,0.8719742329838358,0.9328514597940099,2.4032983872745124,,,,,CHEMBL219_Ki
71339737,mondrian_pairgap,__bins__,__summary__,-1,-1,,,,2.394406542401078,0.7865168539325843,0.15714511789840158,0.7866666666666666,0.20000000000000007,CHEMBL219_Ki
71339737,mondrian_rfstd,cliffB_oracle,all,373,345,0.9249329758713136,0.8936468475122171,0.9475557128218689,2.4435409620327255,,,,,CHEMBL219_Ki
71339737,mondrian_rfstd,cliffB_oracle,cliff,8,8,1.0,0.6755924351161198,1.0,2.6019244179796623,,,,,CHEMBL219_Ki
71339737,mondrian_rfstd,cliffB_oracle,noncliff,365,337,0.9232876712328767,0.8913637250833049,0.9463945925092274,2.44006954382019,,,,,CHEMBL219_Ki
71339737,mondrian_rfstd,cliffA,all,373,345,0.9249329758713136,0.8936468475122171,0.9475557128218689,2.4435409620327255,,,,,CHEMBL219_Ki
71339737,mondrian_rfstd,cliffA,cliff,19,16,0.8421052631578947,0.6243452472967093,0.9447952836146585,2.297686163475126,,,,,CHEMBL219_Ki
71339737,mondrian_rfstd,cliffA,noncliff,354,329,0.9293785310734464,0.8978278059056161,0.9517104253598877,2.45136932692706,,,,,CHEMBL219_Ki
71339737,mondrian_rfstd,__bins__,__summary__,-1,-1,,,,2.4435409620327255,0.8764044943820225,0.09542649153347049,0.8378378378378378,0.13549549549549555,CHEMBL219_Ki
99182118,global,cliffB_oracle,all,373,343,0.9195710455764075,0.8875049760626287,0.9430830409233933,2.690171318160889,,,,,CHEMBL219_Ki
99182118,global,cliffB_oracle,cliff,14,14,1.0,0.7846891972623643,1.0,2.6901713181608895,,,,,CHEMBL219_Ki
99182118,global,cliffB_oracle,noncliff,359,329,0.9164345403899722,0.8832120331811185,0.9408393334179704,2.690171318160889,,,,,CHEMBL219_Ki
99182118,global,cliffA,all,373,343,0.9195710455764075,0.8875049760626287,0.9430830409233933,2.690171318160889,,,,,CHEMBL219_Ki
99182118,global,cliffA,cliff,28,26,0.9285714285714286,0.7735463743160095,0.9801879358846942,2.6901713181608895,,,,,CHEMBL219_Ki
99182118,global,cliffA,noncliff,345,317,0.9188405797101449,0.8852029545924324,0.9432536198554663,2.690171318160889,,,,,CHEMBL219_Ki
99182118,global,__bins__,__summary__,-1,-1,,,,2.690171318160889,0.8426966292134831,0.1291343567020099,0.8,0.19999999999999996,CHEMBL219_Ki
99182118,mondrian_pair,cliffB_oracle,all,373,346,0.9276139410187667,0.8967317293215701,0.949778102686548,2.7332149032948965,,,,,CHEMBL219_Ki
99182118,mondrian_pair,cliffB_oracle,cliff,14,14,1.0,0.7846891972623643,1.0,2.6578317882592515,,,,,CHEMBL219_Ki
99182118,mondrian_pair,cliffB_oracle,noncliff,359,332,0.924791086350975,0.8927875865019704,0.9477999279218493,2.7361546348004646,,,,,CHEMBL219_Ki
99182118,mondrian_pair,cliffA,all,373,346,0.9276139410187667,0.8967317293215701,0.949778102686548,2.7332149032948965,,,,,CHEMBL219_Ki
99182118,mondrian_pair,cliffA,cliff,28,26,0.9285714285714286,0.7735463743160095,0.9801879358846942,2.651904743168969,,,,,CHEMBL219_Ki
99182118,mondrian_pair,cliffA,noncliff,345,320,0.927536231884058,0.8952181123703815,0.950438252550484,2.739813988754392,,,,,CHEMBL219_Ki
99182118,mondrian_pair,__bins__,__summary__,-1,-1,,,,2.7332149032948965,0.8651685393258427,0.1066624465896503,0.8133333333333334,0.18666666666666665,CHEMBL219_Ki
99182118,mondrian_wstd,cliffB_oracle,all,373,347,0.9302949061662198,0.8998265200994789,0.9519905835826713,2.791938081183543,,,,,CHEMBL219_Ki
99182118,mondrian_wstd,cliffB_oracle,cliff,14,14,1.0,0.7846891972623643,1.0,2.762393962027908,,,,,CHEMBL219_Ki
99182118,mondrian_wstd,cliffB_oracle,noncliff,359,333,0.9275766016713092,0.8959994833250284,0.9501000803737016,2.7930902195350167,,,,,CHEMBL219_Ki
99182118,mondrian_wstd,cliffA,all,373,347,0.9302949061662198,0.8998265200994789,0.9519905835826713,2.791938081183543,,,,,CHEMBL219_Ki
99182118,mondrian_wstd,cliffA,cliff,28,26,0.9285714285714286,0.7735463743160095,0.9801879358846942,2.70264391675437,,,,,CHEMBL219_Ki
99182118,mondrian_wstd,cliffA,noncliff,345,321,0.9304347826086956,0.8985796527174831,0.9528099756943712,2.799185143803882,,,,,CHEMBL219_Ki
99182118,mondrian_wstd,__bins__,__summary__,-1,-1,,,,2.791938081183543,0.8732394366197183,0.12676056338028174,0.8666666666666667,0.1333333333333333,CHEMBL219_Ki
99182118,mondrian_std,cliffB_oracle,all,373,347,0.9302949061662198,0.8998265200994789,0.9519905835826713,2.8125936989745157,,,,,CHEMBL219_Ki
99182118,mondrian_std,cliffB_oracle,cliff,14,14,1.0,0.7846891972623643,1.0,2.767216058389361,,,,,CHEMBL219_Ki
99182118,mondrian_std,cliffB_oracle,noncliff,359,333,0.9275766016713092,0.8959994833250284,0.9501000803737016,2.814363300557224,,,,,CHEMBL219_Ki
99182118,mondrian_std,cliffA,all,373,347,0.9302949061662198,0.8998265200994789,0.9519905835826713,2.8125936989745157,,,,,CHEMBL219_Ki
99182118,mondrian_std,cliffA,cliff,28,26,0.9285714285714286,0.7735463743160095,0.9801879358846942,2.7062288413165887,,,,,CHEMBL219_Ki
99182118,mondrian_std,cliffA,noncliff,345,321,0.9304347826086956,0.8985796527174831,0.9528099756943712,2.8212262091612463,,,,,CHEMBL219_Ki
99182118,mondrian_std,__bins__,__summary__,-1,-1,,,,2.8125936989745157,0.8732394366197183,0.12676056338028174,0.8666666666666667,0.1333333333333333,CHEMBL219_Ki
99182118,mondrian_iqr,cliffB_oracle,all,373,352,0.9436997319034852,0.9154688956437408,0.96288456640857,2.7632696947135744,,,,,CHEMBL219_Ki
99182118,mondrian_iqr,cliffB_oracle,cliff,14,14,1.0,0.7846891972623643,1.0,2.892222937166852,,,,,CHEMBL219_Ki
99182118,mondrian_iqr,cliffB_oracle,noncliff,359,338,0.9415041782729805,0.9122346523553817,0.9614251577178998,2.7582408774591287,,,,,CHEMBL219_Ki
99182118,mondrian_iqr,cliffA,all,373,352,0.9436997319034852,0.9154688956437408,0.96288456640857,2.7632696947135744,,,,,CHEMBL219_Ki
99182118,mondrian_iqr,cliffA,cliff,28,27,0.9642857142857143,0.8228780225664668,0.9936674801509623,2.872827719095873,,,,,CHEMBL219_Ki
99182118,mondrian_iqr,cliffA,noncliff,345,325,0.9420289855072463,0.9121600205821062,0.9621626617937037,2.754378028966605,,,,,CHEMBL219_Ki
99182118,mondrian_iqr,__bins__,__summary__,-1,-1,,,,2.7632696947135744,0.9014084507042254,0.09859154929577463,0.9066666666666666,0.09333333333333338,CHEMBL219_Ki
99182118,mondrian_nb,cliffB_oracle,all,373,349,0.935656836461126,0.9060479244471455,0.9563837225830689,2.994092076307416,,,,,CHEMBL219_Ki
99182118,mondrian_nb,cliffB_oracle,cliff,14,14,1.0,0.7846891972623643,1.0,2.458142129008749,,,,,CHEMBL219_Ki
99182118,mondrian_nb,cliffB_oracle,noncliff,359,335,0.9331476323119777,0.9024564785270212,0.9546671837215296,3.0149926313552746,,,,,CHEMBL219_Ki
99182118,mondrian_nb,cliffA,all,373,349,0.935656836461126,0.9060479244471455,0.9563837225830689,2.994092076307416,,,,,CHEMBL219_Ki
99182118,mondrian_nb,cliffA,cliff,28,27,0.9642857142857143,0.8228780225664668,0.9936674801509623,2.4336402757358337,,,,,CHEMBL219_Ki
99182118,mondrian_nb,cliffA,noncliff,345,322,0.9333333333333333,0.9019538343563634,0.9551690575464798,3.0395780195422115,,,,,CHEMBL219_Ki
99182118,mondrian_nb,__bins__,__summary__,-1,-1,,,,2.994092076307416,0.8651685393258427,0.1348314606741573,0.8533333333333334,0.1466666666666666,CHEMBL219_Ki
99182118,mondrian_nnsim,cliffB_oracle,all,373,353,0.9463806970509383,0.9186358816987144,0.9650248520276286,3.011656206413623,,,,,CHEMBL219_Ki
99182118,mondrian_nnsim,cliffB_oracle,cliff,14,14,1.0,0.7846891972623643,1.0,2.4911329489307303,,,,,CHEMBL219_Ki
99182118,mondrian_nnsim,cliffB_oracle,noncliff,359,339,0.9442896935933147,0.915521841222561,0.9636500181256307,3.0319551635299473,,,,,CHEMBL219_Ki
99182118,mondrian_nnsim,cliffA,all,373,353,0.9463806970509383,0.9186358816987144,0.9650248520276286,3.011656206413623,,,,,CHEMBL219_Ki
99182118,mondrian_nnsim,cliffA,cliff,28,26,0.9285714285714286,0.7735463743160095,0.9801879358846942,2.5447243547625784,,,,,CHEMBL219_Ki
99182118,mondrian_nnsim,cliffA,noncliff,345,327,0.9478260869565217,0.9190432932417433,0.9667459161160447,3.0495521248084896,,,,,CHEMBL219_Ki
99182118,mondrian_nnsim,__bins__,__summary__,-1,-1,,,,3.011656206413623,0.898876404494382,0.072954581421111,0.8533333333333334,0.1466666666666666,CHEMBL219_Ki
99182118,mondrian_pairgap,cliffB_oracle,all,373,346,0.9276139410187667,0.8967317293215701,0.949778102686548,2.7349946058421124,,,,,CHEMBL219_Ki
99182118,mondrian_pairgap,cliffB_oracle,cliff,14,14,1.0,0.7846891972623643,1.0,2.6578317882592515,,,,,CHEMBL219_Ki
99182118,mondrian_pairgap,cliffB_oracle,noncliff,359,332,0.924791086350975,0.8927875865019704,0.9477999279218493,2.738003740789633,,,,,CHEMBL219_Ki
99182118,mondrian_pairgap,cliffA,all,373,346,0.9276139410187667,0.8967317293215701,0.949778102686548,2.7349946058421124,,,,,CHEMBL219_Ki
99182118,mondrian_pairgap,cliffA,cliff,28,26,0.9285714285714286,0.7735463743160095,0.9801879358846942,2.651904743168969,,,,,CHEMBL219_Ki
99182118,mondrian_pairgap,cliffA,noncliff,345,320,0.927536231884058,0.8952181123703815,0.950438252550484,2.741738130928628,,,,,CHEMBL219_Ki
99182118,mondrian_pairgap,__bins__,__summary__,-1,-1,,,,2.7349946058421124,0.8651685393258427,0.1066624465896503,0.8133333333333334,0.18666666666666665,CHEMBL219_Ki
99182118,mondrian_rfstd,cliffB_oracle,all,373,356,0.9544235924932976,0.9282301536202573,0.971352395128182,2.752659266791762,,,,,CHEMBL219_Ki
99182118,mondrian_rfstd,cliffB_oracle,cliff,14,14,1.0,0.7846891972623643,1.0,2.4314772172454147,,,,,CHEMBL219_Ki
99182118,mondrian_rfstd,cliffB_oracle,noncliff,359,342,0.9526462395543176,0.9254806550649473,0.9702273521079756,2.76518447206655,,,,,CHEMBL219_Ki
99182118,mondrian_rfstd,cliffA,all,373,356,0.9544235924932976,0.9282301536202573,0.971352395128182,2.752659266791762,,,,,CHEMBL219_Ki
99182118,mondrian_rfstd,cliffA,cliff,28,27,0.9642857142857143,0.8228780225664668,0.9936674801509623,2.4308001836451547,,,,,CHEMBL219_Ki
99182118,mondrian_rfstd,cliffA,noncliff,345,329,0.9536231884057971,0.9260010680682598,0.971254668271506,2.7787811633949646,,,,,CHEMBL219_Ki
99182118,mondrian_rfstd,__bins__,__summary__,-1,-1,,,,2.752659266791762,0.9295774647887324,0.07042253521126762,0.918918918918919,0.08108108108108103,CHEMBL219_Ki
89709943,global,cliffB_oracle,all,373,335,0.8981233243967829,0.8632560903503008,0.9248737532434645,2.728691856284435,,,,,CHEMBL219_Ki
89709943,global,cliffB_oracle,cliff,16,12,0.75,0.5050168346449122,0.8981793250878696,2.728691856284435,,,,,CHEMBL219_Ki
89709943,global,cliffB_oracle,noncliff,357,323,0.9047619047619048,0.8698604594051126,0.931045292790084,2.728691856284435,,,,,CHEMBL219_Ki
89709943,global,cliffA,all,373,335,0.8981233243967829,0.8632560903503008,0.9248737532434645,2.728691856284435,,,,,CHEMBL219_Ki
89709943,global,cliffA,cliff,31,27,0.8709677419354839,0.7114759374369357,0.9486571562537085,2.728691856284433,,,,,CHEMBL219_Ki
89709943,global,cliffA,noncliff,342,308,0.9005847953216374,0.8642875174812542,0.9279830244437345,2.7286918562844344,,,,,CHEMBL219_Ki
89709943,global,__bins__,__summary__,-1,-1,,,,2.728691856284435,0.8217821782178217,0.1488060570762959,0.7466666666666667,0.2533333333333333,CHEMBL219_Ki
89709943,mondrian_pair,cliffB_oracle,all,373,335,0.8981233243967829,0.8632560903503008,0.9248737532434645,2.737046888609096,,,,,CHEMBL219_Ki
89709943,mondrian_pair,cliffB_oracle,cliff,16,12,0.75,0.5050168346449122,0.8981793250878696,2.7332980618164644,,,,,CHEMBL219_Ki
89709943,mondrian_pair,cliffB_oracle,noncliff,357,323,0.9047619047619048,0.8698604594051126,0.931045292790084,2.7372149032552646,,,,,CHEMBL219_Ki
89709943,mondrian_pair,cliffA,all,373,335,0.8981233243967829,0.8632560903503008,0.9248737532434645,2.737046888609096,,,,,CHEMBL219_Ki
89709943,mondrian_pair,cliffA,cliff,31,27,0.8709677419354839,0.7114759374369357,0.9486571562537085,2.7327673929763683,,,,,CHEMBL219_Ki
89709943,mondrian_pair,cliffA,noncliff,342,308,0.9005847953216374,0.8642875174812542,0.9279830244437345,2.7374347961079684,,,,,CHEMBL219_Ki
89709943,mondrian_pair,__bins__,__summary__,-1,-1,,,,2.737046888609096,0.8217821782178217,0.1488060570762959,0.7466666666666667,0.2533333333333333,CHEMBL219_Ki
89709943,mondrian_wstd,cliffB_oracle,all,373,343,0.9195710455764075,0.8875049760626287,0.9430830409233933,2.926236070740507,,,,,CHEMBL219_Ki
89709943,mondrian_wstd,cliffB_oracle,cliff,16,13,0.8125,0.5699111903802586,0.9340840092857187,3.0434415926113867,,,,,CHEMBL219_Ki
89709943,mondrian_wstd,cliffB_oracle,noncliff,357,330,0.9243697478991597,0.8921994189352653,0.9475045357884182,2.920983162197274,,,,,CHEMBL219_Ki
89709943,mondrian_wstd,cliffA,all,373,343,0.9195710455764075,0.8875049760626287,0.9430830409233933,2.926236070740507,,,,,CHEMBL219_Ki
89709943,mondrian_wstd,cliffA,cliff,31,28,0.9032258064516129,0.7510006155660716,0.9665353558368026,3.005878898446953,,,,,CHEMBL219_Ki
89709943,mondrian_wstd,cliffA,noncliff,342,315,0.9210526315789473,0.8875737336949877,0.9451777848247084,2.9190169840185773,,,,,CHEMBL219_Ki
89709943,mondrian_wstd,__bins__,__summary__,-1,-1,,,,2.926236070740507,0.8676470588235294,0.08823529411764708,0.8533333333333334,0.1466666666666666,CHEMBL219_Ki
89709943,mondrian_std,cliffB_oracle,all,373,345,0.9249329758713136,0.8936468475122171,0.9475557128218689,2.9197383231263503,,,,,CHEMBL219_Ki
89709943,mondrian_std,cliffB_oracle,cliff,16,14,0.875,0.639771727342413,0.9650225122567595,3.054241866597333,,,,,CHEMBL219_Ki
89709943,mondrian_std,cliffB_oracle,noncliff,357,331,0.927170868347339,0.8954287716633132,0.9498177834215827,2.9137101531108445,,,,,CHEMBL219_Ki
89709943,mondrian_std,cliffA,all,373,345,0.9249329758713136,0.8936468475122171,0.9475557128218689,2.9197383231263503,,,,,CHEMBL219_Ki
89709943,mondrian_std,cliffA,cliff,31,29,0.9354838709677419,0.7928136326370188,0.9821252164780854,2.962016600407,,,,,CHEMBL219_Ki
89709943,mondrian_std,cliffA,noncliff,342,316,0.9239766081871345,0.8909403017197722,0.9475942134563106,2.9159060816184557,,,,,CHEMBL219_Ki
89709943,mondrian_std,__bins__,__summary__,-1,-1,,,,2.9197383231263503,0.8676470588235294,0.1029411764705882,0.8648648648648649,0.1351351351351351,CHEMBL219_Ki
89709943,mondrian_iqr,cliffB_oracle,all,373,342,0.9168900804289544,0.8844471607222554,0.9408335845897345,2.8375974494881153,,,,,CHEMBL219_Ki
89709943,mondrian_iqr,cliffB_oracle,cliff,16,14,0.875,0.639771727342413,0.9650225122567595,2.8731475727708617,,,,,CHEMBL219_Ki
89709943,mondrian_iqr,cliffB_oracle,noncliff,357,328,0.9187675070028011,0.8857714405456646,0.942847313455594,2.8360041666519145,,,,,CHEMBL219_Ki
89709943,mondrian_iqr,cliffA,all,373,342,0.9168900804289544,0.8844471607222554,0.9408335845897345,2.8375974494881153,,,,,CHEMBL219_Ki
89709943,mondrian_iqr,cliffA,cliff,31,29,0.9354838709677419,0.7928136326370188,0.9821252164780854,2.8653086659428557,,,,,CHEMBL219_Ki
89709943,mondrian_iqr,cliffA,noncliff,342,313,0.9152046783625731,0.8808728415565095,0.9403126836504132,2.8350856140784755,,,,,CHEMBL219_Ki
89709943,mondrian_iqr,__bins__,__summary__,-1,-1,,,,2.8375974494881153,0.8676470588235294,0.1029411764705882,0.84,0.13333333333333341,CHEMBL219_Ki
89709943,mondrian_nb,cliffB_oracle,all,373,339,0.9088471849865952,0.8753218841502262,0.9340370461396676,2.6965366318522097,,,,,CHEMBL219_Ki
89709943,mondrian_nb,cliffB_oracle,cliff,16,12,0.75,0.5050168346449122,0.8981793250878696,2.2909149173087884,,,,,CHEMBL219_Ki
89709943,mondrian_nb,cliffB_oracle,noncliff,357,327,0.9159663865546218,0.8825718756684212,0.940504277971625,2.71471575631354,,,,,CHEMBL219_Ki
89709943,mondrian_nb,cliffA,all,373,339,0.9088471849865952,0.8753218841502262,0.9340370461396676,2.6965366318522097,,,,,CHEMBL219_Ki
89709943,mondrian_nb,cliffA,cliff,31,27,0.8709677419354839,0.7114759374369357,0.9486571562537085,2.218507343914359,,,,,CHEMBL219_Ki
89709943,mondrian_nb,cliffA,noncliff,342,312,0.9122807017543859,0.8775375362304916,0.9378649923200442,2.739866771986928,,,,,CHEMBL219_Ki
89709943,mondrian_nb,__bins__,__summary__,-1,-1,,,,2.6965366318522097,0.8415841584158416,0.15841584158415845,0.8513513513513513,0.10864864864864865,CHEMBL219_Ki
89709943,mondrian_nnsim,cliffB_oracle,all,373,347,0.9302949061662198,0.8998265200994789,0.9519905835826713,2.9301211535358207,,,,,CHEMBL219_Ki
89709943,mondrian_nnsim,cliffB_oracle,cliff,16,15,0.9375,0.7167126242970107,0.9888806552353576,3.065491797850461,,,,,CHEMBL219_Ki
89709943,mondrian_nnsim,cliffB_oracle,noncliff,357,332,0.9299719887955182,0.8986690649934629,0.9521200904526456,2.924054121857853,,,,,CHEMBL219_Ki
89709943,mondrian_nnsim,cliffA,all,373,347,0.9302949061662198,0.8998265200994789,0.9519905835826713,2.9301211535358207,,,,,CHEMBL219_Ki
89709943,mondrian_nnsim,cliffA,cliff,31,30,0.967741935483871,0.838058948352751,0.9942827784745831,3.011999972991962,,,,,CHEMBL219_Ki
89709943,mondrian_nnsim,cliffA,noncliff,342,317,0.9269005847953217,0.8943183471709909,0.9499991646614788,2.9226993891991526,,,,,CHEMBL219_Ki
89709943,mondrian_nnsim,__bins__,__summary__,-1,-1,,,,2.9301211535358207,0.8712871287128713,0.11400698893418759,0.84,0.16000000000000003,CHEMBL219_Ki
89709943,mondrian_pairgap,cliffB_oracle,all,373,343,0.9195710455764075,0.8875049760626287,0.9430830409233933,2.7760593387285732,,,,,CHEMBL219_Ki
89709943,mondrian_pairgap,cliffB_oracle,cliff,16,14,0.875,0.639771727342413,0.9650225122567595,2.6093703837555706,,,,,CHEMBL219_Ki
89709943,mondrian_pairgap,cliffB_oracle,noncliff,357,329,0.9215686274509803,0.8889804717863575,0.9451808825761133,2.783529992172741,,,,,CHEMBL219_Ki
89709943,mondrian_pairgap,cliffA,all,373,343,0.9195710455764075,0.8875049760626287,0.9430830409233933,2.7760593387285732,,,,,CHEMBL219_Ki
89709943,mondrian_pairgap,cliffA,cliff,31,29,0.9354838709677419,0.7928136326370188,0.9821252164780854,2.5530233515334784,,,,,CHEMBL219_Ki
89709943,mondrian_pairgap,cliffA,noncliff,342,314,0.9181286549707602,0.8842180841616996,0.9427504377016098,2.7962760510181868,,,,,CHEMBL219_Ki
89709943,mondrian_pairgap,__bins__,__summary__,-1,-1,,,,2.7760593387285732,0.8676470588235294,0.13235294117647056,0.8266666666666667,0.16000000000000003,CHEMBL219_Ki
89709943,mondrian_rfstd,cliffB_oracle,all,373,340,0.9115281501340483,0.8783559406938476,0.9363102612700783,2.687829781240935,,,,,CHEMBL219_Ki
89709943,mondrian_rfstd,cliffB_oracle,cliff,16,13,0.8125,0.5699111903802586,0.9340840092857187,2.762213423261855,,,,,CHEMBL219_Ki
89709943,mondrian_rfstd,cliffB_oracle,noncliff,357,327,0.9159663865546218,0.8825718756684212,0.940504277971625,2.684496060590138,,,,,CHEMBL219_Ki
89709943,mondrian_rfstd,cliffA,all,373,340,0.9115281501340483,0.8783559406938476,0.9363102612700783,2.687829781240935,,,,,CHEMBL219_Ki
89709943,mondrian_rfstd,cliffA,cliff,31,27,0.8709677419354839,0.7114759374369357,0.9486571562537085,2.5079568003652355,,,,,CHEMBL219_Ki
89709943,mondrian_rfstd,cliffA,noncliff,342,313,0.9152046783625731,0.8808728415565095,0.9403126836504132,2.704134057285224,,,,,CHEMBL219_Ki
89709943,mondrian_rfstd,__bins__,__summary__,-1,-1,,,,2.687829781240935,0.8676470588235294,0.08823529411764708,0.8648648648648649,0.06846846846846844,CHEMBL219_Ki
86921808,global,cliffB_oracle,all,373,350,0.938337801608579,0.9091757160302792,0.9585632026739673,2.81061116399168,,,,,CHEMBL219_Ki
86921808,global,cliffB_oracle,cliff,13,10,0.7692307692307693,0.49743624053272495,0.9182047128150143,2.8106111639916804,,,,,CHEMBL219_Ki
86921808,global,cliffB_oracle,noncliff,360,340,0.9444444444444444,0.9157521540323447,0.9637517953999276,2.8106111639916804,,,,,CHEMBL219_Ki
86921808,global,cliffA,all,373,350,0.938337801608579,0.9091757160302792,0.9585632026739673,2.81061116399168,,,,,CHEMBL219_Ki
86921808,global,cliffA,cliff,29,25,0.8620689655172413,0.6944100627964798,0.9450256003588804,2.8106111639916804,,,,,CHEMBL219_Ki
86921808,global,cliffA,noncliff,344,325,0.9447674418604651,0.915352328771173,0.9643587931791792,2.8106111639916804,,,,,CHEMBL219_Ki
86921808,global,__bins__,__summary__,-1,-1,,,,2.81061116399168,0.8709677419354839,0.12903225806451613,0.8533333333333334,0.1333333333333333,CHEMBL219_Ki
86921808,mondrian_pair,cliffB_oracle,all,373,352,0.9436997319034852,0.9154688956437408,0.96288456640857,2.866485645837606,,,,,CHEMBL219_Ki
86921808,mondrian_pair,cliffB_oracle,cliff,13,10,0.7692307692307693,0.49743624053272495,0.9182047128150143,2.988002915657774,,,,,CHEMBL219_Ki
86921808,mondrian_pair,cliffB_oracle,noncliff,360,342,0.95,0.9223560611898447,0.968141687610331,2.8620975222052114,,,,,CHEMBL219_Ki
86921808,mondrian_pair,cliffA,all,373,352,0.9436997319034852,0.9154688956437408,0.96288456640857,2.866485645837606,,,,,CHEMBL219_Ki
86921808,mondrian_pair,cliffA,cliff,29,26,0.896551724137931,0.736149189092262,0.9641851086493229,2.9969511799989674,,,,,CHEMBL219_Ki
86921808,mondrian_pair,cliffA,noncliff,344,326,0.9476744186046512,0.9188123648712869,0.9666485029741656,2.8554870978995845,,,,,CHEMBL219_Ki
86921808,mondrian_pair,__bins__,__summary__,-1,-1,,,,2.866485645837606,0.8924731182795699,0.10752688172043012,0.88,0.10666666666666669,CHEMBL219_Ki
86921808,mondrian_wstd,cliffB_oracle,all,373,358,0.9597855227882037,0.9347166447988671,0.9754804472976362,2.9716799080745515,,,,,CHEMBL219_Ki
86921808,mondrian_wstd,cliffB_oracle,cliff,13,12,0.9230769230769231,0.6668604907890041,0.9862895787574435,2.886046411156713,,,,,CHEMBL219_Ki
86921808,mondrian_wstd,cliffB_oracle,noncliff,360,346,0.9611111111111111,0.935789670280081,0.9766956772559017,2.9747722287965845,,,,,CHEMBL219_Ki
86921808,mondrian_wstd,cliffA,all,373,358,0.9597855227882037,0.9347166447988671,0.9754804472976362,2.9716799080745515,,,,,CHEMBL219_Ki
86921808,mondrian_wstd,cliffA,cliff,29,28,0.9655172413793104,0.8282447812067973,0.9938867857072374,2.86667349438893,,,,,CHEMBL219_Ki
86921808,mondrian_wstd,cliffA,noncliff,344,330,0.9593023255813954,0.9328549240697767,0.9756049273560773,2.980532192949212,,,,,CHEMBL219_Ki
86921808,mondrian_wstd,__bins__,__summary__,-1,-1,,,,2.9716799080745515,0.9285714285714286,0.0714285714285714,0.9324324324324325,0.06756756756756754,CHEMBL219_Ki
86921808,mondrian_std,cliffB_oracle,all,373,358,0.9597855227882037,0.9347166447988671,0.9754804472976362,3.1470066112563,,,,,CHEMBL219_Ki
86921808,mondrian_std,cliffB_oracle,cliff,13,12,0.9230769230769231,0.6668604907890041,0.9862895787574435,2.9219840063204896,,,,,CHEMBL219_Ki
86921808,mondrian_std,cliffB_oracle,noncliff,360,346,0.9611111111111111,0.935789670280081,0.9766956772559017,3.1551324275456483,,,,,CHEMBL219_Ki
86921808,mondrian_std,cliffA,all,373,358,0.9597855227882037,0.9347166447988671,0.9754804472976362,3.1470066112563,,,,,CHEMBL219_Ki
86921808,mondrian_std,cliffA,cliff,29,28,0.9655172413793104,0.8282447812067973,0.9938867857072374,2.919962037323586,,,,,CHEMBL219_Ki
86921808,mondrian_std,cliffA,noncliff,344,330,0.9593023255813954,0.9328549240697767,0.9756049273560773,3.1661469968494638,,,,,CHEMBL219_Ki
86921808,mondrian_std,__bins__,__summary__,-1,-1,,,,3.1470066112563,0.9285714285714286,0.0714285714285714,0.9324324324324325,0.06756756756756754,CHEMBL219_Ki
86921808,mondrian_iqr,cliffB_oracle,all,373,354,0.9490616621983914,0.9218176888954769,0.9671503165048981,2.968728287420753,,,,,CHEMBL219_Ki
86921808,mondrian_iqr,cliffB_oracle,cliff,13,12,0.9230769230769231,0.6668604907890041,0.9862895787574435,2.835063005587972,,,,,CHEMBL219_Ki
86921808,mondrian_iqr,cliffB_oracle,noncliff,360,342,0.95,0.9223560611898447,0.968141687610331,2.9735550892647136,,,,,CHEMBL219_Ki
86921808,mondrian_iqr,cliffA,all,373,354,0.9490616621983914,0.9218176888954769,0.9671503165048981,2.968728287420753,,,,,CHEMBL219_Ki
86921808,mondrian_iqr,cliffA,cliff,29,28,0.9655172413793104,0.8282447812067973,0.9938867857072374,2.7715673582012808,,,,,CHEMBL219_Ki
86921808,mondrian_iqr,cliffA,noncliff,344,326,0.9476744186046512,0.9188123648712869,0.9666485029741656,2.985349412267743,,,,,CHEMBL219_Ki
86921808,mondrian_iqr,__bins__,__summary__,-1,-1,,,,2.968728287420753,0.9142857142857143,0.07142857142857151,0.9054054054054054,0.08126126126126132,CHEMBL219_Ki
86921808,mondrian_nb,cliffB_oracle,all,373,349,0.935656836461126,0.9060479244471455,0.9563837225830689,2.9107595509405346,,,,,CHEMBL219_Ki
86921808,mondrian_nb,cliffB_oracle,cliff,13,9,0.6923076923076923,0.42369343180549035,0.8731929634428948,2.825089082141007,,,,,CHEMBL219_Ki
86921808,mondrian_nb,cliffB_oracle,noncliff,360,340,0.9444444444444444,0.9157521540323447,0.9637517953999276,2.913853206758296,,,,,CHEMBL219_Ki
86921808,mondrian_nb,cliffA,all,373,349,0.935656836461126,0.9060479244471455,0.9563837225830689,2.9107595509405346,,,,,CHEMBL219_Ki
86921808,mondrian_nb,cliffA,cliff,29,24,0.8275862068965517,0.6545156010980476,0.9240214274710877,2.7879457529226275,,,,,CHEMBL219_Ki
86921808,mondrian_nb,cliffA,noncliff,344,325,0.9447674418604651,0.915352328771173,0.9643587931791792,2.9211130397269285,,,,,CHEMBL219_Ki
86921808,mondrian_nb,__bins__,__summary__,-1,-1,,,,2.9107595509405346,0.8709677419354839,0.10046082949308754,0.8933333333333333,0.08000000000000007,CHEMBL219_Ki
86921808,mondrian_nnsim,cliffB_oracle,all,373,358,0.9597855227882037,0.9347166447988671,0.9754804472976362,3.114408404631817,,,,,CHEMBL219_Ki
86921808,mondrian_nnsim,cliffB_oracle,cliff,13,10,0.7692307692307693,0.49743624053272495,0.9182047128150143,3.0745028042893052,,,,,CHEMBL219_Ki
86921808,mondrian_nnsim,cliffB_oracle,noncliff,360,348,0.9666666666666667,0.9426482062183235,0.9808309406855626,3.115849440199741,,,,,CHEMBL219_Ki
86921808,mondrian_nnsim,cliffA,all,373,358,0.9597855227882037,0.9347166447988671,0.9754804472976362,3.114408404631817,,,,,CHEMBL219_Ki
86921808,mondrian_nnsim,cliffA,cliff,29,25,0.8620689655172413,0.6944100627964798,0.9450256003588804,3.0297103770091143,,,,,CHEMBL219_Ki
86921808,mondrian_nnsim,cliffA,noncliff,344,333,0.9680232558139535,0.9436564973827419,0.9820525917284129,3.1215486453325685,,,,,CHEMBL219_Ki
86921808,mondrian_nnsim,__bins__,__summary__,-1,-1,,,,3.114408404631817,0.8924731182795699,0.10752688172043012,0.9066666666666666,0.08000000000000007,CHEMBL219_Ki
86921808,mondrian_pairgap,cliffB_oracle,all,373,355,0.9517426273458445,0.9250153787776795,0.9692598982967277,3.053218852100578,,,,,CHEMBL219_Ki
86921808,mondrian_pairgap,cliffB_oracle,cliff,13,11,0.8461538461538461,0.5776536898051745,0.9567418216419186,3.10932030933657,,,,,CHEMBL219_Ki
86921808,mondrian_pairgap,cliffB_oracle,noncliff,360,344,0.9555555555555556,0.9290311350214198,0.9724604131466594,3.0511929661448343,,,,,CHEMBL219_Ki
86921808,mondrian_pairgap,cliffA,all,373,355,0.9517426273458445,0.9250153787776795,0.9692598982967277,3.053218852100578,,,,,CHEMBL219_Ki
86921808,mondrian_pairgap,cliffA,cliff,29,27,0.9310344827586207,0.7803541984972431,0.9808787338305667,3.1152254928361702,,,,,CHEMBL219_Ki
86921808,mondrian_pairgap,cliffA,noncliff,344,328,0.9534883720930233,0.9257898396144957,0.9711705200211576,3.0479915480850774,,,,,CHEMBL219_Ki
86921808,mondrian_pairgap,__bins__,__summary__,-1,-1,,,,3.053218852100578,0.9032258064516129,0.08248847926267289,0.8933333333333333,0.10666666666666669,CHEMBL219_Ki
86921808,mondrian_rfstd,cliffB_oracle,all,373,355,0.9517426273458445,0.9250153787776795,0.9692598982967277,2.9151983542323148,,,,,CHEMBL219_Ki
86921808,mondrian_rfstd,cliffB_oracle,cliff,13,9,0.6923076923076923,0.42369343180549035,0.8731929634428948,2.782062503297662,,,,,CHEMBL219_Ki
86921808,mondrian_rfstd,cliffB_oracle,noncliff,360,346,0.9611111111111111,0.935789670280081,0.9766956772559017,2.9200060377382884,,,,,CHEMBL219_Ki
86921808,mondrian_rfstd,cliffA,all,373,355,0.9517426273458445,0.9250153787776795,0.9692598982967277,2.9151983542323148,,,,,CHEMBL219_Ki
86921808,mondrian_rfstd,cliffA,cliff,29,25,0.8620689655172413,0.6944100627964798,0.9450256003588804,2.707655787153901,,,,,CHEMBL219_Ki
86921808,mondrian_rfstd,cliffA,noncliff,344,330,0.9593023255813954,0.9328549240697767,0.9756049273560773,2.932694675294158,,,,,CHEMBL219_Ki
86921808,mondrian_rfstd,__bins__,__summary__,-1,-1,,,,2.9151983542323148,0.9139784946236559,0.07173579109062989,0.9054054054054054,0.08126126126126132,CHEMBL219_Ki
71339737,global,cliffB_oracle,all,341,311,0.9120234604105572,0.8771865301223211,0.9376806872968885,2.9641500602748088,,,,,CHEMBL228_Ki
71339737,global,cliffB_oracle,cliff,11,6,0.5454545454545454,0.280091537409322,0.7872872837754024,2.964150060274809,,,,,CHEMBL228_Ki
71339737,global,cliffB_oracle,noncliff,330,305,0.9242424242424242,0.8905593352717406,0.9481621374569885,2.964150060274809,,,,,CHEMBL228_Ki
71339737,global,cliffA,all,341,311,0.9120234604105572,0.8771865301223211,0.9376806872968885,2.9641500602748088,,,,,CHEMBL228_Ki
71339737,global,cliffA,cliff,18,13,0.7222222222222222,0.4912734343970254,0.8750024662044601,2.964150060274809,,,,,CHEMBL228_Ki
71339737,global,cliffA,noncliff,323,298,0.9226006191950464,0.888240529355002,0.9470268231560157,2.9641500602748097,,,,,CHEMBL228_Ki
71339737,global,__bins__,__summary__,-1,-1,,,,2.9641500602748088,0.8247422680412371,0.1588642893358121,0.7536231884057971,0.23167092924126176,CHEMBL228_Ki
71339737,mondrian_pair,cliffB_oracle,all,341,311,0.9120234604105572,0.8771865301223211,0.9376806872968885,3.0073980533301867,,,,,CHEMBL228_Ki
71339737,mondrian_pair,cliffB_oracle,cliff,11,6,0.5454545454545454,0.280091537409322,0.7872872837754024,2.9900988561080353,,,,,CHEMBL228_Ki
71339737,mondrian_pair,cliffB_oracle,noncliff,330,305,0.9242424242424242,0.8905593352717406,0.9481621374569885,3.0079746932375917,,,,,CHEMBL228_Ki
71339737,mondrian_pair,cliffA,all,341,311,0.9120234604105572,0.8771865301223211,0.9376806872968885,3.0073980533301867,,,,,CHEMBL228_Ki
71339737,mondrian_pair,cliffA,cliff,18,13,0.7222222222222222,0.4912734343970254,0.8750024662044601,2.9905793893642065,,,,,CHEMBL228_Ki
71339737,mondrian_pair,cliffA,noncliff,323,298,0.9226006191950464,0.888240529355002,0.9470268231560157,3.008335316337579,,,,,CHEMBL228_Ki
71339737,mondrian_pair,__bins__,__summary__,-1,-1,,,,3.0073980533301867,0.8247422680412371,0.1588642893358121,0.7536231884057971,0.23167092924126176,CHEMBL228_Ki
71339737,mondrian_wstd,cliffB_oracle,all,341,302,0.8856304985337243,0.8474703266717621,0.915198990699242,2.669803071491756,,,,,CHEMBL228_Ki
71339737,mondrian_wstd,cliffB_oracle,cliff,11,7,0.6363636363636364,0.35380117450784887,0.8483352890463243,2.712419242994772,,,,,CHEMBL228_Ki
71339737,mondrian_wstd,cliffB_oracle,noncliff,330,295,0.8939393939393939,0.8560667620694893,0.9227460340357592,2.6683825324416555,,,,,CHEMBL228_Ki
71339737,mondrian_wstd,cliffA,all,341,302,0.8856304985337243,0.8474703266717621,0.915198990699242,2.669803071491756,,,,,CHEMBL228_Ki
71339737,mondrian_wstd,cliffA,cliff,18,13,0.7222222222222222,0.4912734343970254,0.8750024662044601,2.5707614323186156,,,,,CHEMBL228_Ki
71339737,mondrian_wstd,cliffA,noncliff,323,289,0.8947368421052632,0.8565045107240782,0.9236902690939054,2.6753224198048096,,,,,CHEMBL228_Ki
71339737,mondrian_wstd,__bins__,__summary__,-1,-1,,,,2.669803071491756,0.819672131147541,0.09836065573770492,0.7536231884057971,0.2022591645353794,CHEMBL228_Ki
71339737,mondrian_std,cliffB_oracle,all,341,304,0.8914956011730205,0.8540197109270605,0.9202491397879892,2.6540567626176528,,,,,CHEMBL228_Ki
71339737,mondrian_std,cliffB_oracle,cliff,11,7,0.6363636363636364,0.35380117450784887,0.8483352890463243,2.7341317150226856,,,,,CHEMBL228_Ki
71339737,mondrian_std,cliffB_oracle,noncliff,330,297,0.9,0.8628887994787781,0.9279057319511667,2.651387597537485,,,,,CHEMBL228_Ki
71339737,mondrian_std,cliffA,all,341,304,0.8914956011730205,0.8540197109270605,0.9202491397879892,2.6540567626176528,,,,,CHEMBL228_Ki
71339737,mondrian_std,cliffA,cliff,18,13,0.7222222222222222,0.4912734343970254,0.8750024662044601,2.5818736122922608,,,,,CHEMBL228_Ki
71339737,mondrian_std,cliffA,noncliff,323,291,0.9009287925696594,0.8634865025205458,0.9289466267847786,2.6580793530382634,,,,,CHEMBL228_Ki
71339737,mondrian_std,__bins__,__summary__,-1,-1,,,,2.6540567626176528,0.8524590163934426,0.06557377049180335,0.7536231884057971,0.18755328218243816,CHEMBL228_Ki
71339737,mondrian_iqr,cliffB_oracle,all,341,313,0.9178885630498533,0.8838860298142613,0.9425807209489939,2.843937076991381,,,,,CHEMBL228_Ki
71339737,mondrian_iqr,cliffB_oracle,cliff,11,6,0.5454545454545454,0.280091537409322,0.7872872837754024,2.888426182705656,,,,,CHEMBL228_Ki
71339737,mondrian_iqr,cliffB_oracle,noncliff,330,307,0.9303030303030303,0.8975917081463142,0.9531114999071112,2.842454106800906,,,,,CHEMBL228_Ki
71339737,mondrian_iqr,cliffA,all,341,313,0.9178885630498533,0.8838860298142613,0.9425807209489939,2.843937076991381,,,,,CHEMBL228_Ki
71339737,mondrian_iqr,cliffA,cliff,18,11,0.6111111111111112,0.3861904160223791,0.7969475342783638,2.698244322565875,,,,,CHEMBL228_Ki
71339737,mondrian_iqr,cliffA,noncliff,323,302,0.934984520123839,0.9026580328687708,0.9570860186169288,2.8520561778571993,,,,,CHEMBL228_Ki
71339737,mondrian_iqr,__bins__,__summary__,-1,-1,,,,2.843937076991381,0.8852459016393442,0.08196721311475408,0.855072463768116,0.10080988917306055,CHEMBL228_Ki
71339737,mondrian_nb,cliffB_oracle,all,341,314,0.9208211143695014,0.8872512062244581,0.94501531121082,2.821163934959977,,,,,CHEMBL228_Ki
71339737,mondrian_nb,cliffB_oracle,cliff,11,5,0.45454545454545453,0.21271271622459764,0.719908462590678,2.3987500884576822,,,,,CHEMBL228_Ki
71339737,mondrian_nb,cliffB_oracle,noncliff,330,309,0.9363636363636364,0.9046803759977421,0.9580045673803793,2.8352443965100536,,,,,CHEMBL228_Ki
71339737,mondrian_nb,cliffA,all,341,314,0.9208211143695014,0.8872512062244581,0.94501531121082,2.821163934959977,,,,,CHEMBL228_Ki
71339737,mondrian_nb,cliffA,cliff,18,12,0.6666666666666666,0.43749467295945105,0.837212252491663,2.556361857349248,,,,,CHEMBL228_Ki
71339737,mondrian_nb,cliffA,noncliff,323,302,0.934984520123839,0.9026580328687708,0.9570860186169288,2.8359207070868906,,,,,CHEMBL228_Ki
71339737,mondrian_nb,__bins__,__summary__,-1,-1,,,,2.821163934959977,0.8762886597938144,0.0909244549602839,0.8405797101449275,0.14471440750213138,CHEMBL228_Ki
71339737,mondrian_nnsim,cliffB_oracle,all,341,314,0.9208211143695014,0.8872512062244581,0.94501531121082,2.9335131816199955,,,,,CHEMBL228_Ki
71339737,mondrian_nnsim,cliffB_oracle,cliff,11,8,0.7272727272727273,0.43435469882387084,0.902539407099751,3.493917576979314,,,,,CHEMBL228_Ki
71339737,mondrian_nnsim,cliffB_oracle,noncliff,330,306,0.9272727272727272,0.8940688813457192,0.9506434590453581,2.9148330351080185,,,,,CHEMBL228_Ki
71339737,mondrian_nnsim,cliffA,all,341,314,0.9208211143695014,0.8872512062244581,0.94501531121082,2.9335131816199955,,,,,CHEMBL228_Ki
71339737,mondrian_nnsim,cliffA,cliff,18,15,0.8333333333333334,0.6077796189608428,0.9416342319413856,3.467477212656144,,,,,CHEMBL228_Ki
71339737,mondrian_nnsim,cliffA,noncliff,323,299,0.9256965944272446,0.8918236920841457,0.9495628351705424,2.903756672150489,,,,,CHEMBL228_Ki
71339737,mondrian_nnsim,__bins__,__summary__,-1,-1,,,,2.9335131816199955,0.8969072164948454,0.05391245563630209,0.7971014492753623,0.18819266837169657,CHEMBL228_Ki
71339737,mondrian_pairgap,cliffB_oracle,all,341,314,0.9208211143695014,0.8872512062244581,0.94501531121082,2.9867338061052116,,,,,CHEMBL228_Ki
71339737,mondrian_pairgap,cliffB_oracle,cliff,11,5,0.45454545454545453,0.21271271622459764,0.719908462590678,2.392592030732925,,,,,CHEMBL228_Ki
71339737,mondrian_pairgap,cliffB_oracle,noncliff,330,309,0.9363636363636364,0.9046803759977421,0.9580045673803793,3.0065385319509548,,,,,CHEMBL228_Ki
71339737,mondrian_pairgap,cliffA,all,341,314,0.9208211143695014,0.8872512062244581,0.94501531121082,2.9867338061052116,,,,,CHEMBL228_Ki
71339737,mondrian_pairgap,cliffA,cliff,18,12,0.6666666666666666,0.43749467295945105,0.837212252491663,2.435227204428622,,,,,CHEMBL228_Ki
71339737,mondrian_pairgap,cliffA,noncliff,323,302,0.934984520123839,0.9026580328687708,0.9570860186169288,3.017467920130533,,,,,CHEMBL228_Ki
71339737,mondrian_pairgap,__bins__,__summary__,-1,-1,,,,2.9867338061052116,0.8556701030927835,0.1279364542842657,0.8115942028985508,0.1736999147485081,CHEMBL228_Ki
71339737,mondrian_rfstd,cliffB_oracle,all,341,319,0.9354838709677419,0.9042534737831666,0.9570118770122259,3.066368708925917,,,,,CHEMBL228_Ki
71339737,mondrian_rfstd,cliffB_oracle,cliff,11,6,0.5454545454545454,0.280091537409322,0.7872872837754024,2.8963596102467104,,,,,CHEMBL228_Ki
71339737,mondrian_rfstd,cliffB_oracle,noncliff,330,313,0.9484848484848485,0.9190575294437168,0.9675908845837969,3.07203567888189,,,,,CHEMBL228_Ki
71339737,mondrian_rfstd,cliffA,all,341,319,0.9354838709677419,0.9042534737831666,0.9570118770122259,3.066368708925917,,,,,CHEMBL228_Ki
71339737,mondrian_rfstd,cliffA,cliff,18,12,0.6666666666666666,0.43749467295945105,0.837212252491663,2.7574730347217646,,,,,CHEMBL228_Ki
71339737,mondrian_rfstd,cliffA,noncliff,323,307,0.9504643962848297,0.9210577897482052,0.9692821354558466,3.0835827093459622,,,,,CHEMBL228_Ki
71339737,mondrian_rfstd,__bins__,__summary__,-1,-1,,,,3.066368708925917,0.8852459016393442,0.08196721311475408,0.8970588235294118,0.059462915601023014,CHEMBL228_Ki
99182118,global,cliffB_oracle,all,341,320,0.9384164222873901,0.907693987912317,0.9593711295550983,3.0822393814366538,,,,,CHEMBL228_Ki
99182118,global,cliffB_oracle,cliff,9,6,0.6666666666666666,0.3542021355803963,0.879416181613089,3.082239381436654,,,,,CHEMBL228_Ki
99182118,global,cliffB_oracle,noncliff,332,314,0.9457831325301205,0.9159348508023433,0.9654334026569014,3.0822393814366538,,,,,CHEMBL228_Ki
99182118,global,cliffA,all,341,320,0.9384164222873901,0.907693987912317,0.9593711295550983,3.0822393814366538,,,,,CHEMBL228_Ki
99182118,global,cliffA,cliff,18,15,0.8333333333333334,0.6077796189608428,0.9416342319413856,3.0822393814366538,,,,,CHEMBL228_Ki
99182118,global,cliffA,noncliff,323,305,0.9442724458204335,0.9136392416218903,0.9644623340948207,3.082239381436654,,,,,CHEMBL228_Ki
99182118,global,__bins__,__summary__,-1,-1,,,,3.0822393814366538,0.89,0.09333333333333327,0.8695652173913043,0.13043478260869568,CHEMBL228_Ki
99182118,mondrian_pair,cliffB_oracle,all,341,320,0.9384164222873901,0.907693987912317,0.9593711295550983,3.103373358611562,,,,,CHEMBL228_Ki
99182118,mondrian_pair,cliffB_oracle,cliff,9,6,0.6666666666666666,0.3542021355803963,0.879416181613089,3.092538325654795,,,,,CHEMBL228_Ki
99182118,mondrian_pair,cliffB_oracle,noncliff,332,314,0.9457831325301205,0.9159348508023433,0.9654334026569014,3.1036670793844867,,,,,CHEMBL228_Ki
99182118,mondrian_pair,cliffA,all,341,320,0.9384164222873901,0.907693987912317,0.9593711295550983,3.103373358611562,,,,,CHEMBL228_Ki
99182118,mondrian_pair,cliffA,cliff,18,15,0.8333333333333334,0.6077796189608428,0.9416342319413856,3.092538325654794,,,,,CHEMBL228_Ki
99182118,mondrian_pair,cliffA,noncliff,323,305,0.9442724458204335,0.9136392416218903,0.9644623340948207,3.1039771684976976,,,,,CHEMBL228_Ki
99182118,mondrian_pair,__bins__,__summary__,-1,-1,,,,3.103373358611562,0.89,0.09333333333333327,0.8695652173913043,0.13043478260869568,CHEMBL228_Ki
99182118,mondrian_wstd,cliffB_oracle,all,341,315,0.9237536656891495,0.8906273371204231,0.9474389469868779,2.86269022267799,,,,,CHEMBL228_Ki
99182118,mondrian_wstd,cliffB_oracle,cliff,9,5,0.5555555555555556,0.26665129349549305,0.8112214789023355,2.862229982389529,,,,,CHEMBL228_Ki
99182118,mondrian_wstd,cliffB_oracle,noncliff,332,310,0.9337349397590361,0.9017118253805949,0.955835664471643,2.862702699071352,,,,,CHEMBL228_Ki
99182118,mondrian_wstd,cliffA,all,341,315,0.9237536656891495,0.8906273371204231,0.9474389469868779,2.86269022267799,,,,,CHEMBL228_Ki
99182118,mondrian_wstd,cliffA,cliff,18,14,0.7777777777777778,0.5478541568378739,0.9099907189139831,2.7566707986555894,,,,,CHEMBL228_Ki
99182118,mondrian_wstd,cliffA,noncliff,323,301,0.9318885448916409,0.8990316118389317,0.9545932649030973,2.8685984258742847,,,,,CHEMBL228_Ki
99182118,mondrian_wstd,__bins__,__summary__,-1,-1,,,,2.86269022267799,0.9166666666666666,0.01666666666666672,0.8823529411764706,0.07352941176470595,CHEMBL228_Ki
99182118,mondrian_std,cliffB_oracle,all,341,315,0.9237536656891495,0.8906273371204231,0.9474389469868779,2.7969465330828926,,,,,CHEMBL228_Ki
99182118,mondrian_std,cliffB_oracle,cliff,9,5,0.5555555555555556,0.26665129349549305,0.8112214789023355,2.8519505187208147,,,,,CHEMBL228_Ki
99182118,mondrian_std,cliffB_oracle,noncliff,332,310,0.9337349397590361,0.9017118253805949,0.955835664471643,2.7954554611830695,,,,,CHEMBL228_Ki
99182118,mondrian_std,cliffA,all,341,315,0.9237536656891495,0.8906273371204231,0.9474389469868779,2.7969465330828926,,,,,CHEMBL228_Ki
99182118,mondrian_std,cliffA,cliff,18,14,0.7777777777777778,0.5478541568378739,0.9099907189139831,2.7109696132391305,,,,,CHEMBL228_Ki
99182118,mondrian_std,cliffA,noncliff,323,301,0.9318885448916409,0.8990316118389317,0.9545932649030973,2.801737816541678,,,,,CHEMBL228_Ki
99182118,mondrian_std,__bins__,__summary__,-1,-1,,,,2.7969465330828926,0.9166666666666666,0.023333333333333317,0.8823529411764706,0.08823529411764708,CHEMBL228_Ki
99182118,mondrian_iqr,cliffB_oracle,all,341,315,0.9237536656891495,0.8906273371204231,0.9474389469868779,2.916070475537464,,,,,CHEMBL228_Ki
99182118,mondrian_iqr,cliffB_oracle,cliff,9,7,0.7777777777777778,0.45258896910698887,0.9367748928821533,2.866384940156474,,,,,CHEMBL228_Ki
99182118,mondrian_iqr,cliffB_oracle,noncliff,332,308,0.927710843373494,0.894693354134591,0.9509437539141437,2.9174173725809247,,,,,CHEMBL228_Ki
99182118,mondrian_iqr,cliffA,all,341,315,0.9237536656891495,0.8906273371204231,0.9474389469868779,2.916070475537464,,,,,CHEMBL228_Ki
99182118,mondrian_iqr,cliffA,cliff,18,16,0.8888888888888888,0.672002348698212,0.9689804773543876,2.768615419078461,,,,,CHEMBL228_Ki
99182118,mondrian_iqr,cliffA,noncliff,323,299,0.9256965944272446,0.8918236920841457,0.9495628351705424,2.924287785185334,,,,,CHEMBL228_Ki
99182118,mondrian_iqr,__bins__,__summary__,-1,-1,,,,2.916070475537464,0.88,0.08666666666666667,0.8405797101449275,0.13000852514919015,CHEMBL228_Ki
99182118,mondrian_nb,cliffB_oracle,all,341,327,0.9589442815249267,0.9322745408555849,0.9753889433159905,3.265531413909397,,,,,CHEMBL228_Ki
99182118,mondrian_nb,cliffB_oracle,cliff,9,5,0.5555555555555556,0.26665129349549305,0.8112214789023355,2.9496627552693537,,,,,CHEMBL228_Ki
99182118,mondrian_nb,cliffB_oracle,noncliff,332,322,0.9698795180722891,0.9454513680808005,0.9835584125924572,3.2740941185110843,,,,,CHEMBL228_Ki
99182118,mondrian_nb,cliffA,all,341,327,0.9589442815249267,0.9322745408555849,0.9753889433159905,3.265531413909397,,,,,CHEMBL228_Ki
99182118,mondrian_nb,cliffA,cliff,18,14,0.7777777777777778,0.5478541568378739,0.9099907189139831,2.8177076085858337,,,,,CHEMBL228_Ki
99182118,mondrian_nb,cliffA,noncliff,323,313,0.9690402476780186,0.9439570104893337,0.9830979631767408,3.290487539283465,,,,,CHEMBL228_Ki
99182118,mondrian_nb,__bins__,__summary__,-1,-1,,,,3.265531413909397,0.94,0.043606557377049215,0.9264705882352942,0.07352941176470584,CHEMBL228_Ki
99182118,mondrian_nnsim,cliffB_oracle,all,341,323,0.9472140762463344,0.9181116089396716,0.9663528085438123,3.1762531262096196,,,,,CHEMBL228_Ki
99182118,mondrian_nnsim,cliffB_oracle,cliff,9,7,0.7777777777777778,0.45258896910698887,0.9367748928821533,3.2422386990799765,,,,,CHEMBL228_Ki
99182118,mondrian_nnsim,cliffB_oracle,noncliff,332,316,0.9518072289156626,0.9231577246762052,0.9701209105865426,3.174464360680002,,,,,CHEMBL228_Ki
99182118,mondrian_nnsim,cliffA,all,341,323,0.9472140762463344,0.9181116089396716,0.9663528085438123,3.1762531262096196,,,,,CHEMBL228_Ki
99182118,mondrian_nnsim,cliffA,cliff,18,16,0.8888888888888888,0.672002348698212,0.9689804773543876,3.210191162658659,,,,,CHEMBL228_Ki
99182118,mondrian_nnsim,cliffA,noncliff,323,307,0.9504643962848297,0.9210577897482052,0.9692821354558466,3.174361842444658,,,,,CHEMBL228_Ki
99182118,mondrian_nnsim,__bins__,__summary__,-1,-1,,,,3.1762531262096196,0.9180327868852459,0.06530054644808736,0.8840579710144928,0.1159420289855072,CHEMBL228_Ki
99182118,mondrian_pairgap,cliffB_oracle,all,341,320,0.9384164222873901,0.907693987912317,0.9593711295550983,3.1288582363671398,,,,,CHEMBL228_Ki
99182118,mondrian_pairgap,cliffB_oracle,cliff,9,5,0.5555555555555556,0.26665129349549305,0.8112214789023355,2.826454630378989,,,,,CHEMBL228_Ki
99182118,mondrian_pairgap,cliffB_oracle,noncliff,332,315,0.9487951807228916,0.9195358331886714,0.9677876111723249,3.137055924481276,,,,,CHEMBL228_Ki
99182118,mondrian_pairgap,cliffA,all,341,320,0.9384164222873901,0.907693987912317,0.9593711295550983,3.1288582363671398,,,,,CHEMBL228_Ki
99182118,mondrian_pairgap,cliffA,cliff,18,14,0.7777777777777778,0.5478541568378739,0.9099907189139831,2.8747768560781264,,,,,CHEMBL228_Ki
99182118,mondrian_pairgap,cliffA,noncliff,323,306,0.9473684210526315,0.9173377469326457,0.9668830035277355,3.1430175702532144,,,,,CHEMBL228_Ki
99182118,mondrian_pairgap,__bins__,__summary__,-1,-1,,,,3.1288582363671398,0.89,0.09333333333333327,0.8695652173913043,0.11572890025575455,CHEMBL228_Ki
99182118,mondrian_rfstd,cliffB_oracle,all,341,330,0.967741935483871,0.9431689098856552,0.9818938743019886,3.310026338455269,,,,,CHEMBL228_Ki
99182118,mondrian_rfstd,cliffB_oracle,cliff,9,4,0.4444444444444444,0.18877852109766452,0.733348706504507,2.852250650291092,,,,,CHEMBL228_Ki
99182118,mondrian_rfstd,cliffB_oracle,noncliff,332,326,0.9819277108433735,0.9611388984753543,0.9916916458049102,3.3224359203633336,,,,,CHEMBL228_Ki
99182118,mondrian_rfstd,cliffA,all,341,330,0.967741935483871,0.9431689098856552,0.9818938743019886,3.310026338455269,,,,,CHEMBL228_Ki
99182118,mondrian_rfstd,cliffA,cliff,18,13,0.7222222222222222,0.4912734343970254,0.8750024662044601,2.8917930171303348,,,,,CHEMBL228_Ki
99182118,mondrian_rfstd,cliffA,noncliff,323,317,0.9814241486068112,0.9600722692564959,0.9914594033842604,3.3333334585291037,,,,,CHEMBL228_Ki
99182118,mondrian_rfstd,__bins__,__summary__,-1,-1,,,,3.310026338455269,0.96,0.023333333333333317,0.9558823529411765,0.044117647058823484,CHEMBL228_Ki
89709943,global,cliffB_oracle,all,341,327,0.9589442815249267,0.9322745408555849,0.9753889433159905,3.0219359136592234,,,,,CHEMBL228_Ki
89709943,global,cliffB_oracle,cliff,3,3,1.0,0.4385029682449546,1.0,3.021935913659224,,,,,CHEMBL228_Ki
89709943,global,cliffB_oracle,noncliff,338,324,0.9585798816568047,0.9316840386849432,0.9751691003973004,3.021935913659224,,,,,CHEMBL228_Ki
89709943,global,cliffA,all,341,327,0.9589442815249267,0.9322745408555849,0.9753889433159905,3.0219359136592234,,,,,CHEMBL228_Ki
89709943,global,cliffA,cliff,9,9,1.0,0.7008549515804559,1.0,3.021935913659224,,,,,CHEMBL228_Ki
89709943,global,cliffA,noncliff,332,318,0.9578313253012049,0.9304716003635479,0.9747174167027034,3.0219359136592234,,,,,CHEMBL228_Ki
89709943,global,__bins__,__summary__,-1,-1,,,,3.0219359136592234,0.9139784946236559,0.08602150537634412,0.8985507246376812,0.10144927536231885,CHEMBL228_Ki
89709943,mondrian_pair,cliffB_oracle,all,341,326,0.9560117302052786,0.9286996810024972,0.9731640364970553,3.0313168077548145,,,,,CHEMBL228_Ki
89709943,mondrian_pair,cliffB_oracle,cliff,3,3,1.0,0.4385029682449546,1.0,2.9692981765050455,,,,,CHEMBL228_Ki
89709943,mondrian_pair,cliffB_oracle,noncliff,338,323,0.9556213017751479,0.9280782420758211,0.9729242315929887,3.031867268978925,,,,,CHEMBL228_Ki
89709943,mondrian_pair,cliffA,all,341,326,0.9560117302052786,0.9286996810024972,0.9731640364970553,3.0313168077548145,,,,,CHEMBL228_Ki
89709943,mondrian_pair,cliffA,cliff,9,9,1.0,0.7008549515804559,1.0,2.969298176505046,,,,,CHEMBL228_Ki
89709943,mondrian_pair,cliffA,noncliff,332,317,0.9548192771084337,0.9268022966462138,0.9724315295182856,3.032998035710381,,,,,CHEMBL228_Ki
89709943,mondrian_pair,__bins__,__summary__,-1,-1,,,,3.0313168077548145,0.9139784946236559,0.08602150537634412,0.8985507246376812,0.10144927536231885,CHEMBL228_Ki
89709943,mondrian_wstd,cliffB_oracle,all,341,322,0.9442815249266863,0.9146219577316582,0.9640426930798028,2.805214167443642,,,,,CHEMBL228_Ki
89709943,mondrian_wstd,cliffB_oracle,cliff,3,3,1.0,0.4385029682449546,1.0,2.828071238821026,,,,,CHEMBL228_Ki
89709943,mondrian_wstd,cliffB_oracle,noncliff,338,319,0.9437869822485208,0.913878876802773,0.9637209352123017,2.8050112940290495,,,,,CHEMBL228_Ki
89709943,mondrian_wstd,cliffA,all,341,322,0.9442815249266863,0.9146219577316582,0.9640426930798028,2.805214167443642,,,,,CHEMBL228_Ki
89709943,mondrian_wstd,cliffA,cliff,9,9,1.0,0.7008549515804559,1.0,2.7882262209626423,,,,,CHEMBL228_Ki
89709943,mondrian_wstd,cliffA,noncliff,332,313,0.9427710843373494,0.9123532351311414,0.9630598274263513,2.8056746840651146,,,,,CHEMBL228_Ki
89709943,mondrian_wstd,__bins__,__summary__,-1,-1,,,,2.805214167443642,0.9193548387096774,0.06451612903225812,0.8985507246376812,0.08674339300937772,CHEMBL228_Ki
89709943,mondrian_std,cliffB_oracle,all,341,322,0.9442815249266863,0.9146219577316582,0.9640426930798028,2.8278151964198086,,,,,CHEMBL228_Ki
89709943,mondrian_std,cliffB_oracle,cliff,3,3,1.0,0.4385029682449546,1.0,2.828071238821026,,,,,CHEMBL228_Ki
89709943,mondrian_std,cliffB_oracle,noncliff,338,319,0.9437869822485208,0.913878876802773,0.9637209352123017,2.827812923854117,,,,,CHEMBL228_Ki
89709943,mondrian_std,cliffA,all,341,322,0.9442815249266863,0.9146219577316582,0.9640426930798028,2.8278151964198086,,,,,CHEMBL228_Ki
89709943,mondrian_std,cliffA,cliff,9,9,1.0,0.7008549515804559,1.0,2.7882262209626423,,,,,CHEMBL228_Ki
89709943,mondrian_std,cliffA,noncliff,332,313,0.9427710843373494,0.9123532351311414,0.9630598274263513,2.8288883915376233,,,,,CHEMBL228_Ki
89709943,mondrian_std,__bins__,__summary__,-1,-1,,,,2.8278151964198086,0.9193548387096774,0.06451612903225812,0.8985507246376812,0.08674339300937772,CHEMBL228_Ki
89709943,mondrian_iqr,cliffB_oracle,all,341,322,0.9442815249266863,0.9146219577316582,0.9640426930798028,2.7534629742798464,,,,,CHEMBL228_Ki
89709943,mondrian_iqr,cliffB_oracle,cliff,3,3,1.0,0.4385029682449546,1.0,2.913861979066399,,,,,CHEMBL228_Ki
89709943,mondrian_iqr,cliffB_oracle,noncliff,338,319,0.9437869822485208,0.913878876802773,0.9637209352123017,2.752039314474049,,,,,CHEMBL228_Ki
89709943,mondrian_iqr,cliffA,all,341,322,0.9442815249266863,0.9146219577316582,0.9640426930798028,2.7534629742798464,,,,,CHEMBL228_Ki
89709943,mondrian_iqr,cliffA,cliff,9,9,1.0,0.7008549515804559,1.0,2.6803679640351636,,,,,CHEMBL228_Ki
89709943,mondrian_iqr,cliffA,noncliff,332,313,0.9427710843373494,0.9123532351311414,0.9630598274263513,2.7554444655214194,,,,,CHEMBL228_Ki
89709943,mondrian_iqr,__bins__,__summary__,-1,-1,,,,2.7534629742798464,0.9139784946236559,0.06989247311827962,0.8985507246376812,0.08674339300937772,CHEMBL228_Ki
89709943,mondrian_nb,cliffB_oracle,all,341,323,0.9472140762463344,0.9181116089396716,0.9663528085438123,2.826150527665396,,,,,CHEMBL228_Ki
89709943,mondrian_nb,cliffB_oracle,cliff,3,3,1.0,0.4385029682449546,1.0,2.5430366213273152,,,,,CHEMBL228_Ki
89709943,mondrian_nb,cliffB_oracle,noncliff,338,320,0.9467455621301775,0.9173986540156331,0.9660518234128752,2.8286633729879234,,,,,CHEMBL228_Ki
89709943,mondrian_nb,cliffA,all,341,323,0.9472140762463344,0.9181116089396716,0.9663528085438123,2.826150527665396,,,,,CHEMBL228_Ki
89709943,mondrian_nb,cliffA,cliff,9,8,0.8888888888888888,0.5650002944233439,0.9801091123614551,2.548907076900223,,,,,CHEMBL228_Ki
89709943,mondrian_nb,cliffA,noncliff,332,315,0.9487951807228916,0.9195358331886714,0.9677876111723249,2.833666163378909,,,,,CHEMBL228_Ki
89709943,mondrian_nb,__bins__,__summary__,-1,-1,,,,2.826150527665396,0.9139784946236559,0.06989247311827962,0.8985507246376812,0.08674339300937772,CHEMBL228_Ki
89709943,mondrian_nnsim,cliffB_oracle,all,341,315,0.9237536656891495,0.8906273371204231,0.9474389469868779,2.7782401700994206,,,,,CHEMBL228_Ki
89709943,mondrian_nnsim,cliffB_oracle,cliff,3,3,1.0,0.4385029682449546,1.0,3.1698286982143244,,,,,CHEMBL228_Ki
89709943,mondrian_nnsim,cliffB_oracle,noncliff,338,312,0.9230769230769231,0.8896775774165836,0.9469675767044542,2.7747645322759156,,,,,CHEMBL228_Ki
89709943,mondrian_nnsim,cliffA,all,341,315,0.9237536656891495,0.8906273371204231,0.9474389469868779,2.7782401700994206,,,,,CHEMBL228_Ki
89709943,mondrian_nnsim,cliffA,cliff,9,8,0.8888888888888888,0.5650002944233439,0.9801091123614551,2.9581634310183516,,,,,CHEMBL228_Ki
89709943,mondrian_nnsim,cliffA,noncliff,332,307,0.9246987951807228,0.8912042897809627,0.9484776273660203,2.7733627323034256,,,,,CHEMBL228_Ki
89709943,mondrian_nnsim,__bins__,__summary__,-1,-1,,,,2.7782401700994206,0.8709677419354839,0.09677419354838712,0.8260869565217391,0.1445012787723785,CHEMBL228_Ki
89709943,mondrian_pairgap,cliffB_oracle,all,341,324,0.9501466275659824,0.9216200753128585,0.9686441088426483,2.9973572451767443,,,,,CHEMBL228_Ki
89709943,mondrian_pairgap,cliffB_oracle,cliff,3,3,1.0,0.4385029682449546,1.0,2.7087261355103927,,,,,CHEMBL228_Ki
89709943,mondrian_pairgap,cliffB_oracle,noncliff,338,321,0.9497041420118343,0.9209374267227847,0.9683637161191575,2.999919059759582,,,,,CHEMBL228_Ki
89709943,mondrian_pairgap,cliffA,all,341,324,0.9501466275659824,0.9216200753128585,0.9686441088426483,2.9973572451767443,,,,,CHEMBL228_Ki
89709943,mondrian_pairgap,cliffA,cliff,9,8,0.8888888888888888,0.5650002944233439,0.9801091123614551,2.708726135510392,,,,,CHEMBL228_Ki
89709943,mondrian_pairgap,cliffA,noncliff,332,316,0.9518072289156626,0.9231577246762052,0.9701209105865426,3.0051815824869763,,,,,CHEMBL228_Ki
89709943,mondrian_pairgap,__bins__,__summary__,-1,-1,,,,2.9973572451767443,0.9139784946236559,0.08602150537634412,0.8985507246376812,0.08674339300937772,CHEMBL228_Ki
89709943,mondrian_rfstd,cliffB_oracle,all,341,324,0.9501466275659824,0.9216200753128585,0.9686441088426483,2.7936064239100222,,,,,CHEMBL228_Ki
89709943,mondrian_rfstd,cliffB_oracle,cliff,3,3,1.0,0.4385029682449546,1.0,2.9934654802901677,,,,,CHEMBL228_Ki
89709943,mondrian_rfstd,cliffB_oracle,noncliff,338,321,0.9497041420118343,0.9209374267227847,0.9683637161191575,2.7918325269599027,,,,,CHEMBL228_Ki
89709943,mondrian_rfstd,cliffA,all,341,324,0.9501466275659824,0.9216200753128585,0.9686441088426483,2.7936064239100222,,,,,CHEMBL228_Ki
89709943,mondrian_rfstd,cliffA,cliff,9,8,0.8888888888888888,0.5650002944233439,0.9801091123614551,2.5508726486398126,,,,,CHEMBL228_Ki
89709943,mondrian_rfstd,cliffA,noncliff,332,316,0.9518072289156626,0.9231577246762052,0.9701209105865426,2.8001865563721666,,,,,CHEMBL228_Ki
89709943,mondrian_rfstd,__bins__,__summary__,-1,-1,,,,2.7936064239100222,0.9247311827956989,0.05913978494623662,0.9264705882352942,0.044543904518329014,CHEMBL228_Ki
86921808,global,cliffB_oracle,all,341,310,0.9090909090909091,0.873851302088451,0.9352161486587359,2.776473241145561,,,,,CHEMBL228_Ki
86921808,global,cliffB_oracle,cliff,8,7,0.875,0.5291118177871464,0.9775825085499433,2.7764732411455615,,,,,CHEMBL228_Ki
86921808,global,cliffB_oracle,noncliff,333,303,0.9099099099099099,0.8743043874752496,0.9361659179194379,2.776473241145561,,,,,CHEMBL228_Ki
86921808,global,cliffA,all,341,310,0.9090909090909091,0.873851302088451,0.9352161486587359,2.776473241145561,,,,,CHEMBL228_Ki
86921808,global,cliffA,cliff,13,11,0.8461538461538461,0.5776536898051745,0.9567418216419186,2.7764732411455615,,,,,CHEMBL228_Ki
86921808,global,cliffA,noncliff,328,299,0.9115853658536586,0.8759061701184779,0.9377353831688428,2.7764732411455615,,,,,CHEMBL228_Ki
86921808,global,__bins__,__summary__,-1,-1,,,,2.776473241145561,0.7931034482758621,0.1600215517241379,0.8235294117647058,0.16176470588235303,CHEMBL228_Ki
86921808,mondrian_pair,cliffB_oracle,all,341,311,0.9120234604105572,0.8771865301223211,0.9376806872968885,2.83386764163303,,,,,CHEMBL228_Ki
86921808,mondrian_pair,cliffB_oracle,cliff,8,7,0.875,0.5291118177871464,0.9775825085499433,3.0482994990098238,,,,,CHEMBL228_Ki
86921808,mondrian_pair,cliffB_oracle,noncliff,333,304,0.9129129129129129,0.8777267999176911,0.9386810168718293,2.8287161255398936,,,,,CHEMBL228_Ki
86921808,mondrian_pair,cliffA,all,341,311,0.9120234604105572,0.8771865301223211,0.9376806872968885,2.83386764163303,,,,,CHEMBL228_Ki
86921808,mondrian_pair,cliffA,cliff,13,11,0.8461538461538461,0.5776536898051745,0.9567418216419186,3.010662017151695,,,,,CHEMBL228_Ki
86921808,mondrian_pair,cliffA,noncliff,328,300,0.9146341463414634,0.8793893877358349,0.9402791400202807,2.8268605474813757,,,,,CHEMBL228_Ki
86921808,mondrian_pair,__bins__,__summary__,-1,-1,,,,2.83386764163303,0.8045977011494253,0.1485272988505747,0.8260869565217391,0.15920716112531974,CHEMBL228_Ki
86921808,mondrian_wstd,cliffB_oracle,all,341,322,0.9442815249266863,0.9146219577316582,0.9640426930798028,2.996168388673493,,,,,CHEMBL228_Ki
86921808,mondrian_wstd,cliffB_oracle,cliff,8,7,0.875,0.5291118177871464,0.9775825085499433,2.8377580385974603,,,,,CHEMBL228_Ki
86921808,mondrian_wstd,cliffB_oracle,noncliff,333,315,0.9459459459459459,0.916182409263502,0.96553803286918,2.9999740427293737,,,,,CHEMBL228_Ki
86921808,mondrian_wstd,cliffA,all,341,322,0.9442815249266863,0.9146219577316582,0.9640426930798028,2.996168388673493,,,,,CHEMBL228_Ki
86921808,mondrian_wstd,cliffA,cliff,13,11,0.8461538461538461,0.5776536898051745,0.9567418216419186,2.797925451683049,,,,,CHEMBL228_Ki
86921808,mondrian_wstd,cliffA,noncliff,328,311,0.948170731707317,0.9185735068060373,0.9673917401068227,3.0040255782493333,,,,,CHEMBL228_Ki
86921808,mondrian_wstd,__bins__,__summary__,-1,-1,,,,2.996168388673493,0.9080459770114943,0.09195402298850575,0.8823529411764706,0.10294117647058831,CHEMBL228_Ki
86921808,mondrian_std,cliffB_oracle,all,341,322,0.9442815249266863,0.9146219577316582,0.9640426930798028,3.045267917067102,,,,,CHEMBL228_Ki
86921808,mondrian_std,cliffB_oracle,cliff,8,7,0.875,0.5291118177871464,0.9775825085499433,2.864508760224178,,,,,CHEMBL228_Ki
86921808,mondrian_std,cliffB_oracle,noncliff,333,315,0.9459459459459459,0.916182409263502,0.96553803286918,3.0496104793936594,,,,,CHEMBL228_Ki
86921808,mondrian_std,cliffA,all,341,322,0.9442815249266863,0.9146219577316582,0.9640426930798028,3.045267917067102,,,,,CHEMBL228_Ki
86921808,mondrian_std,cliffA,cliff,13,11,0.8461538461538461,0.5776536898051745,0.9567418216419186,2.8126393461948185,,,,,CHEMBL228_Ki
86921808,mondrian_std,cliffA,noncliff,328,311,0.948170731707317,0.9185735068060373,0.9673917401068227,3.05448795188826,,,,,CHEMBL228_Ki
86921808,mondrian_std,__bins__,__summary__,-1,-1,,,,3.045267917067102,0.896551724137931,0.10344827586206895,0.8823529411764706,0.11764705882352944,CHEMBL228_Ki
86921808,mondrian_iqr,cliffB_oracle,all,341,322,0.9442815249266863,0.9146219577316582,0.9640426930798028,2.9976651690345917,,,,,CHEMBL228_Ki
86921808,mondrian_iqr,cliffB_oracle,cliff,8,7,0.875,0.5291118177871464,0.9775825085499433,2.4098497503484895,,,,,CHEMBL228_Ki
86921808,mondrian_iqr,cliffB_oracle,noncliff,333,315,0.9459459459459459,0.916182409263502,0.96553803286918,3.0117868607747984,,,,,CHEMBL228_Ki
86921808,mondrian_iqr,cliffA,all,341,322,0.9442815249266863,0.9146219577316582,0.9640426930798028,2.9976651690345917,,,,,CHEMBL228_Ki
86921808,mondrian_iqr,cliffA,cliff,13,11,0.8461538461538461,0.5776536898051745,0.9567418216419186,2.6378062712579644,,,,,CHEMBL228_Ki
86921808,mondrian_iqr,cliffA,noncliff,328,311,0.948170731707317,0.9185735068060373,0.9673917401068227,3.0119278692513487,,,,,CHEMBL228_Ki
86921808,mondrian_iqr,__bins__,__summary__,-1,-1,,,,2.9976651690345917,0.8850574712643678,0.09931752873563215,0.8529411764705882,0.1470588235294118,CHEMBL228_Ki
86921808,mondrian_nb,cliffB_oracle,all,341,318,0.9325513196480938,0.9008273400702156,0.954638244053154,3.0589817170132454,,,,,CHEMBL228_Ki
86921808,mondrian_nb,cliffB_oracle,cliff,8,7,0.875,0.5291118177871464,0.9775825085499433,2.3156188283222985,,,,,CHEMBL228_Ki
86921808,mondrian_nb,cliffB_oracle,noncliff,333,311,0.933933933933934,0.9020008724015753,0.9559695241517754,3.0768402849097245,,,,,CHEMBL228_Ki
86921808,mondrian_nb,cliffA,all,341,318,0.9325513196480938,0.9008273400702156,0.954638244053154,3.0589817170132454,,,,,CHEMBL228_Ki
86921808,mondrian_nb,cliffA,cliff,13,11,0.8461538461538461,0.5776536898051745,0.9567418216419186,2.374562261642419,,,,,CHEMBL228_Ki
86921808,mondrian_nb,cliffA,noncliff,328,307,0.9359756097560976,0.9041111864330298,0.9577461626046506,3.0861080978663575,,,,,CHEMBL228_Ki
86921808,mondrian_nb,__bins__,__summary__,-1,-1,,,,3.0589817170132454,0.8620689655172413,0.12230603448275867,0.8840579710144928,0.10123614663256608,CHEMBL228_Ki
86921808,mondrian_nnsim,cliffB_oracle,all,341,319,0.9354838709677419,0.9042534737831666,0.9570118770122259,3.13603779286908,,,,,CHEMBL228_Ki
86921808,mondrian_nnsim,cliffB_oracle,cliff,8,7,0.875,0.5291118177871464,0.9775825085499433,3.3267347957967655,,,,,CHEMBL228_Ki
86921808,mondrian_nnsim,cliffB_oracle,noncliff,333,312,0.9369369369369369,0.9055216064299361,0.9583863015182472,3.131456483489436,,,,,CHEMBL228_Ki
86921808,mondrian_nnsim,cliffA,all,341,319,0.9354838709677419,0.9042534737831666,0.9570118770122259,3.13603779286908,,,,,CHEMBL228_Ki
86921808,mondrian_nnsim,cliffA,cliff,13,11,0.8461538461538461,0.5776536898051745,0.9567418216419186,3.286131356460568,,,,,CHEMBL228_Ki
86921808,mondrian_nnsim,cliffA,noncliff,328,308,0.9390243902439024,0.9076999522112923,0.960184371295183,3.1300889626047828,,,,,CHEMBL228_Ki
86921808,mondrian_nnsim,__bins__,__summary__,-1,-1,,,,3.13603779286908,0.8390804597701149,0.14529454022988508,0.8382352941176471,0.16176470588235292,CHEMBL228_Ki
86921808,mondrian_pairgap,cliffB_oracle,all,341,314,0.9208211143695014,0.8872512062244581,0.94501531121082,2.841594613545419,,,,,CHEMBL228_Ki
86921808,mondrian_pairgap,cliffB_oracle,cliff,8,7,0.875,0.5291118177871464,0.9775825085499433,2.6039047647287434,,,,,CHEMBL228_Ki
86921808,mondrian_pairgap,cliffB_oracle,noncliff,333,307,0.9219219219219219,0.8880574683805064,0.9461628825935126,2.8473048801836573,,,,,CHEMBL228_Ki
86921808,mondrian_pairgap,cliffA,all,341,314,0.9208211143695014,0.8872512062244581,0.94501531121082,2.841594613545419,,,,,CHEMBL228_Ki
86921808,mondrian_pairgap,cliffA,cliff,13,11,0.8461538461538461,0.5776536898051745,0.9567418216419186,2.5603048516321936,,,,,CHEMBL228_Ki
86921808,mondrian_pairgap,cliffA,noncliff,328,303,0.9237804878048781,0.8899066919196885,0.947842759242812,2.852743293133443,,,,,CHEMBL228_Ki
86921808,mondrian_pairgap,__bins__,__summary__,-1,-1,,,,2.841594613545419,0.8045977011494253,0.1641522988505747,0.8235294117647058,0.17647058823529416,CHEMBL228_Ki
86921808,mondrian_rfstd,cliffB_oracle,all,341,323,0.9472140762463344,0.9181116089396716,0.9663528085438123,3.227984282876738,,,,,CHEMBL228_Ki
86921808,mondrian_rfstd,cliffB_oracle,cliff,8,7,0.875,0.5291118177871464,0.9775825085499433,3.5050669207147287,,,,,CHEMBL228_Ki
86921808,mondrian_rfstd,cliffB_oracle,noncliff,333,316,0.948948948948949,0.9197728720485482,0.9678850814789669,3.2213276429286783,,,,,CHEMBL228_Ki
86921808,mondrian_rfstd,cliffA,all,341,323,0.9472140762463344,0.9181116089396716,0.9663528085438123,3.227984282876738,,,,,CHEMBL228_Ki
86921808,mondrian_rfstd,cliffA,cliff,13,12,0.9230769230769231,0.6668604907890041,0.9862895787574435,3.532262693555698,,,,,CHEMBL228_Ki
86921808,mondrian_rfstd,cliffA,noncliff,328,311,0.948170731707317,0.9185735068060373,0.9673917401068227,3.2159244678193404,,,,,CHEMBL228_Ki
86921808,mondrian_rfstd,__bins__,__summary__,-1,-1,,,,3.227984282876738,0.8735632183908046,0.11056376573617943,0.8676470588235294,0.1178601875532822,CHEMBL228_Ki
71339737,global,cliffB_oracle,all,191,186,0.9738219895287958,0.9401927787364796,0.9887676237134327,3.5724719540152656,,,,,CHEMBL237_EC50
71339737,global,cliffB_oracle,cliff,9,9,1.0,0.7008549515804559,1.0,3.572471954015265,,,,,CHEMBL237_EC50
71339737,global,cliffB_oracle,noncliff,182,177,0.9725274725274725,0.9373105524688004,0.988209517656947,3.5724719540152656,,,,,CHEMBL237_EC50
71339737,global,cliffA,all,191,186,0.9738219895287958,0.9401927787364796,0.9887676237134327,3.5724719540152656,,,,,CHEMBL237_EC50
71339737,global,cliffA,cliff,21,20,0.9523809523809523,0.7733063992587743,0.9915440121901737,3.5724719540152656,,,,,CHEMBL237_EC50
71339737,global,cliffA,noncliff,170,166,0.9764705882352941,0.9410708694326396,0.9908127048250533,3.5724719540152643,,,,,CHEMBL237_EC50
71339737,global,__bins__,__summary__,-1,-1,,,,3.5724719540152656,0.9444444444444444,0.05555555555555558,0.9473684210526315,0.052631578947368474,CHEMBL237_EC50
71339737,mondrian_pair,cliffB_oracle,all,191,181,0.9476439790575916,0.906320771235887,0.971315852073146,3.3827452922877126,,,,,CHEMBL237_EC50
71339737,mondrian_pair,cliffB_oracle,cliff,9,9,1.0,0.7008549515804559,1.0,3.677244835662841,,,,,CHEMBL237_EC50
71339737,mondrian_pair,cliffB_oracle,noncliff,182,172,0.945054945054945,0.9018263245828161,0.9698844391402716,3.368182128054876,,,,,CHEMBL237_EC50
71339737,mondrian_pair,cliffA,all,191,181,0.9476439790575916,0.906320771235887,0.971315852073146,3.3827452922877126,,,,,CHEMBL237_EC50
71339737,mondrian_pair,cliffA,cliff,21,20,0.9523809523809523,0.7733063992587743,0.9915440121901737,3.6239581619373293,,,,,CHEMBL237_EC50
71339737,mondrian_pair,cliffA,noncliff,170,161,0.9470588235294117,0.9024592796601995,0.971900617174179,3.3529484083898184,,,,,CHEMBL237_EC50
71339737,mondrian_pair,__bins__,__summary__,-1,-1,,,,3.3827452922877126,0.9183673469387755,0.08163265306122447,0.8717948717948718,0.1282051282051282,CHEMBL237_EC50
71339737,mondrian_wstd,cliffB_oracle,all,191,185,0.9685863874345549,0.9331707287133241,0.9855249179084121,3.698305369647355,,,,,CHEMBL237_EC50
71339737,mondrian_wstd,cliffB_oracle,cliff,9,9,1.0,0.7008549515804559,1.0,3.647134392318671,,,,,CHEMBL237_EC50
71339737,mondrian_wstd,cliffB_oracle,noncliff,182,176,0.967032967032967,0.9299531890695482,0.9848050197756671,3.70083580259218,,,,,CHEMBL237_EC50
71339737,mondrian_wstd,cliffA,all,191,185,0.9685863874345549,0.9331707287133241,0.9855249179084121,3.698305369647355,,,,,CHEMBL237_EC50
71339737,mondrian_wstd,cliffA,cliff,21,21,1.0,0.8453609810751531,1.0,3.7788346541402467,,,,,CHEMBL237_EC50
71339737,mondrian_wstd,cliffA,noncliff,170,164,0.9647058823529412,0.9251482517405885,0.9837258515477787,3.6883576345041145,,,,,CHEMBL237_EC50
71339737,mondrian_wstd,__bins__,__summary__,-1,-1,,,,3.698305369647355,0.9142857142857143,0.08571428571428574,0.9473684210526315,0.052631578947368474,CHEMBL237_EC50
71339737,mondrian_std,cliffB_oracle,all,191,186,0.9738219895287958,0.9401927787364796,0.9887676237134327,3.7535954957022617,,,,,CHEMBL237_EC50
71339737,mondrian_std,cliffB_oracle,cliff,9,9,1.0,0.7008549515804559,1.0,3.7932234784170777,,,,,CHEMBL237_EC50
71339737,mondrian_std,cliffB_oracle,noncliff,182,177,0.9725274725274725,0.9373105524688004,0.988209517656947,3.751635870183397,,,,,CHEMBL237_EC50
71339737,mondrian_std,cliffA,all,191,186,0.9738219895287958,0.9401927787364796,0.9887676237134327,3.7535954957022617,,,,,CHEMBL237_EC50
71339737,mondrian_std,cliffA,cliff,21,21,1.0,0.8453609810751531,1.0,3.841444262468135,,,,,CHEMBL237_EC50
71339737,mondrian_std,cliffA,noncliff,170,165,0.9705882352941176,0.9330058600888995,0.9873729786841305,3.7427435892194194,,,,,CHEMBL237_EC50
71339737,mondrian_std,__bins__,__summary__,-1,-1,,,,3.7535954957022617,0.9428571428571428,0.05714285714285716,0.9473684210526315,0.052631578947368474,CHEMBL237_EC50
71339737,mondrian_iqr,cliffB_oracle,all,191,184,0.9633507853403142,0.9262951642198484,0.9821357265737122,3.4887289108084305,,,,,CHEMBL237_EC50
71339737,mondrian_iqr,cliffB_oracle,cliff,9,8,0.8888888888888888,0.5650002944233439,0.9801091123614551,3.4862041732707483,,,,,CHEMBL237_EC50
71339737,mondrian_iqr,cliffB_oracle,noncliff,182,176,0.967032967032967,0.9299531890695482,0.9848050197756671,3.488853760466888,,,,,CHEMBL237_EC50
71339737,mondrian_iqr,cliffA,all,191,184,0.9633507853403142,0.9262951642198484,0.9821357265737122,3.4887289108084305,,,,,CHEMBL237_EC50
71339737,mondrian_iqr,cliffA,cliff,21,19,0.9047619047619048,0.7108586092608176,0.9734812325619255,3.4777201838020164,,,,,CHEMBL237_EC50
71339737,mondrian_iqr,cliffA,noncliff,170,165,0.9705882352941176,0.9330058600888995,0.9873729786841305,3.4900888123798106,,,,,CHEMBL237_EC50
71339737,mondrian_iqr,__bins__,__summary__,-1,-1,,,,3.4887289108084305,0.9166666666666666,0.08333333333333337,0.9473684210526315,0.052631578947368474,CHEMBL237_EC50
71339737,mondrian_nb,cliffB_oracle,all,191,187,0.9790575916230366,0.9473986661633002,0.9918264921147878,3.6458317451209847,,,,,CHEMBL237_EC50
71339737,mondrian_nb,cliffB_oracle,cliff,9,9,1.0,0.7008549515804559,1.0,3.4726742751674404,,,,,CHEMBL237_EC50
71339737,mondrian_nb,cliffB_oracle,noncliff,182,178,0.978021978021978,0.9448611628939958,0.9914207685122833,3.6543944771516546,,,,,CHEMBL237_EC50
71339737,mondrian_nb,cliffA,all,191,187,0.9790575916230366,0.9473986661633002,0.9918264921147878,3.6458317451209847,,,,,CHEMBL237_EC50
71339737,mondrian_nb,cliffA,cliff,21,21,1.0,0.8453609810751531,1.0,3.458254392850112,,,,,CHEMBL237_EC50
71339737,mondrian_nb,cliffA,noncliff,170,166,0.9764705882352941,0.9410708694326396,0.9908127048250533,3.6690030651073866,,,,,CHEMBL237_EC50
71339737,mondrian_nb,__bins__,__summary__,-1,-1,,,,3.6458317451209847,0.9444444444444444,0.05555555555555558,0.9473684210526315,0.052631578947368474,CHEMBL237_EC50
71339737,mondrian_nnsim,cliffB_oracle,all,191,186,0.9738219895287958,0.9401927787364796,0.9887676237134327,3.6641059972720464,,,,,CHEMBL237_EC50
71339737,mondrian_nnsim,cliffB_oracle,cliff,9,9,1.0,0.7008549515804559,1.0,3.637315422045527,,,,,CHEMBL237_EC50
71339737,mondrian_nnsim,cliffB_oracle,noncliff,182,177,0.9725274725274725,0.9373105524688004,0.988209517656947,3.6654308059370937,,,,,CHEMBL237_EC50
71339737,mondrian_nnsim,cliffA,all,191,186,0.9738219895287958,0.9401927787364796,0.9887676237134327,3.6641059972720464,,,,,CHEMBL237_EC50
71339737,mondrian_nnsim,cliffA,cliff,21,21,1.0,0.8453609810751531,1.0,3.7224389046759927,,,,,CHEMBL237_EC50
71339737,mondrian_nnsim,cliffA,noncliff,170,165,0.9705882352941176,0.9330058600888995,0.9873729786841305,3.656900167533913,,,,,CHEMBL237_EC50
71339737,mondrian_nnsim,__bins__,__summary__,-1,-1,,,,3.6641059972720464,0.9444444444444444,0.05555555555555558,0.9487179487179487,0.05128205128205132,CHEMBL237_EC50
71339737,mondrian_pairgap,cliffB_oracle,all,191,186,0.9738219895287958,0.9401927787364796,0.9887676237134327,3.592218361425844,,,,,CHEMBL237_EC50
71339737,mondrian_pairgap,cliffB_oracle,cliff,9,9,1.0,0.7008549515804559,1.0,3.6038333533145552,,,,,CHEMBL237_EC50
71339737,mondrian_pairgap,cliffB_oracle,noncliff,182,177,0.9725274725274725,0.9373105524688004,0.988209517656947,3.5916439936950835,,,,,CHEMBL237_EC50
71339737,mondrian_pairgap,cliffA,all,191,186,0.9738219895287958,0.9401927787364796,0.9887676237134327,3.592218361425844,,,,,CHEMBL237_EC50
71339737,mondrian_pairgap,cliffA,cliff,21,20,0.9523809523809523,0.7733063992587743,0.9915440121901737,3.6067524294990663,,,,,CHEMBL237_EC50
71339737,mondrian_pairgap,cliffA,noncliff,170,166,0.9764705882352941,0.9410708694326396,0.9908127048250533,3.5904229765462103,,,,,CHEMBL237_EC50
71339737,mondrian_pairgap,__bins__,__summary__,-1,-1,,,,3.592218361425844,0.9444444444444444,0.05555555555555558,0.9473684210526315,0.052631578947368474,CHEMBL237_EC50
71339737,mondrian_rfstd,cliffB_oracle,all,191,188,0.9842931937172775,0.9548457762345846,0.9946441378716793,3.718421235254873,,,,,CHEMBL237_EC50
71339737,mondrian_rfstd,cliffB_oracle,cliff,9,9,1.0,0.7008549515804559,1.0,3.8353379229427094,,,,,CHEMBL237_EC50
71339737,mondrian_rfstd,cliffB_oracle,noncliff,182,179,0.9835164835164835,0.9526652428119085,0.9943785498749027,3.712639640808771,,,,,CHEMBL237_EC50
71339737,mondrian_rfstd,cliffA,all,191,188,0.9842931937172775,0.9548457762345846,0.9946441378716793,3.718421235254873,,,,,CHEMBL237_EC50
71339737,mondrian_rfstd,cliffA,cliff,21,21,1.0,0.8453609810751531,1.0,3.741062150116823,,,,,CHEMBL237_EC50
71339737,mondrian_rfstd,cliffA,noncliff,170,167,0.9823529411764705,0.9494077520056105,0.9939805577367452,3.715624416360162,,,,,CHEMBL237_EC50
71339737,mondrian_rfstd,__bins__,__summary__,-1,-1,,,,3.718421235254873,0.9714285714285714,0.02857142857142858,0.9736842105263158,0.02631578947368418,CHEMBL237_EC50
99182118,global,cliffB_oracle,all,191,171,0.8952879581151832,0.8438019153781149,0.9311871496491599,3.1438616589400215,,,,,CHEMBL237_EC50
99182118,global,cliffB_oracle,cliff,15,14,0.9333333333333333,0.7018347012621998,0.9881331045067315,3.143861658940023,,,,,CHEMBL237_EC50
99182118,global,cliffB_oracle,noncliff,176,157,0.8920454545454546,0.8375504777938719,0.9297920521485094,3.1438616589400215,,,,,CHEMBL237_EC50
99182118,global,cliffA,all,191,171,0.8952879581151832,0.8438019153781149,0.9311871496491599,3.1438616589400215,,,,,CHEMBL237_EC50
99182118,global,cliffA,cliff,25,23,0.92,0.7503389104960468,0.9777795987151524,3.143861658940022,,,,,CHEMBL237_EC50
99182118,global,cliffA,noncliff,166,148,0.891566265060241,0.8351173981595413,0.9303023109189367,3.1438616589400215,,,,,CHEMBL237_EC50
99182118,global,__bins__,__summary__,-1,-1,,,,3.1438616589400215,0.8297872340425532,0.11465721040189125,0.8461538461538461,0.12753036437246967,CHEMBL237_EC50
99182118,mondrian_pair,cliffB_oracle,all,191,174,0.9109947643979057,0.8620960305820348,0.9436873019297675,3.2752618849542996,,,,,CHEMBL237_EC50
99182118,mondrian_pair,cliffB_oracle,cliff,15,14,0.9333333333333333,0.7018347012621998,0.9881331045067315,3.1979361152898447,,,,,CHEMBL237_EC50
99182118,mondrian_pair,cliffB_oracle,noncliff,176,160,0.9090909090909091,0.8574379685932055,0.9432672800423226,3.281852149414338,,,,,CHEMBL237_EC50
99182118,mondrian_pair,cliffA,all,191,174,0.9109947643979057,0.8620960305820348,0.9436873019297675,3.2752618849542996,,,,,CHEMBL237_EC50
99182118,mondrian_pair,cliffA,cliff,25,23,0.92,0.7503389104960468,0.9777795987151524,3.184749309927424,,,,,CHEMBL237_EC50
99182118,mondrian_pair,cliffA,noncliff,166,151,0.9096385542168675,0.8562717896271411,0.9444749829472666,3.2888932968559375,,,,,CHEMBL237_EC50
99182118,mondrian_pair,__bins__,__summary__,-1,-1,,,,3.2752618849542996,0.8297872340425532,0.14243498817966904,0.8461538461538461,0.12753036437246967,CHEMBL237_EC50
99182118,mondrian_wstd,cliffB_oracle,all,191,170,0.8900523560209425,0.8377694128413457,0.9269548963577535,3.1413706007447404,,,,,CHEMBL237_EC50
99182118,mondrian_wstd,cliffB_oracle,cliff,15,13,0.8666666666666667,0.6211801716767764,0.9626387408969346,3.147875598983587,,,,,CHEMBL237_EC50
99182118,mondrian_wstd,cliffB_oracle,noncliff,176,157,0.8920454545454546,0.8375504777938719,0.9297920521485094,3.1408161974857465,,,,,CHEMBL237_EC50
99182118,mondrian_wstd,cliffA,all,191,170,0.8900523560209425,0.8377694128413457,0.9269548963577535,3.1413706007447404,,,,,CHEMBL237_EC50
99182118,mondrian_wstd,cliffA,cliff,25,22,0.88,0.7004420607907267,0.9583318284955964,3.064000534255106,,,,,CHEMBL237_EC50
99182118,mondrian_wstd,cliffA,noncliff,166,148,0.891566265060241,0.8351173981595413,0.9303023109189367,3.153022719191973,,,,,CHEMBL237_EC50
99182118,mondrian_wstd,__bins__,__summary__,-1,-1,,,,3.1413706007447404,0.7872340425531915,0.1849881796690307,0.8205128205128205,0.15246015246015254,CHEMBL237_EC50
99182118,mondrian_std,cliffB_oracle,all,191,170,0.8900523560209425,0.8377694128413457,0.9269548963577535,3.087280251349137,,,,,CHEMBL237_EC50
99182118,mondrian_std,cliffB_oracle,cliff,15,13,0.8666666666666667,0.6211801716767764,0.9626387408969346,3.003501728363584,,,,,CHEMBL237_EC50
99182118,mondrian_std,cliffB_oracle,noncliff,176,157,0.8920454545454546,0.8375504777938719,0.9297920521485094,3.0944204663763144,,,,,CHEMBL237_EC50
99182118,mondrian_std,cliffA,all,191,170,0.8900523560209425,0.8377694128413457,0.9269548963577535,3.087280251349137,,,,,CHEMBL237_EC50
99182118,mondrian_std,cliffA,cliff,25,22,0.88,0.7004420607907267,0.9583318284955964,2.977376211883104,,,,,CHEMBL237_EC50
99182118,mondrian_std,cliffA,noncliff,166,148,0.891566265060241,0.8351173981595413,0.9303023109189367,3.1038320645217308,,,,,CHEMBL237_EC50
99182118,mondrian_std,__bins__,__summary__,-1,-1,,,,3.087280251349137,0.7872340425531915,0.1849881796690307,0.8205128205128205,0.15246015246015254,CHEMBL237_EC50
99182118,mondrian_iqr,cliffB_oracle,all,191,175,0.9162303664921466,0.8682675631806837,0.9477805251592945,3.3587134845689817,,,,,CHEMBL237_EC50
99182118,mondrian_iqr,cliffB_oracle,cliff,15,14,0.9333333333333333,0.7018347012621998,0.9881331045067315,3.444401974508743,,,,,CHEMBL237_EC50
99182118,mondrian_iqr,cliffB_oracle,noncliff,176,161,0.9147727272727273,0.8641540642072312,0.9476720906593461,3.351410488267297,,,,,CHEMBL237_EC50
99182118,mondrian_iqr,cliffA,all,191,175,0.9162303664921466,0.8682675631806837,0.9477805251592945,3.3587134845689817,,,,,CHEMBL237_EC50
99182118,mondrian_iqr,cliffA,cliff,25,23,0.92,0.7503389104960468,0.9777795987151524,3.4215580440294446,,,,,CHEMBL237_EC50
99182118,mondrian_iqr,cliffA,noncliff,166,152,0.9156626506024096,0.8634238065009852,0.9490986539053989,3.349248942481562,,,,,CHEMBL237_EC50
99182118,mondrian_iqr,__bins__,__summary__,-1,-1,,,,3.3587134845689817,0.851063829787234,0.14893617021276595,0.8461538461538461,0.15384615384615385,CHEMBL237_EC50
99182118,mondrian_nb,cliffB_oracle,all,191,175,0.9162303664921466,0.8682675631806837,0.9477805251592945,3.327773577314523,,,,,CHEMBL237_EC50
99182118,mondrian_nb,cliffB_oracle,cliff,15,13,0.8666666666666667,0.6211801716767764,0.9626387408969346,3.01059695957728,,,,,CHEMBL237_EC50
99182118,mondrian_nb,cliffB_oracle,noncliff,176,162,0.9204545454545454,0.8709197020520024,0.9520273590456237,3.3548056754171296,,,,,CHEMBL237_EC50
99182118,mondrian_nb,cliffA,all,191,175,0.9162303664921466,0.8682675631806837,0.9477805251592945,3.327773577314523,,,,,CHEMBL237_EC50
99182118,mondrian_nb,cliffA,cliff,25,21,0.84,0.6534637839282114,0.9359654854332355,3.0267226990250964,,,,,CHEMBL237_EC50
99182118,mondrian_nb,cliffA,noncliff,166,154,0.927710843373494,0.8779068849832254,0.958166951087112,3.373112565008714,,,,,CHEMBL237_EC50
99182118,mondrian_nb,__bins__,__summary__,-1,-1,,,,3.327773577314523,0.8723404255319149,0.09988179669030728,0.8421052631578947,0.13157894736842113,CHEMBL237_EC50
99182118,mondrian_nnsim,cliffB_oracle,all,191,176,0.9214659685863874,0.8744806919647072,0.9518321522034467,3.2565805250409614,,,,,CHEMBL237_EC50
99182118,mondrian_nnsim,cliffB_oracle,cliff,15,13,0.8666666666666667,0.6211801716767764,0.9626387408969346,2.6770480163432917,,,,,CHEMBL237_EC50
99182118,mondrian_nnsim,cliffB_oracle,noncliff,176,163,0.9261363636363636,0.8777394403235449,0.9563285270051304,3.305972500214058,,,,,CHEMBL237_EC50
99182118,mondrian_nnsim,cliffA,all,191,176,0.9214659685863874,0.8744806919647072,0.9518321522034467,3.2565805250409614,,,,,CHEMBL237_EC50
99182118,mondrian_nnsim,cliffA,cliff,25,22,0.88,0.7004420607907267,0.9583318284955964,2.85124708873243,,,,,CHEMBL237_EC50
99182118,mondrian_nnsim,cliffA,noncliff,166,154,0.927710843373494,0.8779068849832254,0.958166951087112,3.317624717256101,,,,,CHEMBL237_EC50
99182118,mondrian_nnsim,__bins__,__summary__,-1,-1,,,,3.2565805250409614,0.8297872340425532,0.14243498817966904,0.8717948717948718,0.10188933873144401,CHEMBL237_EC50
99182118,mondrian_pairgap,cliffB_oracle,all,191,175,0.9162303664921466,0.8682675631806837,0.9477805251592945,3.2590103876948526,,,,,CHEMBL237_EC50
99182118,mondrian_pairgap,cliffB_oracle,cliff,15,14,0.9333333333333333,0.7018347012621998,0.9881331045067315,3.189657483410144,,,,,CHEMBL237_EC50
99182118,mondrian_pairgap,cliffB_oracle,noncliff,176,161,0.9147727272727273,0.8641540642072312,0.9476720906593461,3.2649211465827546,,,,,CHEMBL237_EC50
99182118,mondrian_pairgap,cliffA,all,191,175,0.9162303664921466,0.8682675631806837,0.9477805251592945,3.2590103876948526,,,,,CHEMBL237_EC50
99182118,mondrian_pairgap,cliffA,cliff,25,23,0.92,0.7503389104960468,0.9777795987151524,3.183376239152876,,,,,CHEMBL237_EC50
99182118,mondrian_pairgap,cliffA,noncliff,166,152,0.9156626506024096,0.8634238065009852,0.9490986539053989,3.2704010727162354,,,,,CHEMBL237_EC50
99182118,mondrian_pairgap,__bins__,__summary__,-1,-1,,,,3.2590103876948526,0.8723404255319149,0.09988179669030728,0.868421052631579,0.10526315789473684,CHEMBL237_EC50
99182118,mondrian_rfstd,cliffB_oracle,all,191,181,0.9476439790575916,0.906320771235887,0.971315852073146,3.631274499742849,,,,,CHEMBL237_EC50
99182118,mondrian_rfstd,cliffB_oracle,cliff,15,14,0.9333333333333333,0.7018347012621998,0.9881331045067315,3.601046948383873,,,,,CHEMBL237_EC50
99182118,mondrian_rfstd,cliffB_oracle,noncliff,176,167,0.9488636363636364,0.9056847740581433,0.972866818194728,3.633850711506398,,,,,CHEMBL237_EC50
99182118,mondrian_rfstd,cliffA,all,191,181,0.9476439790575916,0.906320771235887,0.971315852073146,3.631274499742849,,,,,CHEMBL237_EC50
99182118,mondrian_rfstd,cliffA,cliff,25,23,0.92,0.7503389104960468,0.9777795987151524,3.581299286876018,,,,,CHEMBL237_EC50
99182118,mondrian_rfstd,cliffA,noncliff,166,158,0.9518072289156626,0.9077960561172188,0.975380531281025,3.6388008872227933,,,,,CHEMBL237_EC50
99182118,mondrian_rfstd,__bins__,__summary__,-1,-1,,,,3.631274499742849,0.8888888888888888,0.08333333333333337,0.8947368421052632,0.10526315789473684,CHEMBL237_EC50
89709943,global,cliffB_oracle,all,191,179,0.93717277486911,0.8934087463507253,0.9636983653019561,3.2310521316528766,,,,,CHEMBL237_EC50
89709943,global,cliffB_oracle,cliff,13,9,0.6923076923076923,0.42369343180549035,0.8731929634428948,3.2310521316528766,,,,,CHEMBL237_EC50
89709943,global,cliffB_oracle,noncliff,178,170,0.9550561797752809,0.9138329386285308,0.9770530070222961,3.231052131652877,,,,,CHEMBL237_EC50
89709943,global,cliffA,all,191,179,0.93717277486911,0.8934087463507253,0.9636983653019561,3.2310521316528766,,,,,CHEMBL237_EC50
89709943,global,cliffA,cliff,22,17,0.7727272727272727,0.5656004682477829,0.8987696001475147,3.231052131652876,,,,,CHEMBL237_EC50
89709943,global,cliffA,noncliff,169,162,0.9585798816568047,0.9169819922738381,0.9797935907232781,3.2310521316528766,,,,,CHEMBL237_EC50
89709943,global,__bins__,__summary__,-1,-1,,,,3.2310521316528766,0.8611111111111112,0.13888888888888884,0.8461538461538461,0.15384615384615385,CHEMBL237_EC50
89709943,mondrian_pair,cliffB_oracle,all,191,182,0.9528795811518325,0.9128867711608313,0.9750146079763775,3.417994810951513,,,,,CHEMBL237_EC50
89709943,mondrian_pair,cliffB_oracle,cliff,13,12,0.9230769230769231,0.6668604907890041,0.9862895787574435,3.5630610658933124,,,,,CHEMBL237_EC50
89709943,mondrian_pair,cliffB_oracle,noncliff,178,170,0.9550561797752809,0.9138329386285308,0.9770530070222961,3.407400084467,,,,,CHEMBL237_EC50
89709943,mondrian_pair,cliffA,all,191,182,0.9528795811518325,0.9128867711608313,0.9750146079763775,3.417994810951513,,,,,CHEMBL237_EC50
89709943,mondrian_pair,cliffA,cliff,22,20,0.9090909090909091,0.7218505315839417,0.9747045710090046,3.587755945299626,,,,,CHEMBL237_EC50
89709943,mondrian_pair,cliffA,noncliff,169,162,0.9585798816568047,0.9169819922738381,0.9797935907232781,3.3958957283736533,,,,,CHEMBL237_EC50
89709943,mondrian_pair,__bins__,__summary__,-1,-1,,,,3.417994810951513,0.8695652173913043,0.13043478260869568,0.8461538461538461,0.15384615384615385,CHEMBL237_EC50
89709943,mondrian_wstd,cliffB_oracle,all,191,177,0.9267015706806283,0.8807390084025406,0.9558385915937893,3.4500620970852447,,,,,CHEMBL237_EC50
89709943,mondrian_wstd,cliffB_oracle,cliff,13,8,0.6153846153846154,0.355228915126657,0.8229029220223743,3.3412855017929313,,,,,CHEMBL237_EC50
89709943,mondrian_wstd,cliffB_oracle,noncliff,178,169,0.949438202247191,0.9067130684265386,0.9731742853026731,3.4580064551683916,,,,,CHEMBL237_EC50
89709943,mondrian_wstd,cliffA,all,191,177,0.9267015706806283,0.8807390084025406,0.9558385915937893,3.4500620970852447,,,,,CHEMBL237_EC50
89709943,mondrian_wstd,cliffA,cliff,22,15,0.6818181818181818,0.47318597741042745,0.8363940681864375,3.4092666708058057,,,,,CHEMBL237_EC50
89709943,mondrian_wstd,cliffA,noncliff,169,162,0.9585798816568047,0.9169819922738381,0.9797935907232781,3.4553727442932187,,,,,CHEMBL237_EC50
89709943,mondrian_wstd,__bins__,__summary__,-1,-1,,,,3.4500620970852447,0.7777777777777778,0.2222222222222222,0.8648648648648649,0.1351351351351351,CHEMBL237_EC50
89709943,mondrian_std,cliffB_oracle,all,191,176,0.9214659685863874,0.8744806919647072,0.9518321522034467,3.4414726098171844,,,,,CHEMBL237_EC50
89709943,mondrian_std,cliffB_oracle,cliff,13,8,0.6153846153846154,0.355228915126657,0.8229029220223743,3.3412855017929313,,,,,CHEMBL237_EC50
89709943,mondrian_std,cliffB_oracle,noncliff,178,168,0.9438202247191011,0.8996874091963403,0.9692013526112562,3.448789645796483,,,,,CHEMBL237_EC50
89709943,mondrian_std,cliffA,all,191,176,0.9214659685863874,0.8744806919647072,0.9518321522034467,3.4414726098171844,,,,,CHEMBL237_EC50
89709943,mondrian_std,cliffA,cliff,22,15,0.6818181818181818,0.47318597741042745,0.8363940681864375,3.4092666708058057,,,,,CHEMBL237_EC50
89709943,mondrian_std,cliffA,noncliff,169,161,0.9526627218934911,0.9093831862366594,0.9758210989153325,3.4456650989192568,,,,,CHEMBL237_EC50
89709943,mondrian_std,__bins__,__summary__,-1,-1,,,,3.4414726098171844,0.7777777777777778,0.2222222222222222,0.8378378378378378,0.16216216216216217,CHEMBL237_EC50
89709943,mondrian_iqr,cliffB_oracle,all,191,178,0.9319371727748691,0.8870467084799919,0.9597956473445136,3.487969773886488,,,,,CHEMBL237_EC50
89709943,mondrian_iqr,cliffB_oracle,cliff,13,8,0.6153846153846154,0.355228915126657,0.8229029220223743,3.1480497879765728,,,,,CHEMBL237_EC50
89709943,mondrian_iqr,cliffB_oracle,noncliff,178,170,0.9550561797752809,0.9138329386285308,0.9770530070222961,3.512795390834965,,,,,CHEMBL237_EC50
89709943,mondrian_iqr,cliffA,all,191,178,0.9319371727748691,0.8870467084799919,0.9597956473445136,3.487969773886488,,,,,CHEMBL237_EC50
89709943,mondrian_iqr,cliffA,cliff,22,16,0.7272727272727273,0.5184826598759762,0.8684923971201053,3.306382853549394,,,,,CHEMBL237_EC50
89709943,mondrian_iqr,cliffA,noncliff,169,162,0.9585798816568047,0.9169819922738381,0.9797935907232781,3.5116083078948668,,,,,CHEMBL237_EC50
89709943,mondrian_iqr,__bins__,__summary__,-1,-1,,,,3.487969773886488,0.8055555555555556,0.19444444444444442,0.8461538461538461,0.15384615384615385,CHEMBL237_EC50
89709943,mondrian_nb,cliffB_oracle,all,191,181,0.9476439790575916,0.906320771235887,0.971315852073146,3.742954867970916,,,,,CHEMBL237_EC50
89709943,mondrian_nb,cliffB_oracle,cliff,13,13,1.0,0.7719046276458016,0.9999999999999999,4.529428360664501,,,,,CHEMBL237_EC50
89709943,mondrian_nb,cliffB_oracle,noncliff,178,168,0.9438202247191011,0.8996874091963403,0.9692013526112562,3.685515792661834,,,,,CHEMBL237_EC50
89709943,mondrian_nb,cliffA,all,191,181,0.9476439790575916,0.906320771235887,0.971315852073146,3.742954867970916,,,,,CHEMBL237_EC50
89709943,mondrian_nb,cliffA,cliff,22,21,0.9545454545454546,0.7820195416134267,0.991930572378736,4.707878191659124,,,,,CHEMBL237_EC50
89709943,mondrian_nb,cliffA,noncliff,169,160,0.9467455621301775,0.9019001343859231,0.9717328529209447,3.617343547727481,,,,,CHEMBL237_EC50
89709943,mondrian_nb,__bins__,__summary__,-1,-1,,,,3.742954867970916,0.9130434782608695,0.08695652173913049,0.8717948717948718,0.1282051282051282,CHEMBL237_EC50
89709943,mondrian_nnsim,cliffB_oracle,all,191,178,0.9319371727748691,0.8870467084799919,0.9597956473445136,3.375547319241284,,,,,CHEMBL237_EC50
89709943,mondrian_nnsim,cliffB_oracle,cliff,13,7,0.5384615384615384,0.29143795714506004,0.7679393219046169,2.770480958658457,,,,,CHEMBL237_EC50
89709943,mondrian_nnsim,cliffB_oracle,noncliff,178,171,0.9606741573033708,0.9210623448143483,0.9808221927580937,3.419737559059131,,,,,CHEMBL237_EC50
89709943,mondrian_nnsim,cliffA,all,191,178,0.9319371727748691,0.8870467084799919,0.9597956473445136,3.375547319241284,,,,,CHEMBL237_EC50
89709943,mondrian_nnsim,cliffA,cliff,22,14,0.6363636363636364,0.42951708090131013,0.8026679532963387,2.6891063431624214,,,,,CHEMBL237_EC50
89709943,mondrian_nnsim,cliffA,noncliff,169,164,0.9704142011834319,0.9326203018622271,0.9872978768251371,3.464906499559242,,,,,CHEMBL237_EC50
89709943,mondrian_nnsim,__bins__,__summary__,-1,-1,,,,3.375547319241284,0.8333333333333334,0.16666666666666663,0.8648648648648649,0.1351351351351351,CHEMBL237_EC50
89709943,mondrian_pairgap,cliffB_oracle,all,191,183,0.9581151832460733,0.9195401436357831,0.9786259913296016,3.7033545492654065,,,,,CHEMBL237_EC50
89709943,mondrian_pairgap,cliffB_oracle,cliff,13,11,0.8461538461538461,0.5776536898051745,0.9567418216419186,3.94517163598478,,,,,CHEMBL237_EC50
89709943,mondrian_pairgap,cliffB_oracle,noncliff,178,172,0.9662921348314607,0.9284215697242858,0.9844615597697713,3.6856937507971392,,,,,CHEMBL237_EC50
89709943,mondrian_pairgap,cliffA,all,191,183,0.9581151832460733,0.9195401436357831,0.9786259913296016,3.7033545492654065,,,,,CHEMBL237_EC50
89709943,mondrian_pairgap,cliffA,cliff,22,19,0.8636363636363636,0.6666501283342828,0.9525099628594474,4.167486598729283,,,,,CHEMBL237_EC50
89709943,mondrian_pairgap,cliffA,noncliff,169,164,0.9704142011834319,0.9326203018622271,0.9872978768251371,3.6429349925304653,,,,,CHEMBL237_EC50
89709943,mondrian_pairgap,__bins__,__summary__,-1,-1,,,,3.7033545492654065,0.8695652173913043,0.13043478260869568,0.8717948717948718,0.1282051282051282,CHEMBL237_EC50
89709943,mondrian_rfstd,cliffB_oracle,all,191,180,0.9424083769633508,0.8998310423852448,0.9675408250956125,3.6577440240199364,,,,,CHEMBL237_EC50
89709943,mondrian_rfstd,cliffB_oracle,cliff,13,10,0.7692307692307693,0.49743624053272495,0.9182047128150143,3.207335974334778,,,,,CHEMBL237_EC50
89709943,mondrian_rfstd,cliffB_oracle,noncliff,178,170,0.9550561797752809,0.9138329386285308,0.9770530070222961,3.6906389939407624,,,,,CHEMBL237_EC50
89709943,mondrian_rfstd,cliffA,all,191,180,0.9424083769633508,0.8998310423852448,0.9675408250956125,3.6577440240199364,,,,,CHEMBL237_EC50
89709943,mondrian_rfstd,cliffA,cliff,22,18,0.8181818181818182,0.6148339256287345,0.9269311541657794,3.5299920532040234,,,,,CHEMBL237_EC50
89709943,mondrian_rfstd,cliffA,noncliff,169,162,0.9585798816568047,0.9169819922738381,0.9797935907232781,3.6743744580906466,,,,,CHEMBL237_EC50
89709943,mondrian_rfstd,__bins__,__summary__,-1,-1,,,,3.6577440240199364,0.8888888888888888,0.11111111111111116,0.868421052631579,0.13157894736842102,CHEMBL237_EC50
86921808,global,cliffB_oracle,all,191,188,0.9842931937172775,0.9548457762345846,0.9946441378716793,3.533579088814597,,,,,CHEMBL237_EC50
86921808,global,cliffB_oracle,cliff,11,10,0.9090909090909091,0.6226415635484043,0.9837678271141151,3.533579088814598,,,,,CHEMBL237_EC50
86921808,global,cliffB_oracle,noncliff,180,178,0.9888888888888889,0.9603989991004155,0.9969476251540074,3.5335790888145975,,,,,CHEMBL237_EC50
86921808,global,cliffA,all,191,188,0.9842931937172775,0.9548457762345846,0.9946441378716793,3.533579088814597,,,,,CHEMBL237_EC50
86921808,global,cliffA,cliff,19,18,0.9473684210526315,0.753612688331012,0.9906480059376995,3.5335790888145975,,,,,CHEMBL237_EC50
86921808,global,cliffA,noncliff,172,170,0.9883720930232558,0.958600691496456,0.9968053949106748,3.533579088814598,,,,,CHEMBL237_EC50
86921808,global,__bins__,__summary__,-1,-1,,,,3.533579088814597,0.9722222222222222,0.02777777777777779,0.9487179487179487,0.05128205128205132,CHEMBL237_EC50
86921808,mondrian_pair,cliffB_oracle,all,191,188,0.9842931937172775,0.9548457762345846,0.9946441378716793,3.723929428110334,,,,,CHEMBL237_EC50
86921808,mondrian_pair,cliffB_oracle,cliff,11,10,0.9090909090909091,0.6226415635484043,0.9837678271141151,3.9268073246810897,,,,,CHEMBL237_EC50
86921808,mondrian_pair,cliffB_oracle,noncliff,180,178,0.9888888888888889,0.9603989991004155,0.9969476251540074,3.711531334431009,,,,,CHEMBL237_EC50
86921808,mondrian_pair,cliffA,all,191,188,0.9842931937172775,0.9548457762345846,0.9946441378716793,3.723929428110334,,,,,CHEMBL237_EC50
86921808,mondrian_pair,cliffA,cliff,19,18,0.9473684210526315,0.753612688331012,0.9906480059376995,3.8860181896863364,,,,,CHEMBL237_EC50
86921808,mondrian_pair,cliffA,noncliff,172,170,0.9883720930232558,0.958600691496456,0.9968053949106748,3.706024274215309,,,,,CHEMBL237_EC50
86921808,mondrian_pair,__bins__,__summary__,-1,-1,,,,3.723929428110334,0.9722222222222222,0.02777777777777779,0.9487179487179487,0.05128205128205132,CHEMBL237_EC50
86921808,mondrian_wstd,cliffB_oracle,all,191,186,0.9738219895287958,0.9401927787364796,0.9887676237134327,3.7754365512937405,,,,,CHEMBL237_EC50
86921808,mondrian_wstd,cliffB_oracle,cliff,11,9,0.8181818181818182,0.523019438039156,0.9486323102539149,4.046686991320628,,,,,CHEMBL237_EC50
86921808,mondrian_wstd,cliffB_oracle,noncliff,180,177,0.9833333333333333,0.952151771962928,0.9943159133795125,3.758860135514319,,,,,CHEMBL237_EC50
86921808,mondrian_wstd,cliffA,all,191,186,0.9738219895287958,0.9401927787364796,0.9887676237134327,3.7754365512937405,,,,,CHEMBL237_EC50
86921808,mondrian_wstd,cliffA,cliff,19,17,0.8947368421052632,0.6860591728889099,0.9706414397011299,4.345898865013333,,,,,CHEMBL237_EC50
86921808,mondrian_wstd,cliffA,noncliff,172,169,0.9825581395348837,0.9499814467435205,0.9940507576825729,3.7124203654758783,,,,,CHEMBL237_EC50
86921808,mondrian_wstd,__bins__,__summary__,-1,-1,,,,3.7754365512937405,0.9444444444444444,0.05555555555555558,0.9473684210526315,0.052631578947368474,CHEMBL237_EC50
86921808,mondrian_std,cliffB_oracle,all,191,186,0.9738219895287958,0.9401927787364796,0.9887676237134327,3.628378620811718,,,,,CHEMBL237_EC50
86921808,mondrian_std,cliffB_oracle,cliff,11,9,0.8181818181818182,0.523019438039156,0.9486323102539149,3.974350671765858,,,,,CHEMBL237_EC50
86921808,mondrian_std,cliffB_oracle,noncliff,180,177,0.9833333333333333,0.952151771962928,0.9943159133795125,3.6072358843645205,,,,,CHEMBL237_EC50
86921808,mondrian_std,cliffA,all,191,186,0.9738219895287958,0.9401927787364796,0.9887676237134327,3.628378620811718,,,,,CHEMBL237_EC50
86921808,mondrian_std,cliffA,cliff,19,17,0.8947368421052632,0.6860591728889099,0.9706414397011299,4.114602457884886,,,,,CHEMBL237_EC50
86921808,mondrian_std,cliffA,noncliff,172,169,0.9825581395348837,0.9499814467435205,0.9940507576825729,3.5746678481117744,,,,,CHEMBL237_EC50
86921808,mondrian_std,__bins__,__summary__,-1,-1,,,,3.628378620811718,0.9444444444444444,0.05555555555555558,0.9473684210526315,0.052631578947368474,CHEMBL237_EC50
86921808,mondrian_iqr,cliffB_oracle,all,191,186,0.9738219895287958,0.9401927787364796,0.9887676237134327,3.609668320158769,,,,,CHEMBL237_EC50
86921808,mondrian_iqr,cliffB_oracle,cliff,11,9,0.8181818181818182,0.523019438039156,0.9486323102539149,3.5865639947491386,,,,,CHEMBL237_EC50
86921808,mondrian_iqr,cliffB_oracle,noncliff,180,177,0.9833333333333333,0.952151771962928,0.9943159133795125,3.6110802511560247,,,,,CHEMBL237_EC50
86921808,mondrian_iqr,cliffA,all,191,186,0.9738219895287958,0.9401927787364796,0.9887676237134327,3.609668320158769,,,,,CHEMBL237_EC50
86921808,mondrian_iqr,cliffA,cliff,19,17,0.8947368421052632,0.6860591728889099,0.9706414397011299,3.7073956141606796,,,,,CHEMBL237_EC50
86921808,mondrian_iqr,cliffA,noncliff,172,169,0.9825581395348837,0.9499814467435205,0.9940507576825729,3.59887286326321,,,,,CHEMBL237_EC50
86921808,mondrian_iqr,__bins__,__summary__,-1,-1,,,,3.609668320158769,0.9166666666666666,0.08333333333333337,0.9473684210526315,0.052631578947368474,CHEMBL237_EC50
86921808,mondrian_nb,cliffB_oracle,all,191,184,0.9633507853403142,0.9262951642198484,0.9821357265737122,3.9431167177072646,,,,,CHEMBL237_EC50
86921808,mondrian_nb,cliffB_oracle,cliff,11,11,1.0,0.7411670330319684,1.0,4.601406378735072,,,,,CHEMBL237_EC50
86921808,mondrian_nb,cliffB_oracle,noncliff,180,173,0.9611111111111111,0.9219152218849264,0.981036707809586,3.9028879050888983,,,,,CHEMBL237_EC50
86921808,mondrian_nb,cliffA,all,191,184,0.9633507853403142,0.9262951642198484,0.9821357265737122,3.9431167177072646,,,,,CHEMBL237_EC50
86921808,mondrian_nb,cliffA,cliff,19,19,1.0,0.8318207759473837,1.0,4.512010394433792,,,,,CHEMBL237_EC50
86921808,mondrian_nb,cliffA,noncliff,172,165,0.9593023255813954,0.9183881731975246,0.9801485033044198,3.880273811557241,,,,,CHEMBL237_EC50
86921808,mondrian_nb,__bins__,__summary__,-1,-1,,,,3.9431167177072646,0.9444444444444444,0.028528528528528607,0.918918918918919,0.08108108108108103,CHEMBL237_EC50
86921808,mondrian_nnsim,cliffB_oracle,all,191,185,0.9685863874345549,0.9331707287133241,0.9855249179084121,3.9678299758023234,,,,,CHEMBL237_EC50
86921808,mondrian_nnsim,cliffB_oracle,cliff,11,10,0.9090909090909091,0.6226415635484043,0.9837678271141151,3.68199008081652,,,,,CHEMBL237_EC50
86921808,mondrian_nnsim,cliffB_oracle,noncliff,180,175,0.9722222222222222,0.936631929551566,0.9880778779669105,3.985297969384789,,,,,CHEMBL237_EC50
86921808,mondrian_nnsim,cliffA,all,191,185,0.9685863874345549,0.9331707287133241,0.9855249179084121,3.9678299758023234,,,,,CHEMBL237_EC50
86921808,mondrian_nnsim,cliffA,cliff,19,18,0.9473684210526315,0.753612688331012,0.9906480059376995,3.9292311393396337,,,,,CHEMBL237_EC50
86921808,mondrian_nnsim,cliffA,noncliff,172,167,0.9709302325581395,0.9337638912657986,0.9875205491982202,3.9720938007604114,,,,,CHEMBL237_EC50
86921808,mondrian_nnsim,__bins__,__summary__,-1,-1,,,,3.9678299758023234,0.9166666666666666,0.08333333333333337,0.9473684210526315,0.052631578947368474,CHEMBL237_EC50
86921808,mondrian_pairgap,cliffB_oracle,all,191,184,0.9633507853403142,0.9262951642198484,0.9821357265737122,3.7063101969837873,,,,,CHEMBL237_EC50
86921808,mondrian_pairgap,cliffB_oracle,cliff,11,10,0.9090909090909091,0.6226415635484043,0.9837678271141151,4.3360554010329935,,,,,CHEMBL237_EC50
86921808,mondrian_pairgap,cliffB_oracle,noncliff,180,174,0.9666666666666667,0.9291956595913273,0.9846352090151671,3.6678257678474475,,,,,CHEMBL237_EC50
86921808,mondrian_pairgap,cliffA,all,191,184,0.9633507853403142,0.9262951642198484,0.9821357265737122,3.7063101969837873,,,,,CHEMBL237_EC50
86921808,mondrian_pairgap,cliffA,cliff,19,18,0.9473684210526315,0.753612688331012,0.9906480059376995,4.347791916288869,,,,,CHEMBL237_EC50
86921808,mondrian_pairgap,cliffA,noncliff,172,166,0.9651162790697675,0.9259943246050782,0.9839162338779036,3.635448844269854,,,,,CHEMBL237_EC50
86921808,mondrian_pairgap,__bins__,__summary__,-1,-1,,,,3.7063101969837873,0.9444444444444444,0.05555555555555558,0.9230769230769231,0.07692307692307687,CHEMBL237_EC50
86921808,mondrian_rfstd,cliffB_oracle,all,191,184,0.9633507853403142,0.9262951642198484,0.9821357265737122,3.4373262491392755,,,,,CHEMBL237_EC50
86921808,mondrian_rfstd,cliffB_oracle,cliff,11,9,0.8181818181818182,0.523019438039156,0.9486323102539149,3.2744910276960284,,,,,CHEMBL237_EC50
86921808,mondrian_rfstd,cliffB_oracle,noncliff,180,175,0.9722222222222222,0.936631929551566,0.9880778779669105,3.4472772904496956,,,,,CHEMBL237_EC50
86921808,mondrian_rfstd,cliffA,all,191,184,0.9633507853403142,0.9262951642198484,0.9821357265737122,3.4373262491392755,,,,,CHEMBL237_EC50
86921808,mondrian_rfstd,cliffA,cliff,19,17,0.8947368421052632,0.6860591728889099,0.9706414397011299,3.1904898601410907,,,,,CHEMBL237_EC50
86921808,mondrian_rfstd,cliffA,noncliff,172,167,0.9709302325581395,0.9337638912657986,0.9875205491982202,3.464593059551865,,,,,CHEMBL237_EC50
86921808,mondrian_rfstd,__bins__,__summary__,-1,-1,,,,3.4373262491392755,0.9166666666666666,0.08333333333333337,0.8947368421052632,0.10526315789473684,CHEMBL237_EC50
71339737,global,cliffB_oracle,all,225,220,0.9777777777777777,0.9490435540670101,0.9904715194165084,2.5173537696644233,,,,,CHEMBL3979_EC50
71339737,global,cliffB_oracle,cliff,8,7,0.875,0.5291118177871464,0.9775825085499433,2.517353769664423,,,,,CHEMBL3979_EC50
71339737,global,cliffB_oracle,noncliff,217,213,0.9815668202764977,0.9535713425999225,0.9928089299995785,2.5173537696644233,,,,,CHEMBL3979_EC50
71339737,global,cliffA,all,225,220,0.9777777777777777,0.9490435540670101,0.9904715194165084,2.5173537696644233,,,,,CHEMBL3979_EC50
71339737,global,cliffA,cliff,22,21,0.9545454545454546,0.7820195416134267,0.991930572378736,2.5173537696644233,,,,,CHEMBL3979_EC50
71339737,global,cliffA,noncliff,203,199,0.9802955665024631,0.950439734687992,0.9923113032895579,2.517353769664423,,,,,CHEMBL3979_EC50
71339737,global,__bins__,__summary__,-1,-1,,,,2.5173537696644233,0.9298245614035088,0.07017543859649122,0.9555555555555556,0.0444444444444444,CHEMBL3979_EC50
71339737,mondrian_pair,cliffB_oracle,all,225,218,0.9688888888888889,0.9371860845336941,0.9848496387454799,2.564860432376767,,,,,CHEMBL3979_EC50
71339737,mondrian_pair,cliffB_oracle,cliff,8,7,0.875,0.5291118177871464,0.9775825085499433,2.4911136471014337,,,,,CHEMBL3979_EC50
71339737,mondrian_pair,cliffB_oracle,noncliff,217,211,0.9723502304147466,0.9410001629749887,0.9872675685221297,2.567579207870789,,,,,CHEMBL3979_EC50
71339737,mondrian_pair,cliffA,all,225,218,0.9688888888888889,0.9371860845336941,0.9848496387454799,2.564860432376767,,,,,CHEMBL3979_EC50
71339737,mondrian_pair,cliffA,cliff,22,21,0.9545454545454546,0.7820195416134267,0.991930572378736,2.487661800484635,,,,,CHEMBL3979_EC50
71339737,mondrian_pair,cliffA,noncliff,203,197,0.9704433497536946,0.9370275819576814,0.9863849731895598,2.573226786571974,,,,,CHEMBL3979_EC50
71339737,mondrian_pair,__bins__,__summary__,-1,-1,,,,2.564860432376767,0.9122807017543859,0.08771929824561409,0.9333333333333333,0.06666666666666665,CHEMBL3979_EC50
71339737,mondrian_wstd,cliffB_oracle,all,225,219,0.9733333333333334,0.9430530319860436,0.9877223663953026,2.5924668670850313,,,,,CHEMBL3979_EC50
71339737,mondrian_wstd,cliffB_oracle,cliff,8,8,1.0,0.6755924351161198,1.0,2.7400261922300237,,,,,CHEMBL3979_EC50
71339737,mondrian_wstd,cliffB_oracle,noncliff,217,211,0.9723502304147466,0.9410001629749887,0.9872675685221297,2.5870268919644785,,,,,CHEMBL3979_EC50
71339737,mondrian_wstd,cliffA,all,225,219,0.9733333333333334,0.9430530319860436,0.9877223663953026,2.5924668670850313,,,,,CHEMBL3979_EC50
71339737,mondrian_wstd,cliffA,cliff,22,22,1.0,0.8513451253913791,1.0,2.7221892122437024,,,,,CHEMBL3979_EC50
71339737,mondrian_wstd,cliffA,noncliff,203,197,0.9704433497536946,0.9370275819576814,0.9863849731895598,2.578408287806752,,,,,CHEMBL3979_EC50
71339737,mondrian_wstd,__bins__,__summary__,-1,-1,,,,2.5924668670850313,0.9285714285714286,0.0714285714285714,0.9555555555555556,0.0444444444444444,CHEMBL3979_EC50
71339737,mondrian_std,cliffB_oracle,all,225,218,0.9688888888888889,0.9371860845336941,0.9848496387454799,2.4581986642787523,,,,,CHEMBL3979_EC50
71339737,mondrian_std,cliffB_oracle,cliff,8,8,1.0,0.6755924351161198,1.0,2.490730826022948,,,,,CHEMBL3979_EC50
71339737,mondrian_std,cliffB_oracle,noncliff,217,210,0.967741935483871,0.934923452384882,0.984288008561045,2.456999321910302,,,,,CHEMBL3979_EC50
71339737,mondrian_std,cliffA,all,225,218,0.9688888888888889,0.9371860845336941,0.9848496387454799,2.4581986642787523,,,,,CHEMBL3979_EC50
71339737,mondrian_std,cliffA,cliff,22,22,1.0,0.8513451253913791,1.0,2.41389088315325,,,,,CHEMBL3979_EC50
71339737,mondrian_std,cliffA,noncliff,203,196,0.9655172413793104,0.9305453094303183,0.9831980043017684,2.4630004927751115,,,,,CHEMBL3979_EC50
71339737,mondrian_std,__bins__,__summary__,-1,-1,,,,2.4581986642787523,0.9285714285714286,0.0714285714285714,0.9555555555555556,0.022222222222222143,CHEMBL3979_EC50
71339737,mondrian_iqr,cliffB_oracle,all,225,220,0.9777777777777777,0.9490435540670101,0.9904715194165084,2.698573912199964,,,,,CHEMBL3979_EC50
71339737,mondrian_iqr,cliffB_oracle,cliff,8,7,0.875,0.5291118177871464,0.9775825085499433,2.7043665002712562,,,,,CHEMBL3979_EC50
71339737,mondrian_iqr,cliffB_oracle,noncliff,217,213,0.9815668202764977,0.9535713425999225,0.9928089299995785,2.698360360566,,,,,CHEMBL3979_EC50
71339737,mondrian_iqr,cliffA,all,225,220,0.9777777777777777,0.9490435540670101,0.9904715194165084,2.698573912199964,,,,,CHEMBL3979_EC50
71339737,mondrian_iqr,cliffA,cliff,22,21,0.9545454545454546,0.7820195416134267,0.991930572378736,2.779737873037419,,,,,CHEMBL3979_EC50
71339737,mondrian_iqr,cliffA,noncliff,203,199,0.9802955665024631,0.950439734687992,0.9923113032895579,2.6897778179220135,,,,,CHEMBL3979_EC50
71339737,mondrian_iqr,__bins__,__summary__,-1,-1,,,,2.698573912199964,0.9473684210526315,0.052631578947368474,0.9555555555555556,0.0444444444444444,CHEMBL3979_EC50
71339737,mondrian_nb,cliffB_oracle,all,225,217,0.9644444444444444,0.9314207015809488,0.9818753465960528,2.623618164670407,,,,,CHEMBL3979_EC50
71339737,mondrian_nb,cliffB_oracle,cliff,8,7,0.875,0.5291118177871464,0.9775825085499433,2.373382562573663,,,,,CHEMBL3979_EC50
71339737,mondrian_nb,cliffB_oracle,noncliff,217,210,0.967741935483871,0.934923452384882,0.984288008561045,2.6328434403237435,,,,,CHEMBL3979_EC50
71339737,mondrian_nb,cliffA,all,225,217,0.9644444444444444,0.9314207015809488,0.9818753465960528,2.623618164670407,,,,,CHEMBL3979_EC50
71339737,mondrian_nb,cliffA,cliff,22,21,0.9545454545454546,0.7820195416134267,0.991930572378736,2.421193401568971,,,,,CHEMBL3979_EC50
71339737,mondrian_nb,cliffA,noncliff,203,196,0.9655172413793104,0.9305453094303183,0.9831980043017684,2.6455558237257355,,,,,CHEMBL3979_EC50
71339737,mondrian_nb,__bins__,__summary__,-1,-1,,,,2.623618164670407,0.9285714285714286,0.0714285714285714,0.9111111111111111,0.0888888888888889,CHEMBL3979_EC50
71339737,mondrian_nnsim,cliffB_oracle,all,225,215,0.9555555555555556,0.9201344388794461,0.975682259093211,2.5073560765195686,,,,,CHEMBL3979_EC50
71339737,mondrian_nnsim,cliffB_oracle,cliff,8,8,1.0,0.6755924351161198,1.0,2.9961470671320516,,,,,CHEMBL3979_EC50
71339737,mondrian_nnsim,cliffB_oracle,noncliff,217,207,0.9539170506912442,0.9172637324439624,0.9747789168483904,2.489336132165191,,,,,CHEMBL3979_EC50
71339737,mondrian_nnsim,cliffA,all,225,215,0.9555555555555556,0.9201344388794461,0.975682259093211,2.5073560765195686,,,,,CHEMBL3979_EC50
71339737,mondrian_nnsim,cliffA,cliff,22,22,1.0,0.8513451253913791,1.0,2.761318838681129,,,,,CHEMBL3979_EC50
71339737,mondrian_nnsim,cliffA,noncliff,203,193,0.9507389162561576,0.9117102585198593,0.9730253309667642,2.47983301855132,,,,,CHEMBL3979_EC50
71339737,mondrian_nnsim,__bins__,__summary__,-1,-1,,,,2.5073560765195686,0.9122807017543859,0.08771929824561409,0.8888888888888888,0.0888888888888889,CHEMBL3979_EC50
71339737,mondrian_pairgap,cliffB_oracle,all,225,220,0.9777777777777777,0.9490435540670101,0.9904715194165084,2.661843825225106,,,,,CHEMBL3979_EC50
71339737,mondrian_pairgap,cliffB_oracle,cliff,8,7,0.875,0.5291118177871464,0.9775825085499433,2.7024894015410155,,,,,CHEMBL3979_EC50
71339737,mondrian_pairgap,cliffB_oracle,noncliff,217,213,0.9815668202764977,0.9535713425999225,0.9928089299995785,2.6603453707987135,,,,,CHEMBL3979_EC50
71339737,mondrian_pairgap,cliffA,all,225,220,0.9777777777777777,0.9490435540670101,0.9904715194165084,2.661843825225106,,,,,CHEMBL3979_EC50
71339737,mondrian_pairgap,cliffA,cliff,22,21,0.9545454545454546,0.7820195416134267,0.991930572378736,2.7468588909066884,,,,,CHEMBL3979_EC50
71339737,mondrian_pairgap,cliffA,noncliff,203,199,0.9802955665024631,0.950439734687992,0.9923113032895579,2.652630369831043,,,,,CHEMBL3979_EC50
71339737,mondrian_pairgap,__bins__,__summary__,-1,-1,,,,2.661843825225106,0.9298245614035088,0.07017543859649122,0.9555555555555556,0.0444444444444444,CHEMBL3979_EC50
71339737,mondrian_rfstd,cliffB_oracle,all,225,215,0.9555555555555556,0.9201344388794461,0.975682259093211,2.486669452720887,,,,,CHEMBL3979_EC50
71339737,mondrian_rfstd,cliffB_oracle,cliff,8,7,0.875,0.5291118177871464,0.9775825085499433,2.608397640148633,,,,,CHEMBL3979_EC50
71339737,mondrian_rfstd,cliffB_oracle,noncliff,217,208,0.9585253456221198,0.9230698255675114,0.9780290942760326,2.482181777608344,,,,,CHEMBL3979_EC50
71339737,mondrian_rfstd,cliffA,all,225,215,0.9555555555555556,0.9201344388794461,0.975682259093211,2.486669452720887,,,,,CHEMBL3979_EC50
71339737,mondrian_rfstd,cliffA,cliff,22,19,0.8636363636363636,0.6666501283342828,0.9525099628594474,2.505051811175447,,,,,CHEMBL3979_EC50
71339737,mondrian_rfstd,cliffA,noncliff,203,196,0.9655172413793104,0.9305453094303183,0.9831980043017684,2.484677275942561,,,,,CHEMBL3979_EC50
71339737,mondrian_rfstd,__bins__,__summary__,-1,-1,,,,2.486669452720887,0.9298245614035088,0.04636591478696739,0.8888888888888888,0.11111111111111116,CHEMBL3979_EC50
99182118,global,cliffB_oracle,all,225,217,0.9644444444444444,0.9314207015809488,0.9818753465960528,2.48707230100962,,,,,CHEMBL3979_EC50
99182118,global,cliffB_oracle,cliff,7,4,0.5714285714285714,0.2504583645276572,0.8417801447485302,2.48707230100962,,,,,CHEMBL3979_EC50
99182118,global,cliffB_oracle,noncliff,218,213,0.9770642201834863,0.9474421886575263,0.9901643394717282,2.4870723010096194,,,,,CHEMBL3979_EC50
99182118,global,cliffA,all,225,217,0.9644444444444444,0.9314207015809488,0.9818753465960528,2.48707230100962,,,,,CHEMBL3979_EC50
99182118,global,cliffA,cliff,15,12,0.8,0.5481455128483065,0.9295245065301844,2.4870723010096194,,,,,CHEMBL3979_EC50
99182118,global,cliffA,noncliff,210,205,0.9761904761904762,0.945484236149039,0.9897880964611674,2.4870723010096194,,,,,CHEMBL3979_EC50
99182118,global,__bins__,__summary__,-1,-1,,,,2.48707230100962,0.9411764705882353,0.05882352941176472,0.9333333333333333,0.0444444444444444,CHEMBL3979_EC50
99182118,mondrian_pair,cliffB_oracle,all,225,216,0.96,0.9257408550633048,0.9788155180115246,2.4205000867381417,,,,,CHEMBL3979_EC50
99182118,mondrian_pair,cliffB_oracle,cliff,7,5,0.7142857142857143,0.35893445183261935,0.9177810759959433,2.508760779141393,,,,,CHEMBL3979_EC50
99182118,mondrian_pair,cliffB_oracle,noncliff,218,211,0.9678899082568807,0.9352151542643666,0.9843604790931714,2.417666027807762,,,,,CHEMBL3979_EC50
99182118,mondrian_pair,cliffA,all,225,216,0.96,0.9257408550633048,0.9788155180115246,2.4205000867381417,,,,,CHEMBL3979_EC50
99182118,mondrian_pair,cliffA,cliff,15,13,0.8666666666666667,0.6211801716767764,0.9626387408969346,2.534663373651043,,,,,CHEMBL3979_EC50
99182118,mondrian_pair,cliffA,noncliff,210,203,0.9666666666666667,0.9328056080047664,0.9837612779532359,2.412345566244363,,,,,CHEMBL3979_EC50
99182118,mondrian_pair,__bins__,__summary__,-1,-1,,,,2.4205000867381417,0.9019607843137255,0.0980392156862745,0.9111111111111111,0.0888888888888889,CHEMBL3979_EC50
99182118,mondrian_wstd,cliffB_oracle,all,225,219,0.9733333333333334,0.9430530319860436,0.9877223663953026,2.625643522056905,,,,,CHEMBL3979_EC50
99182118,mondrian_wstd,cliffB_oracle,cliff,7,6,0.8571428571428571,0.4868721707256811,0.9743203756552565,2.9855788418325404,,,,,CHEMBL3979_EC50
99182118,mondrian_wstd,cliffB_oracle,noncliff,218,213,0.9770642201834863,0.9474421886575263,0.9901643394717282,2.6140859659173197,,,,,CHEMBL3979_EC50
99182118,mondrian_wstd,cliffA,all,225,219,0.9733333333333334,0.9430530319860436,0.9877223663953026,2.625643522056905,,,,,CHEMBL3979_EC50
99182118,mondrian_wstd,cliffA,cliff,15,14,0.9333333333333333,0.7018347012621998,0.9881331045067315,2.843504426018686,,,,,CHEMBL3979_EC50
99182118,mondrian_wstd,cliffA,noncliff,210,205,0.9761904761904762,0.945484236149039,0.9897880964611674,2.6100820289167777,,,,,CHEMBL3979_EC50
99182118,mondrian_wstd,__bins__,__summary__,-1,-1,,,,2.625643522056905,0.9534883720930233,0.046511627906976716,0.9333333333333333,0.06666666666666665,CHEMBL3979_EC50
99182118,mondrian_std,cliffB_oracle,all,225,218,0.9688888888888889,0.9371860845336941,0.9848496387454799,2.6399557348403686,,,,,CHEMBL3979_EC50
99182118,mondrian_std,cliffB_oracle,cliff,7,5,0.7142857142857143,0.35893445183261935,0.9177810759959433,2.7146361488504422,,,,,CHEMBL3979_EC50
99182118,mondrian_std,cliffB_oracle,noncliff,218,213,0.9770642201834863,0.9474421886575263,0.9901643394717282,2.637557739895091,,,,,CHEMBL3979_EC50
99182118,mondrian_std,cliffA,all,225,218,0.9688888888888889,0.9371860845336941,0.9848496387454799,2.6399557348403686,,,,,CHEMBL3979_EC50
99182118,mondrian_std,cliffA,cliff,15,13,0.8666666666666667,0.6211801716767764,0.9626387408969346,2.7076416755939405,,,,,CHEMBL3979_EC50
99182118,mondrian_std,cliffA,noncliff,210,205,0.9761904761904762,0.945484236149039,0.9897880964611674,2.635121024786542,,,,,CHEMBL3979_EC50
99182118,mondrian_std,__bins__,__summary__,-1,-1,,,,2.6399557348403686,0.9534883720930233,0.046511627906976716,0.9333333333333333,0.0444444444444444,CHEMBL3979_EC50
99182118,mondrian_iqr,cliffB_oracle,all,225,219,0.9733333333333334,0.9430530319860436,0.9877223663953026,2.7300114441022845,,,,,CHEMBL3979_EC50
99182118,mondrian_iqr,cliffB_oracle,cliff,7,6,0.8571428571428571,0.4868721707256811,0.9743203756552565,2.834866862778274,,,,,CHEMBL3979_EC50
99182118,mondrian_iqr,cliffB_oracle,noncliff,218,213,0.9770642201834863,0.9474421886575263,0.9901643394717282,2.7266445269888355,,,,,CHEMBL3979_EC50
99182118,mondrian_iqr,cliffA,all,225,219,0.9733333333333334,0.9430530319860436,0.9877223663953026,2.7300114441022845,,,,,CHEMBL3979_EC50
99182118,mondrian_iqr,cliffA,cliff,15,14,0.9333333333333333,0.7018347012621998,0.9881331045067315,2.7883575931131426,,,,,CHEMBL3979_EC50
99182118,mondrian_iqr,cliffA,noncliff,210,205,0.9761904761904762,0.945484236149039,0.9897880964611674,2.7258438620300804,,,,,CHEMBL3979_EC50
99182118,mondrian_iqr,__bins__,__summary__,-1,-1,,,,2.7300114441022845,0.9545454545454546,0.02584670231729047,0.9555555555555556,0.0444444444444444,CHEMBL3979_EC50
99182118,mondrian_nb,cliffB_oracle,all,225,212,0.9422222222222222,0.9036707428297666,0.9659269298363737,2.593976357392904,,,,,CHEMBL3979_EC50
99182118,mondrian_nb,cliffB_oracle,cliff,7,4,0.5714285714285714,0.2504583645276572,0.8417801447485302,2.738078091603552,,,,,CHEMBL3979_EC50
99182118,mondrian_nb,cliffB_oracle,noncliff,218,208,0.9541284403669725,0.9176338029543054,0.974895488245658,2.589349237487058,,,,,CHEMBL3979_EC50
99182118,mondrian_nb,cliffA,all,225,212,0.9422222222222222,0.9036707428297666,0.9659269298363737,2.593976357392904,,,,,CHEMBL3979_EC50
99182118,mondrian_nb,cliffA,cliff,15,12,0.8,0.5481455128483065,0.9295245065301844,2.5438060924541044,,,,,CHEMBL3979_EC50
99182118,mondrian_nb,cliffA,noncliff,210,200,0.9523809523809523,0.914577132446397,0.973931583533299,2.5975599477456757,,,,,CHEMBL3979_EC50
99182118,mondrian_nb,__bins__,__summary__,-1,-1,,,,2.593976357392904,0.8627450980392157,0.11452762923351156,0.8888888888888888,0.11111111111111116,CHEMBL3979_EC50
99182118,mondrian_nnsim,cliffB_oracle,all,225,215,0.9555555555555556,0.9201344388794461,0.975682259093211,2.3631850128609853,,,,,CHEMBL3979_EC50
99182118,mondrian_nnsim,cliffB_oracle,cliff,7,2,0.2857142857142857,0.08221892400405678,0.6410655481673808,1.9910281277613835,,,,,CHEMBL3979_EC50
99182118,mondrian_nnsim,cliffB_oracle,noncliff,218,213,0.9770642201834863,0.9474421886575263,0.9901643394717282,2.3751350045843673,,,,,CHEMBL3979_EC50
99182118,mondrian_nnsim,cliffA,all,225,215,0.9555555555555556,0.9201344388794461,0.975682259093211,2.3631850128609853,,,,,CHEMBL3979_EC50
99182118,mondrian_nnsim,cliffA,cliff,15,10,0.6666666666666666,0.41713547738519774,0.8482367556028526,1.970951107434513,,,,,CHEMBL3979_EC50
99182118,mondrian_nnsim,cliffA,noncliff,210,205,0.9761904761904762,0.945484236149039,0.9897880964611674,2.391201720391448,,,,,CHEMBL3979_EC50
99182118,mondrian_nnsim,__bins__,__summary__,-1,-1,,,,2.3631850128609853,0.8823529411764706,0.11764705882352944,0.9111111111111111,0.0888888888888889,CHEMBL3979_EC50
99182118,mondrian_pairgap,cliffB_oracle,all,225,216,0.96,0.9257408550633048,0.9788155180115246,2.487715332062374,,,,,CHEMBL3979_EC50
99182118,mondrian_pairgap,cliffB_oracle,cliff,7,5,0.7142857142857143,0.35893445183261935,0.9177810759959433,2.5678526596740325,,,,,CHEMBL3979_EC50
99182118,mondrian_pairgap,cliffB_oracle,noncliff,218,211,0.9678899082568807,0.9352151542643666,0.9843604790931714,2.485142115120715,,,,,CHEMBL3979_EC50
99182118,mondrian_pairgap,cliffA,all,225,216,0.96,0.9257408550633048,0.9788155180115246,2.487715332062374,,,,,CHEMBL3979_EC50
99182118,mondrian_pairgap,cliffA,cliff,15,13,0.8666666666666667,0.6211801716767764,0.9626387408969346,2.5818735448477788,,,,,CHEMBL3979_EC50
99182118,mondrian_pairgap,cliffA,noncliff,210,203,0.9666666666666667,0.9328056080047664,0.9837612779532359,2.4809897454348446,,,,,CHEMBL3979_EC50
99182118,mondrian_pairgap,__bins__,__summary__,-1,-1,,,,2.487715332062374,0.9019607843137255,0.0980392156862745,0.9111111111111111,0.0888888888888889,CHEMBL3979_EC50
99182118,mondrian_rfstd,cliffB_oracle,all,225,218,0.9688888888888889,0.9371860845336941,0.9848496387454799,2.4870750345935217,,,,,CHEMBL3979_EC50
99182118,mondrian_rfstd,cliffB_oracle,cliff,7,4,0.5714285714285714,0.2504583645276572,0.8417801447485302,2.4988363309476296,,,,,CHEMBL3979_EC50
99182118,mondrian_rfstd,cliffB_oracle,noncliff,218,214,0.981651376146789,0.9537799542832557,0.9928420212318569,2.4866973782885733,,,,,CHEMBL3979_EC50
99182118,mondrian_rfstd,cliffA,all,225,218,0.9688888888888889,0.9371860845336941,0.9848496387454799,2.4870750345935217,,,,,CHEMBL3979_EC50
99182118,mondrian_rfstd,cliffA,cliff,15,12,0.8,0.5481455128483065,0.9295245065301844,2.5302393355066197,,,,,CHEMBL3979_EC50
99182118,mondrian_rfstd,cliffA,noncliff,210,206,0.9809523809523809,0.952056618075792,0.9925684378605163,2.4839918702425865,,,,,CHEMBL3979_EC50
99182118,mondrian_rfstd,__bins__,__summary__,-1,-1,,,,2.4870750345935217,0.9534883720930233,0.046511627906976716,0.9333333333333333,0.06666666666666665,CHEMBL3979_EC50
89709943,global,cliffB_oracle,all,225,211,0.9377777777777778,0.8982807458593837,0.9625772517045844,2.467853916357755,,,,,CHEMBL3979_EC50
89709943,global,cliffB_oracle,cliff,7,7,1.0,0.6456695649333126,1.0,2.467853916357756,,,,,CHEMBL3979_EC50
89709943,global,cliffB_oracle,noncliff,218,204,0.9357798165137615,0.89510402515981,0.9613634764967206,2.467853916357755,,,,,CHEMBL3979_EC50
89709943,global,cliffA,all,225,211,0.9377777777777778,0.8982807458593837,0.9625772517045844,2.467853916357755,,,,,CHEMBL3979_EC50
89709943,global,cliffA,cliff,22,19,0.8636363636363636,0.6666501283342828,0.9525099628594474,2.4678539163577553,,,,,CHEMBL3979_EC50
89709943,global,cliffA,noncliff,203,192,0.9458128078817734,0.9055897143929976,0.9694766336784715,2.467853916357755,,,,,CHEMBL3979_EC50
89709943,global,__bins__,__summary__,-1,-1,,,,2.467853916357755,0.8979591836734694,0.07931354359925791,0.8666666666666667,0.1333333333333333,CHEMBL3979_EC50
89709943,mondrian_pair,cliffB_oracle,all,225,210,0.9333333333333333,0.8929319807473098,0.959186341714486,2.5167610929519006,,,,,CHEMBL3979_EC50
89709943,mondrian_pair,cliffB_oracle,cliff,7,7,1.0,0.6456695649333126,1.0,2.4725303879923137,,,,,CHEMBL3979_EC50
89709943,mondrian_pair,cliffB_oracle,noncliff,218,203,0.9311926605504587,0.8895902420660312,0.9578618122046411,2.518181344946016,,,,,CHEMBL3979_EC50
89709943,mondrian_pair,cliffA,all,225,210,0.9333333333333333,0.8929319807473098,0.959186341714486,2.5167610929519006,,,,,CHEMBL3979_EC50
89709943,mondrian_pair,cliffA,cliff,22,19,0.8636363636363636,0.6666501283342828,0.9525099628594474,2.4949832674177177,,,,,CHEMBL3979_EC50
89709943,mondrian_pair,cliffA,noncliff,203,191,0.9408866995073891,0.8995323041542583,0.9658648025020565,2.5191212513841768,,,,,CHEMBL3979_EC50
89709943,mondrian_pair,__bins__,__summary__,-1,-1,,,,2.5167610929519006,0.8775510204081632,0.09972170686456405,0.8444444444444444,0.15555555555555556,CHEMBL3979_EC50
89709943,mondrian_wstd,cliffB_oracle,all,225,209,0.9288888888888889,0.8876208930203195,0.9557577543393039,2.43336781541947,,,,,CHEMBL3979_EC50
89709943,mondrian_wstd,cliffB_oracle,cliff,7,7,1.0,0.6456695649333126,1.0,2.90104208657808,,,,,CHEMBL3979_EC50
89709943,mondrian_wstd,cliffB_oracle,noncliff,218,202,0.926605504587156,0.8841154715869262,0.954321135297888,2.41835075166667,,,,,CHEMBL3979_EC50
89709943,mondrian_wstd,cliffA,all,225,209,0.9288888888888889,0.8876208930203195,0.9557577543393039,2.43336781541947,,,,,CHEMBL3979_EC50
89709943,mondrian_wstd,cliffA,cliff,22,19,0.8636363636363636,0.6666501283342828,0.9525099628594474,2.655331297333887,,,,,CHEMBL3979_EC50
89709943,mondrian_wstd,cliffA,noncliff,203,190,0.9359605911330049,0.8935312814231224,0.962196583818038,2.409312659744016,,,,,CHEMBL3979_EC50
89709943,mondrian_wstd,__bins__,__summary__,-1,-1,,,,2.43336781541947,0.8636363636363636,0.09554730983302406,0.8888888888888888,0.0888888888888889,CHEMBL3979_EC50
89709943,mondrian_std,cliffB_oracle,all,225,213,0.9466666666666667,0.9091061689267013,0.9692311788416113,2.345541949658117,,,,,CHEMBL3979_EC50
89709943,mondrian_std,cliffB_oracle,cliff,7,7,1.0,0.6456695649333126,1.0,2.924270532109586,,,,,CHEMBL3979_EC50
89709943,mondrian_std,cliffB_oracle,noncliff,218,206,0.944954128440367,0.9062639731601905,0.9682344232680564,2.326958921781235,,,,,CHEMBL3979_EC50
89709943,mondrian_std,cliffA,all,225,213,0.9466666666666667,0.9091061689267013,0.9692311788416113,2.345541949658117,,,,,CHEMBL3979_EC50
89709943,mondrian_std,cliffA,cliff,22,19,0.8636363636363636,0.6666501283342828,0.9525099628594474,2.694210348430367,,,,,CHEMBL3979_EC50
89709943,mondrian_std,cliffA,noncliff,203,194,0.9556650246305419,0.9179022478011883,0.9765025831005897,2.307755226638464,,,,,CHEMBL3979_EC50
89709943,mondrian_std,__bins__,__summary__,-1,-1,,,,2.345541949658117,0.8636363636363636,0.13636363636363635,0.9111111111111111,0.0888888888888889,CHEMBL3979_EC50
89709943,mondrian_iqr,cliffB_oracle,all,225,212,0.9422222222222222,0.9036707428297666,0.9659269298363737,2.5226314935636327,,,,,CHEMBL3979_EC50
89709943,mondrian_iqr,cliffB_oracle,cliff,7,7,1.0,0.6456695649333126,1.0,2.7450922621503193,,,,,CHEMBL3979_EC50
89709943,mondrian_iqr,cliffB_oracle,noncliff,218,205,0.9403669724770642,0.9006604909642313,0.9648224580781575,2.5154882578750692,,,,,CHEMBL3979_EC50
89709943,mondrian_iqr,cliffA,all,225,212,0.9422222222222222,0.9036707428297666,0.9659269298363737,2.5226314935636327,,,,,CHEMBL3979_EC50
89709943,mondrian_iqr,cliffA,cliff,22,19,0.8636363636363636,0.6666501283342828,0.9525099628594474,2.538685003320026,,,,,CHEMBL3979_EC50
89709943,mondrian_iqr,cliffA,noncliff,203,193,0.9507389162561576,0.9117102585198593,0.9730253309667642,2.5208917043289496,,,,,CHEMBL3979_EC50
89709943,mondrian_iqr,__bins__,__summary__,-1,-1,,,,2.5226314935636327,0.9090909090909091,0.06818181818181823,0.8888888888888888,0.11111111111111116,CHEMBL3979_EC50
89709943,mondrian_nb,cliffB_oracle,all,225,212,0.9422222222222222,0.9036707428297666,0.9659269298363737,2.5923789019853465,,,,,CHEMBL3979_EC50
89709943,mondrian_nb,cliffB_oracle,cliff,7,7,1.0,0.6456695649333126,1.0,2.5633720008471337,,,,,CHEMBL3979_EC50
89709943,mondrian_nb,cliffB_oracle,noncliff,218,205,0.9403669724770642,0.9006604909642313,0.9648224580781575,2.593310316242078,,,,,CHEMBL3979_EC50
89709943,mondrian_nb,cliffA,all,225,212,0.9422222222222222,0.9036707428297666,0.9659269298363737,2.5923789019853465,,,,,CHEMBL3979_EC50
89709943,mondrian_nb,cliffA,cliff,22,19,0.8636363636363636,0.6666501283342828,0.9525099628594474,2.5176327099138995,,,,,CHEMBL3979_EC50
89709943,mondrian_nb,cliffA,noncliff,203,193,0.9507389162561576,0.9117102585198593,0.9730253309667642,2.600479474525109,,,,,CHEMBL3979_EC50
89709943,mondrian_nb,__bins__,__summary__,-1,-1,,,,2.5923789019853465,0.9318181818181818,0.022727272727272818,0.8888888888888888,0.11111111111111116,CHEMBL3979_EC50
89709943,mondrian_nnsim,cliffB_oracle,all,225,210,0.9333333333333333,0.8929319807473098,0.959186341714486,2.569789091891495,,,,,CHEMBL3979_EC50
89709943,mondrian_nnsim,cliffB_oracle,cliff,7,7,1.0,0.6456695649333126,1.0,2.945519234445584,,,,,CHEMBL3979_EC50
89709943,mondrian_nnsim,cliffB_oracle,noncliff,218,203,0.9311926605504587,0.8895902420660312,0.9578618122046411,2.557724362543428,,,,,CHEMBL3979_EC50
89709943,mondrian_nnsim,cliffA,all,225,210,0.9333333333333333,0.8929319807473098,0.959186341714486,2.569789091891495,,,,,CHEMBL3979_EC50
89709943,mondrian_nnsim,cliffA,cliff,22,19,0.8636363636363636,0.6666501283342828,0.9525099628594474,2.7403925863626326,,,,,CHEMBL3979_EC50
89709943,mondrian_nnsim,cliffA,noncliff,203,191,0.9408866995073891,0.8995323041542583,0.9658648025020565,2.551300043229599,,,,,CHEMBL3979_EC50
89709943,mondrian_nnsim,__bins__,__summary__,-1,-1,,,,2.569789091891495,0.9183673469387755,0.036178107606679055,0.8888888888888888,0.11111111111111116,CHEMBL3979_EC50
89709943,mondrian_pairgap,cliffB_oracle,all,225,212,0.9422222222222222,0.9036707428297666,0.9659269298363737,2.671638386797528,,,,,CHEMBL3979_EC50
89709943,mondrian_pairgap,cliffB_oracle,cliff,7,7,1.0,0.6456695649333126,1.0,2.7093340147316667,,,,,CHEMBL3979_EC50
89709943,mondrian_pairgap,cliffB_oracle,noncliff,218,205,0.9403669724770642,0.9006604909642313,0.9648224580781575,2.6704279767262484,,,,,CHEMBL3979_EC50
89709943,mondrian_pairgap,cliffA,all,225,212,0.9422222222222222,0.9036707428297666,0.9659269298363737,2.671638386797528,,,,,CHEMBL3979_EC50
89709943,mondrian_pairgap,cliffA,cliff,22,19,0.8636363636363636,0.6666501283342828,0.9525099628594474,2.7015854888985698,,,,,CHEMBL3979_EC50
89709943,mondrian_pairgap,cliffA,noncliff,203,193,0.9507389162561576,0.9117102585198593,0.9730253309667642,2.668392888047662,,,,,CHEMBL3979_EC50
89709943,mondrian_pairgap,__bins__,__summary__,-1,-1,,,,2.671638386797528,0.9183673469387755,0.05890538033395176,0.8666666666666667,0.1333333333333333,CHEMBL3979_EC50
89709943,mondrian_rfstd,cliffB_oracle,all,225,212,0.9422222222222222,0.9036707428297666,0.9659269298363737,2.634624205103723,,,,,CHEMBL3979_EC50
89709943,mondrian_rfstd,cliffB_oracle,cliff,7,7,1.0,0.6456695649333126,1.0,2.467529463491228,,,,,CHEMBL3979_EC50
89709943,mondrian_rfstd,cliffB_oracle,noncliff,218,205,0.9403669724770642,0.9006604909642313,0.9648224580781575,2.6399896325866927,,,,,CHEMBL3979_EC50
89709943,mondrian_rfstd,cliffA,all,225,212,0.9422222222222222,0.9036707428297666,0.9659269298363737,2.634624205103723,,,,,CHEMBL3979_EC50
89709943,mondrian_rfstd,cliffA,cliff,22,19,0.8636363636363636,0.6666501283342828,0.9525099628594474,2.614828979803765,,,,,CHEMBL3979_EC50
89709943,mondrian_rfstd,cliffA,noncliff,203,193,0.9507389162561576,0.9117102585198593,0.9730253309667642,2.6367695004564276,,,,,CHEMBL3979_EC50
89709943,mondrian_rfstd,__bins__,__summary__,-1,-1,,,,2.634624205103723,0.9318181818181818,0.045454545454545525,0.9111111111111111,0.06666666666666665,CHEMBL3979_EC50
86921808,global,cliffB_oracle,all,225,219,0.9733333333333334,0.9430530319860436,0.9877223663953026,2.681322159283057,,,,,CHEMBL3979_EC50
86921808,global,cliffB_oracle,cliff,12,11,0.9166666666666666,0.646120088858883,0.9851349055950829,2.681322159283057,,,,,CHEMBL3979_EC50
86921808,global,cliffB_oracle,noncliff,213,208,0.9765258215962441,0.9462353262426276,0.9899325131734519,2.6813221592830576,,,,,CHEMBL3979_EC50
86921808,global,cliffA,all,225,219,0.9733333333333334,0.9430530319860436,0.9877223663953026,2.681322159283057,,,,,CHEMBL3979_EC50
86921808,global,cliffA,cliff,22,20,0.9090909090909091,0.7218505315839417,0.9747045710090046,2.681322159283057,,,,,CHEMBL3979_EC50
86921808,global,cliffA,noncliff,203,199,0.9802955665024631,0.950439734687992,0.9923113032895579,2.6813221592830576,,,,,CHEMBL3979_EC50
86921808,global,__bins__,__summary__,-1,-1,,,,2.681322159283057,0.9433962264150944,0.05660377358490565,0.9555555555555556,0.0444444444444444,CHEMBL3979_EC50
86921808,mondrian_pair,cliffB_oracle,all,225,219,0.9733333333333334,0.9430530319860436,0.9877223663953026,2.6828682428817046,,,,,CHEMBL3979_EC50
86921808,mondrian_pair,cliffB_oracle,cliff,12,10,0.8333333333333334,0.5519691377470266,0.9530348578161463,2.5254456067440323,,,,,CHEMBL3979_EC50
86921808,mondrian_pair,cliffB_oracle,noncliff,213,209,0.9812206572769953,0.9527177201011988,0.9926734477820341,2.6917371237908694,,,,,CHEMBL3979_EC50
86921808,mondrian_pair,cliffA,all,225,219,0.9733333333333334,0.9430530319860436,0.9877223663953026,2.6828682428817046,,,,,CHEMBL3979_EC50
86921808,mondrian_pair,cliffA,cliff,22,19,0.8636363636363636,0.6666501283342828,0.9525099628594474,2.5772618349398178,,,,,CHEMBL3979_EC50
86921808,mondrian_pair,cliffA,noncliff,203,200,0.9852216748768473,0.9574587487272539,0.9949615306654502,2.6943132723138308,,,,,CHEMBL3979_EC50
86921808,mondrian_pair,__bins__,__summary__,-1,-1,,,,2.6828682428817046,0.9245283018867925,0.07547169811320753,0.9555555555555556,0.0444444444444444,CHEMBL3979_EC50
86921808,mondrian_wstd,cliffB_oracle,all,225,217,0.9644444444444444,0.9314207015809488,0.9818753465960528,2.5517734436987642,,,,,CHEMBL3979_EC50
86921808,mondrian_wstd,cliffB_oracle,cliff,12,11,0.9166666666666666,0.646120088858883,0.9851349055950829,2.6833911751920607,,,,,CHEMBL3979_EC50
86921808,mondrian_wstd,cliffB_oracle,noncliff,213,206,0.9671361502347418,0.9337298994623284,0.9839912830194442,2.544358360234353,,,,,CHEMBL3979_EC50
86921808,mondrian_wstd,cliffA,all,225,217,0.9644444444444444,0.9314207015809488,0.9818753465960528,2.5517734436987642,,,,,CHEMBL3979_EC50
86921808,mondrian_wstd,cliffA,cliff,22,20,0.9090909090909091,0.7218505315839417,0.9747045710090046,2.673008270132812,,,,,CHEMBL3979_EC50
86921808,mondrian_wstd,cliffA,noncliff,203,197,0.9704433497536946,0.9370275819576814,0.9863849731895598,2.5386346940359608,,,,,CHEMBL3979_EC50
86921808,mondrian_wstd,__bins__,__summary__,-1,-1,,,,2.5517734436987642,0.9302325581395349,0.06976744186046513,0.9333333333333333,0.06666666666666665,CHEMBL3979_EC50
86921808,mondrian_std,cliffB_oracle,all,225,220,0.9777777777777777,0.9490435540670101,0.9904715194165084,2.6142087728568995,,,,,CHEMBL3979_EC50
86921808,mondrian_std,cliffB_oracle,cliff,12,11,0.9166666666666666,0.646120088858883,0.9851349055950829,2.781796750022233,,,,,CHEMBL3979_EC50
86921808,mondrian_std,cliffB_oracle,noncliff,213,209,0.9812206572769953,0.9527177201011988,0.9926734477820341,2.6047671966785706,,,,,CHEMBL3979_EC50
86921808,mondrian_std,cliffA,all,225,220,0.9777777777777777,0.9490435540670101,0.9904715194165084,2.6142087728568995,,,,,CHEMBL3979_EC50
86921808,mondrian_std,cliffA,cliff,22,21,0.9545454545454546,0.7820195416134267,0.991930572378736,2.7944288175564633,,,,,CHEMBL3979_EC50
86921808,mondrian_std,cliffA,noncliff,203,199,0.9802955665024631,0.950439734687992,0.9923113032895579,2.5946775364855172,,,,,CHEMBL3979_EC50
86921808,mondrian_std,__bins__,__summary__,-1,-1,,,,2.6142087728568995,0.9534883720930233,0.046511627906976716,0.9333333333333333,0.06666666666666665,CHEMBL3979_EC50
86921808,mondrian_iqr,cliffB_oracle,all,225,220,0.9777777777777777,0.9490435540670101,0.9904715194165084,2.8275845770369217,,,,,CHEMBL3979_EC50
86921808,mondrian_iqr,cliffB_oracle,cliff,12,11,0.9166666666666666,0.646120088858883,0.9851349055950829,2.8938815393245734,,,,,CHEMBL3979_EC50
86921808,mondrian_iqr,cliffB_oracle,noncliff,213,209,0.9812206572769953,0.9527177201011988,0.9926734477820341,2.82384953690804,,,,,CHEMBL3979_EC50
86921808,mondrian_iqr,cliffA,all,225,220,0.9777777777777777,0.9490435540670101,0.9904715194165084,2.8275845770369217,,,,,CHEMBL3979_EC50
86921808,mondrian_iqr,cliffA,cliff,22,21,0.9545454545454546,0.7820195416134267,0.991930572378736,2.8753093305753996,,,,,CHEMBL3979_EC50
86921808,mondrian_iqr,cliffA,noncliff,203,199,0.9802955665024631,0.950439734687992,0.9923113032895579,2.822412436259352,,,,,CHEMBL3979_EC50
86921808,mondrian_iqr,__bins__,__summary__,-1,-1,,,,2.8275845770369217,0.9433962264150944,0.05660377358490565,0.9333333333333333,0.06666666666666665,CHEMBL3979_EC50
86921808,mondrian_nb,cliffB_oracle,all,225,218,0.9688888888888889,0.9371860845336941,0.9848496387454799,2.7113959699899137,,,,,CHEMBL3979_EC50
86921808,mondrian_nb,cliffB_oracle,cliff,12,10,0.8333333333333334,0.5519691377470266,0.9530348578161463,2.699748244504514,,,,,CHEMBL3979_EC50
86921808,mondrian_nb,cliffB_oracle,noncliff,213,208,0.9765258215962441,0.9462353262426276,0.9899325131734519,2.712052179876415,,,,,CHEMBL3979_EC50
86921808,mondrian_nb,cliffA,all,225,218,0.9688888888888889,0.9371860845336941,0.9848496387454799,2.7113959699899137,,,,,CHEMBL3979_EC50
86921808,mondrian_nb,cliffA,cliff,22,19,0.8636363636363636,0.6666501283342828,0.9525099628594474,2.704207063353823,,,,,CHEMBL3979_EC50
86921808,mondrian_nb,cliffA,noncliff,203,199,0.9802955665024631,0.950439734687992,0.9923113032895579,2.712175063319933,,,,,CHEMBL3979_EC50
86921808,mondrian_nb,__bins__,__summary__,-1,-1,,,,2.7113959699899137,0.9302325581395349,0.06976744186046513,0.9333333333333333,0.06666666666666665,CHEMBL3979_EC50
86921808,mondrian_nnsim,cliffB_oracle,all,225,216,0.96,0.9257408550633048,0.9788155180115246,2.693042989954797,,,,,CHEMBL3979_EC50
86921808,mondrian_nnsim,cliffB_oracle,cliff,12,10,0.8333333333333334,0.5519691377470266,0.9530348578161463,2.5368050395781996,,,,,CHEMBL3979_EC50
86921808,mondrian_nnsim,cliffB_oracle,noncliff,213,206,0.9671361502347418,0.9337298994623284,0.9839912830194442,2.701845128004183,,,,,CHEMBL3979_EC50
86921808,mondrian_nnsim,cliffA,all,225,216,0.96,0.9257408550633048,0.9788155180115246,2.693042989954797,,,,,CHEMBL3979_EC50
86921808,mondrian_nnsim,cliffA,cliff,22,19,0.8636363636363636,0.6666501283342828,0.9525099628594474,2.5135707865971346,,,,,CHEMBL3979_EC50
86921808,mondrian_nnsim,cliffA,noncliff,203,197,0.9704433497536946,0.9370275819576814,0.9863849731895598,2.712493179481243,,,,,CHEMBL3979_EC50
86921808,mondrian_nnsim,__bins__,__summary__,-1,-1,,,,2.693042989954797,0.9069767441860465,0.09302325581395354,0.9333333333333333,0.06666666666666665,CHEMBL3979_EC50
86921808,mondrian_pairgap,cliffB_oracle,all,225,220,0.9777777777777777,0.9490435540670101,0.9904715194165084,2.7369540755544155,,,,,CHEMBL3979_EC50
86921808,mondrian_pairgap,cliffB_oracle,cliff,12,10,0.8333333333333334,0.5519691377470266,0.9530348578161463,2.5858079985744147,,,,,CHEMBL3979_EC50
86921808,mondrian_pairgap,cliffB_oracle,noncliff,213,210,0.9859154929577465,0.9594158554608374,0.9951986408895492,2.7454693474969507,,,,,CHEMBL3979_EC50
86921808,mondrian_pairgap,cliffA,all,225,220,0.9777777777777777,0.9490435540670101,0.9904715194165084,2.7369540755544155,,,,,CHEMBL3979_EC50
86921808,mondrian_pairgap,cliffA,cliff,22,20,0.9090909090909091,0.7218505315839417,0.9747045710090046,2.637299288180998,,,,,CHEMBL3979_EC50
86921808,mondrian_pairgap,cliffA,noncliff,203,200,0.9852216748768473,0.9574587487272539,0.9949615306654502,2.7477541017722245,,,,,CHEMBL3979_EC50
86921808,mondrian_pairgap,__bins__,__summary__,-1,-1,,,,2.7369540755544155,0.9245283018867925,0.07547169811320753,0.9555555555555556,0.0444444444444444,CHEMBL3979_EC50
86921808,mondrian_rfstd,cliffB_oracle,all,225,218,0.9688888888888889,0.9371860845336941,0.9848496387454799,2.6539050239201374,,,,,CHEMBL3979_EC50
86921808,mondrian_rfstd,cliffB_oracle,cliff,12,9,0.75,0.46769466506643426,0.9110583316059453,2.553449585854571,,,,,CHEMBL3979_EC50
86921808,mondrian_rfstd,cliffB_oracle,noncliff,213,209,0.9812206572769953,0.9527177201011988,0.9926734477820341,2.659564485219606,,,,,CHEMBL3979_EC50
86921808,mondrian_rfstd,cliffA,all,225,218,0.9688888888888889,0.9371860845336941,0.9848496387454799,2.6539050239201374,,,,,CHEMBL3979_EC50
86921808,mondrian_rfstd,cliffA,cliff,22,19,0.8636363636363636,0.6666501283342828,0.9525099628594474,2.6129492472413176,,,,,CHEMBL3979_EC50
86921808,mondrian_rfstd,cliffA,noncliff,203,199,0.9802955665024631,0.950439734687992,0.9923113032895579,2.65834358099863,,,,,CHEMBL3979_EC50
86921808,mondrian_rfstd,__bins__,__summary__,-1,-1,,,,2.6539050239201374,0.9245283018867925,0.07547169811320753,0.9111111111111111,0.0888888888888889,CHEMBL3979_EC50
71339737,global,cliffB_oracle,all,265,249,0.939622641509434,0.9041844383998434,0.962497363663287,2.7251010900187964,,,,,CHEMBL287_Ki
71339737,global,cliffB_oracle,cliff,8,5,0.625,0.30574239460262737,0.8631557141764026,2.7251010900187964,,,,,CHEMBL287_Ki
71339737,global,cliffB_oracle,noncliff,257,244,0.9494163424124513,0.9153918984300381,0.970203516671487,2.7251010900187964,,,,,CHEMBL287_Ki
71339737,global,cliffA,all,265,249,0.939622641509434,0.9041844383998434,0.962497363663287,2.7251010900187964,,,,,CHEMBL287_Ki
71339737,global,cliffA,cliff,15,12,0.8,0.5481455128483065,0.9295245065301844,2.7251010900187964,,,,,CHEMBL287_Ki
71339737,global,cliffA,noncliff,250,237,0.948,0.9130782188162728,0.9693623448358087,2.725101090018797,,,,,CHEMBL287_Ki
71339737,global,__bins__,__summary__,-1,-1,,,,2.7251010900187964,0.8888888888888888,0.11111111111111116,0.8679245283018868,0.13207547169811318,CHEMBL287_Ki
71339737,mondrian_pair,cliffB_oracle,all,265,249,0.939622641509434,0.9041844383998434,0.962497363663287,2.7785309285411395,,,,,CHEMBL287_Ki
71339737,mondrian_pair,cliffB_oracle,cliff,8,5,0.625,0.30574239460262737,0.8631557141764026,2.864703017221971,,,,,CHEMBL287_Ki
71339737,mondrian_pair,cliffB_oracle,noncliff,257,244,0.9494163424124513,0.9153918984300381,0.970203516671487,2.7758485288934875,,,,,CHEMBL287_Ki
71339737,mondrian_pair,cliffA,all,265,249,0.939622641509434,0.9041844383998434,0.962497363663287,2.7785309285411395,,,,,CHEMBL287_Ki
71339737,mondrian_pair,cliffA,cliff,15,12,0.8,0.5481455128483065,0.9295245065301844,2.904669865034958,,,,,CHEMBL287_Ki
71339737,mondrian_pair,cliffA,noncliff,250,237,0.948,0.9130782188162728,0.9693623448358087,2.7709625923515104,,,,,CHEMBL287_Ki
71339737,mondrian_pair,__bins__,__summary__,-1,-1,,,,2.7785309285411395,0.8888888888888888,0.11111111111111116,0.8679245283018868,0.13207547169811318,CHEMBL287_Ki
71339737,mondrian_wstd,cliffB_oracle,all,265,247,0.9320754716981132,0.8951971603015715,0.9566059842154108,2.8302269004663727,,,,,CHEMBL287_Ki
71339737,mondrian_wstd,cliffB_oracle,cliff,8,5,0.625,0.30574239460262737,0.8631557141764026,2.8390915046727754,,,,,CHEMBL287_Ki
71339737,mondrian_wstd,cliffB_oracle,noncliff,257,242,0.9416342412451362,0.9059463787663443,0.9643140507922973,2.829950959479403,,,,,CHEMBL287_Ki
71339737,mondrian_wstd,cliffA,all,265,247,0.9320754716981132,0.8951971603015715,0.9566059842154108,2.8302269004663727,,,,,CHEMBL287_Ki
71339737,mondrian_wstd,cliffA,cliff,15,12,0.8,0.5481455128483065,0.9295245065301844,2.8661475538431613,,,,,CHEMBL287_Ki
71339737,mondrian_wstd,cliffA,noncliff,250,235,0.94,0.9033771072831172,0.9633055891608915,2.828071661263765,,,,,CHEMBL287_Ki
71339737,mondrian_wstd,__bins__,__summary__,-1,-1,,,,2.8302269004663727,0.8260869565217391,0.17391304347826086,0.8301886792452831,0.16981132075471694,CHEMBL287_Ki
71339737,mondrian_std,cliffB_oracle,all,265,247,0.9320754716981132,0.8951971603015715,0.9566059842154108,2.8388561550404274,,,,,CHEMBL287_Ki
71339737,mondrian_std,cliffB_oracle,cliff,8,5,0.625,0.30574239460262737,0.8631557141764026,2.887521822471437,,,,,CHEMBL287_Ki
71339737,mondrian_std,cliffB_oracle,noncliff,257,242,0.9416342412451362,0.9059463787663443,0.9643140507922973,2.8373412704511347,,,,,CHEMBL287_Ki
71339737,mondrian_std,cliffA,all,265,247,0.9320754716981132,0.8951971603015715,0.9566059842154108,2.8388561550404274,,,,,CHEMBL287_Ki
71339737,mondrian_std,cliffA,cliff,15,12,0.8,0.5481455128483065,0.9295245065301844,2.891977056669114,,,,,CHEMBL287_Ki
71339737,mondrian_std,cliffA,noncliff,250,235,0.94,0.9033771072831172,0.9633055891608915,2.8356689009427054,,,,,CHEMBL287_Ki
71339737,mondrian_std,__bins__,__summary__,-1,-1,,,,2.8388561550404274,0.8260869565217391,0.17391304347826086,0.8301886792452831,0.16981132075471694,CHEMBL287_Ki
71339737,mondrian_iqr,cliffB_oracle,all,265,243,0.9169811320754717,0.8775076864595288,0.9445381429651569,2.841023840358928,,,,,CHEMBL287_Ki
71339737,mondrian_iqr,cliffB_oracle,cliff,8,5,0.625,0.30574239460262737,0.8631557141764026,2.916352648643872,,,,,CHEMBL287_Ki
71339737,mondrian_iqr,cliffB_oracle,noncliff,257,238,0.9260700389105059,0.8874276597896547,0.95216279868322,2.8386789747313816,,,,,CHEMBL287_Ki
71339737,mondrian_iqr,cliffA,all,265,243,0.9169811320754717,0.8775076864595288,0.9445381429651569,2.841023840358928,,,,,CHEMBL287_Ki
71339737,mondrian_iqr,cliffA,cliff,15,11,0.7333333333333333,0.4804956594401943,0.8910254667430761,2.6904028758235485,,,,,CHEMBL287_Ki
71339737,mondrian_iqr,cliffA,noncliff,250,232,0.928,0.8890714648901645,0.953974430741735,2.850061098231051,,,,,CHEMBL287_Ki
71339737,mondrian_iqr,__bins__,__summary__,-1,-1,,,,2.841023840358928,0.8888888888888888,0.06763285024154597,0.8113207547169812,0.18867924528301883,CHEMBL287_Ki
71339737,mondrian_nb,cliffB_oracle,all,265,249,0.939622641509434,0.9041844383998434,0.962497363663287,2.963987828015503,,,,,CHEMBL287_Ki
71339737,mondrian_nb,cliffB_oracle,cliff,8,4,0.5,0.21521606221387757,0.7847839377861224,2.9424951052929114,,,,,CHEMBL287_Ki
71339737,mondrian_nb,cliffB_oracle,noncliff,257,245,0.953307392996109,0.9201718555109396,0.9730910523620274,2.9646568621858567,,,,,CHEMBL287_Ki
71339737,mondrian_nb,cliffA,all,265,249,0.939622641509434,0.9041844383998434,0.962497363663287,2.963987828015503,,,,,CHEMBL287_Ki
71339737,mondrian_nb,cliffA,cliff,15,10,0.6666666666666666,0.41713547738519774,0.8482367556028526,2.8440611111519236,,,,,CHEMBL287_Ki
71339737,mondrian_nb,cliffA,noncliff,250,239,0.956,0.9229422290276481,0.9752562018325064,2.971183431027319,,,,,CHEMBL287_Ki
71339737,mondrian_nb,__bins__,__summary__,-1,-1,,,,2.963987828015503,0.9130434782608695,0.0434782608695653,0.8490566037735849,0.15094339622641506,CHEMBL287_Ki
71339737,mondrian_nnsim,cliffB_oracle,all,265,253,0.9547169811320755,0.9225298228314659,0.9739092943239608,3.0472142456121456,,,,,CHEMBL287_Ki
71339737,mondrian_nnsim,cliffB_oracle,cliff,8,5,0.625,0.30574239460262737,0.8631557141764026,3.137204252310518,,,,,CHEMBL287_Ki
71339737,mondrian_nnsim,cliffB_oracle,noncliff,257,248,0.9649805447470817,0.9347966694919543,0.981468716695338,3.0444130002674488,,,,,CHEMBL287_Ki
71339737,mondrian_nnsim,cliffA,all,265,253,0.9547169811320755,0.9225298228314659,0.9739092943239608,3.0472142456121456,,,,,CHEMBL287_Ki
71339737,mondrian_nnsim,cliffA,cliff,15,12,0.8,0.5481455128483065,0.9295245065301844,3.0855536158626737,,,,,CHEMBL287_Ki
71339737,mondrian_nnsim,cliffA,noncliff,250,241,0.964,0.9330095775982306,0.9809467204699966,3.044913883397114,,,,,CHEMBL287_Ki
71339737,mondrian_nnsim,__bins__,__summary__,-1,-1,,,,3.0472142456121456,0.9135802469135802,0.0864197530864198,0.9056603773584906,0.09433962264150941,CHEMBL287_Ki
71339737,mondrian_pairgap,cliffB_oracle,all,265,251,0.9471698113207547,0.9132878093420418,0.9682726502672367,2.8902627455456766,,,,,CHEMBL287_Ki
71339737,mondrian_pairgap,cliffB_oracle,cliff,8,5,0.625,0.30574239460262737,0.8631557141764026,3.005611029423704,,,,,CHEMBL287_Ki
71339737,mondrian_pairgap,cliffB_oracle,noncliff,257,246,0.9571984435797666,0.9249955528060518,0.9759348478383569,2.8866721374872166,,,,,CHEMBL287_Ki
71339737,mondrian_pairgap,cliffA,all,265,251,0.9471698113207547,0.9132878093420418,0.9682726502672367,2.8902627455456766,,,,,CHEMBL287_Ki
71339737,mondrian_pairgap,cliffA,cliff,15,12,0.8,0.5481455128483065,0.9295245065301844,2.989545245432451,,,,,CHEMBL287_Ki
71339737,mondrian_pairgap,cliffA,noncliff,250,239,0.956,0.9229422290276481,0.9752562018325064,2.8843057955524705,,,,,CHEMBL287_Ki
71339737,mondrian_pairgap,__bins__,__summary__,-1,-1,,,,2.8902627455456766,0.8888888888888888,0.11111111111111116,0.9056603773584906,0.09433962264150941,CHEMBL287_Ki
71339737,mondrian_rfstd,cliffB_oracle,all,265,256,0.9660377358490566,0.9367257806282221,0.9820313228464268,3.1060961371757294,,,,,CHEMBL287_Ki
71339737,mondrian_rfstd,cliffB_oracle,cliff,8,5,0.625,0.30574239460262737,0.8631557141764026,3.219759198290549,,,,,CHEMBL287_Ki
71339737,mondrian_rfstd,cliffB_oracle,noncliff,257,251,0.9766536964980544,0.9500105984228041,0.9892572660788134,3.1025579874134004,,,,,CHEMBL287_Ki
71339737,mondrian_rfstd,cliffA,all,265,256,0.9660377358490566,0.9367257806282221,0.9820313228464268,3.1060961371757294,,,,,CHEMBL287_Ki
71339737,mondrian_rfstd,cliffA,cliff,15,12,0.8,0.5481455128483065,0.9295245065301844,3.156829351418982,,,,,CHEMBL287_Ki
71339737,mondrian_rfstd,cliffA,noncliff,250,244,0.976,0.9486378761864735,0.9889552226938632,3.1030521443211345,,,,,CHEMBL287_Ki
71339737,mondrian_rfstd,__bins__,__summary__,-1,-1,,,,3.1060961371757294,0.9259259259259259,0.07407407407407407,0.9245283018867925,0.07547169811320753,CHEMBL287_Ki
99182118,global,cliffB_oracle,all,265,251,0.9471698113207547,0.9132878093420418,0.9682726502672367,3.3993289652904206,,,,,CHEMBL287_Ki
99182118,global,cliffB_oracle,cliff,7,7,1.0,0.6456695649333126,1.0,3.3993289652904193,,,,,CHEMBL287_Ki
99182118,global,cliffB_oracle,noncliff,258,244,0.9457364341085271,0.9109895919315804,0.9674045364692289,3.399328965290421,,,,,CHEMBL287_Ki
99182118,global,cliffA,all,265,251,0.9471698113207547,0.9132878093420418,0.9682726502672367,3.3993289652904206,,,,,CHEMBL287_Ki
99182118,global,cliffA,cliff,16,16,1.0,0.8063923194655637,1.0,3.3993289652904206,,,,,CHEMBL287_Ki
99182118,global,cliffA,noncliff,249,235,0.9437751004016064,0.9078494839660557,0.9662160313603886,3.399328965290421,,,,,CHEMBL287_Ki
99182118,global,__bins__,__summary__,-1,-1,,,,3.3993289652904206,0.9125,0.06622340425531914,0.9056603773584906,0.09433962264150941,CHEMBL287_Ki
99182118,mondrian_pair,cliffB_oracle,all,265,255,0.9622641509433962,0.9319420719521235,0.9793757027494513,3.398691690448258,,,,,CHEMBL287_Ki
99182118,mondrian_pair,cliffB_oracle,cliff,7,7,1.0,0.6456695649333126,1.0,3.247557687112529,,,,,CHEMBL287_Ki
99182118,mondrian_pair,cliffB_oracle,noncliff,258,248,0.9612403100775194,0.9301344112122186,0.9788125564373146,3.4027922254224836,,,,,CHEMBL287_Ki
99182118,mondrian_pair,cliffA,all,265,255,0.9622641509433962,0.9319420719521235,0.9793757027494513,3.398691690448258,,,,,CHEMBL287_Ki
99182118,mondrian_pair,cliffA,cliff,16,16,1.0,0.8063923194655637,1.0,3.2018379258294614,,,,,CHEMBL287_Ki
99182118,mondrian_pair,cliffA,noncliff,249,239,0.9598393574297188,0.9276642205216212,0.9780416754501242,3.41134092833541,,,,,CHEMBL287_Ki
99182118,mondrian_pair,__bins__,__summary__,-1,-1,,,,3.398691690448258,0.9130434782608695,0.08695652173913049,0.9245283018867925,0.07547169811320753,CHEMBL287_Ki
99182118,mondrian_wstd,cliffB_oracle,all,265,254,0.9584905660377359,0.9272122034528364,0.9766662424756644,3.55289224530336,,,,,CHEMBL287_Ki
99182118,mondrian_wstd,cliffB_oracle,cliff,7,7,1.0,0.6456695649333126,1.0,3.582189713636782,,,,,CHEMBL287_Ki
99182118,mondrian_wstd,cliffB_oracle,noncliff,258,247,0.9573643410852714,0.9252799878046107,0.9760287700327415,3.5520973527516775,,,,,CHEMBL287_Ki
99182118,mondrian_wstd,cliffA,all,265,254,0.9584905660377359,0.9272122034528364,0.9766662424756644,3.55289224530336,,,,,CHEMBL287_Ki
99182118,mondrian_wstd,cliffA,cliff,16,16,1.0,0.8063923194655637,1.0,3.7026816011665398,,,,,CHEMBL287_Ki
99182118,mondrian_wstd,cliffA,noncliff,249,238,0.9558232931726908,0.9226396858629587,0.9751561149474616,3.5432672264527136,,,,,CHEMBL287_Ki
99182118,mondrian_wstd,__bins__,__summary__,-1,-1,,,,3.55289224530336,0.9130434782608695,0.08695652173913049,0.9245283018867925,0.07547169811320753,CHEMBL287_Ki
99182118,mondrian_std,cliffB_oracle,all,265,254,0.9584905660377359,0.9272122034528364,0.9766662424756644,3.554572289869406,,,,,CHEMBL287_Ki
99182118,mondrian_std,cliffB_oracle,cliff,7,7,1.0,0.6456695649333126,1.0,3.610834108740477,,,,,CHEMBL287_Ki
99182118,mondrian_std,cliffB_oracle,noncliff,258,247,0.9573643410852714,0.9252799878046107,0.9760287700327415,3.553045806411664,,,,,CHEMBL287_Ki
99182118,mondrian_std,cliffA,all,265,254,0.9584905660377359,0.9272122034528364,0.9766662424756644,3.554572289869406,,,,,CHEMBL287_Ki
99182118,mondrian_std,cliffA,cliff,16,16,1.0,0.8063923194655637,1.0,3.727745446882272,,,,,CHEMBL287_Ki
99182118,mondrian_std,cliffA,noncliff,249,238,0.9558232931726908,0.9226396858629587,0.9751561149474616,3.5434446974509086,,,,,CHEMBL287_Ki
99182118,mondrian_std,__bins__,__summary__,-1,-1,,,,3.554572289869406,0.9130434782608695,0.08695652173913049,0.9245283018867925,0.07547169811320753,CHEMBL287_Ki
99182118,mondrian_iqr,cliffB_oracle,all,265,252,0.9509433962264151,0.9178897754571904,0.9711100129251622,3.388607259282961,,,,,CHEMBL287_Ki
99182118,mondrian_iqr,cliffB_oracle,cliff,7,6,0.8571428571428571,0.4868721707256811,0.9743203756552565,3.1123614426778863,,,,,CHEMBL287_Ki
99182118,mondrian_iqr,cliffB_oracle,noncliff,258,246,0.9534883720930233,0.9204744194483007,0.9731961285768705,3.396102300818757,,,,,CHEMBL287_Ki
99182118,mondrian_iqr,cliffA,all,265,252,0.9509433962264151,0.9178897754571904,0.9711100129251622,3.388607259282961,,,,,CHEMBL287_Ki
99182118,mondrian_iqr,cliffA,cliff,16,13,0.8125,0.5699111903802586,0.9340840092857187,2.9720761290680446,,,,,CHEMBL287_Ki
99182118,mondrian_iqr,cliffA,noncliff,249,239,0.9598393574297188,0.9276642205216212,0.9780416754501242,3.415372311826891,,,,,CHEMBL287_Ki
99182118,mondrian_iqr,__bins__,__summary__,-1,-1,,,,3.388607259282961,0.9,0.09999999999999998,0.8867924528301887,0.1132075471698113,CHEMBL287_Ki
99182118,mondrian_nb,cliffB_oracle,all,265,250,0.9433962264150944,0.9087203675663175,0.965400763269887,3.4193539858188604,,,,,CHEMBL287_Ki
99182118,mondrian_nb,cliffB_oracle,cliff,7,7,1.0,0.6456695649333126,1.0,3.536244739335243,,,,,CHEMBL287_Ki
99182118,mondrian_nb,cliffB_oracle,noncliff,258,243,0.9418604651162791,0.906302309666425,0.9644536089222032,3.4161825312660903,,,,,CHEMBL287_Ki
99182118,mondrian_nb,cliffA,all,265,250,0.9433962264150944,0.9087203675663175,0.965400763269887,3.4193539858188604,,,,,CHEMBL287_Ki
99182118,mondrian_nb,cliffA,cliff,16,16,1.0,0.8063923194655637,1.0,3.64770628630688,,,,,CHEMBL287_Ki
99182118,mondrian_nb,cliffA,noncliff,249,234,0.9397590361445783,0.902998569262111,0.9631568509030082,3.4046807456268584,,,,,CHEMBL287_Ki
99182118,mondrian_nb,__bins__,__summary__,-1,-1,,,,3.4193539858188604,0.9125,0.06622340425531914,0.8867924528301887,0.1132075471698113,CHEMBL287_Ki
99182118,mondrian_nnsim,cliffB_oracle,all,265,254,0.9584905660377359,0.9272122034528364,0.9766662424756644,3.550881501301982,,,,,CHEMBL287_Ki
99182118,mondrian_nnsim,cliffB_oracle,cliff,7,7,1.0,0.6456695649333126,1.0,3.906620550119104,,,,,CHEMBL287_Ki
99182118,mondrian_nnsim,cliffB_oracle,noncliff,258,247,0.9573643410852714,0.9252799878046107,0.9760287700327415,3.541229666644154,,,,,CHEMBL287_Ki
99182118,mondrian_nnsim,cliffA,all,265,254,0.9584905660377359,0.9272122034528364,0.9766662424756644,3.550881501301982,,,,,CHEMBL287_Ki
99182118,mondrian_nnsim,cliffA,cliff,16,16,1.0,0.8063923194655637,1.0,3.720608740374731,,,,,CHEMBL287_Ki
99182118,mondrian_nnsim,cliffA,noncliff,249,238,0.9558232931726908,0.9226396858629587,0.9751561149474616,3.539975333329436,,,,,CHEMBL287_Ki
99182118,mondrian_nnsim,__bins__,__summary__,-1,-1,,,,3.550881501301982,0.9130434782608695,0.08695652173913049,0.9245283018867925,0.07547169811320753,CHEMBL287_Ki
99182118,mondrian_pairgap,cliffB_oracle,all,265,254,0.9584905660377359,0.9272122034528364,0.9766662424756644,3.489967715275409,,,,,CHEMBL287_Ki
99182118,mondrian_pairgap,cliffB_oracle,cliff,7,7,1.0,0.6456695649333126,1.0,3.4693559878735742,,,,,CHEMBL287_Ki
99182118,mondrian_pairgap,cliffB_oracle,noncliff,258,247,0.9573643410852714,0.9252799878046107,0.9760287700327415,3.4905269481894123,,,,,CHEMBL287_Ki
99182118,mondrian_pairgap,cliffA,all,265,254,0.9584905660377359,0.9272122034528364,0.9766662424756644,3.489967715275409,,,,,CHEMBL287_Ki
99182118,mondrian_pairgap,cliffA,cliff,16,16,1.0,0.8063923194655637,1.0,3.460602610050681,,,,,CHEMBL287_Ki
99182118,mondrian_pairgap,cliffA,noncliff,249,238,0.9558232931726908,0.9226396858629587,0.9751561149474616,3.4918546296673596,,,,,CHEMBL287_Ki
99182118,mondrian_pairgap,__bins__,__summary__,-1,-1,,,,3.489967715275409,0.9130434782608695,0.08695652173913049,0.9245283018867925,0.07547169811320753,CHEMBL287_Ki
99182118,mondrian_rfstd,cliffB_oracle,all,265,253,0.9547169811320755,0.9225298228314659,0.9739092943239608,3.3510838206313696,,,,,CHEMBL287_Ki
99182118,mondrian_rfstd,cliffB_oracle,cliff,7,6,0.8571428571428571,0.4868721707256811,0.9743203756552565,3.489025702345327,,,,,CHEMBL287_Ki
99182118,mondrian_rfstd,cliffB_oracle,noncliff,258,247,0.9573643410852714,0.9252799878046107,0.9760287700327415,3.3473412114375796,,,,,CHEMBL287_Ki
99182118,mondrian_rfstd,cliffA,all,265,253,0.9547169811320755,0.9225298228314659,0.9739092943239608,3.3510838206313696,,,,,CHEMBL287_Ki
99182118,mondrian_rfstd,cliffA,cliff,16,14,0.875,0.639771727342413,0.9650225122567595,3.1900816285693536,,,,,CHEMBL287_Ki
99182118,mondrian_rfstd,cliffA,noncliff,249,239,0.9598393574297188,0.9276642205216212,0.9780416754501242,3.361429343012864,,,,,CHEMBL287_Ki
99182118,mondrian_rfstd,__bins__,__summary__,-1,-1,,,,3.3510838206313696,0.9130434782608695,0.08695652173913049,0.9245283018867925,0.05660377358490565,CHEMBL287_Ki
89709943,global,cliffB_oracle,all,265,237,0.8943396226415095,0.8515296547884244,0.925880201997817,2.313558995621392,,,,,CHEMBL287_Ki
89709943,global,cliffB_oracle,cliff,8,7,0.875,0.5291118177871464,0.9775825085499433,2.313558995621392,,,,,CHEMBL287_Ki
89709943,global,cliffB_oracle,noncliff,257,230,0.8949416342412452,0.8514623338127147,0.9267881824886257,2.313558995621392,,,,,CHEMBL287_Ki
89709943,global,cliffA,all,265,237,0.8943396226415095,0.8515296547884244,0.925880201997817,2.313558995621392,,,,,CHEMBL287_Ki
89709943,global,cliffA,cliff,18,17,0.9444444444444444,0.7424269921812741,0.990124809021697,2.313558995621392,,,,,CHEMBL287_Ki
89709943,global,cliffA,noncliff,247,220,0.8906882591093117,0.8456303711698936,0.9237799205233936,2.3135589956213924,,,,,CHEMBL287_Ki
89709943,global,__bins__,__summary__,-1,-1,,,,2.313558995621392,0.8,0.19999999999999996,0.7547169811320755,0.2264150943396226,CHEMBL287_Ki
89709943,mondrian_pair,cliffB_oracle,all,265,241,0.909433962264151,0.8687824575720593,0.9383847143064783,2.437942132382499,,,,,CHEMBL287_Ki
89709943,mondrian_pair,cliffB_oracle,cliff,8,8,1.0,0.6755924351161198,1.0,2.4169947631162447,,,,,CHEMBL287_Ki
89709943,mondrian_pair,cliffB_oracle,noncliff,257,233,0.9066147859922179,0.8648113106276045,0.9364416839880612,2.438594190569775,,,,,CHEMBL287_Ki
89709943,mondrian_pair,cliffA,all,265,241,0.909433962264151,0.8687824575720593,0.9383847143064783,2.437942132382499,,,,,CHEMBL287_Ki
89709943,mondrian_pair,cliffA,cliff,18,18,1.0,0.8241207763533425,1.0,2.413163808764584,,,,,CHEMBL287_Ki
89709943,mondrian_pair,cliffA,noncliff,247,223,0.902834008097166,0.8594963503434943,0.9338334322832631,2.439747840176517,,,,,CHEMBL287_Ki
89709943,mondrian_pair,__bins__,__summary__,-1,-1,,,,2.437942132382499,0.8285714285714286,0.17142857142857137,0.7735849056603774,0.2075471698113207,CHEMBL287_Ki
89709943,mondrian_wstd,cliffB_oracle,all,265,242,0.9132075471698113,0.8731360863160538,0.9414704143355579,2.4703159715511687,,,,,CHEMBL287_Ki
89709943,mondrian_wstd,cliffB_oracle,cliff,8,6,0.75,0.40927543031016883,0.9285207872478909,2.19592994398578,,,,,CHEMBL287_Ki
89709943,mondrian_wstd,cliffB_oracle,noncliff,257,236,0.9182879377431906,0.8783193808634348,0.9459360920665562,2.4788571708528147,,,,,CHEMBL287_Ki
89709943,mondrian_wstd,cliffA,all,265,242,0.9132075471698113,0.8731360863160538,0.9414704143355579,2.4703159715511687,,,,,CHEMBL287_Ki
89709943,mondrian_wstd,cliffA,cliff,18,16,0.8888888888888888,0.672002348698212,0.9689804773543876,2.396833517771875,,,,,CHEMBL287_Ki
89709943,mondrian_wstd,cliffA,noncliff,247,226,0.9149797570850202,0.8735288571181066,0.9437204164421209,2.4756709681828575,,,,,CHEMBL287_Ki
89709943,mondrian_wstd,__bins__,__summary__,-1,-1,,,,2.4703159715511687,0.8163265306122449,0.18367346938775508,0.7924528301886793,0.16981132075471694,CHEMBL287_Ki
89709943,mondrian_std,cliffB_oracle,all,265,246,0.9283018867924528,0.8907416468181908,0.9536221689257174,2.5365164041854382,,,,,CHEMBL287_Ki
89709943,mondrian_std,cliffB_oracle,cliff,8,7,0.875,0.5291118177871464,0.9775825085499433,2.3319674799594017,,,,,CHEMBL287_Ki
89709943,mondrian_std,cliffB_oracle,noncliff,257,239,0.9299610894941635,0.8920168291541868,0.9552411220901296,2.542883685873408,,,,,CHEMBL287_Ki
89709943,mondrian_std,cliffA,all,265,246,0.9283018867924528,0.8907416468181908,0.9536221689257174,2.5365164041854382,,,,,CHEMBL287_Ki
89709943,mondrian_std,cliffA,cliff,18,17,0.9444444444444444,0.7424269921812741,0.990124809021697,2.51233966300067,,,,,CHEMBL287_Ki
89709943,mondrian_std,cliffA,noncliff,247,229,0.9271255060728745,0.8877594229505857,0.9534093415431119,2.538278271964085,,,,,CHEMBL287_Ki
89709943,mondrian_std,__bins__,__summary__,-1,-1,,,,2.5365164041854382,0.8163265306122449,0.18367346938775508,0.8113207547169812,0.16981132075471694,CHEMBL287_Ki
89709943,mondrian_iqr,cliffB_oracle,all,265,243,0.9169811320754717,0.8775076864595288,0.9445381429651569,2.775591690428355,,,,,CHEMBL287_Ki
89709943,mondrian_iqr,cliffB_oracle,cliff,8,8,1.0,0.6755924351161198,1.0,2.5233870842979944,,,,,CHEMBL287_Ki
89709943,mondrian_iqr,cliffB_oracle,noncliff,257,235,0.914396887159533,0.8737973450613741,0.9427906350971751,2.783442417467432,,,,,CHEMBL287_Ki
89709943,mondrian_iqr,cliffA,all,265,243,0.9169811320754717,0.8775076864595288,0.9445381429651569,2.775591690428355,,,,,CHEMBL287_Ki
89709943,mondrian_iqr,cliffA,cliff,18,18,1.0,0.8241207763533425,1.0,2.660827407807463,,,,,CHEMBL287_Ki
89709943,mondrian_iqr,cliffA,noncliff,247,225,0.9109311740890689,0.8688311144085348,0.9404449955072027,2.783955079445262,,,,,CHEMBL287_Ki
89709943,mondrian_iqr,__bins__,__summary__,-1,-1,,,,2.775591690428355,0.8428571428571429,0.136734693877551,0.7924528301886793,0.18867924528301883,CHEMBL287_Ki
89709943,mondrian_nb,cliffB_oracle,all,265,245,0.9245283018867925,0.8863092034399099,0.950615283530924,2.5724258489198553,,,,,CHEMBL287_Ki
89709943,mondrian_nb,cliffB_oracle,cliff,8,7,0.875,0.5291118177871464,0.9775825085499433,2.400616477308852,,,,,CHEMBL287_Ki
89709943,mondrian_nb,cliffB_oracle,noncliff,257,238,0.9260700389105059,0.8874276597896547,0.95216279868322,2.577774000565334,,,,,CHEMBL287_Ki
89709943,mondrian_nb,cliffA,all,265,245,0.9245283018867925,0.8863092034399099,0.950615283530924,2.5724258489198553,,,,,CHEMBL287_Ki
89709943,mondrian_nb,cliffA,cliff,18,17,0.9444444444444444,0.7424269921812741,0.990124809021697,2.371323106811074,,,,,CHEMBL287_Ki
89709943,mondrian_nb,cliffA,noncliff,247,228,0.9230769230769231,0.8829914880602124,0.9502041127889952,2.58708110947839,,,,,CHEMBL287_Ki
89709943,mondrian_nb,__bins__,__summary__,-1,-1,,,,2.5724258489198553,0.8571428571428571,0.10204081632653061,0.8301886792452831,0.13207547169811318,CHEMBL287_Ki
89709943,mondrian_nnsim,cliffB_oracle,all,265,241,0.909433962264151,0.8687824575720593,0.9383847143064783,2.5200104314552294,,,,,CHEMBL287_Ki
89709943,mondrian_nnsim,cliffB_oracle,cliff,8,8,1.0,0.6755924351161198,1.0,2.83290710829214,,,,,CHEMBL287_Ki
89709943,mondrian_nnsim,cliffB_oracle,noncliff,257,233,0.9066147859922179,0.8648113106276045,0.9364416839880612,2.5102704570789833,,,,,CHEMBL287_Ki
89709943,mondrian_nnsim,cliffA,all,265,241,0.909433962264151,0.8687824575720593,0.9383847143064783,2.5200104314552294,,,,,CHEMBL287_Ki
89709943,mondrian_nnsim,cliffA,cliff,18,18,1.0,0.8241207763533425,1.0,2.6604051621536815,,,,,CHEMBL287_Ki
89709943,mondrian_nnsim,cliffA,noncliff,247,223,0.902834008097166,0.8594963503434943,0.9338334322832631,2.5097792365055445,,,,,CHEMBL287_Ki
89709943,mondrian_nnsim,__bins__,__summary__,-1,-1,,,,2.5200104314552294,0.8571428571428571,0.12244897959183676,0.8490566037735849,0.09433962264150941,CHEMBL287_Ki
89709943,mondrian_pairgap,cliffB_oracle,all,265,242,0.9132075471698113,0.8731360863160538,0.9414704143355579,2.393393602799262,,,,,CHEMBL287_Ki
89709943,mondrian_pairgap,cliffB_oracle,cliff,8,7,0.875,0.5291118177871464,0.9775825085499433,2.22846778119452,,,,,CHEMBL287_Ki
89709943,mondrian_pairgap,cliffB_oracle,noncliff,257,235,0.914396887159533,0.8737973450613741,0.9427906350971751,2.398527480514585,,,,,CHEMBL287_Ki
89709943,mondrian_pairgap,cliffA,all,265,242,0.9132075471698113,0.8731360863160538,0.9414704143355579,2.393393602799262,,,,,CHEMBL287_Ki
89709943,mondrian_pairgap,cliffA,cliff,18,17,0.9444444444444444,0.7424269921812741,0.990124809021697,2.2223793245389643,,,,,CHEMBL287_Ki
89709943,mondrian_pairgap,cliffA,noncliff,247,225,0.9109311740890689,0.8688311144085348,0.9404449955072027,2.4058561817817936,,,,,CHEMBL287_Ki
89709943,mondrian_pairgap,__bins__,__summary__,-1,-1,,,,2.393393602799262,0.8285714285714286,0.17142857142857137,0.7735849056603774,0.2075471698113207,CHEMBL287_Ki
89709943,mondrian_rfstd,cliffB_oracle,all,265,247,0.9320754716981132,0.8951971603015715,0.9566059842154108,2.6635012255196475,,,,,CHEMBL287_Ki
89709943,mondrian_rfstd,cliffB_oracle,cliff,8,7,0.875,0.5291118177871464,0.9775825085499433,2.7907758583583187,,,,,CHEMBL287_Ki
89709943,mondrian_rfstd,cliffB_oracle,noncliff,257,240,0.933852140077821,0.8966316228187615,0.9582938211969966,2.6595393692445133,,,,,CHEMBL287_Ki
89709943,mondrian_rfstd,cliffA,all,265,247,0.9320754716981132,0.8951971603015715,0.9566059842154108,2.6635012255196475,,,,,CHEMBL287_Ki
89709943,mondrian_rfstd,cliffA,cliff,18,17,0.9444444444444444,0.7424269921812741,0.990124809021697,2.548832998177763,,,,,CHEMBL287_Ki
89709943,mondrian_rfstd,cliffA,noncliff,247,230,0.9311740890688259,0.8925541352229152,0.9565877929152724,2.671857614556708,,,,,CHEMBL287_Ki
89709943,mondrian_rfstd,__bins__,__summary__,-1,-1,,,,2.6635012255196475,0.8857142857142857,0.07346938775510203,0.9056603773584906,0.037735849056603765,CHEMBL287_Ki
86921808,global,cliffB_oracle,all,265,253,0.9547169811320755,0.9225298228314659,0.9739092943239608,3.0310594206911845,,,,,CHEMBL287_Ki
86921808,global,cliffB_oracle,cliff,10,9,0.9,0.5958499732047615,0.9821237869049271,3.0310594206911845,,,,,CHEMBL287_Ki
86921808,global,cliffB_oracle,noncliff,255,244,0.9568627450980393,0.9244201379982512,0.9757447778601657,3.031059420691184,,,,,CHEMBL287_Ki
86921808,global,cliffA,all,265,253,0.9547169811320755,0.9225298228314659,0.9739092943239608,3.0310594206911845,,,,,CHEMBL287_Ki
86921808,global,cliffA,cliff,16,15,0.9375,0.7167126242970107,0.9888806552353576,3.031059420691184,,,,,CHEMBL287_Ki
86921808,global,cliffA,noncliff,249,238,0.9558232931726908,0.9226396858629587,0.9751561149474616,3.0310594206911845,,,,,CHEMBL287_Ki
86921808,global,__bins__,__summary__,-1,-1,,,,3.0310594206911845,0.9347826086956522,0.0439407955596669,0.9056603773584906,0.09433962264150941,CHEMBL287_Ki
86921808,mondrian_pair,cliffB_oracle,all,265,251,0.9471698113207547,0.9132878093420418,0.9682726502672367,2.9615130494771345,,,,,CHEMBL287_Ki
86921808,mondrian_pair,cliffB_oracle,cliff,10,7,0.7,0.39677814746114537,0.8922087325936989,2.7975355206280845,,,,,CHEMBL287_Ki
86921808,mondrian_pair,cliffB_oracle,noncliff,255,244,0.9568627450980393,0.9244201379982512,0.9757447778601657,2.9679435408045487,,,,,CHEMBL287_Ki
86921808,mondrian_pair,cliffA,all,265,251,0.9471698113207547,0.9132878093420418,0.9682726502672367,2.9615130494771345,,,,,CHEMBL287_Ki
86921808,mondrian_pair,cliffA,cliff,16,13,0.8125,0.5699111903802586,0.9340840092857187,2.8132040465217143,,,,,CHEMBL287_Ki
86921808,mondrian_pair,cliffA,noncliff,249,238,0.9558232931726908,0.9226396858629587,0.9751561149474616,2.971042945249371,,,,,CHEMBL287_Ki
86921808,mondrian_pair,__bins__,__summary__,-1,-1,,,,2.9615130494771345,0.9240506329113924,0.054672771343926674,0.9056603773584906,0.07547169811320753,CHEMBL287_Ki
86921808,mondrian_wstd,cliffB_oracle,all,265,252,0.9509433962264151,0.9178897754571904,0.9711100129251622,3.0784383482500024,,,,,CHEMBL287_Ki
86921808,mondrian_wstd,cliffB_oracle,cliff,10,8,0.8,0.49016247153664183,0.9433178485456247,3.103863638473326,,,,,CHEMBL287_Ki
86921808,mondrian_wstd,cliffB_oracle,noncliff,255,244,0.9568627450980393,0.9244201379982512,0.9757447778601657,3.077441278045166,,,,,CHEMBL287_Ki
86921808,mondrian_wstd,cliffA,all,265,252,0.9509433962264151,0.9178897754571904,0.9711100129251622,3.0784383482500024,,,,,CHEMBL287_Ki
86921808,mondrian_wstd,cliffA,cliff,16,14,0.875,0.639771727342413,0.9650225122567595,3.073280445969823,,,,,CHEMBL287_Ki
86921808,mondrian_wstd,cliffA,noncliff,249,238,0.9558232931726908,0.9226396858629587,0.9751561149474616,3.0787697797218208,,,,,CHEMBL287_Ki
86921808,mondrian_wstd,__bins__,__summary__,-1,-1,,,,3.0784383482500024,0.9347826086956522,0.0439407955596669,0.9056603773584906,0.09433962264150941,CHEMBL287_Ki
86921808,mondrian_std,cliffB_oracle,all,265,252,0.9509433962264151,0.9178897754571904,0.9711100129251622,2.9841022000862236,,,,,CHEMBL287_Ki
86921808,mondrian_std,cliffB_oracle,cliff,10,9,0.9,0.5958499732047615,0.9821237869049271,3.119723266317935,,,,,CHEMBL287_Ki
86921808,mondrian_std,cliffB_oracle,noncliff,255,243,0.9529411764705882,0.9195597697036109,0.9728784086796263,2.9787837269006667,,,,,CHEMBL287_Ki
86921808,mondrian_std,cliffA,all,265,252,0.9509433962264151,0.9178897754571904,0.9711100129251622,2.9841022000862236,,,,,CHEMBL287_Ki
86921808,mondrian_std,cliffA,cliff,16,15,0.9375,0.7167126242970107,0.9888806552353576,3.0041527423075713,,,,,CHEMBL287_Ki
86921808,mondrian_std,cliffA,noncliff,249,237,0.9518072289156626,0.9176658840980011,0.9722198215510939,2.9828138118310363,,,,,CHEMBL287_Ki
86921808,mondrian_std,__bins__,__summary__,-1,-1,,,,2.9841022000862236,0.9130434782608695,0.0656799259944496,0.8867924528301887,0.1132075471698113,CHEMBL287_Ki
86921808,mondrian_iqr,cliffB_oracle,all,265,249,0.939622641509434,0.9041844383998434,0.962497363663287,3.148996077799309,,,,,CHEMBL287_Ki
86921808,mondrian_iqr,cliffB_oracle,cliff,10,7,0.7,0.39677814746114537,0.8922087325936989,3.1643762608819754,,,,,CHEMBL287_Ki
86921808,mondrian_iqr,cliffB_oracle,noncliff,255,242,0.9490196078431372,0.9147435080903211,0.9699679328177365,3.1483929333646947,,,,,CHEMBL287_Ki
86921808,mondrian_iqr,cliffA,all,265,249,0.939622641509434,0.9041844383998434,0.962497363663287,3.148996077799309,,,,,CHEMBL287_Ki
86921808,mondrian_iqr,cliffA,cliff,16,13,0.8125,0.5699111903802586,0.9340840092857187,3.1516503641245777,,,,,CHEMBL287_Ki
86921808,mondrian_iqr,cliffA,noncliff,249,236,0.9477911646586346,0.9127373261832638,0.9692382843045061,3.1488255212482876,,,,,CHEMBL287_Ki
86921808,mondrian_iqr,__bins__,__summary__,-1,-1,,,,3.148996077799309,0.9347826086956522,0.02266419981498613,0.8867924528301887,0.1132075471698113,CHEMBL287_Ki
86921808,mondrian_nb,cliffB_oracle,all,265,252,0.9509433962264151,0.9178897754571904,0.9711100129251622,3.0681653678101592,,,,,CHEMBL287_Ki
86921808,mondrian_nb,cliffB_oracle,cliff,10,7,0.7,0.39677814746114537,0.8922087325936989,2.8724811486818753,,,,,CHEMBL287_Ki
86921808,mondrian_nb,cliffB_oracle,noncliff,255,245,0.9607843137254902,0.9293299716614587,0.9785616816721379,3.0758392587563663,,,,,CHEMBL287_Ki
86921808,mondrian_nb,cliffA,all,265,252,0.9509433962264151,0.9178897754571904,0.9711100129251622,3.0681653678101592,,,,,CHEMBL287_Ki
86921808,mondrian_nb,cliffA,cliff,16,13,0.8125,0.5699111903802586,0.9340840092857187,2.8373597252652933,,,,,CHEMBL287_Ki
86921808,mondrian_nb,cliffA,noncliff,249,239,0.9598393574297188,0.9276642205216212,0.9780416754501242,3.0829962524716765,,,,,CHEMBL287_Ki
86921808,mondrian_nb,__bins__,__summary__,-1,-1,,,,3.0681653678101592,0.9347826086956522,0.0439407955596669,0.9245283018867925,0.05660377358490565,CHEMBL287_Ki
86921808,mondrian_nnsim,cliffB_oracle,all,265,254,0.9584905660377359,0.9272122034528364,0.9766662424756644,3.0914892485960914,,,,,CHEMBL287_Ki
86921808,mondrian_nnsim,cliffB_oracle,cliff,10,9,0.9,0.5958499732047615,0.9821237869049271,3.333950781852684,,,,,CHEMBL287_Ki
86921808,mondrian_nnsim,cliffB_oracle,noncliff,255,245,0.9607843137254902,0.9293299716614587,0.9785616816721379,3.0819809531742637,,,,,CHEMBL287_Ki
86921808,mondrian_nnsim,cliffA,all,265,254,0.9584905660377359,0.9272122034528364,0.9766662424756644,3.0914892485960914,,,,,CHEMBL287_Ki
86921808,mondrian_nnsim,cliffA,cliff,16,15,0.9375,0.7167126242970107,0.9888806552353576,3.20127363947143,,,,,CHEMBL287_Ki
86921808,mondrian_nnsim,cliffA,noncliff,249,239,0.9598393574297188,0.9276642205216212,0.9780416754501242,3.0844348299053066,,,,,CHEMBL287_Ki
86921808,mondrian_nnsim,__bins__,__summary__,-1,-1,,,,3.0914892485960914,0.9148936170212766,0.08510638297872342,0.8867924528301887,0.1132075471698113,CHEMBL287_Ki
86921808,mondrian_pairgap,cliffB_oracle,all,265,250,0.9433962264150944,0.9087203675663175,0.965400763269887,2.9393715827792493,,,,,CHEMBL287_Ki
86921808,mondrian_pairgap,cliffB_oracle,cliff,10,7,0.7,0.39677814746114537,0.8922087325936989,2.781222629567231,,,,,CHEMBL287_Ki
86921808,mondrian_pairgap,cliffB_oracle,noncliff,255,243,0.9529411764705882,0.9195597697036109,0.9728784086796263,2.945573502513054,,,,,CHEMBL287_Ki
86921808,mondrian_pairgap,cliffA,all,265,250,0.9433962264150944,0.9087203675663175,0.965400763269887,2.9393715827792493,,,,,CHEMBL287_Ki
86921808,mondrian_pairgap,cliffA,cliff,16,13,0.8125,0.5699111903802586,0.9340840092857187,2.7000591740937674,,,,,CHEMBL287_Ki
86921808,mondrian_pairgap,cliffA,noncliff,249,237,0.9518072289156626,0.9176658840980011,0.9722198215510939,2.9547490869518103,,,,,CHEMBL287_Ki
86921808,mondrian_pairgap,__bins__,__summary__,-1,-1,,,,2.9393715827792493,0.9347826086956522,0.02266419981498613,0.9056603773584906,0.07547169811320753,CHEMBL287_Ki
86921808,mondrian_rfstd,cliffB_oracle,all,265,253,0.9547169811320755,0.9225298228314659,0.9739092943239608,3.029187193076267,,,,,CHEMBL287_Ki
86921808,mondrian_rfstd,cliffB_oracle,cliff,10,8,0.8,0.49016247153664183,0.9433178485456247,3.046379055034594,,,,,CHEMBL287_Ki
86921808,mondrian_rfstd,cliffB_oracle,noncliff,255,245,0.9607843137254902,0.9293299716614587,0.9785616816721379,3.028513002411235,,,,,CHEMBL287_Ki
86921808,mondrian_rfstd,cliffA,all,265,253,0.9547169811320755,0.9225298228314659,0.9739092943239608,3.029187193076267,,,,,CHEMBL287_Ki
86921808,mondrian_rfstd,cliffA,cliff,16,14,0.875,0.639771727342413,0.9650225122567595,3.0272775070852447,,,,,CHEMBL287_Ki
86921808,mondrian_rfstd,cliffA,noncliff,249,239,0.9598393574297188,0.9276642205216212,0.9780416754501242,3.029309903822678,,,,,CHEMBL287_Ki
86921808,mondrian_rfstd,__bins__,__summary__,-1,-1,,,,3.029187193076267,0.9347826086956522,0.06521739130434778,0.9056603773584906,0.07547169811320753,CHEMBL287_Ki
