seed,method,group_def,side,n,k,coverage,ci_lo,ci_hi,mean_width,worst_d_wstd_cov,worst_d_wstd_spread,worst_rf_std_cov,worst_rf_std_spread,dataset
71339737,global,cliffB_oracle,all,629,568,0.9030206677265501,0.8773885646126776,0.9237599583440819,2.4430956837659994,,,,,CHEMBL233_Ki
71339737,global,cliffB_oracle,cliff,30,21,0.7,0.5212421254128504,0.8333525173175619,2.4430956837660003,,,,,CHEMBL233_Ki
71339737,global,cliffB_oracle,noncliff,599,547,0.9131886477462438,0.887926217047623,0.9331851925232144,2.443095683766,,,,,CHEMBL233_Ki
71339737,global,cliffA,all,629,568,0.9030206677265501,0.8773885646126776,0.9237599583440819,2.4430956837659994,,,,,CHEMBL233_Ki
71339737,global,cliffA,cliff,55,45,0.8181818181818182,0.6966954036336236,0.8981232956555033,2.4430956837659994,,,,,CHEMBL233_Ki
71339737,global,cliffA,noncliff,574,523,0.9111498257839721,0.8850571390042522,0.9317759088758634,2.443095683766,,,,,CHEMBL233_Ki
71339737,global,__bins__,__summary__,-1,-1,,,,2.4430956837659994,0.8157894736842105,0.15754385964912287,0.7974683544303798,0.17721518987341767,CHEMBL233_Ki
71339737,mondrian_pair,cliffB_oracle,all,629,567,0.9014308426073132,0.8756425818358458,0.9223455919179284,2.443294604083511,,,,,CHEMBL233_Ki
71339737,mondrian_pair,cliffB_oracle,cliff,30,20,0.6666666666666666,0.4878005164454384,0.8076950191632386,2.2751235749016003,,,,,CHEMBL233_Ki
71339737,mondrian_pair,cliffB_oracle,noncliff,599,547,0.9131886477462438,0.887926217047623,0.9331851925232144,2.45171719319112,,,,,CHEMBL233_Ki
71339737,mondrian_pair,cliffA,all,629,567,0.9014308426073132,0.8756425818358458,0.9223455919179284,2.443294604083511,,,,,CHEMBL233_Ki
71339737,mondrian_pair,cliffA,cliff,55,43,0.7818181818181819,0.6562996597815998,0.8705397595887698,2.2609923108103014,,,,,CHEMBL233_Ki
71339737,mondrian_pair,cliffA,noncliff,574,524,0.9128919860627178,0.8869915321592676,0.9333026727033911,2.460762593857077,,,,,CHEMBL233_Ki
71339737,mondrian_pair,__bins__,__summary__,-1,-1,,,,2.443294604083511,0.84,0.13333333333333341,0.810126582278481,0.16423239208049334,CHEMBL233_Ki
71339737,mondrian_wstd,cliffB_oracle,all,629,574,0.9125596184419714,0.8879049463630002,0.9322056718116707,2.568605064882671,,,,,CHEMBL233_Ki
71339737,mondrian_wstd,cliffB_oracle,cliff,30,23,0.7666666666666667,0.5907167384187784,0.8820761185551049,2.845888054395447,,,,,CHEMBL233_Ki
71339737,mondrian_wstd,cliffB_oracle,noncliff,599,551,0.9198664440734557,0.8953535738433848,0.9390283231548601,2.5547177699154195,,,,,CHEMBL233_Ki
71339737,mondrian_wstd,cliffA,all,629,574,0.9125596184419714,0.8879049463630002,0.9322056718116707,2.568605064882671,,,,,CHEMBL233_Ki
71339737,mondrian_wstd,cliffA,cliff,55,46,0.8363636363636363,0.7173625426094283,0.9114457966390772,2.789457969740178,,,,,CHEMBL233_Ki
71339737,mondrian_wstd,cliffA,noncliff,574,528,0.9198606271777003,0.8947566879447105,0.9393821448481195,2.547443201176812,,,,,CHEMBL233_Ki
71339737,mondrian_wstd,__bins__,__summary__,-1,-1,,,,2.568605064882671,0.8552631578947368,0.10473684210526313,0.8354430379746836,0.11392405063291133,CHEMBL233_Ki
71339737,mondrian_std,cliffB_oracle,all,629,576,0.9157392686804452,0.8914269321535867,0.9350043844270547,2.5962788399116805,,,,,CHEMBL233_Ki
71339737,mondrian_std,cliffB_oracle,cliff,30,22,0.7333333333333333,0.555520383048111,0.8581733668040368,2.8160502199690947,,,,,CHEMBL233_Ki
71339737,mondrian_std,cliffB_oracle,noncliff,599,554,0.9248747913188647,0.9009522153905549,0.9433825471782453,2.585271926052377,,,,,CHEMBL233_Ki
71339737,mondrian_std,cliffA,all,629,576,0.9157392686804452,0.8914269321535867,0.9350043844270547,2.5962788399116805,,,,,CHEMBL233_Ki
71339737,mondrian_std,cliffA,cliff,55,45,0.8181818181818182,0.6966954036336236,0.8981232956555033,2.7739800225113136,,,,,CHEMBL233_Ki
71339737,mondrian_std,cliffA,noncliff,574,531,0.9250871080139372,0.9006117868409108,0.9439105168995477,2.5792517231120637,,,,,CHEMBL233_Ki
71339737,mondrian_std,__bins__,__summary__,-1,-1,,,,2.5962788399116805,0.8552631578947368,0.09571723426212586,0.8354430379746836,0.12658227848101267,CHEMBL233_Ki
71339737,mondrian_iqr,cliffB_oracle,all,629,579,0.9205087440381559,0.8967268422350881,0.9391855219545092,2.5046713294857783,,,,,CHEMBL233_Ki
71339737,mondrian_iqr,cliffB_oracle,cliff,30,23,0.7666666666666667,0.5907167384187784,0.8820761185551049,2.672924169801478,,,,,CHEMBL233_Ki
71339737,mondrian_iqr,cliffB_oracle,noncliff,599,556,0.9282136894824707,0.9046992303206073,0.9462707759618968,2.4962446429925045,,,,,CHEMBL233_Ki
71339737,mondrian_iqr,cliffA,all,629,579,0.9205087440381559,0.8967268422350881,0.9391855219545092,2.5046713294857783,,,,,CHEMBL233_Ki
71339737,mondrian_iqr,cliffA,cliff,55,46,0.8363636363636363,0.7173625426094283,0.9114457966390772,2.623740018497449,,,,,CHEMBL233_Ki
71339737,mondrian_iqr,cliffA,noncliff,574,533,0.9285714285714286,0.9045314457810331,0.9469131719245113,2.4932623087616634,,,,,CHEMBL233_Ki
71339737,mondrian_iqr,__bins__,__summary__,-1,-1,,,,2.5046713294857783,0.868421052631579,0.09157894736842098,0.8354430379746836,0.12658227848101267,CHEMBL233_Ki
71339737,mondrian_nb,cliffB_oracle,all,629,573,0.9109697933227345,0.8861471741806662,0.9308030947910194,2.5951592565735706,,,,,CHEMBL233_Ki
71339737,mondrian_nb,cliffB_oracle,cliff,30,19,0.6333333333333333,0.4551356365479487,0.7812607919389929,2.2929155001190633,,,,,CHEMBL233_Ki
71339737,mondrian_nb,cliffB_oracle,noncliff,599,554,0.9248747913188647,0.9009522153905549,0.9433825471782453,2.61029667342438,,,,,CHEMBL233_Ki
71339737,mondrian_nb,cliffA,all,629,573,0.9109697933227345,0.8861471741806662,0.9308030947910194,2.5951592565735706,,,,,CHEMBL233_Ki
71339737,mondrian_nb,cliffA,cliff,55,40,0.7272727272727273,0.5976780188832919,0.8271924806089416,2.273841298063542,,,,,CHEMBL233_Ki
71339737,mondrian_nb,cliffA,noncliff,574,533,0.9285714285714286,0.9045314457810331,0.9469131719245113,2.6259475627025797,,,,,CHEMBL233_Ki
71339737,mondrian_nb,__bins__,__summary__,-1,-1,,,,2.5951592565735706,0.8266666666666667,0.17333333333333334,0.8717948717948718,0.07757221681272308,CHEMBL233_Ki
71339737,mondrian_nnsim,cliffB_oracle,all,629,569,0.904610492845787,0.8791364042003086,0.9251724679594361,2.5001138743234907,,,,,CHEMBL233_Ki
71339737,mondrian_nnsim,cliffB_oracle,cliff,30,16,0.5333333333333333,0.36142299619873297,0.6976761109230025,2.0543931780732003,,,,,CHEMBL233_Ki
71339737,mondrian_nnsim,cliffB_oracle,noncliff,599,553,0.9232053422370617,0.8990831700114277,0.9419339707005208,2.52243711453636,,,,,CHEMBL233_Ki
71339737,mondrian_nnsim,cliffA,all,629,569,0.904610492845787,0.8791364042003086,0.9251724679594361,2.5001138743234907,,,,,CHEMBL233_Ki
71339737,mondrian_nnsim,cliffA,cliff,55,38,0.6909090909090909,0.5597140984246408,0.7971771211488353,2.055614197348648,,,,,CHEMBL233_Ki
71339737,mondrian_nnsim,cliffA,noncliff,574,531,0.9250871080139372,0.9006117868409108,0.9439105168995477,2.542705306786237,,,,,CHEMBL233_Ki
71339737,mondrian_nnsim,__bins__,__summary__,-1,-1,,,,2.5001138743234907,0.84,0.13333333333333341,0.8481012658227848,0.11343719571567679,CHEMBL233_Ki
71339737,mondrian_pairgap,cliffB_oracle,all,629,577,0.9173290937996821,0.8931912535838638,0.9364004121997631,2.4802037387335987,,,,,CHEMBL233_Ki
71339737,mondrian_pairgap,cliffB_oracle,cliff,30,21,0.7,0.5212421254128504,0.8333525173175619,2.22727156544708,,,,,CHEMBL233_Ki
71339737,mondrian_pairgap,cliffB_oracle,noncliff,599,556,0.9282136894824707,0.9046992303206073,0.9462707759618968,2.492871460267147,,,,,CHEMBL233_Ki
71339737,mondrian_pairgap,cliffA,all,629,577,0.9173290937996821,0.8931912535838638,0.9364004121997631,2.4802037387335987,,,,,CHEMBL233_Ki
71339737,mondrian_pairgap,cliffA,cliff,55,45,0.8181818181818182,0.6966954036336236,0.8981232956555033,2.210056126332644,,,,,CHEMBL233_Ki
71339737,mondrian_pairgap,cliffA,noncliff,574,532,0.926829268292683,0.9025699217277456,0.945413538995256,2.506088962918359,,,,,CHEMBL233_Ki
71339737,mondrian_pairgap,__bins__,__summary__,-1,-1,,,,2.4802037387335987,0.88,0.09333333333333338,0.8354430379746836,0.1392405063291139,CHEMBL233_Ki
71339737,mondrian_rfstd,cliffB_oracle,all,629,565,0.8982511923688394,0.8721560311183526,0.9195114442294511,2.2974341760912913,,,,,CHEMBL233_Ki
71339737,mondrian_rfstd,cliffB_oracle,cliff,30,18,0.6,0.42320360253322475,0.7540937188319815,2.380697785112656,,,,,CHEMBL233_Ki
71339737,mondrian_rfstd,cliffB_oracle,noncliff,599,547,0.9131886477462438,0.887926217047623,0.9331851925232144,2.2932640454224416,,,,,CHEMBL233_Ki
71339737,mondrian_rfstd,cliffA,all,629,565,0.8982511923688394,0.8721560311183526,0.9195114442294511,2.2974341760912913,,,,,CHEMBL233_Ki
71339737,mondrian_rfstd,cliffA,cliff,55,41,0.7454545454545455,0.6169812871823414,0.841878852269271,2.35649083676311,,,,,CHEMBL233_Ki
71339737,mondrian_rfstd,cliffA,noncliff,574,524,0.9128919860627178,0.8869915321592676,0.9333026727033911,2.2917754368283125,,,,,CHEMBL233_Ki
71339737,mondrian_rfstd,__bins__,__summary__,-1,-1,,,,2.2974341760912913,0.8266666666666667,0.12,0.8354430379746836,0.10045439792275235,CHEMBL233_Ki
99182118,global,cliffB_oracle,all,629,570,0.9062003179650239,0.8808861414752466,0.9265830798874833,2.548802407126619,,,,,CHEMBL233_Ki
99182118,global,cliffB_oracle,cliff,27,16,0.5925925925925926,0.4072670096806468,0.7548524292560443,2.5488024071266184,,,,,CHEMBL233_Ki
99182118,global,cliffB_oracle,noncliff,602,554,0.920265780730897,0.8958671453216753,0.9393348578310283,2.5488024071266193,,,,,CHEMBL233_Ki
99182118,global,cliffA,all,629,570,0.9062003179650239,0.8808861414752466,0.9265830798874833,2.548802407126619,,,,,CHEMBL233_Ki
99182118,global,cliffA,cliff,64,50,0.78125,0.6656721604337418,0.8649768059328052,2.548802407126619,,,,,CHEMBL233_Ki
99182118,global,cliffA,noncliff,565,520,0.9203539823008849,0.895085843231058,0.939944713410781,2.548802407126619,,,,,CHEMBL233_Ki
99182118,global,__bins__,__summary__,-1,-1,,,,2.548802407126619,0.8058252427184466,0.1541747572815534,0.7848101265822784,0.20253164556962033,CHEMBL233_Ki
99182118,mondrian_pair,cliffB_oracle,all,629,573,0.9109697933227345,0.8861471741806662,0.9308030947910194,2.588373151451536,,,,,CHEMBL233_Ki
99182118,mondrian_pair,cliffB_oracle,cliff,27,14,0.5185185185185185,0.3398561575495229,0.6925677302378153,2.427008999109493,,,,,CHEMBL233_Ki
99182118,mondrian_pair,cliffB_oracle,noncliff,602,559,0.9285714285714286,0.9051672481364045,0.9465407234580522,2.595610414098106,,,,,CHEMBL233_Ki
99182118,mondrian_pair,cliffA,all,629,573,0.9109697933227345,0.8861471741806662,0.9308030947910194,2.588373151451536,,,,,CHEMBL233_Ki
99182118,mondrian_pair,cliffA,cliff,64,48,0.75,0.631837235413303,0.8398507346902941,2.4577769534781355,,,,,CHEMBL233_Ki
99182118,mondrian_pair,cliffA,noncliff,565,525,0.9292035398230089,0.9050294771394459,0.9475806701685371,2.6031663490980805,,,,,CHEMBL233_Ki
99182118,mondrian_pair,__bins__,__summary__,-1,-1,,,,2.588373151451536,0.8252427184466019,0.13475728155339806,0.7848101265822784,0.20253164556962033,CHEMBL233_Ki
99182118,mondrian_wstd,cliffB_oracle,all,629,580,0.9220985691573926,0.8984982333419422,0.9405744800506401,2.5939555182962457,,,,,CHEMBL233_Ki
99182118,mondrian_wstd,cliffB_oracle,cliff,27,15,0.5555555555555556,0.3731302451322448,0.72414141822977,2.563241988868118,,,,,CHEMBL233_Ki
99182118,mondrian_wstd,cliffB_oracle,noncliff,602,565,0.9385382059800664,0.9164316667453861,0.9550834669791742,2.5953330353968425,,,,,CHEMBL233_Ki
99182118,mondrian_wstd,cliffA,all,629,580,0.9220985691573926,0.8984982333419422,0.9405744800506401,2.5939555182962457,,,,,CHEMBL233_Ki
99182118,mondrian_wstd,cliffA,cliff,64,49,0.765625,0.6486674241743136,0.8525010440607586,2.654118798885011,,,,,CHEMBL233_Ki
99182118,mondrian_wstd,cliffA,noncliff,565,531,0.9398230088495575,0.917085431659475,0.9566202244478808,2.5871405626189334,,,,,CHEMBL233_Ki
99182118,mondrian_wstd,__bins__,__summary__,-1,-1,,,,2.5939555182962457,0.88,0.10684210526315785,0.8846153846153846,0.1027263875365142,CHEMBL233_Ki
99182118,mondrian_std,cliffB_oracle,all,629,578,0.918918918918919,0.8949578701214588,0.9377941448651533,2.6202249207653825,,,,,CHEMBL233_Ki
99182118,mondrian_std,cliffB_oracle,cliff,27,15,0.5555555555555556,0.3731302451322448,0.72414141822977,2.6196930402829444,,,,,CHEMBL233_Ki
99182118,mondrian_std,cliffB_oracle,noncliff,602,563,0.9352159468438538,0.9126629467192937,0.9522497996285653,2.620248775870077,,,,,CHEMBL233_Ki
99182118,mondrian_std,cliffA,all,629,578,0.918918918918919,0.8949578701214588,0.9377941448651533,2.6202249207653825,,,,,CHEMBL233_Ki
99182118,mondrian_std,cliffA,cliff,64,49,0.765625,0.6486674241743136,0.8525010440607586,2.7201380724441524,,,,,CHEMBL233_Ki
99182118,mondrian_std,cliffA,noncliff,565,529,0.9362831858407079,0.9130501719456469,0.9536236478952512,2.608907324823009,,,,,CHEMBL233_Ki
99182118,mondrian_std,__bins__,__summary__,-1,-1,,,,2.6202249207653825,0.8666666666666667,0.12017543859649116,0.8734177215189873,0.10126582278481011,CHEMBL233_Ki
99182118,mondrian_iqr,cliffB_oracle,all,629,573,0.9109697933227345,0.8861471741806662,0.9308030947910194,2.5301189546274743,,,,,CHEMBL233_Ki
99182118,mondrian_iqr,cliffB_oracle,cliff,27,15,0.5555555555555556,0.3731302451322448,0.72414141822977,2.660420446644159,,,,,CHEMBL233_Ki
99182118,mondrian_iqr,cliffB_oracle,noncliff,602,558,0.9269102990033222,0.9033013666896089,0.945105411216497,2.5242748677762274,,,,,CHEMBL233_Ki
99182118,mondrian_iqr,cliffA,all,629,573,0.9109697933227345,0.8861471741806662,0.9308030947910194,2.5301189546274743,,,,,CHEMBL233_Ki
99182118,mondrian_iqr,cliffA,cliff,64,49,0.765625,0.6486674241743136,0.8525010440607586,2.6505173502437116,,,,,CHEMBL233_Ki
99182118,mondrian_iqr,cliffA,noncliff,565,524,0.9274336283185841,0.9030338450795705,0.9460603840951838,2.516480906274485,,,,,CHEMBL233_Ki
99182118,mondrian_iqr,__bins__,__summary__,-1,-1,,,,2.5301189546274743,0.8533333333333334,0.10719298245614028,0.8354430379746836,0.15189873417721522,CHEMBL233_Ki
99182118,mondrian_nb,cliffB_oracle,all,629,575,0.9141494435612083,0.8896648481212429,0.9336061192564132,2.4978663458117567,,,,,CHEMBL233_Ki
99182118,mondrian_nb,cliffB_oracle,cliff,27,12,0.4444444444444444,0.27585858177023004,0.6268697548677552,2.429915474794862,,,,,CHEMBL233_Ki
99182118,mondrian_nb,cliffB_oracle,noncliff,602,563,0.9352159468438538,0.9126629467192937,0.9522497996285653,2.5009139762394246,,,,,CHEMBL233_Ki
99182118,mondrian_nb,cliffA,all,629,575,0.9141494435612083,0.8896648481212429,0.9336061192564132,2.4978663458117567,,,,,CHEMBL233_Ki
99182118,mondrian_nb,cliffA,cliff,64,45,0.703125,0.5822979889645707,0.8009484867446022,2.3629769711843815,,,,,CHEMBL233_Ki
99182118,mondrian_nb,cliffA,noncliff,565,530,0.9380530973451328,0.9150655938921348,0.9551241440819922,2.513145850194326,,,,,CHEMBL233_Ki
99182118,mondrian_nb,__bins__,__summary__,-1,-1,,,,2.4978663458117567,0.8133333333333334,0.16035087719298247,0.8354430379746836,0.15189873417721522,CHEMBL233_Ki
99182118,mondrian_nnsim,cliffB_oracle,all,629,550,0.8744038155802861,0.8462119623221724,0.8980502749808525,2.4458038423629835,,,,,CHEMBL233_Ki
99182118,mondrian_nnsim,cliffB_oracle,cliff,27,11,0.4074074074074074,0.24514757074395552,0.592732990319353,2.310802119762128,,,,,CHEMBL233_Ki
99182118,mondrian_nnsim,cliffB_oracle,noncliff,602,539,0.8953488372093024,0.8683389245948078,0.9173451732326369,2.451858736898238,,,,,CHEMBL233_Ki
99182118,mondrian_nnsim,cliffA,all,629,550,0.8744038155802861,0.8462119623221724,0.8980502749808525,2.4458038423629835,,,,,CHEMBL233_Ki
99182118,mondrian_nnsim,cliffA,cliff,64,39,0.609375,0.4869191788027247,0.7194443081175993,2.349058898208306,,,,,CHEMBL233_Ki
99182118,mondrian_nnsim,cliffA,noncliff,565,511,0.904424778761062,0.8773789710701952,0.9260083223725847,2.4567625617008586,,,,,CHEMBL233_Ki
99182118,mondrian_nnsim,__bins__,__summary__,-1,-1,,,,2.4458038423629835,0.76,0.18736842105263152,0.7848101265822784,0.189873417721519,CHEMBL233_Ki
99182118,mondrian_pairgap,cliffB_oracle,all,629,573,0.9109697933227345,0.8861471741806662,0.9308030947910194,2.672817115194574,,,,,CHEMBL233_Ki
99182118,mondrian_pairgap,cliffB_oracle,cliff,27,15,0.5555555555555556,0.3731302451322448,0.72414141822977,2.456190787559626,,,,,CHEMBL233_Ki
99182118,mondrian_pairgap,cliffB_oracle,noncliff,602,558,0.9269102990033222,0.9033013666896089,0.945105411216497,2.682532913942321,,,,,CHEMBL233_Ki
99182118,mondrian_pairgap,cliffA,all,629,573,0.9109697933227345,0.8861471741806662,0.9308030947910194,2.672817115194574,,,,,CHEMBL233_Ki
99182118,mondrian_pairgap,cliffA,cliff,64,48,0.75,0.631837235413303,0.8398507346902941,2.449670240882559,,,,,CHEMBL233_Ki
99182118,mondrian_pairgap,cliffA,noncliff,565,525,0.9292035398230089,0.9050294771394459,0.9475806701685371,2.698093929275935,,,,,CHEMBL233_Ki
99182118,mondrian_pairgap,__bins__,__summary__,-1,-1,,,,2.672817115194574,0.8349514563106796,0.1255748594787941,0.810126582278481,0.17721518987341778,CHEMBL233_Ki
99182118,mondrian_rfstd,cliffB_oracle,all,629,570,0.9062003179650239,0.8808861414752466,0.9265830798874833,2.390031638756324,,,,,CHEMBL233_Ki
99182118,mondrian_rfstd,cliffB_oracle,cliff,27,15,0.5555555555555556,0.3731302451322448,0.72414141822977,2.462373310557341,,,,,CHEMBL233_Ki
99182118,mondrian_rfstd,cliffB_oracle,noncliff,602,555,0.9219269102990033,0.897721476026722,0.9407817208143321,2.3867870787253813,,,,,CHEMBL233_Ki
99182118,mondrian_rfstd,cliffA,all,629,570,0.9062003179650239,0.8808861414752466,0.9265830798874833,2.390031638756324,,,,,CHEMBL233_Ki
99182118,mondrian_rfstd,cliffA,cliff,64,42,0.65625,0.5340364020991819,0.7607685792155665,2.3570269303969433,,,,,CHEMBL233_Ki
99182118,mondrian_rfstd,cliffA,noncliff,565,528,0.9345132743362832,0.9110389997658843,0.9521189019417851,2.3937702251899533,,,,,CHEMBL233_Ki
99182118,mondrian_rfstd,__bins__,__summary__,-1,-1,,,,2.390031638756324,0.8533333333333334,0.10719298245614028,0.8589743589743589,0.10256410256410264,CHEMBL233_Ki
89709943,global,cliffB_oracle,all,629,563,0.8950715421303657,0.8686764555053191,0.9166703214365141,2.4633145207828964,,,,,CHEMBL233_Ki
89709943,global,cliffB_oracle,cliff,18,12,0.6666666666666666,0.43749467295945105,0.837212252491663,2.4633145207828964,,,,,CHEMBL233_Ki
89709943,global,cliffB_oracle,noncliff,611,551,0.9018003273322422,0.8756342081337147,0.9229456419332764,2.4633145207828964,,,,,CHEMBL233_Ki
89709943,global,cliffA,all,629,563,0.8950715421303657,0.8686764555053191,0.9166703214365141,2.4633145207828964,,,,,CHEMBL233_Ki
89709943,global,cliffA,cliff,45,37,0.8222222222222222,0.6867017537354023,0.9070561048589585,2.4633145207828964,,,,,CHEMBL233_Ki
89709943,global,cliffA,noncliff,584,526,0.9006849315068494,0.8737476057546529,0.9223854212334135,2.463314520782896,,,,,CHEMBL233_Ki
89709943,global,__bins__,__summary__,-1,-1,,,,2.4633145207828964,0.7920792079207921,0.19458745874587458,0.6962025316455697,0.2784810126582278,CHEMBL233_Ki
89709943,mondrian_pair,cliffB_oracle,all,629,563,0.8950715421303657,0.8686764555053191,0.9166703214365141,2.464634297540323,,,,,CHEMBL233_Ki
89709943,mondrian_pair,cliffB_oracle,cliff,18,12,0.6666666666666666,0.43749467295945105,0.837212252491663,2.4658442475868045,,,,,CHEMBL233_Ki
89709943,mondrian_pair,cliffB_oracle,noncliff,611,551,0.9018003273322422,0.8756342081337147,0.9229456419332764,2.46459865253077,,,,,CHEMBL233_Ki
89709943,mondrian_pair,cliffA,all,629,563,0.8950715421303657,0.8686764555053191,0.9166703214365141,2.464634297540323,,,,,CHEMBL233_Ki
89709943,mondrian_pair,cliffA,cliff,45,37,0.8222222222222222,0.6867017537354023,0.9070561048589585,2.465961004208524,,,,,CHEMBL233_Ki
89709943,mondrian_pair,cliffA,noncliff,584,526,0.9006849315068494,0.8737476057546529,0.9223854212334135,2.464532068430615,,,,,CHEMBL233_Ki
89709943,mondrian_pair,__bins__,__summary__,-1,-1,,,,2.464634297540323,0.7920792079207921,0.19458745874587458,0.6962025316455697,0.2784810126582278,CHEMBL233_Ki
89709943,mondrian_wstd,cliffB_oracle,all,629,567,0.9014308426073132,0.8756425818358458,0.9223455919179284,2.538734813159617,,,,,CHEMBL233_Ki
89709943,mondrian_wstd,cliffB_oracle,cliff,18,13,0.7222222222222222,0.4912734343970254,0.8750024662044601,2.8432082982623843,,,,,CHEMBL233_Ki
89709943,mondrian_wstd,cliffB_oracle,noncliff,611,554,0.9067103109656302,0.8810403489654255,0.9272981143406736,2.529765054187686,,,,,CHEMBL233_Ki
89709943,mondrian_wstd,cliffA,all,629,567,0.9014308426073132,0.8756425818358458,0.9223455919179284,2.538734813159617,,,,,CHEMBL233_Ki
89709943,mondrian_wstd,cliffA,cliff,45,39,0.8666666666666667,0.7382269817382293,0.9374285125243192,2.8283078749685537,,,,,CHEMBL233_Ki
89709943,mondrian_wstd,cliffA,noncliff,584,528,0.9041095890410958,0.8775205981267263,0.9254169846475627,2.5164218203832434,,,,,CHEMBL233_Ki
89709943,mondrian_wstd,__bins__,__summary__,-1,-1,,,,2.538734813159617,0.8289473684210527,0.15771929824561404,0.759493670886076,0.21518987341772144,CHEMBL233_Ki
89709943,mondrian_std,cliffB_oracle,all,629,571,0.9077901430842608,0.8826378190062323,0.9279917515594829,2.5337535338506907,,,,,CHEMBL233_Ki
89709943,mondrian_std,cliffB_oracle,cliff,18,13,0.7222222222222222,0.4912734343970254,0.8750024662044601,2.7858155385446284,,,,,CHEMBL233_Ki
89709943,mondrian_std,cliffB_oracle,noncliff,611,558,0.9132569558101473,0.8882781905964121,0.9330717570284974,2.526327811944814,,,,,CHEMBL233_Ki
89709943,mondrian_std,cliffA,all,629,571,0.9077901430842608,0.8826378190062323,0.9279917515594829,2.5337535338506907,,,,,CHEMBL233_Ki
89709943,mondrian_std,cliffA,cliff,45,39,0.8666666666666667,0.7382269817382293,0.9374285125243192,2.7718434970126276,,,,,CHEMBL233_Ki
89709943,mondrian_std,cliffA,noncliff,584,532,0.910958904109589,0.8850942082011729,0.9314524861455619,2.515407560661843,,,,,CHEMBL233_Ki
89709943,mondrian_std,__bins__,__summary__,-1,-1,,,,2.5337535338506907,0.8289473684210527,0.15771929824561404,0.7721518987341772,0.20253164556962022,CHEMBL233_Ki
89709943,mondrian_iqr,cliffB_oracle,all,629,561,0.8918918918918919,0.8652035802086309,0.9138224983272318,2.5128067525967364,,,,,CHEMBL233_Ki
89709943,mondrian_iqr,cliffB_oracle,cliff,18,12,0.6666666666666666,0.43749467295945105,0.837212252491663,2.8462805927564614,,,,,CHEMBL233_Ki
89709943,mondrian_iqr,cliffB_oracle,noncliff,611,549,0.8985270049099836,0.8720400031655428,0.9200341047420432,2.502982646012653,,,,,CHEMBL233_Ki
89709943,mondrian_iqr,cliffA,all,629,561,0.8918918918918919,0.8652035802086309,0.9138224983272318,2.5128067525967364,,,,,CHEMBL233_Ki
89709943,mondrian_iqr,cliffA,cliff,45,37,0.8222222222222222,0.6867017537354023,0.9070561048589585,2.812716886723965,,,,,CHEMBL233_Ki
89709943,mondrian_iqr,cliffA,noncliff,584,524,0.8972602739726028,0.8699832651313868,0.9193452060704568,2.489697238836933,,,,,CHEMBL233_Ki
89709943,mondrian_iqr,__bins__,__summary__,-1,-1,,,,2.5128067525967364,0.8415841584158416,0.11841584158415841,0.7341772151898734,0.240506329113924,CHEMBL233_Ki
89709943,mondrian_nb,cliffB_oracle,all,629,568,0.9030206677265501,0.8773885646126776,0.9237599583440819,2.5401945775390757,,,,,CHEMBL233_Ki
89709943,mondrian_nb,cliffB_oracle,cliff,18,12,0.6666666666666666,0.43749467295945105,0.837212252491663,2.567871135528963,,,,,CHEMBL233_Ki
89709943,mondrian_nb,cliffB_oracle,noncliff,611,556,0.9099836333878887,0.8846548657026931,0.9301893397628109,2.539379228858522,,,,,CHEMBL233_Ki
89709943,mondrian_nb,cliffA,all,629,568,0.9030206677265501,0.8773885646126776,0.9237599583440819,2.5401945775390757,,,,,CHEMBL233_Ki
89709943,mondrian_nb,cliffA,cliff,45,37,0.8222222222222222,0.6867017537354023,0.9070561048589585,2.5367798573238365,,,,,CHEMBL233_Ki
89709943,mondrian_nb,cliffA,noncliff,584,531,0.9092465753424658,0.8831972117765974,0.9299472046770261,2.540457698103606,,,,,CHEMBL233_Ki
89709943,mondrian_nb,__bins__,__summary__,-1,-1,,,,2.5401945775390757,0.801980198019802,0.18468646864686467,0.7088607594936709,0.26582278481012656,CHEMBL233_Ki
89709943,mondrian_nnsim,cliffB_oracle,all,629,559,0.8887122416534181,0.8617371500194385,0.9109682301104537,2.508070902737602,,,,,CHEMBL233_Ki
89709943,mondrian_nnsim,cliffB_oracle,cliff,18,12,0.6666666666666666,0.43749467295945105,0.837212252491663,2.5192260172411047,,,,,CHEMBL233_Ki
89709943,mondrian_nnsim,cliffB_oracle,noncliff,611,547,0.8952536824877251,0.868453319760266,0.9171150459879147,2.5077422741597575,,,,,CHEMBL233_Ki
89709943,mondrian_nnsim,cliffA,all,629,559,0.8887122416534181,0.8617371500194385,0.9109682301104537,2.508070902737602,,,,,CHEMBL233_Ki
89709943,mondrian_nnsim,cliffA,cliff,45,36,0.8,0.6617703088385799,0.8910387319216871,2.507731743098482,,,,,CHEMBL233_Ki
89709943,mondrian_nnsim,cliffA,noncliff,584,523,0.8955479452054794,0.8681042207377015,0.9178219725710305,2.508097036613904,,,,,CHEMBL233_Ki
89709943,mondrian_nnsim,__bins__,__summary__,-1,-1,,,,2.508070902737602,0.7821782178217822,0.20448844884488449,0.6835443037974683,0.2911392405063291,CHEMBL233_Ki
89709943,mondrian_pairgap,cliffB_oracle,all,629,568,0.9030206677265501,0.8773885646126776,0.9237599583440819,2.574126616581961,,,,,CHEMBL233_Ki
89709943,mondrian_pairgap,cliffB_oracle,cliff,18,13,0.7222222222222222,0.4912734343970254,0.8750024662044601,2.693580823410769,,,,,CHEMBL233_Ki
89709943,mondrian_pairgap,cliffB_oracle,noncliff,611,555,0.9083469721767594,0.8828465325779407,0.928744801807861,2.5706075073791483,,,,,CHEMBL233_Ki
89709943,mondrian_pairgap,cliffA,all,629,568,0.9030206677265501,0.8773885646126776,0.9237599583440819,2.574126616581961,,,,,CHEMBL233_Ki
89709943,mondrian_pairgap,cliffA,cliff,45,39,0.8666666666666667,0.7382269817382293,0.9374285125243192,2.68152582083605,,,,,CHEMBL233_Ki
89709943,mondrian_pairgap,cliffA,noncliff,584,529,0.9058219178082192,0.8794104649036754,0.9269293957637252,2.565850992966492,,,,,CHEMBL233_Ki
89709943,mondrian_pairgap,__bins__,__summary__,-1,-1,,,,2.574126616581961,0.801980198019802,0.19801980198019797,0.7088607594936709,0.2784810126582279,CHEMBL233_Ki
89709943,mondrian_rfstd,cliffB_oracle,all,629,562,0.8934817170111288,0.8669391967033577,0.9152472310354902,2.374965259629009,,,,,CHEMBL233_Ki
89709943,mondrian_rfstd,cliffB_oracle,cliff,18,13,0.7222222222222222,0.4912734343970254,0.8750024662044601,2.644077934995229,,,,,CHEMBL233_Ki
89709943,mondrian_rfstd,cliffB_oracle,noncliff,611,549,0.8985270049099836,0.8720400031655428,0.9200341047420432,2.367037226639497,,,,,CHEMBL233_Ki
89709943,mondrian_rfstd,cliffA,all,629,562,0.8934817170111288,0.8669391967033577,0.9152472310354902,2.374965259629009,,,,,CHEMBL233_Ki
89709943,mondrian_rfstd,cliffA,cliff,45,36,0.8,0.6617703088385799,0.8910387319216871,2.4447238117482937,,,,,CHEMBL233_Ki
89709943,mondrian_rfstd,cliffA,noncliff,584,526,0.9006849315068494,0.8737476057546529,0.9223854212334135,2.3695900287294065,,,,,CHEMBL233_Ki
89709943,mondrian_rfstd,__bins__,__summary__,-1,-1,,,,2.374965259629009,0.8266666666666667,0.12070175438596487,0.8076923076923077,0.16699123661148974,CHEMBL233_Ki
86921808,global,cliffB_oracle,all,629,568,0.9030206677265501,0.8773885646126776,0.9237599583440819,2.4885132854176777,,,,,CHEMBL233_Ki
86921808,global,cliffB_oracle,cliff,27,23,0.8518518518518519,0.6752131457218702,0.9408407222375568,2.4885132854176786,,,,,CHEMBL233_Ki
86921808,global,cliffB_oracle,noncliff,602,545,0.9053156146179402,0.8792908891130117,0.9262003708445364,2.488513285417678,,,,,CHEMBL233_Ki
86921808,global,cliffA,all,629,568,0.9030206677265501,0.8773885646126776,0.9237599583440819,2.4885132854176777,,,,,CHEMBL233_Ki
86921808,global,cliffA,cliff,50,43,0.86,0.7381380628941446,0.9304916657298371,2.488513285417678,,,,,CHEMBL233_Ki
86921808,global,cliffA,noncliff,579,525,0.9067357512953368,0.8802946445596562,0.9278153360738575,2.488513285417678,,,,,CHEMBL233_Ki
86921808,global,__bins__,__summary__,-1,-1,,,,2.4885132854176777,0.8556701030927835,0.1311720021703744,0.7848101265822784,0.20253164556962033,CHEMBL233_Ki
86921808,mondrian_pair,cliffB_oracle,all,629,568,0.9030206677265501,0.8773885646126776,0.9237599583440819,2.511016640538715,,,,,CHEMBL233_Ki
86921808,mondrian_pair,cliffB_oracle,cliff,27,23,0.8518518518518519,0.6752131457218702,0.9408407222375568,2.5025101133646808,,,,,CHEMBL233_Ki
86921808,mondrian_pair,cliffB_oracle,noncliff,602,545,0.9053156146179402,0.8792908891130117,0.9262003708445364,2.511398162521604,,,,,CHEMBL233_Ki
86921808,mondrian_pair,cliffA,all,629,568,0.9030206677265501,0.8773885646126776,0.9237599583440819,2.511016640538715,,,,,CHEMBL233_Ki
86921808,mondrian_pair,cliffA,cliff,50,43,0.86,0.7381380628941446,0.9304916657298371,2.500194274558904,,,,,CHEMBL233_Ki
86921808,mondrian_pair,cliffA,noncliff,579,525,0.9067357512953368,0.8802946445596562,0.9278153360738575,2.511951214457525,,,,,CHEMBL233_Ki
86921808,mondrian_pair,__bins__,__summary__,-1,-1,,,,2.511016640538715,0.8556701030927835,0.1311720021703744,0.7848101265822784,0.20253164556962033,CHEMBL233_Ki
86921808,mondrian_wstd,cliffB_oracle,all,629,568,0.9030206677265501,0.8773885646126776,0.9237599583440819,2.586824184094907,,,,,CHEMBL233_Ki
86921808,mondrian_wstd,cliffB_oracle,cliff,27,22,0.8148148148148148,0.6330131638145156,0.9181929285702346,2.7006512137096514,,,,,CHEMBL233_Ki
86921808,mondrian_wstd,cliffB_oracle,noncliff,602,546,0.9069767441860465,0.881123421518706,0.9276690321271925,2.581718985092252,,,,,CHEMBL233_Ki
86921808,mondrian_wstd,cliffA,all,629,568,0.9030206677265501,0.8773885646126776,0.9237599583440819,2.586824184094907,,,,,CHEMBL233_Ki
86921808,mondrian_wstd,cliffA,cliff,50,42,0.84,0.7148578393696501,0.916625793219666,2.7395128728464977,,,,,CHEMBL233_Ki
86921808,mondrian_wstd,cliffA,noncliff,579,526,0.9084628670120898,0.8822051639358878,0.929336281583543,2.573638632389243,,,,,CHEMBL233_Ki
86921808,mondrian_wstd,__bins__,__summary__,-1,-1,,,,2.586824184094907,0.8289473684210527,0.17105263157894735,0.8354430379746836,0.15189873417721522,CHEMBL233_Ki
86921808,mondrian_std,cliffB_oracle,all,629,562,0.8934817170111288,0.8669391967033577,0.9152472310354902,2.5460328820062954,,,,,CHEMBL233_Ki
86921808,mondrian_std,cliffB_oracle,cliff,27,22,0.8148148148148148,0.6330131638145156,0.9181929285702346,2.69258696719552,,,,,CHEMBL233_Ki
86921808,mondrian_std,cliffB_oracle,noncliff,602,540,0.8970099667774086,0.8701593286307999,0.9188259628849952,2.5394598582519614,,,,,CHEMBL233_Ki
86921808,mondrian_std,cliffA,all,629,562,0.8934817170111288,0.8669391967033577,0.9152472310354902,2.5460328820062954,,,,,CHEMBL233_Ki
86921808,mondrian_std,cliffA,cliff,50,42,0.84,0.7148578393696501,0.916625793219666,2.7090408171555524,,,,,CHEMBL233_Ki
86921808,mondrian_std,cliffA,noncliff,579,520,0.8981001727115717,0.870776926286925,0.9201757299170025,2.531956203668708,,,,,CHEMBL233_Ki
86921808,mondrian_std,__bins__,__summary__,-1,-1,,,,2.5460328820062954,0.8157894736842105,0.1842105263157895,0.8227848101265823,0.16455696202531644,CHEMBL233_Ki
86921808,mondrian_iqr,cliffB_oracle,all,629,572,0.9093799682034976,0.8843914811543093,0.9293984386143911,2.5799108134716775,,,,,CHEMBL233_Ki
86921808,mondrian_iqr,cliffB_oracle,cliff,27,22,0.8148148148148148,0.6330131638145156,0.9181929285702346,2.5596324964633936,,,,,CHEMBL233_Ki
86921808,mondrian_iqr,cliffB_oracle,noncliff,602,550,0.9136212624584718,0.8884759555708791,0.933521272828422,2.5808203060949726,,,,,CHEMBL233_Ki
86921808,mondrian_iqr,cliffA,all,629,572,0.9093799682034976,0.8843914811543093,0.9293984386143911,2.5799108134716775,,,,,CHEMBL233_Ki
86921808,mondrian_iqr,cliffA,cliff,50,42,0.84,0.7148578393696501,0.916625793219666,2.63359378531566,,,,,CHEMBL233_Ki
86921808,mondrian_iqr,cliffA,noncliff,579,530,0.9153713298791019,0.8898724777295896,0.9353948273335103,2.57527497825199,,,,,CHEMBL233_Ki
86921808,mondrian_iqr,__bins__,__summary__,-1,-1,,,,2.5799108134716775,0.8552631578947368,0.13157894736842102,0.8607594936708861,0.11392405063291133,CHEMBL233_Ki
86921808,mondrian_nb,cliffB_oracle,all,629,569,0.904610492845787,0.8791364042003086,0.9251724679594361,2.503548442043599,,,,,CHEMBL233_Ki
86921808,mondrian_nb,cliffB_oracle,cliff,27,23,0.8518518518518519,0.6752131457218702,0.9408407222375568,2.4085744149334465,,,,,CHEMBL233_Ki
86921808,mondrian_nb,cliffB_oracle,noncliff,602,546,0.9069767441860465,0.881123421518706,0.9276690321271925,2.507808074488739,,,,,CHEMBL233_Ki
86921808,mondrian_nb,cliffA,all,629,569,0.904610492845787,0.8791364042003086,0.9251724679594361,2.503548442043599,,,,,CHEMBL233_Ki
86921808,mondrian_nb,cliffA,cliff,50,40,0.8,0.6696289406777459,0.887562499842239,2.3523328329640716,,,,,CHEMBL233_Ki
86921808,mondrian_nb,cliffA,noncliff,579,529,0.9136442141623489,0.8879517320853476,0.933884108091835,2.516606784796581,,,,,CHEMBL233_Ki
86921808,mondrian_nb,__bins__,__summary__,-1,-1,,,,2.503548442043599,0.8552631578947368,0.11842105263157898,0.7848101265822784,0.20253164556962033,CHEMBL233_Ki
86921808,mondrian_nnsim,cliffB_oracle,all,629,579,0.9205087440381559,0.8967268422350881,0.9391855219545092,2.6780722226052847,,,,,CHEMBL233_Ki
86921808,mondrian_nnsim,cliffB_oracle,cliff,27,23,0.8518518518518519,0.6752131457218702,0.9408407222375568,2.5707731596592094,,,,,CHEMBL233_Ki
86921808,mondrian_nnsim,cliffB_oracle,noncliff,602,556,0.9235880398671097,0.8995785684080032,0.9422258221214018,2.6828846390497105,,,,,CHEMBL233_Ki
86921808,mondrian_nnsim,cliffA,all,629,579,0.9205087440381559,0.8967268422350881,0.9391855219545092,2.6780722226052847,,,,,CHEMBL233_Ki
86921808,mondrian_nnsim,cliffA,cliff,50,43,0.86,0.7381380628941446,0.9304916657298371,2.6481318500695816,,,,,CHEMBL233_Ki
86921808,mondrian_nnsim,cliffA,noncliff,579,536,0.92573402417962,0.9014570781202262,0.9443990162583773,2.6806577470038775,,,,,CHEMBL233_Ki
86921808,mondrian_nnsim,__bins__,__summary__,-1,-1,,,,2.6780722226052847,0.8421052631578947,0.14473684210526316,0.8227848101265823,0.1518987341772151,CHEMBL233_Ki
86921808,mondrian_pairgap,cliffB_oracle,all,629,570,0.9062003179650239,0.8808861414752466,0.9265830798874833,2.531388442686203,,,,,CHEMBL233_Ki
86921808,mondrian_pairgap,cliffB_oracle,cliff,27,21,0.7777777777777778,0.5924307113336742,0.8939276054763996,2.4716966706639036,,,,,CHEMBL233_Ki
86921808,mondrian_pairgap,cliffB_oracle,noncliff,602,549,0.9119601328903655,0.8866343510660787,0.932061683644872,2.5340656484081334,,,,,CHEMBL233_Ki
86921808,mondrian_pairgap,cliffA,all,629,570,0.9062003179650239,0.8808861414752466,0.9265830798874833,2.531388442686203,,,,,CHEMBL233_Ki
86921808,mondrian_pairgap,cliffA,cliff,50,41,0.82,0.6920394632569922,0.9022980732976582,2.4774108695167167,,,,,CHEMBL233_Ki
86921808,mondrian_pairgap,cliffA,noncliff,579,529,0.9136442141623489,0.8879517320853476,0.933884108091835,2.5360497184348634,,,,,CHEMBL233_Ki
86921808,mondrian_pairgap,__bins__,__summary__,-1,-1,,,,2.531388442686203,0.8552631578947368,0.14473684210526316,0.8354430379746836,0.15189873417721522,CHEMBL233_Ki
86921808,mondrian_rfstd,cliffB_oracle,all,629,569,0.904610492845787,0.8791364042003086,0.9251724679594361,2.463131094154821,,,,,CHEMBL233_Ki
86921808,mondrian_rfstd,cliffB_oracle,cliff,27,20,0.7407407407407407,0.5532142868544692,0.8682962543809281,2.548625339321888,,,,,CHEMBL233_Ki
86921808,mondrian_rfstd,cliffB_oracle,noncliff,602,549,0.9119601328903655,0.8866343510660787,0.932061683644872,2.459296634653973,,,,,CHEMBL233_Ki
86921808,mondrian_rfstd,cliffA,all,629,569,0.904610492845787,0.8791364042003086,0.9251724679594361,2.463131094154821,,,,,CHEMBL233_Ki
86921808,mondrian_rfstd,cliffA,cliff,50,38,0.76,0.6258731624205708,0.8570260860300828,2.442014202583325,,,,,CHEMBL233_Ki
86921808,mondrian_rfstd,cliffA,noncliff,579,531,0.917098445595855,0.891795952773929,0.9369028171750882,2.4649546599209264,,,,,CHEMBL233_Ki
86921808,mondrian_rfstd,__bins__,__summary__,-1,-1,,,,2.463131094154821,0.8552631578947368,0.09210526315789469,0.8607594936708861,0.07594936708860756,CHEMBL233_Ki
89165191,global,cliffB_oracle,all,629,551,0.875993640699523,0.8479313611469218,0.8994912253590884,2.510057674655517,,,,,CHEMBL233_Ki
89165191,global,cliffB_oracle,cliff,23,14,0.6086956521739131,0.4078552239138171,0.7784237720752205,2.510057674655516,,,,,CHEMBL233_Ki
89165191,global,cliffB_oracle,noncliff,606,537,0.8861386138613861,0.8583788796605571,0.9090336883616534,2.510057674655517,,,,,CHEMBL233_Ki
89165191,global,cliffA,all,629,551,0.875993640699523,0.8479313611469218,0.8994912253590884,2.510057674655517,,,,,CHEMBL233_Ki
89165191,global,cliffA,cliff,47,34,0.723404255319149,0.582414363751211,0.8306343663031736,2.5100576746555165,,,,,CHEMBL233_Ki
89165191,global,cliffA,noncliff,582,517,0.8883161512027491,0.8601374304200016,0.911402366216927,2.510057674655517,,,,,CHEMBL233_Ki
89165191,global,__bins__,__summary__,-1,-1,,,,2.510057674655517,0.7938144329896907,0.15355398806294085,0.6835443037974683,0.31645569620253167,CHEMBL233_Ki
89165191,mondrian_pair,cliffB_oracle,all,629,549,0.8728139904610492,0.8444938925811907,0.8966079955188491,2.4883121009074727,,,,,CHEMBL233_Ki
89165191,mondrian_pair,cliffB_oracle,cliff,23,14,0.6086956521739131,0.4078552239138171,0.7784237720752205,2.351329481255919,,,,,CHEMBL233_Ki
89165191,mondrian_pair,cliffB_oracle,noncliff,606,535,0.8828382838283828,0.8547876502620515,0.9060658359821914,2.4935111112242807,,,,,CHEMBL233_Ki
89165191,mondrian_pair,cliffA,all,629,549,0.8728139904610492,0.8444938925811907,0.8966079955188491,2.4883121009074727,,,,,CHEMBL233_Ki
89165191,mondrian_pair,cliffA,cliff,47,33,0.7021276595744681,0.5602232608095393,0.8134874949539516,2.3486185969908195,,,,,CHEMBL233_Ki
89165191,mondrian_pair,cliffA,noncliff,582,516,0.8865979381443299,0.8582618508479356,0.90986405288352,2.4995931914299514,,,,,CHEMBL233_Ki
89165191,mondrian_pair,__bins__,__summary__,-1,-1,,,,2.4883121009074727,0.8041237113402062,0.1432447097124253,0.6962025316455697,0.2784810126582278,CHEMBL233_Ki
89165191,mondrian_wstd,cliffB_oracle,all,629,554,0.8807631160572337,0.853097752115814,0.903805881999152,2.5110662015445318,,,,,CHEMBL233_Ki
89165191,mondrian_wstd,cliffB_oracle,cliff,23,13,0.5652173913043478,0.3681137508501646,0.743653646743258,2.454322742941695,,,,,CHEMBL233_Ki
89165191,mondrian_wstd,cliffB_oracle,noncliff,606,541,0.8927392739273927,0.865581423742739,0.9149493078354065,2.513219831161471,,,,,CHEMBL233_Ki
89165191,mondrian_wstd,cliffA,all,629,554,0.8807631160572337,0.853097752115814,0.903805881999152,2.5110662015445318,,,,,CHEMBL233_Ki
89165191,mondrian_wstd,cliffA,cliff,47,32,0.6808510638297872,0.5383265689689715,0.7960462125036255,2.531048746020297,,,,,CHEMBL233_Ki
89165191,mondrian_wstd,cliffA,noncliff,582,522,0.8969072164948454,0.869544189350929,0.9190650718133655,2.509452490908173,,,,,CHEMBL233_Ki
89165191,mondrian_wstd,__bins__,__summary__,-1,-1,,,,2.5110662015445318,0.8289473684210527,0.09888768312533913,0.7341772151898734,0.2401817591691009,CHEMBL233_Ki
89165191,mondrian_std,cliffB_oracle,all,629,567,0.9014308426073132,0.8756425818358458,0.9223455919179284,2.659934322046008,,,,,CHEMBL233_Ki
89165191,mondrian_std,cliffB_oracle,cliff,23,17,0.7391304347826086,0.5352999516257462,0.8745138395501366,2.66581632191124,,,,,CHEMBL233_Ki
89165191,mondrian_std,cliffB_oracle,noncliff,606,550,0.9075907590759076,0.8818954631587054,0.9281511364202947,2.6597110778267004,,,,,CHEMBL233_Ki
89165191,mondrian_std,cliffA,all,629,567,0.9014308426073132,0.8756425818358458,0.9223455919179284,2.659934322046008,,,,,CHEMBL233_Ki
89165191,mondrian_std,cliffA,cliff,47,36,0.7659574468085106,0.6277574244984441,0.8639672541377281,2.689961881660403,,,,,CHEMBL233_Ki
89165191,mondrian_std,cliffA,noncliff,582,531,0.9123711340206185,0.8866116253962981,0.9327226719172546,2.657509416029038,,,,,CHEMBL233_Ki
89165191,mondrian_std,__bins__,__summary__,-1,-1,,,,2.659934322046008,0.8289473684210527,0.14473684210526316,0.759493670886076,0.22768581629341123,CHEMBL233_Ki
89165191,mondrian_iqr,cliffB_oracle,all,629,559,0.8887122416534181,0.8617371500194385,0.9109682301104537,2.5488380658203007,,,,,CHEMBL233_Ki
89165191,mondrian_iqr,cliffB_oracle,cliff,23,14,0.6086956521739131,0.4078552239138171,0.7784237720752205,2.518270523574526,,,,,CHEMBL233_Ki
89165191,mondrian_iqr,cliffB_oracle,noncliff,606,545,0.8993399339933993,0.8728125515991147,0.920836343534966,2.549998220063952,,,,,CHEMBL233_Ki
89165191,mondrian_iqr,cliffA,all,629,559,0.8887122416534181,0.8617371500194385,0.9109682301104537,2.5488380658203007,,,,,CHEMBL233_Ki
89165191,mondrian_iqr,cliffA,cliff,47,32,0.6808510638297872,0.5383265689689715,0.7960462125036255,2.5413714598160166,,,,,CHEMBL233_Ki
89165191,mondrian_iqr,cliffA,noncliff,582,527,0.9054982817869416,0.879002963899402,0.9266757617922582,2.5494410391574167,,,,,CHEMBL233_Ki
89165191,mondrian_iqr,__bins__,__summary__,-1,-1,,,,2.5488380658203007,0.8289473684210527,0.11842105263157887,0.7974683544303798,0.17721518987341767,CHEMBL233_Ki
89165191,mondrian_nb,cliffB_oracle,all,629,557,0.8855325914149443,0.8582769274059509,0.9081077543179709,2.545541618409694,,,,,CHEMBL233_Ki
89165191,mondrian_nb,cliffB_oracle,cliff,23,14,0.6086956521739131,0.4078552239138171,0.7784237720752205,2.2528991573008303,,,,,CHEMBL233_Ki
89165191,mondrian_nb,cliffB_oracle,noncliff,606,543,0.8960396039603961,0.8691932691497818,0.9178965442063315,2.5566485104979844,,,,,CHEMBL233_Ki
89165191,mondrian_nb,cliffA,all,629,557,0.8855325914149443,0.8582769274059509,0.9081077543179709,2.545541618409694,,,,,CHEMBL233_Ki
89165191,mondrian_nb,cliffA,cliff,47,33,0.7021276595744681,0.5602232608095393,0.8134874949539516,2.241587612335454,,,,,CHEMBL233_Ki
89165191,mondrian_nb,cliffA,noncliff,582,524,0.9003436426116839,0.8733211337742165,0.9221159132010243,2.5700877323022873,,,,,CHEMBL233_Ki
89165191,mondrian_nb,__bins__,__summary__,-1,-1,,,,2.545541618409694,0.8144329896907216,0.14609332609875203,0.7848101265822784,0.189873417721519,CHEMBL233_Ki
89165191,mondrian_nnsim,cliffB_oracle,all,629,567,0.9014308426073132,0.8756425818358458,0.9223455919179284,2.6515843750738206,,,,,CHEMBL233_Ki
89165191,mondrian_nnsim,cliffB_oracle,cliff,23,18,0.782608695652174,0.5809651698373599,0.9033602197341379,2.751236979576954,,,,,CHEMBL233_Ki
89165191,mondrian_nnsim,cliffB_oracle,noncliff,606,549,0.905940594059406,0.8800747355062154,0.9266923231838008,2.647802180513471,,,,,CHEMBL233_Ki
89165191,mondrian_nnsim,cliffA,all,629,567,0.9014308426073132,0.8756425818358458,0.9223455919179284,2.6515843750738206,,,,,CHEMBL233_Ki
89165191,mondrian_nnsim,cliffA,cliff,47,38,0.8085106382978723,0.6745599542033822,0.8958406730145774,2.699461892496722,,,,,CHEMBL233_Ki
89165191,mondrian_nnsim,cliffA,noncliff,582,529,0.9089347079037801,0.8828024037466471,0.9297041077559594,2.647717977618707,,,,,CHEMBL233_Ki
89165191,mondrian_nnsim,__bins__,__summary__,-1,-1,,,,2.6515843750738206,0.8247422680412371,0.14894194248507875,0.7848101265822784,0.20236936059720878,CHEMBL233_Ki
89165191,mondrian_pairgap,cliffB_oracle,all,629,547,0.8696343402225755,0.8410616570203785,0.8937195326736908,2.402388388056704,,,,,CHEMBL233_Ki
89165191,mondrian_pairgap,cliffB_oracle,cliff,23,14,0.6086956521739131,0.4078552239138171,0.7784237720752205,2.2831949128732476,,,,,CHEMBL233_Ki
89165191,mondrian_pairgap,cliffB_oracle,noncliff,606,533,0.8795379537953796,0.8512027924972678,0.9030916119690076,2.4069122328243924,,,,,CHEMBL233_Ki
89165191,mondrian_pairgap,cliffA,all,629,547,0.8696343402225755,0.8410616570203785,0.8937195326736908,2.402388388056704,,,,,CHEMBL233_Ki
89165191,mondrian_pairgap,cliffA,cliff,47,33,0.7021276595744681,0.5602232608095393,0.8134874949539516,2.246910396217841,,,,,CHEMBL233_Ki
89165191,mondrian_pairgap,cliffA,noncliff,582,514,0.8831615120274914,0.8545161633858281,0.9067819545346812,2.4149441709027974,,,,,CHEMBL233_Ki
89165191,mondrian_pairgap,__bins__,__summary__,-1,-1,,,,2.402388388056704,0.8144329896907216,0.14609332609875203,0.7088607594936709,0.26549821486530345,CHEMBL233_Ki
89165191,mondrian_rfstd,cliffB_oracle,all,629,565,0.8982511923688394,0.8721560311183526,0.9195114442294511,2.521095158641509,,,,,CHEMBL233_Ki
89165191,mondrian_rfstd,cliffB_oracle,cliff,23,15,0.6521739130434783,0.44890335377263,0.8118872406120227,2.4919621212858973,,,,,CHEMBL233_Ki
89165191,mondrian_rfstd,cliffB_oracle,noncliff,606,550,0.9075907590759076,0.8818954631587054,0.9281511364202947,2.522200867980089,,,,,CHEMBL233_Ki
89165191,mondrian_rfstd,cliffA,all,629,565,0.8982511923688394,0.8721560311183526,0.9195114442294511,2.521095158641509,,,,,CHEMBL233_Ki
89165191,mondrian_rfstd,cliffA,cliff,47,33,0.7021276595744681,0.5602232608095393,0.8134874949539516,2.4134530907884857,,,,,CHEMBL233_Ki
89165191,mondrian_rfstd,cliffA,noncliff,582,532,0.9140893470790378,0.8885200625359883,0.9342281276830374,2.5297879029526644,,,,,CHEMBL233_Ki
89165191,mondrian_rfstd,__bins__,__summary__,-1,-1,,,,2.521095158641509,0.868421052631579,0.09210526315789469,0.8205128205128205,0.14102564102564108,CHEMBL233_Ki
71339737,global,cliffB_oracle,all,732,654,0.8934426229508197,0.8690005942336607,0.9137767188619264,2.2127115548020697,,,,,CHEMBL234_Ki
71339737,global,cliffB_oracle,cliff,28,20,0.7142857142857143,0.5294071156670428,0.8474600394333092,2.2127115548020697,,,,,CHEMBL234_Ki
71339737,global,cliffB_oracle,noncliff,704,634,0.9005681818181818,0.8762428266524945,0.9205457662898536,2.2127115548020697,,,,,CHEMBL234_Ki
71339737,global,cliffA,all,732,654,0.8934426229508197,0.8690005942336607,0.9137767188619264,2.2127115548020697,,,,,CHEMBL234_Ki
71339737,global,cliffA,cliff,47,38,0.8085106382978723,0.6745599542033822,0.8958406730145774,2.2127115548020697,,,,,CHEMBL234_Ki
71339737,global,cliffA,noncliff,685,616,0.8992700729927007,0.8744577656751629,0.919629165353163,2.2127115548020697,,,,,CHEMBL234_Ki
71339737,global,__bins__,__summary__,-1,-1,,,,2.2127115548020697,0.7669172932330827,0.22145479979017313,0.7391304347826086,0.26086956521739135,CHEMBL234_Ki
71339737,mondrian_pair,cliffB_oracle,all,732,649,0.8866120218579235,0.8615959712834589,0.9075914579042188,2.212977646784197,,,,,CHEMBL234_Ki
71339737,mondrian_pair,cliffB_oracle,cliff,28,19,0.6785714285714286,0.49338843180857617,0.8206675307750504,2.055365320574316,,,,,CHEMBL234_Ki
71339737,mondrian_pair,cliffB_oracle,noncliff,704,630,0.8948863636363636,0.8700478835265661,0.9154387435584437,2.219246318849363,,,,,CHEMBL234_Ki
71339737,mondrian_pair,cliffA,all,732,649,0.8866120218579235,0.8615959712834589,0.9075914579042188,2.212977646784197,,,,,CHEMBL234_Ki
71339737,mondrian_pair,cliffA,cliff,47,37,0.7872340425531915,0.6509597329080159,0.88010292001905,2.0398526300764948,,,,,CHEMBL234_Ki
71339737,mondrian_pair,cliffA,noncliff,685,612,0.8934306569343066,0.8680896078832865,0.9143836203146434,2.2248562975656014,,,,,CHEMBL234_Ki
71339737,mondrian_pair,__bins__,__summary__,-1,-1,,,,2.212977646784197,0.7744360902255639,0.21393600279769187,0.75,0.25,CHEMBL234_Ki
71339737,mondrian_wstd,cliffB_oracle,all,732,657,0.8975409836065574,0.8734567551759701,0.9174744882643627,2.1929684821595608,,,,,CHEMBL234_Ki
71339737,mondrian_wstd,cliffB_oracle,cliff,28,22,0.7857142857142857,0.6046141434627812,0.8978753966710211,2.509513300619642,,,,,CHEMBL234_Ki
71339737,mondrian_wstd,cliffB_oracle,noncliff,704,635,0.9019886363636364,0.8777948994170884,0.9218191849895944,2.180378631425353,,,,,CHEMBL234_Ki
71339737,mondrian_wstd,cliffA,all,732,657,0.8975409836065574,0.8734567551759701,0.9174744882643627,2.1929684821595608,,,,,CHEMBL234_Ki
71339737,mondrian_wstd,cliffA,cliff,47,40,0.851063829787234,0.7231437757640644,0.9259328000356828,2.4352261071760943,,,,,CHEMBL234_Ki
71339737,mondrian_wstd,cliffA,noncliff,685,617,0.9007299270072993,0.8760533150496969,0.920937041686228,2.1763464261365293,,,,,CHEMBL234_Ki
71339737,mondrian_wstd,__bins__,__summary__,-1,-1,,,,2.1929684821595608,0.8488372093023255,0.12790697674418605,0.8043478260869565,0.1847826086956521,CHEMBL234_Ki
71339737,mondrian_std,cliffB_oracle,all,732,663,0.9057377049180327,0.882401715712574,0.9248373884172502,2.274120367207992,,,,,CHEMBL234_Ki
71339737,mondrian_std,cliffB_oracle,cliff,28,22,0.7857142857142857,0.6046141434627812,0.8978753966710211,2.55938340824844,,,,,CHEMBL234_Ki
71339737,mondrian_std,cliffB_oracle,noncliff,704,641,0.9105113636363636,0.8871374078616281,0.9294296253310621,2.262774678075701,,,,,CHEMBL234_Ki
71339737,mondrian_std,cliffA,all,732,663,0.9057377049180327,0.882401715712574,0.9248373884172502,2.274120367207992,,,,,CHEMBL234_Ki
71339737,mondrian_std,cliffA,cliff,47,40,0.851063829787234,0.7231437757640644,0.9259328000356828,2.5168025335801936,,,,,CHEMBL234_Ki
71339737,mondrian_std,cliffA,noncliff,685,623,0.9094890510948905,0.8856582700899023,0.9287526408916167,2.257469182070045,,,,,CHEMBL234_Ki
71339737,mondrian_std,__bins__,__summary__,-1,-1,,,,2.274120367207992,0.872093023255814,0.10465116279069764,0.8260869565217391,0.1630434782608695,CHEMBL234_Ki
71339737,mondrian_iqr,cliffB_oracle,all,732,649,0.8866120218579235,0.8615959712834589,0.9075914579042188,2.1383730962551417,,,,,CHEMBL234_Ki
71339737,mondrian_iqr,cliffB_oracle,cliff,28,20,0.7142857142857143,0.5294071156670428,0.8474600394333092,2.322132664028937,,,,,CHEMBL234_Ki
71339737,mondrian_iqr,cliffB_oracle,noncliff,704,629,0.8934659090909091,0.8685023654552869,0.9141587701653883,2.1310644770823206,,,,,CHEMBL234_Ki
71339737,mondrian_iqr,cliffA,all,732,649,0.8866120218579235,0.8615959712834589,0.9075914579042188,2.1383730962551417,,,,,CHEMBL234_Ki
71339737,mondrian_iqr,cliffA,cliff,47,38,0.8085106382978723,0.6745599542033822,0.8958406730145774,2.242875762481973,,,,,CHEMBL234_Ki
71339737,mondrian_iqr,cliffA,noncliff,685,611,0.891970802919708,0.866500951440792,0.9130688510495388,2.13120284032425,,,,,CHEMBL234_Ki
71339737,mondrian_iqr,__bins__,__summary__,-1,-1,,,,2.1383730962551417,0.8045112781954887,0.13734918692079034,0.7934782608695652,0.2065217391304348,CHEMBL234_Ki
71339737,mondrian_nb,cliffB_oracle,all,732,647,0.8838797814207651,0.8586415205099845,0.9051099551145293,2.118524252040575,,,,,CHEMBL234_Ki
71339737,mondrian_nb,cliffB_oracle,cliff,28,18,0.6428571428571429,0.4583030651442781,0.7929417049226233,2.062303143736477,,,,,CHEMBL234_Ki
71339737,mondrian_nb,cliffB_oracle,noncliff,704,629,0.8934659090909091,0.8685023654552869,0.9141587701653883,2.120760318848124,,,,,CHEMBL234_Ki
71339737,mondrian_nb,cliffA,all,732,647,0.8838797814207651,0.8586415205099845,0.9051099551145293,2.118524252040575,,,,,CHEMBL234_Ki
71339737,mondrian_nb,cliffA,cliff,47,34,0.723404255319149,0.582414363751211,0.8306343663031736,1.9990841548526719,,,,,CHEMBL234_Ki
71339737,mondrian_nb,cliffA,noncliff,685,613,0.8948905109489051,0.8696795930078215,0.9156970608977076,2.1267194119936135,,,,,CHEMBL234_Ki
71339737,mondrian_nb,__bins__,__summary__,-1,-1,,,,2.118524252040575,0.788235294117647,0.20013679890560876,0.7912087912087912,0.17618251313903488,CHEMBL234_Ki
71339737,mondrian_nnsim,cliffB_oracle,all,732,663,0.9057377049180327,0.882401715712574,0.9248373884172502,2.286358183957868,,,,,CHEMBL234_Ki
71339737,mondrian_nnsim,cliffB_oracle,cliff,28,22,0.7857142857142857,0.6046141434627812,0.8978753966710211,2.4818591472130622,,,,,CHEMBL234_Ki
71339737,mondrian_nnsim,cliffB_oracle,noncliff,704,641,0.9105113636363636,0.8871374078616281,0.9294296253310621,2.2785825774647632,,,,,CHEMBL234_Ki
71339737,mondrian_nnsim,cliffA,all,732,663,0.9057377049180327,0.882401715712574,0.9248373884172502,2.286358183957868,,,,,CHEMBL234_Ki
71339737,mondrian_nnsim,cliffA,cliff,47,40,0.851063829787234,0.7231437757640644,0.9259328000356828,2.362709983377284,,,,,CHEMBL234_Ki
71339737,mondrian_nnsim,cliffA,noncliff,685,623,0.9094890510948905,0.8856582700899023,0.9287526408916167,2.2811194473553678,,,,,CHEMBL234_Ki
71339737,mondrian_nnsim,__bins__,__summary__,-1,-1,,,,2.286358183957868,0.8045112781954887,0.18386081482776706,0.7934782608695652,0.2065217391304348,CHEMBL234_Ki
71339737,mondrian_pairgap,cliffB_oracle,all,732,657,0.8975409836065574,0.8734567551759701,0.9174744882643627,2.2080958739949774,,,,,CHEMBL234_Ki
71339737,mondrian_pairgap,cliffB_oracle,cliff,28,20,0.7142857142857143,0.5294071156670428,0.8474600394333092,2.0877306723399265,,,,,CHEMBL234_Ki
71339737,mondrian_pairgap,cliffB_oracle,noncliff,704,637,0.9048295454545454,0.8809032281952732,0.9243618391400786,2.2128831263335305,,,,,CHEMBL234_Ki
71339737,mondrian_pairgap,cliffA,all,732,657,0.8975409836065574,0.8734567551759701,0.9174744882643627,2.2080958739949774,,,,,CHEMBL234_Ki
71339737,mondrian_pairgap,cliffA,cliff,47,38,0.8085106382978723,0.6745599542033822,0.8958406730145774,2.1232974246688974,,,,,CHEMBL234_Ki
71339737,mondrian_pairgap,cliffA,noncliff,685,619,0.9036496350364963,0.8792488162349148,0.9235483919162082,2.213914161758957,,,,,CHEMBL234_Ki
71339737,mondrian_pairgap,__bins__,__summary__,-1,-1,,,,2.2080958739949774,0.7969924812030075,0.1797517048435041,0.8043478260869565,0.19565217391304346,CHEMBL234_Ki
71339737,mondrian_rfstd,cliffB_oracle,all,732,648,0.8852459016393442,0.8601182338743912,0.9063512185317045,2.096272701828114,,,,,CHEMBL234_Ki
71339737,mondrian_rfstd,cliffB_oracle,cliff,28,19,0.6785714285714286,0.49338843180857617,0.8206675307750504,2.31937282413453,,,,,CHEMBL234_Ki
71339737,mondrian_rfstd,cliffB_oracle,noncliff,704,629,0.8934659090909091,0.8685023654552869,0.9141587701653883,2.0873994015091086,,,,,CHEMBL234_Ki
71339737,mondrian_rfstd,cliffA,all,732,648,0.8852459016393442,0.8601182338743912,0.9063512185317045,2.096272701828114,,,,,CHEMBL234_Ki
71339737,mondrian_rfstd,cliffA,cliff,47,36,0.7659574468085106,0.6277574244984441,0.8639672541377281,2.226841670300919,,,,,CHEMBL234_Ki
71339737,mondrian_rfstd,cliffA,noncliff,685,612,0.8934306569343066,0.8680896078832865,0.9143836203146434,2.087313955086184,,,,,CHEMBL234_Ki
71339737,mondrian_rfstd,__bins__,__summary__,-1,-1,,,,2.096272701828114,0.8421052631578947,0.1230110159118728,0.8571428571428571,0.06677018633540377,CHEMBL234_Ki
99182118,global,cliffB_oracle,all,732,673,0.9193989071038251,0.897419123453525,0.9369997484921181,2.2867064626478353,,,,,CHEMBL234_Ki
99182118,global,cliffB_oracle,cliff,25,21,0.84,0.6534637839282114,0.9359654854332355,2.2867064626478353,,,,,CHEMBL234_Ki
99182118,global,cliffB_oracle,noncliff,707,652,0.9222065063649222,0.9001030260319641,0.9397466937500528,2.2867064626478353,,,,,CHEMBL234_Ki
99182118,global,cliffA,all,732,673,0.9193989071038251,0.897419123453525,0.9369997484921181,2.2867064626478353,,,,,CHEMBL234_Ki
99182118,global,cliffA,cliff,41,35,0.8536585365853658,0.7155654195751904,0.9311575185870407,2.2867064626478353,,,,,CHEMBL234_Ki
99182118,global,cliffA,noncliff,691,638,0.9232995658465991,0.9010346307424341,0.9408840437604945,2.2867064626478353,,,,,CHEMBL234_Ki
99182118,global,__bins__,__summary__,-1,-1,,,,2.2867064626478353,0.8409090909090909,0.13583509513742065,0.6956521739130435,0.30434782608695654,CHEMBL234_Ki
99182118,mondrian_pair,cliffB_oracle,all,732,677,0.924863387978142,0.903469945090532,0.9418208339814388,2.360369929340999,,,,,CHEMBL234_Ki
99182118,mondrian_pair,cliffB_oracle,cliff,25,19,0.76,0.5657031664457093,0.8850368630659855,2.1305180885806623,,,,,CHEMBL234_Ki
99182118,mondrian_pair,cliffB_oracle,noncliff,707,658,0.9306930693069307,0.9095506569756973,0.9471804642089734,2.368497646482454,,,,,CHEMBL234_Ki
99182118,mondrian_pair,cliffA,all,732,677,0.924863387978142,0.903469945090532,0.9418208339814388,2.360369929340999,,,,,CHEMBL234_Ki
99182118,mondrian_pair,cliffA,cliff,41,33,0.8048780487804879,0.6598641481293658,0.8976556261484198,2.1870283865728886,,,,,CHEMBL234_Ki
99182118,mondrian_pair,cliffA,noncliff,691,644,0.9319826338639653,0.9107221097357872,0.948466691423612,2.370655028115952,,,,,CHEMBL234_Ki
99182118,mondrian_pair,__bins__,__summary__,-1,-1,,,,2.360369929340999,0.8604651162790697,0.11627906976744184,0.7391304347826086,0.25,CHEMBL234_Ki
99182118,mondrian_wstd,cliffB_oracle,all,732,669,0.9139344262295082,0.8913944460422344,0.932152518777081,2.214817503981374,,,,,CHEMBL234_Ki
99182118,mondrian_wstd,cliffB_oracle,cliff,25,20,0.8,0.6086904963045967,0.9113941531319742,2.398168092816928,,,,,CHEMBL234_Ki
99182118,mondrian_wstd,cliffB_oracle,noncliff,707,649,0.917963224893918,0.8954050756771477,0.9360039434035425,2.2083341026788434,,,,,CHEMBL234_Ki
99182118,mondrian_wstd,cliffA,all,732,669,0.9139344262295082,0.8913944460422344,0.932152518777081,2.214817503981374,,,,,CHEMBL234_Ki
99182118,mondrian_wstd,cliffA,cliff,41,34,0.8292682926829268,0.6873738759959581,0.91474748022405,2.3857105737604525,,,,,CHEMBL234_Ki
99182118,mondrian_wstd,cliffA,noncliff,691,635,0.918958031837916,0.896218820479634,0.9370647906950593,2.2046776836326876,,,,,CHEMBL234_Ki
99182118,mondrian_wstd,__bins__,__summary__,-1,-1,,,,2.214817503981374,0.813953488372093,0.133016208597604,0.8043478260869565,0.17367415193502145,CHEMBL234_Ki
99182118,mondrian_std,cliffB_oracle,all,732,666,0.9098360655737705,0.8868917562434594,0.9285012782311105,2.1904720128875597,,,,,CHEMBL234_Ki
99182118,mondrian_std,cliffB_oracle,cliff,25,20,0.8,0.6086904963045967,0.9113941531319742,2.359330031566553,,,,,CHEMBL234_Ki
99182118,mondrian_std,cliffB_oracle,noncliff,707,646,0.9137199434229137,0.8907227676642189,0.9322455507151444,2.184501078705134,,,,,CHEMBL234_Ki
99182118,mondrian_std,cliffA,all,732,666,0.9098360655737705,0.8868917562434594,0.9285012782311105,2.1904720128875597,,,,,CHEMBL234_Ki
99182118,mondrian_std,cliffA,cliff,41,34,0.8292682926829268,0.6873738759959581,0.91474748022405,2.3270401010035218,,,,,CHEMBL234_Ki
99182118,mondrian_std,cliffA,noncliff,691,632,0.914616497829233,0.8914198377867685,0.93322871005969,2.182368841233791,,,,,CHEMBL234_Ki
99182118,mondrian_std,__bins__,__summary__,-1,-1,,,,2.1904720128875597,0.813953488372093,0.12722298221614226,0.8043478260869565,0.17367415193502145,CHEMBL234_Ki
99182118,mondrian_iqr,cliffB_oracle,all,732,670,0.9153005464480874,0.8928982909044181,0.9333666506964795,2.2528745190954944,,,,,CHEMBL234_Ki
99182118,mondrian_iqr,cliffB_oracle,cliff,25,19,0.76,0.5657031664457093,0.8850368630659855,2.3327317423905565,,,,,CHEMBL234_Ki
99182118,mondrian_iqr,cliffB_oracle,noncliff,707,651,0.9207920792079208,0.8985352360647829,0.9385009168167917,2.250050713462713,,,,,CHEMBL234_Ki
99182118,mondrian_iqr,cliffA,all,732,670,0.9153005464480874,0.8928982909044181,0.9333666506964795,2.2528745190954944,,,,,CHEMBL234_Ki
99182118,mondrian_iqr,cliffA,cliff,41,32,0.7804878048780488,0.6329499401177383,0.8799682522178243,2.2623707604479524,,,,,CHEMBL234_Ki
99182118,mondrian_iqr,cliffA,noncliff,691,638,0.9232995658465991,0.9010346307424341,0.9408840437604945,2.2523110662800807,,,,,CHEMBL234_Ki
99182118,mondrian_iqr,__bins__,__summary__,-1,-1,,,,2.2528745190954944,0.8953488372093024,0.03406292749658002,0.782608695652174,0.19541328236980404,CHEMBL234_Ki
99182118,mondrian_nb,cliffB_oracle,all,732,674,0.9207650273224044,0.8989292837041477,0.9382075650230773,2.304203395713289,,,,,CHEMBL234_Ki
99182118,mondrian_nb,cliffB_oracle,cliff,25,18,0.72,0.5242339480963842,0.8571614614904344,1.9729071712220847,,,,,CHEMBL234_Ki
99182118,mondrian_nb,cliffB_oracle,noncliff,707,656,0.9278642149929278,0.9063933197058794,0.9447106676779063,2.315918255136599,,,,,CHEMBL234_Ki
99182118,mondrian_nb,cliffA,all,732,674,0.9207650273224044,0.8989292837041477,0.9382075650230773,2.304203395713289,,,,,CHEMBL234_Ki
99182118,mondrian_nb,cliffA,cliff,41,31,0.7560975609756098,0.6065666377742431,0.8617499726190967,1.9963840701519808,,,,,CHEMBL234_Ki
99182118,mondrian_nb,cliffA,noncliff,691,643,0.9305354558610709,0.9091019814021982,0.9472084653144556,2.322467639342831,,,,,CHEMBL234_Ki
99182118,mondrian_nb,__bins__,__summary__,-1,-1,,,,2.304203395713289,0.8604651162790697,0.10465116279069775,0.8043478260869565,0.1847826086956521,CHEMBL234_Ki
99182118,mondrian_nnsim,cliffB_oracle,all,732,679,0.9275956284153005,0.9065059549135261,0.9442207777216083,2.4143020315639188,,,,,CHEMBL234_Ki
99182118,mondrian_nnsim,cliffB_oracle,cliff,25,22,0.88,0.7004420607907267,0.9583318284955964,2.6349742728527747,,,,,CHEMBL234_Ki
99182118,mondrian_nnsim,cliffB_oracle,noncliff,707,657,0.9292786421499293,0.9079709271705386,0.9459466271136897,2.406498911292035,,,,,CHEMBL234_Ki
99182118,mondrian_nnsim,cliffA,all,732,679,0.9275956284153005,0.9065059549135261,0.9442207777216083,2.4143020315639188,,,,,CHEMBL234_Ki
99182118,mondrian_nnsim,cliffA,cliff,41,35,0.8536585365853658,0.7155654195751904,0.9311575185870407,2.5445344338331073,,,,,CHEMBL234_Ki
99182118,mondrian_nnsim,cliffA,noncliff,691,644,0.9319826338639653,0.9107221097357872,0.948466691423612,2.4065747833829683,,,,,CHEMBL234_Ki
99182118,mondrian_nnsim,__bins__,__summary__,-1,-1,,,,2.4143020315639188,0.872093023255814,0.10465116279069764,0.7934782608695652,0.2065217391304348,CHEMBL234_Ki
99182118,mondrian_pairgap,cliffB_oracle,all,732,663,0.9057377049180327,0.882401715712574,0.9248373884172502,2.359833156295409,,,,,CHEMBL234_Ki
99182118,mondrian_pairgap,cliffB_oracle,cliff,25,16,0.64,0.44518497748164865,0.7975211922554178,2.0002175627058576,,,,,CHEMBL234_Ki
99182118,mondrian_pairgap,cliffB_oracle,noncliff,707,647,0.9151343705799151,0.8922818646275751,0.9335000206522305,2.372549407836765,,,,,CHEMBL234_Ki
99182118,mondrian_pairgap,cliffA,all,732,663,0.9057377049180327,0.882401715712574,0.9248373884172502,2.359833156295409,,,,,CHEMBL234_Ki
99182118,mondrian_pairgap,cliffA,cliff,41,29,0.7073170731707317,0.5552053227700284,0.8239081237388657,2.0566039612788805,,,,,CHEMBL234_Ki
99182118,mondrian_pairgap,cliffA,noncliff,691,634,0.9175108538350217,0.8946173490070229,0.9357879077249255,2.3778250477508034,,,,,CHEMBL234_Ki
99182118,mondrian_pairgap,__bins__,__summary__,-1,-1,,,,2.359833156295409,0.8255813953488372,0.12790697674418605,0.782608695652174,0.1844242713807931,CHEMBL234_Ki
99182118,mondrian_rfstd,cliffB_oracle,all,732,670,0.9153005464480874,0.8928982909044181,0.9333666506964795,2.169594396369866,,,,,CHEMBL234_Ki
99182118,mondrian_rfstd,cliffB_oracle,cliff,25,16,0.64,0.44518497748164865,0.7975211922554178,2.2440387682573357,,,,,CHEMBL234_Ki
99182118,mondrian_rfstd,cliffB_oracle,noncliff,707,654,0.925035360678925,0.9032442493176577,0.9422326042652437,2.166961992837777,,,,,CHEMBL234_Ki
99182118,mondrian_rfstd,cliffA,all,732,670,0.9153005464480874,0.8928982909044181,0.9333666506964795,2.169594396369866,,,,,CHEMBL234_Ki
99182118,mondrian_rfstd,cliffA,cliff,41,28,0.6829268292682927,0.5301580035565572,0.8043538610101142,2.23838203443341,,,,,CHEMBL234_Ki
99182118,mondrian_rfstd,cliffA,noncliff,691,642,0.9290882778581766,0.907484154204664,0.9459479380692449,2.1655129301461242,,,,,CHEMBL234_Ki
99182118,mondrian_rfstd,__bins__,__summary__,-1,-1,,,,2.169594396369866,0.8953488372093024,0.04582763337893292,0.8478260869565217,0.11956521739130432,CHEMBL234_Ki
89709943,global,cliffB_oracle,all,732,659,0.9002732240437158,0.8764334291360999,0.9199337678673966,2.319017642575059,,,,,CHEMBL234_Ki
89709943,global,cliffB_oracle,cliff,24,18,0.75,0.55100555994846,0.8800063377140499,2.3190176425750586,,,,,CHEMBL234_Ki
89709943,global,cliffB_oracle,noncliff,708,641,0.905367231638418,0.8815661413043769,0.9247931861657372,2.3190176425750586,,,,,CHEMBL234_Ki
89709943,global,cliffA,all,732,659,0.9002732240437158,0.8764334291360999,0.9199337678673966,2.319017642575059,,,,,CHEMBL234_Ki
89709943,global,cliffA,cliff,47,36,0.7659574468085106,0.6277574244984441,0.8639672541377281,2.319017642575059,,,,,CHEMBL234_Ki
89709943,global,cliffA,noncliff,685,623,0.9094890510948905,0.8856582700899023,0.9287526408916167,2.3190176425750586,,,,,CHEMBL234_Ki
89709943,global,__bins__,__summary__,-1,-1,,,,2.319017642575059,0.7969924812030075,0.1564958908900158,0.7391304347826086,0.25,CHEMBL234_Ki
89709943,mondrian_pair,cliffB_oracle,all,732,654,0.8934426229508197,0.8690005942336607,0.9137767188619264,2.3336928574711626,,,,,CHEMBL234_Ki
89709943,mondrian_pair,cliffB_oracle,cliff,24,13,0.5416666666666666,0.3507486535891948,0.72108666268789,2.014131975183068,,,,,CHEMBL234_Ki
89709943,mondrian_pair,cliffB_oracle,noncliff,708,641,0.905367231638418,0.8815661413043769,0.9247931861657372,2.344525429752115,,,,,CHEMBL234_Ki
89709943,mondrian_pair,cliffA,all,732,654,0.8934426229508197,0.8690005942336607,0.9137767188619264,2.3336928574711626,,,,,CHEMBL234_Ki
89709943,mondrian_pair,cliffA,cliff,47,30,0.6382978723404256,0.4953589653479511,0.7603378675428585,2.093714853303335,,,,,CHEMBL234_Ki
89709943,mondrian_pair,cliffA,noncliff,685,624,0.910948905109489,0.8872646666234337,0.9300496700656841,2.350158501552751,,,,,CHEMBL234_Ki
89709943,mondrian_pair,__bins__,__summary__,-1,-1,,,,2.3336928574711626,0.7894736842105263,0.16401468788249696,0.6847826086956522,0.3152173913043478,CHEMBL234_Ki
89709943,mondrian_wstd,cliffB_oracle,all,732,666,0.9098360655737705,0.8868917562434594,0.9285012782311105,2.3976077431875664,,,,,CHEMBL234_Ki
89709943,mondrian_wstd,cliffB_oracle,cliff,24,19,0.7916666666666666,0.5952954674681133,0.9075517464714814,2.605939191452529,,,,,CHEMBL234_Ki
89709943,mondrian_wstd,cliffB_oracle,noncliff,708,647,0.9138418079096046,0.8908749220214723,0.9323420917372159,2.3905456601955337,,,,,CHEMBL234_Ki
89709943,mondrian_wstd,cliffA,all,732,666,0.9098360655737705,0.8868917562434594,0.9285012782311105,2.3976077431875664,,,,,CHEMBL234_Ki
89709943,mondrian_wstd,cliffA,cliff,47,37,0.7872340425531915,0.6509597329080159,0.88010292001905,2.475995925968757,,,,,CHEMBL234_Ki
89709943,mondrian_wstd,cliffA,noncliff,685,629,0.9182481751824818,0.8953226700195133,0.9365087952075998,2.3922292839310466,,,,,CHEMBL234_Ki
89709943,mondrian_wstd,__bins__,__summary__,-1,-1,,,,2.3976077431875664,0.8646616541353384,0.08882671795768493,0.7717391304347826,0.2282608695652174,CHEMBL234_Ki
89709943,mondrian_std,cliffB_oracle,all,732,660,0.9016393442622951,0.8779235993663403,0.9211615744187382,2.3600935726939762,,,,,CHEMBL234_Ki
89709943,mondrian_std,cliffB_oracle,cliff,24,18,0.75,0.55100555994846,0.8800063377140499,2.592643985709632,,,,,CHEMBL234_Ki
89709943,mondrian_std,cliffB_oracle,noncliff,708,642,0.9067796610169492,0.8831138532840822,0.9260550885674611,2.352210507845988,,,,,CHEMBL234_Ki
89709943,mondrian_std,cliffA,all,732,660,0.9016393442622951,0.8779235993663403,0.9211615744187382,2.3600935726939762,,,,,CHEMBL234_Ki
89709943,mondrian_std,cliffA,cliff,47,36,0.7659574468085106,0.6277574244984441,0.8639672541377281,2.480090243918934,,,,,CHEMBL234_Ki
89709943,mondrian_std,cliffA,noncliff,685,624,0.910948905109489,0.8872646666234337,0.9300496700656841,2.3518602244493443,,,,,CHEMBL234_Ki
89709943,mondrian_std,__bins__,__summary__,-1,-1,,,,2.3600935726939762,0.8571428571428571,0.09579831932773109,0.7608695652173914,0.23913043478260865,CHEMBL234_Ki
89709943,mondrian_iqr,cliffB_oracle,all,732,672,0.9180327868852459,0.8959105952947577,0.9357902998693037,2.442819766356089,,,,,CHEMBL234_Ki
89709943,mondrian_iqr,cliffB_oracle,cliff,24,18,0.75,0.55100555994846,0.8800063377140499,2.4862277552469827,,,,,CHEMBL234_Ki
89709943,mondrian_iqr,cliffB_oracle,noncliff,708,654,0.923728813559322,0.9018096876625702,0.9410746267661206,2.44134830910555,,,,,CHEMBL234_Ki
89709943,mondrian_iqr,cliffA,all,732,672,0.9180327868852459,0.8959105952947577,0.9357902998693037,2.442819766356089,,,,,CHEMBL234_Ki
89709943,mondrian_iqr,cliffA,cliff,47,37,0.7872340425531915,0.6509597329080159,0.88010292001905,2.495772567915498,,,,,CHEMBL234_Ki
89709943,mondrian_iqr,cliffA,noncliff,685,635,0.927007299270073,0.9050552071440854,0.9441968123286215,2.439186508438874,,,,,CHEMBL234_Ki
89709943,mondrian_iqr,__bins__,__summary__,-1,-1,,,,2.442819766356089,0.8796992481203008,0.07324192835028742,0.7608695652173914,0.2282608695652173,CHEMBL234_Ki
89709943,mondrian_nb,cliffB_oracle,all,732,653,0.8920765027322405,0.8675174875628466,0.9125418487511587,2.302215134775211,,,,,CHEMBL234_Ki
89709943,mondrian_nb,cliffB_oracle,cliff,24,14,0.5833333333333334,0.3883466586522876,0.7553239739018824,2.0108571484686206,,,,,CHEMBL234_Ki
89709943,mondrian_nb,cliffB_oracle,noncliff,708,639,0.902542372881356,0.8784749822030627,0.9222651165041936,2.312091676683909,,,,,CHEMBL234_Ki
89709943,mondrian_nb,cliffA,all,732,653,0.8920765027322405,0.8675174875628466,0.9125418487511587,2.302215134775211,,,,,CHEMBL234_Ki
89709943,mondrian_nb,cliffA,cliff,47,32,0.6808510638297872,0.5383265689689715,0.7960462125036255,2.079427665442009,,,,,CHEMBL234_Ki
89709943,mondrian_nb,cliffA,noncliff,685,621,0.9065693430656935,0.8824503839743572,0.9261536755919639,2.317501282306102,,,,,CHEMBL234_Ki
89709943,mondrian_nb,__bins__,__summary__,-1,-1,,,,2.302215134775211,0.813953488372093,0.13898768809849515,0.7608695652173914,0.2282608695652173,CHEMBL234_Ki
89709943,mondrian_nnsim,cliffB_oracle,all,732,666,0.9098360655737705,0.8868917562434594,0.9285012782311105,2.4305147826263913,,,,,CHEMBL234_Ki
89709943,mondrian_nnsim,cliffB_oracle,cliff,24,18,0.75,0.55100555994846,0.8800063377140499,2.7277673472063526,,,,,CHEMBL234_Ki
89709943,mondrian_nnsim,cliffB_oracle,noncliff,708,648,0.9152542372881356,0.8924318632304886,0.9335947649096286,2.420438424505037,,,,,CHEMBL234_Ki
89709943,mondrian_nnsim,cliffA,all,732,666,0.9098360655737705,0.8868917562434594,0.9285012782311105,2.4305147826263913,,,,,CHEMBL234_Ki
89709943,mondrian_nnsim,cliffA,cliff,47,37,0.7872340425531915,0.6509597329080159,0.88010292001905,2.6118238725794622,,,,,CHEMBL234_Ki
89709943,mondrian_nnsim,cliffA,noncliff,685,629,0.9182481751824818,0.8953226700195133,0.9365087952075998,2.418074596892385,,,,,CHEMBL234_Ki
89709943,mondrian_nnsim,__bins__,__summary__,-1,-1,,,,2.4305147826263913,0.8195488721804511,0.14515701017249005,0.7282608695652174,0.2717391304347826,CHEMBL234_Ki
89709943,mondrian_pairgap,cliffB_oracle,all,732,657,0.8975409836065574,0.8734567551759701,0.9174744882643627,2.3644435227079357,,,,,CHEMBL234_Ki
89709943,mondrian_pairgap,cliffB_oracle,cliff,24,13,0.5416666666666666,0.3507486535891948,0.72108666268789,1.8035574302364121,,,,,CHEMBL234_Ki
89709943,mondrian_pairgap,cliffB_oracle,noncliff,708,644,0.9096045197740112,0.8862136859767269,0.9285744846376742,2.3834566105883264,,,,,CHEMBL234_Ki
89709943,mondrian_pairgap,cliffA,all,732,657,0.8975409836065574,0.8734567551759701,0.9174744882643627,2.3644435227079357,,,,,CHEMBL234_Ki
89709943,mondrian_pairgap,cliffA,cliff,47,31,0.6595744680851063,0.5167092456194193,0.7783255615622839,1.9497884736103108,,,,,CHEMBL234_Ki
89709943,mondrian_pairgap,cliffA,noncliff,685,626,0.9138686131386862,0.890482546692392,0.9326386414119241,2.392894307098576,,,,,CHEMBL234_Ki
89709943,mondrian_pairgap,__bins__,__summary__,-1,-1,,,,2.3644435227079357,0.8195488721804511,0.13339230429013704,0.7065217391304348,0.26086956521739124,CHEMBL234_Ki
89709943,mondrian_rfstd,cliffB_oracle,all,732,664,0.907103825136612,0.8838970367823688,0.9260600441290373,2.289631326310839,,,,,CHEMBL234_Ki
89709943,mondrian_rfstd,cliffB_oracle,cliff,24,17,0.7083333333333334,0.5083230633550337,0.8508535180303913,2.4985406421437077,,,,,CHEMBL234_Ki
89709943,mondrian_rfstd,cliffB_oracle,noncliff,708,647,0.9138418079096046,0.8908749220214723,0.9323420917372159,2.2825496545876907,,,,,CHEMBL234_Ki
89709943,mondrian_rfstd,cliffA,all,732,664,0.907103825136612,0.8838970367823688,0.9260600441290373,2.289631326310839,,,,,CHEMBL234_Ki
89709943,mondrian_rfstd,cliffA,cliff,47,34,0.723404255319149,0.582414363751211,0.8306343663031736,2.389734503765104,,,,,CHEMBL234_Ki
89709943,mondrian_rfstd,cliffA,noncliff,685,630,0.9197080291970803,0.8969397599729517,0.9377951309617601,2.2827629331132475,,,,,CHEMBL234_Ki
89709943,mondrian_rfstd,__bins__,__summary__,-1,-1,,,,2.289631326310839,0.8646616541353384,0.08827952233524983,0.8571428571428571,0.1208791208791209,CHEMBL234_Ki
86921808,global,cliffB_oracle,all,732,637,0.8702185792349727,0.8439275065362623,0.8926442012724326,2.1012897413587943,,,,,CHEMBL234_Ki
86921808,global,cliffB_oracle,cliff,25,17,0.68,0.48410269273102247,0.8279480969309202,2.1012897413587943,,,,,CHEMBL234_Ki
86921808,global,cliffB_oracle,noncliff,707,620,0.8769448373408769,0.8506731022712929,0.8991424766965713,2.1012897413587943,,,,,CHEMBL234_Ki
86921808,global,cliffA,all,732,637,0.8702185792349727,0.8439275065362623,0.8926442012724326,2.1012897413587943,,,,,CHEMBL234_Ki
86921808,global,cliffA,cliff,55,43,0.7818181818181819,0.6562996597815998,0.8705397595887698,2.1012897413587948,,,,,CHEMBL234_Ki
86921808,global,cliffA,noncliff,677,594,0.8774002954209749,0.8505431504044737,0.8999986877572598,2.1012897413587943,,,,,CHEMBL234_Ki
86921808,global,__bins__,__summary__,-1,-1,,,,2.1012897413587943,0.7701149425287356,0.1954022988505748,0.6304347826086957,0.34782608695652173,CHEMBL234_Ki
86921808,mondrian_pair,cliffB_oracle,all,732,642,0.8770491803278688,0.8512727872927797,0.8988888044238246,2.1589829548673083,,,,,CHEMBL234_Ki
86921808,mondrian_pair,cliffB_oracle,cliff,25,16,0.64,0.44518497748164865,0.7975211922554178,2.0144239112597964,,,,,CHEMBL234_Ki
86921808,mondrian_pair,cliffB_oracle,noncliff,707,626,0.8854314002828855,0.8598422201217659,0.906854760248752,2.164094660794024,,,,,CHEMBL234_Ki
86921808,mondrian_pair,cliffA,all,732,642,0.8770491803278688,0.8512727872927797,0.8988888044238246,2.1589829548673083,,,,,CHEMBL234_Ki
86921808,mondrian_pair,cliffA,cliff,55,42,0.7636363636363637,0.6365163381083228,0.8563334413026682,2.0301168105510166,,,,,CHEMBL234_Ki
86921808,mondrian_pair,cliffA,noncliff,677,600,0.8862629246676514,0.8601358695782476,0.9080312172291626,2.1694521394129453,,,,,CHEMBL234_Ki
86921808,mondrian_pair,__bins__,__summary__,-1,-1,,,,2.1589829548673083,0.7816091954022989,0.1839080459770115,0.6739130434782609,0.30434782608695654,CHEMBL234_Ki
86921808,mondrian_wstd,cliffB_oracle,all,732,641,0.8756830601092896,0.8498019077379905,0.8976417071970321,2.16827436150962,,,,,CHEMBL234_Ki
86921808,mondrian_wstd,cliffB_oracle,cliff,25,17,0.68,0.48410269273102247,0.8279480969309202,2.3351326283690113,,,,,CHEMBL234_Ki
86921808,mondrian_wstd,cliffB_oracle,noncliff,707,624,0.8826025459688827,0.8567815543879288,0.9042882921817047,2.162374139909217,,,,,CHEMBL234_Ki
86921808,mondrian_wstd,cliffA,all,732,641,0.8756830601092896,0.8498019077379905,0.8976417071970321,2.16827436150962,,,,,CHEMBL234_Ki
86921808,mondrian_wstd,cliffA,cliff,55,43,0.7818181818181819,0.6562996597815998,0.8705397595887698,2.2969549089927157,,,,,CHEMBL234_Ki
86921808,mondrian_wstd,cliffA,noncliff,677,598,0.8833087149187593,0.8569334811654095,0.9053585227601086,2.157820254993268,,,,,CHEMBL234_Ki
86921808,mondrian_wstd,__bins__,__summary__,-1,-1,,,,2.16827436150962,0.8390804597701149,0.09115209836941995,0.717391304347826,0.23913043478260876,CHEMBL234_Ki
86921808,mondrian_std,cliffB_oracle,all,732,643,0.8784153005464481,0.8527446042223595,0.9001349642758266,2.2290617960861163,,,,,CHEMBL234_Ki
86921808,mondrian_std,cliffB_oracle,cliff,25,17,0.68,0.48410269273102247,0.8279480969309202,2.3668422623215197,,,,,CHEMBL234_Ki
86921808,mondrian_std,cliffB_oracle,noncliff,707,626,0.8854314002828855,0.8598422201217659,0.906854760248752,2.224189785257425,,,,,CHEMBL234_Ki
86921808,mondrian_std,cliffA,all,732,643,0.8784153005464481,0.8527446042223595,0.9001349642758266,2.2290617960861163,,,,,CHEMBL234_Ki
86921808,mondrian_std,cliffA,cliff,55,43,0.7818181818181819,0.6562996597815998,0.8705397595887698,2.358689996171791,,,,,CHEMBL234_Ki
86921808,mondrian_std,cliffA,noncliff,677,600,0.8862629246676514,0.8601358695782476,0.9080312172291626,2.218530701544444,,,,,CHEMBL234_Ki
86921808,mondrian_std,__bins__,__summary__,-1,-1,,,,2.2290617960861163,0.8390804597701149,0.09115209836941995,0.717391304347826,0.23913043478260876,CHEMBL234_Ki
86921808,mondrian_iqr,cliffB_oracle,all,732,641,0.8756830601092896,0.8498019077379905,0.8976417071970321,2.106818762853924,,,,,CHEMBL234_Ki
86921808,mondrian_iqr,cliffB_oracle,cliff,25,17,0.68,0.48410269273102247,0.8279480969309202,2.339442049088863,,,,,CHEMBL234_Ki
86921808,mondrian_iqr,cliffB_oracle,noncliff,707,624,0.8826025459688827,0.8567815543879288,0.9042882921817047,2.0985930455188835,,,,,CHEMBL234_Ki
86921808,mondrian_iqr,cliffA,all,732,641,0.8756830601092896,0.8498019077379905,0.8976417071970321,2.106818762853924,,,,,CHEMBL234_Ki
86921808,mondrian_iqr,cliffA,cliff,55,42,0.7636363636363637,0.6365163381083228,0.8563334413026682,2.2324263103166704,,,,,CHEMBL234_Ki
86921808,mondrian_iqr,cliffA,noncliff,677,599,0.8847858197932054,0.8585340570903012,0.906695488276163,2.09661430921958,,,,,CHEMBL234_Ki
86921808,mondrian_iqr,__bins__,__summary__,-1,-1,,,,2.106818762853924,0.824,0.13002298850574712,0.6630434782608695,0.3152173913043479,CHEMBL234_Ki
86921808,mondrian_nb,cliffB_oracle,all,732,646,0.8825136612021858,0.8571658157019068,0.9038676831410252,2.203122940306561,,,,,CHEMBL234_Ki
86921808,mondrian_nb,cliffB_oracle,cliff,25,14,0.56,0.3706733186979878,0.7333436111893266,1.9321278176848546,,,,,CHEMBL234_Ki
86921808,mondrian_nb,cliffB_oracle,noncliff,707,632,0.8939179632248939,0.869051662845765,0.9145267189274067,2.212705511827838,,,,,CHEMBL234_Ki
86921808,mondrian_nb,cliffA,all,732,646,0.8825136612021858,0.8571658157019068,0.9038676831410252,2.203122940306561,,,,,CHEMBL234_Ki
86921808,mondrian_nb,cliffA,cliff,55,40,0.7272727272727273,0.5976780188832919,0.8271924806089416,1.9689346386194764,,,,,CHEMBL234_Ki
86921808,mondrian_nb,cliffA,noncliff,677,606,0.8951255539143279,0.8697739215040926,0.9160184139489943,2.222148577814375,,,,,CHEMBL234_Ki
86921808,mondrian_nb,__bins__,__summary__,-1,-1,,,,2.203122940306561,0.8045977011494253,0.16091954022988508,0.717391304347826,0.26086956521739135,CHEMBL234_Ki
86921808,mondrian_nnsim,cliffB_oracle,all,732,652,0.8907103825136612,0.8660354896436621,0.9113058698887612,2.2596747325020736,,,,,CHEMBL234_Ki
86921808,mondrian_nnsim,cliffB_oracle,cliff,25,17,0.68,0.48410269273102247,0.8279480969309202,2.1205358017425597,,,,,CHEMBL234_Ki
86921808,mondrian_nnsim,cliffB_oracle,noncliff,707,635,0.8981612446958982,0.8736727985499991,0.9183462839244992,2.264594779558634,,,,,CHEMBL234_Ki
86921808,mondrian_nnsim,cliffA,all,732,652,0.8907103825136612,0.8660354896436621,0.9113058698887612,2.2596747325020736,,,,,CHEMBL234_Ki
86921808,mondrian_nnsim,cliffA,cliff,55,44,0.8,0.6763512084273607,0.8844778509023875,2.1280760415362026,,,,,CHEMBL234_Ki
86921808,mondrian_nnsim,cliffA,noncliff,677,608,0.8980797636632201,0.8729975212654487,0.9186698970695305,2.270365911236376,,,,,CHEMBL234_Ki
86921808,mondrian_nnsim,__bins__,__summary__,-1,-1,,,,2.2596747325020736,0.808,0.15751724137931034,0.717391304347826,0.26086956521739135,CHEMBL234_Ki
86921808,mondrian_pairgap,cliffB_oracle,all,732,643,0.8784153005464481,0.8527446042223595,0.9001349642758266,2.1265215768419847,,,,,CHEMBL234_Ki
86921808,mondrian_pairgap,cliffB_oracle,cliff,25,14,0.56,0.3706733186979878,0.7333436111893266,1.7865952822134552,,,,,CHEMBL234_Ki
86921808,mondrian_pairgap,cliffB_oracle,noncliff,707,629,0.8896746817538896,0.8644416544940741,0.9106960265777706,2.1385416014045213,,,,,CHEMBL234_Ki
86921808,mondrian_pairgap,cliffA,all,732,643,0.8784153005464481,0.8527446042223595,0.9001349642758266,2.1265215768419847,,,,,CHEMBL234_Ki
86921808,mondrian_pairgap,cliffA,cliff,55,40,0.7272727272727273,0.5976780188832919,0.8271924806089416,1.9303694534958398,,,,,CHEMBL234_Ki
86921808,mondrian_pairgap,cliffA,noncliff,677,603,0.8906942392909897,0.8649489370472947,0.9120307740829539,2.1424571260059997,,,,,CHEMBL234_Ki
86921808,mondrian_pairgap,__bins__,__summary__,-1,-1,,,,2.1265215768419847,0.8,0.15402298850574703,0.6739130434782609,0.3152173913043478,CHEMBL234_Ki
86921808,mondrian_rfstd,cliffB_oracle,all,732,643,0.8784153005464481,0.8527446042223595,0.9001349642758266,2.028328535564214,,,,,CHEMBL234_Ki
86921808,mondrian_rfstd,cliffB_oracle,cliff,25,18,0.72,0.5242339480963842,0.8571614614904344,2.212452002331477,,,,,CHEMBL234_Ki
86921808,mondrian_rfstd,cliffB_oracle,noncliff,707,625,0.884016973125884,0.8583113367386761,0.9055720767313995,2.021817804773292,,,,,CHEMBL234_Ki
86921808,mondrian_rfstd,cliffA,all,732,643,0.8784153005464481,0.8527446042223595,0.9001349642758266,2.028328535564214,,,,,CHEMBL234_Ki
86921808,mondrian_rfstd,cliffA,cliff,55,42,0.7636363636363637,0.6365163381083228,0.8563334413026682,2.1456761248773155,,,,,CHEMBL234_Ki
86921808,mondrian_rfstd,cliffA,noncliff,677,601,0.8877400295420975,0.8617389393547193,0.9093656888936371,2.0187951272743754,,,,,CHEMBL234_Ki
86921808,mondrian_rfstd,__bins__,__summary__,-1,-1,,,,2.028328535564214,0.8505747126436781,0.06802993851911254,0.8478260869565217,0.08695652173913049,CHEMBL234_Ki
89165191,global,cliffB_oracle,all,732,671,0.9166666666666666,0.894403662778423,0.9345792556040563,2.245366958774081,,,,,CHEMBL234_Ki
89165191,global,cliffB_oracle,cliff,27,23,0.8518518518518519,0.6752131457218702,0.9408407222375568,2.2453669587740817,,,,,CHEMBL234_Ki
89165191,global,cliffB_oracle,noncliff,705,648,0.9191489361702128,0.896681032518466,0.9370738115947042,2.245366958774081,,,,,CHEMBL234_Ki
89165191,global,cliffA,all,732,671,0.9166666666666666,0.894403662778423,0.9345792556040563,2.245366958774081,,,,,CHEMBL234_Ki
89165191,global,cliffA,cliff,47,42,0.8936170212765957,0.7740573065626163,0.9536952178189183,2.2453669587740817,,,,,CHEMBL234_Ki
89165191,global,cliffA,noncliff,685,629,0.9182481751824818,0.8953226700195133,0.9365087952075998,2.245366958774081,,,,,CHEMBL234_Ki
89165191,global,__bins__,__summary__,-1,-1,,,,2.245366958774081,0.8083333333333333,0.1803030303030303,0.7717391304347826,0.21739130434782605,CHEMBL234_Ki
89165191,mondrian_pair,cliffB_oracle,all,732,667,0.9112021857923497,0.8883912092394397,0.9297198020167119,2.227406454302307,,,,,CHEMBL234_Ki
89165191,mondrian_pair,cliffB_oracle,cliff,27,21,0.7777777777777778,0.5924307113336742,0.8939276054763996,2.093872194483898,,,,,CHEMBL234_Ki
89165191,mondrian_pair,cliffB_oracle,noncliff,705,646,0.9163120567375886,0.893545700887969,0.9345661324359411,2.2325205323379054,,,,,CHEMBL234_Ki
89165191,mondrian_pair,cliffA,all,732,667,0.9112021857923497,0.8883912092394397,0.9297198020167119,2.227406454302307,,,,,CHEMBL234_Ki
89165191,mondrian_pair,cliffA,cliff,47,40,0.851063829787234,0.7231437757640644,0.9259328000356828,2.1174689869474848,,,,,CHEMBL234_Ki
89165191,mondrian_pair,cliffA,noncliff,685,627,0.9153284671532846,0.8920941066984035,0.9339305071135114,2.2349496089967253,,,,,CHEMBL234_Ki
89165191,mondrian_pair,__bins__,__summary__,-1,-1,,,,2.227406454302307,0.8083333333333333,0.1803030303030303,0.7717391304347826,0.21739130434782605,CHEMBL234_Ki
89165191,mondrian_wstd,cliffB_oracle,all,732,667,0.9112021857923497,0.8883912092394397,0.9297198020167119,2.1873205641352658,,,,,CHEMBL234_Ki
89165191,mondrian_wstd,cliffB_oracle,cliff,27,25,0.9259259259259259,0.7663040731697686,0.9794453459390113,2.4915316966728254,,,,,CHEMBL234_Ki
89165191,mondrian_wstd,cliffB_oracle,noncliff,705,642,0.9106382978723404,0.8872951814463115,0.9295306302990787,2.1756699250168063,,,,,CHEMBL234_Ki
89165191,mondrian_wstd,cliffA,all,732,667,0.9112021857923497,0.8883912092394397,0.9297198020167119,2.1873205641352658,,,,,CHEMBL234_Ki
89165191,mondrian_wstd,cliffA,cliff,47,44,0.9361702127659575,0.8283738581687556,0.9780546147945668,2.496696412516557,,,,,CHEMBL234_Ki
89165191,mondrian_wstd,cliffA,noncliff,685,623,0.9094890510948905,0.8856582700899023,0.9287526408916167,2.1660933161441407,,,,,CHEMBL234_Ki
89165191,mondrian_wstd,__bins__,__summary__,-1,-1,,,,2.1873205641352658,0.8735632183908046,0.08098223615464994,0.7717391304347826,0.19565217391304346,CHEMBL234_Ki
89165191,mondrian_std,cliffB_oracle,all,732,665,0.9084699453551912,0.8853937080240968,0.9272813496688912,2.213783974607042,,,,,CHEMBL234_Ki
89165191,mondrian_std,cliffB_oracle,cliff,27,25,0.9259259259259259,0.7663040731697686,0.9794453459390113,2.5408012822105084,,,,,CHEMBL234_Ki
89165191,mondrian_std,cliffB_oracle,noncliff,705,640,0.9078014184397163,0.8841794220995527,0.9270033788565772,2.201259907507335,,,,,CHEMBL234_Ki
89165191,mondrian_std,cliffA,all,732,665,0.9084699453551912,0.8853937080240968,0.9272813496688912,2.213783974607042,,,,,CHEMBL234_Ki
89165191,mondrian_std,cliffA,cliff,47,43,0.9148936170212766,0.8006846221303541,0.9664058765420744,2.5002306730977906,,,,,CHEMBL234_Ki
89165191,mondrian_std,cliffA,noncliff,685,622,0.908029197080292,0.8840535207428426,0.9274539645310773,2.1941299675573123,,,,,CHEMBL234_Ki
89165191,mondrian_std,__bins__,__summary__,-1,-1,,,,2.213783974607042,0.8735632183908046,0.08098223615464994,0.7717391304347826,0.19565217391304346,CHEMBL234_Ki
89165191,mondrian_iqr,cliffB_oracle,all,732,666,0.9098360655737705,0.8868917562434594,0.9285012782311105,2.225735075466055,,,,,CHEMBL234_Ki
89165191,mondrian_iqr,cliffB_oracle,cliff,27,23,0.8518518518518519,0.6752131457218702,0.9408407222375568,2.394647098114185,,,,,CHEMBL234_Ki
89165191,mondrian_iqr,cliffB_oracle,noncliff,705,643,0.9120567375886525,0.8888553852759657,0.9307919318640543,2.219266104385914,,,,,CHEMBL234_Ki
89165191,mondrian_iqr,cliffA,all,732,666,0.9098360655737705,0.8868917562434594,0.9285012782311105,2.225735075466055,,,,,CHEMBL234_Ki
89165191,mondrian_iqr,cliffA,cliff,47,42,0.8936170212765957,0.7740573065626163,0.9536952178189183,2.4665088535668933,,,,,CHEMBL234_Ki
89165191,mondrian_iqr,cliffA,noncliff,685,624,0.910948905109489,0.8872646666234337,0.9300496700656841,2.209214830837239,,,,,CHEMBL234_Ki
89165191,mondrian_iqr,__bins__,__summary__,-1,-1,,,,2.225735075466055,0.8583333333333333,0.0962121212121213,0.7717391304347826,0.18478260869565222,CHEMBL234_Ki
89165191,mondrian_nb,cliffB_oracle,all,732,669,0.9139344262295082,0.8913944460422344,0.932152518777081,2.140870999934761,,,,,CHEMBL234_Ki
89165191,mondrian_nb,cliffB_oracle,cliff,27,21,0.7777777777777778,0.5924307113336742,0.8939276054763996,1.852493530420263,,,,,CHEMBL234_Ki
89165191,mondrian_nb,cliffB_oracle,noncliff,705,648,0.9191489361702128,0.896681032518466,0.9370738115947042,2.151915243448082,,,,,CHEMBL234_Ki
89165191,mondrian_nb,cliffA,all,732,669,0.9139344262295082,0.8913944460422344,0.932152518777081,2.140870999934761,,,,,CHEMBL234_Ki
89165191,mondrian_nb,cliffA,cliff,47,40,0.851063829787234,0.7231437757640644,0.9259328000356828,1.9666193317146856,,,,,CHEMBL234_Ki
89165191,mondrian_nb,cliffA,noncliff,685,629,0.9182481751824818,0.8953226700195133,0.9365087952075998,2.1528269538126343,,,,,CHEMBL234_Ki
89165191,mondrian_nb,__bins__,__summary__,-1,-1,,,,2.140870999934761,0.8416666666666667,0.13560606060606062,0.8152173913043478,0.14130434782608703,CHEMBL234_Ki
89165191,mondrian_nnsim,cliffB_oracle,all,732,673,0.9193989071038251,0.897419123453525,0.9369997484921181,2.291738861345781,,,,,CHEMBL234_Ki
89165191,mondrian_nnsim,cliffB_oracle,cliff,27,21,0.7777777777777778,0.5924307113336742,0.8939276054763996,2.2247893785694512,,,,,CHEMBL234_Ki
89165191,mondrian_nnsim,cliffB_oracle,noncliff,705,652,0.924822695035461,0.902973456574601,0.9420674091170893,2.2943028840904063,,,,,CHEMBL234_Ki
89165191,mondrian_nnsim,cliffA,all,732,673,0.9193989071038251,0.897419123453525,0.9369997484921181,2.291738861345781,,,,,CHEMBL234_Ki
89165191,mondrian_nnsim,cliffA,cliff,47,40,0.851063829787234,0.7231437757640644,0.9259328000356828,2.333744301139976,,,,,CHEMBL234_Ki
89165191,mondrian_nnsim,cliffA,noncliff,685,633,0.9240875912408759,0.9018028241383017,0.9416423439192073,2.2888567362796097,,,,,CHEMBL234_Ki
89165191,mondrian_nnsim,__bins__,__summary__,-1,-1,,,,2.291738861345781,0.85,0.13863636363636367,0.8043478260869565,0.1847826086956521,CHEMBL234_Ki
89165191,mondrian_pairgap,cliffB_oracle,all,732,670,0.9153005464480874,0.8928982909044181,0.9333666506964795,2.235249980783429,,,,,CHEMBL234_Ki
89165191,mondrian_pairgap,cliffB_oracle,cliff,27,21,0.7777777777777778,0.5924307113336742,0.8939276054763996,2.061231937738215,,,,,CHEMBL234_Ki
89165191,mondrian_pairgap,cliffB_oracle,noncliff,705,649,0.9205673758865248,0.8982513532353288,0.9383249962724715,2.2419145015809057,,,,,CHEMBL234_Ki
89165191,mondrian_pairgap,cliffA,all,732,670,0.9153005464480874,0.8928982909044181,0.9333666506964795,2.235249980783429,,,,,CHEMBL234_Ki
89165191,mondrian_pairgap,cliffA,cliff,47,39,0.8297872340425532,0.6986022402737561,0.9111363612350974,2.0691516881612637,,,,,CHEMBL234_Ki
89165191,mondrian_pairgap,cliffA,noncliff,685,631,0.9211678832116789,0.8985587830763865,0.9390795335659244,2.2466465059706437,,,,,CHEMBL234_Ki
89165191,mondrian_pairgap,__bins__,__summary__,-1,-1,,,,2.235249980783429,0.85,0.12727272727272732,0.782608695652174,0.1844242713807931,CHEMBL234_Ki
89165191,mondrian_rfstd,cliffB_oracle,all,732,659,0.9002732240437158,0.8764334291360999,0.9199337678673966,2.034742710086653,,,,,CHEMBL234_Ki
89165191,mondrian_rfstd,cliffB_oracle,cliff,27,20,0.7407407407407407,0.5532142868544692,0.8682962543809281,2.1483457859837753,,,,,CHEMBL234_Ki
89165191,mondrian_rfstd,cliffB_oracle,noncliff,705,639,0.9063829787234042,0.8826238031322371,0.925737492429263,2.0303919539884654,,,,,CHEMBL234_Ki
89165191,mondrian_rfstd,cliffA,all,732,659,0.9002732240437158,0.8764334291360999,0.9199337678673966,2.034742710086653,,,,,CHEMBL234_Ki
89165191,mondrian_rfstd,cliffA,cliff,47,35,0.7446808510638298,0.6049182446958253,0.8474684596494529,2.1195605580278056,,,,,CHEMBL234_Ki
89165191,mondrian_rfstd,cliffA,noncliff,685,624,0.910948905109489,0.8872646666234337,0.9300496700656841,2.0289230913228073,,,,,CHEMBL234_Ki
89165191,mondrian_rfstd,__bins__,__summary__,-1,-1,,,,2.034742710086653,0.825,0.15227272727272734,0.8478260869565217,0.08623984710941235,CHEMBL234_Ki
71339737,global,cliffB_oracle,all,620,546,0.8806451612903226,0.8527526561774612,0.903849832044892,2.5386614836474917,,,,,CHEMBL244_Ki
71339737,global,cliffB_oracle,cliff,23,16,0.6956521739130435,0.49134243731240795,0.8439597554678597,2.5386614836474903,,,,,CHEMBL244_Ki
71339737,global,cliffB_oracle,noncliff,597,530,0.8877721943048577,0.8599326864551265,0.910653286271783,2.5386614836474912,,,,,CHEMBL244_Ki
71339737,global,cliffA,all,620,546,0.8806451612903226,0.8527526561774612,0.903849832044892,2.5386614836474917,,,,,CHEMBL244_Ki
71339737,global,cliffA,cliff,54,43,0.7962962962962963,0.6709769331166456,0.8822594591257861,2.5386614836474917,,,,,CHEMBL244_Ki
71339737,global,cliffA,noncliff,566,503,0.8886925795053003,0.8601165637141895,0.9120280270121409,2.5386614836474912,,,,,CHEMBL244_Ki
71339737,global,__bins__,__summary__,-1,-1,,,,2.5386614836474917,0.8051948051948052,0.1428571428571428,0.7307692307692307,0.2435897435897436,CHEMBL244_Ki
71339737,mondrian_pair,cliffB_oracle,all,620,549,0.885483870967742,0.8580094875570828,0.9082108289053853,2.606865082904427,,,,,CHEMBL244_Ki
71339737,mondrian_pair,cliffB_oracle,cliff,23,17,0.7391304347826086,0.5352999516257462,0.8745138395501366,2.52117202393043,,,,,CHEMBL244_Ki
71339737,mondrian_pair,cliffB_oracle,noncliff,597,532,0.8911222780569514,0.8635902989319533,0.9136530040128994,2.610166490536591,,,,,CHEMBL244_Ki
71339737,mondrian_pair,cliffA,all,620,549,0.885483870967742,0.8580094875570828,0.9082108289053853,2.606865082904427,,,,,CHEMBL244_Ki
71339737,mondrian_pair,cliffA,cliff,54,44,0.8148148148148148,0.6916405221784752,0.8961731445791086,2.5343410151695895,,,,,CHEMBL244_Ki
71339737,mondrian_pair,cliffA,noncliff,566,505,0.892226148409894,0.8639847130607368,0.9151793739449241,2.6137843402501533,,,,,CHEMBL244_Ki
71339737,mondrian_pair,__bins__,__summary__,-1,-1,,,,2.606865082904427,0.8181818181818182,0.1428571428571428,0.7435897435897436,0.2435897435897436,CHEMBL244_Ki
71339737,mondrian_wstd,cliffB_oracle,all,620,564,0.9096774193548387,0.8845204240172826,0.9297890336457586,2.7278578038317716,,,,,CHEMBL244_Ki
71339737,mondrian_wstd,cliffB_oracle,cliff,23,19,0.8260869565217391,0.6286235235977385,0.9302134643693744,3.30919910072877,,,,,CHEMBL244_Ki
71339737,mondrian_wstd,cliffB_oracle,noncliff,597,545,0.9128978224455612,0.8875567049907226,0.93295924437076,2.7054610704504807,,,,,CHEMBL244_Ki
71339737,mondrian_wstd,cliffA,all,620,564,0.9096774193548387,0.8845204240172826,0.9297890336457586,2.7278578038317716,,,,,CHEMBL244_Ki
71339737,mondrian_wstd,cliffA,cliff,54,49,0.9074074074074074,0.8009011740903732,0.9597988652429706,3.19526007045869,,,,,CHEMBL244_Ki
71339737,mondrian_wstd,cliffA,noncliff,566,515,0.9098939929328622,0.8834594559570451,0.9308021124452671,2.6832646547189567,,,,,CHEMBL244_Ki
71339737,mondrian_wstd,__bins__,__summary__,-1,-1,,,,2.7278578038317716,0.8701298701298701,0.10577374432796127,0.8461538461538461,0.14102564102564108,CHEMBL244_Ki
71339737,mondrian_std,cliffB_oracle,all,620,562,0.9064516129032258,0.8809613269974353,0.9269362451721962,2.7029896210309317,,,,,CHEMBL244_Ki
71339737,mondrian_std,cliffB_oracle,cliff,23,19,0.8260869565217391,0.6286235235977385,0.9302134643693744,3.1365693115701423,,,,,CHEMBL244_Ki
71339737,mondrian_std,cliffB_oracle,noncliff,597,543,0.9095477386934674,0.8838457507398992,0.9300128684036403,2.686285545851029,,,,,CHEMBL244_Ki
71339737,mondrian_std,cliffA,all,620,562,0.9064516129032258,0.8809613269974353,0.9269362451721962,2.7029896210309317,,,,,CHEMBL244_Ki
71339737,mondrian_std,cliffA,cliff,54,49,0.9074074074074074,0.8009011740903732,0.9597988652429706,3.092345754165044,,,,,CHEMBL244_Ki
71339737,mondrian_std,cliffA,noncliff,566,513,0.9063604240282686,0.8795452285077188,0.9276968436152633,2.6658425694598327,,,,,CHEMBL244_Ki
71339737,mondrian_std,__bins__,__summary__,-1,-1,,,,2.7029896210309317,0.8571428571428571,0.11876075731497426,0.8333333333333334,0.15384615384615385,CHEMBL244_Ki
71339737,mondrian_iqr,cliffB_oracle,all,620,549,0.885483870967742,0.8580094875570828,0.9082108289053853,2.581330061712299,,,,,CHEMBL244_Ki
71339737,mondrian_iqr,cliffB_oracle,cliff,23,18,0.782608695652174,0.5809651698373599,0.9033602197341379,2.79897315082845,,,,,CHEMBL244_Ki
71339737,mondrian_iqr,cliffB_oracle,noncliff,597,531,0.8894472361809045,0.8617606021755669,0.912154035660314,2.5729451520813584,,,,,CHEMBL244_Ki
71339737,mondrian_iqr,cliffA,all,620,549,0.885483870967742,0.8580094875570828,0.9082108289053853,2.581330061712299,,,,,CHEMBL244_Ki
71339737,mondrian_iqr,cliffA,cliff,54,47,0.8703703703703703,0.7557826977763024,0.9357627925267374,2.7255568241759187,,,,,CHEMBL244_Ki
71339737,mondrian_iqr,cliffA,noncliff,566,502,0.8869257950530035,0.8581855319317587,0.9104493106549066,2.567569911229904,,,,,CHEMBL244_Ki
71339737,mondrian_iqr,__bins__,__summary__,-1,-1,,,,2.581330061712299,0.8552631578947368,0.06681476418318522,0.8076923076923077,0.17948717948717952,CHEMBL244_Ki
71339737,mondrian_nb,cliffB_oracle,all,620,566,0.9129032258064517,0.8880879782127536,0.9326333649436976,2.885099925586356,,,,,CHEMBL244_Ki
71339737,mondrian_nb,cliffB_oracle,cliff,23,17,0.7391304347826086,0.5352999516257462,0.8745138395501366,2.7393454466466043,,,,,CHEMBL244_Ki
71339737,mondrian_nb,cliffB_oracle,noncliff,597,549,0.9195979899497487,0.8950083702206472,0.9388222395767215,2.8907152572708017,,,,,CHEMBL244_Ki
71339737,mondrian_nb,cliffA,all,620,566,0.9129032258064517,0.8880879782127536,0.9326333649436976,2.885099925586356,,,,,CHEMBL244_Ki
71339737,mondrian_nb,cliffA,cliff,54,44,0.8148148148148148,0.6916405221784752,0.8961731445791086,2.7026195506278157,,,,,CHEMBL244_Ki
71339737,mondrian_nb,cliffA,noncliff,566,522,0.9222614840989399,0.897246897501084,0.9415829078788841,2.902509714009962,,,,,CHEMBL244_Ki
71339737,mondrian_nb,__bins__,__summary__,-1,-1,,,,2.885099925586356,0.8311688311688312,0.1428571428571428,0.8205128205128205,0.15384615384615385,CHEMBL244_Ki
71339737,mondrian_nnsim,cliffB_oracle,all,620,561,0.9048387096774193,0.8791848286723595,0.925506800750567,2.782497195594244,,,,,CHEMBL244_Ki
71339737,mondrian_nnsim,cliffB_oracle,cliff,23,19,0.8260869565217391,0.6286235235977385,0.9302134643693744,3.006684072264895,,,,,CHEMBL244_Ki
71339737,mondrian_nnsim,cliffB_oracle,noncliff,597,542,0.9078726968174204,0.8819937772602962,0.9285361767742717,2.7738601802451233,,,,,CHEMBL244_Ki
71339737,mondrian_nnsim,cliffA,all,620,561,0.9048387096774193,0.8791848286723595,0.925506800750567,2.782497195594244,,,,,CHEMBL244_Ki
71339737,mondrian_nnsim,cliffA,cliff,54,47,0.8703703703703703,0.7557826977763024,0.9357627925267374,2.8001199553748797,,,,,CHEMBL244_Ki
71339737,mondrian_nnsim,cliffA,noncliff,566,514,0.9081272084805654,0.8815010479050256,0.9292507723576215,2.7808158722229463,,,,,CHEMBL244_Ki
71339737,mondrian_nnsim,__bins__,__summary__,-1,-1,,,,2.782497195594244,0.8441558441558441,0.1298701298701299,0.8205128205128205,0.15384615384615385,CHEMBL244_Ki
71339737,mondrian_pairgap,cliffB_oracle,all,620,562,0.9064516129032258,0.8809613269974353,0.9269362451721962,2.753568216845849,,,,,CHEMBL244_Ki
71339737,mondrian_pairgap,cliffB_oracle,cliff,23,20,0.8695652173913043,0.6787251772990404,0.9546234090636876,2.772083737594992,,,,,CHEMBL244_Ki
71339737,mondrian_pairgap,cliffB_oracle,noncliff,597,542,0.9078726968174204,0.8819937772602962,0.9285361767742717,2.752854888575781,,,,,CHEMBL244_Ki
71339737,mondrian_pairgap,cliffA,all,620,562,0.9064516129032258,0.8809613269974353,0.9269362451721962,2.753568216845849,,,,,CHEMBL244_Ki
71339737,mondrian_pairgap,cliffA,cliff,54,49,0.9074074074074074,0.8009011740903732,0.9597988652429706,2.7626740676513397,,,,,CHEMBL244_Ki
71339737,mondrian_pairgap,cliffA,noncliff,566,513,0.9063604240282686,0.8795452285077188,0.9276968436152633,2.752699460761933,,,,,CHEMBL244_Ki
71339737,mondrian_pairgap,__bins__,__summary__,-1,-1,,,,2.753568216845849,0.8554216867469879,0.0926302613049601,0.7948717948717948,0.1923076923076924,CHEMBL244_Ki
71339737,mondrian_rfstd,cliffB_oracle,all,620,570,0.9193548387096774,0.8952501731654481,0.9382949409778225,2.714403280411098,,,,,CHEMBL244_Ki
71339737,mondrian_rfstd,cliffB_oracle,cliff,23,18,0.782608695652174,0.5809651698373599,0.9033602197341379,2.704598996733811,,,,,CHEMBL244_Ki
71339737,mondrian_rfstd,cliffB_oracle,noncliff,597,552,0.9246231155778895,0.9006253494834057,0.9431912556408776,2.7147809998827523,,,,,CHEMBL244_Ki
71339737,mondrian_rfstd,cliffA,all,620,570,0.9193548387096774,0.8952501731654481,0.9382949409778225,2.714403280411098,,,,,CHEMBL244_Ki
71339737,mondrian_rfstd,cliffA,cliff,54,47,0.8703703703703703,0.7557826977763024,0.9357627925267374,2.7650682453877975,,,,,CHEMBL244_Ki
71339737,mondrian_rfstd,cliffA,noncliff,566,523,0.9240282685512368,0.8992287474077271,0.9431108061119063,2.70956952050166,,,,,CHEMBL244_Ki
71339737,mondrian_rfstd,__bins__,__summary__,-1,-1,,,,2.714403280411098,0.8831168831168831,0.05664215302769526,0.8571428571428571,0.10439560439560447,CHEMBL244_Ki
99182118,global,cliffB_oracle,all,620,548,0.8838709677419355,0.8562556971008911,0.906758676614872,2.489505509699931,,,,,CHEMBL244_Ki
99182118,global,cliffB_oracle,cliff,33,24,0.7272727272727273,0.5578244099712737,0.8493255911457935,2.4895055096999315,,,,,CHEMBL244_Ki
99182118,global,cliffB_oracle,noncliff,587,524,0.8926746166950597,0.8650332971202341,0.9152098512196698,2.4895055096999315,,,,,CHEMBL244_Ki
99182118,global,cliffA,all,620,548,0.8838709677419355,0.8562556971008911,0.906758676614872,2.489505509699931,,,,,CHEMBL244_Ki
99182118,global,cliffA,cliff,60,47,0.7833333333333333,0.6637997242680521,0.868769559518097,2.489505509699932,,,,,CHEMBL244_Ki
99182118,global,cliffA,noncliff,560,501,0.8946428571428572,0.8664707568218221,0.9174375441471555,2.4895055096999315,,,,,CHEMBL244_Ki
99182118,global,__bins__,__summary__,-1,-1,,,,2.489505509699931,0.7894736842105263,0.1578947368421052,0.717948717948718,0.2692307692307693,CHEMBL244_Ki
99182118,mondrian_pair,cliffB_oracle,all,620,550,0.8870967741935484,0.8597648278450146,0.9096614313641583,2.5038383544741536,,,,,CHEMBL244_Ki
99182118,mondrian_pair,cliffB_oracle,cliff,33,23,0.696969696969697,0.5266186485419944,0.8262446857594641,2.474022879220661,,,,,CHEMBL244_Ki
99182118,mondrian_pair,cliffB_oracle,noncliff,587,527,0.8977853492333902,0.8706363676264915,0.9197617891516757,2.505514522588915,,,,,CHEMBL244_Ki
99182118,mondrian_pair,cliffA,all,620,550,0.8870967741935484,0.8597648278450146,0.9096614313641583,2.5038383544741536,,,,,CHEMBL244_Ki
99182118,mondrian_pair,cliffA,cliff,60,46,0.7666666666666667,0.6456372962239805,0.8556043826335717,2.4786733432853563,,,,,CHEMBL244_Ki
99182118,mondrian_pair,cliffA,noncliff,560,504,0.9,0.8723629935770016,0.922186596545401,2.506534605672953,,,,,CHEMBL244_Ki
99182118,mondrian_pair,__bins__,__summary__,-1,-1,,,,2.5038383544741536,0.7894736842105263,0.1578947368421052,0.717948717948718,0.2692307692307693,CHEMBL244_Ki
99182118,mondrian_wstd,cliffB_oracle,all,620,563,0.9080645161290323,0.8827398431295967,0.9283636717867396,2.6789658166597157,,,,,CHEMBL244_Ki
99182118,mondrian_wstd,cliffB_oracle,cliff,33,28,0.8484848484848485,0.6908012411955788,0.9334954271839244,3.0846491349743497,,,,,CHEMBL244_Ki
99182118,mondrian_wstd,cliffB_oracle,noncliff,587,535,0.9114139693356048,0.8856719978748955,0.9318061814053076,2.656159088372862,,,,,CHEMBL244_Ki
99182118,mondrian_wstd,cliffA,all,620,563,0.9080645161290323,0.8827398431295967,0.9283636717867396,2.6789658166597157,,,,,CHEMBL244_Ki
99182118,mondrian_wstd,cliffA,cliff,60,51,0.85,0.7388541093022145,0.9190255941983225,2.886199159647111,,,,,CHEMBL244_Ki
99182118,mondrian_wstd,cliffA,noncliff,560,512,0.9142857142857143,0.8881847700282025,0.93474159117,2.65676224419678,,,,,CHEMBL244_Ki
99182118,mondrian_wstd,__bins__,__summary__,-1,-1,,,,2.6789658166597157,0.8289473684210527,0.10526315789473684,0.7948717948717948,0.17948717948717952,CHEMBL244_Ki
99182118,mondrian_std,cliffB_oracle,all,620,559,0.9016129032258065,0.8756377071820901,0.9226420367474267,2.622160120355765,,,,,CHEMBL244_Ki
99182118,mondrian_std,cliffB_oracle,cliff,33,25,0.7575757575757576,0.5897538017044264,0.8716828662282499,2.907673518916773,,,,,CHEMBL244_Ki
99182118,mondrian_std,cliffB_oracle,noncliff,587,534,0.909710391822828,0.8837844634066189,0.9303087130608297,2.60610911157806,,,,,CHEMBL244_Ki
99182118,mondrian_std,cliffA,all,620,559,0.9016129032258065,0.8756377071820901,0.9226420367474267,2.622160120355765,,,,,CHEMBL244_Ki
99182118,mondrian_std,cliffA,cliff,60,48,0.8,0.6821819419437211,0.8817149467710251,2.7654032554553445,,,,,CHEMBL244_Ki
99182118,mondrian_std,cliffA,noncliff,560,511,0.9125,0.886197620560513,0.9331816442532145,2.6068126415950963,,,,,CHEMBL244_Ki
99182118,mondrian_std,__bins__,__summary__,-1,-1,,,,2.622160120355765,0.8289473684210527,0.117719298245614,0.782051282051282,0.1923076923076923,CHEMBL244_Ki
99182118,mondrian_iqr,cliffB_oracle,all,620,556,0.896774193548387,0.8703310900305572,0.9183308256588449,2.5565577226634404,,,,,CHEMBL244_Ki
99182118,mondrian_iqr,cliffB_oracle,cliff,33,25,0.7575757575757576,0.5897538017044264,0.8716828662282499,2.8820861315263797,,,,,CHEMBL244_Ki
99182118,mondrian_iqr,cliffB_oracle,noncliff,587,531,0.9045996592844975,0.8781361512855695,0.9258020167436155,2.538257147718846,,,,,CHEMBL244_Ki
99182118,mondrian_iqr,cliffA,all,620,556,0.896774193548387,0.8703310900305572,0.9183308256588449,2.5565577226634404,,,,,CHEMBL244_Ki
99182118,mondrian_iqr,cliffA,cliff,60,48,0.8,0.6821819419437211,0.8817149467710251,2.7179330974233955,,,,,CHEMBL244_Ki
99182118,mondrian_iqr,cliffA,noncliff,560,508,0.9071428571428571,0.8802528861468935,0.9284850895134091,2.53926750393916,,,,,CHEMBL244_Ki
99182118,mondrian_iqr,__bins__,__summary__,-1,-1,,,,2.5565577226634404,0.8552631578947368,0.07894736842105265,0.7792207792207793,0.1823176823176823,CHEMBL244_Ki
99182118,mondrian_nb,cliffB_oracle,all,620,550,0.8870967741935484,0.8597648278450146,0.9096614313641583,2.5452652281143355,,,,,CHEMBL244_Ki
99182118,mondrian_nb,cliffB_oracle,cliff,33,21,0.6363636363636364,0.466161783022664,0.7781282176475764,2.4288707649056636,,,,,CHEMBL244_Ki
99182118,mondrian_nb,cliffB_oracle,noncliff,587,529,0.9011925042589438,0.8743819592589365,0.9227862031447397,2.5518086987887587,,,,,CHEMBL244_Ki
99182118,mondrian_nb,cliffA,all,620,550,0.8870967741935484,0.8597648278450146,0.9096614313641583,2.5452652281143355,,,,,CHEMBL244_Ki
99182118,mondrian_nb,cliffA,cliff,60,44,0.7333333333333333,0.6099128690331636,0.8286735999671945,2.5025761839212075,,,,,CHEMBL244_Ki
99182118,mondrian_nb,cliffA,noncliff,560,506,0.9035714285714286,0.876302951513349,0.9253408313780035,2.549839054277885,,,,,CHEMBL244_Ki
99182118,mondrian_nb,__bins__,__summary__,-1,-1,,,,2.5452652281143355,0.7894736842105263,0.1842105263157895,0.7792207792207793,0.1823176823176823,CHEMBL244_Ki
99182118,mondrian_nnsim,cliffB_oracle,all,620,558,0.9,0.8738669993319952,0.9212068018508168,2.7005539657476976,,,,,CHEMBL244_Ki
99182118,mondrian_nnsim,cliffB_oracle,cliff,33,21,0.6363636363636364,0.466161783022664,0.7781282176475764,2.391534709406196,,,,,CHEMBL244_Ki
99182118,mondrian_nnsim,cliffB_oracle,noncliff,587,537,0.9148211243611585,0.8894545801816208,0.9347936047240911,2.717926428199605,,,,,CHEMBL244_Ki
99182118,mondrian_nnsim,cliffA,all,620,558,0.9,0.8738669993319952,0.9212068018508168,2.7005539657476976,,,,,CHEMBL244_Ki
99182118,mondrian_nnsim,cliffA,cliff,60,44,0.7333333333333333,0.6099128690331636,0.8286735999671945,2.49020474143414,,,,,CHEMBL244_Ki
99182118,mondrian_nnsim,cliffA,noncliff,560,514,0.9178571428571428,0.8921678933070579,0.9378526606600947,2.7230913826384366,,,,,CHEMBL244_Ki
99182118,mondrian_nnsim,__bins__,__summary__,-1,-1,,,,2.7005539657476976,0.8314606741573034,0.14222353636901242,0.7564102564102564,0.21794871794871795,CHEMBL244_Ki
99182118,mondrian_pairgap,cliffB_oracle,all,620,562,0.9064516129032258,0.8809613269974353,0.9269362451721962,2.758921380619176,,,,,CHEMBL244_Ki
99182118,mondrian_pairgap,cliffB_oracle,cliff,33,25,0.7575757575757576,0.5897538017044264,0.8716828662282499,2.7906524513173667,,,,,CHEMBL244_Ki
99182118,mondrian_pairgap,cliffB_oracle,noncliff,587,537,0.9148211243611585,0.8894545801816208,0.9347936047240911,2.7571375214487497,,,,,CHEMBL244_Ki
99182118,mondrian_pairgap,cliffA,all,620,562,0.9064516129032258,0.8809613269974353,0.9269362451721962,2.758921380619176,,,,,CHEMBL244_Ki
99182118,mondrian_pairgap,cliffA,cliff,60,47,0.7833333333333333,0.6637997242680521,0.868769559518097,2.7571056372813225,,,,,CHEMBL244_Ki
99182118,mondrian_pairgap,cliffA,noncliff,560,515,0.9196428571428571,0.8941640372186961,0.9394036131329315,2.7591159245482313,,,,,CHEMBL244_Ki
99182118,mondrian_pairgap,__bins__,__summary__,-1,-1,,,,2.758921380619176,0.8289473684210527,0.14438596491228073,0.782051282051282,0.20512820512820518,CHEMBL244_Ki
99182118,mondrian_rfstd,cliffB_oracle,all,620,559,0.9016129032258065,0.8756377071820901,0.9226420367474267,2.5044951805511997,,,,,CHEMBL244_Ki
99182118,mondrian_rfstd,cliffB_oracle,cliff,33,22,0.6666666666666666,0.4960789442780561,0.8024977232077931,2.7140615486179867,,,,,CHEMBL244_Ki
99182118,mondrian_rfstd,cliffB_oracle,noncliff,587,537,0.9148211243611585,0.8894545801816208,0.9347936047240911,2.4927137663327947,,,,,CHEMBL244_Ki
99182118,mondrian_rfstd,cliffA,all,620,559,0.9016129032258065,0.8756377071820901,0.9226420367474267,2.5044951805511997,,,,,CHEMBL244_Ki
99182118,mondrian_rfstd,cliffA,cliff,60,46,0.7666666666666667,0.6456372962239805,0.8556043826335717,2.5831374212362648,,,,,CHEMBL244_Ki
99182118,mondrian_rfstd,cliffA,noncliff,560,513,0.9160714285714285,0.8901748333245868,0.9362986242580907,2.496069226192085,,,,,CHEMBL244_Ki
99182118,mondrian_rfstd,__bins__,__summary__,-1,-1,,,,2.5044951805511997,0.8421052631578947,0.11789473684210527,0.8051948051948052,0.15634365634365632,CHEMBL244_Ki
89709943,global,cliffB_oracle,all,620,536,0.864516129032258,0.8353218932616618,0.8892211674936427,2.3985488966307202,,,,,CHEMBL244_Ki
89709943,global,cliffB_oracle,cliff,30,14,0.4666666666666667,0.30232388907699753,0.638577003801267,2.3985488966307194,,,,,CHEMBL244_Ki
89709943,global,cliffB_oracle,noncliff,590,522,0.8847457627118644,0.856453315397795,0.90806050096928,2.3985488966307202,,,,,CHEMBL244_Ki
89709943,global,cliffA,all,620,536,0.864516129032258,0.8353218932616618,0.8892211674936427,2.3985488966307202,,,,,CHEMBL244_Ki
89709943,global,cliffA,cliff,70,48,0.6857142857142857,0.5697286201420141,0.7823770995341724,2.3985488966307207,,,,,CHEMBL244_Ki
89709943,global,cliffA,noncliff,550,488,0.8872727272727273,0.8581110293206932,0.9110621577265362,2.3985488966307202,,,,,CHEMBL244_Ki
89709943,global,__bins__,__summary__,-1,-1,,,,2.3985488966307202,0.6931818181818182,0.26734449760765544,0.6153846153846154,0.3717948717948718,CHEMBL244_Ki
89709943,mondrian_pair,cliffB_oracle,all,620,536,0.864516129032258,0.8353218932616618,0.8892211674936427,2.4371278039401014,,,,,CHEMBL244_Ki
89709943,mondrian_pair,cliffB_oracle,cliff,30,14,0.4666666666666667,0.30232388907699753,0.638577003801267,2.464604323509354,,,,,CHEMBL244_Ki
89709943,mondrian_pair,cliffB_oracle,noncliff,590,522,0.8847457627118644,0.856453315397795,0.90806050096928,2.435730692775563,,,,,CHEMBL244_Ki
89709943,mondrian_pair,cliffA,all,620,536,0.864516129032258,0.8353218932616618,0.8892211674936427,2.4371278039401014,,,,,CHEMBL244_Ki
89709943,mondrian_pair,cliffA,cliff,70,48,0.6857142857142857,0.5697286201420141,0.7823770995341724,2.4582418801357067,,,,,CHEMBL244_Ki
89709943,mondrian_pair,cliffA,noncliff,550,488,0.8872727272727273,0.8581110293206932,0.9110621577265362,2.4344405578788426,,,,,CHEMBL244_Ki
89709943,mondrian_pair,__bins__,__summary__,-1,-1,,,,2.4371278039401014,0.6931818181818182,0.26734449760765544,0.6153846153846154,0.3717948717948718,CHEMBL244_Ki
89709943,mondrian_wstd,cliffB_oracle,all,620,542,0.8741935483870967,0.8457640169947079,0.8980147002408257,2.5273276182121127,,,,,CHEMBL244_Ki
89709943,mondrian_wstd,cliffB_oracle,cliff,30,15,0.5,0.33154125640533766,0.6684587435946623,2.752419400344324,,,,,CHEMBL244_Ki
89709943,mondrian_wstd,cliffB_oracle,noncliff,590,527,0.8932203389830509,0.8657076284347145,0.9156456993060846,2.5158822733579322,,,,,CHEMBL244_Ki
89709943,mondrian_wstd,cliffA,all,620,542,0.8741935483870967,0.8457640169947079,0.8980147002408257,2.5273276182121127,,,,,CHEMBL244_Ki
89709943,mondrian_wstd,cliffA,cliff,70,51,0.7285714285714285,0.6145568826371893,0.8188040031181171,2.7261312444132253,,,,,CHEMBL244_Ki
89709943,mondrian_wstd,cliffA,noncliff,550,491,0.8927272727272727,0.8640870845259242,0.9159195276909843,2.502025338513789,,,,,CHEMBL244_Ki
89709943,mondrian_wstd,__bins__,__summary__,-1,-1,,,,2.5273276182121127,0.8157894736842105,0.10526315789473684,0.6794871794871795,0.3076923076923077,CHEMBL244_Ki
89709943,mondrian_std,cliffB_oracle,all,620,544,0.8774193548387097,0.8492554950171937,0.9009351077117499,2.530051584366087,,,,,CHEMBL244_Ki
89709943,mondrian_std,cliffB_oracle,cliff,30,15,0.5,0.33154125640533766,0.6684587435946623,2.733468203240187,,,,,CHEMBL244_Ki
89709943,mondrian_std,cliffB_oracle,noncliff,590,529,0.8966101694915254,0.869422519519325,0.9186666127709635,2.519708366457235,,,,,CHEMBL244_Ki
89709943,mondrian_std,cliffA,all,620,544,0.8774193548387097,0.8492554950171937,0.9009351077117499,2.530051584366087,,,,,CHEMBL244_Ki
89709943,mondrian_std,cliffA,cliff,70,51,0.7285714285714285,0.6145568826371893,0.8188040031181171,2.7065048717364393,,,,,CHEMBL244_Ki
89709943,mondrian_std,cliffA,noncliff,550,493,0.8963636363636364,0.8680823855923678,0.9191465100709935,2.5075938932462236,,,,,CHEMBL244_Ki
89709943,mondrian_std,__bins__,__summary__,-1,-1,,,,2.530051584366087,0.8026315789473685,0.11842105263157887,0.717948717948718,0.2692307692307693,CHEMBL244_Ki
89709943,mondrian_iqr,cliffB_oracle,all,620,546,0.8806451612903226,0.8527526561774612,0.903849832044892,2.5077667696348165,,,,,CHEMBL244_Ki
89709943,mondrian_iqr,cliffB_oracle,cliff,30,18,0.6,0.42320360253322475,0.7540937188319815,2.5847681224218837,,,,,CHEMBL244_Ki
89709943,mondrian_iqr,cliffB_oracle,noncliff,590,528,0.8949152542372881,0.8675640947205759,0.9171571352949678,2.503851446611745,,,,,CHEMBL244_Ki
89709943,mondrian_iqr,cliffA,all,620,546,0.8806451612903226,0.8527526561774612,0.903849832044892,2.5077667696348165,,,,,CHEMBL244_Ki
89709943,mondrian_iqr,cliffA,cliff,70,52,0.7428571428571429,0.6297386985284517,0.8307072425865616,2.595536549019482,,,,,CHEMBL244_Ki
89709943,mondrian_iqr,cliffA,noncliff,550,494,0.8981818181818182,0.8700835682156981,0.9207564691708897,2.496596070440405,,,,,CHEMBL244_Ki
89709943,mondrian_iqr,__bins__,__summary__,-1,-1,,,,2.5077667696348165,0.7840909090909091,0.1764354066985646,0.7307692307692307,0.2432567432567433,CHEMBL244_Ki
89709943,mondrian_nb,cliffB_oracle,all,620,543,0.8758064516129033,0.8475090574110853,0.8994756025711534,2.553390235614487,,,,,CHEMBL244_Ki
89709943,mondrian_nb,cliffB_oracle,cliff,30,12,0.4,0.24590628116801852,0.5767963974667752,2.2981969977967105,,,,,CHEMBL244_Ki
89709943,mondrian_nb,cliffB_oracle,noncliff,590,531,0.9,0.8731454141033262,0.9216795227364522,2.5663661629611534,,,,,CHEMBL244_Ki
89709943,mondrian_nb,cliffA,all,620,543,0.8758064516129033,0.8475090574110853,0.8994756025711534,2.553390235614487,,,,,CHEMBL244_Ki
89709943,mondrian_nb,cliffA,cliff,70,47,0.6714285714285714,0.5550093573883407,0.770011306928139,2.3497918884563447,,,,,CHEMBL244_Ki
89709943,mondrian_nb,cliffA,noncliff,550,496,0.9018181818181819,0.8740932746967484,0.9239690461362923,2.5793027525255234,,,,,CHEMBL244_Ki
89709943,mondrian_nb,__bins__,__summary__,-1,-1,,,,2.553390235614487,0.7272727272727273,0.24641148325358853,0.7051282051282052,0.28205128205128205,CHEMBL244_Ki
89709943,mondrian_nnsim,cliffB_oracle,all,620,542,0.8741935483870967,0.8457640169947079,0.8980147002408257,2.5319126252040625,,,,,CHEMBL244_Ki
89709943,mondrian_nnsim,cliffB_oracle,cliff,30,13,0.43333333333333335,0.2737748557646652,0.6080269299918639,2.288650943758808,,,,,CHEMBL244_Ki
89709943,mondrian_nnsim,cliffB_oracle,noncliff,590,529,0.8966101694915254,0.869422519519325,0.9186666127709635,2.5442818632436515,,,,,CHEMBL244_Ki
89709943,mondrian_nnsim,cliffA,all,620,542,0.8741935483870967,0.8457640169947079,0.8980147002408257,2.5319126252040625,,,,,CHEMBL244_Ki
89709943,mondrian_nnsim,cliffA,cliff,70,47,0.6714285714285714,0.5550093573883407,0.770011306928139,2.424797335709766,,,,,CHEMBL244_Ki
89709943,mondrian_nnsim,cliffA,noncliff,550,495,0.9,0.8720871786372744,0.9223640004725397,2.545545480230609,,,,,CHEMBL244_Ki
89709943,mondrian_nnsim,__bins__,__summary__,-1,-1,,,,2.5319126252040625,0.7840909090909091,0.1764354066985646,0.717948717948718,0.2564102564102564,CHEMBL244_Ki
89709943,mondrian_pairgap,cliffB_oracle,all,620,551,0.8887096774193548,0.8615217465372444,0.9111104554186333,2.554182356827018,,,,,CHEMBL244_Ki
89709943,mondrian_pairgap,cliffB_oracle,cliff,30,18,0.6,0.42320360253322475,0.7540937188319815,2.59421050518813,,,,,CHEMBL244_Ki
89709943,mondrian_pairgap,cliffB_oracle,noncliff,590,533,0.9033898305084745,0.8768766687623913,0.9246840726268765,2.552147027249334,,,,,CHEMBL244_Ki
89709943,mondrian_pairgap,cliffA,all,620,551,0.8887096774193548,0.8615217465372444,0.9111104554186333,2.554182356827018,,,,,CHEMBL244_Ki
89709943,mondrian_pairgap,cliffA,cliff,70,53,0.7571428571428571,0.6450496077036256,0.8424813887710942,2.5666966344065694,,,,,CHEMBL244_Ki
89709943,mondrian_pairgap,cliffA,noncliff,550,498,0.9054545454545454,0.878113168324314,0.9271714359551795,2.5525896305896207,,,,,CHEMBL244_Ki
89709943,mondrian_pairgap,__bins__,__summary__,-1,-1,,,,2.554182356827018,0.7954545454545454,0.19138755980861244,0.7051282051282052,0.28205128205128205,CHEMBL244_Ki
89709943,mondrian_rfstd,cliffB_oracle,all,620,543,0.8758064516129033,0.8475090574110853,0.8994756025711534,2.3353200472417304,,,,,CHEMBL244_Ki
89709943,mondrian_rfstd,cliffB_oracle,cliff,30,15,0.5,0.33154125640533766,0.6684587435946623,2.4699385795697544,,,,,CHEMBL244_Ki
89709943,mondrian_rfstd,cliffB_oracle,noncliff,590,528,0.8949152542372881,0.8675640947205759,0.9171571352949678,2.3284750371233565,,,,,CHEMBL244_Ki
89709943,mondrian_rfstd,cliffA,all,620,543,0.8758064516129033,0.8475090574110853,0.8994756025711534,2.3353200472417304,,,,,CHEMBL244_Ki
89709943,mondrian_rfstd,cliffA,cliff,70,48,0.6857142857142857,0.5697286201420141,0.7823770995341724,2.3988225223143305,,,,,CHEMBL244_Ki
89709943,mondrian_rfstd,cliffA,noncliff,550,495,0.9,0.8720871786372744,0.9223640004725397,2.3272379140506723,,,,,CHEMBL244_Ki
89709943,mondrian_rfstd,__bins__,__summary__,-1,-1,,,,2.3353200472417304,0.7954545454545454,0.1782296650717704,0.7922077922077922,0.13086913086913088,CHEMBL244_Ki
86921808,global,cliffB_oracle,all,620,565,0.9112903225806451,0.8863031186553707,0.9312122817543755,2.7256726050603777,,,,,CHEMBL244_Ki
86921808,global,cliffB_oracle,cliff,32,21,0.65625,0.4831108797896222,0.7958956207556682,2.725672605060378,,,,,CHEMBL244_Ki
86921808,global,cliffB_oracle,noncliff,588,544,0.9251700680272109,0.9010335944584519,0.9437872482657165,2.725672605060378,,,,,CHEMBL244_Ki
86921808,global,cliffA,all,620,565,0.9112903225806451,0.8863031186553707,0.9312122817543755,2.7256726050603777,,,,,CHEMBL244_Ki
86921808,global,cliffA,cliff,62,49,0.7903225806451613,0.6736078510298068,0.8731601071048801,2.7256726050603772,,,,,CHEMBL244_Ki
86921808,global,cliffA,noncliff,558,516,0.9247311827956989,0.8998196790165359,0.9438346874571067,2.725672605060378,,,,,CHEMBL244_Ki
86921808,global,__bins__,__summary__,-1,-1,,,,2.7256726050603777,0.7349397590361446,0.2387444514901712,0.7564102564102564,0.2435897435897436,CHEMBL244_Ki
86921808,mondrian_pair,cliffB_oracle,all,620,570,0.9193548387096774,0.8952501731654481,0.9382949409778225,2.81853840703932,,,,,CHEMBL244_Ki
86921808,mondrian_pair,cliffB_oracle,cliff,32,22,0.6875,0.5143332169904459,0.8204745836639026,2.8861999048426386,,,,,CHEMBL244_Ki
86921808,mondrian_pair,cliffB_oracle,noncliff,588,548,0.9319727891156463,0.9086905165781731,0.9496474596295821,2.8148561486554655,,,,,CHEMBL244_Ki
86921808,mondrian_pair,cliffA,all,620,570,0.9193548387096774,0.8952501731654481,0.9382949409778225,2.81853840703932,,,,,CHEMBL244_Ki
86921808,mondrian_pair,cliffA,cliff,62,50,0.8064516129032258,0.6914820382117386,0.8856619175970974,2.891481615846185,,,,,CHEMBL244_Ki
86921808,mondrian_pair,cliffA,noncliff,558,520,0.931899641577061,0.9079078185114229,0.9499854402233785,2.8104336060607795,,,,,CHEMBL244_Ki
86921808,mondrian_pair,__bins__,__summary__,-1,-1,,,,2.81853840703932,0.7590361445783133,0.21464806594800256,0.782051282051282,0.21794871794871795,CHEMBL244_Ki
86921808,mondrian_wstd,cliffB_oracle,all,620,570,0.9193548387096774,0.8952501731654481,0.9382949409778225,2.927197858863962,,,,,CHEMBL244_Ki
86921808,mondrian_wstd,cliffB_oracle,cliff,32,22,0.6875,0.5143332169904459,0.8204745836639026,3.31148353245372,,,,,CHEMBL244_Ki
86921808,mondrian_wstd,cliffB_oracle,noncliff,588,548,0.9319727891156463,0.9086905165781731,0.9496474596295821,2.906284352818261,,,,,CHEMBL244_Ki
86921808,mondrian_wstd,cliffA,all,620,570,0.9193548387096774,0.8952501731654481,0.9382949409778225,2.927197858863962,,,,,CHEMBL244_Ki
86921808,mondrian_wstd,cliffA,cliff,62,50,0.8064516129032258,0.6914820382117386,0.8856619175970974,3.2841785957128153,,,,,CHEMBL244_Ki
86921808,mondrian_wstd,cliffA,noncliff,558,520,0.931899641577061,0.9079078185114229,0.9499854402233785,2.887533332547423,,,,,CHEMBL244_Ki
86921808,mondrian_wstd,__bins__,__summary__,-1,-1,,,,2.927197858863962,0.8433734939759037,0.11766546706305736,0.8076923076923077,0.16666666666666663,CHEMBL244_Ki
86921808,mondrian_std,cliffB_oracle,all,620,566,0.9129032258064517,0.8880879782127536,0.9326333649436976,2.8809821069066004,,,,,CHEMBL244_Ki
86921808,mondrian_std,cliffB_oracle,cliff,32,22,0.6875,0.5143332169904459,0.8204745836639026,3.254272061815367,,,,,CHEMBL244_Ki
86921808,mondrian_std,cliffB_oracle,noncliff,588,544,0.9251700680272109,0.9010335944584519,0.9437872482657165,2.8606670073197287,,,,,CHEMBL244_Ki
86921808,mondrian_std,cliffA,all,620,566,0.9129032258064517,0.8880879782127536,0.9326333649436976,2.8809821069066004,,,,,CHEMBL244_Ki
86921808,mondrian_std,cliffA,cliff,62,50,0.8064516129032258,0.6914820382117386,0.8856619175970974,3.2064385267159587,,,,,CHEMBL244_Ki
86921808,mondrian_std,cliffA,noncliff,558,516,0.9247311827956989,0.8998196790165359,0.9438346874571067,2.8448202824833384,,,,,CHEMBL244_Ki
86921808,mondrian_std,__bins__,__summary__,-1,-1,,,,2.8809821069066004,0.8192771084337349,0.1547488655922391,0.782051282051282,0.20512820512820518,CHEMBL244_Ki
86921808,mondrian_iqr,cliffB_oracle,all,620,567,0.9145161290322581,0.8898750561703671,0.934052229732789,2.715369116221335,,,,,CHEMBL244_Ki
86921808,mondrian_iqr,cliffB_oracle,cliff,32,20,0.625,0.4525440735307745,0.7706611269054578,2.905208037530473,,,,,CHEMBL244_Ki
86921808,mondrian_iqr,cliffB_oracle,noncliff,588,547,0.9302721088435374,0.9067712807698156,0.9481874120670428,2.705037746354171,,,,,CHEMBL244_Ki
86921808,mondrian_iqr,cliffA,all,620,567,0.9145161290322581,0.8898750561703671,0.934052229732789,2.715369116221335,,,,,CHEMBL244_Ki
86921808,mondrian_iqr,cliffA,cliff,62,48,0.7741935483870968,0.6559437908464204,0.8604481696141172,2.851978844971997,,,,,CHEMBL244_Ki
86921808,mondrian_iqr,cliffA,noncliff,558,519,0.9301075268817204,0.9058801133541785,0.9484534223153331,2.7001902574712613,,,,,CHEMBL244_Ki
86921808,mondrian_iqr,__bins__,__summary__,-1,-1,,,,2.715369116221335,0.8072289156626506,0.16645529486366517,0.8205128205128205,0.15384615384615385,CHEMBL244_Ki
86921808,mondrian_nb,cliffB_oracle,all,620,572,0.9225806451612903,0.8988457755990217,0.9411112240376588,2.892328259524121,,,,,CHEMBL244_Ki
86921808,mondrian_nb,cliffB_oracle,cliff,32,21,0.65625,0.4831108797896222,0.7958956207556682,2.7961054476573204,,,,,CHEMBL244_Ki
86921808,mondrian_nb,cliffB_oracle,noncliff,588,551,0.9370748299319728,0.9144698727838869,0.9540059535365581,2.8975648751359193,,,,,CHEMBL244_Ki
86921808,mondrian_nb,cliffA,all,620,572,0.9225806451612903,0.8988457755990217,0.9411112240376588,2.892328259524121,,,,,CHEMBL244_Ki
86921808,mondrian_nb,cliffA,cliff,62,49,0.7903225806451613,0.6736078510298068,0.8731601071048801,2.723773519792222,,,,,CHEMBL244_Ki
86921808,mondrian_nb,cliffA,noncliff,558,523,0.9372759856630825,0.9140155562351883,0.9545568716954819,2.9110565639387764,,,,,CHEMBL244_Ki
86921808,mondrian_nb,__bins__,__summary__,-1,-1,,,,2.892328259524121,0.7710843373493976,0.21575776791376022,0.7948717948717948,0.1923076923076924,CHEMBL244_Ki
86921808,mondrian_nnsim,cliffB_oracle,all,620,573,0.9241935483870968,0.9006474370972687,0.9425155052861166,2.9506016502644448,,,,,CHEMBL244_Ki
86921808,mondrian_nnsim,cliffB_oracle,cliff,32,22,0.6875,0.5143332169904459,0.8204745836639026,2.931361983938899,,,,,CHEMBL244_Ki
86921808,mondrian_nnsim,cliffB_oracle,noncliff,588,551,0.9370748299319728,0.9144698727838869,0.9540059535365581,2.9516487069352224,,,,,CHEMBL244_Ki
86921808,mondrian_nnsim,cliffA,all,620,573,0.9241935483870968,0.9006474370972687,0.9425155052861166,2.9506016502644448,,,,,CHEMBL244_Ki
86921808,mondrian_nnsim,cliffA,cliff,62,50,0.8064516129032258,0.6914820382117386,0.8856619175970974,2.9365318668070564,,,,,CHEMBL244_Ki
86921808,mondrian_nnsim,cliffA,noncliff,558,523,0.9372759856630825,0.9140155562351883,0.9545568716954819,2.952164959537488,,,,,CHEMBL244_Ki
86921808,mondrian_nnsim,__bins__,__summary__,-1,-1,,,,2.9506016502644448,0.7710843373493976,0.21575776791376022,0.8461538461538461,0.1282051282051282,CHEMBL244_Ki
86921808,mondrian_pairgap,cliffB_oracle,all,620,572,0.9225806451612903,0.8988457755990217,0.9411112240376588,2.8923869527628234,,,,,CHEMBL244_Ki
86921808,mondrian_pairgap,cliffB_oracle,cliff,32,22,0.6875,0.5143332169904459,0.8204745836639026,3.034001840180216,,,,,CHEMBL244_Ki
86921808,mondrian_pairgap,cliffB_oracle,noncliff,588,550,0.935374149659864,0.9125396854493786,0.9525568575001699,2.884680020114258,,,,,CHEMBL244_Ki
86921808,mondrian_pairgap,cliffA,all,620,572,0.9225806451612903,0.8988457755990217,0.9411112240376588,2.8923869527628234,,,,,CHEMBL244_Ki
86921808,mondrian_pairgap,cliffA,cliff,62,50,0.8064516129032258,0.6914820382117386,0.8856619175970974,3.021675466341071,,,,,CHEMBL244_Ki
86921808,mondrian_pairgap,cliffA,noncliff,558,522,0.9354838709677419,0.9119753876440533,0.9530373172213271,2.878021562365241,,,,,CHEMBL244_Ki
86921808,mondrian_pairgap,__bins__,__summary__,-1,-1,,,,2.8923869527628234,0.7469879518072289,0.23985415345592898,0.8051948051948052,0.19480519480519476,CHEMBL244_Ki
86921808,mondrian_rfstd,cliffB_oracle,all,620,561,0.9048387096774193,0.8791848286723595,0.925506800750567,2.5381480031584043,,,,,CHEMBL244_Ki
86921808,mondrian_rfstd,cliffB_oracle,cliff,32,19,0.59375,0.42260024875382873,0.7448036515733456,2.665164894167432,,,,,CHEMBL244_Ki
86921808,mondrian_rfstd,cliffB_oracle,noncliff,588,542,0.9217687074829932,0.8972241349964336,0.9408381409859414,2.531235519293967,,,,,CHEMBL244_Ki
86921808,mondrian_rfstd,cliffA,all,620,561,0.9048387096774193,0.8791848286723595,0.925506800750567,2.5381480031584043,,,,,CHEMBL244_Ki
86921808,mondrian_rfstd,cliffA,cliff,62,47,0.7580645161290323,0.6384749248397259,0.8475410379466626,2.7118570263066983,,,,,CHEMBL244_Ki
86921808,mondrian_rfstd,cliffA,noncliff,558,514,0.921146953405018,0.8957970824555967,0.9407378378874669,2.5188470005863715,,,,,CHEMBL244_Ki
86921808,mondrian_rfstd,__bins__,__summary__,-1,-1,,,,2.5381480031584043,0.7951807228915663,0.17884525113440775,0.8831168831168831,0.0656010656010656,CHEMBL244_Ki
89165191,global,cliffB_oracle,all,620,539,0.8693548387096774,0.8405370556394823,0.8936238333559369,2.4687366263696298,,,,,CHEMBL244_Ki
89165191,global,cliffB_oracle,cliff,30,21,0.7,0.5212421254128504,0.8333525173175619,2.4687366263696306,,,,,CHEMBL244_Ki
89165191,global,cliffB_oracle,noncliff,590,518,0.8779661016949153,0.8490813822404849,0.9019608250276109,2.4687366263696298,,,,,CHEMBL244_Ki
89165191,global,cliffA,all,620,539,0.8693548387096774,0.8405370556394823,0.8936238333559369,2.4687366263696298,,,,,CHEMBL244_Ki
89165191,global,cliffA,cliff,60,45,0.75,0.6276792992295218,0.8422347746994333,2.46873662636963,,,,,CHEMBL244_Ki
89165191,global,cliffA,noncliff,560,494,0.8821428571428571,0.8527978512540936,0.9062807750235587,2.46873662636963,,,,,CHEMBL244_Ki
89165191,global,__bins__,__summary__,-1,-1,,,,2.4687366263696298,0.75,0.21052631578947367,0.6410256410256411,0.3205128205128205,CHEMBL244_Ki
89165191,mondrian_pair,cliffB_oracle,all,620,543,0.8758064516129033,0.8475090574110853,0.8994756025711534,2.4904484120066295,,,,,CHEMBL244_Ki
89165191,mondrian_pair,cliffB_oracle,cliff,30,22,0.7333333333333333,0.555520383048111,0.8581733668040368,2.553703816600293,,,,,CHEMBL244_Ki
89165191,mondrian_pair,cliffB_oracle,noncliff,590,521,0.8830508474576271,0.8546078043132651,0.9065381097790649,2.4872320355018664,,,,,CHEMBL244_Ki
89165191,mondrian_pair,cliffA,all,620,543,0.8758064516129033,0.8475090574110853,0.8994756025711534,2.4904484120066295,,,,,CHEMBL244_Ki
89165191,mondrian_pair,cliffA,cliff,60,47,0.7833333333333333,0.6637997242680521,0.868769559518097,2.5537038166002928,,,,,CHEMBL244_Ki
89165191,mondrian_pair,cliffA,noncliff,560,496,0.8857142857142857,0.8566941865765088,0.9094786324700936,2.483671047228737,,,,,CHEMBL244_Ki
89165191,mondrian_pair,__bins__,__summary__,-1,-1,,,,2.4904484120066295,0.7613636363636364,0.21232057416267947,0.6410256410256411,0.3205128205128205,CHEMBL244_Ki
89165191,mondrian_wstd,cliffB_oracle,all,620,548,0.8838709677419355,0.8562556971008911,0.906758676614872,2.4344409949493357,,,,,CHEMBL244_Ki
89165191,mondrian_wstd,cliffB_oracle,cliff,30,22,0.7333333333333333,0.555520383048111,0.8581733668040368,2.6682657514265835,,,,,CHEMBL244_Ki
89165191,mondrian_wstd,cliffB_oracle,noncliff,590,526,0.8915254237288136,0.8638530803421282,0.9141323451239262,2.4225516005521874,,,,,CHEMBL244_Ki
89165191,mondrian_wstd,cliffA,all,620,548,0.8838709677419355,0.8562556971008911,0.906758676614872,2.4344409949493357,,,,,CHEMBL244_Ki
89165191,mondrian_wstd,cliffA,cliff,60,47,0.7833333333333333,0.6637997242680521,0.868769559518097,2.499970392685549,,,,,CHEMBL244_Ki
89165191,mondrian_wstd,cliffA,noncliff,560,501,0.8946428571428572,0.8664707568218221,0.9174375441471555,2.4274199880490266,,,,,CHEMBL244_Ki
89165191,mondrian_wstd,__bins__,__summary__,-1,-1,,,,2.4344409949493357,0.8552631578947368,0.09210526315789469,0.6923076923076923,0.2564102564102564,CHEMBL244_Ki
89165191,mondrian_std,cliffB_oracle,all,620,546,0.8806451612903226,0.8527526561774612,0.903849832044892,2.4487265782775216,,,,,CHEMBL244_Ki
89165191,mondrian_std,cliffB_oracle,cliff,30,20,0.6666666666666666,0.4878005164454384,0.8076950191632386,2.6535042051275357,,,,,CHEMBL244_Ki
89165191,mondrian_std,cliffB_oracle,noncliff,590,526,0.8915254237288136,0.8638530803421282,0.9141323451239262,2.4383141565732833,,,,,CHEMBL244_Ki
89165191,mondrian_std,cliffA,all,620,546,0.8806451612903226,0.8527526561774612,0.903849832044892,2.4487265782775216,,,,,CHEMBL244_Ki
89165191,mondrian_std,cliffA,cliff,60,44,0.7333333333333333,0.6099128690331636,0.8286735999671945,2.5412440123745896,,,,,CHEMBL244_Ki
89165191,mondrian_std,cliffA,noncliff,560,502,0.8964285714285715,0.8684325474862997,0.9190228498671529,2.438813996052836,,,,,CHEMBL244_Ki
89165191,mondrian_std,__bins__,__summary__,-1,-1,,,,2.4487265782775216,0.8157894736842105,0.13157894736842102,0.6794871794871795,0.26923076923076916,CHEMBL244_Ki
89165191,mondrian_iqr,cliffB_oracle,all,620,552,0.8903225806451613,0.8632802732201532,0.9125578714824296,2.534458456528089,,,,,CHEMBL244_Ki
89165191,mondrian_iqr,cliffB_oracle,cliff,30,21,0.7,0.5212421254128504,0.8333525173175619,2.569040362589016,,,,,CHEMBL244_Ki
89165191,mondrian_iqr,cliffB_oracle,noncliff,590,531,0.9,0.8731454141033262,0.9216795227364522,2.5327000545249914,,,,,CHEMBL244_Ki
89165191,mondrian_iqr,cliffA,all,620,552,0.8903225806451613,0.8632802732201532,0.9125578714824296,2.534458456528089,,,,,CHEMBL244_Ki
89165191,mondrian_iqr,cliffA,cliff,60,44,0.7333333333333333,0.6099128690331636,0.8286735999671945,2.62106991698636,,,,,CHEMBL244_Ki
89165191,mondrian_iqr,cliffA,noncliff,560,508,0.9071428571428571,0.8802528861468935,0.9284850895134091,2.5251786571932744,,,,,CHEMBL244_Ki
89165191,mondrian_iqr,__bins__,__summary__,-1,-1,,,,2.534458456528089,0.8157894736842105,0.13157894736842102,0.717948717948718,0.2435897435897436,CHEMBL244_Ki
89165191,mondrian_nb,cliffB_oracle,all,620,550,0.8870967741935484,0.8597648278450146,0.9096614313641583,2.6220644703379334,,,,,CHEMBL244_Ki
89165191,mondrian_nb,cliffB_oracle,cliff,30,19,0.6333333333333333,0.4551356365479487,0.7812607919389929,2.5319691738162917,,,,,CHEMBL244_Ki
89165191,mondrian_nb,cliffB_oracle,noncliff,590,531,0.9,0.8731454141033262,0.9216795227364522,2.6266455871102203,,,,,CHEMBL244_Ki
89165191,mondrian_nb,cliffA,all,620,550,0.8870967741935484,0.8597648278450146,0.9096614313641583,2.6220644703379334,,,,,CHEMBL244_Ki
89165191,mondrian_nb,cliffA,cliff,60,44,0.7333333333333333,0.6099128690331636,0.8286735999671945,2.525998365373775,,,,,CHEMBL244_Ki
89165191,mondrian_nb,cliffA,noncliff,560,506,0.9035714285714286,0.876302951513349,0.9253408313780035,2.6323572672983793,,,,,CHEMBL244_Ki
89165191,mondrian_nb,__bins__,__summary__,-1,-1,,,,2.6220644703379334,0.8157894736842105,0.14473684210526316,0.7051282051282052,0.26923076923076916,CHEMBL244_Ki
89165191,mondrian_nnsim,cliffB_oracle,all,620,560,0.9032258064516129,0.8774103031342926,0.9240753835419291,2.5834296809699944,,,,,CHEMBL244_Ki
89165191,mondrian_nnsim,cliffB_oracle,cliff,30,22,0.7333333333333333,0.555520383048111,0.8581733668040368,2.5393990272184412,,,,,CHEMBL244_Ki
89165191,mondrian_nnsim,cliffB_oracle,noncliff,590,538,0.911864406779661,0.8862440082008359,0.932156244562156,2.585668527770921,,,,,CHEMBL244_Ki
89165191,mondrian_nnsim,cliffA,all,620,560,0.9032258064516129,0.8774103031342926,0.9240753835419291,2.5834296809699944,,,,,CHEMBL244_Ki
89165191,mondrian_nnsim,cliffA,cliff,60,46,0.7666666666666667,0.6456372962239805,0.8556043826335717,2.550174262453625,,,,,CHEMBL244_Ki
89165191,mondrian_nnsim,cliffA,noncliff,560,514,0.9178571428571428,0.8921678933070579,0.9378526606600947,2.58699276152532,,,,,CHEMBL244_Ki
89165191,mondrian_nnsim,__bins__,__summary__,-1,-1,,,,2.5834296809699944,0.8295454545454546,0.14413875598086123,0.7307692307692307,0.23076923076923084,CHEMBL244_Ki
89165191,mondrian_pairgap,cliffB_oracle,all,620,548,0.8838709677419355,0.8562556971008911,0.906758676614872,2.507918177568783,,,,,CHEMBL244_Ki
89165191,mondrian_pairgap,cliffB_oracle,cliff,30,22,0.7333333333333333,0.555520383048111,0.8581733668040368,2.7076808527467717,,,,,CHEMBL244_Ki
89165191,mondrian_pairgap,cliffB_oracle,noncliff,590,526,0.8915254237288136,0.8638530803421282,0.9141323451239262,2.497760753407191,,,,,CHEMBL244_Ki
89165191,mondrian_pairgap,cliffA,all,620,548,0.8838709677419355,0.8562556971008911,0.906758676614872,2.507918177568783,,,,,CHEMBL244_Ki
89165191,mondrian_pairgap,cliffA,cliff,60,47,0.7833333333333333,0.6637997242680521,0.868769559518097,2.602518479332772,,,,,CHEMBL244_Ki
89165191,mondrian_pairgap,cliffA,noncliff,560,501,0.8946428571428572,0.8664707568218221,0.9174375441471555,2.4977824309512124,,,,,CHEMBL244_Ki
89165191,mondrian_pairgap,__bins__,__summary__,-1,-1,,,,2.507918177568783,0.8068181818181818,0.1537081339712919,0.7051282051282052,0.2564102564102564,CHEMBL244_Ki
89165191,mondrian_rfstd,cliffB_oracle,all,620,540,0.8709677419354839,0.8422780377450648,0.8950887939970592,2.3661747032959815,,,,,CHEMBL244_Ki
89165191,mondrian_rfstd,cliffB_oracle,cliff,30,18,0.6,0.42320360253322475,0.7540937188319815,2.3509558032574365,,,,,CHEMBL244_Ki
89165191,mondrian_rfstd,cliffB_oracle,noncliff,590,522,0.8847457627118644,0.856453315397795,0.90806050096928,2.3669485456708226,,,,,CHEMBL244_Ki
89165191,mondrian_rfstd,cliffA,all,620,540,0.8709677419354839,0.8422780377450648,0.8950887939970592,2.3661747032959815,,,,,CHEMBL244_Ki
89165191,mondrian_rfstd,cliffA,cliff,60,39,0.65,0.5236261884175486,0.7583222559398244,2.316253952653475,,,,,CHEMBL244_Ki
89165191,mondrian_rfstd,cliffA,noncliff,560,501,0.8946428571428572,0.8664707568218221,0.9174375441471555,2.371523355150536,,,,,CHEMBL244_Ki
89165191,mondrian_rfstd,__bins__,__summary__,-1,-1,,,,2.3661747032959815,0.8026315789473685,0.11842105263157887,0.7792207792207793,0.16883116883116878,CHEMBL244_Ki
71339737,global,cliffB_oracle,all,664,613,0.9231927710843374,0.9004166842768698,0.9411004042135723,2.2757107545567745,,,,,CHEMBL214_Ki
71339737,global,cliffB_oracle,cliff,16,10,0.625,0.38641040545502714,0.8151876744113636,2.2757107545567745,,,,,CHEMBL214_Ki
71339737,global,cliffB_oracle,noncliff,648,603,0.9305555555555556,0.9083389921237559,0.9476973836684939,2.275710754556775,,,,,CHEMBL214_Ki
71339737,global,cliffA,all,664,613,0.9231927710843374,0.9004166842768698,0.9411004042135723,2.2757107545567745,,,,,CHEMBL214_Ki
71339737,global,cliffA,cliff,50,37,0.74,0.6044684273515117,0.8412847250644762,2.2757107545567745,,,,,CHEMBL214_Ki
71339737,global,cliffA,noncliff,614,576,0.9381107491856677,0.9161929092446931,0.9545806400520932,2.2757107545567745,,,,,CHEMBL214_Ki
71339737,global,__bins__,__summary__,-1,-1,,,,2.2757107545567745,0.8411214953271028,0.146220276824796,0.7469879518072289,0.2530120481927711,CHEMBL214_Ki
71339737,mondrian_pair,cliffB_oracle,all,664,607,0.9141566265060241,0.890395337025147,0.9331534150562468,2.258721394437761,,,,,CHEMBL214_Ki
71339737,mondrian_pair,cliffB_oracle,cliff,16,11,0.6875,0.44404355834740666,0.8583535614521796,2.3238552523501075,,,,,CHEMBL214_Ki
71339737,mondrian_pair,cliffB_oracle,noncliff,648,596,0.9197530864197531,0.8962773874761193,0.9382813731528842,2.257113151032518,,,,,CHEMBL214_Ki
71339737,mondrian_pair,cliffA,all,664,607,0.9141566265060241,0.890395337025147,0.9331534150562468,2.258721394437761,,,,,CHEMBL214_Ki
71339737,mondrian_pair,cliffA,cliff,50,38,0.76,0.6258731624205708,0.8570260860300828,2.3110141354695264,,,,,CHEMBL214_Ki
71339737,mondrian_pair,cliffA,noncliff,614,569,0.9267100977198697,0.9033368392173018,0.9447771753394194,2.2544630279042295,,,,,CHEMBL214_Ki
71339737,mondrian_pair,__bins__,__summary__,-1,-1,,,,2.258721394437761,0.822429906542056,0.16491186560984272,0.7228915662650602,0.27710843373493976,CHEMBL214_Ki
71339737,mondrian_wstd,cliffB_oracle,all,664,609,0.9171686746987951,0.893727638155409,0.9358105593956675,2.2601160192299856,,,,,CHEMBL214_Ki
71339737,mondrian_wstd,cliffB_oracle,cliff,16,10,0.625,0.38641040545502714,0.8151876744113636,2.208349537599578,,,,,CHEMBL214_Ki
71339737,mondrian_wstd,cliffB_oracle,noncliff,648,599,0.9243827160493827,0.9014320703934182,0.942331382448405,2.2613942039616,,,,,CHEMBL214_Ki
71339737,mondrian_wstd,cliffA,all,664,609,0.9171686746987951,0.893727638155409,0.9358105593956675,2.2601160192299856,,,,,CHEMBL214_Ki
71339737,mondrian_wstd,cliffA,cliff,50,40,0.8,0.6696289406777459,0.887562499842239,2.3902955030674122,,,,,CHEMBL214_Ki
71339737,mondrian_wstd,cliffA,noncliff,614,569,0.9267100977198697,0.9033368392173018,0.9447771753394194,2.249515084064071,,,,,CHEMBL214_Ki
71339737,mondrian_wstd,__bins__,__summary__,-1,-1,,,,2.2601160192299856,0.8625,0.08749999999999991,0.8192771084337349,0.1686746987951807,CHEMBL214_Ki
71339737,mondrian_std,cliffB_oracle,all,664,605,0.911144578313253,0.8870706739760283,0.9304886326356825,2.2702420299991104,,,,,CHEMBL214_Ki
71339737,mondrian_std,cliffB_oracle,cliff,16,10,0.625,0.38641040545502714,0.8151876744113636,2.157506438568694,,,,,CHEMBL214_Ki
71339737,mondrian_std,cliffB_oracle,noncliff,648,595,0.9182098765432098,0.8945636773690481,0.9369268525223488,2.2730256248492444,,,,,CHEMBL214_Ki
71339737,mondrian_std,cliffA,all,664,605,0.911144578313253,0.8870706739760283,0.9304886326356825,2.2702420299991104,,,,,CHEMBL214_Ki
71339737,mondrian_std,cliffA,cliff,50,38,0.76,0.6258731624205708,0.8570260860300828,2.362332686295843,,,,,CHEMBL214_Ki
71339737,mondrian_std,cliffA,noncliff,614,567,0.9234527687296417,0.89969089119899,0.9419489705748554,2.262742790886999,,,,,CHEMBL214_Ki
71339737,mondrian_std,__bins__,__summary__,-1,-1,,,,2.2702420299991104,0.8125,0.125,0.8192771084337349,0.1686746987951807,CHEMBL214_Ki
71339737,mondrian_iqr,cliffB_oracle,all,664,613,0.9231927710843374,0.9004166842768698,0.9411004042135723,2.2489519072789985,,,,,CHEMBL214_Ki
71339737,mondrian_iqr,cliffB_oracle,cliff,16,10,0.625,0.38641040545502714,0.8151876744113636,2.1331451421114984,,,,,CHEMBL214_Ki
71339737,mondrian_iqr,cliffB_oracle,noncliff,648,603,0.9305555555555556,0.9083389921237559,0.9476973836684939,2.2518113335794303,,,,,CHEMBL214_Ki
71339737,mondrian_iqr,cliffA,all,664,613,0.9231927710843374,0.9004166842768698,0.9411004042135723,2.2489519072789985,,,,,CHEMBL214_Ki
71339737,mondrian_iqr,cliffA,cliff,50,37,0.74,0.6044684273515117,0.8412847250644762,2.199365010483399,,,,,CHEMBL214_Ki
71339737,mondrian_iqr,cliffA,noncliff,614,576,0.9381107491856677,0.9161929092446931,0.9545806400520932,2.252989928190692,,,,,CHEMBL214_Ki
71339737,mondrian_iqr,__bins__,__summary__,-1,-1,,,,2.2489519072789985,0.875,0.11234177215189878,0.8433734939759037,0.15662650602409633,CHEMBL214_Ki
71339737,mondrian_nb,cliffB_oracle,all,664,617,0.9292168674698795,0.9071412462480876,0.9463547331817203,2.3400183603030356,,,,,CHEMBL214_Ki
71339737,mondrian_nb,cliffB_oracle,cliff,16,11,0.6875,0.44404355834740666,0.8583535614521796,2.21313502817802,,,,,CHEMBL214_Ki
71339737,mondrian_nb,cliffB_oracle,noncliff,648,606,0.9351851851851852,0.9135472676410922,0.9516938003639775,2.3431512820839004,,,,,CHEMBL214_Ki
71339737,mondrian_nb,cliffA,all,664,617,0.9292168674698795,0.9071412462480876,0.9463547331817203,2.3400183603030356,,,,,CHEMBL214_Ki
71339737,mondrian_nb,cliffA,cliff,50,38,0.76,0.6258731624205708,0.8570260860300828,2.2482793068524307,,,,,CHEMBL214_Ki
71339737,mondrian_nb,cliffA,noncliff,614,579,0.9429967426710097,0.9217544520894615,0.9587303263816384,2.347488967261554,,,,,CHEMBL214_Ki
71339737,mondrian_nb,__bins__,__summary__,-1,-1,,,,2.3400183603030356,0.8625,0.13749999999999996,0.8433734939759037,0.15662650602409633,CHEMBL214_Ki
71339737,mondrian_nnsim,cliffB_oracle,all,664,617,0.9292168674698795,0.9071412462480876,0.9463547331817203,2.355833036504153,,,,,CHEMBL214_Ki
71339737,mondrian_nnsim,cliffB_oracle,cliff,16,14,0.875,0.639771727342413,0.9650225122567595,2.6774734842075225,,,,,CHEMBL214_Ki
71339737,mondrian_nnsim,cliffB_oracle,noncliff,648,603,0.9305555555555556,0.9083389921237559,0.9476973836684939,2.3478912970546872,,,,,CHEMBL214_Ki
71339737,mondrian_nnsim,cliffA,all,664,617,0.9292168674698795,0.9071412462480876,0.9463547331817203,2.355833036504153,,,,,CHEMBL214_Ki
71339737,mondrian_nnsim,cliffA,cliff,50,42,0.84,0.7148578393696501,0.916625793219666,2.500446745089741,,,,,CHEMBL214_Ki
71339737,mondrian_nnsim,cliffA,noncliff,614,575,0.9364820846905537,0.9143464498974035,0.9531900230079448,2.3440566758701475,,,,,CHEMBL214_Ki
71339737,mondrian_nnsim,__bins__,__summary__,-1,-1,,,,2.355833036504153,0.8875,0.08750000000000002,0.8313253012048193,0.1686746987951807,CHEMBL214_Ki
71339737,mondrian_pairgap,cliffB_oracle,all,664,610,0.9186746987951807,0.8953967685012167,0.9371361517847012,2.20211135405541,,,,,CHEMBL214_Ki
71339737,mondrian_pairgap,cliffB_oracle,cliff,16,11,0.6875,0.44404355834740666,0.8583535614521796,2.1357199711933497,,,,,CHEMBL214_Ki
71339737,mondrian_pairgap,cliffB_oracle,noncliff,648,599,0.9243827160493827,0.9014320703934182,0.942331382448405,2.2037506474594113,,,,,CHEMBL214_Ki
71339737,mondrian_pairgap,cliffA,all,664,610,0.9186746987951807,0.8953967685012167,0.9371361517847012,2.20211135405541,,,,,CHEMBL214_Ki
71339737,mondrian_pairgap,cliffA,cliff,50,39,0.78,0.6475845041874634,0.8724608402978559,2.2353180962088506,,,,,CHEMBL214_Ki
71339737,mondrian_pairgap,cliffA,noncliff,614,571,0.9299674267100977,0.9069942488821949,0.947593918457402,2.199407221958224,,,,,CHEMBL214_Ki
71339737,mondrian_pairgap,__bins__,__summary__,-1,-1,,,,2.20211135405541,0.8130841121495327,0.1869158878504673,0.7349397590361446,0.2650602409638554,CHEMBL214_Ki
71339737,mondrian_rfstd,cliffB_oracle,all,664,604,0.9096385542168675,0.8854110983954884,0.929153485481381,2.1791925060473254,,,,,CHEMBL214_Ki
71339737,mondrian_rfstd,cliffB_oracle,cliff,16,9,0.5625,0.331785563988119,0.7690134759450765,2.0687566087155256,,,,,CHEMBL214_Ki
71339737,mondrian_rfstd,cliffB_oracle,noncliff,648,595,0.9182098765432098,0.8945636773690481,0.9369268525223488,2.181919318327122,,,,,CHEMBL214_Ki
71339737,mondrian_rfstd,cliffA,all,664,604,0.9096385542168675,0.8854110983954884,0.929153485481381,2.1791925060473254,,,,,CHEMBL214_Ki
71339737,mondrian_rfstd,cliffA,cliff,50,36,0.72,0.5833487630404344,0.8252582933408878,2.2048099304248887,,,,,CHEMBL214_Ki
71339737,mondrian_rfstd,cliffA,noncliff,614,568,0.9250814332247557,0.901512474934006,0.9433644632312772,2.177106396570325,,,,,CHEMBL214_Ki
71339737,mondrian_rfstd,__bins__,__summary__,-1,-1,,,,2.1791925060473254,0.875,0.049050632911392444,0.8313253012048193,0.1325301204819277,CHEMBL214_Ki
99182118,global,cliffB_oracle,all,664,586,0.8825301204819277,0.8558112072988797,0.9048483673508438,2.2104005239956366,,,,,CHEMBL214_Ki
99182118,global,cliffB_oracle,cliff,30,18,0.6,0.42320360253322475,0.7540937188319815,2.210400523995636,,,,,CHEMBL214_Ki
99182118,global,cliffB_oracle,noncliff,634,568,0.8958990536277602,0.8696950653547532,0.9173343650120788,2.210400523995636,,,,,CHEMBL214_Ki
99182118,global,cliffA,all,664,586,0.8825301204819277,0.8558112072988797,0.9048483673508438,2.2104005239956366,,,,,CHEMBL214_Ki
99182118,global,cliffA,cliff,49,33,0.673469387755102,0.5337920531457014,0.7879250299818812,2.210400523995636,,,,,CHEMBL214_Ki
99182118,global,cliffA,noncliff,615,553,0.8991869918699187,0.872858490792587,0.9205595858432004,2.210400523995636,,,,,CHEMBL214_Ki
99182118,global,__bins__,__summary__,-1,-1,,,,2.2104005239956366,0.7457627118644068,0.22859626249456755,0.6626506024096386,0.3132530120481928,CHEMBL214_Ki
99182118,mondrian_pair,cliffB_oracle,all,664,588,0.8855421686746988,0.8590772399847371,0.9075717801346694,2.259939010259407,,,,,CHEMBL214_Ki
99182118,mondrian_pair,cliffB_oracle,cliff,30,18,0.6,0.42320360253322475,0.7540937188319815,2.1823832640765417,,,,,CHEMBL214_Ki
99182118,mondrian_pair,cliffB_oracle,noncliff,634,570,0.8990536277602523,0.8731478737056493,0.920152707500759,2.2636088405204258,,,,,CHEMBL214_Ki
99182118,mondrian_pair,cliffA,all,664,588,0.8855421686746988,0.8590772399847371,0.9075717801346694,2.259939010259407,,,,,CHEMBL214_Ki
99182118,mondrian_pair,cliffA,cliff,49,32,0.6530612244897959,0.5131119428697273,0.7707560716546102,2.1857228701118787,,,,,CHEMBL214_Ki
99182118,mondrian_pair,cliffA,noncliff,615,556,0.9040650406504065,0.8782184961464627,0.9248951170673587,2.2658521661410798,,,,,CHEMBL214_Ki
99182118,mondrian_pair,__bins__,__summary__,-1,-1,,,,2.259939010259407,0.7627118644067796,0.2116471099521947,0.6867469879518072,0.27710843373493976,CHEMBL214_Ki
99182118,mondrian_wstd,cliffB_oracle,all,664,593,0.8930722891566265,0.8672656280805093,0.9143570057131043,2.206954434317047,,,,,CHEMBL214_Ki
99182118,mondrian_wstd,cliffB_oracle,cliff,30,21,0.7,0.5212421254128504,0.8333525173175619,2.591579871952083,,,,,CHEMBL214_Ki
99182118,mondrian_wstd,cliffB_oracle,noncliff,634,572,0.9022082018927445,0.8766075930437625,0.9229641390022223,2.1887544924731177,,,,,CHEMBL214_Ki
99182118,mondrian_wstd,cliffA,all,664,593,0.8930722891566265,0.8672656280805093,0.9143570057131043,2.206954434317047,,,,,CHEMBL214_Ki
99182118,mondrian_wstd,cliffA,cliff,49,35,0.7142857142857143,0.575911164922199,0.8215040554118739,2.418896765458388,,,,,CHEMBL214_Ki
99182118,mondrian_wstd,cliffA,noncliff,615,558,0.9073170731707317,0.8818017201071455,0.9277755841586988,2.1900679721610703,,,,,CHEMBL214_Ki
99182118,mondrian_wstd,__bins__,__summary__,-1,-1,,,,2.206954434317047,0.8461538461538461,0.10256410256410253,0.7469879518072289,0.19277108433734946,CHEMBL214_Ki
99182118,mondrian_std,cliffB_oracle,all,664,590,0.8885542168674698,0.8623485074029194,0.9102899581861699,2.1922738657403733,,,,,CHEMBL214_Ki
99182118,mondrian_std,cliffB_oracle,cliff,30,21,0.7,0.5212421254128504,0.8333525173175619,2.534026214733929,,,,,CHEMBL214_Ki
99182118,mondrian_std,cliffB_oracle,noncliff,634,569,0.8974763406940063,0.8714206231715417,0.9187443826150784,2.176102618942571,,,,,CHEMBL214_Ki
99182118,mondrian_std,cliffA,all,664,590,0.8885542168674698,0.8623485074029194,0.9102899581861699,2.1922738657403733,,,,,CHEMBL214_Ki
99182118,mondrian_std,cliffA,cliff,49,35,0.7142857142857143,0.575911164922199,0.8215040554118739,2.3977422923764284,,,,,CHEMBL214_Ki
99182118,mondrian_std,cliffA,noncliff,615,555,0.9024390243902439,0.8764298938645763,0.923451873823234,2.175903210610021,,,,,CHEMBL214_Ki
99182118,mondrian_std,__bins__,__summary__,-1,-1,,,,2.1922738657403733,0.8461538461538461,0.07692307692307698,0.7469879518072289,0.19277108433734946,CHEMBL214_Ki
99182118,mondrian_iqr,cliffB_oracle,all,664,589,0.8870481927710844,0.8607122081739755,0.9089315346802724,2.1546604858064096,,,,,CHEMBL214_Ki
99182118,mondrian_iqr,cliffB_oracle,cliff,30,19,0.6333333333333333,0.4551356365479487,0.7812607919389929,2.2315051589794987,,,,,CHEMBL214_Ki
99182118,mondrian_iqr,cliffB_oracle,noncliff,634,570,0.8990536277602523,0.8731478737056493,0.920152707500759,2.1510243025332354,,,,,CHEMBL214_Ki
99182118,mondrian_iqr,cliffA,all,664,589,0.8870481927710844,0.8607122081739755,0.9089315346802724,2.1546604858064096,,,,,CHEMBL214_Ki
99182118,mondrian_iqr,cliffA,cliff,49,33,0.673469387755102,0.5337920531457014,0.7879250299818812,2.165155170188943,,,,,CHEMBL214_Ki
99182118,mondrian_iqr,cliffA,noncliff,615,556,0.9040650406504065,0.8782184961464627,0.9248951170673587,2.1538243239612975,,,,,CHEMBL214_Ki
99182118,mondrian_iqr,__bins__,__summary__,-1,-1,,,,2.1546604858064096,0.8461538461538461,0.07692307692307698,0.7228915662650602,0.20481927710843373,CHEMBL214_Ki
99182118,mondrian_nb,cliffB_oracle,all,664,593,0.8930722891566265,0.8672656280805093,0.9143570057131043,2.3081537868218773,,,,,CHEMBL214_Ki
99182118,mondrian_nb,cliffB_oracle,cliff,30,18,0.6,0.42320360253322475,0.7540937188319815,2.0788965542218945,,,,,CHEMBL214_Ki
99182118,mondrian_nb,cliffB_oracle,noncliff,634,575,0.9069400630914827,0.8818107801074371,0.9271676781979121,2.3190019208565773,,,,,CHEMBL214_Ki
99182118,mondrian_nb,cliffA,all,664,593,0.8930722891566265,0.8672656280805093,0.9143570057131043,2.3081537868218773,,,,,CHEMBL214_Ki
99182118,mondrian_nb,cliffA,cliff,49,32,0.6530612244897959,0.5131119428697273,0.7707560716546102,2.092272304016113,,,,,CHEMBL214_Ki
99182118,mondrian_nb,cliffA,noncliff,615,561,0.9121951219512195,0.8871923153496803,0.932080525494198,2.325354100086077,,,,,CHEMBL214_Ki
99182118,mondrian_nb,__bins__,__summary__,-1,-1,,,,2.3081537868218773,0.8050847457627118,0.14363320295523685,0.7108433734939759,0.22891566265060248,CHEMBL214_Ki
99182118,mondrian_nnsim,cliffB_oracle,all,664,598,0.9006024096385542,0.8754897863154341,0.9211064611523867,2.237118930034272,,,,,CHEMBL214_Ki
99182118,mondrian_nnsim,cliffB_oracle,cliff,30,23,0.7666666666666667,0.5907167384187784,0.8820761185551049,2.619636048932589,,,,,CHEMBL214_Ki
99182118,mondrian_nnsim,cliffB_oracle,noncliff,634,575,0.9069400630914827,0.8818107801074371,0.9271676781979121,2.2190187509065913,,,,,CHEMBL214_Ki
99182118,mondrian_nnsim,cliffA,all,664,598,0.9006024096385542,0.8754897863154341,0.9211064611523867,2.237118930034272,,,,,CHEMBL214_Ki
99182118,mondrian_nnsim,cliffA,cliff,49,37,0.7551020408163265,0.6191368101239605,0.8539765474166023,2.5394261054509855,,,,,CHEMBL214_Ki
99182118,mondrian_nnsim,cliffA,noncliff,615,561,0.9121951219512195,0.8871923153496803,0.932080525494198,2.2130326672774934,,,,,CHEMBL214_Ki
99182118,mondrian_nnsim,__bins__,__summary__,-1,-1,,,,2.237118930034272,0.7796610169491526,0.181877444589309,0.7108433734939759,0.2530120481927711,CHEMBL214_Ki
99182118,mondrian_pairgap,cliffB_oracle,all,664,593,0.8930722891566265,0.8672656280805093,0.9143570057131043,2.271160686408225,,,,,CHEMBL214_Ki
99182118,mondrian_pairgap,cliffB_oracle,cliff,30,19,0.6333333333333333,0.4551356365479487,0.7812607919389929,2.1622463219939214,,,,,CHEMBL214_Ki
99182118,mondrian_pairgap,cliffB_oracle,noncliff,634,574,0.9053627760252366,0.8800745175189827,0.9257683653665784,2.2763143629577978,,,,,CHEMBL214_Ki
99182118,mondrian_pairgap,cliffA,all,664,593,0.8930722891566265,0.8672656280805093,0.9143570057131043,2.271160686408225,,,,,CHEMBL214_Ki
99182118,mondrian_pairgap,cliffA,cliff,49,34,0.6938775510204082,0.5547210644108935,0.8048450873199342,2.171444164483947,,,,,CHEMBL214_Ki
99182118,mondrian_pairgap,cliffA,noncliff,615,559,0.9089430894308943,0.8835964345195854,0.9292127152722703,2.279105580024956,,,,,CHEMBL214_Ki
99182118,mondrian_pairgap,__bins__,__summary__,-1,-1,,,,2.271160686408225,0.7627118644067796,0.2116471099521947,0.6746987951807228,0.28915662650602414,CHEMBL214_Ki
99182118,mondrian_rfstd,cliffB_oracle,all,664,593,0.8930722891566265,0.8672656280805093,0.9143570057131043,2.1224847484425418,,,,,CHEMBL214_Ki
99182118,mondrian_rfstd,cliffB_oracle,cliff,30,20,0.6666666666666666,0.4878005164454384,0.8076950191632386,2.185226989418445,,,,,CHEMBL214_Ki
99182118,mondrian_rfstd,cliffB_oracle,noncliff,634,573,0.9037854889589906,0.8783401353466446,0.9243671721191283,2.119515872686584,,,,,CHEMBL214_Ki
99182118,mondrian_rfstd,cliffA,all,664,593,0.8930722891566265,0.8672656280805093,0.9143570057131043,2.1224847484425418,,,,,CHEMBL214_Ki
99182118,mondrian_rfstd,cliffA,cliff,49,35,0.7142857142857143,0.575911164922199,0.8215040554118739,2.1360387927271356,,,,,CHEMBL214_Ki
99182118,mondrian_rfstd,cliffA,noncliff,615,558,0.9073170731707317,0.8818017201071455,0.9277755841586988,2.121404832719054,,,,,CHEMBL214_Ki
99182118,mondrian_rfstd,__bins__,__summary__,-1,-1,,,,2.1224847484425418,0.8050847457627118,0.13081269013472407,0.8072289156626506,0.18072289156626498,CHEMBL214_Ki
89709943,global,cliffB_oracle,all,664,590,0.8885542168674698,0.8623485074029194,0.9102899581861699,2.2371790806656975,,,,,CHEMBL214_Ki
89709943,global,cliffB_oracle,cliff,27,18,0.6666666666666666,0.47824760507320074,0.8135673850128435,2.2371790806656975,,,,,CHEMBL214_Ki
89709943,global,cliffB_oracle,noncliff,637,572,0.8979591836734694,0.8720163157751014,0.9191310000259155,2.2371790806656975,,,,,CHEMBL214_Ki
89709943,global,cliffA,all,664,590,0.8885542168674698,0.8623485074029194,0.9102899581861699,2.2371790806656975,,,,,CHEMBL214_Ki
89709943,global,cliffA,cliff,49,36,0.7346938775510204,0.5973771102868921,0.8378871786504258,2.2371790806656975,,,,,CHEMBL214_Ki
89709943,global,cliffA,noncliff,615,554,0.9008130081300812,0.8746432393562374,0.9220066828055612,2.2371790806656975,,,,,CHEMBL214_Ki
89709943,global,__bins__,__summary__,-1,-1,,,,2.2371790806656975,0.7142857142857143,0.2597402597402597,0.7349397590361446,0.22891566265060237,CHEMBL214_Ki
89709943,mondrian_pair,cliffB_oracle,all,664,590,0.8885542168674698,0.8623485074029194,0.9102899581861699,2.251927592955959,,,,,CHEMBL214_Ki
89709943,mondrian_pair,cliffB_oracle,cliff,27,18,0.6666666666666666,0.47824760507320074,0.8135673850128435,2.242001962435698,,,,,CHEMBL214_Ki
89709943,mondrian_pair,cliffB_oracle,noncliff,637,572,0.8979591836734694,0.8720163157751014,0.9191310000259155,2.252348302569847,,,,,CHEMBL214_Ki
89709943,mondrian_pair,cliffA,all,664,590,0.8885542168674698,0.8623485074029194,0.9102899581861699,2.251927592955959,,,,,CHEMBL214_Ki
89709943,mondrian_pair,cliffA,cliff,49,36,0.7346938775510204,0.5973771102868921,0.8378871786504258,2.2418319214474,,,,,CHEMBL214_Ki
89709943,mondrian_pair,cliffA,noncliff,615,554,0.9008130081300812,0.8746432393562374,0.9220066828055612,2.2527319635314376,,,,,CHEMBL214_Ki
89709943,mondrian_pair,__bins__,__summary__,-1,-1,,,,2.251927592955959,0.7142857142857143,0.2597402597402597,0.7228915662650602,0.24096385542168675,CHEMBL214_Ki
89709943,mondrian_wstd,cliffB_oracle,all,664,608,0.9156626506024096,0.8920605102308862,0.9344829645853489,2.1926080294454344,,,,,CHEMBL214_Ki
89709943,mondrian_wstd,cliffB_oracle,cliff,27,21,0.7777777777777778,0.5924307113336742,0.8939276054763996,2.337352016146573,,,,,CHEMBL214_Ki
89709943,mondrian_wstd,cliffB_oracle,noncliff,637,587,0.9215070643642073,0.8980049287555721,0.9399558376845581,2.186472884012262,,,,,CHEMBL214_Ki
89709943,mondrian_wstd,cliffA,all,664,608,0.9156626506024096,0.8920605102308862,0.9344829645853489,2.1926080294454344,,,,,CHEMBL214_Ki
89709943,mondrian_wstd,cliffA,cliff,49,40,0.8163265306122449,0.6864239739710013,0.9002365893792968,2.3768052509073034,,,,,CHEMBL214_Ki
89709943,mondrian_wstd,cliffA,noncliff,615,568,0.9235772357723577,0.8998515921609604,0.9420441673649973,2.1779321532639195,,,,,CHEMBL214_Ki
89709943,mondrian_wstd,__bins__,__summary__,-1,-1,,,,2.1926080294454344,0.8441558441558441,0.11688311688311692,0.8192771084337349,0.14457831325301207,CHEMBL214_Ki
89709943,mondrian_std,cliffB_oracle,all,664,612,0.9216867469879518,0.8987412381850585,0.9397811275705422,2.216810431115558,,,,,CHEMBL214_Ki
89709943,mondrian_std,cliffB_oracle,cliff,27,22,0.8148148148148148,0.6330131638145156,0.9181929285702346,2.3815176584957283,,,,,CHEMBL214_Ki
89709943,mondrian_std,cliffB_oracle,noncliff,637,590,0.9262166405023547,0.9032612136339099,0.944062242934043,2.2098291200649074,,,,,CHEMBL214_Ki
89709943,mondrian_std,cliffA,all,664,612,0.9216867469879518,0.8987412381850585,0.9397811275705422,2.216810431115558,,,,,CHEMBL214_Ki
89709943,mondrian_std,cliffA,cliff,49,41,0.8367346938775511,0.7096366156608317,0.9148730162927116,2.4069492180162966,,,,,CHEMBL214_Ki
89709943,mondrian_std,cliffA,noncliff,615,571,0.9284552845528455,0.9053160596670908,0.9462752364369011,2.201661161915337,,,,,CHEMBL214_Ki
89709943,mondrian_std,__bins__,__summary__,-1,-1,,,,2.216810431115558,0.8441558441558441,0.11688311688311692,0.8313253012048193,0.14457831325301207,CHEMBL214_Ki
89709943,mondrian_iqr,cliffB_oracle,all,664,591,0.8900602409638554,0.8639861609525203,0.9116470273714103,2.2477045829544404,,,,,CHEMBL214_Ki
89709943,mondrian_iqr,cliffB_oracle,cliff,27,16,0.5925925925925926,0.4072670096806468,0.7548524292560443,2.0686459004070525,,,,,CHEMBL214_Ki
89709943,mondrian_iqr,cliffB_oracle,noncliff,637,575,0.902668759811617,0.8771794472829355,0.9233305586459042,2.2552941974423204,,,,,CHEMBL214_Ki
89709943,mondrian_iqr,cliffA,all,664,591,0.8900602409638554,0.8639861609525203,0.9116470273714103,2.2477045829544404,,,,,CHEMBL214_Ki
89709943,mondrian_iqr,cliffA,cliff,49,35,0.7142857142857143,0.575911164922199,0.8215040554118739,2.122462819478836,,,,,CHEMBL214_Ki
89709943,mondrian_iqr,cliffA,noncliff,615,556,0.9040650406504065,0.8782184961464627,0.9248951170673587,2.257683195003716,,,,,CHEMBL214_Ki
89709943,mondrian_iqr,__bins__,__summary__,-1,-1,,,,2.2477045829544404,0.8015873015873016,0.1724386724386724,0.7710843373493976,0.19277108433734935,CHEMBL214_Ki
89709943,mondrian_nb,cliffB_oracle,all,664,591,0.8900602409638554,0.8639861609525203,0.9116470273714103,2.2908795071975057,,,,,CHEMBL214_Ki
89709943,mondrian_nb,cliffB_oracle,cliff,27,18,0.6666666666666666,0.47824760507320074,0.8135673850128435,2.13613103868506,,,,,CHEMBL214_Ki
89709943,mondrian_nb,cliffB_oracle,noncliff,637,573,0.8995290423861853,0.8737356297213843,0.9205325827889068,2.2974387044499953,,,,,CHEMBL214_Ki
89709943,mondrian_nb,cliffA,all,664,591,0.8900602409638554,0.8639861609525203,0.9116470273714103,2.2908795071975057,,,,,CHEMBL214_Ki
89709943,mondrian_nb,cliffA,cliff,49,36,0.7346938775510204,0.5973771102868921,0.8378871786504258,2.092068256699196,,,,,CHEMBL214_Ki
89709943,mondrian_nb,cliffA,noncliff,615,555,0.9024390243902439,0.8764298938645763,0.923451873823234,2.3067197531721675,,,,,CHEMBL214_Ki
89709943,mondrian_nb,__bins__,__summary__,-1,-1,,,,2.2908795071975057,0.7857142857142857,0.18831168831168832,0.8192771084337349,0.14457831325301207,CHEMBL214_Ki
89709943,mondrian_nnsim,cliffB_oracle,all,664,602,0.9066265060240963,0.8820972576582541,0.9264778807489323,2.3046641437562774,,,,,CHEMBL214_Ki
89709943,mondrian_nnsim,cliffB_oracle,cliff,27,22,0.8148148148148148,0.6330131638145156,0.9181929285702346,2.5948089157983807,,,,,CHEMBL214_Ki
89709943,mondrian_nnsim,cliffB_oracle,noncliff,637,580,0.9105180533751962,0.8858210415644522,0.9302934479107584,2.2923660137011175,,,,,CHEMBL214_Ki
89709943,mondrian_nnsim,cliffA,all,664,602,0.9066265060240963,0.8820972576582541,0.9264778807489323,2.3046641437562774,,,,,CHEMBL214_Ki
89709943,mondrian_nnsim,cliffA,cliff,49,41,0.8367346938775511,0.7096366156608317,0.9148730162927116,2.449779219043821,,,,,CHEMBL214_Ki
89709943,mondrian_nnsim,cliffA,noncliff,615,561,0.9121951219512195,0.8871923153496803,0.932080525494198,2.293102129627676,,,,,CHEMBL214_Ki
89709943,mondrian_nnsim,__bins__,__summary__,-1,-1,,,,2.3046641437562774,0.7698412698412699,0.21717171717171713,0.7831325301204819,0.20481927710843373,CHEMBL214_Ki
89709943,mondrian_pairgap,cliffB_oracle,all,664,597,0.8990963855421686,0.8738419300367393,0.91975959469624,2.2467683477772415,,,,,CHEMBL214_Ki
89709943,mondrian_pairgap,cliffB_oracle,cliff,27,18,0.6666666666666666,0.47824760507320074,0.8135673850128435,2.17517241874614,,,,,CHEMBL214_Ki
89709943,mondrian_pairgap,cliffB_oracle,noncliff,637,579,0.9089481946624803,0.8840888965090582,0.9289046962568782,2.2498030260878226,,,,,CHEMBL214_Ki
89709943,mondrian_pairgap,cliffA,all,664,597,0.8990963855421686,0.8738419300367393,0.91975959469624,2.2467683477772415,,,,,CHEMBL214_Ki
89709943,mondrian_pairgap,cliffA,cliff,49,37,0.7551020408163265,0.6191368101239605,0.8539765474166023,2.1996425199679335,,,,,CHEMBL214_Ki
89709943,mondrian_pairgap,cliffA,noncliff,615,560,0.9105691056910569,0.8853932824022435,0.9306477129156234,2.250523088529528,,,,,CHEMBL214_Ki
89709943,mondrian_pairgap,__bins__,__summary__,-1,-1,,,,2.2467683477772415,0.7380952380952381,0.23593073593073588,0.7710843373493976,0.19277108433734935,CHEMBL214_Ki
89709943,mondrian_rfstd,cliffB_oracle,all,664,600,0.9036144578313253,0.8787902471504533,0.9237954457870504,2.281487987475644,,,,,CHEMBL214_Ki
89709943,mondrian_rfstd,cliffB_oracle,cliff,27,15,0.5555555555555556,0.3731302451322448,0.72414141822977,2.1063957634548873,,,,,CHEMBL214_Ki
89709943,mondrian_rfstd,cliffB_oracle,noncliff,637,585,0.9183673469387755,0.894512777766416,0.9372061952551659,2.2889094789176547,,,,,CHEMBL214_Ki
89709943,mondrian_rfstd,cliffA,all,664,600,0.9036144578313253,0.8787902471504533,0.9237954457870504,2.281487987475644,,,,,CHEMBL214_Ki
89709943,mondrian_rfstd,cliffA,cliff,49,34,0.6938775510204082,0.5547210644108935,0.8048450873199342,2.1244716112527966,,,,,CHEMBL214_Ki
89709943,mondrian_rfstd,cliffA,noncliff,615,566,0.9203252032520325,0.8962222338691818,0.9392098346047532,2.2939982353373023,,,,,CHEMBL214_Ki
89709943,mondrian_rfstd,__bins__,__summary__,-1,-1,,,,2.281487987475644,0.8015873015873016,0.1724386724386724,0.8674698795180723,0.09638554216867468,CHEMBL214_Ki
86921808,global,cliffB_oracle,all,664,573,0.8629518072289156,0.8346986415655061,0.8870295375312788,2.094108030104371,,,,,CHEMBL214_Ki
86921808,global,cliffB_oracle,cliff,29,18,0.6206896551724138,0.4400254420598852,0.7731197789919015,2.0941080301043713,,,,,CHEMBL214_Ki
86921808,global,cliffB_oracle,noncliff,635,555,0.8740157480314961,0.8459368830325638,0.8975965765473035,2.094108030104371,,,,,CHEMBL214_Ki
86921808,global,cliffA,all,664,573,0.8629518072289156,0.8346986415655061,0.8870295375312788,2.094108030104371,,,,,CHEMBL214_Ki
86921808,global,cliffA,cliff,47,33,0.7021276595744681,0.5602232608095393,0.8134874949539516,2.0941080301043704,,,,,CHEMBL214_Ki
86921808,global,cliffA,noncliff,617,540,0.8752025931928687,0.8467810740662823,0.898980977455666,2.094108030104371,,,,,CHEMBL214_Ki
86921808,global,__bins__,__summary__,-1,-1,,,,2.094108030104371,0.7164179104477612,0.27024875621890554,0.6626506024096386,0.3373493975903614,CHEMBL214_Ki
86921808,mondrian_pair,cliffB_oracle,all,664,571,0.8599397590361446,0.8314670363405423,0.8842716972865599,2.0892282604812853,,,,,CHEMBL214_Ki
86921808,mondrian_pair,cliffB_oracle,cliff,29,17,0.5862068965517241,0.4073783598787858,0.744868226586776,2.054754268260687,,,,,CHEMBL214_Ki
86921808,mondrian_pair,cliffB_oracle,noncliff,635,554,0.8724409448818897,0.8442358981570667,0.8961668942245694,2.0908026632756123,,,,,CHEMBL214_Ki
86921808,mondrian_pair,cliffA,all,664,571,0.8599397590361446,0.8314670363405423,0.8842716972865599,2.0892282604812853,,,,,CHEMBL214_Ki
86921808,mondrian_pair,cliffA,cliff,47,31,0.6595744680851063,0.5167092456194193,0.7783255615622839,2.0434722024504155,,,,,CHEMBL214_Ki
86921808,mondrian_pair,cliffA,noncliff,617,540,0.8752025931928687,0.8467810740662823,0.898980977455666,2.0927137300557606,,,,,CHEMBL214_Ki
86921808,mondrian_pair,__bins__,__summary__,-1,-1,,,,2.0892282604812853,0.7014925373134329,0.28517412935323383,0.6506024096385542,0.3493975903614458,CHEMBL214_Ki
86921808,mondrian_wstd,cliffB_oracle,all,664,581,0.875,0.8476679248920553,0.8980180360834611,2.182405013057184,,,,,CHEMBL214_Ki
86921808,mondrian_wstd,cliffB_oracle,cliff,29,22,0.7586206896551724,0.5789239838218867,0.8778157755747991,2.1988382507122557,,,,,CHEMBL214_Ki
86921808,mondrian_wstd,cliffB_oracle,noncliff,635,559,0.8803149606299212,0.8527539646995285,0.9033021636732627,2.1816545187390783,,,,,CHEMBL214_Ki
86921808,mondrian_wstd,cliffA,all,664,581,0.875,0.8476679248920553,0.8980180360834611,2.182405013057184,,,,,CHEMBL214_Ki
86921808,mondrian_wstd,cliffA,cliff,47,37,0.7872340425531915,0.6509597329080159,0.88010292001905,2.239696785077639,,,,,CHEMBL214_Ki
86921808,mondrian_wstd,cliffA,noncliff,617,544,0.8816855753646677,0.8538085280210482,0.9048392608922079,2.178040810002141,,,,,CHEMBL214_Ki
86921808,mondrian_wstd,__bins__,__summary__,-1,-1,,,,2.182405013057184,0.7631578947368421,0.1578947368421052,0.7951807228915663,0.15662650602409633,CHEMBL214_Ki
86921808,mondrian_std,cliffB_oracle,all,664,580,0.8734939759036144,0.8460428499362374,0.8966483883044376,2.204252324623444,,,,,CHEMBL214_Ki
86921808,mondrian_std,cliffB_oracle,cliff,29,22,0.7586206896551724,0.5789239838218867,0.8778157755747991,2.192602810643983,,,,,CHEMBL214_Ki
86921808,mondrian_std,cliffB_oracle,noncliff,635,558,0.878740157480315,0.8510476800552037,0.9018777811193567,2.2047843496713244,,,,,CHEMBL214_Ki
86921808,mondrian_std,cliffA,all,664,580,0.8734939759036144,0.8460428499362374,0.8966483883044376,2.204252324623444,,,,,CHEMBL214_Ki
86921808,mondrian_std,cliffA,cliff,47,37,0.7872340425531915,0.6509597329080159,0.88010292001905,2.242449653836964,,,,,CHEMBL214_Ki
86921808,mondrian_std,cliffA,noncliff,617,543,0.880064829821718,0.8520494719486938,0.9033768826167353,2.2013426415229,,,,,CHEMBL214_Ki
86921808,mondrian_std,__bins__,__summary__,-1,-1,,,,2.204252324623444,0.8026315789473685,0.11842105263157887,0.7951807228915663,0.15662650602409633,CHEMBL214_Ki
86921808,mondrian_iqr,cliffB_oracle,all,664,589,0.8870481927710844,0.8607122081739755,0.9089315346802724,2.1895604702395195,,,,,CHEMBL214_Ki
86921808,mondrian_iqr,cliffB_oracle,cliff,29,20,0.6896551724137931,0.5076986576690685,0.8272438325551679,2.1526480947408078,,,,,CHEMBL214_Ki
86921808,mondrian_iqr,cliffB_oracle,noncliff,635,569,0.8960629921259843,0.8698968949797984,0.9174659053753033,2.1912462322701693,,,,,CHEMBL214_Ki
86921808,mondrian_iqr,cliffA,all,664,589,0.8870481927710844,0.8607122081739755,0.9089315346802724,2.1895604702395195,,,,,CHEMBL214_Ki
86921808,mondrian_iqr,cliffA,cliff,47,33,0.7021276595744681,0.5602232608095393,0.8134874949539516,2.034032788288132,,,,,CHEMBL214_Ki
86921808,mondrian_iqr,cliffA,noncliff,617,556,0.9011345218800648,0.8750429280854712,0.9222620730017088,2.201407797713937,,,,,CHEMBL214_Ki
86921808,mondrian_iqr,__bins__,__summary__,-1,-1,,,,2.1895604702395195,0.8289473684210527,0.1310526315789473,0.8072289156626506,0.1686746987951807,CHEMBL214_Ki
86921808,mondrian_nb,cliffB_oracle,all,664,596,0.8975903614457831,0.8721956151764346,0.9184111868217032,2.2563429855981227,,,,,CHEMBL214_Ki
86921808,mondrian_nb,cliffB_oracle,cliff,29,17,0.5862068965517241,0.4073783598787858,0.744868226586776,1.9761467363863328,,,,,CHEMBL214_Ki
86921808,mondrian_nb,cliffB_oracle,noncliff,635,579,0.9118110236220472,0.8872064585804836,0.9314630137569281,2.269139349735354,,,,,CHEMBL214_Ki
86921808,mondrian_nb,cliffA,all,664,596,0.8975903614457831,0.8721956151764346,0.9184111868217032,2.2563429855981227,,,,,CHEMBL214_Ki
86921808,mondrian_nb,cliffA,cliff,47,31,0.6595744680851063,0.5167092456194193,0.7783255615622839,1.981296366213595,,,,,CHEMBL214_Ki
86921808,mondrian_nb,cliffA,noncliff,617,565,0.9157212317666127,0.891145716473964,0.9351521937436591,2.277294672974254,,,,,CHEMBL214_Ki
86921808,mondrian_nb,__bins__,__summary__,-1,-1,,,,2.2563429855981227,0.8208955223880597,0.17910447761194026,0.8313253012048193,0.15662650602409633,CHEMBL214_Ki
86921808,mondrian_nnsim,cliffB_oracle,all,664,587,0.8840361445783133,0.8574435803003283,0.9062107170842367,2.138018735912287,,,,,CHEMBL214_Ki
86921808,mondrian_nnsim,cliffB_oracle,cliff,29,22,0.7586206896551724,0.5789239838218867,0.8778157755747991,2.3410716618588667,,,,,CHEMBL214_Ki
86921808,mondrian_nnsim,cliffB_oracle,noncliff,635,565,0.889763779527559,0.8630215124103823,0.9118186191517951,2.128745452680081,,,,,CHEMBL214_Ki
86921808,mondrian_nnsim,cliffA,all,664,587,0.8840361445783133,0.8574435803003283,0.9062107170842367,2.138018735912287,,,,,CHEMBL214_Ki
86921808,mondrian_nnsim,cliffA,cliff,47,37,0.7872340425531915,0.6509597329080159,0.88010292001905,2.3009468319939,,,,,CHEMBL214_Ki
86921808,mondrian_nnsim,cliffA,noncliff,617,550,0.8914100486223663,0.8643954257737881,0.91358096922643,2.1256076815916454,,,,,CHEMBL214_Ki
86921808,mondrian_nnsim,__bins__,__summary__,-1,-1,,,,2.138018735912287,0.8289473684210527,0.14438596491228073,0.7710843373493976,0.20481927710843373,CHEMBL214_Ki
86921808,mondrian_pairgap,cliffB_oracle,all,664,592,0.891566265060241,0.8656251928848839,0.9130027181738882,2.149527478807698,,,,,CHEMBL214_Ki
86921808,mondrian_pairgap,cliffB_oracle,cliff,29,19,0.6551724137931034,0.47345104090476137,0.80059281473325,2.043084195167678,,,,,CHEMBL214_Ki
86921808,mondrian_pairgap,cliffB_oracle,noncliff,635,573,0.9023622047244094,0.876798801627278,0.9230866675207475,2.1543886681392896,,,,,CHEMBL214_Ki
86921808,mondrian_pairgap,cliffA,all,664,592,0.891566265060241,0.8656251928848839,0.9130027181738882,2.149527478807698,,,,,CHEMBL214_Ki
86921808,mondrian_pairgap,cliffA,cliff,47,36,0.7659574468085106,0.6277574244984441,0.8639672541377281,2.0797494209870795,,,,,CHEMBL214_Ki
86921808,mondrian_pairgap,cliffA,noncliff,617,556,0.9011345218800648,0.8750429280854712,0.9222620730017088,2.1548428251894958,,,,,CHEMBL214_Ki
86921808,mondrian_pairgap,__bins__,__summary__,-1,-1,,,,2.149527478807698,0.7761194029850746,0.21054726368159205,0.7469879518072289,0.2530120481927711,CHEMBL214_Ki
86921808,mondrian_rfstd,cliffB_oracle,all,664,584,0.8795180722891566,0.8525502374369592,0.9021198917430814,2.1514982510915437,,,,,CHEMBL214_Ki
86921808,mondrian_rfstd,cliffB_oracle,cliff,29,19,0.6551724137931034,0.47345104090476137,0.80059281473325,2.106760122647985,,,,,CHEMBL214_Ki
86921808,mondrian_rfstd,cliffB_oracle,noncliff,635,565,0.889763779527559,0.8630215124103823,0.9118186191517951,2.1535414097133754,,,,,CHEMBL214_Ki
86921808,mondrian_rfstd,cliffA,all,664,584,0.8795180722891566,0.8525502374369592,0.9021198917430814,2.1514982510915437,,,,,CHEMBL214_Ki
86921808,mondrian_rfstd,cliffA,cliff,47,33,0.7021276595744681,0.5602232608095393,0.8134874949539516,2.0249584577860253,,,,,CHEMBL214_Ki
86921808,mondrian_rfstd,cliffA,noncliff,617,551,0.893030794165316,0.8661656088410794,0.9150322205069656,2.161137424973812,,,,,CHEMBL214_Ki
86921808,mondrian_rfstd,__bins__,__summary__,-1,-1,,,,2.1514982510915437,0.8026315789473685,0.1573684210526315,0.7710843373493976,0.19277108433734935,CHEMBL214_Ki
89165191,global,cliffB_oracle,all,664,575,0.8659638554216867,0.837934412348061,0.8897832122184068,2.112429417595729,,,,,CHEMBL214_Ki
89165191,global,cliffB_oracle,cliff,32,21,0.65625,0.4831108797896222,0.7958956207556682,2.112429417595729,,,,,CHEMBL214_Ki
89165191,global,cliffB_oracle,noncliff,632,554,0.8765822784810127,0.8486403450466239,0.8999739414185041,2.112429417595729,,,,,CHEMBL214_Ki
89165191,global,cliffA,all,664,575,0.8659638554216867,0.837934412348061,0.8897832122184068,2.112429417595729,,,,,CHEMBL214_Ki
89165191,global,cliffA,cliff,53,41,0.7735849056603774,0.6447372974853895,0.8654536898972573,2.1124294175957297,,,,,CHEMBL214_Ki
89165191,global,cliffA,noncliff,611,534,0.8739770867430442,0.8453040684668687,0.8979769732451781,2.112429417595729,,,,,CHEMBL214_Ki
89165191,global,__bins__,__summary__,-1,-1,,,,2.112429417595729,0.7175572519083969,0.24296906388107675,0.6867469879518072,0.2530120481927711,CHEMBL214_Ki
89165191,mondrian_pair,cliffB_oracle,all,664,577,0.8689759036144579,0.8411744659935382,0.8925326040426126,2.129658811315518,,,,,CHEMBL214_Ki
89165191,mondrian_pair,cliffB_oracle,cliff,32,21,0.65625,0.4831108797896222,0.7958956207556682,2.166339643580068,,,,,CHEMBL214_Ki
89165191,mondrian_pair,cliffB_oracle,noncliff,632,556,0.879746835443038,0.8520673140769068,0.902837848745071,2.1278015539856674,,,,,CHEMBL214_Ki
89165191,mondrian_pair,cliffA,all,664,577,0.8689759036144579,0.8411744659935382,0.8925326040426126,2.129658811315518,,,,,CHEMBL214_Ki
89165191,mondrian_pair,cliffA,cliff,53,41,0.7735849056603774,0.6447372974853895,0.8654536898972573,2.1638234761309483,,,,,CHEMBL214_Ki
89165191,mondrian_pair,cliffA,noncliff,611,536,0.8772504091653028,0.8488484096230798,0.9009383742483722,2.1266952642857015,,,,,CHEMBL214_Ki
89165191,mondrian_pair,__bins__,__summary__,-1,-1,,,,2.129658811315518,0.7251908396946565,0.2353354760948172,0.6867469879518072,0.2650602409638554,CHEMBL214_Ki
89165191,mondrian_wstd,cliffB_oracle,all,664,594,0.8945783132530121,0.8689074922778528,0.9157098642506023,2.2234613431587777,,,,,CHEMBL214_Ki
89165191,mondrian_wstd,cliffB_oracle,cliff,32,23,0.71875,0.5462549057408342,0.8443541950225723,2.29218356285801,,,,,CHEMBL214_Ki
89165191,mondrian_wstd,cliffB_oracle,noncliff,632,571,0.9034810126582279,0.8779612842052363,0.9241254512931153,2.219981737098057,,,,,CHEMBL214_Ki
89165191,mondrian_wstd,cliffA,all,664,594,0.8945783132530121,0.8689074922778528,0.9157098642506023,2.2234613431587777,,,,,CHEMBL214_Ki
89165191,mondrian_wstd,cliffA,cliff,53,43,0.8113207547169812,0.6864154091329746,0.8941467489231409,2.2772258085971506,,,,,CHEMBL214_Ki
89165191,mondrian_wstd,cliffA,noncliff,611,551,0.9018003273322422,0.8756342081337147,0.9229456419332764,2.218797649757413,,,,,CHEMBL214_Ki
89165191,mondrian_wstd,__bins__,__summary__,-1,-1,,,,2.2234613431587777,0.816793893129771,0.1305745279228605,0.7590361445783133,0.19277108433734935,CHEMBL214_Ki
89165191,mondrian_std,cliffB_oracle,all,664,589,0.8870481927710844,0.8607122081739755,0.9089315346802724,2.2192474639552437,,,,,CHEMBL214_Ki
89165191,mondrian_std,cliffB_oracle,cliff,32,23,0.71875,0.5462549057408342,0.8443541950225723,2.315230509847148,,,,,CHEMBL214_Ki
89165191,mondrian_std,cliffB_oracle,noncliff,632,566,0.8955696202531646,0.869289522585035,0.9170700220211918,2.214387562897426,,,,,CHEMBL214_Ki
89165191,mondrian_std,cliffA,all,664,589,0.8870481927710844,0.8607122081739755,0.9089315346802724,2.2192474639552437,,,,,CHEMBL214_Ki
89165191,mondrian_std,cliffA,cliff,53,43,0.8113207547169812,0.6864154091329746,0.8941467489231409,2.287715210225839,,,,,CHEMBL214_Ki
89165191,mondrian_std,cliffA,noncliff,611,546,0.8936170212765957,0.8666627022772687,0.9156527923912093,2.2133083632149133,,,,,CHEMBL214_Ki
89165191,mondrian_std,__bins__,__summary__,-1,-1,,,,2.2192474639552437,0.816793893129771,0.1305745279228605,0.7228915662650602,0.22891566265060237,CHEMBL214_Ki
89165191,mondrian_iqr,cliffB_oracle,all,664,582,0.8765060240963856,0.849294168941174,0.8993865147691839,2.2059097116871222,,,,,CHEMBL214_Ki
89165191,mondrian_iqr,cliffB_oracle,cliff,32,21,0.65625,0.4831108797896222,0.7958956207556682,2.2430283313625603,,,,,CHEMBL214_Ki
89165191,mondrian_iqr,cliffB_oracle,noncliff,632,561,0.8876582278481012,0.8606594582887457,0.9099728954253565,2.2040302879060873,,,,,CHEMBL214_Ki
89165191,mondrian_iqr,cliffA,all,664,582,0.8765060240963856,0.849294168941174,0.8993865147691839,2.2059097116871222,,,,,CHEMBL214_Ki
89165191,mondrian_iqr,cliffA,cliff,53,40,0.7547169811320755,0.6243344231264808,0.8506709789194319,2.2017086860907384,,,,,CHEMBL214_Ki
89165191,mondrian_iqr,cliffA,noncliff,611,542,0.8870703764320785,0.8595175679550218,0.9097864423946458,2.2062741214360724,,,,,CHEMBL214_Ki
89165191,mondrian_iqr,__bins__,__summary__,-1,-1,,,,2.2059097116871222,0.7922077922077922,0.15516062884483928,0.7349397590361446,0.20481927710843373,CHEMBL214_Ki
89165191,mondrian_nb,cliffB_oracle,all,664,581,0.875,0.8476679248920553,0.8980180360834611,2.1700319683818416,,,,,CHEMBL214_Ki
89165191,mondrian_nb,cliffB_oracle,cliff,32,20,0.625,0.4525440735307745,0.7706611269054578,1.996608288400493,,,,,CHEMBL214_Ki
89165191,mondrian_nb,cliffB_oracle,noncliff,632,561,0.8876582278481012,0.8606594582887457,0.9099728954253565,2.1788129142036823,,,,,CHEMBL214_Ki
89165191,mondrian_nb,cliffA,all,664,581,0.875,0.8476679248920553,0.8980180360834611,2.1700319683818416,,,,,CHEMBL214_Ki
89165191,mondrian_nb,cliffA,cliff,53,38,0.7169811320754716,0.5842971358358297,0.8203370955366142,1.9630276828991604,,,,,CHEMBL214_Ki
89165191,mondrian_nb,cliffA,noncliff,611,543,0.8887070376432079,0.8613013181214237,0.9112555633079467,2.187988150264955,,,,,CHEMBL214_Ki
89165191,mondrian_nb,__bins__,__summary__,-1,-1,,,,2.1700319683818416,0.7633587786259542,0.19716753716351942,0.8072289156626506,0.1325301204819277,CHEMBL214_Ki
89165191,mondrian_nnsim,cliffB_oracle,all,664,574,0.8644578313253012,0.836315999080461,0.8884069027511654,2.148720973943484,,,,,CHEMBL214_Ki
89165191,mondrian_nnsim,cliffB_oracle,cliff,32,20,0.625,0.4525440735307745,0.7706611269054578,2.2706473612077964,,,,,CHEMBL214_Ki
89165191,mondrian_nnsim,cliffB_oracle,noncliff,632,554,0.8765822784810127,0.8486403450466239,0.8999739414185041,2.1425474859807343,,,,,CHEMBL214_Ki
89165191,mondrian_nnsim,cliffA,all,664,574,0.8644578313253012,0.836315999080461,0.8884069027511654,2.148720973943484,,,,,CHEMBL214_Ki
89165191,mondrian_nnsim,cliffA,cliff,53,39,0.7358490566037735,0.6041933558938148,0.8356264608153632,2.221682157898211,,,,,CHEMBL214_Ki
89165191,mondrian_nnsim,cliffA,noncliff,611,535,0.8756137479541735,0.8470755160870387,0.8994583967047107,2.1423920987395553,,,,,CHEMBL214_Ki
89165191,mondrian_nnsim,__bins__,__summary__,-1,-1,,,,2.148720973943484,0.7557251908396947,0.19164323021293683,0.6867469879518072,0.24096385542168675,CHEMBL214_Ki
89165191,mondrian_pairgap,cliffB_oracle,all,664,578,0.8704819277108434,0.842796137352315,0.8939056554186773,2.1434324805061737,,,,,CHEMBL214_Ki
89165191,mondrian_pairgap,cliffB_oracle,cliff,32,20,0.625,0.4525440735307745,0.7706611269054578,2.133747346024365,,,,,CHEMBL214_Ki
89165191,mondrian_pairgap,cliffB_oracle,noncliff,632,558,0.8829113924050633,0.8554998365431429,0.9056962026356848,2.143922867062215,,,,,CHEMBL214_Ki
89165191,mondrian_pairgap,cliffA,all,664,578,0.8704819277108434,0.842796137352315,0.8939056554186773,2.1434324805061737,,,,,CHEMBL214_Ki
89165191,mondrian_pairgap,cliffA,cliff,53,40,0.7547169811320755,0.6243344231264808,0.8506709789194319,2.147399382459614,,,,,CHEMBL214_Ki
89165191,mondrian_pairgap,cliffA,noncliff,611,538,0.8805237315875614,0.8523986333823069,0.9038938926485504,2.1430883793547295,,,,,CHEMBL214_Ki
89165191,mondrian_pairgap,__bins__,__summary__,-1,-1,,,,2.1434324805061737,0.7251908396946565,0.2353354760948172,0.6746987951807228,0.27710843373493976,CHEMBL214_Ki
89165191,mondrian_rfstd,cliffB_oracle,all,664,575,0.8659638554216867,0.837934412348061,0.8897832122184068,2.1189565187864026,,,,,CHEMBL214_Ki
89165191,mondrian_rfstd,cliffB_oracle,cliff,32,18,0.5625,0.3932559113685198,0.7183466888495963,2.0969157808272474,,,,,CHEMBL214_Ki
89165191,mondrian_rfstd,cliffB_oracle,noncliff,632,557,0.8813291139240507,0.8537828693739918,0.904267731626411,2.1200725055185115,,,,,CHEMBL214_Ki
89165191,mondrian_rfstd,cliffA,all,664,575,0.8659638554216867,0.837934412348061,0.8897832122184068,2.1189565187864026,,,,,CHEMBL214_Ki
89165191,mondrian_rfstd,cliffA,cliff,53,38,0.7169811320754716,0.5842971358358297,0.8203370955366142,2.0668634710992615,,,,,CHEMBL214_Ki
89165191,mondrian_rfstd,cliffA,noncliff,611,537,0.8788870703764321,0.8506227736066444,0.9024168813445103,2.1234752283239122,,,,,CHEMBL214_Ki
89165191,mondrian_rfstd,__bins__,__summary__,-1,-1,,,,2.1189565187864026,0.7862595419847328,0.1479509843310567,0.7710843373493976,0.1686746987951807,CHEMBL214_Ki
71339737,global,cliffB_oracle,all,519,449,0.8651252408477842,0.8330401397158143,0.8918449924901537,2.155266483783766,,,,,CHEMBL236_Ki
71339737,global,cliffB_oracle,cliff,30,19,0.6333333333333333,0.4551356365479487,0.7812607919389929,2.155266483783765,,,,,CHEMBL236_Ki
71339737,global,cliffB_oracle,noncliff,489,430,0.8793456032719836,0.847480028578983,0.905297550011412,2.155266483783766,,,,,CHEMBL236_Ki
71339737,global,cliffA,all,519,449,0.8651252408477842,0.8330401397158143,0.8918449924901537,2.155266483783766,,,,,CHEMBL236_Ki
71339737,global,cliffA,cliff,59,44,0.7457627118644068,0.6220385597107273,0.839440224267631,2.155266483783766,,,,,CHEMBL236_Ki
71339737,global,cliffA,noncliff,460,405,0.8804347826086957,0.8475897986491098,0.9069783697286516,2.155266483783766,,,,,CHEMBL236_Ki
71339737,global,__bins__,__summary__,-1,-1,,,,2.155266483783766,0.75,0.1865079365079365,0.6307692307692307,0.3538461538461539,CHEMBL236_Ki
71339737,mondrian_pair,cliffB_oracle,all,519,452,0.8709055876685935,0.839310505913084,0.8970503803647464,2.1797136805514605,,,,,CHEMBL236_Ki
71339737,mondrian_pair,cliffB_oracle,cliff,30,20,0.6666666666666666,0.4878005164454384,0.8076950191632386,2.2124450291952598,,,,,CHEMBL236_Ki
71339737,mondrian_pair,cliffB_oracle,noncliff,489,432,0.8834355828220859,0.8519584886192352,0.908935290279412,2.1777056223524545,,,,,CHEMBL236_Ki
71339737,mondrian_pair,cliffA,all,519,452,0.8709055876685935,0.839310505913084,0.8970503803647464,2.1797136805514605,,,,,CHEMBL236_Ki
71339737,mondrian_pair,cliffA,cliff,59,46,0.7796610169491526,0.6586730063236291,0.8664580237207097,2.206626583283894,,,,,CHEMBL236_Ki
71339737,mondrian_pair,cliffA,noncliff,460,406,0.8826086956521739,0.849976006066189,0.9089039804165882,2.176261808244474,,,,,CHEMBL236_Ki
71339737,mondrian_pair,__bins__,__summary__,-1,-1,,,,2.1797136805514605,0.7631578947368421,0.15871710526315785,0.6307692307692307,0.3538461538461539,CHEMBL236_Ki
71339737,mondrian_wstd,cliffB_oracle,all,519,452,0.8709055876685935,0.839310505913084,0.8970503803647464,2.2712669595494606,,,,,CHEMBL236_Ki
71339737,mondrian_wstd,cliffB_oracle,cliff,30,21,0.7,0.5212421254128504,0.8333525173175619,2.4453160397905607,,,,,CHEMBL236_Ki
71339737,mondrian_wstd,cliffB_oracle,noncliff,489,431,0.8813905930470347,0.8497179254970065,0.9071177532475144,2.2605891018659574,,,,,CHEMBL236_Ki
71339737,mondrian_wstd,cliffA,all,519,452,0.8709055876685935,0.839310505913084,0.8970503803647464,2.2712669595494606,,,,,CHEMBL236_Ki
71339737,mondrian_wstd,cliffA,cliff,59,47,0.7966101694915254,0.6773198772795009,0.879637275797828,2.456567207886688,,,,,CHEMBL236_Ki
71339737,mondrian_wstd,cliffA,noncliff,460,405,0.8804347826086957,0.8475897986491098,0.9069783697286516,2.247500188567077,,,,,CHEMBL236_Ki
71339737,mondrian_wstd,__bins__,__summary__,-1,-1,,,,2.2712669595494606,0.8253968253968254,0.11111111111111116,0.6923076923076923,0.27692307692307694,CHEMBL236_Ki
71339737,mondrian_std,cliffB_oracle,all,519,451,0.8689788053949904,0.8372183671734356,0.8953172677471074,2.256997115729064,,,,,CHEMBL236_Ki
71339737,mondrian_std,cliffB_oracle,cliff,30,21,0.7,0.5212421254128504,0.8333525173175619,2.449176124012285,,,,,CHEMBL236_Ki
71339737,mondrian_std,cliffB_oracle,noncliff,489,430,0.8793456032719836,0.847480028578983,0.905297550011412,2.2452069925215046,,,,,CHEMBL236_Ki
71339737,mondrian_std,cliffA,all,519,451,0.8689788053949904,0.8372183671734356,0.8953172677471074,2.256997115729064,,,,,CHEMBL236_Ki
71339737,mondrian_std,cliffA,cliff,59,47,0.7966101694915254,0.6773198772795009,0.879637275797828,2.406313754502762,,,,,CHEMBL236_Ki
71339737,mondrian_std,cliffA,noncliff,460,404,0.8782608695652174,0.8452066608491524,0.9050496894235933,2.237845633799394,,,,,CHEMBL236_Ki
71339737,mondrian_std,__bins__,__summary__,-1,-1,,,,2.256997115729064,0.7936507936507936,0.1428571428571429,0.6923076923076923,0.2923076923076924,CHEMBL236_Ki
71339737,mondrian_iqr,cliffB_oracle,all,519,456,0.8786127167630058,0.8477001334957398,0.9039617582112401,2.274350918538126,,,,,CHEMBL236_Ki
71339737,mondrian_iqr,cliffB_oracle,cliff,30,22,0.7333333333333333,0.555520383048111,0.8581733668040368,2.242935578700185,,,,,CHEMBL236_Ki
71339737,mondrian_iqr,cliffB_oracle,noncliff,489,434,0.8875255623721882,0.8564478554304668,0.9125621237764329,2.276278240000576,,,,,CHEMBL236_Ki
71339737,mondrian_iqr,cliffA,all,519,456,0.8786127167630058,0.8477001334957398,0.9039617582112401,2.274350918538126,,,,,CHEMBL236_Ki
71339737,mondrian_iqr,cliffA,cliff,59,46,0.7796610169491526,0.6586730063236291,0.8664580237207097,2.283546043442987,,,,,CHEMBL236_Ki
71339737,mondrian_iqr,cliffA,noncliff,460,410,0.8913043478260869,0.8595530344543041,0.916574224448536,2.273171543822068,,,,,CHEMBL236_Ki
71339737,mondrian_iqr,__bins__,__summary__,-1,-1,,,,2.274350918538126,0.8095238095238095,0.12797619047619047,0.7384615384615385,0.24615384615384617,CHEMBL236_Ki
71339737,mondrian_nb,cliffB_oracle,all,519,456,0.8786127167630058,0.8477001334957398,0.9039617582112401,2.268374958494707,,,,,CHEMBL236_Ki
71339737,mondrian_nb,cliffB_oracle,cliff,30,18,0.6,0.42320360253322475,0.7540937188319815,2.186604799171315,,,,,CHEMBL236_Ki
71339737,mondrian_nb,cliffB_oracle,noncliff,489,438,0.8957055214723927,0.8654614006709805,0.9197809791524235,2.273391532686326,,,,,CHEMBL236_Ki
71339737,mondrian_nb,cliffA,all,519,456,0.8786127167630058,0.8477001334957398,0.9039617582112401,2.268374958494707,,,,,CHEMBL236_Ki
71339737,mondrian_nb,cliffA,cliff,59,44,0.7457627118644068,0.6220385597107273,0.839440224267631,2.1585321533290522,,,,,CHEMBL236_Ki
71339737,mondrian_nb,cliffA,noncliff,460,412,0.8956521739130435,0.8643620223660237,0.9203888727468482,2.282463492200736,,,,,CHEMBL236_Ki
71339737,mondrian_nb,__bins__,__summary__,-1,-1,,,,2.268374958494707,0.7763157894736842,0.2078111946532999,0.7230769230769231,0.2615384615384616,CHEMBL236_Ki
71339737,mondrian_nnsim,cliffB_oracle,all,519,451,0.8689788053949904,0.8372183671734356,0.8953172677471074,2.2398959071752538,,,,,CHEMBL236_Ki
71339737,mondrian_nnsim,cliffB_oracle,cliff,30,19,0.6333333333333333,0.4551356365479487,0.7812607919389929,2.2215298014792086,,,,,CHEMBL236_Ki
71339737,mondrian_nnsim,cliffB_oracle,noncliff,489,432,0.8834355828220859,0.8519584886192352,0.908935290279412,2.2410226621259315,,,,,CHEMBL236_Ki
71339737,mondrian_nnsim,cliffA,all,519,451,0.8689788053949904,0.8372183671734356,0.8953172677471074,2.2398959071752538,,,,,CHEMBL236_Ki
71339737,mondrian_nnsim,cliffA,cliff,59,44,0.7457627118644068,0.6220385597107273,0.839440224267631,2.213443562964319,,,,,CHEMBL236_Ki
71339737,mondrian_nnsim,cliffA,noncliff,460,407,0.8847826086956522,0.8523653556539688,0.910826448933824,2.243288707845786,,,,,CHEMBL236_Ki
71339737,mondrian_nnsim,__bins__,__summary__,-1,-1,,,,2.2398959071752538,0.7763157894736842,0.16019214703425233,0.6461538461538462,0.3384615384615385,CHEMBL236_Ki
71339737,mondrian_pairgap,cliffB_oracle,all,519,453,0.8728323699421965,0.8414047116609449,0.8987814259741727,2.2560944180539737,,,,,CHEMBL236_Ki
71339737,mondrian_pairgap,cliffB_oracle,cliff,30,20,0.6666666666666666,0.4878005164454384,0.8076950191632386,2.319878923487309,,,,,CHEMBL236_Ki
71339737,mondrian_pairgap,cliffB_oracle,noncliff,489,433,0.885480572597137,0.8542017777815407,0.9107501012712327,2.2521812582114373,,,,,CHEMBL236_Ki
71339737,mondrian_pairgap,cliffA,all,519,453,0.8728323699421965,0.8414047116609449,0.8987814259741727,2.2560944180539737,,,,,CHEMBL236_Ki
71339737,mondrian_pairgap,cliffA,cliff,59,47,0.7966101694915254,0.6773198772795009,0.879637275797828,2.379336632539374,,,,,CHEMBL236_Ki
71339737,mondrian_pairgap,cliffA,noncliff,460,406,0.8826086956521739,0.849976006066189,0.9089039804165882,2.240287264456933,,,,,CHEMBL236_Ki
71339737,mondrian_pairgap,__bins__,__summary__,-1,-1,,,,2.2560944180539737,0.7894736842105263,0.14703425229741018,0.6461538461538462,0.3384615384615385,CHEMBL236_Ki
71339737,mondrian_rfstd,cliffB_oracle,all,519,459,0.884393063583815,0.8540156742733063,0.9091219715055359,2.2294750540560404,,,,,CHEMBL236_Ki
71339737,mondrian_rfstd,cliffB_oracle,cliff,30,20,0.6666666666666666,0.4878005164454384,0.8076950191632386,2.297074864159491,,,,,CHEMBL236_Ki
71339737,mondrian_rfstd,cliffB_oracle,noncliff,489,439,0.8977505112474438,0.8677224609720476,0.9215780190054824,2.225327826442332,,,,,CHEMBL236_Ki
71339737,mondrian_rfstd,cliffA,all,519,459,0.884393063583815,0.8540156742733063,0.9091219715055359,2.2294750540560404,,,,,CHEMBL236_Ki
71339737,mondrian_rfstd,cliffA,cliff,59,46,0.7796610169491526,0.6586730063236291,0.8664580237207097,2.208136510588636,,,,,CHEMBL236_Ki
71339737,mondrian_rfstd,cliffA,noncliff,460,413,0.8978260869565218,0.8667719522943316,0.922290760923556,2.232211954196425,,,,,CHEMBL236_Ki
71339737,mondrian_rfstd,__bins__,__summary__,-1,-1,,,,2.2294750540560404,0.8253968253968254,0.11210317460317465,0.7384615384615385,0.24615384615384617,CHEMBL236_Ki
99182118,global,cliffB_oracle,all,519,474,0.9132947976878613,0.8859470505414244,0.9345693655967293,2.3416661707444906,,,,,CHEMBL236_Ki
99182118,global,cliffB_oracle,cliff,19,17,0.8947368421052632,0.6860591728889099,0.9706414397011299,2.3416661707444906,,,,,CHEMBL236_Ki
99182118,global,cliffB_oracle,noncliff,500,457,0.914,0.8861601885014425,0.9355268575963924,2.34166617074449,,,,,CHEMBL236_Ki
99182118,global,cliffA,all,519,474,0.9132947976878613,0.8859470505414244,0.9345693655967293,2.3416661707444906,,,,,CHEMBL236_Ki
99182118,global,cliffA,cliff,48,45,0.9375,0.8316456194505365,0.9785167670916107,2.3416661707444906,,,,,CHEMBL236_Ki
99182118,global,cliffA,noncliff,471,429,0.910828025477707,0.8816564692806719,0.9333523990711876,2.3416661707444897,,,,,CHEMBL236_Ki
99182118,global,__bins__,__summary__,-1,-1,,,,2.3416661707444906,0.8412698412698413,0.1428571428571428,0.7230769230769231,0.27692307692307694,CHEMBL236_Ki
99182118,mondrian_pair,cliffB_oracle,all,519,475,0.9152215799614644,0.8881003209674221,0.936241346528019,2.354829099043429,,,,,CHEMBL236_Ki
99182118,mondrian_pair,cliffB_oracle,cliff,19,17,0.8947368421052632,0.6860591728889099,0.9706414397011299,2.3715266058817823,,,,,CHEMBL236_Ki
99182118,mondrian_pair,cliffB_oracle,noncliff,500,458,0.916,0.888400685539819,0.9372558631961696,2.3541945937835718,,,,,CHEMBL236_Ki
99182118,mondrian_pair,cliffA,all,519,475,0.9152215799614644,0.8881003209674221,0.936241346528019,2.354829099043429,,,,,CHEMBL236_Ki
99182118,mondrian_pair,cliffA,cliff,48,45,0.9375,0.8316456194505365,0.9785167670916107,2.371159464462993,,,,,CHEMBL236_Ki
99182118,mondrian_pair,cliffA,noncliff,471,430,0.9129511677282378,0.8840353660161355,0.9351854344719093,2.3531648579815627,,,,,CHEMBL236_Ki
99182118,mondrian_pair,__bins__,__summary__,-1,-1,,,,2.354829099043429,0.8412698412698413,0.1428571428571428,0.7230769230769231,0.27692307692307694,CHEMBL236_Ki
99182118,mondrian_wstd,cliffB_oracle,all,519,479,0.9229287090558767,0.8967502098999794,0.9428924630246113,2.467343786181145,,,,,CHEMBL236_Ki
99182118,mondrian_wstd,cliffB_oracle,cliff,19,17,0.8947368421052632,0.6860591728889099,0.9706414397011299,2.6412417383438584,,,,,CHEMBL236_Ki
99182118,mondrian_wstd,cliffB_oracle,noncliff,500,462,0.924,0.8974035863260316,0.9441309729625723,2.4607356639989617,,,,,CHEMBL236_Ki
99182118,mondrian_wstd,cliffA,all,519,479,0.9229287090558767,0.8967502098999794,0.9428924630246113,2.467343786181145,,,,,CHEMBL236_Ki
99182118,mondrian_wstd,cliffA,cliff,48,44,0.9166666666666666,0.8044669820963272,0.9671162431819081,2.6809374998259266,,,,,CHEMBL236_Ki
99182118,mondrian_wstd,cliffA,noncliff,471,435,0.9235668789808917,0.8959985107888438,0.9442819503801275,2.4455762739625686,,,,,CHEMBL236_Ki
99182118,mondrian_wstd,__bins__,__summary__,-1,-1,,,,2.467343786181145,0.8888888888888888,0.09523809523809523,0.8307692307692308,0.1384615384615384,CHEMBL236_Ki
99182118,mondrian_std,cliffB_oracle,all,519,477,0.9190751445086706,0.8924176725577516,0.9395744976522645,2.473120884999678,,,,,CHEMBL236_Ki
99182118,mondrian_std,cliffB_oracle,cliff,19,17,0.8947368421052632,0.6860591728889099,0.9706414397011299,2.664246720435179,,,,,CHEMBL236_Ki
99182118,mondrian_std,cliffB_oracle,noncliff,500,460,0.92,0.8928936834221488,0.9407018705901475,2.465858103253129,,,,,CHEMBL236_Ki
99182118,mondrian_std,cliffA,all,519,477,0.9190751445086706,0.8924176725577516,0.9395744976522645,2.473120884999678,,,,,CHEMBL236_Ki
99182118,mondrian_std,cliffA,cliff,48,44,0.9166666666666666,0.8044669820963272,0.9671162431819081,2.6626183603503977,,,,,CHEMBL236_Ki
99182118,mondrian_std,cliffA,noncliff,471,433,0.9193205944798302,0.8911988915435206,0.9406577053530801,2.4538090403779487,,,,,CHEMBL236_Ki
99182118,mondrian_std,__bins__,__summary__,-1,-1,,,,2.473120884999678,0.8888888888888888,0.09523809523809523,0.8,0.16923076923076918,CHEMBL236_Ki
99182118,mondrian_iqr,cliffB_oracle,all,519,478,0.9210019267822736,0.8945819817840994,0.9412354397832039,2.4147139960761215,,,,,CHEMBL236_Ki
99182118,mondrian_iqr,cliffB_oracle,cliff,19,17,0.8947368421052632,0.6860591728889099,0.9706414397011299,2.612189288339738,,,,,CHEMBL236_Ki
99182118,mondrian_iqr,cliffB_oracle,noncliff,500,461,0.922,0.8951464501266115,0.9424186065238385,2.4072099349701044,,,,,CHEMBL236_Ki
99182118,mondrian_iqr,cliffA,all,519,478,0.9210019267822736,0.8945819817840994,0.9412354397832039,2.4147139960761215,,,,,CHEMBL236_Ki
99182118,mondrian_iqr,cliffA,cliff,48,45,0.9375,0.8316456194505365,0.9785167670916107,2.572389519310842,,,,,CHEMBL236_Ki
99182118,mondrian_iqr,cliffA,noncliff,471,433,0.9193205944798302,0.8911988915435206,0.9406577053530801,2.398645152943921,,,,,CHEMBL236_Ki
99182118,mondrian_iqr,__bins__,__summary__,-1,-1,,,,2.4147139960761215,0.873015873015873,0.06349206349206349,0.8153846153846154,0.15384615384615385,CHEMBL236_Ki
99182118,mondrian_nb,cliffB_oracle,all,519,480,0.9248554913294798,0.8989224886384194,0.9445454356434589,2.493939089324975,,,,,CHEMBL236_Ki
99182118,mondrian_nb,cliffB_oracle,cliff,19,17,0.8947368421052632,0.6860591728889099,0.9706414397011299,2.36594109792922,,,,,CHEMBL236_Ki
99182118,mondrian_nb,cliffB_oracle,noncliff,500,463,0.926,0.8996652466777695,0.945838815248988,2.4988030129980134,,,,,CHEMBL236_Ki
99182118,mondrian_nb,cliffA,all,519,480,0.9248554913294798,0.8989224886384194,0.9445454356434589,2.493939089324975,,,,,CHEMBL236_Ki
99182118,mondrian_nb,cliffA,cliff,48,43,0.8958333333333334,0.7783257830561368,0.9546782809581869,2.2657207210101995,,,,,CHEMBL236_Ki
99182118,mondrian_nb,cliffA,noncliff,471,437,0.9278131634819533,0.9008189452640365,0.9478853801773055,2.5171970122105574,,,,,CHEMBL236_Ki
99182118,mondrian_nb,__bins__,__summary__,-1,-1,,,,2.493939089324975,0.8571428571428571,0.1428571428571429,0.7846153846153846,0.20000000000000007,CHEMBL236_Ki
99182118,mondrian_nnsim,cliffB_oracle,all,519,470,0.905587668593449,0.8773676175118501,0.927847793197154,2.441259122036335,,,,,CHEMBL236_Ki
99182118,mondrian_nnsim,cliffB_oracle,cliff,19,15,0.7894736842105263,0.5666572155618583,0.9149232336708375,2.0708953026431867,,,,,CHEMBL236_Ki
99182118,mondrian_nnsim,cliffB_oracle,noncliff,500,455,0.91,0.8816905887106666,0.9320574521108606,2.455332947173274,,,,,CHEMBL236_Ki
99182118,mondrian_nnsim,cliffA,all,519,470,0.905587668593449,0.8773676175118501,0.927847793197154,2.441259122036335,,,,,CHEMBL236_Ki
99182118,mondrian_nnsim,cliffA,cliff,48,42,0.875,0.7529954171361317,0.9414294856142802,2.1036633676967353,,,,,CHEMBL236_Ki
99182118,mondrian_nnsim,cliffA,noncliff,471,428,0.9087048832271762,0.8792818094819602,0.931515126733714,2.475663784898969,,,,,CHEMBL236_Ki
99182118,mondrian_nnsim,__bins__,__summary__,-1,-1,,,,2.441259122036335,0.8095238095238095,0.17460317460317454,0.7230769230769231,0.2615384615384616,CHEMBL236_Ki
99182118,mondrian_pairgap,cliffB_oracle,all,519,485,0.9344894026974951,0.9098498704846095,0.9527443105837058,2.52581257242671,,,,,CHEMBL236_Ki
99182118,mondrian_pairgap,cliffB_oracle,cliff,19,17,0.8947368421052632,0.6860591728889099,0.9706414397011299,2.415900718291217,,,,,CHEMBL236_Ki
99182118,mondrian_pairgap,cliffB_oracle,noncliff,500,468,0.936,0.911047591162316,0.9543039839552107,2.529989222883859,,,,,CHEMBL236_Ki
99182118,mondrian_pairgap,cliffA,all,519,485,0.9344894026974951,0.9098498704846095,0.9527443105837058,2.52581257242671,,,,,CHEMBL236_Ki
99182118,mondrian_pairgap,cliffA,cliff,48,45,0.9375,0.8316456194505365,0.9785167670916107,2.4599877167369937,,,,,CHEMBL236_Ki
99182118,mondrian_pairgap,cliffA,noncliff,471,440,0.9341825902335457,0.9080923225361005,0.9532477993137974,2.532520837974706,,,,,CHEMBL236_Ki
99182118,mondrian_pairgap,__bins__,__summary__,-1,-1,,,,2.52581257242671,0.8571428571428571,0.12698412698412698,0.7846153846153846,0.2153846153846154,CHEMBL236_Ki
99182118,mondrian_rfstd,cliffB_oracle,all,519,473,0.9113680154142582,0.8837972418634632,0.9328939229174029,2.3664798082922474,,,,,CHEMBL236_Ki
99182118,mondrian_rfstd,cliffB_oracle,cliff,19,18,0.9473684210526315,0.753612688331012,0.9906480059376995,2.9278917215449645,,,,,CHEMBL236_Ki
99182118,mondrian_rfstd,cliffB_oracle,noncliff,500,455,0.91,0.8816905887106666,0.9320574521108606,2.3451461555886435,,,,,CHEMBL236_Ki
99182118,mondrian_rfstd,cliffA,all,519,473,0.9113680154142582,0.8837972418634632,0.9328939229174029,2.3664798082922474,,,,,CHEMBL236_Ki
99182118,mondrian_rfstd,cliffA,cliff,48,46,0.9583333333333334,0.8602434412954456,0.9884981065106133,2.602257537727272,,,,,CHEMBL236_Ki
99182118,mondrian_rfstd,cliffA,noncliff,471,427,0.9065817409766455,0.8769112571597183,0.9296737469197706,2.342451504655557,,,,,CHEMBL236_Ki
99182118,mondrian_rfstd,__bins__,__summary__,-1,-1,,,,2.3664798082922474,0.8571428571428571,0.11111111111111116,0.7692307692307693,0.19999999999999996,CHEMBL236_Ki
89709943,global,cliffB_oracle,all,519,467,0.8998073217726397,0.8709658580982598,0.922773798538882,2.5126745606900287,,,,,CHEMBL236_Ki
89709943,global,cliffB_oracle,cliff,21,14,0.6666666666666666,0.4537345197425524,0.8280524739491653,2.5126745606900287,,,,,CHEMBL236_Ki
89709943,global,cliffB_oracle,noncliff,498,453,0.9096385542168675,0.8812239942558079,0.9317817724633916,2.5126745606900287,,,,,CHEMBL236_Ki
89709943,global,cliffA,all,519,467,0.8998073217726397,0.8709658580982598,0.922773798538882,2.5126745606900287,,,,,CHEMBL236_Ki
89709943,global,cliffA,cliff,46,36,0.782608695652174,0.6442631262842105,0.8773909467543746,2.5126745606900287,,,,,CHEMBL236_Ki
89709943,global,cliffA,noncliff,473,431,0.9112050739957717,0.8821476369410984,0.9336371334562991,2.512674560690029,,,,,CHEMBL236_Ki
89709943,global,__bins__,__summary__,-1,-1,,,,2.5126745606900287,0.8333333333333334,0.16666666666666663,0.7076923076923077,0.29230769230769227,CHEMBL236_Ki
89709943,mondrian_pair,cliffB_oracle,all,519,463,0.8921001926782274,0.8624699507292274,0.9159687004787646,2.517239595502093,,,,,CHEMBL236_Ki
89709943,mondrian_pair,cliffB_oracle,cliff,21,14,0.6666666666666666,0.4537345197425524,0.8280524739491653,2.4721163985015497,,,,,CHEMBL236_Ki
89709943,mondrian_pair,cliffB_oracle,noncliff,498,449,0.9016064257028112,0.8722925967019185,0.9247718804737673,2.519142380917778,,,,,CHEMBL236_Ki
89709943,mondrian_pair,cliffA,all,519,463,0.8921001926782274,0.8624699507292274,0.9159687004787646,2.517239595502093,,,,,CHEMBL236_Ki
89709943,mondrian_pair,cliffA,cliff,46,35,0.7608695652173914,0.6206486144237798,0.8608782222272219,2.468255868644836,,,,,CHEMBL236_Ki
89709943,mondrian_pair,cliffA,noncliff,473,428,0.904862579281184,0.8750650952154838,0.9281368766667867,2.522003340608718,,,,,CHEMBL236_Ki
89709943,mondrian_pair,__bins__,__summary__,-1,-1,,,,2.517239595502093,0.8076923076923077,0.17643467643467636,0.6923076923076923,0.3076923076923077,CHEMBL236_Ki
89709943,mondrian_wstd,cliffB_oracle,all,519,466,0.8978805394990366,0.8688377606908746,0.9210766445889795,2.454509879068209,,,,,CHEMBL236_Ki
89709943,mondrian_wstd,cliffB_oracle,cliff,21,13,0.6190476190476191,0.4087865377511576,0.7924898863143551,2.6319183916121593,,,,,CHEMBL236_Ki
89709943,mondrian_wstd,cliffB_oracle,noncliff,498,453,0.9096385542168675,0.8812239942558079,0.9317817724633916,2.447028797213946,,,,,CHEMBL236_Ki
89709943,mondrian_wstd,cliffA,all,519,466,0.8978805394990366,0.8688377606908746,0.9210766445889795,2.454509879068209,,,,,CHEMBL236_Ki
89709943,mondrian_wstd,cliffA,cliff,46,36,0.782608695652174,0.6442631262842105,0.8773909467543746,2.539535312869991,,,,,CHEMBL236_Ki
89709943,mondrian_wstd,cliffA,noncliff,473,430,0.9090909090909091,0.8797827427487898,0.9318077614768986,2.4462410208126446,,,,,CHEMBL236_Ki
89709943,mondrian_wstd,__bins__,__summary__,-1,-1,,,,2.454509879068209,0.8571428571428571,0.09523809523809523,0.7076923076923077,0.27692307692307694,CHEMBL236_Ki
89709943,mondrian_std,cliffB_oracle,all,519,463,0.8921001926782274,0.8624699507292274,0.9159687004787646,2.4504805734104584,,,,,CHEMBL236_Ki
89709943,mondrian_std,cliffB_oracle,cliff,21,12,0.5714285714285714,0.3654655436930671,0.7553003107462404,2.6582157733239202,,,,,CHEMBL236_Ki
89709943,mondrian_std,cliffB_oracle,noncliff,498,451,0.9056224899598394,0.8767514390967497,0.9282836828506931,2.4417206553418187,,,,,CHEMBL236_Ki
89709943,mondrian_std,cliffA,all,519,463,0.8921001926782274,0.8624699507292274,0.9159687004787646,2.4504805734104584,,,,,CHEMBL236_Ki
89709943,mondrian_std,cliffA,cliff,46,35,0.7608695652173914,0.6206486144237798,0.8608782222272219,2.5809268034180914,,,,,CHEMBL236_Ki
89709943,mondrian_std,cliffA,noncliff,473,428,0.904862579281184,0.8750650952154838,0.9281368766667867,2.437794470703585,,,,,CHEMBL236_Ki
89709943,mondrian_std,__bins__,__summary__,-1,-1,,,,2.4504805734104584,0.8571428571428571,0.07936507936507942,0.6923076923076923,0.2923076923076924,CHEMBL236_Ki
89709943,mondrian_iqr,cliffB_oracle,all,519,472,0.9094412331406551,0.8816507955391287,0.93121511788445,2.5768540016533663,,,,,CHEMBL236_Ki
89709943,mondrian_iqr,cliffB_oracle,cliff,21,15,0.7142857142857143,0.5004361928391441,0.8618613704787788,2.5841569196707668,,,,,CHEMBL236_Ki
89709943,mondrian_iqr,cliffB_oracle,noncliff,498,457,0.9176706827309237,0.8902135707487921,0.9387334855139209,2.5765460472791384,,,,,CHEMBL236_Ki
89709943,mondrian_iqr,cliffA,all,519,472,0.9094412331406551,0.8816507955391287,0.93121511788445,2.5768540016533663,,,,,CHEMBL236_Ki
89709943,mondrian_iqr,cliffA,cliff,46,38,0.8260869565217391,0.692766462836215,0.9091420829775368,2.568524117505878,,,,,CHEMBL236_Ki
89709943,mondrian_iqr,cliffA,noncliff,473,434,0.9175475687103594,0.8892681727790438,0.9390993961334805,2.5776640960947717,,,,,CHEMBL236_Ki
89709943,mondrian_iqr,__bins__,__summary__,-1,-1,,,,2.5768540016533663,0.8717948717948718,0.1282051282051282,0.7384615384615385,0.2615384615384615,CHEMBL236_Ki
89709943,mondrian_nb,cliffB_oracle,all,519,471,0.9075144508670521,0.8795076172736733,0.9295330447926182,2.6165602681958413,,,,,CHEMBL236_Ki
89709943,mondrian_nb,cliffB_oracle,cliff,21,13,0.6190476190476191,0.4087865377511576,0.7924898863143551,2.6477340859817198,,,,,CHEMBL236_Ki
89709943,mondrian_nb,cliffB_oracle,noncliff,498,458,0.9196787148594378,0.8924709145532029,0.9404614640953887,2.615245709614509,,,,,CHEMBL236_Ki
89709943,mondrian_nb,cliffA,all,519,471,0.9075144508670521,0.8795076172736733,0.9295330447926182,2.6165602681958413,,,,,CHEMBL236_Ki
89709943,mondrian_nb,cliffA,cliff,46,34,0.7391304347826086,0.597408464719844,0.843991135543574,2.5445303051292036,,,,,CHEMBL236_Ki
89709943,mondrian_nb,cliffA,noncliff,473,437,0.9238900634249472,0.8964306329005565,0.944519734527095,2.6235652963164866,,,,,CHEMBL236_Ki
89709943,mondrian_nb,__bins__,__summary__,-1,-1,,,,2.6165602681958413,0.8333333333333334,0.1507936507936507,0.7692307692307693,0.23076923076923073,CHEMBL236_Ki
89709943,mondrian_nnsim,cliffB_oracle,all,519,474,0.9132947976878613,0.8859470505414244,0.9345693655967293,2.6432171896652044,,,,,CHEMBL236_Ki
89709943,mondrian_nnsim,cliffB_oracle,cliff,21,11,0.5238095238095238,0.3236953458284443,0.7165599389846583,2.2914778051668483,,,,,CHEMBL236_Ki
89709943,mondrian_nnsim,cliffB_oracle,noncliff,498,463,0.929718875502008,0.9038243468705954,0.9490346437073883,2.65804957334887,,,,,CHEMBL236_Ki
89709943,mondrian_nnsim,cliffA,all,519,474,0.9132947976878613,0.8859470505414244,0.9345693655967293,2.6432171896652044,,,,,CHEMBL236_Ki
89709943,mondrian_nnsim,cliffA,cliff,46,33,0.717391304347826,0.574514387694541,0.8267579761812937,2.4119386241189016,,,,,CHEMBL236_Ki
89709943,mondrian_nnsim,cliffA,noncliff,473,441,0.9323467230443975,0.9060541286400594,0.951673303474428,2.665709396885352,,,,,CHEMBL236_Ki
89709943,mondrian_nnsim,__bins__,__summary__,-1,-1,,,,2.6432171896652044,0.8205128205128205,0.17948717948717952,0.7692307692307693,0.2153846153846154,CHEMBL236_Ki
89709943,mondrian_pairgap,cliffB_oracle,all,519,464,0.8940269749518305,0.8645898726293393,0.9176740299359403,2.556591862724939,,,,,CHEMBL236_Ki
89709943,mondrian_pairgap,cliffB_oracle,cliff,21,14,0.6666666666666666,0.4537345197425524,0.8280524739491653,2.5064744825663188,,,,,CHEMBL236_Ki
89709943,mondrian_pairgap,cliffB_oracle,noncliff,498,450,0.9036144578313253,0.8745203511304579,0.9265294484311063,2.5587052462256037,,,,,CHEMBL236_Ki
89709943,mondrian_pairgap,cliffA,all,519,464,0.8940269749518305,0.8645898726293393,0.9176740299359403,2.556591862724939,,,,,CHEMBL236_Ki
89709943,mondrian_pairgap,cliffA,cliff,46,35,0.7608695652173914,0.6206486144237798,0.8608782222272219,2.484835344896186,,,,,CHEMBL236_Ki
89709943,mondrian_pairgap,cliffA,noncliff,473,429,0.9069767441860465,0.8774219361230647,0.9299743019309147,2.5635702978626194,,,,,CHEMBL236_Ki
89709943,mondrian_pairgap,__bins__,__summary__,-1,-1,,,,2.556591862724939,0.7948717948717948,0.18925518925518925,0.6923076923076923,0.3076923076923077,CHEMBL236_Ki
89709943,mondrian_rfstd,cliffB_oracle,all,519,474,0.9132947976878613,0.8859470505414244,0.9345693655967293,2.32649154346722,,,,,CHEMBL236_Ki
89709943,mondrian_rfstd,cliffB_oracle,cliff,21,15,0.7142857142857143,0.5004361928391441,0.8618613704787788,2.485676670202493,,,,,CHEMBL236_Ki
89709943,mondrian_rfstd,cliffB_oracle,noncliff,498,459,0.9216867469879518,0.8947325016126307,0.9421851994218394,2.319778917641034,,,,,CHEMBL236_Ki
89709943,mondrian_rfstd,cliffA,all,519,474,0.9132947976878613,0.8859470505414244,0.9345693655967293,2.32649154346722,,,,,CHEMBL236_Ki
89709943,mondrian_rfstd,cliffA,cliff,46,37,0.8043478260869565,0.6682874107701539,0.8934938986560147,2.439704415352637,,,,,CHEMBL236_Ki
89709943,mondrian_rfstd,cliffA,noncliff,473,437,0.9238900634249472,0.8964306329005565,0.944519734527095,2.3154814121633533,,,,,CHEMBL236_Ki
89709943,mondrian_rfstd,__bins__,__summary__,-1,-1,,,,2.32649154346722,0.8888888888888888,0.07936507936507942,0.8307692307692308,0.1384615384615384,CHEMBL236_Ki
86921808,global,cliffB_oracle,all,519,477,0.9190751445086706,0.8924176725577516,0.9395744976522645,2.4236924167634313,,,,,CHEMBL236_Ki
86921808,global,cliffB_oracle,cliff,26,19,0.7307692307692307,0.5391695962082381,0.8629555167798162,2.4236924167634317,,,,,CHEMBL236_Ki
86921808,global,cliffB_oracle,noncliff,493,458,0.9290060851926978,0.9028649794749677,0.9485132468993678,2.4236924167634313,,,,,CHEMBL236_Ki
86921808,global,cliffA,all,519,477,0.9190751445086706,0.8924176725577516,0.9395744976522645,2.4236924167634313,,,,,CHEMBL236_Ki
86921808,global,cliffA,cliff,54,44,0.8148148148148148,0.6916405221784752,0.8961731445791086,2.4236924167634317,,,,,CHEMBL236_Ki
86921808,global,cliffA,noncliff,465,433,0.9311827956989247,0.904465131715253,0.9508346555703255,2.4236924167634313,,,,,CHEMBL236_Ki
86921808,global,__bins__,__summary__,-1,-1,,,,2.4236924167634313,0.84,0.1441269841269841,0.7538461538461538,0.23076923076923084,CHEMBL236_Ki
86921808,mondrian_pair,cliffB_oracle,all,519,481,0.9267822736030829,0.9010989579369579,0.9461942177022078,2.449688245404043,,,,,CHEMBL236_Ki
86921808,mondrian_pair,cliffB_oracle,cliff,26,19,0.7307692307692307,0.5391695962082381,0.8629555167798162,2.3916545082063503,,,,,CHEMBL236_Ki
86921808,mondrian_pair,cliffB_oracle,noncliff,493,462,0.9371196754563894,0.9121291615592637,0.9553507806803074,2.452748848177146,,,,,CHEMBL236_Ki
86921808,mondrian_pair,cliffA,all,519,481,0.9267822736030829,0.9010989579369579,0.9461942177022078,2.449688245404043,,,,,CHEMBL236_Ki
86921808,mondrian_pair,cliffA,cliff,54,44,0.8148148148148148,0.6916405221784752,0.8961731445791086,2.362502834178473,,,,,CHEMBL236_Ki
86921808,mondrian_pair,cliffA,noncliff,465,437,0.9397849462365592,0.9143492752863023,0.9580138494014825,2.4598130028366896,,,,,CHEMBL236_Ki
86921808,mondrian_pair,__bins__,__summary__,-1,-1,,,,2.449688245404043,0.8666666666666667,0.11746031746031738,0.8,0.18461538461538463,CHEMBL236_Ki
86921808,mondrian_wstd,cliffB_oracle,all,519,477,0.9190751445086706,0.8924176725577516,0.9395744976522645,2.338953385864472,,,,,CHEMBL236_Ki
86921808,mondrian_wstd,cliffB_oracle,cliff,26,21,0.8076923076923077,0.6212374288068301,0.9149293885105758,2.496783986330647,,,,,CHEMBL236_Ki
86921808,mondrian_wstd,cliffB_oracle,noncliff,493,456,0.9249492900608519,0.8982645541553187,0.945062814286399,2.3306296625133145,,,,,CHEMBL236_Ki
86921808,mondrian_wstd,cliffA,all,519,477,0.9190751445086706,0.8924176725577516,0.9395744976522645,2.338953385864472,,,,,CHEMBL236_Ki
86921808,mondrian_wstd,cliffA,cliff,54,47,0.8703703703703703,0.7557826977763024,0.9357627925267374,2.4846049731403976,,,,,CHEMBL236_Ki
86921808,mondrian_wstd,cliffA,noncliff,465,430,0.9247311827956989,0.8971180266185056,0.9453842576154184,2.322039007987268,,,,,CHEMBL236_Ki
86921808,mondrian_wstd,__bins__,__summary__,-1,-1,,,,2.338953385864472,0.88,0.07238095238095232,0.8153846153846154,0.15384615384615385,CHEMBL236_Ki
86921808,mondrian_std,cliffB_oracle,all,519,471,0.9075144508670521,0.8795076172736733,0.9295330447926182,2.313426527633114,,,,,CHEMBL236_Ki
86921808,mondrian_std,cliffB_oracle,cliff,26,20,0.7692307692307693,0.5794844592105632,0.8896615059421671,2.4319952658308,,,,,CHEMBL236_Ki
86921808,mondrian_std,cliffB_oracle,noncliff,493,451,0.9148073022312373,0.8868441021664298,0.9363561214437431,2.3071734095942906,,,,,CHEMBL236_Ki
86921808,mondrian_std,cliffA,all,519,471,0.9075144508670521,0.8795076172736733,0.9295330447926182,2.313426527633114,,,,,CHEMBL236_Ki
86921808,mondrian_std,cliffA,cliff,54,46,0.8518518518518519,0.7339988471639411,0.9229693686239466,2.4572372094112334,,,,,CHEMBL236_Ki
86921808,mondrian_std,cliffA,noncliff,465,425,0.9139784946236559,0.8849800321791806,0.9361930803019857,2.2967259323298483,,,,,CHEMBL236_Ki
86921808,mondrian_std,__bins__,__summary__,-1,-1,,,,2.313426527633114,0.88,0.05650793650793651,0.8,0.16923076923076918,CHEMBL236_Ki
86921808,mondrian_iqr,cliffB_oracle,all,519,481,0.9267822736030829,0.9010989579369579,0.9461942177022078,2.4016982308267263,,,,,CHEMBL236_Ki
86921808,mondrian_iqr,cliffB_oracle,cliff,26,20,0.7692307692307693,0.5794844592105632,0.8896615059421671,2.552999474920819,,,,,CHEMBL236_Ki
86921808,mondrian_iqr,cliffB_oracle,noncliff,493,461,0.9350912778904665,0.9098046590709356,0.9536498542023267,2.393718854870446,,,,,CHEMBL236_Ki
86921808,mondrian_iqr,cliffA,all,519,481,0.9267822736030829,0.9010989579369579,0.9461942177022078,2.4016982308267263,,,,,CHEMBL236_Ki
86921808,mondrian_iqr,cliffA,cliff,54,46,0.8518518518518519,0.7339988471639411,0.9229693686239466,2.5231540586421626,,,,,CHEMBL236_Ki
86921808,mondrian_iqr,cliffA,noncliff,465,435,0.9354838709677419,0.9093937097929117,0.9544377461937699,2.387593683080418,,,,,CHEMBL236_Ki
86921808,mondrian_iqr,__bins__,__summary__,-1,-1,,,,2.4016982308267263,0.8666666666666667,0.11746031746031738,0.8,0.18461538461538463,CHEMBL236_Ki
86921808,mondrian_nb,cliffB_oracle,all,519,477,0.9190751445086706,0.8924176725577516,0.9395744976522645,2.4576622836194413,,,,,CHEMBL236_Ki
86921808,mondrian_nb,cliffB_oracle,cliff,26,20,0.7692307692307693,0.5794844592105632,0.8896615059421671,2.4842392000895925,,,,,CHEMBL236_Ki
86921808,mondrian_nb,cliffB_oracle,noncliff,493,457,0.9269776876267748,0.9005622958804975,0.9467905015275289,2.4562606612498192,,,,,CHEMBL236_Ki
86921808,mondrian_nb,cliffA,all,519,477,0.9190751445086706,0.8924176725577516,0.9395744976522645,2.4576622836194413,,,,,CHEMBL236_Ki
86921808,mondrian_nb,cliffA,cliff,54,45,0.8333333333333334,0.7126348577027084,0.9097560835700274,2.3796199283471275,,,,,CHEMBL236_Ki
86921808,mondrian_nb,cliffA,noncliff,465,432,0.9290322580645162,0.902010245992928,0.9490237069420993,2.4667252668123556,,,,,CHEMBL236_Ki
86921808,mondrian_nb,__bins__,__summary__,-1,-1,,,,2.4576622836194413,0.8666666666666667,0.11746031746031738,0.7846153846153846,0.20000000000000007,CHEMBL236_Ki
86921808,mondrian_nnsim,cliffB_oracle,all,519,483,0.930635838150289,0.9054650734977217,0.9494786048560191,2.5018902774822496,,,,,CHEMBL236_Ki
86921808,mondrian_nnsim,cliffB_oracle,cliff,26,19,0.7307692307692307,0.5391695962082381,0.8629555167798162,2.3588953085083086,,,,,CHEMBL236_Ki
86921808,mondrian_nnsim,cliffB_oracle,noncliff,493,464,0.9411764705882353,0.9167965825676558,0.958734217604533,2.509431594304405,,,,,CHEMBL236_Ki
86921808,mondrian_nnsim,cliffA,all,519,483,0.930635838150289,0.9054650734977217,0.9494786048560191,2.5018902774822496,,,,,CHEMBL236_Ki
86921808,mondrian_nnsim,cliffA,cliff,54,44,0.8148148148148148,0.6916405221784752,0.8961731445791086,2.3548799647851655,,,,,CHEMBL236_Ki
86921808,mondrian_nnsim,cliffA,noncliff,465,439,0.9440860215053763,0.9193344729587267,0.961560320430161,2.5189624428277178,,,,,CHEMBL236_Ki
86921808,mondrian_nnsim,__bins__,__summary__,-1,-1,,,,2.5018902774822496,0.8533333333333334,0.13079365079365068,0.7846153846153846,0.20000000000000007,CHEMBL236_Ki
86921808,mondrian_pairgap,cliffB_oracle,all,519,482,0.928709055876686,0.9032797666748101,0.947838660321643,2.4559398886164945,,,,,CHEMBL236_Ki
86921808,mondrian_pairgap,cliffB_oracle,cliff,26,21,0.8076923076923077,0.6212374288068301,0.9149293885105758,2.417616090858675,,,,,CHEMBL236_Ki
86921808,mondrian_pairgap,cliffB_oracle,noncliff,493,461,0.9350912778904665,0.9098046590709356,0.9536498542023267,2.4579610219668053,,,,,CHEMBL236_Ki
86921808,mondrian_pairgap,cliffA,all,519,482,0.928709055876686,0.9032797666748101,0.947838660321643,2.4559398886164945,,,,,CHEMBL236_Ki
86921808,mondrian_pairgap,cliffA,cliff,54,46,0.8518518518518519,0.7339988471639411,0.9229693686239466,2.3784897080292864,,,,,CHEMBL236_Ki
86921808,mondrian_pairgap,cliffA,noncliff,465,436,0.9376344086021505,0.9118679640705831,0.9562293262666499,2.464934103136299,,,,,CHEMBL236_Ki
86921808,mondrian_pairgap,__bins__,__summary__,-1,-1,,,,2.4559398886164945,0.8533333333333334,0.1466666666666666,0.7692307692307693,0.2153846153846154,CHEMBL236_Ki
86921808,mondrian_rfstd,cliffB_oracle,all,519,479,0.9229287090558767,0.8967502098999794,0.9428924630246113,2.292580942521601,,,,,CHEMBL236_Ki
86921808,mondrian_rfstd,cliffB_oracle,cliff,26,21,0.8076923076923077,0.6212374288068301,0.9149293885105758,2.521527061458789,,,,,CHEMBL236_Ki
86921808,mondrian_rfstd,cliffB_oracle,noncliff,493,458,0.9290060851926978,0.9028649794749677,0.9485132468993678,2.280506705011729,,,,,CHEMBL236_Ki
86921808,mondrian_rfstd,cliffA,all,519,479,0.9229287090558767,0.8967502098999794,0.9428924630246113,2.292580942521601,,,,,CHEMBL236_Ki
86921808,mondrian_rfstd,cliffA,cliff,54,46,0.8518518518518519,0.7339988471639411,0.9229693686239466,2.4132567889992034,,,,,CHEMBL236_Ki
86921808,mondrian_rfstd,cliffA,noncliff,465,433,0.9311827956989247,0.904465131715253,0.9508346555703255,2.278566973253234,,,,,CHEMBL236_Ki
86921808,mondrian_rfstd,__bins__,__summary__,-1,-1,,,,2.292580942521601,0.890625,0.07762896825396826,0.8923076923076924,0.06153846153846154,CHEMBL236_Ki
89165191,global,cliffB_oracle,all,519,469,0.9036608863198459,0.875230711109915,0.9261594482418015,2.408373128350533,,,,,CHEMBL236_Ki
89165191,global,cliffB_oracle,cliff,21,18,0.8571428571428571,0.6536393971937906,0.9501898750027473,2.408373128350533,,,,,CHEMBL236_Ki
89165191,global,cliffB_oracle,noncliff,498,451,0.9056224899598394,0.8767514390967497,0.9282836828506931,2.408373128350533,,,,,CHEMBL236_Ki
89165191,global,cliffA,all,519,469,0.9036608863198459,0.875230711109915,0.9261594482418015,2.408373128350533,,,,,CHEMBL236_Ki
89165191,global,cliffA,cliff,57,49,0.8596491228070176,0.746755353906559,0.9271272385676139,2.4083731283505325,,,,,CHEMBL236_Ki
89165191,global,cliffA,noncliff,462,420,0.9090909090909091,0.8793946074745186,0.9320402548430816,2.408373128350533,,,,,CHEMBL236_Ki
89165191,global,__bins__,__summary__,-1,-1,,,,2.408373128350533,0.8,0.18412698412698403,0.7230769230769231,0.27692307692307694,CHEMBL236_Ki
89165191,mondrian_pair,cliffB_oracle,all,519,470,0.905587668593449,0.8773676175118501,0.927847793197154,2.4276160698598805,,,,,CHEMBL236_Ki
89165191,mondrian_pair,cliffB_oracle,cliff,21,18,0.8571428571428571,0.6536393971937906,0.9501898750027473,2.4423428108109113,,,,,CHEMBL236_Ki
89165191,mondrian_pair,cliffB_oracle,noncliff,498,452,0.9076305220883534,0.8789859540181473,0.9300344903151736,2.426995062711343,,,,,CHEMBL236_Ki
89165191,mondrian_pair,cliffA,all,519,470,0.905587668593449,0.8773676175118501,0.927847793197154,2.4276160698598805,,,,,CHEMBL236_Ki
89165191,mondrian_pair,cliffA,cliff,57,49,0.8596491228070176,0.746755353906559,0.9271272385676139,2.4400781653135533,,,,,CHEMBL236_Ki
89165191,mondrian_pair,cliffA,noncliff,462,421,0.9112554112554112,0.8818185595248802,0.9339096089425485,2.4260785386026096,,,,,CHEMBL236_Ki
89165191,mondrian_pair,__bins__,__summary__,-1,-1,,,,2.4276160698598805,0.8,0.18412698412698403,0.7384615384615385,0.2615384615384615,CHEMBL236_Ki
89165191,mondrian_wstd,cliffB_oracle,all,519,477,0.9190751445086706,0.8924176725577516,0.9395744976522645,2.4765580920860204,,,,,CHEMBL236_Ki
89165191,mondrian_wstd,cliffB_oracle,cliff,21,20,0.9523809523809523,0.7733063992587743,0.9915440121901737,2.7524834894951313,,,,,CHEMBL236_Ki
89165191,mondrian_wstd,cliffB_oracle,noncliff,498,457,0.9176706827309237,0.8902135707487921,0.9387334855139209,2.4649226837615394,,,,,CHEMBL236_Ki
89165191,mondrian_wstd,cliffA,all,519,477,0.9190751445086706,0.8924176725577516,0.9395744976522645,2.4765580920860204,,,,,CHEMBL236_Ki
89165191,mondrian_wstd,cliffA,cliff,57,52,0.9122807017543859,0.8105512290044132,0.9619483282220778,2.808329062981748,,,,,CHEMBL236_Ki
89165191,mondrian_wstd,cliffA,noncliff,462,425,0.9199134199134199,0.8915606124861774,0.9413407805805657,2.4356253099625214,,,,,CHEMBL236_Ki
89165191,mondrian_wstd,__bins__,__summary__,-1,-1,,,,2.4765580920860204,0.8412698412698413,0.14260112647209422,0.7846153846153846,0.2153846153846154,CHEMBL236_Ki
89165191,mondrian_std,cliffB_oracle,all,519,467,0.8998073217726397,0.8709658580982598,0.922773798538882,2.3796144689926164,,,,,CHEMBL236_Ki
89165191,mondrian_std,cliffB_oracle,cliff,21,15,0.7142857142857143,0.5004361928391441,0.8618613704787788,2.5778480076682633,,,,,CHEMBL236_Ki
89165191,mondrian_std,cliffB_oracle,noncliff,498,452,0.9076305220883534,0.8789859540181473,0.9300344903151736,2.3712552233858117,,,,,CHEMBL236_Ki
89165191,mondrian_std,cliffA,all,519,467,0.8998073217726397,0.8709658580982598,0.922773798538882,2.3796144689926164,,,,,CHEMBL236_Ki
89165191,mondrian_std,cliffA,cliff,57,47,0.8245614035087719,0.7063264717030607,0.9018114776029004,2.660722377801296,,,,,CHEMBL236_Ki
89165191,mondrian_std,cliffA,noncliff,462,420,0.9090909090909091,0.8793946074745186,0.9320402548430816,2.3449323243993376,,,,,CHEMBL236_Ki
89165191,mondrian_std,__bins__,__summary__,-1,-1,,,,2.3796144689926164,0.8253968253968254,0.1428571428571429,0.7692307692307693,0.2153846153846154,CHEMBL236_Ki
89165191,mondrian_iqr,cliffB_oracle,all,519,475,0.9152215799614644,0.8881003209674221,0.936241346528019,2.488973287790848,,,,,CHEMBL236_Ki
89165191,mondrian_iqr,cliffB_oracle,cliff,21,19,0.9047619047619048,0.7108586092608176,0.9734812325619255,2.698989539292763,,,,,CHEMBL236_Ki
89165191,mondrian_iqr,cliffB_oracle,noncliff,498,456,0.9156626506024096,0.8879603327897944,0.9370014010870403,2.480117180799803,,,,,CHEMBL236_Ki
89165191,mondrian_iqr,cliffA,all,519,475,0.9152215799614644,0.8881003209674221,0.936241346528019,2.488973287790848,,,,,CHEMBL236_Ki
89165191,mondrian_iqr,cliffA,cliff,57,50,0.8771929824561403,0.7675355156482598,0.9392193984100191,2.691576697117419,,,,,CHEMBL236_Ki
89165191,mondrian_iqr,cliffA,noncliff,462,425,0.9199134199134199,0.8915606124861774,0.9413407805805657,2.4639767632635436,,,,,CHEMBL236_Ki
89165191,mondrian_iqr,__bins__,__summary__,-1,-1,,,,2.488973287790848,0.7936507936507936,0.19047619047619047,0.8,0.19999999999999996,CHEMBL236_Ki
89165191,mondrian_nb,cliffB_oracle,all,519,464,0.8940269749518305,0.8645898726293393,0.9176740299359403,2.466589327940014,,,,,CHEMBL236_Ki
89165191,mondrian_nb,cliffB_oracle,cliff,21,12,0.5714285714285714,0.3654655436930671,0.7553003107462404,2.1371560486035555,,,,,CHEMBL236_Ki
89165191,mondrian_nb,cliffB_oracle,noncliff,498,452,0.9076305220883534,0.8789859540181473,0.9300344903151736,2.4804810927313103,,,,,CHEMBL236_Ki
89165191,mondrian_nb,cliffA,all,519,464,0.8940269749518305,0.8645898726293393,0.9176740299359403,2.466589327940014,,,,,CHEMBL236_Ki
89165191,mondrian_nb,cliffA,cliff,57,43,0.7543859649122807,0.628977037672441,0.847671625297096,2.2722895995731274,,,,,CHEMBL236_Ki
89165191,mondrian_nb,cliffA,noncliff,462,421,0.9112554112554112,0.8818185595248802,0.9339096089425485,2.490561372348916,,,,,CHEMBL236_Ki
89165191,mondrian_nb,__bins__,__summary__,-1,-1,,,,2.466589327940014,0.8095238095238095,0.19047619047619047,0.7538461538461538,0.23076923076923084,CHEMBL236_Ki
89165191,mondrian_nnsim,cliffB_oracle,all,519,472,0.9094412331406551,0.8816507955391287,0.93121511788445,2.580873283030736,,,,,CHEMBL236_Ki
89165191,mondrian_nnsim,cliffB_oracle,cliff,21,14,0.6666666666666666,0.4537345197425524,0.8280524739491653,2.306622698572212,,,,,CHEMBL236_Ki
89165191,mondrian_nnsim,cliffB_oracle,noncliff,498,458,0.9196787148594378,0.8924709145532029,0.9404614640953887,2.592438066712722,,,,,CHEMBL236_Ki
89165191,mondrian_nnsim,cliffA,all,519,472,0.9094412331406551,0.8816507955391287,0.93121511788445,2.580873283030736,,,,,CHEMBL236_Ki
89165191,mondrian_nnsim,cliffA,cliff,57,44,0.7719298245614035,0.6479398895432649,0.8615810950103779,2.29112194450561,,,,,CHEMBL236_Ki
89165191,mondrian_nnsim,cliffA,noncliff,462,428,0.9264069264069265,0.8989204274133363,0.9468608841028926,2.6166218247968236,,,,,CHEMBL236_Ki
89165191,mondrian_nnsim,__bins__,__summary__,-1,-1,,,,2.580873283030736,0.8412698412698413,0.1428571428571428,0.7846153846153846,0.2153846153846154,CHEMBL236_Ki
89165191,mondrian_pairgap,cliffB_oracle,all,519,463,0.8921001926782274,0.8624699507292274,0.9159687004787646,2.355270782589094,,,,,CHEMBL236_Ki
89165191,mondrian_pairgap,cliffB_oracle,cliff,21,15,0.7142857142857143,0.5004361928391441,0.8618613704787788,2.1812735955004525,,,,,CHEMBL236_Ki
89165191,mondrian_pairgap,cliffB_oracle,noncliff,498,448,0.8995983935742972,0.8700680869955626,0.9230110677942447,2.3626080133699396,,,,,CHEMBL236_Ki
89165191,mondrian_pairgap,cliffA,all,519,463,0.8921001926782274,0.8624699507292274,0.9159687004787646,2.355270782589094,,,,,CHEMBL236_Ki
89165191,mondrian_pairgap,cliffA,cliff,57,45,0.7894736842105263,0.6671387891680949,0.8752545169696542,2.303672677684644,,,,,CHEMBL236_Ki
89165191,mondrian_pairgap,cliffA,noncliff,462,418,0.9047619047619048,0.8745595660026144,0.9282886840153286,2.361636782544837,,,,,CHEMBL236_Ki
89165191,mondrian_pairgap,__bins__,__summary__,-1,-1,,,,2.355270782589094,0.7619047619047619,0.2222222222222222,0.7384615384615385,0.24615384615384617,CHEMBL236_Ki
89165191,mondrian_rfstd,cliffB_oracle,all,519,474,0.9132947976878613,0.8859470505414244,0.9345693655967293,2.3842137721538723,,,,,CHEMBL236_Ki
89165191,mondrian_rfstd,cliffB_oracle,cliff,21,16,0.7619047619047619,0.5490882631704924,0.8937198697736354,2.619354618107393,,,,,CHEMBL236_Ki
89165191,mondrian_rfstd,cliffB_oracle,noncliff,498,458,0.9196787148594378,0.8924709145532029,0.9404614640953887,2.374298194312459,,,,,CHEMBL236_Ki
89165191,mondrian_rfstd,cliffA,all,519,474,0.9132947976878613,0.8859470505414244,0.9345693655967293,2.3842137721538723,,,,,CHEMBL236_Ki
89165191,mondrian_rfstd,cliffA,cliff,57,46,0.8070175438596491,0.6865930975223603,0.8886725301994945,2.569842063981758,,,,,CHEMBL236_Ki
89165191,mondrian_rfstd,cliffA,noncliff,462,428,0.9264069264069265,0.8989204274133363,0.9468608841028926,2.3613115803049776,,,,,CHEMBL236_Ki
89165191,mondrian_rfstd,__bins__,__summary__,-1,-1,,,,2.3842137721538723,0.8571428571428571,0.12698412698412698,0.8615384615384616,0.10769230769230764,CHEMBL236_Ki
71339737,global,cliffB_oracle,all,551,508,0.9219600725952813,0.8965290585848883,0.941548184215874,2.6653164527939026,,,,,CHEMBL204_Ki
71339737,global,cliffB_oracle,cliff,28,22,0.7857142857142857,0.6046141434627812,0.8978753966710211,2.6653164527939026,,,,,CHEMBL204_Ki
71339737,global,cliffB_oracle,noncliff,523,486,0.9292543021032504,0.9040077938871877,0.9482410040814878,2.6653164527939026,,,,,CHEMBL204_Ki
71339737,global,cliffA,all,551,508,0.9219600725952813,0.8965290585848883,0.941548184215874,2.6653164527939026,,,,,CHEMBL204_Ki
71339737,global,cliffA,cliff,48,41,0.8541666666666666,0.7283282347525372,0.9275175067339628,2.6653164527939026,,,,,CHEMBL204_Ki
71339737,global,cliffA,noncliff,503,467,0.9284294234592445,0.9025069658402488,0.9478575663013006,2.665316452793902,,,,,CHEMBL204_Ki
71339737,global,__bins__,__summary__,-1,-1,,,,2.6653164527939026,0.8148148148148148,0.18518518518518523,0.7971014492753623,0.18840579710144933,CHEMBL204_Ki
71339737,mondrian_pair,cliffB_oracle,all,551,510,0.925589836660617,0.9006085477516069,0.9446779616538928,2.7453794074746605,,,,,CHEMBL204_Ki
71339737,mondrian_pair,cliffB_oracle,cliff,28,22,0.7857142857142857,0.6046141434627812,0.8978753966710211,2.876126078687478,,,,,CHEMBL204_Ki
71339737,mondrian_pair,cliffB_oracle,noncliff,523,488,0.9330783938814532,0.908350377009747,0.9514908378673355,2.7383795856888886,,,,,CHEMBL204_Ki
71339737,mondrian_pair,cliffA,all,551,510,0.925589836660617,0.9006085477516069,0.9446779616538928,2.7453794074746605,,,,,CHEMBL204_Ki
71339737,mondrian_pair,cliffA,cliff,48,41,0.8541666666666666,0.7283282347525372,0.9275175067339628,2.8918443402672622,,,,,CHEMBL204_Ki
71339737,mondrian_pair,cliffA,noncliff,503,469,0.9324055666003976,0.9070279629729817,0.9512285833879789,2.731402634564035,,,,,CHEMBL204_Ki
71339737,mondrian_pair,__bins__,__summary__,-1,-1,,,,2.7453794074746605,0.8271604938271605,0.1728395061728395,0.8115942028985508,0.17391304347826086,CHEMBL204_Ki
71339737,mondrian_wstd,cliffB_oracle,all,551,498,0.9038112522686026,0.8763228782469461,0.9257080315301276,2.679764231859842,,,,,CHEMBL204_Ki
71339737,mondrian_wstd,cliffB_oracle,cliff,28,21,0.75,0.5664432968100104,0.8732350508070668,2.861403491123645,,,,,CHEMBL204_Ki
71339737,mondrian_wstd,cliffB_oracle,noncliff,523,477,0.9120458891013384,0.8846706459721562,0.9334122759086881,2.670039759088549,,,,,CHEMBL204_Ki
71339737,mondrian_wstd,cliffA,all,551,498,0.9038112522686026,0.8763228782469461,0.9257080315301276,2.679764231859842,,,,,CHEMBL204_Ki
71339737,mondrian_wstd,cliffA,cliff,48,40,0.8333333333333334,0.7042217159874441,0.9130448642351444,2.9266246830320917,,,,,CHEMBL204_Ki
71339737,mondrian_wstd,cliffA,noncliff,503,458,0.9105367793240556,0.8823836501279959,0.9324668180262033,2.6562069721058306,,,,,CHEMBL204_Ki
71339737,mondrian_wstd,__bins__,__summary__,-1,-1,,,,2.679764231859842,0.8507462686567164,0.13432835820895517,0.8405797101449275,0.11594202898550732,CHEMBL204_Ki
71339737,mondrian_std,cliffB_oracle,all,551,498,0.9038112522686026,0.8763228782469461,0.9257080315301276,2.639091909270165,,,,,CHEMBL204_Ki
71339737,mondrian_std,cliffB_oracle,cliff,28,20,0.7142857142857143,0.5294071156670428,0.8474600394333092,2.64967954559891,,,,,CHEMBL204_Ki
71339737,mondrian_std,cliffB_oracle,noncliff,523,478,0.9139579349904398,0.8868044305313681,0.9350746998036797,2.63852507596767,,,,,CHEMBL204_Ki
71339737,mondrian_std,cliffA,all,551,498,0.9038112522686026,0.8763228782469461,0.9257080315301276,2.639091909270165,,,,,CHEMBL204_Ki
71339737,mondrian_std,cliffA,cliff,48,40,0.8333333333333334,0.7042217159874441,0.9130448642351444,2.7724081811201455,,,,,CHEMBL204_Ki
71339737,mondrian_std,cliffA,noncliff,503,458,0.9105367793240556,0.8823836501279959,0.9324668180262033,2.6263698793520747,,,,,CHEMBL204_Ki
71339737,mondrian_std,__bins__,__summary__,-1,-1,,,,2.639091909270165,0.8059701492537313,0.17910447761194026,0.8260869565217391,0.13043478260869568,CHEMBL204_Ki
71339737,mondrian_iqr,cliffB_oracle,all,551,507,0.9201451905626135,0.8944945253197694,0.939978084178624,2.685301669749568,,,,,CHEMBL204_Ki
71339737,mondrian_iqr,cliffB_oracle,cliff,28,20,0.7142857142857143,0.5294071156670428,0.8474600394333092,2.7770627973852173,,,,,CHEMBL204_Ki
71339737,mondrian_iqr,cliffB_oracle,noncliff,523,487,0.9311663479923518,0.9061767715090026,0.9498682349138763,2.6803890281170664,,,,,CHEMBL204_Ki
71339737,mondrian_iqr,cliffA,all,551,507,0.9201451905626135,0.8944945253197694,0.939978084178624,2.685301669749568,,,,,CHEMBL204_Ki
71339737,mondrian_iqr,cliffA,cliff,48,39,0.8125,0.680601328507153,0.8980860904515235,2.885504403950962,,,,,CHEMBL204_Ki
71339737,mondrian_iqr,cliffA,noncliff,503,468,0.9304174950298211,0.9047649546400213,0.9495455846112338,2.666196836267129,,,,,CHEMBL204_Ki
71339737,mondrian_iqr,__bins__,__summary__,-1,-1,,,,2.685301669749568,0.8518518518518519,0.11873638344226578,0.855072463768116,0.1159420289855072,CHEMBL204_Ki
71339737,mondrian_nb,cliffB_oracle,all,551,510,0.925589836660617,0.9006085477516069,0.9446779616538928,2.7525441424789743,,,,,CHEMBL204_Ki
71339737,mondrian_nb,cliffB_oracle,cliff,28,22,0.7857142857142857,0.6046141434627812,0.8978753966710211,2.833331972053542,,,,,CHEMBL204_Ki
71339737,mondrian_nb,cliffB_oracle,noncliff,523,488,0.9330783938814532,0.908350377009747,0.9514908378673355,2.748218981431005,,,,,CHEMBL204_Ki
71339737,mondrian_nb,cliffA,all,551,510,0.925589836660617,0.9006085477516069,0.9446779616538928,2.7525441424789743,,,,,CHEMBL204_Ki
71339737,mondrian_nb,cliffA,cliff,48,41,0.8541666666666666,0.7283282347525372,0.9275175067339628,2.8667169363200067,,,,,CHEMBL204_Ki
71339737,mondrian_nb,cliffA,noncliff,503,469,0.9324055666003976,0.9070279629729817,0.9512285833879789,2.7416489255716794,,,,,CHEMBL204_Ki
71339737,mondrian_nb,__bins__,__summary__,-1,-1,,,,2.7525441424789743,0.8395061728395061,0.14578794480755275,0.7971014492753623,0.18840579710144933,CHEMBL204_Ki
71339737,mondrian_nnsim,cliffB_oracle,all,551,512,0.9292196007259528,0.9047027022706985,0.9477930737395391,2.8703958374154412,,,,,CHEMBL204_Ki
71339737,mondrian_nnsim,cliffB_oracle,cliff,28,20,0.7142857142857143,0.5294071156670428,0.8474600394333092,2.653214477964692,,,,,CHEMBL204_Ki
71339737,mondrian_nnsim,cliffB_oracle,noncliff,523,492,0.9407265774378585,0.9170948712780369,0.9579311774158592,2.8820231377302044,,,,,CHEMBL204_Ki
71339737,mondrian_nnsim,cliffA,all,551,512,0.9292196007259528,0.9047027022706985,0.9477930737395391,2.8703958374154412,,,,,CHEMBL204_Ki
71339737,mondrian_nnsim,cliffA,cliff,48,40,0.8333333333333334,0.7042217159874441,0.9130448642351444,2.773770538328798,,,,,CHEMBL204_Ki
71339737,mondrian_nnsim,cliffA,noncliff,503,472,0.9383697813121272,0.9138491830191716,0.9562453846709057,2.879616541900847,,,,,CHEMBL204_Ki
71339737,mondrian_nnsim,__bins__,__summary__,-1,-1,,,,2.8703958374154412,0.8148148148148148,0.18518518518518523,0.782608695652174,0.21739130434782605,CHEMBL204_Ki
71339737,mondrian_pairgap,cliffB_oracle,all,551,504,0.9147005444646098,0.8884105352165586,0.9352481743747283,2.6938842965860683,,,,,CHEMBL204_Ki
71339737,mondrian_pairgap,cliffB_oracle,cliff,28,21,0.75,0.5664432968100104,0.8732350508070668,2.7507249794035418,,,,,CHEMBL204_Ki
71339737,mondrian_pairgap,cliffB_oracle,noncliff,523,483,0.9235181644359465,0.8975270002551289,0.9433331723509363,2.690841200756452,,,,,CHEMBL204_Ki
71339737,mondrian_pairgap,cliffA,all,551,504,0.9147005444646098,0.8884105352165586,0.9352481743747283,2.6938842965860683,,,,,CHEMBL204_Ki
71339737,mondrian_pairgap,cliffA,cliff,48,40,0.8333333333333334,0.7042217159874441,0.9130448642351444,2.629466211278372,,,,,CHEMBL204_Ki
71339737,mondrian_pairgap,cliffA,noncliff,503,464,0.9224652087475149,0.8957613066416797,0.9427652041707529,2.700031549259566,,,,,CHEMBL204_Ki
71339737,mondrian_pairgap,__bins__,__summary__,-1,-1,,,,2.6938842965860683,0.8024691358024691,0.16768011792887416,0.8260869565217391,0.1594202898550725,CHEMBL204_Ki
71339737,mondrian_rfstd,cliffB_oracle,all,551,500,0.9074410163339383,0.8803409385902707,0.9288992377915404,2.4744867240296515,,,,,CHEMBL204_Ki
71339737,mondrian_rfstd,cliffB_oracle,cliff,28,16,0.5714285714285714,0.3907078562746876,0.734914528758763,2.3447047315555616,,,,,CHEMBL204_Ki
71339737,mondrian_rfstd,cliffB_oracle,noncliff,523,484,0.9254302103250478,0.8996830608225195,0.944973320237749,2.481434899534957,,,,,CHEMBL204_Ki
71339737,mondrian_rfstd,cliffA,all,551,500,0.9074410163339383,0.8803409385902707,0.9288992377915404,2.4744867240296515,,,,,CHEMBL204_Ki
71339737,mondrian_rfstd,cliffA,cliff,48,36,0.75,0.6121562719049204,0.8507936632620209,2.4371478059708616,,,,,CHEMBL204_Ki
71339737,mondrian_rfstd,cliffA,noncliff,503,464,0.9224652087475149,0.8957613066416797,0.9427652041707529,2.4780498812201524,,,,,CHEMBL204_Ki
71339737,mondrian_rfstd,__bins__,__summary__,-1,-1,,,,2.4744867240296515,0.8518518518518519,0.10337202874516305,0.855072463768116,0.08695652173913038,CHEMBL204_Ki
99182118,global,cliffB_oracle,all,551,501,0.9092558983666061,0.8823540428910605,0.9304907667931196,2.6297663057913603,,,,,CHEMBL204_Ki
99182118,global,cliffB_oracle,cliff,21,18,0.8571428571428571,0.6536393971937906,0.9501898750027473,2.629766305791361,,,,,CHEMBL204_Ki
99182118,global,cliffB_oracle,noncliff,530,483,0.9113207547169812,0.8840649073298029,0.9326569729137527,2.6297663057913607,,,,,CHEMBL204_Ki
99182118,global,cliffA,all,551,501,0.9092558983666061,0.8823540428910605,0.9304907667931196,2.6297663057913603,,,,,CHEMBL204_Ki
99182118,global,cliffA,cliff,51,47,0.9215686274509803,0.8150005368740411,0.9690778032115107,2.62976630579136,,,,,CHEMBL204_Ki
99182118,global,cliffA,noncliff,500,454,0.908,0.8794612618638256,0.930317276319548,2.6297663057913607,,,,,CHEMBL204_Ki
99182118,global,__bins__,__summary__,-1,-1,,,,2.6297663057913603,0.7804878048780488,0.2045868219876228,0.6811594202898551,0.3188405797101449,CHEMBL204_Ki
99182118,mondrian_pair,cliffB_oracle,all,551,505,0.9165154264972777,0.890435359718812,0.9368279831748435,2.708635267951188,,,,,CHEMBL204_Ki
99182118,mondrian_pair,cliffB_oracle,cliff,21,18,0.8571428571428571,0.6536393971937906,0.9501898750027473,2.928648484924243,,,,,CHEMBL204_Ki
99182118,mondrian_pair,cliffB_oracle,noncliff,530,487,0.9188679245283019,0.8924971038080587,0.9392104990087733,2.699917763127727,,,,,CHEMBL204_Ki
99182118,mondrian_pair,cliffA,all,551,505,0.9165154264972777,0.890435359718812,0.9368279831748435,2.708635267951188,,,,,CHEMBL204_Ki
99182118,mondrian_pair,cliffA,cliff,51,47,0.9215686274509803,0.8150005368740411,0.9690778032115107,2.9160048384336132,,,,,CHEMBL204_Ki
99182118,mondrian_pair,cliffA,noncliff,500,458,0.916,0.888400685539819,0.9372558631961696,2.68748357176198,,,,,CHEMBL204_Ki
99182118,mondrian_pair,__bins__,__summary__,-1,-1,,,,2.708635267951188,0.7804878048780488,0.2045868219876228,0.7101449275362319,0.28985507246376807,CHEMBL204_Ki
99182118,mondrian_wstd,cliffB_oracle,all,551,509,0.9237749546279492,0.8985670292998454,0.9431148468032858,2.840402287326019,,,,,CHEMBL204_Ki
99182118,mondrian_wstd,cliffB_oracle,cliff,21,18,0.8571428571428571,0.6536393971937906,0.9501898750027473,2.997553239308588,,,,,CHEMBL204_Ki
99182118,mondrian_wstd,cliffB_oracle,noncliff,530,491,0.9264150943396227,0.9009868866747962,0.9457064387153121,2.8341755514927476,,,,,CHEMBL204_Ki
99182118,mondrian_wstd,cliffA,all,551,509,0.9237749546279492,0.8985670292998454,0.9431148468032858,2.840402287326019,,,,,CHEMBL204_Ki
99182118,mondrian_wstd,cliffA,cliff,51,47,0.9215686274509803,0.8150005368740411,0.9690778032115107,2.960076246130879,,,,,CHEMBL204_Ki
99182118,mondrian_wstd,cliffA,noncliff,500,462,0.924,0.8974035863260316,0.9441309729625723,2.828195543527923,,,,,CHEMBL204_Ki
99182118,mondrian_wstd,__bins__,__summary__,-1,-1,,,,2.840402287326019,0.8656716417910447,0.11940298507462688,0.782608695652174,0.2028985507246377,CHEMBL204_Ki
99182118,mondrian_std,cliffB_oracle,all,551,510,0.925589836660617,0.9006085477516069,0.9446779616538928,2.8001910832871935,,,,,CHEMBL204_Ki
99182118,mondrian_std,cliffB_oracle,cliff,21,18,0.8571428571428571,0.6536393971937906,0.9501898750027473,2.931494496010104,,,,,CHEMBL204_Ki
99182118,mondrian_std,cliffB_oracle,noncliff,530,492,0.9283018867924528,0.9031192335816338,0.9473205224517935,2.7949884952359083,,,,,CHEMBL204_Ki
99182118,mondrian_std,cliffA,all,551,510,0.925589836660617,0.9006085477516069,0.9446779616538928,2.8001910832871935,,,,,CHEMBL204_Ki
99182118,mondrian_std,cliffA,cliff,51,47,0.9215686274509803,0.8150005368740411,0.9690778032115107,2.861796216086447,,,,,CHEMBL204_Ki
99182118,mondrian_std,cliffA,noncliff,500,463,0.926,0.8996652466777695,0.945838815248988,2.79390735974167,,,,,CHEMBL204_Ki
99182118,mondrian_std,__bins__,__summary__,-1,-1,,,,2.8001910832871935,0.8656716417910447,0.11940298507462688,0.782608695652174,0.2028985507246377,CHEMBL204_Ki
99182118,mondrian_iqr,cliffB_oracle,all,551,506,0.9183303085299456,0.8924633252539348,0.9384046509420897,2.769996950700131,,,,,CHEMBL204_Ki
99182118,mondrian_iqr,cliffB_oracle,cliff,21,16,0.7619047619047619,0.5490882631704924,0.8937198697736354,2.641035113183491,,,,,CHEMBL204_Ki
99182118,mondrian_iqr,cliffB_oracle,noncliff,530,490,0.9245283018867925,0.8988586332656883,0.9440882614811008,2.7751067593564507,,,,,CHEMBL204_Ki
99182118,mondrian_iqr,cliffA,all,551,506,0.9183303085299456,0.8924633252539348,0.9384046509420897,2.769996950700131,,,,,CHEMBL204_Ki
99182118,mondrian_iqr,cliffA,cliff,51,45,0.8823529411764706,0.7661915568567753,0.9449492632208182,2.6548309810866204,,,,,CHEMBL204_Ki
99182118,mondrian_iqr,cliffA,noncliff,500,461,0.922,0.8951464501266115,0.9424186065238385,2.781743879600709,,,,,CHEMBL204_Ki
99182118,mondrian_iqr,__bins__,__summary__,-1,-1,,,,2.769996950700131,0.8292682926829268,0.1558063341827448,0.7391304347826086,0.26086956521739135,CHEMBL204_Ki
99182118,mondrian_nb,cliffB_oracle,all,551,506,0.9183303085299456,0.8924633252539348,0.9384046509420897,2.8013810871158666,,,,,CHEMBL204_Ki
99182118,mondrian_nb,cliffB_oracle,cliff,21,18,0.8571428571428571,0.6536393971937906,0.9501898750027473,2.8785996431988803,,,,,CHEMBL204_Ki
99182118,mondrian_nb,cliffB_oracle,noncliff,530,488,0.9207547169811321,0.8946138670813295,0.9408401663788215,2.7983214839503128,,,,,CHEMBL204_Ki
99182118,mondrian_nb,cliffA,all,551,506,0.9183303085299456,0.8924633252539348,0.9384046509420897,2.8013810871158666,,,,,CHEMBL204_Ki
99182118,mondrian_nb,cliffA,cliff,51,47,0.9215686274509803,0.8150005368740411,0.9690778032115107,2.864613563374458,,,,,CHEMBL204_Ki
99182118,mondrian_nb,cliffA,noncliff,500,459,0.918,0.8906451408426114,0.9389809105315311,2.7949313745374904,,,,,CHEMBL204_Ki
99182118,mondrian_nb,__bins__,__summary__,-1,-1,,,,2.8013810871158666,0.7804878048780488,0.2195121951219512,0.7246376811594203,0.2753623188405797,CHEMBL204_Ki
99182118,mondrian_nnsim,cliffB_oracle,all,551,504,0.9147005444646098,0.8884105352165586,0.9352481743747283,2.8630010677401327,,,,,CHEMBL204_Ki
99182118,mondrian_nnsim,cliffB_oracle,cliff,21,17,0.8095238095238095,0.5999943530979508,0.9233243494723822,2.452590871484536,,,,,CHEMBL204_Ki
99182118,mondrian_nnsim,cliffB_oracle,noncliff,530,487,0.9188679245283019,0.8924971038080587,0.9392104990087733,2.8792626038181846,,,,,CHEMBL204_Ki
99182118,mondrian_nnsim,cliffA,all,551,504,0.9147005444646098,0.8884105352165586,0.9352481743747283,2.8630010677401327,,,,,CHEMBL204_Ki
99182118,mondrian_nnsim,cliffA,cliff,51,45,0.8823529411764706,0.7661915568567753,0.9449492632208182,2.5206947955879015,,,,,CHEMBL204_Ki
99182118,mondrian_nnsim,cliffA,noncliff,500,459,0.918,0.8906451408426114,0.9389809105315311,2.8979163074996603,,,,,CHEMBL204_Ki
99182118,mondrian_nnsim,__bins__,__summary__,-1,-1,,,,2.8630010677401327,0.7560975609756098,0.22897706589006184,0.7246376811594203,0.2753623188405797,CHEMBL204_Ki
99182118,mondrian_pairgap,cliffB_oracle,all,551,501,0.9092558983666061,0.8823540428910605,0.9304907667931196,2.6845516226909156,,,,,CHEMBL204_Ki
99182118,mondrian_pairgap,cliffB_oracle,cliff,21,16,0.7619047619047619,0.5490882631704924,0.8937198697736354,2.9255214053841607,,,,,CHEMBL204_Ki
99182118,mondrian_pairgap,cliffB_oracle,noncliff,530,485,0.9150943396226415,0.8882742426096877,0.9359404989205062,2.6750037633766546,,,,,CHEMBL204_Ki
99182118,mondrian_pairgap,cliffA,all,551,501,0.9092558983666061,0.8823540428910605,0.9304907667931196,2.6845516226909156,,,,,CHEMBL204_Ki
99182118,mondrian_pairgap,cliffA,cliff,51,45,0.8823529411764706,0.7661915568567753,0.9449492632208182,2.7850044074147666,,,,,CHEMBL204_Ki
99182118,mondrian_pairgap,cliffA,noncliff,500,456,0.912,0.8839235279346099,0.9337940155250711,2.6743054386490828,,,,,CHEMBL204_Ki
99182118,mondrian_pairgap,__bins__,__summary__,-1,-1,,,,2.6845516226909156,0.7682926829268293,0.23170731707317072,0.7101449275362319,0.28985507246376807,CHEMBL204_Ki
99182118,mondrian_rfstd,cliffB_oracle,all,551,499,0.9056261343012704,0.8783305734545646,0.9273049696248779,2.7240521217258586,,,,,CHEMBL204_Ki
99182118,mondrian_rfstd,cliffB_oracle,cliff,21,13,0.6190476190476191,0.4087865377511576,0.7924898863143551,2.7690647026549584,,,,,CHEMBL204_Ki
99182118,mondrian_rfstd,cliffB_oracle,noncliff,530,486,0.9169811320754717,0.8903839318085863,0.9375772403649266,2.7222686043682907,,,,,CHEMBL204_Ki
99182118,mondrian_rfstd,cliffA,all,551,499,0.9056261343012704,0.8783305734545646,0.9273049696248779,2.7240521217258586,,,,,CHEMBL204_Ki
99182118,mondrian_rfstd,cliffA,cliff,51,38,0.7450980392156863,0.6113171816155626,0.844542318434177,2.5578006928611137,,,,,CHEMBL204_Ki
99182118,mondrian_rfstd,cliffA,noncliff,500,461,0.922,0.8951464501266115,0.9424186065238385,2.7410097674700626,,,,,CHEMBL204_Ki
99182118,mondrian_rfstd,__bins__,__summary__,-1,-1,,,,2.7240521217258586,0.835820895522388,0.13432835820895528,0.8260869565217391,0.13043478260869568,CHEMBL204_Ki
89709943,global,cliffB_oracle,all,551,506,0.9183303085299456,0.8924633252539348,0.9384046509420897,2.6914150527250675,,,,,CHEMBL204_Ki
89709943,global,cliffB_oracle,cliff,28,24,0.8571428571428571,0.685101978364747,0.9430099468025059,2.6914150527250666,,,,,CHEMBL204_Ki
89709943,global,cliffB_oracle,noncliff,523,482,0.9216061185468452,0.8953749555805988,0.941689008571263,2.6914150527250684,,,,,CHEMBL204_Ki
89709943,global,cliffA,all,551,506,0.9183303085299456,0.8924633252539348,0.9384046509420897,2.6914150527250675,,,,,CHEMBL204_Ki
89709943,global,cliffA,cliff,56,50,0.8928571428571429,0.7853155482892853,0.9499606442888293,2.6914150527250675,,,,,CHEMBL204_Ki
89709943,global,cliffA,noncliff,495,456,0.9212121212121213,0.8941054162922986,0.9418315184320634,2.6914150527250684,,,,,CHEMBL204_Ki
89709943,global,__bins__,__summary__,-1,-1,,,,2.6914150527250675,0.8518518518518519,0.13322277501381974,0.782608695652174,0.21739130434782605,CHEMBL204_Ki
89709943,mondrian_pair,cliffB_oracle,all,551,495,0.8983666061705989,0.8703151660280117,0.9209018438419552,2.5760184633735075,,,,,CHEMBL204_Ki
89709943,mondrian_pair,cliffB_oracle,cliff,28,24,0.8571428571428571,0.685101978364747,0.9430099468025059,2.7681243074838764,,,,,CHEMBL204_Ki
89709943,mondrian_pair,cliffB_oracle,noncliff,523,471,0.9005736137667304,0.8719348150954364,0.9233708560601873,2.5657336380674067,,,,,CHEMBL204_Ki
89709943,mondrian_pair,cliffA,all,551,495,0.8983666061705989,0.8703151660280117,0.9209018438419552,2.5760184633735075,,,,,CHEMBL204_Ki
89709943,mondrian_pair,cliffA,cliff,56,51,0.9107142857142857,0.8074399861448884,0.9612578515504131,2.8632374146068114,,,,,CHEMBL204_Ki
89709943,mondrian_pair,cliffA,noncliff,495,444,0.896969696969697,0.8670610739148041,0.9207643825520404,2.5435250062642845,,,,,CHEMBL204_Ki
89709943,mondrian_pair,__bins__,__summary__,-1,-1,,,,2.5760184633735075,0.8271604938271605,0.1429887599041828,0.7681159420289855,0.23188405797101452,CHEMBL204_Ki
89709943,mondrian_wstd,cliffB_oracle,all,551,505,0.9165154264972777,0.890435359718812,0.9368279831748435,2.6584701090875766,,,,,CHEMBL204_Ki
89709943,mondrian_wstd,cliffB_oracle,cliff,28,23,0.8214285714285714,0.6440857521065705,0.9212149805439572,2.884017281277976,,,,,CHEMBL204_Ki
89709943,mondrian_wstd,cliffB_oracle,noncliff,523,482,0.9216061185468452,0.8953749555805988,0.941689008571263,2.6463949258727943,,,,,CHEMBL204_Ki
89709943,mondrian_wstd,cliffA,all,551,505,0.9165154264972777,0.890435359718812,0.9368279831748435,2.6584701090875766,,,,,CHEMBL204_Ki
89709943,mondrian_wstd,cliffA,cliff,56,50,0.8928571428571429,0.7853155482892853,0.9499606442888293,2.934819455303731,,,,,CHEMBL204_Ki
89709943,mondrian_wstd,cliffA,noncliff,495,455,0.9191919191919192,0.8918304685777328,0.9400971762918359,2.627206344667163,,,,,CHEMBL204_Ki
89709943,mondrian_wstd,__bins__,__summary__,-1,-1,,,,2.6584701090875766,0.8955223880597015,0.07462686567164178,0.782608695652174,0.21739130434782605,CHEMBL204_Ki
89709943,mondrian_std,cliffB_oracle,all,551,502,0.911070780399274,0.8843699589690117,0.9320794840175373,2.627432631179478,,,,,CHEMBL204_Ki
89709943,mondrian_std,cliffB_oracle,cliff,28,23,0.8214285714285714,0.6440857521065705,0.9212149805439572,2.8543426005032857,,,,,CHEMBL204_Ki
89709943,mondrian_std,cliffB_oracle,noncliff,523,479,0.9158699808795411,0.8889416467101259,0.9367336920791254,2.615284487506311,,,,,CHEMBL204_Ki
89709943,mondrian_std,cliffA,all,551,502,0.911070780399274,0.8843699589690117,0.9320794840175373,2.627432631179478,,,,,CHEMBL204_Ki
89709943,mondrian_std,cliffA,cliff,56,50,0.8928571428571429,0.7853155482892853,0.9499606442888293,2.8475040734674737,,,,,CHEMBL204_Ki
89709943,mondrian_std,cliffA,noncliff,495,452,0.9131313131313131,0.8850307139684397,0.9348690613367496,2.6025356599307354,,,,,CHEMBL204_Ki
89709943,mondrian_std,__bins__,__summary__,-1,-1,,,,2.627432631179478,0.8656716417910447,0.10447761194029859,0.7681159420289855,0.23188405797101452,CHEMBL204_Ki
89709943,mondrian_iqr,cliffB_oracle,all,551,503,0.9128856624319419,0.8863887630470745,0.9336653132418434,2.727793657568855,,,,,CHEMBL204_Ki
89709943,mondrian_iqr,cliffB_oracle,cliff,28,25,0.8928571428571429,0.7280414845132785,0.9628816331707,2.7809869566097176,,,,,CHEMBL204_Ki
89709943,mondrian_iqr,cliffB_oracle,noncliff,523,478,0.9139579349904398,0.8868044305313681,0.9350746998036797,2.7249458327636087,,,,,CHEMBL204_Ki
89709943,mondrian_iqr,cliffA,all,551,503,0.9128856624319419,0.8863887630470745,0.9336653132418434,2.727793657568855,,,,,CHEMBL204_Ki
89709943,mondrian_iqr,cliffA,cliff,56,52,0.9285714285714286,0.8302455193913656,0.9718739634211231,2.887407054507054,,,,,CHEMBL204_Ki
89709943,mondrian_iqr,cliffA,noncliff,495,451,0.9111111111111111,0.8827720568412161,0.93311842860918,2.7097363843798874,,,,,CHEMBL204_Ki
89709943,mondrian_iqr,__bins__,__summary__,-1,-1,,,,2.727793657568855,0.835820895522388,0.13432835820895528,0.8115942028985508,0.18840579710144922,CHEMBL204_Ki
89709943,mondrian_nb,cliffB_oracle,all,551,506,0.9183303085299456,0.8924633252539348,0.9384046509420897,2.7730765147262915,,,,,CHEMBL204_Ki
89709943,mondrian_nb,cliffB_oracle,cliff,28,24,0.8571428571428571,0.685101978364747,0.9430099468025059,2.77878068890887,,,,,CHEMBL204_Ki
89709943,mondrian_nb,cliffB_oracle,noncliff,523,482,0.9216061185468452,0.8953749555805988,0.941689008571263,2.7727711287279897,,,,,CHEMBL204_Ki
89709943,mondrian_nb,cliffA,all,551,506,0.9183303085299456,0.8924633252539348,0.9384046509420897,2.7730765147262915,,,,,CHEMBL204_Ki
89709943,mondrian_nb,cliffA,cliff,56,51,0.9107142857142857,0.8074399861448884,0.9612578515504131,2.821075046762837,,,,,CHEMBL204_Ki
89709943,mondrian_nb,cliffA,noncliff,495,455,0.9191919191919192,0.8918304685777328,0.9400971762918359,2.7676463777686218,,,,,CHEMBL204_Ki
89709943,mondrian_nb,__bins__,__summary__,-1,-1,,,,2.7730765147262915,0.8765432098765432,0.10875090777051566,0.8115942028985508,0.18840579710144922,CHEMBL204_Ki
89709943,mondrian_nnsim,cliffB_oracle,all,551,511,0.9274047186932849,0.902653730766848,0.9462374119410207,2.8752774727005437,,,,,CHEMBL204_Ki
89709943,mondrian_nnsim,cliffB_oracle,cliff,28,24,0.8571428571428571,0.685101978364747,0.9430099468025059,2.8646167950862305,,,,,CHEMBL204_Ki
89709943,mondrian_nnsim,cliffB_oracle,noncliff,523,487,0.9311663479923518,0.9061767715090026,0.9498682349138763,2.8758482164351538,,,,,CHEMBL204_Ki
89709943,mondrian_nnsim,cliffA,all,551,511,0.9274047186932849,0.902653730766848,0.9462374119410207,2.8752774727005437,,,,,CHEMBL204_Ki
89709943,mondrian_nnsim,cliffA,cliff,56,50,0.8928571428571429,0.7853155482892853,0.9499606442888293,2.826610186247641,,,,,CHEMBL204_Ki
89709943,mondrian_nnsim,cliffA,noncliff,495,461,0.9313131313131313,0.905549726781758,0.9504336572165692,2.880783266723499,,,,,CHEMBL204_Ki
89709943,mondrian_nnsim,__bins__,__summary__,-1,-1,,,,2.8752774727005437,0.8518518518518519,0.13344226579520702,0.8115942028985508,0.18840579710144922,CHEMBL204_Ki
89709943,mondrian_pairgap,cliffB_oracle,all,551,495,0.8983666061705989,0.8703151660280117,0.9209018438419552,2.593677719032731,,,,,CHEMBL204_Ki
89709943,mondrian_pairgap,cliffB_oracle,cliff,28,24,0.8571428571428571,0.685101978364747,0.9430099468025059,2.8075330314437403,,,,,CHEMBL204_Ki
89709943,mondrian_pairgap,cliffB_oracle,noncliff,523,471,0.9005736137667304,0.8719348150954364,0.9233708560601873,2.5822284862459086,,,,,CHEMBL204_Ki
89709943,mondrian_pairgap,cliffA,all,551,495,0.8983666061705989,0.8703151660280117,0.9209018438419552,2.593677719032731,,,,,CHEMBL204_Ki
89709943,mondrian_pairgap,cliffA,cliff,56,51,0.9107142857142857,0.8074399861448884,0.9612578515504131,2.9279855661032093,,,,,CHEMBL204_Ki
89709943,mondrian_pairgap,cliffA,noncliff,495,444,0.896969696969697,0.8670610739148041,0.9207643825520404,2.5558570333035457,,,,,CHEMBL204_Ki
89709943,mondrian_pairgap,__bins__,__summary__,-1,-1,,,,2.593677719032731,0.8271604938271605,0.1429887599041828,0.7536231884057971,0.24637681159420288,CHEMBL204_Ki
89709943,mondrian_rfstd,cliffB_oracle,all,551,501,0.9092558983666061,0.8823540428910605,0.9304907667931196,2.4689313886972166,,,,,CHEMBL204_Ki
89709943,mondrian_rfstd,cliffB_oracle,cliff,28,23,0.8214285714285714,0.6440857521065705,0.9212149805439572,2.7146727806146296,,,,,CHEMBL204_Ki
89709943,mondrian_rfstd,cliffB_oracle,noncliff,523,478,0.9139579349904398,0.8868044305313681,0.9350746998036797,2.45577506178768,,,,,CHEMBL204_Ki
89709943,mondrian_rfstd,cliffA,all,551,501,0.9092558983666061,0.8823540428910605,0.9304907667931196,2.4689313886972166,,,,,CHEMBL204_Ki
89709943,mondrian_rfstd,cliffA,cliff,56,48,0.8571428571428571,0.7426407877129466,0.9257921146307937,2.636259818156707,,,,,CHEMBL204_Ki
89709943,mondrian_rfstd,cliffA,noncliff,495,453,0.9151515151515152,0.8872932517179133,0.9366158134420692,2.450001303748264,,,,,CHEMBL204_Ki
89709943,mondrian_rfstd,__bins__,__summary__,-1,-1,,,,2.4689313886972166,0.8208955223880597,0.13432835820895517,0.7971014492753623,0.17391304347826086,CHEMBL204_Ki
86921808,global,cliffB_oracle,all,551,492,0.8929219600725953,0.8643292724653463,0.916073837497514,2.4979113183586428,,,,,CHEMBL204_Ki
86921808,global,cliffB_oracle,cliff,21,14,0.6666666666666666,0.4537345197425524,0.8280524739491653,2.4979113183586437,,,,,CHEMBL204_Ki
86921808,global,cliffB_oracle,noncliff,530,478,0.9018867924528302,0.8735959444879497,0.9243937825390107,2.4979113183586428,,,,,CHEMBL204_Ki
86921808,global,cliffA,all,551,492,0.8929219600725953,0.8643292724653463,0.916073837497514,2.4979113183586428,,,,,CHEMBL204_Ki
86921808,global,cliffA,cliff,46,33,0.717391304347826,0.574514387694541,0.8267579761812937,2.497911318358643,,,,,CHEMBL204_Ki
86921808,global,cliffA,noncliff,505,459,0.9089108910891089,0.8806333625596537,0.9310143379975707,2.497911318358643,,,,,CHEMBL204_Ki
86921808,global,__bins__,__summary__,-1,-1,,,,2.4979113183586428,0.7611940298507462,0.20895522388059706,0.6811594202898551,0.3188405797101449,CHEMBL204_Ki
86921808,mondrian_pair,cliffB_oracle,all,551,493,0.8947368421052632,0.8663222382537146,0.9176855050115147,2.4896332103428622,,,,,CHEMBL204_Ki
86921808,mondrian_pair,cliffB_oracle,cliff,21,14,0.6666666666666666,0.4537345197425524,0.8280524739491653,2.5242378150288904,,,,,CHEMBL204_Ki
86921808,mondrian_pair,cliffB_oracle,noncliff,530,479,0.9037735849056604,0.8756838527485863,0.9260523049216932,2.488262084496812,,,,,CHEMBL204_Ki
86921808,mondrian_pair,cliffA,all,551,493,0.8947368421052632,0.8663222382537146,0.9176855050115147,2.4896332103428622,,,,,CHEMBL204_Ki
86921808,mondrian_pair,cliffA,cliff,46,33,0.717391304347826,0.574514387694541,0.8267579761812937,2.536310717423572,,,,,CHEMBL204_Ki
86921808,mondrian_pair,cliffA,noncliff,505,460,0.9108910891089109,0.8828411995048701,0.9327369983916146,2.485381397816699,,,,,CHEMBL204_Ki
86921808,mondrian_pair,__bins__,__summary__,-1,-1,,,,2.4896332103428622,0.7611940298507462,0.20895522388059706,0.6811594202898551,0.3188405797101449,CHEMBL204_Ki
86921808,mondrian_wstd,cliffB_oracle,all,551,494,0.896551724137931,0.8683175184512665,0.9192948581163317,2.6287585314954476,,,,,CHEMBL204_Ki
86921808,mondrian_wstd,cliffB_oracle,cliff,21,14,0.6666666666666666,0.4537345197425524,0.8280524739491653,2.5598217560528878,,,,,CHEMBL204_Ki
86921808,mondrian_wstd,cliffB_oracle,noncliff,530,480,0.9056603773584906,0.8777746257024067,0.9277079626111918,2.6314899886356247,,,,,CHEMBL204_Ki
86921808,mondrian_wstd,cliffA,all,551,494,0.896551724137931,0.8683175184512665,0.9192948581163317,2.6287585314954476,,,,,CHEMBL204_Ki
86921808,mondrian_wstd,cliffA,cliff,46,34,0.7391304347826086,0.597408464719844,0.843991135543574,2.6180460142822106,,,,,CHEMBL204_Ki
86921808,mondrian_wstd,cliffA,noncliff,505,460,0.9108910891089109,0.8828411995048701,0.9327369983916146,2.629734325142594,,,,,CHEMBL204_Ki
86921808,mondrian_wstd,__bins__,__summary__,-1,-1,,,,2.6287585314954476,0.7761194029850746,0.19402985074626866,0.7536231884057971,0.23188405797101452,CHEMBL204_Ki
86921808,mondrian_std,cliffB_oracle,all,551,490,0.8892921960072595,0.8603500829935729,0.9128437603645496,2.557613032062086,,,,,CHEMBL204_Ki
86921808,mondrian_std,cliffB_oracle,cliff,21,14,0.6666666666666666,0.4537345197425524,0.8280524739491653,2.4877270620820156,,,,,CHEMBL204_Ki
86921808,mondrian_std,cliffB_oracle,noncliff,530,476,0.8981132075471698,0.8694284371595052,0.921068428580817,2.560382098797145,,,,,CHEMBL204_Ki
86921808,mondrian_std,cliffA,all,551,490,0.8892921960072595,0.8603500829935729,0.9128437603645496,2.557613032062086,,,,,CHEMBL204_Ki
86921808,mondrian_std,cliffA,cliff,46,34,0.7391304347826086,0.597408464719844,0.843991135543574,2.50601257647367,,,,,CHEMBL204_Ki
86921808,mondrian_std,cliffA,noncliff,505,456,0.902970297029703,0.8740302843637976,0.9258259241756465,2.5623132715810306,,,,,CHEMBL204_Ki
86921808,mondrian_std,__bins__,__summary__,-1,-1,,,,2.557613032062086,0.7910447761194029,0.17910447761194037,0.7246376811594203,0.26086956521739135,CHEMBL204_Ki
86921808,mondrian_iqr,cliffB_oracle,all,551,504,0.9147005444646098,0.8884105352165586,0.9352481743747283,2.714528755909478,,,,,CHEMBL204_Ki
86921808,mondrian_iqr,cliffB_oracle,cliff,21,12,0.5714285714285714,0.3654655436930671,0.7553003107462404,2.269796702222713,,,,,CHEMBL204_Ki
86921808,mondrian_iqr,cliffB_oracle,noncliff,530,492,0.9283018867924528,0.9031192335816338,0.9473205224517935,2.7321502146404635,,,,,CHEMBL204_Ki
86921808,mondrian_iqr,cliffA,all,551,504,0.9147005444646098,0.8884105352165586,0.9352481743747283,2.714528755909478,,,,,CHEMBL204_Ki
86921808,mondrian_iqr,cliffA,cliff,46,33,0.717391304347826,0.574514387694541,0.8267579761812937,2.491021524706551,,,,,CHEMBL204_Ki
86921808,mondrian_iqr,cliffA,noncliff,505,471,0.9326732673267327,0.9073903223338547,0.9514233462944918,2.7348878304348934,,,,,CHEMBL204_Ki
86921808,mondrian_iqr,__bins__,__summary__,-1,-1,,,,2.714528755909478,0.835820895522388,0.14925373134328357,0.8115942028985508,0.18840579710144922,CHEMBL204_Ki
86921808,mondrian_nb,cliffB_oracle,all,551,484,0.8784029038112523,0.8484631734939944,0.903102870049915,2.612706332774123,,,,,CHEMBL204_Ki
86921808,mondrian_nb,cliffB_oracle,cliff,21,13,0.6190476190476191,0.4087865377511576,0.7924898863143551,2.389364316986758,,,,,CHEMBL204_Ki
86921808,mondrian_nb,cliffB_oracle,noncliff,530,471,0.8886792452830189,0.8590551358612012,0.9127095766625258,2.6215557333996604,,,,,CHEMBL204_Ki
86921808,mondrian_nb,cliffA,all,551,484,0.8784029038112523,0.8484631734939944,0.903102870049915,2.612706332774123,,,,,CHEMBL204_Ki
86921808,mondrian_nb,cliffA,cliff,46,31,0.6739130434782609,0.5296773241932241,0.7913405669074435,2.4113059207698626,,,,,CHEMBL204_Ki
86921808,mondrian_nb,cliffA,noncliff,505,453,0.897029702970297,0.8674559654504684,0.920608751071195,2.6310517168378778,,,,,CHEMBL204_Ki
86921808,mondrian_nb,__bins__,__summary__,-1,-1,,,,2.612706332774123,0.7164179104477612,0.26865671641791045,0.6666666666666666,0.318840579710145,CHEMBL204_Ki
86921808,mondrian_nnsim,cliffB_oracle,all,551,506,0.9183303085299456,0.8924633252539348,0.9384046509420897,2.849772409668617,,,,,CHEMBL204_Ki
86921808,mondrian_nnsim,cliffB_oracle,cliff,21,12,0.5714285714285714,0.3654655436930671,0.7553003107462404,2.2644782382341853,,,,,CHEMBL204_Ki
86921808,mondrian_nnsim,cliffB_oracle,noncliff,530,494,0.9320754716981132,0.9073968003521348,0.9505358169679307,2.872963310800925,,,,,CHEMBL204_Ki
86921808,mondrian_nnsim,cliffA,all,551,506,0.9183303085299456,0.8924633252539348,0.9384046509420897,2.849772409668617,,,,,CHEMBL204_Ki
86921808,mondrian_nnsim,cliffA,cliff,46,32,0.6956521739130435,0.5519435355159235,0.8092015919723277,2.4405602771962607,,,,,CHEMBL204_Ki
86921808,mondrian_nnsim,cliffA,noncliff,505,474,0.9386138613861386,0.9141851404150049,0.956420020231122,2.88704717817105,,,,,CHEMBL204_Ki
86921808,mondrian_nnsim,__bins__,__summary__,-1,-1,,,,2.849772409668617,0.7910447761194029,0.19402985074626866,0.7681159420289855,0.23188405797101452,CHEMBL204_Ki
86921808,mondrian_pairgap,cliffB_oracle,all,551,494,0.896551724137931,0.8683175184512665,0.9192948581163317,2.704077940521246,,,,,CHEMBL204_Ki
86921808,mondrian_pairgap,cliffB_oracle,cliff,21,12,0.5714285714285714,0.3654655436930671,0.7553003107462404,2.4750412293109516,,,,,CHEMBL204_Ki
86921808,mondrian_pairgap,cliffB_oracle,noncliff,530,482,0.909433962264151,0.8819650716680325,0.9310103779322041,2.713152980022031,,,,,CHEMBL204_Ki
86921808,mondrian_pairgap,cliffA,all,551,494,0.896551724137931,0.8683175184512665,0.9192948581163317,2.704077940521246,,,,,CHEMBL204_Ki
86921808,mondrian_pairgap,cliffA,cliff,46,32,0.6956521739130435,0.5519435355159235,0.8092015919723277,2.5646977592830917,,,,,CHEMBL204_Ki
86921808,mondrian_pairgap,cliffA,noncliff,505,462,0.9148514851485149,0.8872676957125242,0.9361714968624809,2.716773957030068,,,,,CHEMBL204_Ki
86921808,mondrian_pairgap,__bins__,__summary__,-1,-1,,,,2.704077940521246,0.7761194029850746,0.19402985074626866,0.7536231884057971,0.23188405797101452,CHEMBL204_Ki
86921808,mondrian_rfstd,cliffB_oracle,all,551,497,0.9019963702359347,0.8743177868892107,0.9241084895854941,2.5500184221337356,,,,,CHEMBL204_Ki
86921808,mondrian_rfstd,cliffB_oracle,cliff,21,13,0.6190476190476191,0.4087865377511576,0.7924898863143551,2.690287587581323,,,,,CHEMBL204_Ki
86921808,mondrian_rfstd,cliffB_oracle,noncliff,530,484,0.9132075471698113,0.8861679335455039,0.934300377341371,2.544460587276379,,,,,CHEMBL204_Ki
86921808,mondrian_rfstd,cliffA,all,551,497,0.9019963702359347,0.8743177868892107,0.9241084895854941,2.5500184221337356,,,,,CHEMBL204_Ki
86921808,mondrian_rfstd,cliffA,cliff,46,31,0.6739130434782609,0.5296773241932241,0.7913405669074435,2.567003051026324,,,,,CHEMBL204_Ki
86921808,mondrian_rfstd,cliffA,noncliff,505,466,0.9227722772277228,0.8961672218932097,0.942993960038836,2.5484713074227274,,,,,CHEMBL204_Ki
86921808,mondrian_rfstd,__bins__,__summary__,-1,-1,,,,2.5500184221337356,0.8059701492537313,0.17910447761194026,0.8115942028985508,0.13043478260869557,CHEMBL204_Ki
89165191,global,cliffB_oracle,all,551,514,0.9328493647912885,0.9088125457402875,0.950892496874688,3.0379381758567696,,,,,CHEMBL204_Ki
89165191,global,cliffB_oracle,cliff,29,23,0.7931034482758621,0.6160990959613211,0.9015392980215897,3.037938175856769,,,,,CHEMBL204_Ki
89165191,global,cliffB_oracle,noncliff,522,491,0.9406130268199234,0.916938404749474,0.9578499792468034,3.037938175856769,,,,,CHEMBL204_Ki
89165191,global,cliffA,all,551,514,0.9328493647912885,0.9088125457402875,0.950892496874688,3.0379381758567696,,,,,CHEMBL204_Ki
89165191,global,cliffA,cliff,60,53,0.8833333333333333,0.7782121197582914,0.9423227935994396,3.03793817585677,,,,,CHEMBL204_Ki
89165191,global,cliffA,noncliff,491,461,0.9389002036659878,0.9141167114680893,0.9568693231846235,3.037938175856769,,,,,CHEMBL204_Ki
89165191,global,__bins__,__summary__,-1,-1,,,,3.0379381758567696,0.8390804597701149,0.16091954022988508,0.782608695652174,0.21739130434782605,CHEMBL204_Ki
89165191,mondrian_pair,cliffB_oracle,all,551,515,0.9346642468239564,0.9108737070161943,0.9524359689011501,3.0283598666217184,,,,,CHEMBL204_Ki
89165191,mondrian_pair,cliffB_oracle,cliff,29,23,0.7931034482758621,0.6160990959613211,0.9015392980215897,3.156162642877169,,,,,CHEMBL204_Ki
89165191,mondrian_pair,cliffB_oracle,noncliff,522,492,0.9425287356321839,0.9191422458639363,0.9594495658888463,3.0212597123853047,,,,,CHEMBL204_Ki
89165191,mondrian_pair,cliffA,all,551,515,0.9346642468239564,0.9108737070161943,0.9524359689011501,3.0283598666217184,,,,,CHEMBL204_Ki
89165191,mondrian_pair,cliffA,cliff,60,53,0.8833333333333333,0.7782121197582914,0.9423227935994396,3.164616559854658,,,,,CHEMBL204_Ki
89165191,mondrian_pair,cliffA,noncliff,491,462,0.9409368635437881,0.9164628884405881,0.958564844748796,3.0117093542103617,,,,,CHEMBL204_Ki
89165191,mondrian_pair,__bins__,__summary__,-1,-1,,,,3.0283598666217184,0.8390804597701149,0.16091954022988508,0.7681159420289855,0.23188405797101452,CHEMBL204_Ki
89165191,mondrian_wstd,cliffB_oracle,all,551,514,0.9328493647912885,0.9088125457402875,0.950892496874688,2.9349020439544597,,,,,CHEMBL204_Ki
89165191,mondrian_wstd,cliffB_oracle,cliff,29,24,0.8275862068965517,0.6545156010980476,0.9240214274710877,3.0107340440446584,,,,,CHEMBL204_Ki
89165191,mondrian_wstd,cliffB_oracle,noncliff,522,490,0.9386973180076629,0.9147402439436052,0.9562447122961666,2.93068915506056,,,,,CHEMBL204_Ki
89165191,mondrian_wstd,cliffA,all,551,514,0.9328493647912885,0.9088125457402875,0.950892496874688,2.9349020439544597,,,,,CHEMBL204_Ki
89165191,mondrian_wstd,cliffA,cliff,60,52,0.8666666666666667,0.7583484032350039,0.9308589051941303,2.9308021533174746,,,,,CHEMBL204_Ki
89165191,mondrian_wstd,cliffA,noncliff,491,462,0.9409368635437881,0.9164628884405881,0.958564844748796,2.935403048920283,,,,,CHEMBL204_Ki
89165191,mondrian_wstd,__bins__,__summary__,-1,-1,,,,2.9349020439544597,0.9104477611940298,0.04409769335142477,0.8260869565217391,0.1594202898550725,CHEMBL204_Ki
89165191,mondrian_std,cliffB_oracle,all,551,514,0.9328493647912885,0.9088125457402875,0.950892496874688,2.9251519209895673,,,,,CHEMBL204_Ki
89165191,mondrian_std,cliffB_oracle,cliff,29,24,0.8275862068965517,0.6545156010980476,0.9240214274710877,2.949313248765631,,,,,CHEMBL204_Ki
89165191,mondrian_std,cliffB_oracle,noncliff,522,490,0.9386973180076629,0.9147402439436052,0.9562447122961666,2.923809625002008,,,,,CHEMBL204_Ki
89165191,mondrian_std,cliffA,all,551,514,0.9328493647912885,0.9088125457402875,0.950892496874688,2.9251519209895673,,,,,CHEMBL204_Ki
89165191,mondrian_std,cliffA,cliff,60,52,0.8666666666666667,0.7583484032350039,0.9308589051941303,2.8968058521845292,,,,,CHEMBL204_Ki
89165191,mondrian_std,cliffA,noncliff,491,462,0.9409368635437881,0.9164628884405881,0.958564844748796,2.928615799051283,,,,,CHEMBL204_Ki
89165191,mondrian_std,__bins__,__summary__,-1,-1,,,,2.9251519209895673,0.9104477611940298,0.04409769335142477,0.8260869565217391,0.1594202898550725,CHEMBL204_Ki
89165191,mondrian_iqr,cliffB_oracle,all,551,513,0.9310344827586207,0.9067555939086093,0.9493448154039973,2.991383923747017,,,,,CHEMBL204_Ki
89165191,mondrian_iqr,cliffB_oracle,cliff,29,25,0.8620689655172413,0.6944100627964798,0.9450256003588804,3.1576350945516456,,,,,CHEMBL204_Ki
89165191,mondrian_iqr,cliffB_oracle,noncliff,522,488,0.9348659003831418,0.9103600203846182,0.9530180803421425,2.982147747591205,,,,,CHEMBL204_Ki
89165191,mondrian_iqr,cliffA,all,551,513,0.9310344827586207,0.9067555939086093,0.9493448154039973,2.991383923747017,,,,,CHEMBL204_Ki
89165191,mondrian_iqr,cliffA,cliff,60,54,0.9,0.7985053527602123,0.9533571655261158,3.045866704290541,,,,,CHEMBL204_Ki
89165191,mondrian_iqr,cliffA,noncliff,491,459,0.9348268839103869,0.9094431319311991,0.9534595056481705,2.9847261501571776,,,,,CHEMBL204_Ki
89165191,mondrian_iqr,__bins__,__summary__,-1,-1,,,,2.991383923747017,0.8850574712643678,0.10001715560130375,0.8260869565217391,0.1594202898550725,CHEMBL204_Ki
89165191,mondrian_nb,cliffB_oracle,all,551,507,0.9201451905626135,0.8944945253197694,0.939978084178624,3.3246248545844423,,,,,CHEMBL204_Ki
89165191,mondrian_nb,cliffB_oracle,cliff,29,23,0.7931034482758621,0.6160990959613211,0.9015392980215897,3.20444920942771,,,,,CHEMBL204_Ki
89165191,mondrian_nb,cliffB_oracle,noncliff,522,484,0.9272030651340997,0.901658248537444,0.9465061411632945,3.331301279315371,,,,,CHEMBL204_Ki
89165191,mondrian_nb,cliffA,all,551,507,0.9201451905626135,0.8944945253197694,0.939978084178624,3.3246248545844423,,,,,CHEMBL204_Ki
89165191,mondrian_nb,cliffA,cliff,60,53,0.8833333333333333,0.7782121197582914,0.9423227935994396,3.218373470348989,,,,,CHEMBL204_Ki
89165191,mondrian_nb,cliffA,noncliff,491,454,0.924643584521385,0.8978571469398714,0.9448369979561407,3.3376087304584283,,,,,CHEMBL204_Ki
89165191,mondrian_nb,__bins__,__summary__,-1,-1,,,,3.3246248545844423,0.8181818181818182,0.16689280868385337,0.7971014492753623,0.18840579710144933,CHEMBL204_Ki
89165191,mondrian_nnsim,cliffB_oracle,all,551,516,0.9364791288566243,0.9129392370489566,0.9539750721707565,3.1789277882199647,,,,,CHEMBL204_Ki
89165191,mondrian_nnsim,cliffB_oracle,cliff,29,23,0.7931034482758621,0.6160990959613211,0.9015392980215897,3.093596752141692,,,,,CHEMBL204_Ki
89165191,mondrian_nnsim,cliffB_oracle,noncliff,522,493,0.9444444444444444,0.921352026714572,0.9610432127947163,3.183668401335424,,,,,CHEMBL204_Ki
89165191,mondrian_nnsim,cliffA,all,551,516,0.9364791288566243,0.9129392370489566,0.9539750721707565,3.1789277882199647,,,,,CHEMBL204_Ki
89165191,mondrian_nnsim,cliffA,cliff,60,53,0.8833333333333333,0.7782121197582914,0.9423227935994396,3.0726219953279004,,,,,CHEMBL204_Ki
89165191,mondrian_nnsim,cliffA,noncliff,491,463,0.9429735234215886,0.9188157147137012,0.9602537170123545,3.1919183128096256,,,,,CHEMBL204_Ki
89165191,mondrian_nnsim,__bins__,__summary__,-1,-1,,,,3.1789277882199647,0.8390804597701149,0.16091954022988508,0.782608695652174,0.21739130434782605,CHEMBL204_Ki
89165191,mondrian_pairgap,cliffB_oracle,all,551,507,0.9201451905626135,0.8944945253197694,0.939978084178624,2.9665391212557557,,,,,CHEMBL204_Ki
89165191,mondrian_pairgap,cliffB_oracle,cliff,29,24,0.8275862068965517,0.6545156010980476,0.9240214274710877,3.1052552548893364,,,,,CHEMBL204_Ki
89165191,mondrian_pairgap,cliffB_oracle,noncliff,522,483,0.9252873563218391,0.8994939925143071,0.9448669694299259,2.958832669387224,,,,,CHEMBL204_Ki
89165191,mondrian_pairgap,cliffA,all,551,507,0.9201451905626135,0.8944945253197694,0.939978084178624,2.9665391212557557,,,,,CHEMBL204_Ki
89165191,mondrian_pairgap,cliffA,cliff,60,52,0.8666666666666667,0.7583484032350039,0.9308589051941303,3.1009436878154095,,,,,CHEMBL204_Ki
89165191,mondrian_pairgap,cliffA,noncliff,491,455,0.9266802443991853,0.9001640181331932,0.9465718252994902,2.9501149379694436,,,,,CHEMBL204_Ki
89165191,mondrian_pairgap,__bins__,__summary__,-1,-1,,,,2.9665391212557557,0.8160919540229885,0.1839080459770115,0.7536231884057971,0.24637681159420288,CHEMBL204_Ki
89165191,mondrian_rfstd,cliffB_oracle,all,551,515,0.9346642468239564,0.9108737070161943,0.9524359689011501,2.897007228679723,,,,,CHEMBL204_Ki
89165191,mondrian_rfstd,cliffB_oracle,cliff,29,22,0.7586206896551724,0.5789239838218867,0.8778157755747991,3.193367986607208,,,,,CHEMBL204_Ki
89165191,mondrian_rfstd,cliffB_oracle,noncliff,522,493,0.9444444444444444,0.921352026714572,0.9610432127947163,2.8805427421281964,,,,,CHEMBL204_Ki
89165191,mondrian_rfstd,cliffA,all,551,515,0.9346642468239564,0.9108737070161943,0.9524359689011501,2.897007228679723,,,,,CHEMBL204_Ki
89165191,mondrian_rfstd,cliffA,cliff,60,52,0.8666666666666667,0.7583484032350039,0.9308589051941303,2.787013720921895,,,,,CHEMBL204_Ki
89165191,mondrian_rfstd,cliffA,noncliff,491,463,0.9429735234215886,0.9188157147137012,0.9602537170123545,2.9104483905238574,,,,,CHEMBL204_Ki
89165191,mondrian_rfstd,__bins__,__summary__,-1,-1,,,,2.897007228679723,0.8850574712643678,0.11494252873563215,0.8985507246376812,0.07246376811594202,CHEMBL204_Ki
71339737,global,cliffB_oracle,all,520,456,0.8769230769230769,0.8458904721174224,0.9024275416619677,2.351574097272275,,,,,CHEMBL237_Ki
71339737,global,cliffB_oracle,cliff,23,12,0.5217391304347826,0.32962737336427406,0.7076284258335335,2.3515740972722754,,,,,CHEMBL237_Ki
71339737,global,cliffB_oracle,noncliff,497,444,0.8933601609657947,0.8631436808922259,0.9175424885807801,2.3515740972722754,,,,,CHEMBL237_Ki
71339737,global,cliffA,all,520,456,0.8769230769230769,0.8458904721174224,0.9024275416619677,2.351574097272275,,,,,CHEMBL237_Ki
71339737,global,cliffA,cliff,51,36,0.7058823529411765,0.5700092442431359,0.8129127357986454,2.3515740972722754,,,,,CHEMBL237_Ki
71339737,global,cliffA,noncliff,469,420,0.8955223880597015,0.8645522461692804,0.9200659235768854,2.3515740972722754,,,,,CHEMBL237_Ki
71339737,global,__bins__,__summary__,-1,-1,,,,2.351574097272275,0.8,0.11803278688524588,0.7538461538461538,0.24615384615384617,CHEMBL237_Ki
71339737,mondrian_pair,cliffB_oracle,all,520,455,0.875,0.8437959251812458,0.9007041395482495,2.3335314267651515,,,,,CHEMBL237_Ki
71339737,mondrian_pair,cliffB_oracle,cliff,23,12,0.5217391304347826,0.32962737336427406,0.7076284258335335,2.455639054237591,,,,,CHEMBL237_Ki
71339737,mondrian_pair,cliffB_oracle,noncliff,497,443,0.8913480885311871,0.8609270214147889,0.915765868418969,2.3278805707654207,,,,,CHEMBL237_Ki
71339737,mondrian_pair,cliffA,all,520,455,0.875,0.8437959251812458,0.9007041395482495,2.3335314267651515,,,,,CHEMBL237_Ki
71339737,mondrian_pair,cliffA,cliff,51,36,0.7058823529411765,0.5700092442431359,0.8129127357986454,2.4181732063021477,,,,,CHEMBL237_Ki
71339737,mondrian_pair,cliffA,noncliff,469,419,0.8933901918976546,0.8621942660747014,0.9181941561256627,2.324327310013793,,,,,CHEMBL237_Ki
71339737,mondrian_pair,__bins__,__summary__,-1,-1,,,,2.3335314267651515,0.8,0.11803278688524588,0.7230769230769231,0.27692307692307694,CHEMBL237_Ki
71339737,mondrian_wstd,cliffB_oracle,all,520,453,0.8711538461538462,0.8396132179004122,0.8972509487292933,2.3468111606879147,,,,,CHEMBL237_Ki
71339737,mondrian_wstd,cliffB_oracle,cliff,23,16,0.6956521739130435,0.49134243731240795,0.8439597554678597,2.6220138844577376,,,,,CHEMBL237_Ki
71339737,mondrian_wstd,cliffB_oracle,noncliff,497,437,0.8792756539235412,0.8476850105464189,0.9050482014518504,2.334075420956112,,,,,CHEMBL237_Ki
71339737,mondrian_wstd,cliffA,all,520,453,0.8711538461538462,0.8396132179004122,0.8972509487292933,2.3468111606879147,,,,,CHEMBL237_Ki
71339737,mondrian_wstd,cliffA,cliff,51,35,0.6862745098039216,0.5497300046930566,0.7967232153447456,2.404991813574227,,,,,CHEMBL237_Ki
71339737,mondrian_wstd,cliffA,noncliff,469,418,0.8912579957356077,0.8598396758792756,0.9163189987752872,2.340484479883646,,,,,CHEMBL237_Ki
71339737,mondrian_wstd,__bins__,__summary__,-1,-1,,,,2.3468111606879147,0.8064516129032258,0.14436805922792173,0.7846153846153846,0.20000000000000007,CHEMBL237_Ki
71339737,mondrian_std,cliffB_oracle,all,520,452,0.8692307692307693,0.83752497722075,0.8955212403590607,2.3407427071022253,,,,,CHEMBL237_Ki
71339737,mondrian_std,cliffB_oracle,cliff,23,15,0.6521739130434783,0.44890335377263,0.8118872406120227,2.5048381995160933,,,,,CHEMBL237_Ki
71339737,mondrian_std,cliffB_oracle,noncliff,497,437,0.8792756539235412,0.8476850105464189,0.9050482014518504,2.333148750712851,,,,,CHEMBL237_Ki
71339737,mondrian_std,cliffA,all,520,452,0.8692307692307693,0.83752497722075,0.8955212403590607,2.3407427071022253,,,,,CHEMBL237_Ki
71339737,mondrian_std,cliffA,cliff,51,36,0.7058823529411765,0.5700092442431359,0.8129127357986454,2.38852442668107,,,,,CHEMBL237_Ki
71339737,mondrian_std,cliffA,noncliff,469,416,0.8869936034115139,0.8551403267251919,0.912558852837768,2.335546827148023,,,,,CHEMBL237_Ki
71339737,mondrian_std,__bins__,__summary__,-1,-1,,,,2.3407427071022253,0.819672131147541,0.09836065573770492,0.8,0.19999999999999996,CHEMBL237_Ki
71339737,mondrian_iqr,cliffB_oracle,all,520,457,0.8788461538461538,0.8479872040305559,0.904148758798729,2.3949302273375905,,,,,CHEMBL237_Ki
71339737,mondrian_iqr,cliffB_oracle,cliff,23,14,0.6086956521739131,0.4078552239138171,0.7784237720752205,2.528780421825813,,,,,CHEMBL237_Ki
71339737,mondrian_iqr,cliffB_oracle,noncliff,497,443,0.8913480885311871,0.8609270214147889,0.915765868418969,2.388735952743568,,,,,CHEMBL237_Ki
71339737,mondrian_iqr,cliffA,all,520,457,0.8788461538461538,0.8479872040305559,0.904148758798729,2.3949302273375905,,,,,CHEMBL237_Ki
71339737,mondrian_iqr,cliffA,cliff,51,37,0.7254901960784313,0.5905334923922092,0.8288572476535512,2.5347724093098964,,,,,CHEMBL237_Ki
71339737,mondrian_iqr,cliffA,noncliff,469,420,0.8955223880597015,0.8645522461692804,0.9200659235768854,2.379723508189217,,,,,CHEMBL237_Ki
71339737,mondrian_iqr,__bins__,__summary__,-1,-1,,,,2.3949302273375905,0.8064516129032258,0.14436805922792173,0.8,0.19999999999999996,CHEMBL237_Ki
71339737,mondrian_nb,cliffB_oracle,all,520,459,0.8826923076923077,0.8521874010373478,0.9075844598917266,2.365192037639034,,,,,CHEMBL237_Ki
71339737,mondrian_nb,cliffB_oracle,cliff,23,13,0.5652173913043478,0.3681137508501646,0.743653646743258,2.2560659485210603,,,,,CHEMBL237_Ki
71339737,mondrian_nb,cliffB_oracle,noncliff,497,446,0.89738430583501,0.867585882925192,0.9210868458263103,2.370242138342683,,,,,CHEMBL237_Ki
71339737,mondrian_nb,cliffA,all,520,459,0.8826923076923077,0.8521874010373478,0.9075844598917266,2.365192037639034,,,,,CHEMBL237_Ki
71339737,mondrian_nb,cliffA,cliff,51,35,0.6862745098039216,0.5497300046930566,0.7967232153447456,2.2656661594587666,,,,,CHEMBL237_Ki
71339737,mondrian_nb,cliffA,noncliff,469,424,0.9040511727078892,0.8740199333616328,0.9275172265677387,2.37601468110853,,,,,CHEMBL237_Ki
71339737,mondrian_nb,__bins__,__summary__,-1,-1,,,,2.365192037639034,0.7888888888888889,0.16193078324225862,0.7538461538461538,0.24615384615384617,CHEMBL237_Ki
71339737,mondrian_nnsim,cliffB_oracle,all,520,465,0.8942307692307693,0.8648454057490372,0.9178341494794066,2.457551492849515,,,,,CHEMBL237_Ki
71339737,mondrian_nnsim,cliffB_oracle,cliff,23,11,0.4782608695652174,0.29237157416646653,0.6703726266357259,2.1434085277778046,,,,,CHEMBL237_Ki
71339737,mondrian_nnsim,cliffB_oracle,noncliff,497,454,0.9134808853118712,0.8854851815053226,0.9351337843601646,2.4720892960620895,,,,,CHEMBL237_Ki
71339737,mondrian_nnsim,cliffA,all,520,465,0.8942307692307693,0.8648454057490372,0.9178341494794066,2.457551492849515,,,,,CHEMBL237_Ki
71339737,mondrian_nnsim,cliffA,cliff,51,34,0.6666666666666666,0.529683778569708,0.7803006814641148,2.285956767138133,,,,,CHEMBL237_Ki
71339737,mondrian_nnsim,cliffA,noncliff,469,431,0.9189765458422174,0.8907432133710892,0.940402179378892,2.4762110472445693,,,,,CHEMBL237_Ki
71339737,mondrian_nnsim,__bins__,__summary__,-1,-1,,,,2.457551492849515,0.8,0.15161290322580645,0.7384615384615385,0.2615384615384615,CHEMBL237_Ki
71339737,mondrian_pairgap,cliffB_oracle,all,520,454,0.8730769230769231,0.8417035207457746,0.8989785949338258,2.390125608780804,,,,,CHEMBL237_Ki
71339737,mondrian_pairgap,cliffB_oracle,cliff,23,15,0.6521739130434783,0.44890335377263,0.8118872406120227,2.450975309213168,,,,,CHEMBL237_Ki
71339737,mondrian_pairgap,cliffB_oracle,noncliff,497,439,0.8832997987927566,0.852088391505129,0.9086313797716364,2.3873096266682396,,,,,CHEMBL237_Ki
71339737,mondrian_pairgap,cliffA,all,520,454,0.8730769230769231,0.8417035207457746,0.8989785949338258,2.390125608780804,,,,,CHEMBL237_Ki
71339737,mondrian_pairgap,cliffA,cliff,51,36,0.7058823529411765,0.5700092442431359,0.8129127357986454,2.399040580084733,,,,,CHEMBL237_Ki
71339737,mondrian_pairgap,cliffA,noncliff,469,418,0.8912579957356077,0.8598396758792756,0.9163189987752872,2.3891561769332545,,,,,CHEMBL237_Ki
71339737,mondrian_pairgap,__bins__,__summary__,-1,-1,,,,2.390125608780804,0.8,0.11935483870967734,0.7692307692307693,0.19999999999999996,CHEMBL237_Ki
71339737,mondrian_rfstd,cliffB_oracle,all,520,462,0.8884615384615384,0.8585052457614677,0.9127204623172913,2.4294378802838987,,,,,CHEMBL237_Ki
71339737,mondrian_rfstd,cliffB_oracle,cliff,23,15,0.6521739130434783,0.44890335377263,0.8118872406120227,2.662247309233485,,,,,CHEMBL237_Ki
71339737,mondrian_rfstd,cliffB_oracle,noncliff,497,447,0.8993963782696177,0.869811575842207,0.9228544325485434,2.4186640032902558,,,,,CHEMBL237_Ki
71339737,mondrian_rfstd,cliffA,all,520,462,0.8884615384615384,0.8585052457614677,0.9127204623172913,2.4294378802838987,,,,,CHEMBL237_Ki
71339737,mondrian_rfstd,cliffA,cliff,51,36,0.7058823529411765,0.5700092442431359,0.8129127357986454,2.4608323625197097,,,,,CHEMBL237_Ki
71339737,mondrian_rfstd,cliffA,noncliff,469,426,0.908315565031983,0.8787766860815034,0.9312199689394709,2.426023981362734,,,,,CHEMBL237_Ki
71339737,mondrian_rfstd,__bins__,__summary__,-1,-1,,,,2.4294378802838987,0.8387096774193549,0.11210999471179262,0.7692307692307693,0.18461538461538463,CHEMBL237_Ki
99182118,global,cliffB_oracle,all,520,469,0.9019230769230769,0.8733364407829969,0.9246149106450263,2.5384485539647157,,,,,CHEMBL237_Ki
99182118,global,cliffB_oracle,cliff,20,15,0.75,0.531299122381256,0.8881382985923343,2.5384485539647166,,,,,CHEMBL237_Ki
99182118,global,cliffB_oracle,noncliff,500,454,0.908,0.8794612618638256,0.930317276319548,2.5384485539647157,,,,,CHEMBL237_Ki
99182118,global,cliffA,all,520,469,0.9019230769230769,0.8733364407829969,0.9246149106450263,2.5384485539647157,,,,,CHEMBL237_Ki
99182118,global,cliffA,cliff,53,45,0.8490566037735849,0.7294575072380466,0.9214758214915374,2.538448553964716,,,,,CHEMBL237_Ki
99182118,global,cliffA,noncliff,467,424,0.9079229122055674,0.8782673197804578,0.9309222553140593,2.5384485539647157,,,,,CHEMBL237_Ki
99182118,global,__bins__,__summary__,-1,-1,,,,2.5384485539647157,0.8,0.1682539682539682,0.7538461538461538,0.23076923076923084,CHEMBL237_Ki
99182118,mondrian_pair,cliffB_oracle,all,520,469,0.9019230769230769,0.8733364407829969,0.9246149106450263,2.4888945439995642,,,,,CHEMBL237_Ki
99182118,mondrian_pair,cliffB_oracle,cliff,20,14,0.7,0.4810271816464765,0.8545227551323956,2.3557523357557817,,,,,CHEMBL237_Ki
99182118,mondrian_pair,cliffB_oracle,noncliff,500,455,0.91,0.8816905887106666,0.9320574521108606,2.4942202323293157,,,,,CHEMBL237_Ki
99182118,mondrian_pair,cliffA,all,520,469,0.9019230769230769,0.8733364407829969,0.9246149106450263,2.4888945439995642,,,,,CHEMBL237_Ki
99182118,mondrian_pair,cliffA,cliff,53,44,0.8301886792452831,0.7077471971890396,0.9080005462038102,2.372925688250466,,,,,CHEMBL237_Ki
99182118,mondrian_pair,cliffA,noncliff,467,425,0.9100642398286938,0.8806617544112149,0.9327755349882602,2.502055891654173,,,,,CHEMBL237_Ki
99182118,mondrian_pair,__bins__,__summary__,-1,-1,,,,2.4888945439995642,0.775,0.20912698412698405,0.7384615384615385,0.24615384615384617,CHEMBL237_Ki
99182118,mondrian_wstd,cliffB_oracle,all,520,455,0.875,0.8437959251812458,0.9007041395482495,2.4127646783506793,,,,,CHEMBL237_Ki
99182118,mondrian_wstd,cliffB_oracle,cliff,20,14,0.7,0.4810271816464765,0.8545227551323956,2.391970307613758,,,,,CHEMBL237_Ki
99182118,mondrian_wstd,cliffB_oracle,noncliff,500,441,0.882,0.8507680121388806,0.9074069917484936,2.4135964531801566,,,,,CHEMBL237_Ki
99182118,mondrian_wstd,cliffA,all,520,455,0.875,0.8437959251812458,0.9007041395482495,2.4127646783506793,,,,,CHEMBL237_Ki
99182118,mondrian_wstd,cliffA,cliff,53,42,0.7924528301886793,0.6654225529835207,0.8799540197358604,2.427222772988671,,,,,CHEMBL237_Ki
99182118,mondrian_wstd,cliffA,noncliff,467,413,0.8843683083511777,0.8521780643498921,0.9102866533900859,2.411123823927096,,,,,CHEMBL237_Ki
99182118,mondrian_wstd,__bins__,__summary__,-1,-1,,,,2.4127646783506793,0.7741935483870968,0.1940604198668715,0.7230769230769231,0.23076923076923084,CHEMBL237_Ki
99182118,mondrian_std,cliffB_oracle,all,520,462,0.8884615384615384,0.8585052457614677,0.9127204623172913,2.4488894655902453,,,,,CHEMBL237_Ki
99182118,mondrian_std,cliffB_oracle,cliff,20,15,0.75,0.531299122381256,0.8881382985923343,2.4419957911869306,,,,,CHEMBL237_Ki
99182118,mondrian_std,cliffB_oracle,noncliff,500,447,0.894,0.8639490699892671,0.9180429497270297,2.4491652125663776,,,,,CHEMBL237_Ki
99182118,mondrian_std,cliffA,all,520,462,0.8884615384615384,0.8585052457614677,0.9127204623172913,2.4488894655902453,,,,,CHEMBL237_Ki
99182118,mondrian_std,cliffA,cliff,53,44,0.8301886792452831,0.7077471971890396,0.9080005462038102,2.4708076676910293,,,,,CHEMBL237_Ki
99182118,mondrian_std,cliffA,noncliff,467,418,0.8950749464668094,0.8639837182096104,0.919719571055158,2.4464019608550385,,,,,CHEMBL237_Ki
99182118,mondrian_std,__bins__,__summary__,-1,-1,,,,2.4488894655902453,0.8375,0.1148809523809523,0.7538461538461538,0.2153846153846154,CHEMBL237_Ki
99182118,mondrian_iqr,cliffB_oracle,all,520,462,0.8884615384615384,0.8585052457614677,0.9127204623172913,2.5401150865300828,,,,,CHEMBL237_Ki
99182118,mondrian_iqr,cliffB_oracle,cliff,20,15,0.75,0.531299122381256,0.8881382985923343,2.6159636375190067,,,,,CHEMBL237_Ki
99182118,mondrian_iqr,cliffB_oracle,noncliff,500,447,0.894,0.8639490699892671,0.9180429497270297,2.537081144490526,,,,,CHEMBL237_Ki
99182118,mondrian_iqr,cliffA,all,520,462,0.8884615384615384,0.8585052457614677,0.9127204623172913,2.5401150865300828,,,,,CHEMBL237_Ki
99182118,mondrian_iqr,cliffA,cliff,53,44,0.8301886792452831,0.7077471971890396,0.9080005462038102,2.6641946594146906,,,,,CHEMBL237_Ki
99182118,mondrian_iqr,cliffA,noncliff,467,418,0.8950749464668094,0.8639837182096104,0.919719571055158,2.526033250635256,,,,,CHEMBL237_Ki
99182118,mondrian_iqr,__bins__,__summary__,-1,-1,,,,2.5401150865300828,0.8375,0.1148809523809523,0.7692307692307693,0.16923076923076918,CHEMBL237_Ki
99182118,mondrian_nb,cliffB_oracle,all,520,468,0.9,0.8712094686539531,0.9229239337241752,2.508622633252185,,,,,CHEMBL237_Ki
99182118,mondrian_nb,cliffB_oracle,cliff,20,14,0.7,0.4810271816464765,0.8545227551323956,2.3167341224191493,,,,,CHEMBL237_Ki
99182118,mondrian_nb,cliffB_oracle,noncliff,500,454,0.908,0.8794612618638256,0.930317276319548,2.5162981736855055,,,,,CHEMBL237_Ki
99182118,mondrian_nb,cliffA,all,520,468,0.9,0.8712094686539531,0.9229239337241752,2.508622633252185,,,,,CHEMBL237_Ki
99182118,mondrian_nb,cliffA,cliff,53,44,0.8301886792452831,0.7077471971890396,0.9080005462038102,2.309847418400465,,,,,CHEMBL237_Ki
99182118,mondrian_nb,cliffA,noncliff,467,424,0.9079229122055674,0.8782673197804578,0.9309222553140593,2.531181704744992,,,,,CHEMBL237_Ki
99182118,mondrian_nb,__bins__,__summary__,-1,-1,,,,2.508622633252185,0.7936507936507936,0.17460317460317465,0.8,0.16923076923076918,CHEMBL237_Ki
99182118,mondrian_nnsim,cliffB_oracle,all,520,473,0.9096153846153846,0.8818744050314969,0.9313487425961054,2.5439120513571507,,,,,CHEMBL237_Ki
99182118,mondrian_nnsim,cliffB_oracle,cliff,20,15,0.75,0.531299122381256,0.8881382985923343,2.36741261329626,,,,,CHEMBL237_Ki
99182118,mondrian_nnsim,cliffB_oracle,noncliff,500,458,0.916,0.888400685539819,0.9372558631961696,2.550972028879586,,,,,CHEMBL237_Ki
99182118,mondrian_nnsim,cliffA,all,520,473,0.9096153846153846,0.8818744050314969,0.9313487425961054,2.5439120513571507,,,,,CHEMBL237_Ki
99182118,mondrian_nnsim,cliffA,cliff,53,45,0.8490566037735849,0.7294575072380466,0.9214758214915374,2.3978054799551596,,,,,CHEMBL237_Ki
99182118,mondrian_nnsim,cliffA,noncliff,467,428,0.9164882226980728,0.8878712908908567,0.9383091414234929,2.560493739332109,,,,,CHEMBL237_Ki
99182118,mondrian_nnsim,__bins__,__summary__,-1,-1,,,,2.5439120513571507,0.8125,0.17162698412698407,0.7538461538461538,0.23076923076923084,CHEMBL237_Ki
99182118,mondrian_pairgap,cliffB_oracle,all,520,470,0.9038461538461539,0.8754663415012954,0.9263029589766226,2.5372331647459774,,,,,CHEMBL237_Ki
99182118,mondrian_pairgap,cliffB_oracle,cliff,20,15,0.75,0.531299122381256,0.8881382985923343,2.4694487483428014,,,,,CHEMBL237_Ki
99182118,mondrian_pairgap,cliffB_oracle,noncliff,500,455,0.91,0.8816905887106666,0.9320574521108606,2.5399445414021042,,,,,CHEMBL237_Ki
99182118,mondrian_pairgap,cliffA,all,520,470,0.9038461538461539,0.8754663415012954,0.9263029589766226,2.5372331647459774,,,,,CHEMBL237_Ki
99182118,mondrian_pairgap,cliffA,cliff,53,45,0.8490566037735849,0.7294575072380466,0.9214758214915374,2.4849392410281146,,,,,CHEMBL237_Ki
99182118,mondrian_pairgap,cliffA,noncliff,467,425,0.9100642398286938,0.8806617544112149,0.9327755349882602,2.54316802118505,,,,,CHEMBL237_Ki
99182118,mondrian_pairgap,__bins__,__summary__,-1,-1,,,,2.5372331647459774,0.8125,0.15575396825396826,0.7230769230769231,0.2615384615384616,CHEMBL237_Ki
99182118,mondrian_rfstd,cliffB_oracle,all,520,454,0.8730769230769231,0.8417035207457746,0.8989785949338258,2.307252422064711,,,,,CHEMBL237_Ki
99182118,mondrian_rfstd,cliffB_oracle,cliff,20,13,0.65,0.43285427668523624,0.818808175898918,2.402631804321034,,,,,CHEMBL237_Ki
99182118,mondrian_rfstd,cliffB_oracle,noncliff,500,441,0.882,0.8507680121388806,0.9074069917484936,2.303437246774458,,,,,CHEMBL237_Ki
99182118,mondrian_rfstd,cliffA,all,520,454,0.8730769230769231,0.8417035207457746,0.8989785949338258,2.307252422064711,,,,,CHEMBL237_Ki
99182118,mondrian_rfstd,cliffA,cliff,53,41,0.7735849056603774,0.6447372974853895,0.8654536898972573,2.3647846561259063,,,,,CHEMBL237_Ki
99182118,mondrian_rfstd,cliffA,noncliff,467,413,0.8843683083511777,0.8521780643498921,0.9102866533900859,2.300723067877894,,,,,CHEMBL237_Ki
99182118,mondrian_rfstd,__bins__,__summary__,-1,-1,,,,2.307252422064711,0.8095238095238095,0.12698412698412698,0.8153846153846154,0.12307692307692308,CHEMBL237_Ki
89709943,global,cliffB_oracle,all,520,457,0.8788461538461538,0.8479872040305559,0.904148758798729,2.313700148377407,,,,,CHEMBL237_Ki
89709943,global,cliffB_oracle,cliff,25,17,0.68,0.48410269273102247,0.8279480969309202,2.313700148377407,,,,,CHEMBL237_Ki
89709943,global,cliffB_oracle,noncliff,495,440,0.8888888888888888,0.858153610471109,0.9136346865765629,2.3137001483774067,,,,,CHEMBL237_Ki
89709943,global,cliffA,all,520,457,0.8788461538461538,0.8479872040305559,0.904148758798729,2.313700148377407,,,,,CHEMBL237_Ki
89709943,global,cliffA,cliff,68,56,0.8235294117647058,0.7163955959225665,0.8960641275056231,2.313700148377407,,,,,CHEMBL237_Ki
89709943,global,cliffA,noncliff,452,401,0.8871681415929203,0.8546784770194136,0.9131323335757522,2.313700148377407,,,,,CHEMBL237_Ki
89709943,global,__bins__,__summary__,-1,-1,,,,2.313700148377407,0.75,0.23360655737704916,0.7384615384615385,0.23076923076923073,CHEMBL237_Ki
89709943,mondrian_pair,cliffB_oracle,all,520,459,0.8826923076923077,0.8521874010373478,0.9075844598917266,2.330394846454465,,,,,CHEMBL237_Ki
89709943,mondrian_pair,cliffB_oracle,cliff,25,17,0.68,0.48410269273102247,0.8279480969309202,2.368359711209446,,,,,CHEMBL237_Ki
89709943,mondrian_pair,cliffB_oracle,noncliff,495,442,0.8929292929292929,0.8626014395261754,0.9172054372310829,2.3284774290425965,,,,,CHEMBL237_Ki
89709943,mondrian_pair,cliffA,all,520,459,0.8826923076923077,0.8521874010373478,0.9075844598917266,2.330394846454465,,,,,CHEMBL237_Ki
89709943,mondrian_pair,cliffA,cliff,68,56,0.8235294117647058,0.7163955959225665,0.8960641275056231,2.368422011542924,,,,,CHEMBL237_Ki
89709943,mondrian_pair,cliffA,noncliff,452,403,0.8915929203539823,0.8595627845055088,0.9170230067821731,2.3246739455119525,,,,,CHEMBL237_Ki
89709943,mondrian_pair,__bins__,__summary__,-1,-1,,,,2.330394846454465,0.75,0.23360655737704916,0.7384615384615385,0.23076923076923073,CHEMBL237_Ki
89709943,mondrian_wstd,cliffB_oracle,all,520,457,0.8788461538461538,0.8479872040305559,0.904148758798729,2.3844342699764995,,,,,CHEMBL237_Ki
89709943,mondrian_wstd,cliffB_oracle,cliff,25,18,0.72,0.5242339480963842,0.8571614614904344,2.5541217605954545,,,,,CHEMBL237_Ki
89709943,mondrian_wstd,cliffB_oracle,noncliff,495,439,0.8868686868686869,0.8559339487428697,0.9118450584500095,2.3758641946927144,,,,,CHEMBL237_Ki
89709943,mondrian_wstd,cliffA,all,520,457,0.8788461538461538,0.8479872040305559,0.904148758798729,2.3844342699764995,,,,,CHEMBL237_Ki
89709943,mondrian_wstd,cliffA,cliff,68,57,0.8382352941176471,0.733099723993876,0.9071990777719586,2.4990606942909603,,,,,CHEMBL237_Ki
89709943,mondrian_wstd,cliffA,noncliff,452,400,0.8849557522123894,0.8522415454328643,0.9111817748160432,2.3671895866725543,,,,,CHEMBL237_Ki
89709943,mondrian_wstd,__bins__,__summary__,-1,-1,,,,2.3844342699764995,0.7717391304347826,0.21186742694226657,0.7538461538461538,0.2153846153846154,CHEMBL237_Ki
89709943,mondrian_std,cliffB_oracle,all,520,451,0.8673076923076923,0.8354387606942407,0.8937895078356751,2.3437589504877723,,,,,CHEMBL237_Ki
89709943,mondrian_std,cliffB_oracle,cliff,25,17,0.68,0.48410269273102247,0.8279480969309202,2.4695152830059577,,,,,CHEMBL237_Ki
89709943,mondrian_std,cliffB_oracle,noncliff,495,434,0.8767676767676768,0.8448756695775126,0.902856888341401,2.3374076205626113,,,,,CHEMBL237_Ki
89709943,mondrian_std,cliffA,all,520,451,0.8673076923076923,0.8354387606942407,0.8937895078356751,2.3437589504877723,,,,,CHEMBL237_Ki
89709943,mondrian_std,cliffA,cliff,68,56,0.8235294117647058,0.7163955959225665,0.8960641275056231,2.4890428331293344,,,,,CHEMBL237_Ki
89709943,mondrian_std,cliffA,noncliff,452,395,0.8738938053097345,0.8401058283653577,0.9013800401522594,2.321902083187714,,,,,CHEMBL237_Ki
89709943,mondrian_std,__bins__,__summary__,-1,-1,,,,2.3437589504877723,0.7717391304347826,0.21186742694226657,0.7384615384615385,0.2153846153846154,CHEMBL237_Ki
89709943,mondrian_iqr,cliffB_oracle,all,520,458,0.8807692307692307,0.8500861650476034,0.9058677468315764,2.4260664347672534,,,,,CHEMBL237_Ki
89709943,mondrian_iqr,cliffB_oracle,cliff,25,17,0.68,0.48410269273102247,0.8279480969309202,2.591932766374109,,,,,CHEMBL237_Ki
89709943,mondrian_iqr,cliffB_oracle,noncliff,495,441,0.8909090909090909,0.8603760849572586,0.9154215019452066,2.417689347312361,,,,,CHEMBL237_Ki
89709943,mondrian_iqr,cliffA,all,520,458,0.8807692307692307,0.8500861650476034,0.9058677468315764,2.4260664347672534,,,,,CHEMBL237_Ki
89709943,mondrian_iqr,cliffA,cliff,68,55,0.8088235294117647,0.699893585399794,0.8847270596907507,2.4477120618635766,,,,,CHEMBL237_Ki
89709943,mondrian_iqr,cliffA,noncliff,452,403,0.8915929203539823,0.8595627845055088,0.9170230067821731,2.4228100129917,,,,,CHEMBL237_Ki
89709943,mondrian_iqr,__bins__,__summary__,-1,-1,,,,2.4260664347672534,0.75,0.2008196721311475,0.7384615384615385,0.23076923076923073,CHEMBL237_Ki
89709943,mondrian_nb,cliffB_oracle,all,520,470,0.9038461538461539,0.8754663415012954,0.9263029589766226,2.425898033606341,,,,,CHEMBL237_Ki
89709943,mondrian_nb,cliffB_oracle,cliff,25,16,0.64,0.44518497748164865,0.7975211922554178,2.3587218394212144,,,,,CHEMBL237_Ki
89709943,mondrian_nb,cliffB_oracle,noncliff,495,454,0.9171717171717172,0.8895597931397207,0.9383585618750548,2.4292907706863973,,,,,CHEMBL237_Ki
89709943,mondrian_nb,cliffA,all,520,470,0.9038461538461539,0.8754663415012954,0.9263029589766226,2.425898033606341,,,,,CHEMBL237_Ki
89709943,mondrian_nb,cliffA,cliff,68,55,0.8088235294117647,0.699893585399794,0.8847270596907507,2.360956047020915,,,,,CHEMBL237_Ki
89709943,mondrian_nb,cliffA,noncliff,452,415,0.918141592920354,0.8892055636168595,0.9400301118259194,2.4356680669864486,,,,,CHEMBL237_Ki
89709943,mondrian_nb,__bins__,__summary__,-1,-1,,,,2.425898033606341,0.8043478260869565,0.17925873129009262,0.8,0.19999999999999996,CHEMBL237_Ki
89709943,mondrian_nnsim,cliffB_oracle,all,520,461,0.8865384615384615,0.8563968907127906,0.9110108683160736,2.4566018857091407,,,,,CHEMBL237_Ki
89709943,mondrian_nnsim,cliffB_oracle,cliff,25,16,0.64,0.44518497748164865,0.7975211922554178,2.427562428283049,,,,,CHEMBL237_Ki
89709943,mondrian_nnsim,cliffB_oracle,noncliff,495,445,0.898989898989899,0.8692955047166502,0.9225392416049876,2.458068524973085,,,,,CHEMBL237_Ki
89709943,mondrian_nnsim,cliffA,all,520,461,0.8865384615384615,0.8563968907127906,0.9110108683160736,2.4566018857091407,,,,,CHEMBL237_Ki
89709943,mondrian_nnsim,cliffA,cliff,68,55,0.8088235294117647,0.699893585399794,0.8847270596907507,2.3995303719660366,,,,,CHEMBL237_Ki
89709943,mondrian_nnsim,cliffA,noncliff,452,406,0.8982300884955752,0.8669167582432541,0.9228315040832019,2.4651878656527937,,,,,CHEMBL237_Ki
89709943,mondrian_nnsim,__bins__,__summary__,-1,-1,,,,2.4566018857091407,0.75,0.21721311475409832,0.7384615384615385,0.24615384615384617,CHEMBL237_Ki
89709943,mondrian_pairgap,cliffB_oracle,all,520,461,0.8865384615384615,0.8563968907127906,0.9110108683160736,2.4434227008400207,,,,,CHEMBL237_Ki
89709943,mondrian_pairgap,cliffB_oracle,cliff,25,17,0.68,0.48410269273102247,0.8279480969309202,2.464798370760276,,,,,CHEMBL237_Ki
89709943,mondrian_pairgap,cliffB_oracle,noncliff,495,444,0.896969696969697,0.8670610739148041,0.9207643825520404,2.442343121551119,,,,,CHEMBL237_Ki
89709943,mondrian_pairgap,cliffA,all,520,461,0.8865384615384615,0.8563968907127906,0.9110108683160736,2.4434227008400207,,,,,CHEMBL237_Ki
89709943,mondrian_pairgap,cliffA,cliff,68,56,0.8235294117647058,0.7163955959225665,0.8960641275056231,2.4920216146727623,,,,,CHEMBL237_Ki
89709943,mondrian_pairgap,cliffA,noncliff,452,405,0.8960176991150443,0.8644616328223097,0.9208991391578883,2.4361113598209356,,,,,CHEMBL237_Ki
89709943,mondrian_pairgap,__bins__,__summary__,-1,-1,,,,2.4434227008400207,0.75,0.21721311475409832,0.7384615384615385,0.24615384615384617,CHEMBL237_Ki
89709943,mondrian_rfstd,cliffB_oracle,all,520,472,0.9076923076923077,0.8797352407012617,0.9296699578764458,2.459654095406887,,,,,CHEMBL237_Ki
89709943,mondrian_rfstd,cliffB_oracle,cliff,25,18,0.72,0.5242339480963842,0.8571614614904344,2.4873285915502468,,,,,CHEMBL237_Ki
89709943,mondrian_rfstd,cliffB_oracle,noncliff,495,454,0.9171717171717172,0.8895597931397207,0.9383585618750548,2.4582563935814647,,,,,CHEMBL237_Ki
89709943,mondrian_rfstd,cliffA,all,520,472,0.9076923076923077,0.8797352407012617,0.9296699578764458,2.459654095406887,,,,,CHEMBL237_Ki
89709943,mondrian_rfstd,cliffA,cliff,68,57,0.8382352941176471,0.733099723993876,0.9071990777719586,2.4519037831052417,,,,,CHEMBL237_Ki
89709943,mondrian_rfstd,cliffA,noncliff,452,415,0.918141592920354,0.8892055636168595,0.9400301118259194,2.4608200715938597,,,,,CHEMBL237_Ki
89709943,mondrian_rfstd,__bins__,__summary__,-1,-1,,,,2.459654095406887,0.8688524590163934,0.08196721311475408,0.8,0.16923076923076918,CHEMBL237_Ki
86921808,global,cliffB_oracle,all,520,476,0.9153846153846154,0.8883118446981964,0.9363651500790906,2.4727112650253504,,,,,CHEMBL237_Ki
86921808,global,cliffB_oracle,cliff,17,13,0.7647058823529411,0.5273820188043501,0.9044495567791988,2.4727112650253495,,,,,CHEMBL237_Ki
86921808,global,cliffB_oracle,noncliff,503,463,0.9204771371769384,0.89352164236044,0.9410588613422872,2.47271126502535,,,,,CHEMBL237_Ki
86921808,global,cliffA,all,520,476,0.9153846153846154,0.8883118446981964,0.9363651500790906,2.4727112650253504,,,,,CHEMBL237_Ki
86921808,global,cliffA,cliff,53,45,0.8490566037735849,0.7294575072380466,0.9214758214915374,2.4727112650253495,,,,,CHEMBL237_Ki
86921808,global,cliffA,noncliff,467,431,0.9229122055674518,0.8951233619145912,0.9438002133146325,2.47271126502535,,,,,CHEMBL237_Ki
86921808,global,__bins__,__summary__,-1,-1,,,,2.4727112650253504,0.7954545454545454,0.17228739002932558,0.7692307692307693,0.2153846153846154,CHEMBL237_Ki
86921808,mondrian_pair,cliffB_oracle,all,520,478,0.9192307692307692,0.8926211005006705,0.9396917923764062,2.5084838007308567,,,,,CHEMBL237_Ki
86921808,mondrian_pair,cliffB_oracle,cliff,17,14,0.8235294117647058,0.5897054143116588,0.9380887336237901,2.550016992214044,,,,,CHEMBL237_Ki
86921808,mondrian_pair,cliffB_oracle,noncliff,503,464,0.9224652087475149,0.8957613066416797,0.9427652041707529,2.507080094458065,,,,,CHEMBL237_Ki
86921808,mondrian_pair,cliffA,all,520,478,0.9192307692307692,0.8926211005006705,0.9396917923764062,2.5084838007308567,,,,,CHEMBL237_Ki
86921808,mondrian_pair,cliffA,cliff,53,46,0.8679245283018868,0.7515974469109508,0.9345214671553674,2.532871796702913,,,,,CHEMBL237_Ki
86921808,mondrian_pair,cliffA,noncliff,467,432,0.9250535331905781,0.8975509724981579,0.945620317036024,2.5057159981901314,,,,,CHEMBL237_Ki
86921808,mondrian_pair,__bins__,__summary__,-1,-1,,,,2.5084838007308567,0.8181818181818182,0.14956011730205276,0.7846153846153846,0.20000000000000007,CHEMBL237_Ki
86921808,mondrian_wstd,cliffB_oracle,all,520,467,0.8980769230769231,0.8690853516540739,0.9212301016741596,2.404502827924036,,,,,CHEMBL237_Ki
86921808,mondrian_wstd,cliffB_oracle,cliff,17,12,0.7058823529411765,0.4686688993346016,0.8672001038970478,2.4746969774331493,,,,,CHEMBL237_Ki
86921808,mondrian_wstd,cliffB_oracle,noncliff,503,455,0.904572564612326,0.8757448588826354,0.9272675879424473,2.4021304610420184,,,,,CHEMBL237_Ki
86921808,mondrian_wstd,cliffA,all,520,467,0.8980769230769231,0.8690853516540739,0.9212301016741596,2.404502827924036,,,,,CHEMBL237_Ki
86921808,mondrian_wstd,cliffA,cliff,53,44,0.8301886792452831,0.7077471971890396,0.9080005462038102,2.4936263019995586,,,,,CHEMBL237_Ki
86921808,mondrian_wstd,cliffA,noncliff,467,423,0.9057815845824411,0.8758770330318942,0.9290648277576646,2.3943881724079707,,,,,CHEMBL237_Ki
86921808,mondrian_wstd,__bins__,__summary__,-1,-1,,,,2.404502827924036,0.8360655737704918,0.11554732945531465,0.7846153846153846,0.18461538461538463,CHEMBL237_Ki
86921808,mondrian_std,cliffB_oracle,all,520,474,0.9115384615384615,0.8840168302198698,0.9330242664576275,2.5118217063826505,,,,,CHEMBL237_Ki
86921808,mondrian_std,cliffB_oracle,cliff,17,12,0.7058823529411765,0.4686688993346016,0.8672001038970478,2.6280214394054853,,,,,CHEMBL237_Ki
86921808,mondrian_std,cliffB_oracle,noncliff,503,462,0.9184890656063618,0.8912861738295633,0.9393483227634581,2.507894478825218,,,,,CHEMBL237_Ki
86921808,mondrian_std,cliffA,all,520,474,0.9115384615384615,0.8840168302198698,0.9330242664576275,2.5118217063826505,,,,,CHEMBL237_Ki
86921808,mondrian_std,cliffA,cliff,53,44,0.8301886792452831,0.7077471971890396,0.9080005462038102,2.5942866969501064,,,,,CHEMBL237_Ki
86921808,mondrian_std,cliffA,noncliff,467,430,0.9207708779443254,0.892701001869718,0.9419748590545475,2.502462724583774,,,,,CHEMBL237_Ki
86921808,mondrian_std,__bins__,__summary__,-1,-1,,,,2.5118217063826505,0.8636363636363636,0.12023460410557185,0.8,0.16923076923076918,CHEMBL237_Ki
86921808,mondrian_iqr,cliffB_oracle,all,520,478,0.9192307692307692,0.8926211005006705,0.9396917923764062,2.5249438013832357,,,,,CHEMBL237_Ki
86921808,mondrian_iqr,cliffB_oracle,cliff,17,14,0.8235294117647058,0.5897054143116588,0.9380887336237901,2.5111484394387666,,,,,CHEMBL237_Ki
86921808,mondrian_iqr,cliffB_oracle,noncliff,503,464,0.9224652087475149,0.8957613066416797,0.9427652041707529,2.5254100462203253,,,,,CHEMBL237_Ki
86921808,mondrian_iqr,cliffA,all,520,478,0.9192307692307692,0.8926211005006705,0.9396917923764062,2.5249438013832357,,,,,CHEMBL237_Ki
86921808,mondrian_iqr,cliffA,cliff,53,46,0.8679245283018868,0.7515974469109508,0.9345214671553674,2.5822663089932156,,,,,CHEMBL237_Ki
86921808,mondrian_iqr,cliffA,noncliff,467,432,0.9250535331905781,0.8975509724981579,0.945620317036024,2.5184382491277133,,,,,CHEMBL237_Ki
86921808,mondrian_iqr,__bins__,__summary__,-1,-1,,,,2.5249438013832357,0.8409090909090909,0.15909090909090906,0.8153846153846154,0.15384615384615385,CHEMBL237_Ki
86921808,mondrian_nb,cliffB_oracle,all,520,471,0.9057692307692308,0.8775992478499783,0.9279880016778344,2.4519443858066987,,,,,CHEMBL237_Ki
86921808,mondrian_nb,cliffB_oracle,cliff,17,12,0.7058823529411765,0.4686688993346016,0.8672001038970478,2.302340506803615,,,,,CHEMBL237_Ki
86921808,mondrian_nb,cliffB_oracle,noncliff,503,459,0.9125248508946322,0.8846036209225786,0.9341928543413264,2.4570005805244968,,,,,CHEMBL237_Ki
86921808,mondrian_nb,cliffA,all,520,471,0.9057692307692308,0.8775992478499783,0.9279880016778344,2.4519443858066987,,,,,CHEMBL237_Ki
86921808,mondrian_nb,cliffA,cliff,53,44,0.8301886792452831,0.7077471971890396,0.9080005462038102,2.453839326421584,,,,,CHEMBL237_Ki
86921808,mondrian_nb,cliffA,noncliff,467,427,0.9143468950749465,0.8854635974327363,0.9364691205766551,2.451729328306509,,,,,CHEMBL237_Ki
86921808,mondrian_nb,__bins__,__summary__,-1,-1,,,,2.4519443858066987,0.7840909090909091,0.16752199413489743,0.7846153846153846,0.18461538461538463,CHEMBL237_Ki
86921808,mondrian_nnsim,cliffB_oracle,all,520,471,0.9057692307692308,0.8775992478499783,0.9279880016778344,2.493218724605354,,,,,CHEMBL237_Ki
86921808,mondrian_nnsim,cliffB_oracle,cliff,17,11,0.6470588235294118,0.41300363485218694,0.8269027960275627,2.24575414668073,,,,,CHEMBL237_Ki
86921808,mondrian_nnsim,cliffB_oracle,noncliff,503,460,0.9145129224652088,0.886827287749098,0.9359151946245124,2.501582338570997,,,,,CHEMBL237_Ki
86921808,mondrian_nnsim,cliffA,all,520,471,0.9057692307692308,0.8775992478499783,0.9279880016778344,2.493218724605354,,,,,CHEMBL237_Ki
86921808,mondrian_nnsim,cliffA,cliff,53,42,0.7924528301886793,0.6654225529835207,0.8799540197358604,2.3148797520275544,,,,,CHEMBL237_Ki
86921808,mondrian_nnsim,cliffA,noncliff,467,429,0.9186295503211992,0.8902837037614103,0.9401444428578972,2.513458479523177,,,,,CHEMBL237_Ki
86921808,mondrian_nnsim,__bins__,__summary__,-1,-1,,,,2.493218724605354,0.7727272727272727,0.1950146627565983,0.7538461538461538,0.23076923076923084,CHEMBL237_Ki
86921808,mondrian_pairgap,cliffB_oracle,all,520,478,0.9192307692307692,0.8926211005006705,0.9396917923764062,2.50184444314042,,,,,CHEMBL237_Ki
86921808,mondrian_pairgap,cliffB_oracle,cliff,17,14,0.8235294117647058,0.5897054143116588,0.9380887336237901,2.5451659787365912,,,,,CHEMBL237_Ki
86921808,mondrian_pairgap,cliffB_oracle,noncliff,503,464,0.9224652087475149,0.8957613066416797,0.9427652041707529,2.500380295814108,,,,,CHEMBL237_Ki
86921808,mondrian_pairgap,cliffA,all,520,478,0.9192307692307692,0.8926211005006705,0.9396917923764062,2.50184444314042,,,,,CHEMBL237_Ki
86921808,mondrian_pairgap,cliffA,cliff,53,46,0.8679245283018868,0.7515974469109508,0.9345214671553674,2.513639309229002,,,,,CHEMBL237_Ki
86921808,mondrian_pairgap,cliffA,noncliff,467,432,0.9250535331905781,0.8975509724981579,0.945620317036024,2.500505839494392,,,,,CHEMBL237_Ki
86921808,mondrian_pairgap,__bins__,__summary__,-1,-1,,,,2.50184444314042,0.8181818181818182,0.13343108504398826,0.7846153846153846,0.20000000000000007,CHEMBL237_Ki
86921808,mondrian_rfstd,cliffB_oracle,all,520,476,0.9153846153846154,0.8883118446981964,0.9363651500790906,2.496534089237804,,,,,CHEMBL237_Ki
86921808,mondrian_rfstd,cliffB_oracle,cliff,17,16,0.9411764705882353,0.7301796936242461,0.9895395990150025,2.787350644640969,,,,,CHEMBL237_Ki
86921808,mondrian_rfstd,cliffB_oracle,noncliff,503,460,0.9145129224652088,0.886827287749098,0.9359151946245124,2.486705299094954,,,,,CHEMBL237_Ki
86921808,mondrian_rfstd,cliffA,all,520,476,0.9153846153846154,0.8883118446981964,0.9363651500790906,2.496534089237804,,,,,CHEMBL237_Ki
86921808,mondrian_rfstd,cliffA,cliff,53,45,0.8490566037735849,0.7294575072380466,0.9214758214915374,2.5452046099144794,,,,,CHEMBL237_Ki
86921808,mondrian_rfstd,cliffA,noncliff,467,431,0.9229122055674518,0.8951233619145912,0.9438002133146325,2.4910104541288884,,,,,CHEMBL237_Ki
86921808,mondrian_rfstd,__bins__,__summary__,-1,-1,,,,2.496534089237804,0.8636363636363636,0.12023460410557185,0.8307692307692308,0.1384615384615384,CHEMBL237_Ki
89165191,global,cliffB_oracle,all,520,465,0.8942307692307693,0.8648454057490372,0.9178341494794066,2.4582686759665293,,,,,CHEMBL237_Ki
89165191,global,cliffB_oracle,cliff,14,10,0.7142857142857143,0.4535091567010681,0.8827862135542308,2.4582686759665293,,,,,CHEMBL237_Ki
89165191,global,cliffB_oracle,noncliff,506,455,0.8992094861660079,0.8698971679884339,0.9225060252208547,2.4582686759665293,,,,,CHEMBL237_Ki
89165191,global,cliffA,all,520,465,0.8942307692307693,0.8648454057490372,0.9178341494794066,2.4582686759665293,,,,,CHEMBL237_Ki
89165191,global,cliffA,cliff,41,32,0.7804878048780488,0.6329499401177383,0.8799682522178243,2.4582686759665293,,,,,CHEMBL237_Ki
89165191,global,cliffA,noncliff,479,433,0.9039665970772442,0.8742763972837325,0.9272289269384665,2.4582686759665293,,,,,CHEMBL237_Ki
89165191,global,__bins__,__summary__,-1,-1,,,,2.4582686759665293,0.7674418604651163,0.2003000750187547,0.7230769230769231,0.24615384615384617,CHEMBL237_Ki
89165191,mondrian_pair,cliffB_oracle,all,520,465,0.8942307692307693,0.8648454057490372,0.9178341494794066,2.4188189978891397,,,,,CHEMBL237_Ki
89165191,mondrian_pair,cliffB_oracle,cliff,14,10,0.7142857142857143,0.4535091567010681,0.8827862135542308,2.4842457169123997,,,,,CHEMBL237_Ki
89165191,mondrian_pair,cliffB_oracle,noncliff,506,455,0.8992094861660079,0.8698971679884339,0.9225060252208547,2.417008772461619,,,,,CHEMBL237_Ki
89165191,mondrian_pair,cliffA,all,520,465,0.8942307692307693,0.8648454057490372,0.9178341494794066,2.4188189978891397,,,,,CHEMBL237_Ki
89165191,mondrian_pair,cliffA,cliff,41,32,0.7804878048780488,0.6329499401177383,0.8799682522178243,2.480099296974606,,,,,CHEMBL237_Ki
89165191,mondrian_pair,cliffA,noncliff,479,433,0.9039665970772442,0.8742763972837325,0.9272289269384665,2.413573711328589,,,,,CHEMBL237_Ki
89165191,mondrian_pair,__bins__,__summary__,-1,-1,,,,2.4188189978891397,0.7674418604651163,0.2003000750187547,0.7230769230769231,0.24615384615384617,CHEMBL237_Ki
89165191,mondrian_wstd,cliffB_oracle,all,520,465,0.8942307692307693,0.8648454057490372,0.9178341494794066,2.562972242945828,,,,,CHEMBL237_Ki
89165191,mondrian_wstd,cliffB_oracle,cliff,14,10,0.7142857142857143,0.4535091567010681,0.8827862135542308,2.6327880932870693,,,,,CHEMBL237_Ki
89165191,mondrian_wstd,cliffB_oracle,noncliff,506,455,0.8992094861660079,0.8698971679884339,0.9225060252208547,2.5610405791023942,,,,,CHEMBL237_Ki
89165191,mondrian_wstd,cliffA,all,520,465,0.8942307692307693,0.8648454057490372,0.9178341494794066,2.562972242945828,,,,,CHEMBL237_Ki
89165191,mondrian_wstd,cliffA,cliff,41,33,0.8048780487804879,0.6598641481293658,0.8976556261484198,2.513088667402056,,,,,CHEMBL237_Ki
89165191,mondrian_wstd,cliffA,noncliff,479,432,0.9018789144050104,0.871955743961738,0.9254074338820517,2.567242027073792,,,,,CHEMBL237_Ki
89165191,mondrian_wstd,__bins__,__summary__,-1,-1,,,,2.562972242945828,0.813953488372093,0.15378844711177797,0.7692307692307693,0.19999999999999996,CHEMBL237_Ki
89165191,mondrian_std,cliffB_oracle,all,520,464,0.8923076923076924,0.8627294458558383,0.9161321603227106,2.5323153685786592,,,,,CHEMBL237_Ki
89165191,mondrian_std,cliffB_oracle,cliff,14,10,0.7142857142857143,0.4535091567010681,0.8827862135542308,2.5656014201472295,,,,,CHEMBL237_Ki
89165191,mondrian_std,cliffB_oracle,noncliff,506,454,0.8972332015810277,0.8677129887630616,0.9207674163610325,2.5313944106301216,,,,,CHEMBL237_Ki
89165191,mondrian_std,cliffA,all,520,464,0.8923076923076924,0.8627294458558383,0.9161321603227106,2.5323153685786592,,,,,CHEMBL237_Ki
89165191,mondrian_std,cliffA,cliff,41,33,0.8048780487804879,0.6598641481293658,0.8976556261484198,2.4897882186962885,,,,,CHEMBL237_Ki
89165191,mondrian_std,cliffA,noncliff,479,431,0.8997912317327766,0.8696386752402463,0.9235823562251342,2.5359554795289254,,,,,CHEMBL237_Ki
89165191,mondrian_std,__bins__,__summary__,-1,-1,,,,2.5323153685786592,0.8023255813953488,0.16541635408852218,0.7538461538461538,0.2153846153846154,CHEMBL237_Ki
89165191,mondrian_iqr,cliffB_oracle,all,520,470,0.9038461538461539,0.8754663415012954,0.9263029589766226,2.527291221985213,,,,,CHEMBL237_Ki
89165191,mondrian_iqr,cliffB_oracle,cliff,14,11,0.7857142857142857,0.524107694133997,0.9242861328730683,2.6295866113291995,,,,,CHEMBL237_Ki
89165191,mondrian_iqr,cliffB_oracle,noncliff,506,459,0.9071146245059288,0.8786649267759933,0.9294294187740731,2.5244609147701618,,,,,CHEMBL237_Ki
89165191,mondrian_iqr,cliffA,all,520,470,0.9038461538461539,0.8754663415012954,0.9263029589766226,2.527291221985213,,,,,CHEMBL237_Ki
89165191,mondrian_iqr,cliffA,cliff,41,35,0.8536585365853658,0.7155654195751904,0.9311575185870407,2.498873591477315,,,,,CHEMBL237_Ki
89165191,mondrian_iqr,cliffA,noncliff,479,435,0.9081419624217119,0.8789288726652793,0.9308607443137382,2.529723628771901,,,,,CHEMBL237_Ki
89165191,mondrian_iqr,__bins__,__summary__,-1,-1,,,,2.527291221985213,0.813953488372093,0.16991747936984247,0.7846153846153846,0.2153846153846154,CHEMBL237_Ki
89165191,mondrian_nb,cliffB_oracle,all,520,470,0.9038461538461539,0.8754663415012954,0.9263029589766226,2.5614416840720433,,,,,CHEMBL237_Ki
89165191,mondrian_nb,cliffB_oracle,cliff,14,10,0.7142857142857143,0.4535091567010681,0.8827862135542308,2.3610797648640522,,,,,CHEMBL237_Ki
89165191,mondrian_nb,cliffB_oracle,noncliff,506,460,0.9090909090909091,0.8808650538842159,0.9311520797510452,2.5669852944849127,,,,,CHEMBL237_Ki
89165191,mondrian_nb,cliffA,all,520,470,0.9038461538461539,0.8754663415012954,0.9263029589766226,2.5614416840720433,,,,,CHEMBL237_Ki
89165191,mondrian_nb,cliffA,cliff,41,32,0.7804878048780488,0.6329499401177383,0.8799682522178243,2.3135254430053958,,,,,CHEMBL237_Ki
89165191,mondrian_nb,cliffA,noncliff,479,438,0.9144050104384134,0.885937218228437,0.9362788378858086,2.5826620721382905,,,,,CHEMBL237_Ki
89165191,mondrian_nb,__bins__,__summary__,-1,-1,,,,2.5614416840720433,0.8023255813953488,0.16541635408852218,0.8153846153846154,0.13846153846153852,CHEMBL237_Ki
89165191,mondrian_nnsim,cliffB_oracle,all,520,464,0.8923076923076924,0.8627294458558383,0.9161321603227106,2.458611556514661,,,,,CHEMBL237_Ki
89165191,mondrian_nnsim,cliffB_oracle,cliff,14,10,0.7142857142857143,0.4535091567010681,0.8827862135542308,2.3174508615258427,,,,,CHEMBL237_Ki
89165191,mondrian_nnsim,cliffB_oracle,noncliff,506,454,0.8972332015810277,0.8677129887630616,0.9207674163610325,2.462517188391822,,,,,CHEMBL237_Ki
89165191,mondrian_nnsim,cliffA,all,520,464,0.8923076923076924,0.8627294458558383,0.9161321603227106,2.458611556514661,,,,,CHEMBL237_Ki
89165191,mondrian_nnsim,cliffA,cliff,41,32,0.7804878048780488,0.6329499401177383,0.8799682522178243,2.359227496670589,,,,,CHEMBL237_Ki
89165191,mondrian_nnsim,cliffA,noncliff,479,432,0.9018789144050104,0.871955743961738,0.9254074338820517,2.467118334079603,,,,,CHEMBL237_Ki
89165191,mondrian_nnsim,__bins__,__summary__,-1,-1,,,,2.458611556514661,0.7674418604651163,0.2003000750187547,0.7538461538461538,0.2153846153846154,CHEMBL237_Ki
89165191,mondrian_pairgap,cliffB_oracle,all,520,464,0.8923076923076924,0.8627294458558383,0.9161321603227106,2.4809678991154906,,,,,CHEMBL237_Ki
89165191,mondrian_pairgap,cliffB_oracle,cliff,14,10,0.7142857142857143,0.4535091567010681,0.8827862135542308,2.5179384251159322,,,,,CHEMBL237_Ki
89165191,mondrian_pairgap,cliffB_oracle,noncliff,506,454,0.8972332015810277,0.8677129887630616,0.9207674163610325,2.4799449991866243,,,,,CHEMBL237_Ki
89165191,mondrian_pairgap,cliffA,all,520,464,0.8923076923076924,0.8627294458558383,0.9161321603227106,2.4809678991154906,,,,,CHEMBL237_Ki
89165191,mondrian_pairgap,cliffA,cliff,41,32,0.7804878048780488,0.6329499401177383,0.8799682522178243,2.482738150627012,,,,,CHEMBL237_Ki
89165191,mondrian_pairgap,cliffA,noncliff,479,432,0.9018789144050104,0.871955743961738,0.9254074338820517,2.4808163744558405,,,,,CHEMBL237_Ki
89165191,mondrian_pairgap,__bins__,__summary__,-1,-1,,,,2.4809678991154906,0.7790697674418605,0.17254313578394598,0.7384615384615385,0.23076923076923073,CHEMBL237_Ki
89165191,mondrian_rfstd,cliffB_oracle,all,520,468,0.9,0.8712094686539531,0.9229239337241752,2.4808534371405417,,,,,CHEMBL237_Ki
89165191,mondrian_rfstd,cliffB_oracle,cliff,14,10,0.7142857142857143,0.4535091567010681,0.8827862135542308,2.618481611595371,,,,,CHEMBL237_Ki
89165191,mondrian_rfstd,cliffB_oracle,noncliff,506,458,0.9051383399209486,0.876468164307269,0.927703393157603,2.477045542985666,,,,,CHEMBL237_Ki
89165191,mondrian_rfstd,cliffA,all,520,468,0.9,0.8712094686539531,0.9229239337241752,2.4808534371405417,,,,,CHEMBL237_Ki
89165191,mondrian_rfstd,cliffA,cliff,41,32,0.7804878048780488,0.6329499401177383,0.8799682522178243,2.427724527771477,,,,,CHEMBL237_Ki
89165191,mondrian_rfstd,cliffA,noncliff,479,436,0.9102296450939458,0.881260916460441,0.932670846896986,2.485401005583406,,,,,CHEMBL237_Ki
89165191,mondrian_rfstd,__bins__,__summary__,-1,-1,,,,2.4808534371405417,0.8255813953488372,0.10990247561890465,0.8461538461538461,0.10769230769230775,CHEMBL237_Ki
71339737,global,cliffB_oracle,all,573,523,0.912739965095986,0.886797514731884,0.933185156012709,2.2333000171461914,,,,,CHEMBL264_Ki
71339737,global,cliffB_oracle,cliff,16,13,0.8125,0.5699111903802586,0.9340840092857187,2.233300017146192,,,,,CHEMBL264_Ki
71339737,global,cliffB_oracle,noncliff,557,510,0.9156193895870736,0.8895929632376467,0.9359522826034334,2.233300017146192,,,,,CHEMBL264_Ki
71339737,global,cliffA,all,573,523,0.912739965095986,0.886797514731884,0.933185156012709,2.2333000171461914,,,,,CHEMBL264_Ki
71339737,global,cliffA,cliff,39,35,0.8974358974358975,0.7642114553714348,0.9593866865533163,2.233300017146192,,,,,CHEMBL264_Ki
71339737,global,cliffA,noncliff,534,488,0.9138576779026217,0.8870062066794806,0.9347973057703736,2.2333000171461914,,,,,CHEMBL264_Ki
71339737,global,__bins__,__summary__,-1,-1,,,,2.2333000171461914,0.8131868131868132,0.15782767956681,0.7083333333333334,0.2777777777777778,CHEMBL264_Ki
71339737,mondrian_pair,cliffB_oracle,all,573,523,0.912739965095986,0.886797514731884,0.933185156012709,2.2381036278893496,,,,,CHEMBL264_Ki
71339737,mondrian_pair,cliffB_oracle,cliff,16,13,0.8125,0.5699111903802586,0.9340840092857187,2.246042928978735,,,,,CHEMBL264_Ki
71339737,mondrian_pair,cliffB_oracle,noncliff,557,510,0.9156193895870736,0.8895929632376467,0.9359522826034334,2.2378755689711625,,,,,CHEMBL264_Ki
71339737,mondrian_pair,cliffA,all,573,523,0.912739965095986,0.886797514731884,0.933185156012709,2.2381036278893496,,,,,CHEMBL264_Ki
71339737,mondrian_pair,cliffA,cliff,39,35,0.8974358974358975,0.7642114553714348,0.9593866865533163,2.2476766356239324,,,,,CHEMBL264_Ki
71339737,mondrian_pair,cliffA,noncliff,534,488,0.9138576779026217,0.8870062066794806,0.9347973057703736,2.2374044756390705,,,,,CHEMBL264_Ki
71339737,mondrian_pair,__bins__,__summary__,-1,-1,,,,2.2381036278893496,0.8131868131868132,0.15782767956681,0.7083333333333334,0.2777777777777778,CHEMBL264_Ki
71339737,mondrian_wstd,cliffB_oracle,all,573,523,0.912739965095986,0.886797514731884,0.933185156012709,2.406785221477211,,,,,CHEMBL264_Ki
71339737,mondrian_wstd,cliffB_oracle,cliff,16,11,0.6875,0.44404355834740666,0.8583535614521796,2.297923423378531,,,,,CHEMBL264_Ki
71339737,mondrian_wstd,cliffB_oracle,noncliff,557,512,0.9192100538599641,0.8936031398966675,0.9390742462972517,2.4099123108301357,,,,,CHEMBL264_Ki
71339737,mondrian_wstd,cliffA,all,573,523,0.912739965095986,0.886797514731884,0.933185156012709,2.406785221477211,,,,,CHEMBL264_Ki
71339737,mondrian_wstd,cliffA,cliff,39,30,0.7692307692307693,0.6166374277165825,0.8735419587485715,2.2829065342510657,,,,,CHEMBL264_Ki
71339737,mondrian_wstd,cliffA,noncliff,534,493,0.9232209737827716,0.8974953876207319,0.942900964477309,2.415832541330807,,,,,CHEMBL264_Ki
71339737,mondrian_wstd,__bins__,__summary__,-1,-1,,,,2.406785221477211,0.855072463768116,0.14492753623188404,0.7916666666666666,0.16666666666666674,CHEMBL264_Ki
71339737,mondrian_std,cliffB_oracle,all,573,525,0.9162303664921466,0.8906810286361034,0.9362359564488246,2.4148834261815697,,,,,CHEMBL264_Ki
71339737,mondrian_std,cliffB_oracle,cliff,16,12,0.75,0.5050168346449122,0.8981793250878696,2.4225156336874885,,,,,CHEMBL264_Ki
71339737,mondrian_std,cliffB_oracle,noncliff,557,513,0.9210053859964094,0.8956129747929412,0.9406304815773973,2.4146641886230515,,,,,CHEMBL264_Ki
71339737,mondrian_std,cliffA,all,573,525,0.9162303664921466,0.8906810286361034,0.9362359564488246,2.4148834261815697,,,,,CHEMBL264_Ki
71339737,mondrian_std,cliffA,cliff,39,32,0.8205128205128205,0.6733195433811838,0.9102273452678089,2.3336665108621713,,,,,CHEMBL264_Ki
71339737,mondrian_std,cliffA,noncliff,534,493,0.9232209737827716,0.8974953876207319,0.942900964477309,2.420814998648717,,,,,CHEMBL264_Ki
71339737,mondrian_std,__bins__,__summary__,-1,-1,,,,2.4148834261815697,0.855072463768116,0.13043478260869568,0.7638888888888888,0.20833333333333337,CHEMBL264_Ki
71339737,mondrian_iqr,cliffB_oracle,all,573,514,0.8970331588132635,0.8694473815428259,0.9193308746702606,2.219694926552018,,,,,CHEMBL264_Ki
71339737,mondrian_iqr,cliffB_oracle,cliff,16,11,0.6875,0.44404355834740666,0.8583535614521796,2.189707998734332,,,,,CHEMBL264_Ki
71339737,mondrian_iqr,cliffB_oracle,noncliff,557,503,0.9030520646319569,0.8756482315294457,0.9249345230766991,2.2205563104749673,,,,,CHEMBL264_Ki
71339737,mondrian_iqr,cliffA,all,573,514,0.8970331588132635,0.8694473815428259,0.9193308746702606,2.219694926552018,,,,,CHEMBL264_Ki
71339737,mondrian_iqr,cliffA,cliff,39,31,0.7948717948717948,0.644660319864177,0.8922028176928961,2.211178499504079,,,,,CHEMBL264_Ki
71339737,mondrian_iqr,cliffA,noncliff,534,483,0.9044943820224719,0.8765986461369947,0.9266120266646728,2.2203169127970916,,,,,CHEMBL264_Ki
71339737,mondrian_iqr,__bins__,__summary__,-1,-1,,,,2.219694926552018,0.8351648351648352,0.13584965758878798,0.7777777777777778,0.20833333333333337,CHEMBL264_Ki
71339737,mondrian_nb,cliffB_oracle,all,573,528,0.9214659685863874,0.896527803502384,0.9407906530930461,2.248152267124927,,,,,CHEMBL264_Ki
71339737,mondrian_nb,cliffB_oracle,cliff,16,11,0.6875,0.44404355834740666,0.8583535614521796,2.009412064390163,,,,,CHEMBL264_Ki
71339737,mondrian_nb,cliffB_oracle,noncliff,557,517,0.9281867145421903,0.903686303592059,0.9468214334839566,2.2550101544566257,,,,,CHEMBL264_Ki
71339737,mondrian_nb,cliffA,all,573,528,0.9214659685863874,0.896527803502384,0.9407906530930461,2.248152267124927,,,,,CHEMBL264_Ki
71339737,mondrian_nb,cliffA,cliff,39,33,0.8461538461538461,0.7027053635107331,0.927525276230179,2.0695454663687793,,,,,CHEMBL264_Ki
71339737,mondrian_nb,cliffA,noncliff,534,495,0.9269662921348315,0.9017168302009944,0.9461166577563214,2.261196584034084,,,,,CHEMBL264_Ki
71339737,mondrian_nb,__bins__,__summary__,-1,-1,,,,2.248152267124927,0.8241758241758241,0.1613314222009875,0.7916666666666666,0.19444444444444453,CHEMBL264_Ki
71339737,mondrian_nnsim,cliffB_oracle,all,573,524,0.9144851657940664,0.888737890731247,0.9347119371835136,2.3916757331465948,,,,,CHEMBL264_Ki
71339737,mondrian_nnsim,cliffB_oracle,cliff,16,15,0.9375,0.7167126242970107,0.9888806552353576,2.536825286729168,,,,,CHEMBL264_Ki
71339737,mondrian_nnsim,cliffB_oracle,noncliff,557,509,0.9138240574506283,0.8875924412829108,0.93438673438175,2.3875062666163953,,,,,CHEMBL264_Ki
71339737,mondrian_nnsim,cliffA,all,573,524,0.9144851657940664,0.888737890731247,0.9347119371835136,2.3916757331465948,,,,,CHEMBL264_Ki
71339737,mondrian_nnsim,cliffA,cliff,39,35,0.8974358974358975,0.7642114553714348,0.9593866865533163,2.444654506243566,,,,,CHEMBL264_Ki
71339737,mondrian_nnsim,cliffA,noncliff,534,489,0.9157303370786517,0.8890971304491733,0.9364249499303183,2.3878064969091755,,,,,CHEMBL264_Ki
71339737,mondrian_nnsim,__bins__,__summary__,-1,-1,,,,2.3916757331465948,0.7912087912087912,0.19429845516802047,0.7222222222222222,0.26388888888888895,CHEMBL264_Ki
71339737,mondrian_pairgap,cliffB_oracle,all,573,521,0.9092495636998255,0.8829247589926643,0.930123597411594,2.2269978670026624,,,,,CHEMBL264_Ki
71339737,mondrian_pairgap,cliffB_oracle,cliff,16,14,0.875,0.639771727342413,0.9650225122567595,2.3006080126751955,,,,,CHEMBL264_Ki
71339737,mondrian_pairgap,cliffB_oracle,noncliff,557,507,0.9102333931777379,0.8836001132492225,0.9312469220625997,2.224883392441154,,,,,CHEMBL264_Ki
71339737,mondrian_pairgap,cliffA,all,573,521,0.9092495636998255,0.8829247589926643,0.930123597411594,2.2269978670026624,,,,,CHEMBL264_Ki
71339737,mondrian_pairgap,cliffA,cliff,39,36,0.9230769230769231,0.7967892883204503,0.9734926046962203,2.29919493411935,,,,,CHEMBL264_Ki
71339737,mondrian_pairgap,cliffA,noncliff,534,485,0.9082397003745318,0.8807526027797413,0.9298952058812008,2.221725047494141,,,,,CHEMBL264_Ki
71339737,mondrian_pairgap,__bins__,__summary__,-1,-1,,,,2.2269978670026624,0.8021978021978022,0.16881669055582094,0.6944444444444444,0.29166666666666674,CHEMBL264_Ki
71339737,mondrian_rfstd,cliffB_oracle,all,573,520,0.9075043630017452,0.880992242971099,0.9285889562629919,2.1699501873342952,,,,,CHEMBL264_Ki
71339737,mondrian_rfstd,cliffB_oracle,cliff,16,9,0.5625,0.331785563988119,0.7690134759450765,2.0530925382817147,,,,,CHEMBL264_Ki
71339737,mondrian_rfstd,cliffB_oracle,noncliff,557,511,0.9174147217235189,0.8915965002010793,0.9375148158164204,2.173306960018032,,,,,CHEMBL264_Ki
71339737,mondrian_rfstd,cliffA,all,573,520,0.9075043630017452,0.880992242971099,0.9285889562629919,2.1699501873342952,,,,,CHEMBL264_Ki
71339737,mondrian_rfstd,cliffA,cliff,39,28,0.717948717948718,0.5622468051697918,0.8345650791115233,1.9172992247947354,,,,,CHEMBL264_Ki
71339737,mondrian_rfstd,cliffA,noncliff,534,492,0.9213483146067416,0.8953904234465256,0.941287360721878,2.1884022239242635,,,,,CHEMBL264_Ki
71339737,mondrian_rfstd,__bins__,__summary__,-1,-1,,,,2.1699501873342952,0.855072463768116,0.1159420289855072,0.8472222222222222,0.125,CHEMBL264_Ki
99182118,global,cliffB_oracle,all,573,505,0.881326352530541,0.852273449240249,0.9053003924413309,2.210596842669265,,,,,CHEMBL264_Ki
99182118,global,cliffB_oracle,cliff,16,16,1.0,0.8063923194655637,1.0,2.210596842669265,,,,,CHEMBL264_Ki
99182118,global,cliffB_oracle,noncliff,557,489,0.8779174147217235,0.848110980368094,0.9025467917681798,2.210596842669265,,,,,CHEMBL264_Ki
99182118,global,cliffA,all,573,505,0.881326352530541,0.852273449240249,0.9053003924413309,2.210596842669265,,,,,CHEMBL264_Ki
99182118,global,cliffA,cliff,38,36,0.9473684210526315,0.8271453786822962,0.9854457918527075,2.2105968426692644,,,,,CHEMBL264_Ki
99182118,global,cliffA,noncliff,535,469,0.8766355140186916,0.8460543476882484,0.9018465300244723,2.210596842669265,,,,,CHEMBL264_Ki
99182118,global,__bins__,__summary__,-1,-1,,,,2.210596842669265,0.7714285714285715,0.17142857142857137,0.625,0.3472222222222222,CHEMBL264_Ki
99182118,mondrian_pair,cliffB_oracle,all,573,514,0.8970331588132635,0.8694473815428259,0.9193308746702606,2.3281477715060492,,,,,CHEMBL264_Ki
99182118,mondrian_pair,cliffB_oracle,cliff,16,15,0.9375,0.7167126242970107,0.9888806552353576,2.227132613133481,,,,,CHEMBL264_Ki
99182118,mondrian_pair,cliffB_oracle,noncliff,557,499,0.895870736086176,0.8677365495328054,0.918581924367662,2.331049463667559,,,,,CHEMBL264_Ki
99182118,mondrian_pair,cliffA,all,573,514,0.8970331588132635,0.8694473815428259,0.9193308746702606,2.3281477715060492,,,,,CHEMBL264_Ki
99182118,mondrian_pair,cliffA,cliff,38,35,0.9210526315789473,0.7920062854222853,0.9727854044930122,2.1694719598900996,,,,,CHEMBL264_Ki
99182118,mondrian_pair,cliffA,noncliff,535,479,0.8953271028037383,0.866507660276868,0.9185098863049703,2.339418202985313,,,,,CHEMBL264_Ki
99182118,mondrian_pair,__bins__,__summary__,-1,-1,,,,2.3281477715060492,0.813953488372093,0.1574750830564784,0.625,0.3609154929577465,CHEMBL264_Ki
99182118,mondrian_wstd,cliffB_oracle,all,573,504,0.8795811518324608,0.8503747246517568,0.9037319598596556,2.2823547085602374,,,,,CHEMBL264_Ki
99182118,mondrian_wstd,cliffB_oracle,cliff,16,14,0.875,0.639771727342413,0.9650225122567595,2.5577852758378037,,,,,CHEMBL264_Ki
99182118,mondrian_wstd,cliffB_oracle,noncliff,557,490,0.8797127468581688,0.8500645259066081,0.9041593164060852,2.274442878979553,,,,,CHEMBL264_Ki
99182118,mondrian_wstd,cliffA,all,573,504,0.8795811518324608,0.8503747246517568,0.9037319598596556,2.2823547085602374,,,,,CHEMBL264_Ki
99182118,mondrian_wstd,cliffA,cliff,38,35,0.9210526315789473,0.7920062854222853,0.9727854044930122,2.410621543381063,,,,,CHEMBL264_Ki
99182118,mondrian_wstd,cliffA,noncliff,535,469,0.8766355140186916,0.8460543476882484,0.9018465300244723,2.273244167021562,,,,,CHEMBL264_Ki
99182118,mondrian_wstd,__bins__,__summary__,-1,-1,,,,2.2823547085602374,0.8,0.19999999999999996,0.6805555555555556,0.3053599374021909,CHEMBL264_Ki
99182118,mondrian_std,cliffB_oracle,all,573,505,0.881326352530541,0.852273449240249,0.9053003924413309,2.273615169064235,,,,,CHEMBL264_Ki
99182118,mondrian_std,cliffB_oracle,cliff,16,14,0.875,0.639771727342413,0.9650225122567595,2.4630602148806426,,,,,CHEMBL264_Ki
99182118,mondrian_std,cliffB_oracle,noncliff,557,491,0.881508078994614,0.8520199690490661,0.9057699434400465,2.2681733006027227,,,,,CHEMBL264_Ki
99182118,mondrian_std,cliffA,all,573,505,0.881326352530541,0.852273449240249,0.9053003924413309,2.273615169064235,,,,,CHEMBL264_Ki
99182118,mondrian_std,cliffA,cliff,38,34,0.8947368421052632,0.7586947827711269,0.9582974265244647,2.411081661054208,,,,,CHEMBL264_Ki
99182118,mondrian_std,cliffA,noncliff,535,471,0.8803738317757009,0.850127386311802,0.9051968251747422,2.2638511939322368,,,,,CHEMBL264_Ki
99182118,mondrian_std,__bins__,__summary__,-1,-1,,,,2.273615169064235,0.8142857142857143,0.17142857142857149,0.6666666666666666,0.31924882629107987,CHEMBL264_Ki
99182118,mondrian_iqr,cliffB_oracle,all,573,507,0.8848167539267016,0.8560763323603987,0.9084318236615158,2.27280086922192,,,,,CHEMBL264_Ki
99182118,mondrian_iqr,cliffB_oracle,cliff,16,13,0.8125,0.5699111903802586,0.9340840092857187,2.1047865162605426,,,,,CHEMBL264_Ki
99182118,mondrian_iqr,cliffB_oracle,noncliff,557,494,0.8868940754039497,0.8578980586848007,0.9105900643335699,2.27762713429801,,,,,CHEMBL264_Ki
99182118,mondrian_iqr,cliffA,all,573,507,0.8848167539267016,0.8560763323603987,0.9084318236615158,2.27280086922192,,,,,CHEMBL264_Ki
99182118,mondrian_iqr,cliffA,cliff,38,33,0.868421052631579,0.7267314055770869,0.9424613230987987,2.2095210640655587,,,,,CHEMBL264_Ki
99182118,mondrian_iqr,cliffA,noncliff,535,474,0.8859813084112149,0.856252891393849,0.9102063207534306,2.277295509588166,,,,,CHEMBL264_Ki
99182118,mondrian_iqr,__bins__,__summary__,-1,-1,,,,2.27280086922192,0.813953488372093,0.14318936877076416,0.7083333333333334,0.26388888888888884,CHEMBL264_Ki
99182118,mondrian_nb,cliffB_oracle,all,573,496,0.8656195462478184,0.83524596485768,0.8911234622923929,2.175767502362557,,,,,CHEMBL264_Ki
99182118,mondrian_nb,cliffB_oracle,cliff,16,14,0.875,0.639771727342413,0.9650225122567595,2.0598438434500017,,,,,CHEMBL264_Ki
99182118,mondrian_nb,cliffB_oracle,noncliff,557,482,0.8653500897666068,0.8344864673937031,0.8912088135076353,2.1790974458860775,,,,,CHEMBL264_Ki
99182118,mondrian_nb,cliffA,all,573,496,0.8656195462478184,0.83524596485768,0.8911234622923929,2.175767502362557,,,,,CHEMBL264_Ki
99182118,mondrian_nb,cliffA,cliff,38,32,0.8421052631578947,0.6958318822077686,0.9255613658484106,2.094350291835077,,,,,CHEMBL264_Ki
99182118,mondrian_nb,cliffA,noncliff,535,464,0.8672897196261682,0.8359066374400548,0.893435905838107,2.1815504070355365,,,,,CHEMBL264_Ki
99182118,mondrian_nb,__bins__,__summary__,-1,-1,,,,2.175767502362557,0.7441860465116279,0.2129568106312293,0.6666666666666666,0.3055555555555556,CHEMBL264_Ki
99182118,mondrian_nnsim,cliffB_oracle,all,573,507,0.8848167539267016,0.8560763323603987,0.9084318236615158,2.302087442971801,,,,,CHEMBL264_Ki
99182118,mondrian_nnsim,cliffB_oracle,cliff,16,16,1.0,0.8063923194655637,1.0,2.7053613915907038,,,,,CHEMBL264_Ki
99182118,mondrian_nnsim,cliffB_oracle,noncliff,557,491,0.881508078994614,0.8520199690490661,0.9057699434400465,2.290503272095854,,,,,CHEMBL264_Ki
99182118,mondrian_nnsim,cliffA,all,573,507,0.8848167539267016,0.8560763323603987,0.9084318236615158,2.302087442971801,,,,,CHEMBL264_Ki
99182118,mondrian_nnsim,cliffA,cliff,38,36,0.9473684210526315,0.8271453786822962,0.9854457918527075,2.615956309763444,,,,,CHEMBL264_Ki
99182118,mondrian_nnsim,cliffA,noncliff,535,471,0.8803738317757009,0.850127386311802,0.9051968251747422,2.279793953367908,,,,,CHEMBL264_Ki
99182118,mondrian_nnsim,__bins__,__summary__,-1,-1,,,,2.302087442971801,0.7714285714285715,0.18571428571428572,0.6805555555555556,0.29166666666666663,CHEMBL264_Ki
99182118,mondrian_pairgap,cliffB_oracle,all,573,502,0.8760907504363001,0.8465825432557658,0.9005898269153118,2.230593344672899,,,,,CHEMBL264_Ki
99182118,mondrian_pairgap,cliffB_oracle,cliff,16,13,0.8125,0.5699111903802586,0.9340840092857187,2.1493995519001086,,,,,CHEMBL264_Ki
99182118,mondrian_pairgap,cliffB_oracle,noncliff,557,489,0.8779174147217235,0.848110980368094,0.9025467917681798,2.2329256618800164,,,,,CHEMBL264_Ki
99182118,mondrian_pairgap,cliffA,all,573,502,0.8760907504363001,0.8465825432557658,0.9005898269153118,2.230593344672899,,,,,CHEMBL264_Ki
99182118,mondrian_pairgap,cliffA,cliff,38,33,0.868421052631579,0.7267314055770869,0.9424613230987987,2.1175979707985624,,,,,CHEMBL264_Ki
99182118,mondrian_pairgap,cliffA,noncliff,535,469,0.8766355140186916,0.8460543476882484,0.9018465300244723,2.2386191843125713,,,,,CHEMBL264_Ki
99182118,mondrian_pairgap,__bins__,__summary__,-1,-1,,,,2.230593344672899,0.7674418604651163,0.18970099667774087,0.625,0.3472222222222222,CHEMBL264_Ki
99182118,mondrian_rfstd,cliffB_oracle,all,573,502,0.8760907504363001,0.8465825432557658,0.9005898269153118,2.043479751119085,,,,,CHEMBL264_Ki
99182118,mondrian_rfstd,cliffB_oracle,cliff,16,14,0.875,0.639771727342413,0.9650225122567595,2.024419288392423,,,,,CHEMBL264_Ki
99182118,mondrian_rfstd,cliffB_oracle,noncliff,557,488,0.8761220825852782,0.8461592969896876,0.9009324049701668,2.0440272688993844,,,,,CHEMBL264_Ki
99182118,mondrian_rfstd,cliffA,all,573,502,0.8760907504363001,0.8465825432557658,0.9005898269153118,2.043479751119085,,,,,CHEMBL264_Ki
99182118,mondrian_rfstd,cliffA,cliff,38,34,0.8947368421052632,0.7586947827711269,0.9582974265244647,1.964501765128064,,,,,CHEMBL264_Ki
99182118,mondrian_rfstd,cliffA,noncliff,535,468,0.874766355140187,0.8440208939154823,0.9001683169103267,2.0490894024605035,,,,,CHEMBL264_Ki
99182118,mondrian_rfstd,__bins__,__summary__,-1,-1,,,,2.043479751119085,0.8285714285714286,0.09896480331262936,0.8055555555555556,0.1240219092331768,CHEMBL264_Ki
89709943,global,cliffB_oracle,all,573,516,0.900523560209424,0.8732864747316943,0.9224260958217269,2.146207563951016,,,,,CHEMBL264_Ki
89709943,global,cliffB_oracle,cliff,12,11,0.9166666666666666,0.646120088858883,0.9851349055950829,2.146207563951016,,,,,CHEMBL264_Ki
89709943,global,cliffB_oracle,noncliff,561,505,0.9001782531194296,0.8725865467202405,0.922326774510545,2.1462075639510165,,,,,CHEMBL264_Ki
89709943,global,cliffA,all,573,516,0.900523560209424,0.8732864747316943,0.9224260958217269,2.146207563951016,,,,,CHEMBL264_Ki
89709943,global,cliffA,cliff,37,33,0.8918918918918919,0.7529146845587398,0.9571481005958853,2.146207563951015,,,,,CHEMBL264_Ki
89709943,global,cliffA,noncliff,536,483,0.9011194029850746,0.8729234710519433,0.9236066823367066,2.1462075639510156,,,,,CHEMBL264_Ki
89709943,global,__bins__,__summary__,-1,-1,,,,2.146207563951016,0.7894736842105263,0.19582043343653255,0.7222222222222222,0.25,CHEMBL264_Ki
89709943,mondrian_pair,cliffB_oracle,all,573,521,0.9092495636998255,0.8829247589926643,0.930123597411594,2.1894573463221447,,,,,CHEMBL264_Ki
89709943,mondrian_pair,cliffB_oracle,cliff,12,11,0.9166666666666666,0.646120088858883,0.9851349055950829,2.135069245253886,,,,,CHEMBL264_Ki
89709943,mondrian_pair,cliffB_oracle,noncliff,561,510,0.9090909090909091,0.8824381615588641,0.9301792425501128,2.190620728163177,,,,,CHEMBL264_Ki
89709943,mondrian_pair,cliffA,all,573,521,0.9092495636998255,0.8829247589926643,0.930123597411594,2.1894573463221447,,,,,CHEMBL264_Ki
89709943,mondrian_pair,cliffA,cliff,37,34,0.918918918918919,0.7869932065071162,0.9720394258995521,2.15622890017653,,,,,CHEMBL264_Ki
89709943,mondrian_pair,cliffA,noncliff,536,487,0.9085820895522388,0.8811898731006549,0.9301594459324349,2.1917511010001074,,,,,CHEMBL264_Ki
89709943,mondrian_pair,__bins__,__summary__,-1,-1,,,,2.1894573463221447,0.8,0.18529411764705883,0.7361111111111112,0.23611111111111105,CHEMBL264_Ki
89709943,mondrian_wstd,cliffB_oracle,all,573,506,0.8830715532286213,0.8541739736648702,0.906867025186877,2.0971249526627314,,,,,CHEMBL264_Ki
89709943,mondrian_wstd,cliffB_oracle,cliff,12,10,0.8333333333333334,0.5519691377470266,0.9530348578161463,2.010834407669318,,,,,CHEMBL264_Ki
89709943,mondrian_wstd,cliffB_oracle,noncliff,561,496,0.8841354723707665,0.8549991469026451,0.9080468251473964,2.0989707397214135,,,,,CHEMBL264_Ki
89709943,mondrian_wstd,cliffA,all,573,506,0.8830715532286213,0.8541739736648702,0.906867025186877,2.0971249526627314,,,,,CHEMBL264_Ki
89709943,mondrian_wstd,cliffA,cliff,37,29,0.7837837837837838,0.6280485160803084,0.8861348800661442,1.9076074727728736,,,,,CHEMBL264_Ki
89709943,mondrian_wstd,cliffA,noncliff,536,477,0.8899253731343284,0.8606033908202452,0.9136980141017447,2.1102073160133368,,,,,CHEMBL264_Ki
89709943,mondrian_wstd,__bins__,__summary__,-1,-1,,,,2.0971249526627314,0.782608695652174,0.17327365728900257,0.7638888888888888,0.16666666666666674,CHEMBL264_Ki
89709943,mondrian_std,cliffB_oracle,all,573,509,0.8883071553228621,0.8598866967565981,0.9115557736056512,2.103886372396698,,,,,CHEMBL264_Ki
89709943,mondrian_std,cliffB_oracle,cliff,12,10,0.8333333333333334,0.5519691377470266,0.9530348578161463,1.9708232378098014,,,,,CHEMBL264_Ki
89709943,mondrian_std,cliffB_oracle,noncliff,561,499,0.8894830659536542,0.8608424838494213,0.912825937927535,2.1067326426552415,,,,,CHEMBL264_Ki
89709943,mondrian_std,cliffA,all,573,509,0.8883071553228621,0.8598866967565981,0.9115557736056512,2.103886372396698,,,,,CHEMBL264_Ki
89709943,mondrian_std,cliffA,cliff,37,30,0.8108108108108109,0.6579530307016159,0.9052002126968799,1.8613060743938725,,,,,CHEMBL264_Ki
89709943,mondrian_std,cliffA,noncliff,536,479,0.8936567164179104,0.8647001457757107,0.9170108419684991,2.120631654161819,,,,,CHEMBL264_Ki
89709943,mondrian_std,__bins__,__summary__,-1,-1,,,,2.103886372396698,0.782608695652174,0.17391304347826086,0.7638888888888888,0.16666666666666674,CHEMBL264_Ki
89709943,mondrian_iqr,cliffB_oracle,all,573,507,0.8848167539267016,0.8560763323603987,0.9084318236615158,2.0862142378352693,,,,,CHEMBL264_Ki
89709943,mondrian_iqr,cliffB_oracle,cliff,12,11,0.9166666666666666,0.646120088858883,0.9851349055950829,2.203439903486418,,,,,CHEMBL264_Ki
89709943,mondrian_iqr,cliffB_oracle,noncliff,561,496,0.8841354723707665,0.8549991469026451,0.9080468251473964,2.083706736965726,,,,,CHEMBL264_Ki
89709943,mondrian_iqr,cliffA,all,573,507,0.8848167539267016,0.8560763323603987,0.9084318236615158,2.0862142378352693,,,,,CHEMBL264_Ki
89709943,mondrian_iqr,cliffA,cliff,37,33,0.8918918918918919,0.7529146845587398,0.9571481005958853,2.2193241136448734,,,,,CHEMBL264_Ki
89709943,mondrian_iqr,cliffA,noncliff,536,474,0.8843283582089553,0.8544756770639043,0.9087113536247556,2.077025682975278,,,,,CHEMBL264_Ki
89709943,mondrian_iqr,__bins__,__summary__,-1,-1,,,,2.0862142378352693,0.782608695652174,0.15856777493606133,0.75,0.20833333333333337,CHEMBL264_Ki
89709943,mondrian_nb,cliffB_oracle,all,573,520,0.9075043630017452,0.880992242971099,0.9285889562629919,2.179567281007688,,,,,CHEMBL264_Ki
89709943,mondrian_nb,cliffB_oracle,cliff,12,10,0.8333333333333334,0.5519691377470266,0.9530348578161463,2.0367709735547015,,,,,CHEMBL264_Ki
89709943,mondrian_nb,cliffB_oracle,noncliff,561,510,0.9090909090909091,0.8824381615588641,0.9301792425501128,2.1826217474772704,,,,,CHEMBL264_Ki
89709943,mondrian_nb,cliffA,all,573,520,0.9075043630017452,0.880992242971099,0.9285889562629919,2.179567281007688,,,,,CHEMBL264_Ki
89709943,mondrian_nb,cliffA,cliff,37,33,0.8918918918918919,0.7529146845587398,0.9571481005958853,2.1819553707155324,,,,,CHEMBL264_Ki
89709943,mondrian_nb,cliffA,noncliff,536,487,0.9085820895522388,0.8811898731006549,0.9301594459324349,2.179402431531586,,,,,CHEMBL264_Ki
89709943,mondrian_nb,__bins__,__summary__,-1,-1,,,,2.179567281007688,0.8105263157894737,0.17476780185758523,0.8055555555555556,0.16627543035993742,CHEMBL264_Ki
89709943,mondrian_nnsim,cliffB_oracle,all,573,519,0.9057591623036649,0.8790622158571149,0.9270518262068086,2.2229078850552093,,,,,CHEMBL264_Ki
89709943,mondrian_nnsim,cliffB_oracle,cliff,12,11,0.9166666666666666,0.646120088858883,0.9851349055950829,2.5389905585265136,,,,,CHEMBL264_Ki
89709943,mondrian_nnsim,cliffB_oracle,noncliff,561,508,0.9055258467023173,0.8784899238024722,0.9270458471552281,2.2161467583499412,,,,,CHEMBL264_Ki
89709943,mondrian_nnsim,cliffA,all,573,519,0.9057591623036649,0.8790622158571149,0.9270518262068086,2.2229078850552093,,,,,CHEMBL264_Ki
89709943,mondrian_nnsim,cliffA,cliff,37,34,0.918918918918919,0.7869932065071162,0.9720394258995521,2.435878979775261,,,,,CHEMBL264_Ki
89709943,mondrian_nnsim,cliffA,noncliff,536,485,0.9048507462686567,0.87705101499515,0.9268887212157197,2.208206522173415,,,,,CHEMBL264_Ki
89709943,mondrian_nnsim,__bins__,__summary__,-1,-1,,,,2.2229078850552093,0.782608695652174,0.20268542199488493,0.75,0.2222222222222222,CHEMBL264_Ki
89709943,mondrian_pairgap,cliffB_oracle,all,573,521,0.9092495636998255,0.8829247589926643,0.930123597411594,2.2097276263515893,,,,,CHEMBL264_Ki
89709943,mondrian_pairgap,cliffB_oracle,cliff,12,10,0.8333333333333334,0.5519691377470266,0.9530348578161463,1.9838149268635803,,,,,CHEMBL264_Ki
89709943,mondrian_pairgap,cliffB_oracle,noncliff,561,511,0.910873440285205,0.8844162712001479,0.9317419494844673,2.2145599835598886,,,,,CHEMBL264_Ki
89709943,mondrian_pairgap,cliffA,all,573,521,0.9092495636998255,0.8829247589926643,0.930123597411594,2.2097276263515893,,,,,CHEMBL264_Ki
89709943,mondrian_pairgap,cliffA,cliff,37,34,0.918918918918919,0.7869932065071162,0.9720394258995521,2.0263506094635146,,,,,CHEMBL264_Ki
89709943,mondrian_pairgap,cliffA,noncliff,536,487,0.9085820895522388,0.8811898731006549,0.9301594459324349,2.222386114457669,,,,,CHEMBL264_Ki
89709943,mondrian_pairgap,__bins__,__summary__,-1,-1,,,,2.2097276263515893,0.7789473684210526,0.19206712433257056,0.75,0.23611111111111116,CHEMBL264_Ki
89709943,mondrian_rfstd,cliffB_oracle,all,573,517,0.9022687609075044,0.8752093884569951,0.9239703392665937,2.0733682512161056,,,,,CHEMBL264_Ki
89709943,mondrian_rfstd,cliffB_oracle,cliff,12,9,0.75,0.46769466506643426,0.9110583316059453,2.0335366703917033,,,,,CHEMBL264_Ki
89709943,mondrian_rfstd,cliffB_oracle,noncliff,561,508,0.9055258467023173,0.8784899238024722,0.9270458471552281,2.0742202636401563,,,,,CHEMBL264_Ki
89709943,mondrian_rfstd,cliffA,all,573,517,0.9022687609075044,0.8752093884569951,0.9239703392665937,2.0733682512161056,,,,,CHEMBL264_Ki
89709943,mondrian_rfstd,cliffA,cliff,37,32,0.8648648648648649,0.7202258821599021,0.9408670557426799,2.083089083133599,,,,,CHEMBL264_Ki
89709943,mondrian_rfstd,cliffA,noncliff,536,485,0.9048507462686567,0.87705101499515,0.9268887212157197,2.072697223639711,,,,,CHEMBL264_Ki
89709943,mondrian_rfstd,__bins__,__summary__,-1,-1,,,,2.0733682512161056,0.7971014492753623,0.17348678601875533,0.8309859154929577,0.12734741784037562,CHEMBL264_Ki
86921808,global,cliffB_oracle,all,573,533,0.9301919720767888,0.9063357130108926,0.9483185294353748,2.5025673326752056,,,,,CHEMBL264_Ki
86921808,global,cliffB_oracle,cliff,18,15,0.8333333333333334,0.6077796189608428,0.9416342319413856,2.5025673326752056,,,,,CHEMBL264_Ki
86921808,global,cliffB_oracle,noncliff,555,518,0.9333333333333333,0.9094599635796803,0.9512492633539111,2.5025673326752056,,,,,CHEMBL264_Ki
86921808,global,cliffA,all,573,533,0.9301919720767888,0.9063357130108926,0.9483185294353748,2.5025673326752056,,,,,CHEMBL264_Ki
86921808,global,cliffA,cliff,36,32,0.8888888888888888,0.7468519140963513,0.9559335969968435,2.5025673326752047,,,,,CHEMBL264_Ki
86921808,global,cliffA,noncliff,537,501,0.9329608938547486,0.9085855158540161,0.951185850442372,2.5025673326752056,,,,,CHEMBL264_Ki
86921808,global,__bins__,__summary__,-1,-1,,,,2.5025673326752056,0.8571428571428571,0.1428571428571429,0.8194444444444444,0.18055555555555558,CHEMBL264_Ki
86921808,mondrian_pair,cliffB_oracle,all,573,531,0.9267015706806283,0.9024024617820694,0.9453174663238633,2.478859175507053,,,,,CHEMBL264_Ki
86921808,mondrian_pair,cliffB_oracle,cliff,18,13,0.7222222222222222,0.4912734343970254,0.8750024662044601,2.2532067695004616,,,,,CHEMBL264_Ki
86921808,mondrian_pair,cliffB_oracle,noncliff,555,518,0.9333333333333333,0.9094599635796803,0.9512492633539111,2.4861776319180775,,,,,CHEMBL264_Ki
86921808,mondrian_pair,cliffA,all,573,531,0.9267015706806283,0.9024024617820694,0.9453174663238633,2.478859175507053,,,,,CHEMBL264_Ki
86921808,mondrian_pair,cliffA,cliff,36,29,0.8055555555555556,0.6497195700482261,0.9024690458107127,2.2996003212197937,,,,,CHEMBL264_Ki
86921808,mondrian_pair,cliffA,noncliff,537,502,0.9348230912476723,0.9107037070572215,0.9527656005995813,2.490876528867093,,,,,CHEMBL264_Ki
86921808,mondrian_pair,__bins__,__summary__,-1,-1,,,,2.478859175507053,0.8428571428571429,0.15714285714285714,0.8194444444444444,0.18055555555555558,CHEMBL264_Ki
86921808,mondrian_wstd,cliffB_oracle,all,573,529,0.9232111692844677,0.8984827999017748,0.9423028138638228,2.4167236019701814,,,,,CHEMBL264_Ki
86921808,mondrian_wstd,cliffB_oracle,cliff,18,14,0.7777777777777778,0.5478541568378739,0.9099907189139831,2.7077837205016144,,,,,CHEMBL264_Ki
86921808,mondrian_wstd,cliffB_oracle,noncliff,555,515,0.9279279279279279,0.9033445544927682,0.9466281748075559,2.4072838143421347,,,,,CHEMBL264_Ki
86921808,mondrian_wstd,cliffA,all,573,529,0.9232111692844677,0.8984827999017748,0.9423028138638228,2.4167236019701814,,,,,CHEMBL264_Ki
86921808,mondrian_wstd,cliffA,cliff,36,29,0.8055555555555556,0.6497195700482261,0.9024690458107127,2.5715266147450166,,,,,CHEMBL264_Ki
86921808,mondrian_wstd,cliffA,noncliff,537,500,0.931098696461825,0.9064718192426607,0.9496016056933129,2.4063457463651643,,,,,CHEMBL264_Ki
86921808,mondrian_wstd,__bins__,__summary__,-1,-1,,,,2.4167236019701814,0.8142857142857143,0.15714285714285714,0.8472222222222222,0.1386932707355243,CHEMBL264_Ki
86921808,mondrian_std,cliffB_oracle,all,573,528,0.9214659685863874,0.896527803502384,0.9407906530930461,2.4374162559722192,,,,,CHEMBL264_Ki
86921808,mondrian_std,cliffB_oracle,cliff,18,14,0.7777777777777778,0.5478541568378739,0.9099907189139831,2.6988217292050223,,,,,CHEMBL264_Ki
86921808,mondrian_std,cliffB_oracle,noncliff,555,514,0.9261261261261261,0.9013137779858337,0.945080118770068,2.428938240624128,,,,,CHEMBL264_Ki
86921808,mondrian_std,cliffA,all,573,528,0.9214659685863874,0.896527803502384,0.9407906530930461,2.4374162559722192,,,,,CHEMBL264_Ki
86921808,mondrian_std,cliffA,cliff,36,30,0.8333333333333334,0.6810920568872054,0.9212955240498188,2.6530077871377995,,,,,CHEMBL264_Ki
86921808,mondrian_std,cliffA,noncliff,537,498,0.9273743016759777,0.9022572659252899,0.9464202762898546,2.422963192430393,,,,,CHEMBL264_Ki
86921808,mondrian_std,__bins__,__summary__,-1,-1,,,,2.4374162559722192,0.8142857142857143,0.17142857142857149,0.8194444444444444,0.16647104851330208,CHEMBL264_Ki
86921808,mondrian_iqr,cliffB_oracle,all,573,532,0.9284467713787086,0.9043673333894476,0.9468197518866522,2.416950010634589,,,,,CHEMBL264_Ki
86921808,mondrian_iqr,cliffB_oracle,cliff,18,14,0.7777777777777778,0.5478541568378739,0.9099907189139831,2.5232067646796192,,,,,CHEMBL264_Ki
86921808,mondrian_iqr,cliffB_oracle,noncliff,555,518,0.9333333333333333,0.9094599635796803,0.9512492633539111,2.413503845638534,,,,,CHEMBL264_Ki
86921808,mondrian_iqr,cliffA,all,573,532,0.9284467713787086,0.9043673333894476,0.9468197518866522,2.416950010634589,,,,,CHEMBL264_Ki
86921808,mondrian_iqr,cliffA,cliff,36,31,0.8611111111111112,0.713404696106438,0.9391818499086717,2.4683619975946574,,,,,CHEMBL264_Ki
86921808,mondrian_iqr,cliffA,noncliff,537,501,0.9329608938547486,0.9085855158540161,0.951185850442372,2.413503396983635,,,,,CHEMBL264_Ki
86921808,mondrian_iqr,__bins__,__summary__,-1,-1,,,,2.416950010634589,0.8428571428571429,0.1428571428571429,0.8472222222222222,0.1386932707355243,CHEMBL264_Ki
86921808,mondrian_nb,cliffB_oracle,all,573,529,0.9232111692844677,0.8984827999017748,0.9423028138638228,2.414925614476647,,,,,CHEMBL264_Ki
86921808,mondrian_nb,cliffB_oracle,cliff,18,13,0.7222222222222222,0.4912734343970254,0.8750024662044601,2.148722866227361,,,,,CHEMBL264_Ki
86921808,mondrian_nb,cliffB_oracle,noncliff,555,516,0.9297297297297298,0.9053790890839012,0.9481724727608455,2.42355921712257,,,,,CHEMBL264_Ki
86921808,mondrian_nb,cliffA,all,573,529,0.9232111692844677,0.8984827999017748,0.9423028138638228,2.414925614476647,,,,,CHEMBL264_Ki
86921808,mondrian_nb,cliffA,cliff,36,28,0.7777777777777778,0.6191529705388181,0.8828366802420353,2.1528090505318804,,,,,CHEMBL264_Ki
86921808,mondrian_nb,cliffA,noncliff,537,501,0.9329608938547486,0.9085855158540161,0.951185850442372,2.432497674629369,,,,,CHEMBL264_Ki
86921808,mondrian_nb,__bins__,__summary__,-1,-1,,,,2.414925614476647,0.8,0.18571428571428572,0.8472222222222222,0.125,CHEMBL264_Ki
86921808,mondrian_nnsim,cliffB_oracle,all,573,529,0.9232111692844677,0.8984827999017748,0.9423028138638228,2.449778677441173,,,,,CHEMBL264_Ki
86921808,mondrian_nnsim,cliffB_oracle,cliff,18,13,0.7222222222222222,0.4912734343970254,0.8750024662044601,2.443777877059391,,,,,CHEMBL264_Ki
86921808,mondrian_nnsim,cliffB_oracle,noncliff,555,516,0.9297297297297298,0.9053790890839012,0.9481724727608455,2.449973297994096,,,,,CHEMBL264_Ki
86921808,mondrian_nnsim,cliffA,all,573,529,0.9232111692844677,0.8984827999017748,0.9423028138638228,2.449778677441173,,,,,CHEMBL264_Ki
86921808,mondrian_nnsim,cliffA,cliff,36,30,0.8333333333333334,0.6810920568872054,0.9212955240498188,2.5270442347500075,,,,,CHEMBL264_Ki
86921808,mondrian_nnsim,cliffA,noncliff,537,499,0.9292364990689013,0.9043624536734969,0.9480130299020622,2.444598863543374,,,,,CHEMBL264_Ki
86921808,mondrian_nnsim,__bins__,__summary__,-1,-1,,,,2.449778677441173,0.7857142857142857,0.20000000000000007,0.8194444444444444,0.16647104851330208,CHEMBL264_Ki
86921808,mondrian_pairgap,cliffB_oracle,all,573,538,0.9389179755671903,0.916234673015761,0.9557553552813435,2.5962675126603396,,,,,CHEMBL264_Ki
86921808,mondrian_pairgap,cliffB_oracle,cliff,18,14,0.7777777777777778,0.5478541568378739,0.9099907189139831,2.3406593466405696,,,,,CHEMBL264_Ki
86921808,mondrian_pairgap,cliffB_oracle,noncliff,555,524,0.9441441441441442,0.9218083080606753,0.9603739141394506,2.6045575072339537,,,,,CHEMBL264_Ki
86921808,mondrian_pairgap,cliffA,all,573,538,0.9389179755671903,0.916234673015761,0.9557553552813435,2.5962675126603396,,,,,CHEMBL264_Ki
86921808,mondrian_pairgap,cliffA,cliff,36,31,0.8611111111111112,0.713404696106438,0.9391818499086717,2.3520024943139974,,,,,CHEMBL264_Ki
86921808,mondrian_pairgap,cliffA,noncliff,537,507,0.9441340782122905,0.9213686677616044,0.9605903466972712,2.6126428211528316,,,,,CHEMBL264_Ki
86921808,mondrian_pairgap,__bins__,__summary__,-1,-1,,,,2.5962675126603396,0.8428571428571429,0.1428571428571429,0.875,0.125,CHEMBL264_Ki
86921808,mondrian_rfstd,cliffB_oracle,all,573,527,0.9197207678883071,0.8945759019435434,0.9392753974817195,2.2493789725379054,,,,,CHEMBL264_Ki
86921808,mondrian_rfstd,cliffB_oracle,cliff,18,10,0.5555555555555556,0.33716415642042774,0.7544048187299437,2.2687528536166317,,,,,CHEMBL264_Ki
86921808,mondrian_rfstd,cliffB_oracle,noncliff,555,517,0.9315315315315316,0.9074175124362942,0.9497128819528748,2.2487506304488654,,,,,CHEMBL264_Ki
86921808,mondrian_rfstd,cliffA,all,573,527,0.9197207678883071,0.8945759019435434,0.9392753974817195,2.2493789725379054,,,,,CHEMBL264_Ki
86921808,mondrian_rfstd,cliffA,cliff,36,26,0.7222222222222222,0.5600751000260289,0.841516620598654,2.1662358364786534,,,,,CHEMBL264_Ki
86921808,mondrian_rfstd,cliffA,noncliff,537,501,0.9329608938547486,0.9085855158540161,0.951185850442372,2.25495281406143,,,,,CHEMBL264_Ki
86921808,mondrian_rfstd,__bins__,__summary__,-1,-1,,,,2.2493789725379054,0.8285714285714286,0.15714285714285714,0.8472222222222222,0.11111111111111116,CHEMBL264_Ki
89165191,global,cliffB_oracle,all,573,522,0.9109947643979057,0.8848598274064312,0.9316556861679945,2.358036588015807,,,,,CHEMBL264_Ki
89165191,global,cliffB_oracle,cliff,23,19,0.8260869565217391,0.6286235235977385,0.9302134643693744,2.358036588015807,,,,,CHEMBL264_Ki
89165191,global,cliffB_oracle,noncliff,550,503,0.9145454545454546,0.888210998097761,0.9351293147978645,2.358036588015807,,,,,CHEMBL264_Ki
89165191,global,cliffA,all,573,522,0.9109947643979057,0.8848598274064312,0.9316556861679945,2.358036588015807,,,,,CHEMBL264_Ki
89165191,global,cliffA,cliff,50,46,0.92,0.8116175308165717,0.968450485911407,2.358036588015807,,,,,CHEMBL264_Ki
89165191,global,cliffA,noncliff,523,476,0.9101338432122371,0.8825401944150629,0.931746519011578,2.358036588015807,,,,,CHEMBL264_Ki
89165191,global,__bins__,__summary__,-1,-1,,,,2.358036588015807,0.8111111111111111,0.15990338164251205,0.7916666666666666,0.19444444444444453,CHEMBL264_Ki
89165191,mondrian_pair,cliffB_oracle,all,573,523,0.912739965095986,0.886797514731884,0.933185156012709,2.3878735269162013,,,,,CHEMBL264_Ki
89165191,mondrian_pair,cliffB_oracle,cliff,23,20,0.8695652173913043,0.6787251772990404,0.9546234090636876,2.49305116151262,,,,,CHEMBL264_Ki
89165191,mondrian_pair,cliffB_oracle,noncliff,550,503,0.9145454545454546,0.888210998097761,0.9351293147978645,2.383475189469442,,,,,CHEMBL264_Ki
89165191,mondrian_pair,cliffA,all,573,523,0.912739965095986,0.886797514731884,0.933185156012709,2.3878735269162013,,,,,CHEMBL264_Ki
89165191,mondrian_pair,cliffA,cliff,50,47,0.94,0.8378290831116182,0.979385029651026,2.5057237470487963,,,,,CHEMBL264_Ki
89165191,mondrian_pair,cliffA,noncliff,523,476,0.9101338432122371,0.8825401944150629,0.931746519011578,2.3766067754694906,,,,,CHEMBL264_Ki
89165191,mondrian_pair,__bins__,__summary__,-1,-1,,,,2.3878735269162013,0.8111111111111111,0.1454106280193237,0.8055555555555556,0.18055555555555558,CHEMBL264_Ki
89165191,mondrian_wstd,cliffB_oracle,all,573,519,0.9057591623036649,0.8790622158571149,0.9270518262068086,2.331058165042456,,,,,CHEMBL264_Ki
89165191,mondrian_wstd,cliffB_oracle,cliff,23,18,0.782608695652174,0.5809651698373599,0.9033602197341379,2.492209824972213,,,,,CHEMBL264_Ki
89165191,mondrian_wstd,cliffB_oracle,noncliff,550,501,0.9109090909090909,0.8841632567653973,0.9319547726837755,2.3243190956272115,,,,,CHEMBL264_Ki
89165191,mondrian_wstd,cliffA,all,573,519,0.9057591623036649,0.8790622158571149,0.9270518262068086,2.331058165042456,,,,,CHEMBL264_Ki
89165191,mondrian_wstd,cliffA,cliff,50,44,0.88,0.7619518261679701,0.9438239984906773,2.428185752473193,,,,,CHEMBL264_Ki
89165191,mondrian_wstd,cliffA,noncliff,523,475,0.9082217973231358,0.8804129823025204,0.9300775226699172,2.3217725448291926,,,,,CHEMBL264_Ki
89165191,mondrian_wstd,__bins__,__summary__,-1,-1,,,,2.331058165042456,0.8444444444444444,0.12657004830917873,0.8055555555555556,0.18055555555555558,CHEMBL264_Ki
89165191,mondrian_std,cliffB_oracle,all,573,520,0.9075043630017452,0.880992242971099,0.9285889562629919,2.354329305976691,,,,,CHEMBL264_Ki
89165191,mondrian_std,cliffB_oracle,cliff,23,18,0.782608695652174,0.5809651698373599,0.9033602197341379,2.5193530915976026,,,,,CHEMBL264_Ki
89165191,mondrian_std,cliffB_oracle,noncliff,550,502,0.9127272727272727,0.8861856403089243,0.9335435308634747,2.347428311305271,,,,,CHEMBL264_Ki
89165191,mondrian_std,cliffA,all,573,520,0.9075043630017452,0.880992242971099,0.9285889562629919,2.354329305976691,,,,,CHEMBL264_Ki
89165191,mondrian_std,cliffA,cliff,50,44,0.88,0.7619518261679701,0.9438239984906773,2.461457586220739,,,,,CHEMBL264_Ki
89165191,mondrian_std,cliffA,noncliff,523,476,0.9101338432122371,0.8825401944150629,0.931746519011578,2.3440875965843344,,,,,CHEMBL264_Ki
89165191,mondrian_std,__bins__,__summary__,-1,-1,,,,2.354329305976691,0.8444444444444444,0.11207729468599037,0.8055555555555556,0.19444444444444442,CHEMBL264_Ki
89165191,mondrian_iqr,cliffB_oracle,all,573,523,0.912739965095986,0.886797514731884,0.933185156012709,2.4162169316321265,,,,,CHEMBL264_Ki
89165191,mondrian_iqr,cliffB_oracle,cliff,23,18,0.782608695652174,0.5809651698373599,0.9033602197341379,2.5532200930158253,,,,,CHEMBL264_Ki
89165191,mondrian_iqr,cliffB_oracle,noncliff,550,505,0.9181818181818182,0.8922709784701807,0.9382916178718977,2.410487708519717,,,,,CHEMBL264_Ki
89165191,mondrian_iqr,cliffA,all,573,523,0.912739965095986,0.886797514731884,0.933185156012709,2.4162169316321265,,,,,CHEMBL264_Ki
89165191,mondrian_iqr,cliffA,cliff,50,45,0.9,0.7863976856252035,0.9565242350681096,2.4087148947528614,,,,,CHEMBL264_Ki
89165191,mondrian_iqr,cliffA,noncliff,523,478,0.9139579349904398,0.8868044305313681,0.9350746998036797,2.41693414357087,,,,,CHEMBL264_Ki
89165191,mondrian_iqr,__bins__,__summary__,-1,-1,,,,2.4162169316321265,0.8444444444444444,0.11207729468599037,0.8333333333333334,0.1527777777777778,CHEMBL264_Ki
89165191,mondrian_nb,cliffB_oracle,all,573,521,0.9092495636998255,0.8829247589926643,0.930123597411594,2.3293230147662847,,,,,CHEMBL264_Ki
89165191,mondrian_nb,cliffB_oracle,cliff,23,19,0.8260869565217391,0.6286235235977385,0.9302134643693744,2.2073632804516214,,,,,CHEMBL264_Ki
89165191,mondrian_nb,cliffB_oracle,noncliff,550,502,0.9127272727272727,0.8861856403089243,0.9335435308634747,2.334423149110352,,,,,CHEMBL264_Ki
89165191,mondrian_nb,cliffA,all,573,521,0.9092495636998255,0.8829247589926643,0.930123597411594,2.3293230147662847,,,,,CHEMBL264_Ki
89165191,mondrian_nb,cliffA,cliff,50,45,0.9,0.7863976856252035,0.9565242350681096,2.1599756291220826,,,,,CHEMBL264_Ki
89165191,mondrian_nb,cliffA,noncliff,523,476,0.9101338432122371,0.8825401944150629,0.931746519011578,2.3455130133938376,,,,,CHEMBL264_Ki
89165191,mondrian_nb,__bins__,__summary__,-1,-1,,,,2.3293230147662847,0.855072463768116,0.1159420289855072,0.7916666666666666,0.19444444444444453,CHEMBL264_Ki
89165191,mondrian_nnsim,cliffB_oracle,all,573,510,0.8900523560209425,0.8617947779867863,0.9131148495456307,2.2926827772399077,,,,,CHEMBL264_Ki
89165191,mondrian_nnsim,cliffB_oracle,cliff,23,18,0.782608695652174,0.5809651698373599,0.9033602197341379,2.144950319518939,,,,,CHEMBL264_Ki
89165191,mondrian_nnsim,cliffB_oracle,noncliff,550,492,0.8945454545454545,0.866083575385262,0.9175341785548727,2.2988606800173295,,,,,CHEMBL264_Ki
89165191,mondrian_nnsim,cliffA,all,573,510,0.8900523560209425,0.8617947779867863,0.9131148495456307,2.2926827772399077,,,,,CHEMBL264_Ki
89165191,mondrian_nnsim,cliffA,cliff,50,43,0.86,0.7381380628941446,0.9304916657298371,2.2025344980845523,,,,,CHEMBL264_Ki
89165191,mondrian_nnsim,cliffA,noncliff,523,467,0.892925430210325,0.8635020921915336,0.9166187451472761,2.301301159568335,,,,,CHEMBL264_Ki
89165191,mondrian_nnsim,__bins__,__summary__,-1,-1,,,,2.2926827772399077,0.8,0.1420289855072463,0.7777777777777778,0.20833333333333337,CHEMBL264_Ki
89165191,mondrian_pairgap,cliffB_oracle,all,573,513,0.8952879581151832,0.8675311023867374,0.9177799966561817,2.362133746394087,,,,,CHEMBL264_Ki
89165191,mondrian_pairgap,cliffB_oracle,cliff,23,19,0.8260869565217391,0.6286235235977385,0.9302134643693744,2.326599267905618,,,,,CHEMBL264_Ki
89165191,mondrian_pairgap,cliffB_oracle,noncliff,550,494,0.8981818181818182,0.8700835682156981,0.9207564691708897,2.3636197336763325,,,,,CHEMBL264_Ki
89165191,mondrian_pairgap,cliffA,all,573,513,0.8952879581151832,0.8675311023867374,0.9177799966561817,2.362133746394087,,,,,CHEMBL264_Ki
89165191,mondrian_pairgap,cliffA,cliff,50,46,0.92,0.8116175308165717,0.968450485911407,2.3248187852102227,,,,,CHEMBL264_Ki
89165191,mondrian_pairgap,cliffA,noncliff,523,467,0.892925430210325,0.8635020921915336,0.9166187451472761,2.365701142300767,,,,,CHEMBL264_Ki
89165191,mondrian_pairgap,__bins__,__summary__,-1,-1,,,,2.362133746394087,0.8222222222222222,0.13429951690821262,0.7777777777777778,0.20833333333333337,CHEMBL264_Ki
89165191,mondrian_rfstd,cliffB_oracle,all,573,521,0.9092495636998255,0.8829247589926643,0.930123597411594,2.230958079758195,,,,,CHEMBL264_Ki
89165191,mondrian_rfstd,cliffB_oracle,cliff,23,19,0.8260869565217391,0.6286235235977385,0.9302134643693744,2.3883963597734095,,,,,CHEMBL264_Ki
89165191,mondrian_rfstd,cliffB_oracle,noncliff,550,502,0.9127272727272727,0.8861856403089243,0.9335435308634747,2.2243742971393767,,,,,CHEMBL264_Ki
89165191,mondrian_rfstd,cliffA,all,573,521,0.9092495636998255,0.8829247589926643,0.930123597411594,2.230958079758195,,,,,CHEMBL264_Ki
89165191,mondrian_rfstd,cliffA,cliff,50,43,0.86,0.7381380628941446,0.9304916657298371,2.1171744704870155,,,,,CHEMBL264_Ki
89165191,mondrian_rfstd,cliffA,noncliff,523,478,0.9139579349904398,0.8868044305313681,0.9350746998036797,2.241836053875898,,,,,CHEMBL264_Ki
89165191,mondrian_rfstd,__bins__,__summary__,-1,-1,,,,2.230958079758195,0.855072463768116,0.10144927536231885,0.8472222222222222,0.13888888888888895,CHEMBL264_Ki
71339737,global,cliffB_oracle,all,470,402,0.8553191489361702,0.8206339643058315,0.8842431497214335,1.9835291320513322,,,,,CHEMBL235_EC50
71339737,global,cliffB_oracle,cliff,23,9,0.391304347826087,0.22157622792477952,0.592144776086183,1.983529132051332,,,,,CHEMBL235_EC50
71339737,global,cliffB_oracle,noncliff,447,393,0.8791946308724832,0.8457075940022976,0.9062197040921418,1.983529132051332,,,,,CHEMBL235_EC50
71339737,global,cliffA,all,470,402,0.8553191489361702,0.8206339643058315,0.8842431497214335,1.9835291320513322,,,,,CHEMBL235_EC50
71339737,global,cliffA,cliff,41,25,0.6097560975609756,0.45726856934123794,0.7434385493987647,1.9835291320513326,,,,,CHEMBL235_EC50
71339737,global,cliffA,noncliff,429,377,0.8787878787878788,0.844496195585678,0.9063560931148651,1.983529132051332,,,,,CHEMBL235_EC50
71339737,global,__bins__,__summary__,-1,-1,,,,1.9835291320513322,0.7307692307692307,0.23351648351648358,0.6610169491525424,0.30508474576271183,CHEMBL235_EC50
71339737,mondrian_pair,cliffB_oracle,all,470,401,0.8531914893617021,0.818333550421919,0.8823227425632664,2.0439897150005613,,,,,CHEMBL235_EC50
71339737,mondrian_pair,cliffB_oracle,cliff,23,10,0.43478260869565216,0.25634635325674215,0.6318862491498354,2.03771597449669,,,,,CHEMBL235_EC50
71339737,mondrian_pair,cliffB_oracle,noncliff,447,391,0.8747203579418344,0.8408041214048707,0.9022508781869796,2.0443125249146306,,,,,CHEMBL235_EC50
71339737,mondrian_pair,cliffA,all,470,401,0.8531914893617021,0.818333550421919,0.8823227425632664,2.0439897150005613,,,,,CHEMBL235_EC50
71339737,mondrian_pair,cliffA,cliff,41,26,0.6341463414634146,0.4812070108791201,0.7641016898031056,2.0702396222540544,,,,,CHEMBL235_EC50
71339737,mondrian_pair,cliffA,noncliff,429,375,0.8741258741258742,0.839380410115216,0.9022306196474743,2.041480982605705,,,,,CHEMBL235_EC50
71339737,mondrian_pair,__bins__,__summary__,-1,-1,,,,2.0439897150005613,0.7435897435897436,0.20283882783882778,0.6779661016949152,0.27118644067796616,CHEMBL235_EC50
71339737,mondrian_wstd,cliffB_oracle,all,470,411,0.874468085106383,0.8414462993083103,0.9014182040976695,2.2318243128294593,,,,,CHEMBL235_EC50
71339737,mondrian_wstd,cliffB_oracle,cliff,23,10,0.43478260869565216,0.25634635325674215,0.6318862491498354,2.1216105146332183,,,,,CHEMBL235_EC50
71339737,mondrian_wstd,cliffB_oracle,noncliff,447,401,0.8970917225950783,0.8654583262518986,0.921958165852898,2.237495268888773,,,,,CHEMBL235_EC50
71339737,mondrian_wstd,cliffA,all,470,411,0.874468085106383,0.8414462993083103,0.9014182040976695,2.2318243128294593,,,,,CHEMBL235_EC50
71339737,mondrian_wstd,cliffA,cliff,41,25,0.6097560975609756,0.45726856934123794,0.7434385493987647,2.1834162158142454,,,,,CHEMBL235_EC50
71339737,mondrian_wstd,cliffA,noncliff,429,386,0.8997668997668997,0.8677059907241503,0.9247319631967305,2.236450727695715,,,,,CHEMBL235_EC50
71339737,mondrian_wstd,__bins__,__summary__,-1,-1,,,,2.2318243128294593,0.7857142857142857,0.1785714285714286,0.7627118644067796,0.18644067796610175,CHEMBL235_EC50
71339737,mondrian_std,cliffB_oracle,all,470,415,0.8829787234042553,0.8507651311607933,0.9089826564135042,2.1786611112970866,,,,,CHEMBL235_EC50
71339737,mondrian_std,cliffB_oracle,cliff,23,11,0.4782608695652174,0.29237157416646653,0.6703726266357259,2.1548683487960885,,,,,CHEMBL235_EC50
71339737,mondrian_std,cliffB_oracle,noncliff,447,404,0.9038031319910514,0.8729280276588336,0.9277969121998468,2.1798853473989275,,,,,CHEMBL235_EC50
71339737,mondrian_std,cliffA,all,470,415,0.8829787234042553,0.8507651311607933,0.9089826564135042,2.1786611112970866,,,,,CHEMBL235_EC50
71339737,mondrian_std,cliffA,cliff,41,26,0.6341463414634146,0.4812070108791201,0.7641016898031056,2.2135796419599587,,,,,CHEMBL235_EC50
71339737,mondrian_std,cliffA,noncliff,429,389,0.9067599067599068,0.8755206012235943,0.9307792411040658,2.1753239090659027,,,,,CHEMBL235_EC50
71339737,mondrian_std,__bins__,__summary__,-1,-1,,,,2.1786611112970866,0.8392857142857143,0.125,0.7966101694915254,0.1694915254237288,CHEMBL235_EC50
71339737,mondrian_iqr,cliffB_oracle,all,470,411,0.874468085106383,0.8414462993083103,0.9014182040976695,2.0645860790868875,,,,,CHEMBL235_EC50
71339737,mondrian_iqr,cliffB_oracle,cliff,23,10,0.43478260869565216,0.25634635325674215,0.6318862491498354,2.0301991548106706,,,,,CHEMBL235_EC50
71339737,mondrian_iqr,cliffB_oracle,noncliff,447,401,0.8970917225950783,0.8654583262518986,0.921958165852898,2.066355428658147,,,,,CHEMBL235_EC50
71339737,mondrian_iqr,cliffA,all,470,411,0.874468085106383,0.8414462993083103,0.9014182040976695,2.0645860790868875,,,,,CHEMBL235_EC50
71339737,mondrian_iqr,cliffA,cliff,41,26,0.6341463414634146,0.4812070108791201,0.7641016898031056,2.1364775994269456,,,,,CHEMBL235_EC50
71339737,mondrian_iqr,cliffA,noncliff,429,385,0.8974358974358975,0.8651104639155835,0.9227068605363709,2.0577153277257163,,,,,CHEMBL235_EC50
71339737,mondrian_iqr,__bins__,__summary__,-1,-1,,,,2.0645860790868875,0.7857142857142857,0.1607142857142857,0.7288135593220338,0.23728813559322037,CHEMBL235_EC50
71339737,mondrian_nb,cliffB_oracle,all,470,411,0.874468085106383,0.8414462993083103,0.9014182040976695,2.2116068608938177,,,,,CHEMBL235_EC50
71339737,mondrian_nb,cliffB_oracle,cliff,23,11,0.4782608695652174,0.29237157416646653,0.6703726266357259,2.109950403707569,,,,,CHEMBL235_EC50
71339737,mondrian_nb,cliffB_oracle,noncliff,447,400,0.8948545861297539,0.8629765730027823,0.9200037698507195,2.21683750634188,,,,,CHEMBL235_EC50
71339737,mondrian_nb,cliffA,all,470,411,0.874468085106383,0.8414462993083103,0.9014182040976695,2.2116068608938177,,,,,CHEMBL235_EC50
71339737,mondrian_nb,cliffA,cliff,41,26,0.6341463414634146,0.4812070108791201,0.7641016898031056,2.1700564025510656,,,,,CHEMBL235_EC50
71339737,mondrian_nb,cliffA,noncliff,429,385,0.8974358974358975,0.8651104639155835,0.9227068605363709,2.215577883719116,,,,,CHEMBL235_EC50
71339737,mondrian_nb,__bins__,__summary__,-1,-1,,,,2.2116068608938177,0.782051282051282,0.16437728937728935,0.6610169491525424,0.288135593220339,CHEMBL235_EC50
71339737,mondrian_nnsim,cliffB_oracle,all,470,418,0.8893617021276595,0.8577854552634575,0.9146247954370782,2.312386773435544,,,,,CHEMBL235_EC50
71339737,mondrian_nnsim,cliffB_oracle,cliff,23,10,0.43478260869565216,0.25634635325674215,0.6318862491498354,2.122545075724158,,,,,CHEMBL235_EC50
71339737,mondrian_nnsim,cliffB_oracle,noncliff,447,408,0.912751677852349,0.8829494308527543,0.9355201060111045,2.3221549144810965,,,,,CHEMBL235_EC50
71339737,mondrian_nnsim,cliffA,all,470,418,0.8893617021276595,0.8577854552634575,0.9146247954370782,2.312386773435544,,,,,CHEMBL235_EC50
71339737,mondrian_nnsim,cliffA,cliff,41,26,0.6341463414634146,0.4812070108791201,0.7641016898031056,2.2234711076924647,,,,,CHEMBL235_EC50
71339737,mondrian_nnsim,cliffA,noncliff,429,392,0.9137529137529138,0.8833805292430232,0.9367812014914161,2.3208845410240433,,,,,CHEMBL235_EC50
71339737,mondrian_nnsim,__bins__,__summary__,-1,-1,,,,2.312386773435544,0.7564102564102564,0.190018315018315,0.6949152542372882,0.27118644067796605,CHEMBL235_EC50
71339737,mondrian_pairgap,cliffB_oracle,all,470,408,0.8680851063829788,0.8344861406482026,0.895715899631539,2.1325741375094758,,,,,CHEMBL235_EC50
71339737,mondrian_pairgap,cliffB_oracle,cliff,23,11,0.4782608695652174,0.29237157416646653,0.6703726266357259,1.9340533788184593,,,,,CHEMBL235_EC50
71339737,mondrian_pairgap,cliffB_oracle,noncliff,447,397,0.8881431767337807,0.8555542142142548,0.9141176808853632,2.142788852162481,,,,,CHEMBL235_EC50
71339737,mondrian_pairgap,cliffA,all,470,408,0.8680851063829788,0.8344861406482026,0.895715899631539,2.1325741375094758,,,,,CHEMBL235_EC50
71339737,mondrian_pairgap,cliffA,cliff,41,26,0.6341463414634146,0.4812070108791201,0.7641016898031056,2.0030154239338787,,,,,CHEMBL235_EC50
71339737,mondrian_pairgap,cliffA,noncliff,429,382,0.8904428904428905,0.8573500246757002,0.916605411369475,2.144956205706677,,,,,CHEMBL235_EC50
71339737,mondrian_pairgap,__bins__,__summary__,-1,-1,,,,2.1325741375094758,0.7692307692307693,0.19505494505494503,0.6779661016949152,0.288135593220339,CHEMBL235_EC50
71339737,mondrian_rfstd,cliffB_oracle,all,470,400,0.851063829787234,0.8160353893670191,0.8804000825760869,1.984110354312539,,,,,CHEMBL235_EC50
71339737,mondrian_rfstd,cliffB_oracle,cliff,23,11,0.4782608695652174,0.29237157416646653,0.6703726266357259,1.961205536454317,,,,,CHEMBL235_EC50
71339737,mondrian_rfstd,cliffB_oracle,noncliff,447,389,0.8702460850111857,0.8359130752880481,0.8982696258012128,1.9852889019875706,,,,,CHEMBL235_EC50
71339737,mondrian_rfstd,cliffA,all,470,400,0.851063829787234,0.8160353893670191,0.8804000825760869,1.984110354312539,,,,,CHEMBL235_EC50
71339737,mondrian_rfstd,cliffA,cliff,41,26,0.6341463414634146,0.4812070108791201,0.7641016898031056,2.0196084981963223,,,,,CHEMBL235_EC50
71339737,mondrian_rfstd,cliffA,noncliff,429,374,0.8717948717948718,0.8368276842279504,0.9001627160658133,1.9807177578108253,,,,,CHEMBL235_EC50
71339737,mondrian_rfstd,__bins__,__summary__,-1,-1,,,,1.984110354312539,0.7321428571428571,0.1785714285714286,0.7627118644067796,0.1694915254237288,CHEMBL235_EC50
99182118,global,cliffB_oracle,all,470,425,0.9042553191489362,0.8742828589631756,0.9276731390319163,2.2912815787787717,,,,,CHEMBL235_EC50
99182118,global,cliffB_oracle,cliff,14,12,0.8571428571428571,0.6005862050302965,0.9599060787285351,2.291281578778772,,,,,CHEMBL235_EC50
99182118,global,cliffB_oracle,noncliff,456,413,0.9057017543859649,0.8753875191793445,0.9292376247754852,2.291281578778772,,,,,CHEMBL235_EC50
99182118,global,cliffA,all,470,425,0.9042553191489362,0.8742828589631756,0.9276731390319163,2.2912815787787717,,,,,CHEMBL235_EC50
99182118,global,cliffA,cliff,32,26,0.8125,0.6469084479862404,0.9111045531043405,2.291281578778772,,,,,CHEMBL235_EC50
99182118,global,cliffA,noncliff,438,399,0.910958904109589,0.8805908532297986,0.934181035675478,2.2912815787787717,,,,,CHEMBL235_EC50
99182118,global,__bins__,__summary__,-1,-1,,,,2.2912815787787717,0.7654320987654321,0.21638608305274976,0.7457627118644068,0.2542372881355932,CHEMBL235_EC50
99182118,mondrian_pair,cliffB_oracle,all,470,423,0.9,0.8695514643123263,0.9239628915986067,2.213900906638411,,,,,CHEMBL235_EC50
99182118,mondrian_pair,cliffB_oracle,cliff,14,12,0.8571428571428571,0.6005862050302965,0.9599060787285351,2.3294063424033746,,,,,CHEMBL235_EC50
99182118,mondrian_pair,cliffB_oracle,noncliff,456,411,0.9013157894736842,0.8704990807309261,0.9254274130189866,2.210354687119312,,,,,CHEMBL235_EC50
99182118,mondrian_pair,cliffA,all,470,423,0.9,0.8695514643123263,0.9239628915986067,2.213900906638411,,,,,CHEMBL235_EC50
99182118,mondrian_pair,cliffA,cliff,32,26,0.8125,0.6469084479862404,0.9111045531043405,2.3241130940795127,,,,,CHEMBL235_EC50
99182118,mondrian_pair,cliffA,noncliff,438,397,0.906392694063927,0.8754706900670082,0.9302481778504323,2.205848874679244,,,,,CHEMBL235_EC50
99182118,mondrian_pair,__bins__,__summary__,-1,-1,,,,2.213900906638411,0.7777777777777778,0.20404040404040402,0.7627118644067796,0.23728813559322037,CHEMBL235_EC50
99182118,mondrian_wstd,cliffB_oracle,all,470,424,0.902127659574468,0.8719152772448617,0.9258198997081506,2.3320098147948185,,,,,CHEMBL235_EC50
99182118,mondrian_wstd,cliffB_oracle,cliff,14,10,0.7142857142857143,0.4535091567010681,0.8827862135542308,2.509316480430894,,,,,CHEMBL235_EC50
99182118,mondrian_wstd,cliffB_oracle,noncliff,456,414,0.9078947368421053,0.8778380699555961,0.9311363991016923,2.3265661890954648,,,,,CHEMBL235_EC50
99182118,mondrian_wstd,cliffA,all,470,424,0.902127659574468,0.8719152772448617,0.9258198997081506,2.3320098147948185,,,,,CHEMBL235_EC50
99182118,mondrian_wstd,cliffA,cliff,32,23,0.71875,0.5462549057408342,0.8443541950225723,2.4387540929248246,,,,,CHEMBL235_EC50
99182118,mondrian_wstd,cliffA,noncliff,438,401,0.9155251141552512,0.8857313332280423,0.9380935766650709,2.3242111460729915,,,,,CHEMBL235_EC50
99182118,mondrian_wstd,__bins__,__summary__,-1,-1,,,,2.3320098147948185,0.8392857142857143,0.125,0.8305084745762712,0.10169491525423724,CHEMBL235_EC50
99182118,mondrian_std,cliffB_oracle,all,470,429,0.9127659574468086,0.8837931678033383,0.9350461143600713,2.3366741504654542,,,,,CHEMBL235_EC50
99182118,mondrian_std,cliffB_oracle,cliff,14,12,0.8571428571428571,0.6005862050302965,0.9599060787285351,2.5183706266078465,,,,,CHEMBL235_EC50
99182118,mondrian_std,cliffB_oracle,noncliff,456,417,0.9144736842105263,0.8852166799321743,0.9368057644324896,2.331095749882135,,,,,CHEMBL235_EC50
99182118,mondrian_std,cliffA,all,470,429,0.9127659574468086,0.8837931678033383,0.9350461143600713,2.3366741504654542,,,,,CHEMBL235_EC50
99182118,mondrian_std,cliffA,cliff,32,25,0.78125,0.6124500635075647,0.8897616374739581,2.4045496913555127,,,,,CHEMBL235_EC50
99182118,mondrian_std,cliffA,noncliff,438,404,0.9223744292237442,0.8934834065004462,0.9439210348744214,2.331715206838783,,,,,CHEMBL235_EC50
99182118,mondrian_std,__bins__,__summary__,-1,-1,,,,2.3366741504654542,0.8181818181818182,0.16396103896103886,0.8305084745762712,0.15254237288135597,CHEMBL235_EC50
99182118,mondrian_iqr,cliffB_oracle,all,470,424,0.902127659574468,0.8719152772448617,0.9258198997081506,2.282730318745335,,,,,CHEMBL235_EC50
99182118,mondrian_iqr,cliffB_oracle,cliff,14,12,0.8571428571428571,0.6005862050302965,0.9599060787285351,2.4706749307863314,,,,,CHEMBL235_EC50
99182118,mondrian_iqr,cliffB_oracle,noncliff,456,412,0.9035087719298246,0.872941231601605,0.9273345872507663,2.276960089428287,,,,,CHEMBL235_EC50
99182118,mondrian_iqr,cliffA,all,470,424,0.902127659574468,0.8719152772448617,0.9258198997081506,2.282730318745335,,,,,CHEMBL235_EC50
99182118,mondrian_iqr,cliffA,cliff,32,24,0.75,0.5789344100575552,0.8674759908149096,2.436600781146187,,,,,CHEMBL235_EC50
99182118,mondrian_iqr,cliffA,noncliff,438,400,0.91324200913242,0.8831584664302186,0.9361399329689764,2.271488641127008,,,,,CHEMBL235_EC50
99182118,mondrian_iqr,__bins__,__summary__,-1,-1,,,,2.282730318745335,0.8181818181818182,0.1272727272727272,0.7966101694915254,0.18644067796610175,CHEMBL235_EC50
99182118,mondrian_nb,cliffB_oracle,all,470,412,0.8765957446808511,0.843771749760303,0.9033135746877563,2.230008222853512,,,,,CHEMBL235_EC50
99182118,mondrian_nb,cliffB_oracle,cliff,14,8,0.5714285714285714,0.3259064457965074,0.7861920109552588,2.1858500223126165,,,,,CHEMBL235_EC50
99182118,mondrian_nb,cliffB_oracle,noncliff,456,404,0.8859649122807017,0.8535105326426503,0.9119706853900525,2.2313639570806445,,,,,CHEMBL235_EC50
99182118,mondrian_nb,cliffA,all,470,412,0.8765957446808511,0.843771749760303,0.9033135746877563,2.230008222853512,,,,,CHEMBL235_EC50
99182118,mondrian_nb,cliffA,cliff,32,20,0.625,0.4525440735307745,0.7706611269054578,2.120556134469999,,,,,CHEMBL235_EC50
99182118,mondrian_nb,cliffA,noncliff,438,392,0.8949771689497716,0.8627510258308053,0.9203352896170438,2.23800472246144,,,,,CHEMBL235_EC50
99182118,mondrian_nb,__bins__,__summary__,-1,-1,,,,2.230008222853512,0.7654320987654321,0.21638608305274976,0.711864406779661,0.27118644067796616,CHEMBL235_EC50
99182118,mondrian_nnsim,cliffB_oracle,all,470,420,0.8936170212765957,0.8624816205614759,0.9183702722232187,2.2579583969669024,,,,,CHEMBL235_EC50
99182118,mondrian_nnsim,cliffB_oracle,cliff,14,10,0.7142857142857143,0.4535091567010681,0.8827862135542308,2.2895081966189426,,,,,CHEMBL235_EC50
99182118,mondrian_nnsim,cliffB_oracle,noncliff,456,410,0.8991228070175439,0.8680609468466997,0.9235162218007545,2.256989762767059,,,,,CHEMBL235_EC50
99182118,mondrian_nnsim,cliffA,all,470,420,0.8936170212765957,0.8624816205614759,0.9183702722232187,2.2579583969669024,,,,,CHEMBL235_EC50
99182118,mondrian_nnsim,cliffA,cliff,32,23,0.71875,0.5462549057408342,0.8443541950225723,2.293394314853123,,,,,CHEMBL235_EC50
99182118,mondrian_nnsim,cliffA,noncliff,438,397,0.906392694063927,0.8754706900670082,0.9302481778504323,2.2553694714592334,,,,,CHEMBL235_EC50
99182118,mondrian_nnsim,__bins__,__summary__,-1,-1,,,,2.2579583969669024,0.7654320987654321,0.23456790123456794,0.7288135593220338,0.27118644067796616,CHEMBL235_EC50
99182118,mondrian_pairgap,cliffB_oracle,all,470,429,0.9127659574468086,0.8837931678033383,0.9350461143600713,2.2723567770132456,,,,,CHEMBL235_EC50
99182118,mondrian_pairgap,cliffB_oracle,cliff,14,12,0.8571428571428571,0.6005862050302965,0.9599060787285351,2.381031390245975,,,,,CHEMBL235_EC50
99182118,mondrian_pairgap,cliffB_oracle,noncliff,456,417,0.9144736842105263,0.8852166799321743,0.9368057644324896,2.269020275729784,,,,,CHEMBL235_EC50
99182118,mondrian_pairgap,cliffA,all,470,429,0.9127659574468086,0.8837931678033383,0.9350461143600713,2.2723567770132456,,,,,CHEMBL235_EC50
99182118,mondrian_pairgap,cliffA,cliff,32,27,0.84375,0.682458504024696,0.9313557971749429,2.3851050449318008,,,,,CHEMBL235_EC50
99182118,mondrian_pairgap,cliffA,noncliff,438,402,0.9178082191780822,0.8883096422760459,0.9400417781109855,2.264119460635634,,,,,CHEMBL235_EC50
99182118,mondrian_pairgap,__bins__,__summary__,-1,-1,,,,2.2723567770132456,0.8024691358024691,0.17967372134038795,0.7457627118644068,0.2542372881355932,CHEMBL235_EC50
99182118,mondrian_rfstd,cliffB_oracle,all,470,414,0.8808510638297873,0.8484311020256842,0.907095864506534,2.165590753060378,,,,,CHEMBL235_EC50
99182118,mondrian_rfstd,cliffB_oracle,cliff,14,10,0.7142857142857143,0.4535091567010681,0.8827862135542308,2.3325977533679843,,,,,CHEMBL235_EC50
99182118,mondrian_rfstd,cliffB_oracle,noncliff,456,404,0.8859649122807017,0.8535105326426503,0.9119706853900525,2.160463345156197,,,,,CHEMBL235_EC50
99182118,mondrian_rfstd,cliffA,all,470,414,0.8808510638297873,0.8484311020256842,0.907095864506534,2.165590753060378,,,,,CHEMBL235_EC50
99182118,mondrian_rfstd,cliffA,cliff,32,24,0.75,0.5789344100575552,0.8674759908149096,2.1999027008640586,,,,,CHEMBL235_EC50
99182118,mondrian_rfstd,cliffA,noncliff,438,390,0.8904109589041096,0.8576926752239283,0.9163406192360847,2.1630839440884193,,,,,CHEMBL235_EC50
99182118,mondrian_rfstd,__bins__,__summary__,-1,-1,,,,2.165590753060378,0.8271604938271605,0.0835537918871252,0.847457627118644,0.0847457627118644,CHEMBL235_EC50
89709943,global,cliffB_oracle,all,470,416,0.8851063829787233,0.8531021518801972,0.9108664567361796,2.082692472992214,,,,,CHEMBL235_EC50
89709943,global,cliffB_oracle,cliff,17,10,0.5882352941176471,0.3600544264299978,0.7838894320978518,2.082692472992214,,,,,CHEMBL235_EC50
89709943,global,cliffB_oracle,noncliff,453,406,0.8962472406181016,0.8647547926193251,0.9210758124372622,2.082692472992214,,,,,CHEMBL235_EC50
89709943,global,cliffA,all,470,416,0.8851063829787233,0.8531021518801972,0.9108664567361796,2.082692472992214,,,,,CHEMBL235_EC50
89709943,global,cliffA,cliff,35,25,0.7142857142857143,0.5494506513681738,0.836734637635653,2.0826924729922145,,,,,CHEMBL235_EC50
89709943,global,cliffA,noncliff,435,391,0.8988505747126436,0.8669328749166969,0.9237854882308936,2.082692472992214,,,,,CHEMBL235_EC50
89709943,global,__bins__,__summary__,-1,-1,,,,2.082692472992214,0.7466666666666667,0.2354761904761904,0.6779661016949152,0.288135593220339,CHEMBL235_EC50
89709943,mondrian_pair,cliffB_oracle,all,470,416,0.8851063829787233,0.8531021518801972,0.9108664567361796,2.1419951728275715,,,,,CHEMBL235_EC50
89709943,mondrian_pair,cliffB_oracle,cliff,17,10,0.5882352941176471,0.3600544264299978,0.7838894320978518,2.185097179217071,,,,,CHEMBL235_EC50
89709943,mondrian_pair,cliffB_oracle,noncliff,453,406,0.8962472406181016,0.8647547926193251,0.9210758124372622,2.140377658239003,,,,,CHEMBL235_EC50
89709943,mondrian_pair,cliffA,all,470,416,0.8851063829787233,0.8531021518801972,0.9108664567361796,2.1419951728275715,,,,,CHEMBL235_EC50
89709943,mondrian_pair,cliffA,cliff,35,25,0.7142857142857143,0.5494506513681738,0.836734637635653,2.219769158960066,,,,,CHEMBL235_EC50
89709943,mondrian_pair,cliffA,noncliff,435,391,0.8988505747126436,0.8669328749166969,0.9237854882308936,2.1357374957824278,,,,,CHEMBL235_EC50
89709943,mondrian_pair,__bins__,__summary__,-1,-1,,,,2.1419951728275715,0.7466666666666667,0.2354761904761904,0.6779661016949152,0.288135593220339,CHEMBL235_EC50
89709943,mondrian_wstd,cliffB_oracle,all,470,428,0.9106382978723404,0.8814093476916194,0.9332091134297107,2.2717147463507357,,,,,CHEMBL235_EC50
89709943,mondrian_wstd,cliffB_oracle,cliff,17,10,0.5882352941176471,0.3600544264299978,0.7838894320978518,2.5614438236260293,,,,,CHEMBL235_EC50
89709943,mondrian_wstd,cliffB_oracle,noncliff,453,418,0.9227373068432672,0.8944415381576271,0.9439237034487041,2.2608419112211995,,,,,CHEMBL235_EC50
89709943,mondrian_wstd,cliffA,all,470,428,0.9106382978723404,0.8814093476916194,0.9332091134297107,2.2717147463507357,,,,,CHEMBL235_EC50
89709943,mondrian_wstd,cliffA,cliff,35,25,0.7142857142857143,0.5494506513681738,0.836734637635653,2.508231443775334,,,,,CHEMBL235_EC50
89709943,mondrian_wstd,cliffA,noncliff,435,403,0.9264367816091954,0.8979954218463878,0.9474123958128516,2.2526846672476073,,,,,CHEMBL235_EC50
89709943,mondrian_wstd,__bins__,__summary__,-1,-1,,,,2.2717147463507357,0.8266666666666667,0.15547619047619043,0.7627118644067796,0.18644067796610175,CHEMBL235_EC50
89709943,mondrian_std,cliffB_oracle,all,470,426,0.9063829787234042,0.8766543194639953,0.9295224995731759,2.2836070045792844,,,,,CHEMBL235_EC50
89709943,mondrian_std,cliffB_oracle,cliff,17,10,0.5882352941176471,0.3600544264299978,0.7838894320978518,2.5870747763482735,,,,,CHEMBL235_EC50
89709943,mondrian_std,cliffB_oracle,noncliff,453,416,0.9183222958057395,0.8894456597932041,0.9401638090548365,2.2722185893031854,,,,,CHEMBL235_EC50
89709943,mondrian_std,cliffA,all,470,426,0.9063829787234042,0.8766543194639953,0.9295224995731759,2.2836070045792844,,,,,CHEMBL235_EC50
89709943,mondrian_std,cliffA,cliff,35,25,0.7142857142857143,0.5494506513681738,0.836734637635653,2.5457228202525197,,,,,CHEMBL235_EC50
89709943,mondrian_std,cliffA,noncliff,435,401,0.9218390804597701,0.8927623903307846,0.9435305182431801,2.2625172263067252,,,,,CHEMBL235_EC50
89709943,mondrian_std,__bins__,__summary__,-1,-1,,,,2.2836070045792844,0.8266666666666667,0.15547619047619043,0.7627118644067796,0.18644067796610175,CHEMBL235_EC50
89709943,mondrian_iqr,cliffB_oracle,all,470,421,0.8957446808510638,0.8648347326371865,0.9202379811895877,2.1744886503827683,,,,,CHEMBL235_EC50
89709943,mondrian_iqr,cliffB_oracle,cliff,17,11,0.6470588235294118,0.41300363485218694,0.8269027960275627,2.371088237695993,,,,,CHEMBL235_EC50
89709943,mondrian_iqr,cliffB_oracle,noncliff,453,410,0.9050772626931567,0.8745783304520355,0.9287638201211329,2.167110740925098,,,,,CHEMBL235_EC50
89709943,mondrian_iqr,cliffA,all,470,421,0.8957446808510638,0.8648347326371865,0.9202379811895877,2.1744886503827683,,,,,CHEMBL235_EC50
89709943,mondrian_iqr,cliffA,cliff,35,26,0.7428571428571429,0.5793069315616084,0.8583697293093955,2.3547241454330963,,,,,CHEMBL235_EC50
89709943,mondrian_iqr,cliffA,noncliff,435,395,0.9080459770114943,0.8772037081946352,0.9317444731235051,2.1599869438844665,,,,,CHEMBL235_EC50
89709943,mondrian_iqr,__bins__,__summary__,-1,-1,,,,2.1744886503827683,0.8133333333333334,0.15157894736842104,0.7457627118644068,0.18644067796610164,CHEMBL235_EC50
89709943,mondrian_nb,cliffB_oracle,all,470,426,0.9063829787234042,0.8766543194639953,0.9295224995731759,2.2183046314156742,,,,,CHEMBL235_EC50
89709943,mondrian_nb,cliffB_oracle,cliff,17,11,0.6470588235294118,0.41300363485218694,0.8269027960275627,2.0372930936472256,,,,,CHEMBL235_EC50
89709943,mondrian_nb,cliffB_oracle,noncliff,453,415,0.9161147902869757,0.8869556759130373,0.9382759065558579,2.225097558881598,,,,,CHEMBL235_EC50
89709943,mondrian_nb,cliffA,all,470,426,0.9063829787234042,0.8766543194639953,0.9295224995731759,2.2183046314156742,,,,,CHEMBL235_EC50
89709943,mondrian_nb,cliffA,cliff,35,26,0.7428571428571429,0.5793069315616084,0.8583697293093955,2.0895183700810787,,,,,CHEMBL235_EC50
89709943,mondrian_nb,cliffA,noncliff,435,400,0.9195402298850575,0.8901552043207288,0.9415802497105985,2.228666744396619,,,,,CHEMBL235_EC50
89709943,mondrian_nb,__bins__,__summary__,-1,-1,,,,2.2183046314156742,0.7733333333333333,0.20880952380952378,0.6949152542372882,0.27118644067796605,CHEMBL235_EC50
89709943,mondrian_nnsim,cliffB_oracle,all,470,422,0.8978723404255319,0.8671913158123901,0.9221022190564634,2.4010261613229704,,,,,CHEMBL235_EC50
89709943,mondrian_nnsim,cliffB_oracle,cliff,17,9,0.5294117647058824,0.30963235060004424,0.7383489355759056,2.0760517447625295,,,,,CHEMBL235_EC50
89709943,mondrian_nnsim,cliffB_oracle,noncliff,453,413,0.9116997792494481,0.8819907063122725,0.9344851033983321,2.4132216692292117,,,,,CHEMBL235_EC50
89709943,mondrian_nnsim,cliffA,all,470,422,0.8978723404255319,0.8671913158123901,0.9221022190564634,2.4010261613229704,,,,,CHEMBL235_EC50
89709943,mondrian_nnsim,cliffA,cliff,35,24,0.6857142857142857,0.5202023638793081,0.8144915532573418,2.2631603471179935,,,,,CHEMBL235_EC50
89709943,mondrian_nnsim,cliffA,noncliff,435,398,0.9149425287356322,0.8849583288819637,0.9376622160640887,2.4121188130406117,,,,,CHEMBL235_EC50
89709943,mondrian_nnsim,__bins__,__summary__,-1,-1,,,,2.4010261613229704,0.76,0.2221428571428571,0.7288135593220338,0.23728813559322037,CHEMBL235_EC50
89709943,mondrian_pairgap,cliffB_oracle,all,470,423,0.9,0.8695514643123263,0.9239628915986067,2.302370041932981,,,,,CHEMBL235_EC50
89709943,mondrian_pairgap,cliffB_oracle,cliff,17,12,0.7058823529411765,0.4686688993346016,0.8672001038970478,2.3990269162068114,,,,,CHEMBL235_EC50
89709943,mondrian_pairgap,cliffB_oracle,noncliff,453,411,0.9072847682119205,0.8770446443535785,0.9306753925987353,2.29874274201542,,,,,CHEMBL235_EC50
89709943,mondrian_pairgap,cliffA,all,470,423,0.9,0.8695514643123263,0.9239628915986067,2.302370041932981,,,,,CHEMBL235_EC50
89709943,mondrian_pairgap,cliffA,cliff,35,27,0.7714285714285715,0.6098268310800976,0.879341201658083,2.5572257881487968,,,,,CHEMBL235_EC50
89709943,mondrian_pairgap,cliffA,noncliff,435,396,0.9103448275862069,0.87978340572779,0.9337222301329877,2.281864407179984,,,,,CHEMBL235_EC50
89709943,mondrian_pairgap,__bins__,__summary__,-1,-1,,,,2.302370041932981,0.8133333333333334,0.13403508771929817,0.7457627118644068,0.18644067796610164,CHEMBL235_EC50
89709943,mondrian_rfstd,cliffB_oracle,all,470,420,0.8936170212765957,0.8624816205614759,0.9183702722232187,2.174268477316354,,,,,CHEMBL235_EC50
89709943,mondrian_rfstd,cliffB_oracle,cliff,17,9,0.5294117647058824,0.30963235060004424,0.7383489355759056,2.2219317210185334,,,,,CHEMBL235_EC50
89709943,mondrian_rfstd,cliffB_oracle,noncliff,453,411,0.9072847682119205,0.8770446443535785,0.9306753925987353,2.1724797904666033,,,,,CHEMBL235_EC50
89709943,mondrian_rfstd,cliffA,all,470,420,0.8936170212765957,0.8624816205614759,0.9183702722232187,2.174268477316354,,,,,CHEMBL235_EC50
89709943,mondrian_rfstd,cliffA,cliff,35,25,0.7142857142857143,0.5494506513681738,0.836734637635653,2.237043653825504,,,,,CHEMBL235_EC50
89709943,mondrian_rfstd,cliffA,noncliff,435,395,0.9080459770114943,0.8772037081946352,0.9317444731235051,2.169217601045503,,,,,CHEMBL235_EC50
89709943,mondrian_rfstd,__bins__,__summary__,-1,-1,,,,2.174268477316354,0.8133333333333334,0.15095238095238095,0.7966101694915254,0.13559322033898302,CHEMBL235_EC50
86921808,global,cliffB_oracle,all,470,435,0.925531914893617,0.8981936043700476,0.9459706040458384,2.3637317540504825,,,,,CHEMBL235_EC50
86921808,global,cliffB_oracle,cliff,18,11,0.6111111111111112,0.3861904160223791,0.7969475342783638,2.363731754050482,,,,,CHEMBL235_EC50
86921808,global,cliffB_oracle,noncliff,452,424,0.9380530973451328,0.9119265995267354,0.9567964890323664,2.363731754050483,,,,,CHEMBL235_EC50
86921808,global,cliffA,all,470,435,0.925531914893617,0.8981936043700476,0.9459706040458384,2.3637317540504825,,,,,CHEMBL235_EC50
86921808,global,cliffA,cliff,31,22,0.7096774193548387,0.5340767066925007,0.8390419984369939,2.3637317540504816,,,,,CHEMBL235_EC50
86921808,global,cliffA,noncliff,439,413,0.9407744874715261,0.9146362165133286,0.9592657009597951,2.363731754050483,,,,,CHEMBL235_EC50
86921808,global,__bins__,__summary__,-1,-1,,,,2.3637317540504825,0.7941176470588235,0.20588235294117652,0.8135593220338984,0.1694915254237288,CHEMBL235_EC50
86921808,mondrian_pair,cliffB_oracle,all,470,438,0.9319148936170213,0.9054644861125111,0.9513621854296134,2.4193472657188804,,,,,CHEMBL235_EC50
86921808,mondrian_pair,cliffB_oracle,cliff,18,11,0.6111111111111112,0.3861904160223791,0.7969475342783638,2.438476457232275,,,,,CHEMBL235_EC50
86921808,mondrian_pair,cliffB_oracle,noncliff,452,427,0.9446902654867256,0.9196268542973768,0.9622587053004993,2.4185854837559573,,,,,CHEMBL235_EC50
86921808,mondrian_pair,cliffA,all,470,438,0.9319148936170213,0.9054644861125111,0.9513621854296134,2.4193472657188804,,,,,CHEMBL235_EC50
86921808,mondrian_pair,cliffA,cliff,31,22,0.7096774193548387,0.5340767066925007,0.8390419984369939,2.469132118905913,,,,,CHEMBL235_EC50
86921808,mondrian_pair,cliffA,noncliff,439,416,0.9476082004555809,0.9226127975449283,0.9648379868657633,2.415831706610001,,,,,CHEMBL235_EC50
86921808,mondrian_pair,__bins__,__summary__,-1,-1,,,,2.4193472657188804,0.8235294117647058,0.17647058823529416,0.8305084745762712,0.15254237288135597,CHEMBL235_EC50
86921808,mondrian_wstd,cliffB_oracle,all,470,435,0.925531914893617,0.8981936043700476,0.9459706040458384,2.3729821711519317,,,,,CHEMBL235_EC50
86921808,mondrian_wstd,cliffB_oracle,cliff,18,10,0.5555555555555556,0.33716415642042774,0.7544048187299437,2.666221341402236,,,,,CHEMBL235_EC50
86921808,mondrian_wstd,cliffB_oracle,noncliff,452,425,0.9402654867256637,0.9144851922171906,0.9586253866881691,2.361304505080017,,,,,CHEMBL235_EC50
86921808,mondrian_wstd,cliffA,all,470,435,0.925531914893617,0.8981936043700476,0.9459706040458384,2.3729821711519317,,,,,CHEMBL235_EC50
86921808,mondrian_wstd,cliffA,cliff,31,23,0.7419354838709677,0.5675386419056621,0.8629829409360625,2.650952582109759,,,,,CHEMBL235_EC50
86921808,mondrian_wstd,cliffA,noncliff,439,412,0.9384965831435079,0.9119954298027976,0.9573901986911367,2.3533532810842943,,,,,CHEMBL235_EC50
86921808,mondrian_wstd,__bins__,__summary__,-1,-1,,,,2.3729821711519317,0.8245614035087719,0.1578947368421052,0.864406779661017,0.10169491525423724,CHEMBL235_EC50
86921808,mondrian_std,cliffB_oracle,all,470,427,0.9085106382978724,0.8790297748257458,0.9313678652535049,2.2864841905225872,,,,,CHEMBL235_EC50
86921808,mondrian_std,cliffB_oracle,cliff,18,10,0.5555555555555556,0.33716415642042774,0.7544048187299437,2.574041923655857,,,,,CHEMBL235_EC50
86921808,mondrian_std,cliffB_oracle,noncliff,452,417,0.922566371681416,0.8942122002139918,0.9437984559213033,2.2750327763712623,,,,,CHEMBL235_EC50
86921808,mondrian_std,cliffA,all,470,427,0.9085106382978724,0.8790297748257458,0.9313678652535049,2.2864841905225872,,,,,CHEMBL235_EC50
86921808,mondrian_std,cliffA,cliff,31,23,0.7419354838709677,0.5675386419056621,0.8629829409360625,2.6005911129247683,,,,,CHEMBL235_EC50
86921808,mondrian_std,cliffA,noncliff,439,404,0.9202733485193622,0.8911375249354048,0.9421177917250154,2.2643035194645744,,,,,CHEMBL235_EC50
86921808,mondrian_std,__bins__,__summary__,-1,-1,,,,2.2864841905225872,0.8245614035087719,0.14095583787053845,0.8305084745762712,0.1350087668030392,CHEMBL235_EC50
86921808,mondrian_iqr,cliffB_oracle,all,470,433,0.9212765957446809,0.8933737989905475,0.9423487673411799,2.1992106083329555,,,,,CHEMBL235_EC50
86921808,mondrian_iqr,cliffB_oracle,cliff,18,10,0.5555555555555556,0.33716415642042774,0.7544048187299437,2.3755771920459647,,,,,CHEMBL235_EC50
86921808,mondrian_iqr,cliffB_oracle,noncliff,452,423,0.9358407079646017,0.9093756403920782,0.9549599578207654,2.1921871603089857,,,,,CHEMBL235_EC50
86921808,mondrian_iqr,cliffA,all,470,433,0.9212765957446809,0.8933737989905475,0.9423487673411799,2.1992106083329555,,,,,CHEMBL235_EC50
86921808,mondrian_iqr,cliffA,cliff,31,22,0.7096774193548387,0.5340767066925007,0.8390419984369939,2.3458281386431996,,,,,CHEMBL235_EC50
86921808,mondrian_iqr,cliffA,noncliff,439,411,0.9362186788154897,0.9093629216748581,0.955506417839887,2.1888572064203866,,,,,CHEMBL235_EC50
86921808,mondrian_iqr,__bins__,__summary__,-1,-1,,,,2.1992106083329555,0.8245614035087719,0.17543859649122806,0.864406779661017,0.0847457627118644,CHEMBL235_EC50
86921808,mondrian_nb,cliffB_oracle,all,470,427,0.9085106382978724,0.8790297748257458,0.9313678652535049,2.3390678906977738,,,,,CHEMBL235_EC50
86921808,mondrian_nb,cliffB_oracle,cliff,18,10,0.5555555555555556,0.33716415642042774,0.7544048187299437,2.3401051280177025,,,,,CHEMBL235_EC50
86921808,mondrian_nb,cliffB_oracle,noncliff,452,417,0.922566371681416,0.8942122002139918,0.9437984559213033,2.339026584786803,,,,,CHEMBL235_EC50
86921808,mondrian_nb,cliffA,all,470,427,0.9085106382978724,0.8790297748257458,0.9313678652535049,2.3390678906977738,,,,,CHEMBL235_EC50
86921808,mondrian_nb,cliffA,cliff,31,22,0.7096774193548387,0.5340767066925007,0.8390419984369939,2.3727865224089535,,,,,CHEMBL235_EC50
86921808,mondrian_nb,cliffA,noncliff,439,405,0.9225512528473804,0.893721596305553,0.9440500093340566,2.3366868483673717,,,,,CHEMBL235_EC50
86921808,mondrian_nb,__bins__,__summary__,-1,-1,,,,2.3390678906977738,0.8235294117647058,0.1592292089249493,0.7796610169491526,0.2033898305084746,CHEMBL235_EC50
86921808,mondrian_nnsim,cliffB_oracle,all,470,446,0.948936170212766,0.9251450854321718,0.9654481544465882,2.522510473343182,,,,,CHEMBL235_EC50
86921808,mondrian_nnsim,cliffB_oracle,cliff,18,11,0.6111111111111112,0.3861904160223791,0.7969475342783638,2.829613208416234,,,,,CHEMBL235_EC50
86921808,mondrian_nnsim,cliffB_oracle,noncliff,452,435,0.9623893805309734,0.9405982006532617,0.9763872817146789,2.5102807184066442,,,,,CHEMBL235_EC50
86921808,mondrian_nnsim,cliffA,all,470,446,0.948936170212766,0.9251450854321718,0.9654481544465882,2.522510473343182,,,,,CHEMBL235_EC50
86921808,mondrian_nnsim,cliffA,cliff,31,24,0.7741935483870968,0.6018758161665794,0.886048644387375,2.761180544971787,,,,,CHEMBL235_EC50
86921808,mondrian_nnsim,cliffA,noncliff,439,422,0.9612756264236902,0.93886447891302,0.9756840393728072,2.5056567780801138,,,,,CHEMBL235_EC50
86921808,mondrian_nnsim,__bins__,__summary__,-1,-1,,,,2.522510473343182,0.8823529411764706,0.11764705882352944,0.847457627118644,0.13559322033898313,CHEMBL235_EC50
86921808,mondrian_pairgap,cliffB_oracle,all,470,436,0.9276595744680851,0.9006115268703706,0.947773502587595,2.4235585919441447,,,,,CHEMBL235_EC50
86921808,mondrian_pairgap,cliffB_oracle,cliff,18,10,0.5555555555555556,0.33716415642042774,0.7544048187299437,2.429344552817503,,,,,CHEMBL235_EC50
86921808,mondrian_pairgap,cliffB_oracle,noncliff,452,426,0.9424778761061947,0.9170518035438016,0.9604462657078163,2.4233281775730813,,,,,CHEMBL235_EC50
86921808,mondrian_pairgap,cliffA,all,470,436,0.9276595744680851,0.9006115268703706,0.947773502587595,2.4235585919441447,,,,,CHEMBL235_EC50
86921808,mondrian_pairgap,cliffA,cliff,31,21,0.6774193548387096,0.5014100930808565,0.8143057343364082,2.5113126435939233,,,,,CHEMBL235_EC50
86921808,mondrian_pairgap,cliffA,noncliff,439,415,0.9453302961275627,0.9199444013232854,0.962990094108217,2.4173618365884657,,,,,CHEMBL235_EC50
86921808,mondrian_pairgap,__bins__,__summary__,-1,-1,,,,2.4235585919441447,0.8382352941176471,0.16176470588235292,0.847457627118644,0.13559322033898313,CHEMBL235_EC50
86921808,mondrian_rfstd,cliffB_oracle,all,470,437,0.9297872340425531,0.9030350773241134,0.9495707731759315,2.207502571867484,,,,,CHEMBL235_EC50
86921808,mondrian_rfstd,cliffB_oracle,cliff,18,10,0.5555555555555556,0.33716415642042774,0.7544048187299437,2.3939974566686812,,,,,CHEMBL235_EC50
86921808,mondrian_rfstd,cliffB_oracle,noncliff,452,427,0.9446902654867256,0.9196268542973768,0.9622587053004993,2.2000757844196484,,,,,CHEMBL235_EC50
86921808,mondrian_rfstd,cliffA,all,470,437,0.9297872340425531,0.9030350773241134,0.9495707731759315,2.207502571867484,,,,,CHEMBL235_EC50
86921808,mondrian_rfstd,cliffA,cliff,31,22,0.7096774193548387,0.5340767066925007,0.8390419984369939,2.369479494706452,,,,,CHEMBL235_EC50
86921808,mondrian_rfstd,cliffA,noncliff,439,415,0.9453302961275627,0.9199444013232854,0.962990094108217,2.196064565926691,,,,,CHEMBL235_EC50
86921808,mondrian_rfstd,__bins__,__summary__,-1,-1,,,,2.207502571867484,0.8947368421052632,0.08802177858439197,0.8813559322033898,0.10140268848626532,CHEMBL235_EC50
89165191,global,cliffB_oracle,all,470,428,0.9106382978723404,0.8814093476916194,0.9332091134297107,2.2594077941992206,,,,,CHEMBL235_EC50
89165191,global,cliffB_oracle,cliff,26,16,0.6153846153846154,0.4253485008511553,0.7757140556428721,2.2594077941992214,,,,,CHEMBL235_EC50
89165191,global,cliffB_oracle,noncliff,444,412,0.9279279279279279,0.9000264799967573,0.9484880836183626,2.2594077941992206,,,,,CHEMBL235_EC50
89165191,global,cliffA,all,470,428,0.9106382978723404,0.8814093476916194,0.9332091134297107,2.2594077941992206,,,,,CHEMBL235_EC50
89165191,global,cliffA,cliff,45,31,0.6888888888888889,0.5433519442263318,0.804713007363466,2.2594077941992214,,,,,CHEMBL235_EC50
89165191,global,cliffA,noncliff,425,397,0.9341176470588235,0.9064297775769625,0.9540280732445112,2.2594077941992206,,,,,CHEMBL235_EC50
89165191,global,__bins__,__summary__,-1,-1,,,,2.2594077941992206,0.7887323943661971,0.19372374598468,0.7457627118644068,0.2542372881355932,CHEMBL235_EC50
89165191,mondrian_pair,cliffB_oracle,all,470,431,0.9170212765957447,0.8885741078356766,0.9387068164118919,2.246479906556293,,,,,CHEMBL235_EC50
89165191,mondrian_pair,cliffB_oracle,cliff,26,17,0.6538461538461539,0.46220571188810816,0.8058776967705947,2.3413447520607784,,,,,CHEMBL235_EC50
89165191,mondrian_pair,cliffB_oracle,noncliff,444,414,0.9324324324324325,0.9051822479015903,0.9522640479621098,2.2409247579456704,,,,,CHEMBL235_EC50
89165191,mondrian_pair,cliffA,all,470,431,0.9170212765957447,0.8885741078356766,0.9387068164118919,2.246479906556293,,,,,CHEMBL235_EC50
89165191,mondrian_pair,cliffA,cliff,45,33,0.7333333333333333,0.5896116224686505,0.8403509647893348,2.3395595077209546,,,,,CHEMBL235_EC50
89165191,mondrian_pair,cliffA,noncliff,425,398,0.9364705882352942,0.909146811885858,0.95597476712435,2.2366244193741527,,,,,CHEMBL235_EC50
89165191,mondrian_pair,__bins__,__summary__,-1,-1,,,,2.246479906556293,0.8169014084507042,0.1655547319001729,0.7796610169491526,0.22033898305084743,CHEMBL235_EC50
89165191,mondrian_wstd,cliffB_oracle,all,470,434,0.9234042553191489,0.895781095193799,0.9441622921800077,2.4408304809806407,,,,,CHEMBL235_EC50
89165191,mondrian_wstd,cliffB_oracle,cliff,26,18,0.6923076923076923,0.5001174167780164,0.8349868440453624,2.659987463898533,,,,,CHEMBL235_EC50
89165191,mondrian_wstd,cliffB_oracle,noncliff,444,416,0.9369369369369369,0.9103664137571301,0.9560116143551503,2.4279969639629257,,,,,CHEMBL235_EC50
89165191,mondrian_wstd,cliffA,all,470,434,0.9234042553191489,0.895781095193799,0.9441622921800077,2.4408304809806407,,,,,CHEMBL235_EC50
89165191,mondrian_wstd,cliffA,cliff,45,34,0.7555555555555555,0.6132661994297965,0.8576452056622828,2.7716828374535503,,,,,CHEMBL235_EC50
89165191,mondrian_wstd,cliffA,noncliff,425,400,0.9411764705882353,0.914607062591857,0.9598419727958196,2.405799055001155,,,,,CHEMBL235_EC50
89165191,mondrian_wstd,__bins__,__summary__,-1,-1,,,,2.4408304809806407,0.8771929824561403,0.10526315789473684,0.847457627118644,0.15254237288135597,CHEMBL235_EC50
89165191,mondrian_std,cliffB_oracle,all,470,433,0.9212765957446809,0.8933737989905475,0.9423487673411799,2.3724217860602552,,,,,CHEMBL235_EC50
89165191,mondrian_std,cliffB_oracle,cliff,26,19,0.7307692307692307,0.5391695962082381,0.8629555167798162,2.604165374670808,,,,,CHEMBL235_EC50
89165191,mondrian_std,cliffB_oracle,noncliff,444,414,0.9324324324324325,0.9051822479015903,0.9522640479621098,2.3588512155560335,,,,,CHEMBL235_EC50
89165191,mondrian_std,cliffA,all,470,433,0.9212765957446809,0.8933737989905475,0.9423487673411799,2.3724217860602552,,,,,CHEMBL235_EC50
89165191,mondrian_std,cliffA,cliff,45,35,0.7777777777777778,0.6373070782524372,0.8745531446737361,2.699074669047936,,,,,CHEMBL235_EC50
89165191,mondrian_std,cliffA,noncliff,425,398,0.9364705882352942,0.909146811885858,0.95597476712435,2.3378350102145005,,,,,CHEMBL235_EC50
89165191,mondrian_std,__bins__,__summary__,-1,-1,,,,2.3724217860602552,0.8947368421052632,0.05263157894736836,0.8448275862068966,0.15517241379310343,CHEMBL235_EC50
89165191,mondrian_iqr,cliffB_oracle,all,470,427,0.9085106382978724,0.8790297748257458,0.9313678652535049,2.341510216108142,,,,,CHEMBL235_EC50
89165191,mondrian_iqr,cliffB_oracle,cliff,26,18,0.6923076923076923,0.5001174167780164,0.8349868440453624,2.4504320282745216,,,,,CHEMBL235_EC50
89165191,mondrian_iqr,cliffB_oracle,noncliff,444,409,0.9211711711711712,0.8923410015264734,0.9427759637157762,2.3351319117920926,,,,,CHEMBL235_EC50
89165191,mondrian_iqr,cliffA,all,470,427,0.9085106382978724,0.8790297748257458,0.9313678652535049,2.341510216108142,,,,,CHEMBL235_EC50
89165191,mondrian_iqr,cliffA,cliff,45,34,0.7555555555555555,0.6132661994297965,0.8576452056622828,2.5250994997913376,,,,,CHEMBL235_EC50
89165191,mondrian_iqr,cliffA,noncliff,425,393,0.9247058823529412,0.8956397030927882,0.9461632349737484,2.3220713507769806,,,,,CHEMBL235_EC50
89165191,mondrian_iqr,__bins__,__summary__,-1,-1,,,,2.341510216108142,0.8596491228070176,0.08771929824561397,0.8275862068965517,0.1724137931034483,CHEMBL235_EC50
89165191,mondrian_nb,cliffB_oracle,all,470,420,0.8936170212765957,0.8624816205614759,0.9183702722232187,2.166924194574807,,,,,CHEMBL235_EC50
89165191,mondrian_nb,cliffB_oracle,cliff,26,15,0.5769230769230769,0.3894861374659171,0.7445555668634343,2.04750993656707,,,,,CHEMBL235_EC50
89165191,mondrian_nb,cliffB_oracle,noncliff,444,405,0.9121621621621622,0.8821736546920961,0.9350798460529931,2.1739169213950795,,,,,CHEMBL235_EC50
89165191,mondrian_nb,cliffA,all,470,420,0.8936170212765957,0.8624816205614759,0.9183702722232187,2.166924194574807,,,,,CHEMBL235_EC50
89165191,mondrian_nb,cliffA,cliff,45,28,0.6222222222222222,0.47629934480889535,0.7489191532786209,2.0480898023265124,,,,,CHEMBL235_EC50
89165191,mondrian_nb,cliffA,noncliff,425,392,0.9223529411764706,0.8929600282305449,0.9441791816472574,2.179506659636391,,,,,CHEMBL235_EC50
89165191,mondrian_nb,__bins__,__summary__,-1,-1,,,,2.166924194574807,0.7543859649122807,0.22807017543859642,0.7796610169491526,0.18644067796610164,CHEMBL235_EC50
89165191,mondrian_nnsim,cliffB_oracle,all,470,435,0.925531914893617,0.8981936043700476,0.9459706040458384,2.41200223564993,,,,,CHEMBL235_EC50
89165191,mondrian_nnsim,cliffB_oracle,cliff,26,16,0.6153846153846154,0.4253485008511553,0.7757140556428721,2.259234438302326,,,,,CHEMBL235_EC50
89165191,mondrian_nnsim,cliffB_oracle,noncliff,444,419,0.9436936936936937,0.9182021112065781,0.9615735152785725,2.4209480976567717,,,,,CHEMBL235_EC50
89165191,mondrian_nnsim,cliffA,all,470,435,0.925531914893617,0.8981936043700476,0.9459706040458384,2.41200223564993,,,,,CHEMBL235_EC50
89165191,mondrian_nnsim,cliffA,cliff,45,31,0.6888888888888889,0.5433519442263318,0.804713007363466,2.2984496345049696,,,,,CHEMBL235_EC50
89165191,mondrian_nnsim,cliffA,noncliff,425,404,0.9505882352941176,0.9256464830084782,0.9674574651341353,2.4240254522417497,,,,,CHEMBL235_EC50
89165191,mondrian_nnsim,__bins__,__summary__,-1,-1,,,,2.41200223564993,0.8169014084507042,0.18309859154929575,0.7796610169491526,0.22033898305084743,CHEMBL235_EC50
89165191,mondrian_pairgap,cliffB_oracle,all,470,435,0.925531914893617,0.8981936043700476,0.9459706040458384,2.427406474776351,,,,,CHEMBL235_EC50
89165191,mondrian_pairgap,cliffB_oracle,cliff,26,18,0.6923076923076923,0.5001174167780164,0.8349868440453624,2.569273325555512,,,,,CHEMBL235_EC50
89165191,mondrian_pairgap,cliffB_oracle,noncliff,444,417,0.9391891891891891,0.9129699934366955,0.9578739007998749,2.419098956487481,,,,,CHEMBL235_EC50
89165191,mondrian_pairgap,cliffA,all,470,435,0.925531914893617,0.8981936043700476,0.9459706040458384,2.427406474776351,,,,,CHEMBL235_EC50
89165191,mondrian_pairgap,cliffA,cliff,45,34,0.7555555555555555,0.6132661994297965,0.8576452056622828,2.671816054177748,,,,,CHEMBL235_EC50
89165191,mondrian_pairgap,cliffA,noncliff,425,401,0.9435294117647058,0.9173512181480739,0.9617615454283368,2.401527813427968,,,,,CHEMBL235_EC50
89165191,mondrian_pairgap,__bins__,__summary__,-1,-1,,,,2.427406474776351,0.8591549295774648,0.14084507042253525,0.864406779661017,0.13559322033898302,CHEMBL235_EC50
89165191,mondrian_rfstd,cliffB_oracle,all,470,432,0.9191489361702128,0.8909715283869449,0.9405302169027029,2.3594900564500936,,,,,CHEMBL235_EC50
89165191,mondrian_rfstd,cliffB_oracle,cliff,26,17,0.6538461538461539,0.46220571188810816,0.8058776967705947,2.6122137792542635,,,,,CHEMBL235_EC50
89165191,mondrian_rfstd,cliffB_oracle,noncliff,444,415,0.9346846846846847,0.907770618570747,0.9541415434172433,2.3446909195291283,,,,,CHEMBL235_EC50
89165191,mondrian_rfstd,cliffA,all,470,432,0.9191489361702128,0.8909715283869449,0.9405302169027029,2.3594900564500936,,,,,CHEMBL235_EC50
89165191,mondrian_rfstd,cliffA,cliff,45,35,0.7777777777777778,0.6373070782524372,0.8745531446737361,2.6930944934633265,,,,,CHEMBL235_EC50
89165191,mondrian_rfstd,cliffA,noncliff,425,397,0.9341176470588235,0.9064297775769625,0.9540280732445112,2.3241672337075157,,,,,CHEMBL235_EC50
89165191,mondrian_rfstd,__bins__,__summary__,-1,-1,,,,2.3594900564500936,0.8591549295774648,0.10575735112428963,0.8448275862068966,0.12127410870835764,CHEMBL235_EC50
71339737,global,cliffB_oracle,all,344,300,0.872093023255814,0.8326457109961805,0.903321763576663,2.203957865885586,,,,,CHEMBL239_EC50
71339737,global,cliffB_oracle,cliff,24,16,0.6666666666666666,0.4670631683813174,0.8202780967270225,2.2039578658855863,,,,,CHEMBL239_EC50
71339737,global,cliffB_oracle,noncliff,320,284,0.8875,0.8481832315884408,0.9176235953172942,2.203957865885586,,,,,CHEMBL239_EC50
71339737,global,cliffA,all,344,300,0.872093023255814,0.8326457109961805,0.903321763576663,2.203957865885586,,,,,CHEMBL239_EC50
71339737,global,cliffA,cliff,36,27,0.75,0.5892954623327166,0.8624952233700517,2.2039578658855863,,,,,CHEMBL239_EC50
71339737,global,cliffA,noncliff,308,273,0.8863636363636364,0.846059498669272,0.9171488345012309,2.2039578658855863,,,,,CHEMBL239_EC50
71339737,global,__bins__,__summary__,-1,-1,,,,2.203957865885586,0.6923076923076923,0.2838827838827839,0.6511627906976745,0.3255813953488371,CHEMBL239_EC50
71339737,mondrian_pair,cliffB_oracle,all,344,302,0.877906976744186,0.8390758400926547,0.9083911262703895,2.239824891091507,,,,,CHEMBL239_EC50
71339737,mondrian_pair,cliffB_oracle,cliff,24,16,0.6666666666666666,0.4670631683813174,0.8202780967270225,2.272503736279124,,,,,CHEMBL239_EC50
71339737,mondrian_pair,cliffB_oracle,noncliff,320,286,0.89375,0.8551933280825537,0.92296522183779,2.237373977702436,,,,,CHEMBL239_EC50
71339737,mondrian_pair,cliffA,all,344,302,0.877906976744186,0.8390758400926547,0.9083911262703895,2.239824891091507,,,,,CHEMBL239_EC50
71339737,mondrian_pair,cliffA,cliff,36,27,0.75,0.5892954623327166,0.8624952233700517,2.272503736279123,,,,,CHEMBL239_EC50
71339737,mondrian_pair,cliffA,noncliff,308,275,0.8928571428571429,0.8533498218355321,0.9226855421445591,2.2360052858098376,,,,,CHEMBL239_EC50
71339737,mondrian_pair,__bins__,__summary__,-1,-1,,,,2.239824891091507,0.6923076923076923,0.2838827838827839,0.6976744186046512,0.2790697674418604,CHEMBL239_EC50
71339737,mondrian_wstd,cliffB_oracle,all,344,302,0.877906976744186,0.8390758400926547,0.9083911262703895,2.3242417434336353,,,,,CHEMBL239_EC50
71339737,mondrian_wstd,cliffB_oracle,cliff,24,19,0.7916666666666666,0.5952954674681133,0.9075517464714814,2.4809902223883227,,,,,CHEMBL239_EC50
71339737,mondrian_wstd,cliffB_oracle,noncliff,320,283,0.884375,0.8446904995197962,0.9149404658786345,2.3124856075120332,,,,,CHEMBL239_EC50
71339737,mondrian_wstd,cliffA,all,344,302,0.877906976744186,0.8390758400926547,0.9083911262703895,2.3242417434336353,,,,,CHEMBL239_EC50
71339737,mondrian_wstd,cliffA,cliff,36,30,0.8333333333333334,0.6810920568872054,0.9212955240498188,2.3929302682806233,,,,,CHEMBL239_EC50
71339737,mondrian_wstd,cliffA,noncliff,308,272,0.8831168831168831,0.842427698097533,0.9143671196681756,2.316213214555416,,,,,CHEMBL239_EC50
71339737,mondrian_wstd,__bins__,__summary__,-1,-1,,,,2.3242417434336353,0.6923076923076923,0.2838827838827839,0.7209302325581395,0.2790697674418605,CHEMBL239_EC50
71339737,mondrian_std,cliffB_oracle,all,344,303,0.8808139534883721,0.8422999985079517,0.9109167137501929,2.3517149052584827,,,,,CHEMBL239_EC50
71339737,mondrian_std,cliffB_oracle,cliff,24,19,0.7916666666666666,0.5952954674681133,0.9075517464714814,2.5059348761516795,,,,,CHEMBL239_EC50
71339737,mondrian_std,cliffB_oracle,noncliff,320,284,0.8875,0.8481832315884408,0.9176235953172942,2.3401484074414927,,,,,CHEMBL239_EC50
71339737,mondrian_std,cliffA,all,344,303,0.8808139534883721,0.8422999985079517,0.9109167137501929,2.3517149052584827,,,,,CHEMBL239_EC50
71339737,mondrian_std,cliffA,cliff,36,30,0.8333333333333334,0.6810920568872054,0.9212955240498188,2.4128753663677527,,,,,CHEMBL239_EC50
71339737,mondrian_std,cliffA,noncliff,308,273,0.8863636363636364,0.846059498669272,0.9171488345012309,2.344566279934022,,,,,CHEMBL239_EC50
71339737,mondrian_std,__bins__,__summary__,-1,-1,,,,2.3517149052584827,0.6923076923076923,0.3076923076923077,0.6976744186046512,0.3023255813953488,CHEMBL239_EC50
71339737,mondrian_iqr,cliffB_oracle,all,344,306,0.8895348837209303,0.852011153751758,0.9184547961916877,2.3699458228282406,,,,,CHEMBL239_EC50
71339737,mondrian_iqr,cliffB_oracle,cliff,24,17,0.7083333333333334,0.5083230633550337,0.8508535180303913,2.3957096630543604,,,,,CHEMBL239_EC50
71339737,mondrian_iqr,cliffB_oracle,noncliff,320,289,0.903125,0.8657748321223941,0.9309113023198623,2.3680135348112814,,,,,CHEMBL239_EC50
71339737,mondrian_iqr,cliffA,all,344,306,0.8895348837209303,0.852011153751758,0.9184547961916877,2.3699458228282406,,,,,CHEMBL239_EC50
71339737,mondrian_iqr,cliffA,cliff,36,28,0.7777777777777778,0.6191529705388181,0.8828366802420353,2.376932296109464,,,,,CHEMBL239_EC50
71339737,mondrian_iqr,cliffA,noncliff,308,278,0.9025974025974026,0.8643574449892548,0.9309184652052189,2.3691292220551103,,,,,CHEMBL239_EC50
71339737,mondrian_iqr,__bins__,__summary__,-1,-1,,,,2.3699458228282406,0.7115384615384616,0.2646520146520146,0.6511627906976745,0.3255813953488371,CHEMBL239_EC50
71339737,mondrian_nb,cliffB_oracle,all,344,305,0.8866279069767442,0.8487674486663307,0.9159487553820146,2.3572617639408,,,,,CHEMBL239_EC50
71339737,mondrian_nb,cliffB_oracle,cliff,24,18,0.75,0.55100555994846,0.8800063377140499,2.392711193678462,,,,,CHEMBL239_EC50
71339737,mondrian_nb,cliffB_oracle,noncliff,320,287,0.896875,0.8587113067191434,0.9256231047085044,2.354603056710475,,,,,CHEMBL239_EC50
71339737,mondrian_nb,cliffA,all,344,305,0.8866279069767442,0.8487674486663307,0.9159487553820146,2.3572617639408,,,,,CHEMBL239_EC50
71339737,mondrian_nb,cliffA,cliff,36,29,0.8055555555555556,0.6497195700482261,0.9024690458107127,2.376144633919269,,,,,CHEMBL239_EC50
71339737,mondrian_nb,cliffA,noncliff,308,276,0.8961038961038961,0.857009029204609,0.9254398501802762,2.355054675242018,,,,,CHEMBL239_EC50
71339737,mondrian_nb,__bins__,__summary__,-1,-1,,,,2.3572617639408,0.7115384615384616,0.2646520146520146,0.7209302325581395,0.2558139534883721,CHEMBL239_EC50
71339737,mondrian_nnsim,cliffB_oracle,all,344,304,0.8837209302325582,0.8455304678903924,0.9134359902628525,2.298025908838577,,,,,CHEMBL239_EC50
71339737,mondrian_nnsim,cliffB_oracle,cliff,24,16,0.6666666666666666,0.4670631683813174,0.8202780967270225,2.163143926953337,,,,,CHEMBL239_EC50
71339737,mondrian_nnsim,cliffB_oracle,noncliff,320,288,0.9,0.8622383524817492,0.9282719204532031,2.30814205747997,,,,,CHEMBL239_EC50
71339737,mondrian_nnsim,cliffA,all,344,304,0.8837209302325582,0.8455304678903924,0.9134359902628525,2.298025908838577,,,,,CHEMBL239_EC50
71339737,mondrian_nnsim,cliffA,cliff,36,26,0.7222222222222222,0.5600751000260289,0.841516620598654,2.193071989548775,,,,,CHEMBL239_EC50
71339737,mondrian_nnsim,cliffA,noncliff,308,278,0.9025974025974026,0.8643574449892548,0.9309184652052189,2.3102932500542677,,,,,CHEMBL239_EC50
71339737,mondrian_nnsim,__bins__,__summary__,-1,-1,,,,2.298025908838577,0.6730769230769231,0.32692307692307687,0.7209302325581395,0.2558139534883721,CHEMBL239_EC50
71339737,mondrian_pairgap,cliffB_oracle,all,344,298,0.8662790697674418,0.8262386913507251,0.8982292914319177,2.287741654872845,,,,,CHEMBL239_EC50
71339737,mondrian_pairgap,cliffB_oracle,cliff,24,16,0.6666666666666666,0.4670631683813174,0.8202780967270225,2.338593343360013,,,,,CHEMBL239_EC50
71339737,mondrian_pairgap,cliffB_oracle,noncliff,320,282,0.88125,0.8412056020627307,0.9122495018283957,2.2839277782363068,,,,,CHEMBL239_EC50
71339737,mondrian_pairgap,cliffA,all,344,298,0.8662790697674418,0.8262386913507251,0.8982292914319177,2.287741654872845,,,,,CHEMBL239_EC50
71339737,mondrian_pairgap,cliffA,cliff,36,26,0.7222222222222222,0.5600751000260289,0.841516620598654,2.2404766798845537,,,,,CHEMBL239_EC50
71339737,mondrian_pairgap,cliffA,noncliff,308,272,0.8831168831168831,0.842427698097533,0.9143671196681756,2.293266132468879,,,,,CHEMBL239_EC50
71339737,mondrian_pairgap,__bins__,__summary__,-1,-1,,,,2.287741654872845,0.6346153846153846,0.31776556776556775,0.6744186046511628,0.32558139534883723,CHEMBL239_EC50
71339737,mondrian_rfstd,cliffB_oracle,all,344,304,0.8837209302325582,0.8455304678903924,0.9134359902628525,2.2605386855956966,,,,,CHEMBL239_EC50
71339737,mondrian_rfstd,cliffB_oracle,cliff,24,16,0.6666666666666666,0.4670631683813174,0.8202780967270225,2.3993651363859074,,,,,CHEMBL239_EC50
71339737,mondrian_rfstd,cliffB_oracle,noncliff,320,288,0.9,0.8622383524817492,0.9282719204532031,2.2501267017864306,,,,,CHEMBL239_EC50
71339737,mondrian_rfstd,cliffA,all,344,304,0.8837209302325582,0.8455304678903924,0.9134359902628525,2.2605386855956966,,,,,CHEMBL239_EC50
71339737,mondrian_rfstd,cliffA,cliff,36,26,0.7222222222222222,0.5600751000260289,0.841516620598654,2.358538933225744,,,,,CHEMBL239_EC50
71339737,mondrian_rfstd,cliffA,noncliff,308,278,0.9025974025974026,0.8643574449892548,0.9309184652052189,2.249084111197379,,,,,CHEMBL239_EC50
71339737,mondrian_rfstd,__bins__,__summary__,-1,-1,,,,2.2605386855956966,0.7307692307692307,0.2692307692307693,0.813953488372093,0.16279069767441856,CHEMBL239_EC50
99182118,global,cliffB_oracle,all,344,312,0.9069767441860465,0.8716284038803498,0.9333360214336978,2.517956660716665,,,,,CHEMBL239_EC50
99182118,global,cliffB_oracle,cliff,17,13,0.7647058823529411,0.5273820188043501,0.9044495567791988,2.5179566607166652,,,,,CHEMBL239_EC50
99182118,global,cliffB_oracle,noncliff,327,299,0.9143730886850153,0.8790290313466125,0.9400944272610152,2.517956660716665,,,,,CHEMBL239_EC50
99182118,global,cliffA,all,344,312,0.9069767441860465,0.8716284038803498,0.9333360214336978,2.517956660716665,,,,,CHEMBL239_EC50
99182118,global,cliffA,cliff,42,36,0.8571428571428571,0.7215891052555522,0.9328403298403735,2.5179566607166657,,,,,CHEMBL239_EC50
99182118,global,cliffA,noncliff,302,276,0.9139072847682119,0.8768450127308183,0.9405719619461421,2.517956660716665,,,,,CHEMBL239_EC50
99182118,global,__bins__,__summary__,-1,-1,,,,2.517956660716665,0.8235294117647058,0.12885154061624648,0.627906976744186,0.37209302325581395,CHEMBL239_EC50
99182118,mondrian_pair,cliffB_oracle,all,344,312,0.9069767441860465,0.8716284038803498,0.9333360214336978,2.5280009000036543,,,,,CHEMBL239_EC50
99182118,mondrian_pair,cliffB_oracle,cliff,17,13,0.7647058823529411,0.5273820188043501,0.9044495567791988,2.523376611014272,,,,,CHEMBL239_EC50
99182118,mondrian_pair,cliffB_oracle,noncliff,327,299,0.9143730886850153,0.8790290313466125,0.9400944272610152,2.5282413064648757,,,,,CHEMBL239_EC50
99182118,mondrian_pair,cliffA,all,344,312,0.9069767441860465,0.8716284038803498,0.9333360214336978,2.5280009000036543,,,,,CHEMBL239_EC50
99182118,mondrian_pair,cliffA,cliff,42,36,0.8571428571428571,0.7215891052555522,0.9328403298403735,2.523806765799796,,,,,CHEMBL239_EC50
99182118,mondrian_pair,cliffA,noncliff,302,276,0.9139072847682119,0.8768450127308183,0.9405719619461421,2.5285841901909456,,,,,CHEMBL239_EC50
99182118,mondrian_pair,__bins__,__summary__,-1,-1,,,,2.5280009000036543,0.8235294117647058,0.12885154061624648,0.627906976744186,0.37209302325581395,CHEMBL239_EC50
99182118,mondrian_wstd,cliffB_oracle,all,344,316,0.9186046511627907,0.8848765305118813,0.9430868783825677,2.6056924193745687,,,,,CHEMBL239_EC50
99182118,mondrian_wstd,cliffB_oracle,cliff,17,14,0.8235294117647058,0.5897054143116588,0.9380887336237901,2.6133609204623567,,,,,CHEMBL239_EC50
99182118,mondrian_wstd,cliffB_oracle,noncliff,327,302,0.9235474006116208,0.8895774438532433,0.9476815894837045,2.605293751122299,,,,,CHEMBL239_EC50
99182118,mondrian_wstd,cliffA,all,344,316,0.9186046511627907,0.8848765305118813,0.9430868783825677,2.6056924193745687,,,,,CHEMBL239_EC50
99182118,mondrian_wstd,cliffA,cliff,42,37,0.8809523809523809,0.7499960973799032,0.9480619667224176,2.770033661113963,,,,,CHEMBL239_EC50
99182118,mondrian_wstd,cliffA,noncliff,302,279,0.9238410596026491,0.8883170425758647,0.9487179394933428,2.582837014894256,,,,,CHEMBL239_EC50
99182118,mondrian_wstd,__bins__,__summary__,-1,-1,,,,2.6056924193745687,0.9019607843137255,0.05042016806722682,0.7906976744186046,0.2093023255813954,CHEMBL239_EC50
99182118,mondrian_std,cliffB_oracle,all,344,316,0.9186046511627907,0.8848765305118813,0.9430868783825677,2.589751141641661,,,,,CHEMBL239_EC50
99182118,mondrian_std,cliffB_oracle,cliff,17,14,0.8235294117647058,0.5897054143116588,0.9380887336237901,2.61118724804454,,,,,CHEMBL239_EC50
99182118,mondrian_std,cliffB_oracle,noncliff,327,302,0.9235474006116208,0.8895774438532433,0.9476815894837045,2.5886367263240806,,,,,CHEMBL239_EC50
99182118,mondrian_std,cliffA,all,344,316,0.9186046511627907,0.8848765305118813,0.9430868783825677,2.589751141641661,,,,,CHEMBL239_EC50
99182118,mondrian_std,cliffA,cliff,42,37,0.8809523809523809,0.7499960973799032,0.9480619667224176,2.7341402661581413,,,,,CHEMBL239_EC50
99182118,mondrian_std,cliffA,noncliff,302,279,0.9238410596026491,0.8883170425758647,0.9487179394933428,2.5696705349208266,,,,,CHEMBL239_EC50
99182118,mondrian_std,__bins__,__summary__,-1,-1,,,,2.589751141641661,0.9019607843137255,0.05042016806722682,0.7906976744186046,0.2093023255813954,CHEMBL239_EC50
99182118,mondrian_iqr,cliffB_oracle,all,344,315,0.9156976744186046,0.881550112730988,0.9406635502683606,2.524113172765165,,,,,CHEMBL239_EC50
99182118,mondrian_iqr,cliffB_oracle,cliff,17,15,0.8823529411764706,0.6566364940511412,0.9671202262362074,2.6371425485410835,,,,,CHEMBL239_EC50
99182118,mondrian_iqr,cliffB_oracle,noncliff,327,300,0.9174311926605505,0.8825334893558052,0.9426351608282626,2.5182370278471513,,,,,CHEMBL239_EC50
99182118,mondrian_iqr,cliffA,all,344,315,0.9156976744186046,0.881550112730988,0.9406635502683606,2.524113172765165,,,,,CHEMBL239_EC50
99182118,mondrian_iqr,cliffA,cliff,42,38,0.9047619047619048,0.7793489419142897,0.9623377511944261,2.6262164428965526,,,,,CHEMBL239_EC50
99182118,mondrian_iqr,cliffA,noncliff,302,277,0.9172185430463576,0.8806548676509717,0.9433014428234044,2.509913380230336,,,,,CHEMBL239_EC50
99182118,mondrian_iqr,__bins__,__summary__,-1,-1,,,,2.524113172765165,0.8431372549019608,0.10924369747899154,0.7441860465116279,0.2558139534883721,CHEMBL239_EC50
99182118,mondrian_nb,cliffB_oracle,all,344,316,0.9186046511627907,0.8848765305118813,0.9430868783825677,2.524311400806867,,,,,CHEMBL239_EC50
99182118,mondrian_nb,cliffB_oracle,cliff,17,14,0.8235294117647058,0.5897054143116588,0.9380887336237901,2.532619364013978,,,,,CHEMBL239_EC50
99182118,mondrian_nb,cliffB_oracle,noncliff,327,302,0.9235474006116208,0.8895774438532433,0.9476815894837045,2.523879488346558,,,,,CHEMBL239_EC50
99182118,mondrian_nb,cliffA,all,344,316,0.9186046511627907,0.8848765305118813,0.9430868783825677,2.524311400806867,,,,,CHEMBL239_EC50
99182118,mondrian_nb,cliffA,cliff,42,37,0.8809523809523809,0.7499960973799032,0.9480619667224176,2.525049746232556,,,,,CHEMBL239_EC50
99182118,mondrian_nb,cliffA,noncliff,302,279,0.9238410596026491,0.8883170425758647,0.9487179394933428,2.524208717005943,,,,,CHEMBL239_EC50
99182118,mondrian_nb,__bins__,__summary__,-1,-1,,,,2.524311400806867,0.8235294117647058,0.12885154061624648,0.6976744186046512,0.3023255813953488,CHEMBL239_EC50
99182118,mondrian_nnsim,cliffB_oracle,all,344,319,0.9273255813953488,0.8949198971197255,0.9502927494600245,2.7096517852089175,,,,,CHEMBL239_EC50
99182118,mondrian_nnsim,cliffB_oracle,cliff,17,14,0.8235294117647058,0.5897054143116588,0.9380887336237901,2.6937116327059885,,,,,CHEMBL239_EC50
99182118,mondrian_nnsim,cliffB_oracle,noncliff,327,305,0.9327217125382263,0.9002406410708663,0.9551539669954017,2.7104804781524954,,,,,CHEMBL239_EC50
99182118,mondrian_nnsim,cliffA,all,344,319,0.9273255813953488,0.8949198971197255,0.9502927494600245,2.7096517852089175,,,,,CHEMBL239_EC50
99182118,mondrian_nnsim,cliffA,cliff,42,37,0.8809523809523809,0.7499960973799032,0.9480619667224176,2.69272577660467,,,,,CHEMBL239_EC50
99182118,mondrian_nnsim,cliffA,noncliff,302,282,0.9337748344370861,0.8999292167092157,0.9567237727522389,2.7120057334254026,,,,,CHEMBL239_EC50
99182118,mondrian_nnsim,__bins__,__summary__,-1,-1,,,,2.7096517852089175,0.8431372549019608,0.13305322128851538,0.6976744186046512,0.3023255813953488,CHEMBL239_EC50
99182118,mondrian_pairgap,cliffB_oracle,all,344,313,0.9098837209302325,0.874926462747299,0.9357877084618489,2.537595106021349,,,,,CHEMBL239_EC50
99182118,mondrian_pairgap,cliffB_oracle,cliff,17,13,0.7647058823529411,0.5273820188043501,0.9044495567791988,2.5834624539574187,,,,,CHEMBL239_EC50
99182118,mondrian_pairgap,cliffB_oracle,noncliff,327,300,0.9174311926605505,0.8825334893558052,0.9426351608282626,2.5352105649971497,,,,,CHEMBL239_EC50
99182118,mondrian_pairgap,cliffA,all,344,313,0.9098837209302325,0.874926462747299,0.9357877084618489,2.537595106021349,,,,,CHEMBL239_EC50
99182118,mondrian_pairgap,cliffA,cliff,42,36,0.8571428571428571,0.7215891052555522,0.9328403298403735,2.596584906692862,,,,,CHEMBL239_EC50
99182118,mondrian_pairgap,cliffA,noncliff,302,277,0.9172185430463576,0.8806548676509717,0.9433014428234044,2.529391226457761,,,,,CHEMBL239_EC50
99182118,mondrian_pairgap,__bins__,__summary__,-1,-1,,,,2.537595106021349,0.8235294117647058,0.12885154061624648,0.6511627906976745,0.34883720930232553,CHEMBL239_EC50
99182118,mondrian_rfstd,cliffB_oracle,all,344,320,0.9302325581395349,0.8982909155323864,0.952671476942464,2.4168327354803036,,,,,CHEMBL239_EC50
99182118,mondrian_rfstd,cliffB_oracle,cliff,17,12,0.7058823529411765,0.4686688993346016,0.8672001038970478,2.4072832145170446,,,,,CHEMBL239_EC50
99182118,mondrian_rfstd,cliffB_oracle,noncliff,327,308,0.9418960244648318,0.9110399701535318,0.9624902126420564,2.4173291937566814,,,,,CHEMBL239_EC50
99182118,mondrian_rfstd,cliffA,all,344,320,0.9302325581395349,0.8982909155323864,0.952671476942464,2.4168327354803036,,,,,CHEMBL239_EC50
99182118,mondrian_rfstd,cliffA,cliff,42,35,0.8333333333333334,0.6939599725535115,0.9168408335360192,2.377951114909349,,,,,CHEMBL239_EC50
99182118,mondrian_rfstd,cliffA,noncliff,302,285,0.9437086092715232,0.9117102084598644,0.9645607883938373,2.422240113175602,,,,,CHEMBL239_EC50
99182118,mondrian_rfstd,__bins__,__summary__,-1,-1,,,,2.4168327354803036,0.9019607843137255,0.07422969187675066,0.8604651162790697,0.13953488372093026,CHEMBL239_EC50
89709943,global,cliffB_oracle,all,344,312,0.9069767441860465,0.8716284038803498,0.9333360214336978,2.400504723165754,,,,,CHEMBL239_EC50
89709943,global,cliffB_oracle,cliff,26,17,0.6538461538461539,0.46220571188810816,0.8058776967705947,2.4005047231657546,,,,,CHEMBL239_EC50
89709943,global,cliffB_oracle,noncliff,318,295,0.9276729559748428,0.8938123513259403,0.951324260335822,2.4005047231657546,,,,,CHEMBL239_EC50
89709943,global,cliffA,all,344,312,0.9069767441860465,0.8716284038803498,0.9333360214336978,2.400504723165754,,,,,CHEMBL239_EC50
89709943,global,cliffA,cliff,36,25,0.6944444444444444,0.5314372714948966,0.8199554840517008,2.4005047231657546,,,,,CHEMBL239_EC50
89709943,global,cliffA,noncliff,308,287,0.9318181818181818,0.8980218332389841,0.9549757155986366,2.4005047231657546,,,,,CHEMBL239_EC50
89709943,global,__bins__,__summary__,-1,-1,,,,2.400504723165754,0.7636363636363637,0.2125541125541125,0.8372093023255814,0.11627906976744184,CHEMBL239_EC50
89709943,mondrian_pair,cliffB_oracle,all,344,312,0.9069767441860465,0.8716284038803498,0.9333360214336978,2.493489217270197,,,,,CHEMBL239_EC50
89709943,mondrian_pair,cliffB_oracle,cliff,26,15,0.5769230769230769,0.3894861374659171,0.7445555668634343,2.3923569557963607,,,,,CHEMBL239_EC50
89709943,mondrian_pair,cliffB_oracle,noncliff,318,297,0.9339622641509434,0.9011601744995533,0.9564049167454701,2.5017578927366113,,,,,CHEMBL239_EC50
89709943,mondrian_pair,cliffA,all,344,312,0.9069767441860465,0.8716284038803498,0.9333360214336978,2.493489217270197,,,,,CHEMBL239_EC50
89709943,mondrian_pair,cliffA,cliff,36,24,0.6666666666666666,0.5033399787115652,0.7978538117569468,2.3748443950505713,,,,,CHEMBL239_EC50
89709943,mondrian_pair,cliffA,noncliff,308,288,0.935064935064935,0.9018363408584688,0.9575747233839463,2.50735679389327,,,,,CHEMBL239_EC50
89709943,mondrian_pair,__bins__,__summary__,-1,-1,,,,2.493489217270197,0.7636363636363637,0.23636363636363633,0.8372093023255814,0.11627906976744184,CHEMBL239_EC50
89709943,mondrian_wstd,cliffB_oracle,all,344,316,0.9186046511627907,0.8848765305118813,0.9430868783825677,2.523267705475968,,,,,CHEMBL239_EC50
89709943,mondrian_wstd,cliffB_oracle,cliff,26,17,0.6538461538461539,0.46220571188810816,0.8058776967705947,2.5501929407887682,,,,,CHEMBL239_EC50
89709943,mondrian_wstd,cliffB_oracle,noncliff,318,299,0.940251572327044,0.9085742028845158,0.9614193679437688,2.521066271142217,,,,,CHEMBL239_EC50
89709943,mondrian_wstd,cliffA,all,344,316,0.9186046511627907,0.8848765305118813,0.9430868783825677,2.523267705475968,,,,,CHEMBL239_EC50
89709943,mondrian_wstd,cliffA,cliff,36,26,0.7222222222222222,0.5600751000260289,0.841516620598654,2.5643142970489414,,,,,CHEMBL239_EC50
89709943,mondrian_wstd,cliffA,noncliff,308,290,0.9415584415584416,0.9095214241194035,0.9627166709325999,2.5184700519154903,,,,,CHEMBL239_EC50
89709943,mondrian_wstd,__bins__,__summary__,-1,-1,,,,2.523267705475968,0.8727272727272727,0.10346320346320348,0.8604651162790697,0.09302325581395354,CHEMBL239_EC50
89709943,mondrian_std,cliffB_oracle,all,344,317,0.9215116279069767,0.8882132869663162,0.9454998678232331,2.570336350711953,,,,,CHEMBL239_EC50
89709943,mondrian_std,cliffB_oracle,cliff,26,17,0.6538461538461539,0.46220571188810816,0.8058776967705947,2.6375505582736483,,,,,CHEMBL239_EC50
89709943,mondrian_std,cliffB_oracle,noncliff,318,300,0.9433962264150944,0.9123089108659039,0.9638988997540114,2.5648408494647703,,,,,CHEMBL239_EC50
89709943,mondrian_std,cliffA,all,344,317,0.9215116279069767,0.8882132869663162,0.9454998678232331,2.570336350711953,,,,,CHEMBL239_EC50
89709943,mondrian_std,cliffA,cliff,36,26,0.7222222222222222,0.5600751000260289,0.841516620598654,2.662261941013463,,,,,CHEMBL239_EC50
89709943,mondrian_std,cliffA,noncliff,308,291,0.9448051948051948,0.9133947489938468,0.9652568614629506,2.559591801196192,,,,,CHEMBL239_EC50
89709943,mondrian_std,__bins__,__summary__,-1,-1,,,,2.570336350711953,0.8545454545454545,0.12164502164502167,0.8372093023255814,0.13953488372093015,CHEMBL239_EC50
89709943,mondrian_iqr,cliffB_oracle,all,344,317,0.9215116279069767,0.8882132869663162,0.9454998678232331,2.638939880981733,,,,,CHEMBL239_EC50
89709943,mondrian_iqr,cliffB_oracle,cliff,26,19,0.7307692307692307,0.5391695962082381,0.8629555167798162,2.6826689062720144,,,,,CHEMBL239_EC50
89709943,mondrian_iqr,cliffB_oracle,noncliff,318,298,0.9371069182389937,0.9048583734620795,0.9589209575745746,2.6353645518699484,,,,,CHEMBL239_EC50
89709943,mondrian_iqr,cliffA,all,344,317,0.9215116279069767,0.8882132869663162,0.9454998678232331,2.638939880981733,,,,,CHEMBL239_EC50
89709943,mondrian_iqr,cliffA,cliff,36,29,0.8055555555555556,0.6497195700482261,0.9024690458107127,2.700645155124038,,,,,CHEMBL239_EC50
89709943,mondrian_iqr,cliffA,noncliff,308,288,0.935064935064935,0.9018363408584688,0.9575747233839463,2.631727576211853,,,,,CHEMBL239_EC50
89709943,mondrian_iqr,__bins__,__summary__,-1,-1,,,,2.638939880981733,0.8363636363636363,0.1636363636363637,0.8837209302325582,0.09302325581395343,CHEMBL239_EC50
89709943,mondrian_nb,cliffB_oracle,all,344,309,0.8982558139534884,0.8617849557933499,0.9259302318353968,2.3952564988536658,,,,,CHEMBL239_EC50
89709943,mondrian_nb,cliffB_oracle,cliff,26,17,0.6538461538461539,0.46220571188810816,0.8058776967705947,2.4161521944968167,,,,,CHEMBL239_EC50
89709943,mondrian_nb,cliffB_oracle,noncliff,318,292,0.9182389937106918,0.8828986369563997,0.9435952553304708,2.3935480457507663,,,,,CHEMBL239_EC50
89709943,mondrian_nb,cliffA,all,344,309,0.8982558139534884,0.8617849557933499,0.9259302318353968,2.3952564988536658,,,,,CHEMBL239_EC50
89709943,mondrian_nb,cliffA,cliff,36,25,0.6944444444444444,0.5314372714948966,0.8199554840517008,2.400144465781492,,,,,CHEMBL239_EC50
89709943,mondrian_nb,cliffA,noncliff,308,284,0.922077922077922,0.8866770083240088,0.9470799942992296,2.39468517804392,,,,,CHEMBL239_EC50
89709943,mondrian_nb,__bins__,__summary__,-1,-1,,,,2.3952564988536658,0.7272727272727273,0.2727272727272727,0.8372093023255814,0.11627906976744184,CHEMBL239_EC50
89709943,mondrian_nnsim,cliffB_oracle,all,344,316,0.9186046511627907,0.8848765305118813,0.9430868783825677,2.609390009812948,,,,,CHEMBL239_EC50
89709943,mondrian_nnsim,cliffB_oracle,cliff,26,15,0.5769230769230769,0.3894861374659171,0.7445555668634343,1.9685318472321822,,,,,CHEMBL239_EC50
89709943,mondrian_nnsim,cliffB_oracle,noncliff,318,301,0.9465408805031447,0.9160639108040832,0.9663581396074626,2.6617872180742683,,,,,CHEMBL239_EC50
89709943,mondrian_nnsim,cliffA,all,344,316,0.9186046511627907,0.8848765305118813,0.9430868783825677,2.609390009812948,,,,,CHEMBL239_EC50
89709943,mondrian_nnsim,cliffA,cliff,36,24,0.6666666666666666,0.5033399787115652,0.7978538117569468,2.0752261890623758,,,,,CHEMBL239_EC50
89709943,mondrian_nnsim,cliffA,noncliff,308,292,0.948051948051948,0.9172907469905762,0.9677743788710154,2.6718247421084693,,,,,CHEMBL239_EC50
89709943,mondrian_nnsim,__bins__,__summary__,-1,-1,,,,2.609390009812948,0.7818181818181819,0.21818181818181814,0.8837209302325582,0.09302325581395343,CHEMBL239_EC50
89709943,mondrian_pairgap,cliffB_oracle,all,344,313,0.9098837209302325,0.874926462747299,0.9357877084618489,2.5264420113605794,,,,,CHEMBL239_EC50
89709943,mondrian_pairgap,cliffB_oracle,cliff,26,16,0.6153846153846154,0.4253485008511553,0.7757140556428721,2.429868817842239,,,,,CHEMBL239_EC50
89709943,mondrian_pairgap,cliffB_oracle,noncliff,318,297,0.9339622641509434,0.9011601744995533,0.9564049167454701,2.5343379328432114,,,,,CHEMBL239_EC50
89709943,mondrian_pairgap,cliffA,all,344,313,0.9098837209302325,0.874926462747299,0.9357877084618489,2.5264420113605794,,,,,CHEMBL239_EC50
89709943,mondrian_pairgap,cliffA,cliff,36,25,0.6944444444444444,0.5314372714948966,0.8199554840517008,2.4084152651239767,,,,,CHEMBL239_EC50
89709943,mondrian_pairgap,cliffA,noncliff,308,288,0.935064935064935,0.9018363408584688,0.9575747233839463,2.5402373453362865,,,,,CHEMBL239_EC50
89709943,mondrian_pairgap,__bins__,__summary__,-1,-1,,,,2.5264420113605794,0.7818181818181819,0.21818181818181814,0.8372093023255814,0.11627906976744184,CHEMBL239_EC50
89709943,mondrian_rfstd,cliffB_oracle,all,344,310,0.9011627906976745,0.8650579791243862,0.9284069543994609,2.492552091432547,,,,,CHEMBL239_EC50
89709943,mondrian_rfstd,cliffB_oracle,cliff,26,15,0.5769230769230769,0.3894861374659171,0.7445555668634343,2.5307990171932766,,,,,CHEMBL239_EC50
89709943,mondrian_rfstd,cliffB_oracle,noncliff,318,295,0.9276729559748428,0.8938123513259403,0.951324260335822,2.4894249842948777,,,,,CHEMBL239_EC50
89709943,mondrian_rfstd,cliffA,all,344,310,0.9011627906976745,0.8650579791243862,0.9284069543994609,2.492552091432547,,,,,CHEMBL239_EC50
89709943,mondrian_rfstd,cliffA,cliff,36,25,0.6944444444444444,0.5314372714948966,0.8199554840517008,2.5493172792583,,,,,CHEMBL239_EC50
89709943,mondrian_rfstd,cliffA,noncliff,308,285,0.9253246753246753,0.8904431376749476,0.9497273803530849,2.4859171993490174,,,,,CHEMBL239_EC50
89709943,mondrian_rfstd,__bins__,__summary__,-1,-1,,,,2.492552091432547,0.8,0.17619047619047612,0.7209302325581395,0.2325581395348838,CHEMBL239_EC50
86921808,global,cliffB_oracle,all,344,312,0.9069767441860465,0.8716284038803498,0.9333360214336978,2.4580956147880038,,,,,CHEMBL239_EC50
86921808,global,cliffB_oracle,cliff,24,17,0.7083333333333334,0.5083230633550337,0.8508535180303913,2.4580956147880038,,,,,CHEMBL239_EC50
86921808,global,cliffB_oracle,noncliff,320,295,0.921875,0.8872164144674026,0.9465248890186797,2.4580956147880038,,,,,CHEMBL239_EC50
86921808,global,cliffA,all,344,312,0.9069767441860465,0.8716284038803498,0.9333360214336978,2.4580956147880038,,,,,CHEMBL239_EC50
86921808,global,cliffA,cliff,40,32,0.8,0.652426936536005,0.895000102745623,2.4580956147880038,,,,,CHEMBL239_EC50
86921808,global,cliffA,noncliff,304,280,0.9210526315789473,0.885220829330295,0.9463760614221952,2.4580956147880038,,,,,CHEMBL239_EC50
86921808,global,__bins__,__summary__,-1,-1,,,,2.4580956147880038,0.78,0.1723809523809523,0.7441860465116279,0.2558139534883721,CHEMBL239_EC50
86921808,mondrian_pair,cliffB_oracle,all,344,309,0.8982558139534884,0.8617849557933499,0.9259302318353968,2.4801933384922763,,,,,CHEMBL239_EC50
86921808,mondrian_pair,cliffB_oracle,cliff,24,16,0.6666666666666666,0.4670631683813174,0.8202780967270225,2.3465025196340057,,,,,CHEMBL239_EC50
86921808,mondrian_pair,cliffB_oracle,noncliff,320,293,0.915625,0.8800234967697741,0.9413660837016998,2.4902201499066465,,,,,CHEMBL239_EC50
86921808,mondrian_pair,cliffA,all,344,309,0.8982558139534884,0.8617849557933499,0.9259302318353968,2.4801933384922763,,,,,CHEMBL239_EC50
86921808,mondrian_pair,cliffA,cliff,40,31,0.775,0.6249690325768998,0.8768390867645927,2.3294945160514446,,,,,CHEMBL239_EC50
86921808,mondrian_pair,cliffA,noncliff,304,278,0.9144736842105263,0.8776357051325049,0.9409674842019778,2.5000221309187016,,,,,CHEMBL239_EC50
86921808,mondrian_pair,__bins__,__summary__,-1,-1,,,,2.4801933384922763,0.76,0.19238095238095232,0.7209302325581395,0.2790697674418605,CHEMBL239_EC50
86921808,mondrian_wstd,cliffB_oracle,all,344,314,0.9127906976744186,0.8782335667575142,0.9382303503467341,2.5400978287887086,,,,,CHEMBL239_EC50
86921808,mondrian_wstd,cliffB_oracle,cliff,24,17,0.7083333333333334,0.5083230633550337,0.8508535180303913,2.5375273503057367,,,,,CHEMBL239_EC50
86921808,mondrian_wstd,cliffB_oracle,noncliff,320,297,0.928125,0.8944614892727795,0.9516315372279115,2.540290614674932,,,,,CHEMBL239_EC50
86921808,mondrian_wstd,cliffA,all,344,314,0.9127906976744186,0.8782335667575142,0.9382303503467341,2.5400978287887086,,,,,CHEMBL239_EC50
86921808,mondrian_wstd,cliffA,cliff,40,32,0.8,0.652426936536005,0.895000102745623,2.4515837564242617,,,,,CHEMBL239_EC50
86921808,mondrian_wstd,cliffA,noncliff,304,282,0.9276315789473685,0.8928642596338926,0.9517263325366055,2.551744417257715,,,,,CHEMBL239_EC50
86921808,mondrian_wstd,__bins__,__summary__,-1,-1,,,,2.5400978287887086,0.88,0.07238095238095232,0.813953488372093,0.18604651162790697,CHEMBL239_EC50
86921808,mondrian_std,cliffB_oracle,all,344,312,0.9069767441860465,0.8716284038803498,0.9333360214336978,2.568119311717147,,,,,CHEMBL239_EC50
86921808,mondrian_std,cliffB_oracle,cliff,24,15,0.625,0.42709962442674276,0.7884063244045122,2.599164887932631,,,,,CHEMBL239_EC50
86921808,mondrian_std,cliffB_oracle,noncliff,320,297,0.928125,0.8944614892727795,0.9516315372279115,2.565790893500986,,,,,CHEMBL239_EC50
86921808,mondrian_std,cliffA,all,344,312,0.9069767441860465,0.8716284038803498,0.9333360214336978,2.568119311717147,,,,,CHEMBL239_EC50
86921808,mondrian_std,cliffA,cliff,40,31,0.775,0.6249690325768998,0.8768390867645927,2.4880380761859966,,,,,CHEMBL239_EC50
86921808,mondrian_std,cliffA,noncliff,304,281,0.9243421052631579,0.8890348465194031,0.9490588949420911,2.5786563163922986,,,,,CHEMBL239_EC50
86921808,mondrian_std,__bins__,__summary__,-1,-1,,,,2.568119311717147,0.88,0.07238095238095232,0.7906976744186046,0.2093023255813954,CHEMBL239_EC50
86921808,mondrian_iqr,cliffB_oracle,all,344,313,0.9098837209302325,0.874926462747299,0.9357877084618489,2.5812232405239377,,,,,CHEMBL239_EC50
86921808,mondrian_iqr,cliffB_oracle,cliff,24,17,0.7083333333333334,0.5083230633550337,0.8508535180303913,2.4874304026984553,,,,,CHEMBL239_EC50
86921808,mondrian_iqr,cliffB_oracle,noncliff,320,296,0.925,0.8908320797995833,0.9490850851938034,2.5882577033608487,,,,,CHEMBL239_EC50
86921808,mondrian_iqr,cliffA,all,344,313,0.9098837209302325,0.874926462747299,0.9357877084618489,2.5812232405239377,,,,,CHEMBL239_EC50
86921808,mondrian_iqr,cliffA,cliff,40,33,0.825,0.6805000966821229,0.9125458625396408,2.490964156803231,,,,,CHEMBL239_EC50
86921808,mondrian_iqr,cliffA,noncliff,304,280,0.9210526315789473,0.885220829330295,0.9463760614221952,2.5930994357503465,,,,,CHEMBL239_EC50
86921808,mondrian_iqr,__bins__,__summary__,-1,-1,,,,2.5812232405239377,0.8,0.17619047619047612,0.7674418604651163,0.2325581395348837,CHEMBL239_EC50
86921808,mondrian_nb,cliffB_oracle,all,344,312,0.9069767441860465,0.8716284038803498,0.9333360214336978,2.646477611252722,,,,,CHEMBL239_EC50
86921808,mondrian_nb,cliffB_oracle,cliff,24,18,0.75,0.55100555994846,0.8800063377140499,2.589982436271669,,,,,CHEMBL239_EC50
86921808,mondrian_nb,cliffB_oracle,noncliff,320,294,0.91875,0.8836137720036628,0.9439516699751154,2.6507147493763012,,,,,CHEMBL239_EC50
86921808,mondrian_nb,cliffA,all,344,312,0.9069767441860465,0.8716284038803498,0.9333360214336978,2.646477611252722,,,,,CHEMBL239_EC50
86921808,mondrian_nb,cliffA,cliff,40,33,0.825,0.6805000966821229,0.9125458625396408,2.507774394480913,,,,,CHEMBL239_EC50
86921808,mondrian_nb,cliffA,noncliff,304,279,0.9177631578947368,0.8814213688467433,0.9436786711967432,2.664728034512171,,,,,CHEMBL239_EC50
86921808,mondrian_nb,__bins__,__summary__,-1,-1,,,,2.646477611252722,0.8,0.19999999999999996,0.7674418604651163,0.2325581395348837,CHEMBL239_EC50
86921808,mondrian_nnsim,cliffB_oracle,all,344,314,0.9127906976744186,0.8782335667575142,0.9382303503467341,2.6014593184492045,,,,,CHEMBL239_EC50
86921808,mondrian_nnsim,cliffB_oracle,cliff,24,16,0.6666666666666666,0.4670631683813174,0.8202780967270225,2.317634247115256,,,,,CHEMBL239_EC50
86921808,mondrian_nnsim,cliffB_oracle,noncliff,320,298,0.93125,0.8981054394248181,0.9541634485831773,2.622746198799251,,,,,CHEMBL239_EC50
86921808,mondrian_nnsim,cliffA,all,344,314,0.9127906976744186,0.8782335667575142,0.9382303503467341,2.6014593184492045,,,,,CHEMBL239_EC50
86921808,mondrian_nnsim,cliffA,cliff,40,30,0.75,0.5980603857923197,0.858128813609037,2.2974374654677403,,,,,CHEMBL239_EC50
86921808,mondrian_nnsim,cliffA,noncliff,304,284,0.9342105263157895,0.900573102326576,0.9570111912619297,2.641462193841503,,,,,CHEMBL239_EC50
86921808,mondrian_nnsim,__bins__,__summary__,-1,-1,,,,2.6014593184492045,0.8,0.17619047619047612,0.7674418604651163,0.2325581395348837,CHEMBL239_EC50
86921808,mondrian_pairgap,cliffB_oracle,all,344,312,0.9069767441860465,0.8716284038803498,0.9333360214336978,2.6282064223209547,,,,,CHEMBL239_EC50
86921808,mondrian_pairgap,cliffB_oracle,cliff,24,18,0.75,0.55100555994846,0.8800063377140499,2.5546420655254813,,,,,CHEMBL239_EC50
86921808,mondrian_pairgap,cliffB_oracle,noncliff,320,294,0.91875,0.8836137720036628,0.9439516699751154,2.633723749080615,,,,,CHEMBL239_EC50
86921808,mondrian_pairgap,cliffA,all,344,312,0.9069767441860465,0.8716284038803498,0.9333360214336978,2.6282064223209547,,,,,CHEMBL239_EC50
86921808,mondrian_pairgap,cliffA,cliff,40,34,0.85,0.709276756335103,0.9293881228267964,2.5728544494235552,,,,,CHEMBL239_EC50
86921808,mondrian_pairgap,cliffA,noncliff,304,278,0.9144736842105263,0.8776357051325049,0.9409674842019778,2.63548957664956,,,,,CHEMBL239_EC50
86921808,mondrian_pairgap,__bins__,__summary__,-1,-1,,,,2.6282064223209547,0.8,0.15238095238095228,0.7209302325581395,0.2790697674418605,CHEMBL239_EC50
86921808,mondrian_rfstd,cliffB_oracle,all,344,315,0.9156976744186046,0.881550112730988,0.9406635502683606,2.610853785425147,,,,,CHEMBL239_EC50
86921808,mondrian_rfstd,cliffB_oracle,cliff,24,17,0.7083333333333334,0.5083230633550337,0.8508535180303913,2.537328361334717,,,,,CHEMBL239_EC50
86921808,mondrian_rfstd,cliffB_oracle,noncliff,320,298,0.93125,0.8981054394248181,0.9541634485831773,2.616368192231929,,,,,CHEMBL239_EC50
86921808,mondrian_rfstd,cliffA,all,344,315,0.9156976744186046,0.881550112730988,0.9406635502683606,2.610853785425147,,,,,CHEMBL239_EC50
86921808,mondrian_rfstd,cliffA,cliff,40,33,0.825,0.6805000966821229,0.9125458625396408,2.6742079097921345,,,,,CHEMBL239_EC50
86921808,mondrian_rfstd,cliffA,noncliff,304,282,0.9276315789473685,0.8928642596338926,0.9517263325366055,2.6025177164294906,,,,,CHEMBL239_EC50
86921808,mondrian_rfstd,__bins__,__summary__,-1,-1,,,,2.610853785425147,0.86,0.09238095238095234,0.813953488372093,0.18604651162790697,CHEMBL239_EC50
89165191,global,cliffB_oracle,all,344,314,0.9127906976744186,0.8782335667575142,0.9382303503467341,2.507596074886564,,,,,CHEMBL239_EC50
89165191,global,cliffB_oracle,cliff,28,19,0.6785714285714286,0.49338843180857617,0.8206675307750504,2.507596074886564,,,,,CHEMBL239_EC50
89165191,global,cliffB_oracle,noncliff,316,295,0.9335443037974683,0.9005480490320571,0.9561263827638745,2.507596074886564,,,,,CHEMBL239_EC50
89165191,global,cliffA,all,344,314,0.9127906976744186,0.8782335667575142,0.9382303503467341,2.507596074886564,,,,,CHEMBL239_EC50
89165191,global,cliffA,cliff,47,38,0.8085106382978723,0.6745599542033822,0.8958406730145774,2.507596074886564,,,,,CHEMBL239_EC50
89165191,global,cliffA,noncliff,297,276,0.9292929292929293,0.8943312434180608,0.9532912917192378,2.507596074886564,,,,,CHEMBL239_EC50
89165191,global,__bins__,__summary__,-1,-1,,,,2.507596074886564,0.8333333333333334,0.16666666666666663,0.7441860465116279,0.2558139534883721,CHEMBL239_EC50
89165191,mondrian_pair,cliffB_oracle,all,344,312,0.9069767441860465,0.8716284038803498,0.9333360214336978,2.5014655274870576,,,,,CHEMBL239_EC50
89165191,mondrian_pair,cliffB_oracle,cliff,28,19,0.6785714285714286,0.49338843180857617,0.8206675307750504,2.5963148327751506,,,,,CHEMBL239_EC50
89165191,mondrian_pair,cliffB_oracle,noncliff,316,293,0.9272151898734177,0.8931551821227125,0.9510130535886069,2.493061158664062,,,,,CHEMBL239_EC50
89165191,mondrian_pair,cliffA,all,344,312,0.9069767441860465,0.8716284038803498,0.9333360214336978,2.5014655274870576,,,,,CHEMBL239_EC50
89165191,mondrian_pair,cliffA,cliff,47,38,0.8085106382978723,0.6745599542033822,0.8958406730145774,2.563466302085594,,,,,CHEMBL239_EC50
89165191,mondrian_pair,cliffA,noncliff,297,274,0.9225589225589226,0.886481256649737,0.947845238720702,2.491653957096043,,,,,CHEMBL239_EC50
89165191,mondrian_pair,__bins__,__summary__,-1,-1,,,,2.5014655274870576,0.8333333333333334,0.16666666666666663,0.7674418604651163,0.2325581395348837,CHEMBL239_EC50
89165191,mondrian_wstd,cliffB_oracle,all,344,314,0.9127906976744186,0.8782335667575142,0.9382303503467341,2.746319677090319,,,,,CHEMBL239_EC50
89165191,mondrian_wstd,cliffB_oracle,cliff,28,21,0.75,0.5664432968100104,0.8732350508070668,3.0317166778327547,,,,,CHEMBL239_EC50
89165191,mondrian_wstd,cliffB_oracle,noncliff,316,293,0.9272151898734177,0.8931551821227125,0.9510130535886069,2.721031335252382,,,,,CHEMBL239_EC50
89165191,mondrian_wstd,cliffA,all,344,314,0.9127906976744186,0.8782335667575142,0.9382303503467341,2.746319677090319,,,,,CHEMBL239_EC50
89165191,mondrian_wstd,cliffA,cliff,47,40,0.851063829787234,0.7231437757640644,0.9259328000356828,2.962093301467751,,,,,CHEMBL239_EC50
89165191,mondrian_wstd,cliffA,noncliff,297,274,0.9225589225589226,0.886481256649737,0.947845238720702,2.7121736826602207,,,,,CHEMBL239_EC50
89165191,mondrian_wstd,__bins__,__summary__,-1,-1,,,,2.746319677090319,0.7804878048780488,0.2195121951219512,0.7906976744186046,0.18604651162790697,CHEMBL239_EC50
89165191,mondrian_std,cliffB_oracle,all,344,315,0.9156976744186046,0.881550112730988,0.9406635502683606,2.8180929946825994,,,,,CHEMBL239_EC50
89165191,mondrian_std,cliffB_oracle,cliff,28,22,0.7857142857142857,0.6046141434627812,0.8978753966710211,3.1316441525324916,,,,,CHEMBL239_EC50
89165191,mondrian_std,cliffB_oracle,noncliff,316,293,0.9272151898734177,0.8931551821227125,0.9510130535886069,2.7903099806958997,,,,,CHEMBL239_EC50
89165191,mondrian_std,cliffA,all,344,315,0.9156976744186046,0.881550112730988,0.9406635502683606,2.8180929946825994,,,,,CHEMBL239_EC50
89165191,mondrian_std,cliffA,cliff,47,41,0.8723404255319149,0.748260592072075,0.9401539580185662,3.044457678719447,,,,,CHEMBL239_EC50
89165191,mondrian_std,cliffA,noncliff,297,274,0.9225589225589226,0.886481256649737,0.947845238720702,2.7822709739764315,,,,,CHEMBL239_EC50
89165191,mondrian_std,__bins__,__summary__,-1,-1,,,,2.8180929946825994,0.7804878048780488,0.2195121951219512,0.7674418604651163,0.20930232558139528,CHEMBL239_EC50
89165191,mondrian_iqr,cliffB_oracle,all,344,315,0.9156976744186046,0.881550112730988,0.9406635502683606,2.6481650193497543,,,,,CHEMBL239_EC50
89165191,mondrian_iqr,cliffB_oracle,cliff,28,18,0.6428571428571429,0.4583030651442781,0.7929417049226233,2.5254738064017803,,,,,CHEMBL239_EC50
89165191,mondrian_iqr,cliffB_oracle,noncliff,316,297,0.939873417721519,0.908007582740506,0.9611730451400379,2.659036392648942,,,,,CHEMBL239_EC50
89165191,mondrian_iqr,cliffA,all,344,315,0.9156976744186046,0.881550112730988,0.9406635502683606,2.6481650193497543,,,,,CHEMBL239_EC50
89165191,mondrian_iqr,cliffA,cliff,47,37,0.7872340425531915,0.6509597329080159,0.88010292001905,2.5328637941690473,,,,,CHEMBL239_EC50
89165191,mondrian_iqr,cliffA,noncliff,297,278,0.936026936026936,0.9022526253072518,0.9586659495969063,2.666411341179698,,,,,CHEMBL239_EC50
89165191,mondrian_iqr,__bins__,__summary__,-1,-1,,,,2.6481650193497543,0.8333333333333334,0.16666666666666663,0.8372093023255814,0.16279069767441856,CHEMBL239_EC50
89165191,mondrian_nb,cliffB_oracle,all,344,314,0.9127906976744186,0.8782335667575142,0.9382303503467341,2.67285686511731,,,,,CHEMBL239_EC50
89165191,mondrian_nb,cliffB_oracle,cliff,28,18,0.6428571428571429,0.4583030651442781,0.7929417049226233,2.6245696760021433,,,,,CHEMBL239_EC50
89165191,mondrian_nb,cliffB_oracle,noncliff,316,296,0.9367088607594937,0.9042689394874215,0.9586585903508162,2.677135476811059,,,,,CHEMBL239_EC50
89165191,mondrian_nb,cliffA,all,344,314,0.9127906976744186,0.8782335667575142,0.9382303503467341,2.67285686511731,,,,,CHEMBL239_EC50
89165191,mondrian_nb,cliffA,cliff,47,36,0.7659574468085106,0.6277574244984441,0.8639672541377281,2.5715824095349786,,,,,CHEMBL239_EC50
89165191,mondrian_nb,cliffA,noncliff,297,278,0.936026936026936,0.9022526253072518,0.9586659495969063,2.688883462465356,,,,,CHEMBL239_EC50
89165191,mondrian_nb,__bins__,__summary__,-1,-1,,,,2.67285686511731,0.8095238095238095,0.19047619047619047,0.7906976744186046,0.2093023255813954,CHEMBL239_EC50
89165191,mondrian_nnsim,cliffB_oracle,all,344,317,0.9215116279069767,0.8882132869663162,0.9454998678232331,2.6585576969091593,,,,,CHEMBL239_EC50
89165191,mondrian_nnsim,cliffB_oracle,cliff,28,23,0.8214285714285714,0.6440857521065705,0.9212149805439572,3.0499799929556617,,,,,CHEMBL239_EC50
89165191,mondrian_nnsim,cliffB_oracle,noncliff,316,294,0.930379746835443,0.8968437954849675,0.953577538268658,2.623874708651874,,,,,CHEMBL239_EC50
89165191,mondrian_nnsim,cliffA,all,344,317,0.9215116279069767,0.8882132869663162,0.9454998678232331,2.6585576969091593,,,,,CHEMBL239_EC50
89165191,mondrian_nnsim,cliffA,cliff,47,42,0.8936170212765957,0.7740573065626163,0.9536952178189183,3.002361878657828,,,,,CHEMBL239_EC50
89165191,mondrian_nnsim,cliffA,noncliff,297,275,0.9259259259259259,0.8903978722978281,0.9505766429560407,2.6041509745448916,,,,,CHEMBL239_EC50
89165191,mondrian_nnsim,__bins__,__summary__,-1,-1,,,,2.6585576969091593,0.8679245283018868,0.13207547169811318,0.7441860465116279,0.2558139534883721,CHEMBL239_EC50
89165191,mondrian_pairgap,cliffB_oracle,all,344,314,0.9127906976744186,0.8782335667575142,0.9382303503467341,2.5067660532820493,,,,,CHEMBL239_EC50
89165191,mondrian_pairgap,cliffB_oracle,cliff,28,20,0.7142857142857143,0.5294071156670428,0.8474600394333092,2.73493908202758,,,,,CHEMBL239_EC50
89165191,mondrian_pairgap,cliffB_oracle,noncliff,316,294,0.930379746835443,0.8968437954849675,0.953577538268658,2.4865481899754833,,,,,CHEMBL239_EC50
89165191,mondrian_pairgap,cliffA,all,344,314,0.9127906976744186,0.8782335667575142,0.9382303503467341,2.5067660532820493,,,,,CHEMBL239_EC50
89165191,mondrian_pairgap,cliffA,cliff,47,38,0.8085106382978723,0.6745599542033822,0.8958406730145774,2.6365041254072157,,,,,CHEMBL239_EC50
89165191,mondrian_pairgap,cliffA,noncliff,297,276,0.9292929292929293,0.8943312434180608,0.9532912917192378,2.486235112575373,,,,,CHEMBL239_EC50
89165191,mondrian_pairgap,__bins__,__summary__,-1,-1,,,,2.5067660532820493,0.8571428571428571,0.11904761904761907,0.7906976744186046,0.2093023255813954,CHEMBL239_EC50
89165191,mondrian_rfstd,cliffB_oracle,all,344,310,0.9011627906976745,0.8650579791243862,0.9284069543994609,2.4478779841289207,,,,,CHEMBL239_EC50
89165191,mondrian_rfstd,cliffB_oracle,cliff,28,18,0.6428571428571429,0.4583030651442781,0.7929417049226233,2.5076818430440353,,,,,CHEMBL239_EC50
89165191,mondrian_rfstd,cliffB_oracle,noncliff,316,292,0.9240506329113924,0.8894813142328816,0.9484338234361319,2.442578908022518,,,,,CHEMBL239_EC50
89165191,mondrian_rfstd,cliffA,all,344,310,0.9011627906976745,0.8650579791243862,0.9284069543994609,2.4478779841289207,,,,,CHEMBL239_EC50
89165191,mondrian_rfstd,cliffA,cliff,47,36,0.7659574468085106,0.6277574244984441,0.8639672541377281,2.4007434948515383,,,,,CHEMBL239_EC50
89165191,mondrian_rfstd,cliffA,noncliff,297,274,0.9225589225589226,0.886481256649737,0.947845238720702,2.45533697738157,,,,,CHEMBL239_EC50
89165191,mondrian_rfstd,__bins__,__summary__,-1,-1,,,,2.4478779841289207,0.8095238095238095,0.14169570267131237,0.7906976744186046,0.2093023255813954,CHEMBL239_EC50
71339737,global,cliffB_oracle,all,373,336,0.900804289544236,0.8662624822480903,0.9271746330197072,2.2294241909811103,,,,,CHEMBL219_Ki
71339737,global,cliffB_oracle,cliff,8,5,0.625,0.30574239460262737,0.8631557141764026,2.22942419098111,,,,,CHEMBL219_Ki
71339737,global,cliffB_oracle,noncliff,365,331,0.9068493150684932,0.8726496645162772,0.9325743494804285,2.22942419098111,,,,,CHEMBL219_Ki
71339737,global,cliffA,all,373,336,0.900804289544236,0.8662624822480903,0.9271746330197072,2.2294241909811103,,,,,CHEMBL219_Ki
71339737,global,cliffA,cliff,19,15,0.7894736842105263,0.5666572155618583,0.9149232336708375,2.2294241909811094,,,,,CHEMBL219_Ki
71339737,global,cliffA,noncliff,354,321,0.9067796610169492,0.8719742329838358,0.9328514597940099,2.22942419098111,,,,,CHEMBL219_Ki
71339737,global,__bins__,__summary__,-1,-1,,,,2.2294241909811103,0.746031746031746,0.2317460317460317,0.7446808510638298,0.25531914893617025,CHEMBL219_Ki
71339737,mondrian_pair,cliffB_oracle,all,373,333,0.8927613941018767,0.8572620615861345,0.9202532386595667,2.227029359233195,,,,,CHEMBL219_Ki
71339737,mondrian_pair,cliffB_oracle,cliff,8,4,0.5,0.21521606221387757,0.7847839377861224,1.9143107061033364,,,,,CHEMBL219_Ki
71339737,mondrian_pair,cliffB_oracle,noncliff,365,329,0.9013698630136986,0.8664750476309336,0.9279041985004964,2.233883466699055,,,,,CHEMBL219_Ki
71339737,mondrian_pair,cliffA,all,373,333,0.8927613941018767,0.8572620615861345,0.9202532386595667,2.227029359233195,,,,,CHEMBL219_Ki
71339737,mondrian_pair,cliffA,cliff,19,13,0.6842105263157895,0.46010407675327475,0.8463562091220773,1.9848757742324576,,,,,CHEMBL219_Ki
71339737,mondrian_pair,cliffA,noncliff,354,320,0.903954802259887,0.8687827672964347,0.9304538581704537,2.2400263030609184,,,,,CHEMBL219_Ki
71339737,mondrian_pair,__bins__,__summary__,-1,-1,,,,2.227029359233195,0.6984126984126984,0.27936507936507937,0.7659574468085106,0.23404255319148937,CHEMBL219_Ki
71339737,mondrian_wstd,cliffB_oracle,all,373,333,0.8927613941018767,0.8572620615861345,0.9202532386595667,2.290662717448944,,,,,CHEMBL219_Ki
71339737,mondrian_wstd,cliffB_oracle,cliff,8,8,1.0,0.6755924351161198,1.0,2.667439159568725,,,,,CHEMBL219_Ki
71339737,mondrian_wstd,cliffB_oracle,noncliff,365,325,0.8904109589041096,0.8542074186695284,0.9184822917313508,2.2824046036490584,,,,,CHEMBL219_Ki
71339737,mondrian_wstd,cliffA,all,373,333,0.8927613941018767,0.8572620615861345,0.9202532386595667,2.290662717448944,,,,,CHEMBL219_Ki
71339737,mondrian_wstd,cliffA,cliff,19,18,0.9473684210526315,0.753612688331012,0.9906480059376995,2.4356907057545527,,,,,CHEMBL219_Ki
71339737,mondrian_wstd,cliffA,noncliff,354,315,0.8898305084745762,0.8529363658220593,0.9183549230900426,2.2828787293760437,,,,,CHEMBL219_Ki
71339737,mondrian_wstd,__bins__,__summary__,-1,-1,,,,2.290662717448944,0.7272727272727273,0.25,0.8085106382978723,0.17021276595744683,CHEMBL219_Ki
71339737,mondrian_std,cliffB_oracle,all,373,334,0.8954423592493298,0.8602560196598238,0.9225665522599095,2.2983502602629517,,,,,CHEMBL219_Ki
71339737,mondrian_std,cliffB_oracle,cliff,8,7,0.875,0.5291118177871464,0.9775825085499433,2.6350949197037954,,,,,CHEMBL219_Ki
71339737,mondrian_std,cliffB_oracle,noncliff,365,327,0.8958904109589041,0.8603282596533414,0.9232062186128133,2.2909695553984952,,,,,CHEMBL219_Ki
71339737,mondrian_std,cliffA,all,373,334,0.8954423592493298,0.8602560196598238,0.9225665522599095,2.2983502602629517,,,,,CHEMBL219_Ki
71339737,mondrian_std,cliffA,cliff,19,17,0.8947368421052632,0.6860591728889099,0.9706414397011299,2.415494254031494,,,,,CHEMBL219_Ki
71339737,mondrian_std,cliffA,noncliff,354,317,0.8954802259887006,0.8592537962498643,0.9232156272841523,2.2920628707669004,,,,,CHEMBL219_Ki
71339737,mondrian_std,__bins__,__summary__,-1,-1,,,,2.2983502602629517,0.7272727272727273,0.2727272727272727,0.8085106382978723,0.17021276595744683,CHEMBL219_Ki
71339737,mondrian_iqr,cliffB_oracle,all,373,339,0.9088471849865952,0.8753218841502262,0.9340370461396676,2.276012570133891,,,,,CHEMBL219_Ki
71339737,mondrian_iqr,cliffB_oracle,cliff,8,7,0.875,0.5291118177871464,0.9775825085499433,2.467039629564479,,,,,CHEMBL219_Ki
71339737,mondrian_iqr,cliffB_oracle,noncliff,365,332,0.9095890410958904,0.8757480693030986,0.9348983286262449,2.2718256756806174,,,,,CHEMBL219_Ki
71339737,mondrian_iqr,cliffA,all,373,339,0.9088471849865952,0.8753218841502262,0.9340370461396676,2.276012570133891,,,,,CHEMBL219_Ki
71339737,mondrian_iqr,cliffA,cliff,19,17,0.8947368421052632,0.6860591728889099,0.9706414397011299,2.3126171574837127,,,,,CHEMBL219_Ki
71339737,mondrian_iqr,cliffA,noncliff,354,322,0.9096045197740112,0.8751737652000832,0.9352409948887196,2.274047917140539,,,,,CHEMBL219_Ki
71339737,mondrian_iqr,__bins__,__summary__,-1,-1,,,,2.276012570133891,0.8253968253968254,0.1523809523809524,0.7872340425531915,0.1914893617021276,CHEMBL219_Ki
71339737,mondrian_nb,cliffB_oracle,all,373,330,0.8847184986595175,0.8483149589482502,0.9132785262753549,2.236936769926448,,,,,CHEMBL219_Ki
71339737,mondrian_nb,cliffB_oracle,cliff,8,5,0.625,0.30574239460262737,0.8631557141764026,1.943240660804387,,,,,CHEMBL219_Ki
71339737,mondrian_nb,cliffB_oracle,noncliff,365,325,0.8904109589041096,0.8542074186695284,0.9184822917313508,2.2433739449209043,,,,,CHEMBL219_Ki
71339737,mondrian_nb,cliffA,all,373,330,0.8847184986595175,0.8483149589482502,0.9132785262753549,2.236936769926448,,,,,CHEMBL219_Ki
71339737,mondrian_nb,cliffA,cliff,19,14,0.7368421052631579,0.5120844910218489,0.8819358765321748,1.9095506190737186,,,,,CHEMBL219_Ki
71339737,mondrian_nb,cliffA,noncliff,354,316,0.8926553672316384,0.8560917209991358,0.9207886352239235,2.254508342994815,,,,,CHEMBL219_Ki
71339737,mondrian_nb,__bins__,__summary__,-1,-1,,,,2.236936769926448,0.6825396825396826,0.27301587301587305,0.7659574468085106,0.23404255319148937,CHEMBL219_Ki
71339737,mondrian_nnsim,cliffB_oracle,all,373,330,0.8847184986595175,0.8483149589482502,0.9132785262753549,2.2587980269316628,,,,,CHEMBL219_Ki
71339737,mondrian_nnsim,cliffB_oracle,cliff,8,7,0.875,0.5291118177871464,0.9775825085499433,2.4505669651695507,,,,,CHEMBL219_Ki
71339737,mondrian_nnsim,cliffB_oracle,noncliff,365,323,0.8849315068493151,0.8481108676451179,0.9137340748904859,2.254594872120969,,,,,CHEMBL219_Ki
71339737,mondrian_nnsim,cliffA,all,373,330,0.8847184986595175,0.8483149589482502,0.9132785262753549,2.2587980269316628,,,,,CHEMBL219_Ki
71339737,mondrian_nnsim,cliffA,cliff,19,16,0.8421052631578947,0.6243452472967093,0.9447952836146585,2.3484488621215505,,,,,CHEMBL219_Ki
71339737,mondrian_nnsim,cliffA,noncliff,354,314,0.8870056497175142,0.8497875107103544,0.9159147108907905,2.2539862589412447,,,,,CHEMBL219_Ki
71339737,mondrian_nnsim,__bins__,__summary__,-1,-1,,,,2.2587980269316628,0.746031746031746,0.25396825396825395,0.723404255319149,0.276595744680851,CHEMBL219_Ki
71339737,mondrian_pairgap,cliffB_oracle,all,373,333,0.8927613941018767,0.8572620615861345,0.9202532386595667,2.262661488063684,,,,,CHEMBL219_Ki
71339737,mondrian_pairgap,cliffB_oracle,cliff,8,5,0.625,0.30574239460262737,0.8631557141764026,2.088858108440056,,,,,CHEMBL219_Ki
71339737,mondrian_pairgap,cliffB_oracle,noncliff,365,328,0.8986301369863013,0.8633982983977775,0.9255585638010149,2.26647087720612,,,,,CHEMBL219_Ki
71339737,mondrian_pairgap,cliffA,all,373,333,0.8927613941018767,0.8572620615861345,0.9202532386595667,2.262661488063684,,,,,CHEMBL219_Ki
71339737,mondrian_pairgap,cliffA,cliff,19,14,0.7368421052631579,0.5120844910218489,0.8819358765321748,2.0624537180985496,,,,,CHEMBL219_Ki
71339737,mondrian_pairgap,cliffA,noncliff,354,319,0.9011299435028248,0.8655990605085782,0.9280484976473529,2.2734071028358245,,,,,CHEMBL219_Ki
71339737,mondrian_pairgap,__bins__,__summary__,-1,-1,,,,2.262661488063684,0.746031746031746,0.2317460317460317,0.7872340425531915,0.21276595744680848,CHEMBL219_Ki
71339737,mondrian_rfstd,cliffB_oracle,all,373,335,0.8981233243967829,0.8632560903503008,0.9248737532434645,2.2752775371887948,,,,,CHEMBL219_Ki
71339737,mondrian_rfstd,cliffB_oracle,cliff,8,7,0.875,0.5291118177871464,0.9775825085499433,2.637224572969111,,,,,CHEMBL219_Ki
71339737,mondrian_rfstd,cliffB_oracle,noncliff,365,328,0.8986301369863013,0.8633982983977775,0.9255585638010149,2.267344451473062,,,,,CHEMBL219_Ki
71339737,mondrian_rfstd,cliffA,all,373,335,0.8981233243967829,0.8632560903503008,0.9248737532434645,2.2752775371887948,,,,,CHEMBL219_Ki
71339737,mondrian_rfstd,cliffA,cliff,19,15,0.7894736842105263,0.5666572155618583,0.9149232336708375,2.2006276951339268,,,,,CHEMBL219_Ki
71339737,mondrian_rfstd,cliffA,noncliff,354,320,0.903954802259887,0.8687827672964347,0.9304538581704537,2.2792841671295925,,,,,CHEMBL219_Ki
71339737,mondrian_rfstd,__bins__,__summary__,-1,-1,,,,2.2752775371887948,0.8253968253968254,0.17460317460317465,0.8260869565217391,0.15263644773357998,CHEMBL219_Ki
99182118,global,cliffB_oracle,all,373,332,0.8900804289544236,0.8542740200626728,0.9179340085089962,2.3269179679279794,,,,,CHEMBL219_Ki
99182118,global,cliffB_oracle,cliff,14,14,1.0,0.7846891972623643,1.0,2.3269179679279794,,,,,CHEMBL219_Ki
99182118,global,cliffB_oracle,noncliff,359,318,0.8857938718662952,0.8487289313468225,0.914689893228253,2.32691796792798,,,,,CHEMBL219_Ki
99182118,global,cliffA,all,373,332,0.8900804289544236,0.8542740200626728,0.9179340085089962,2.3269179679279794,,,,,CHEMBL219_Ki
99182118,global,cliffA,cliff,28,26,0.9285714285714286,0.7735463743160095,0.9801879358846942,2.32691796792798,,,,,CHEMBL219_Ki
99182118,global,cliffA,noncliff,345,306,0.8869565217391304,0.8491949378964467,0.9161957381505739,2.32691796792798,,,,,CHEMBL219_Ki
99182118,global,__bins__,__summary__,-1,-1,,,,2.3269179679279794,0.746031746031746,0.20851370851370854,0.6382978723404256,0.36170212765957444,CHEMBL219_Ki
99182118,mondrian_pair,cliffB_oracle,all,373,330,0.8847184986595175,0.8483149589482502,0.9132785262753549,2.3315788484567315,,,,,CHEMBL219_Ki
99182118,mondrian_pair,cliffB_oracle,cliff,14,14,1.0,0.7846891972623643,1.0,2.386592524330569,,,,,CHEMBL219_Ki
99182118,mondrian_pair,cliffB_oracle,noncliff,359,316,0.8802228412256268,0.8425459960299104,0.9098487299953446,2.3294334683390887,,,,,CHEMBL219_Ki
99182118,mondrian_pair,cliffA,all,373,330,0.8847184986595175,0.8483149589482502,0.9132785262753549,2.3315788484567315,,,,,CHEMBL219_Ki
99182118,mondrian_pair,cliffA,cliff,28,26,0.9285714285714286,0.7735463743160095,0.9801879358846942,2.390918009385573,,,,,CHEMBL219_Ki
99182118,mondrian_pair,cliffA,noncliff,345,304,0.881159420289855,0.8427455319414281,0.9111786171236147,2.3267629165552606,,,,,CHEMBL219_Ki
99182118,mondrian_pair,__bins__,__summary__,-1,-1,,,,2.3315788484567315,0.7301587301587301,0.22438672438672447,0.6382978723404256,0.36170212765957444,CHEMBL219_Ki
99182118,mondrian_wstd,cliffB_oracle,all,373,341,0.9142091152815014,0.8813975949852422,0.9385758786527159,2.6753708375849925,,,,,CHEMBL219_Ki
99182118,mondrian_wstd,cliffB_oracle,cliff,14,14,1.0,0.7846891972623643,1.0,2.52360597884494,,,,,CHEMBL219_Ki
99182118,mondrian_wstd,cliffB_oracle,noncliff,359,327,0.9108635097493036,0.8768740490071333,0.936153219042135,2.681289244332515,,,,,CHEMBL219_Ki
99182118,mondrian_wstd,cliffA,all,373,341,0.9142091152815014,0.8813975949852422,0.9385758786527159,2.6753708375849925,,,,,CHEMBL219_Ki
99182118,mondrian_wstd,cliffA,cliff,28,26,0.9285714285714286,0.7735463743160095,0.9801879358846942,2.439201136485027,,,,,CHEMBL219_Ki
99182118,mondrian_wstd,cliffA,noncliff,345,315,0.9130434782608695,0.8785786250396626,0.9384114224262583,2.694538233616294,,,,,CHEMBL219_Ki
99182118,mondrian_wstd,__bins__,__summary__,-1,-1,,,,2.6753708375849925,0.8409090909090909,0.13636363636363635,0.7872340425531915,0.21276595744680848,CHEMBL219_Ki
99182118,mondrian_std,cliffB_oracle,all,373,340,0.9115281501340483,0.8783559406938476,0.9363102612700783,2.6525934789015166,,,,,CHEMBL219_Ki
99182118,mondrian_std,cliffB_oracle,cliff,14,14,1.0,0.7846891972623643,1.0,2.6027954182129345,,,,,CHEMBL219_Ki
99182118,mondrian_std,cliffB_oracle,noncliff,359,326,0.9080779944289693,0.873717628490128,0.9337975902842299,2.65453546455511,,,,,CHEMBL219_Ki
99182118,mondrian_std,cliffA,all,373,340,0.9115281501340483,0.8783559406938476,0.9363102612700783,2.6525934789015166,,,,,CHEMBL219_Ki
99182118,mondrian_std,cliffA,cliff,28,26,0.9285714285714286,0.7735463743160095,0.9801879358846942,2.4964909552233374,,,,,CHEMBL219_Ki
99182118,mondrian_std,cliffA,noncliff,345,314,0.9101449275362319,0.875280790779088,0.935975993195844,2.665262669229021,,,,,CHEMBL219_Ki
99182118,mondrian_std,__bins__,__summary__,-1,-1,,,,2.6525934789015166,0.8409090909090909,0.11363636363636365,0.7872340425531915,0.21276595744680848,CHEMBL219_Ki
99182118,mondrian_iqr,cliffB_oracle,all,373,345,0.9249329758713136,0.8936468475122171,0.9475557128218689,2.3779337790947586,,,,,CHEMBL219_Ki
99182118,mondrian_iqr,cliffB_oracle,cliff,14,14,1.0,0.7846891972623643,1.0,2.327708774869297,,,,,CHEMBL219_Ki
99182118,mondrian_iqr,cliffB_oracle,noncliff,359,331,0.9220055710306406,0.8895860304814558,0.9454894346674536,2.3798924143570326,,,,,CHEMBL219_Ki
99182118,mondrian_iqr,cliffA,all,373,345,0.9249329758713136,0.8936468475122171,0.9475557128218689,2.3779337790947586,,,,,CHEMBL219_Ki
99182118,mondrian_iqr,cliffA,cliff,28,26,0.9285714285714286,0.7735463743160095,0.9801879358846942,2.3480786707274093,,,,,CHEMBL219_Ki
99182118,mondrian_iqr,cliffA,noncliff,345,319,0.9246376811594202,0.8918685452101354,0.9480545562197411,2.380356802382544,,,,,CHEMBL219_Ki
99182118,mondrian_iqr,__bins__,__summary__,-1,-1,,,,2.3779337790947586,0.873015873015873,0.12698412698412698,0.8297872340425532,0.14893617021276595,CHEMBL219_Ki
99182118,mondrian_nb,cliffB_oracle,all,373,338,0.9061662198391421,0.8722951337007827,0.931756524915079,2.460105985774892,,,,,CHEMBL219_Ki
99182118,mondrian_nb,cliffB_oracle,cliff,14,14,1.0,0.7846891972623643,1.0,2.1886540169141626,,,,,CHEMBL219_Ki
99182118,mondrian_nb,cliffB_oracle,noncliff,359,324,0.9025069637883009,0.8674282971810042,0.9290628230435333,2.4706918564268423,,,,,CHEMBL219_Ki
99182118,mondrian_nb,cliffA,all,373,338,0.9061662198391421,0.8722951337007827,0.931756524915079,2.460105985774892,,,,,CHEMBL219_Ki
99182118,mondrian_nb,cliffA,cliff,28,26,0.9285714285714286,0.7735463743160095,0.9801879358846942,2.2433953333205956,,,,,CHEMBL219_Ki
99182118,mondrian_nb,cliffA,noncliff,345,312,0.9043478260869565,0.8687118016052977,0.9310784553876563,2.4776940966987184,,,,,CHEMBL219_Ki
99182118,mondrian_nb,__bins__,__summary__,-1,-1,,,,2.460105985774892,0.7301587301587301,0.2698412698412699,0.723404255319149,0.25531914893617014,CHEMBL219_Ki
99182118,mondrian_nnsim,cliffB_oracle,all,373,343,0.9195710455764075,0.8875049760626287,0.9430830409233933,2.6248922882708827,,,,,CHEMBL219_Ki
99182118,mondrian_nnsim,cliffB_oracle,cliff,14,14,1.0,0.7846891972623643,1.0,2.458763926370289,,,,,CHEMBL219_Ki
99182118,mondrian_nnsim,cliffB_oracle,noncliff,359,329,0.9164345403899722,0.8832120331811185,0.9408393334179704,2.6313708316319087,,,,,CHEMBL219_Ki
99182118,mondrian_nnsim,cliffA,all,373,343,0.9195710455764075,0.8875049760626287,0.9430830409233933,2.6248922882708827,,,,,CHEMBL219_Ki
99182118,mondrian_nnsim,cliffA,cliff,28,26,0.9285714285714286,0.7735463743160095,0.9801879358846942,2.46656088113209,,,,,CHEMBL219_Ki
99182118,mondrian_nnsim,cliffA,noncliff,345,317,0.9188405797101449,0.8852029545924324,0.9432536198554663,2.6377423734879444,,,,,CHEMBL219_Ki
99182118,mondrian_nnsim,__bins__,__summary__,-1,-1,,,,2.6248922882708827,0.7936507936507936,0.2063492063492064,0.7446808510638298,0.25531914893617025,CHEMBL219_Ki
99182118,mondrian_pairgap,cliffB_oracle,all,373,331,0.8873994638069705,0.8512917105170814,0.9156090463805557,2.3793856128719373,,,,,CHEMBL219_Ki
99182118,mondrian_pairgap,cliffB_oracle,cliff,14,14,1.0,0.7846891972623643,1.0,2.4356355026697543,,,,,CHEMBL219_Ki
99182118,mondrian_pairgap,cliffB_oracle,noncliff,359,317,0.883008356545961,0.8456345553102215,0.9122722199899439,2.377192023854752,,,,,CHEMBL219_Ki
99182118,mondrian_pairgap,cliffA,all,373,331,0.8873994638069705,0.8512917105170814,0.9156090463805557,2.3793856128719373,,,,,CHEMBL219_Ki
99182118,mondrian_pairgap,cliffA,cliff,28,26,0.9285714285714286,0.7735463743160095,0.9801879358846942,2.357933299611775,,,,,CHEMBL219_Ki
99182118,mondrian_pairgap,cliffA,noncliff,345,305,0.8840579710144928,0.845966990465913,0.9136904220901189,2.381126670180008,,,,,CHEMBL219_Ki
99182118,mondrian_pairgap,__bins__,__summary__,-1,-1,,,,2.3793856128719373,0.746031746031746,0.20851370851370854,0.6170212765957447,0.3829787234042553,CHEMBL219_Ki
99182118,mondrian_rfstd,cliffB_oracle,all,373,346,0.9276139410187667,0.8967317293215701,0.949778102686548,2.5230352352235594,,,,,CHEMBL219_Ki
99182118,mondrian_rfstd,cliffB_oracle,cliff,14,13,0.9285714285714286,0.6853129557584889,0.9872777847521093,2.284395187715784,,,,,CHEMBL219_Ki
99182118,mondrian_rfstd,cliffB_oracle,noncliff,359,333,0.9275766016713092,0.8959994833250284,0.9501000803737016,2.5323415323408542,,,,,CHEMBL219_Ki
99182118,mondrian_rfstd,cliffA,all,373,346,0.9276139410187667,0.8967317293215701,0.949778102686548,2.5230352352235594,,,,,CHEMBL219_Ki
99182118,mondrian_rfstd,cliffA,cliff,28,25,0.8928571428571429,0.7280414845132785,0.9628816331707,2.265033522946657,,,,,CHEMBL219_Ki
99182118,mondrian_rfstd,cliffA,noncliff,345,321,0.9304347826086956,0.8985796527174831,0.9528099756943712,2.5439745046257425,,,,,CHEMBL219_Ki
99182118,mondrian_rfstd,__bins__,__summary__,-1,-1,,,,2.5230352352235594,0.8571428571428571,0.1428571428571429,0.8260869565217391,0.17391304347826086,CHEMBL219_Ki
89709943,global,cliffB_oracle,all,373,328,0.8793565683646113,0.8423774816984554,0.9086014601770854,2.486634179284266,,,,,CHEMBL219_Ki
89709943,global,cliffB_oracle,cliff,16,12,0.75,0.5050168346449122,0.8981793250878696,2.486634179284266,,,,,CHEMBL219_Ki
89709943,global,cliffB_oracle,noncliff,357,316,0.8851540616246498,0.8479021667098734,0.914205382956836,2.486634179284266,,,,,CHEMBL219_Ki
89709943,global,cliffA,all,373,328,0.8793565683646113,0.8423774816984554,0.9086014601770854,2.486634179284266,,,,,CHEMBL219_Ki
89709943,global,cliffA,cliff,31,27,0.8709677419354839,0.7114759374369357,0.9486571562537085,2.486634179284266,,,,,CHEMBL219_Ki
89709943,global,cliffA,noncliff,342,301,0.8801169590643275,0.841401321552649,0.9103882437776323,2.486634179284266,,,,,CHEMBL219_Ki
89709943,global,__bins__,__summary__,-1,-1,,,,2.486634179284266,0.7368421052631579,0.21553884711779447,0.6382978723404256,0.36170212765957444,CHEMBL219_Ki
89709943,mondrian_pair,cliffB_oracle,all,373,329,0.8820375335120644,0.8453436010969146,0.9109426124526583,2.502700662284109,,,,,CHEMBL219_Ki
89709943,mondrian_pair,cliffB_oracle,cliff,16,12,0.75,0.5050168346449122,0.8981793250878696,2.4897346704645074,,,,,CHEMBL219_Ki
89709943,mondrian_pair,cliffB_oracle,noncliff,357,317,0.8879551820728291,0.8510192793490262,0.9166308706788956,2.503281771161178,,,,,CHEMBL219_Ki
89709943,mondrian_pair,cliffA,all,373,329,0.8820375335120644,0.8453436010969146,0.9109426124526583,2.502700662284109,,,,,CHEMBL219_Ki
89709943,mondrian_pair,cliffA,cliff,31,27,0.8709677419354839,0.7114759374369357,0.9486571562537085,2.487899256821732,,,,,CHEMBL219_Ki
89709943,mondrian_pair,cliffA,noncliff,342,302,0.8830409356725146,0.8446499643111333,0.9129225976755347,2.504042310147658,,,,,CHEMBL219_Ki
89709943,mondrian_pair,__bins__,__summary__,-1,-1,,,,2.502700662284109,0.7368421052631579,0.2393483709273183,0.6382978723404256,0.36170212765957444,CHEMBL219_Ki
89709943,mondrian_wstd,cliffB_oracle,all,373,331,0.8873994638069705,0.8512917105170814,0.9156090463805557,2.4760653947013465,,,,,CHEMBL219_Ki
89709943,mondrian_wstd,cliffB_oracle,cliff,16,13,0.8125,0.5699111903802586,0.9340840092857187,2.5983307360347556,,,,,CHEMBL219_Ki
89709943,mondrian_wstd,cliffB_oracle,noncliff,357,318,0.8907563025210085,0.8541426226315707,0.9190501277575638,2.470585715537944,,,,,CHEMBL219_Ki
89709943,mondrian_wstd,cliffA,all,373,331,0.8873994638069705,0.8512917105170814,0.9156090463805557,2.4760653947013465,,,,,CHEMBL219_Ki
89709943,mondrian_wstd,cliffA,cliff,31,28,0.9032258064516129,0.7510006155660716,0.9665353558368026,2.495244374635382,,,,,CHEMBL219_Ki
89709943,mondrian_wstd,cliffA,noncliff,342,303,0.8859649122807017,0.8479051639067952,0.9154503947362596,2.47432694915177,,,,,CHEMBL219_Ki
89709943,mondrian_wstd,__bins__,__summary__,-1,-1,,,,2.4760653947013465,0.813953488372093,0.1384274640088593,0.7446808510638298,0.2127659574468086,CHEMBL219_Ki
89709943,mondrian_std,cliffB_oracle,all,373,327,0.8766756032171582,0.8394164538081401,0.9062552163933686,2.451260922083903,,,,,CHEMBL219_Ki
89709943,mondrian_std,cliffB_oracle,cliff,16,12,0.75,0.5050168346449122,0.8981793250878696,2.560224257655864,,,,,CHEMBL219_Ki
89709943,mondrian_std,cliffB_oracle,noncliff,357,315,0.8823529411764706,0.8447910917116028,0.9117738575938941,2.446377411245944,,,,,CHEMBL219_Ki
89709943,mondrian_std,cliffA,all,373,327,0.8766756032171582,0.8394164538081401,0.9062552163933686,2.451260922083903,,,,,CHEMBL219_Ki
89709943,mondrian_std,cliffA,cliff,31,27,0.8709677419354839,0.7114759374369357,0.9486571562537085,2.449269036809904,,,,,CHEMBL219_Ki
89709943,mondrian_std,cliffA,noncliff,342,300,0.8771929824561403,0.8381590340131729,0.9078475346607214,2.4514414730882716,,,,,CHEMBL219_Ki
89709943,mondrian_std,__bins__,__summary__,-1,-1,,,,2.451260922083903,0.8026315789473685,0.19736842105263153,0.6595744680851063,0.297872340425532,CHEMBL219_Ki
89709943,mondrian_iqr,cliffB_oracle,all,373,325,0.871313672922252,0.8335091227648167,0.9015480040886278,2.4015841726752787,,,,,CHEMBL219_Ki
89709943,mondrian_iqr,cliffB_oracle,cliff,16,12,0.75,0.5050168346449122,0.8981793250878696,2.4571782342277046,,,,,CHEMBL219_Ki
89709943,mondrian_iqr,cliffB_oracle,noncliff,357,313,0.876750700280112,0.8385863370500117,0.9068934115330605,2.39909256207349,,,,,CHEMBL219_Ki
89709943,mondrian_iqr,cliffA,all,373,325,0.871313672922252,0.8335091227648167,0.9015480040886278,2.4015841726752787,,,,,CHEMBL219_Ki
89709943,mondrian_iqr,cliffA,cliff,31,27,0.8709677419354839,0.7114759374369357,0.9486571562537085,2.4549292716239632,,,,,CHEMBL219_Ki
89709943,mondrian_iqr,cliffA,noncliff,342,298,0.8713450292397661,0.8316927749969268,0.9027478003641941,2.3967487982091704,,,,,CHEMBL219_Ki
89709943,mondrian_iqr,__bins__,__summary__,-1,-1,,,,2.4015841726752787,0.7763157894736842,0.17606516290726815,0.6382978723404256,0.3191489361702128,CHEMBL219_Ki
89709943,mondrian_nb,cliffB_oracle,all,373,323,0.8659517426273459,0.8276205769679336,0.8968220065374467,2.402780976763153,,,,,CHEMBL219_Ki
89709943,mondrian_nb,cliffB_oracle,cliff,16,8,0.5,0.27999563610326017,0.7200043638967398,2.0020028097217604,,,,,CHEMBL219_Ki
89709943,mondrian_nb,cliffB_oracle,noncliff,357,315,0.8823529411764706,0.8447910917116028,0.9117738575938941,2.4207430234652882,,,,,CHEMBL219_Ki
89709943,mondrian_nb,cliffA,all,373,323,0.8659517426273459,0.8276205769679336,0.8968220065374467,2.402780976763153,,,,,CHEMBL219_Ki
89709943,mondrian_nb,cliffA,cliff,31,22,0.7096774193548387,0.5340767066925007,0.8390419984369939,1.9568939040541995,,,,,CHEMBL219_Ki
89709943,mondrian_nb,cliffA,noncliff,342,301,0.8801169590643275,0.841401321552649,0.9103882437776323,2.4431976412484677,,,,,CHEMBL219_Ki
89709943,mondrian_nb,__bins__,__summary__,-1,-1,,,,2.402780976763153,0.7763157894736842,0.19987468671679198,0.7446808510638298,0.19148936170212771,CHEMBL219_Ki
89709943,mondrian_nnsim,cliffB_oracle,all,373,331,0.8873994638069705,0.8512917105170814,0.9156090463805557,2.54614208188304,,,,,CHEMBL219_Ki
89709943,mondrian_nnsim,cliffB_oracle,cliff,16,14,0.875,0.639771727342413,0.9650225122567595,3.0127389898900954,,,,,CHEMBL219_Ki
89709943,mondrian_nnsim,cliffB_oracle,noncliff,357,317,0.8879551820728291,0.8510192793490262,0.9166308706788956,2.525230175641828,,,,,CHEMBL219_Ki
89709943,mondrian_nnsim,cliffA,all,373,331,0.8873994638069705,0.8512917105170814,0.9156090463805557,2.54614208188304,,,,,CHEMBL219_Ki
89709943,mondrian_nnsim,cliffA,cliff,31,29,0.9354838709677419,0.7928136326370188,0.9821252164780854,2.9021107632598016,,,,,CHEMBL219_Ki
89709943,mondrian_nnsim,cliffA,noncliff,342,302,0.8830409356725146,0.8446499643111333,0.9129225976755347,2.5138759148576613,,,,,CHEMBL219_Ki
89709943,mondrian_nnsim,__bins__,__summary__,-1,-1,,,,2.54614208188304,0.7906976744186046,0.18549280177187155,0.7659574468085106,0.19148936170212771,CHEMBL219_Ki
89709943,mondrian_pairgap,cliffB_oracle,all,373,325,0.871313672922252,0.8335091227648167,0.9015480040886278,2.4483648716876574,,,,,CHEMBL219_Ki
89709943,mondrian_pairgap,cliffB_oracle,cliff,16,12,0.75,0.5050168346449122,0.8981793250878696,2.3079206856367804,,,,,CHEMBL219_Ki
89709943,mondrian_pairgap,cliffB_oracle,noncliff,357,313,0.876750700280112,0.8385863370500117,0.9068934115330605,2.4546592889896575,,,,,CHEMBL219_Ki
89709943,mondrian_pairgap,cliffA,all,373,325,0.871313672922252,0.8335091227648167,0.9015480040886278,2.4483648716876574,,,,,CHEMBL219_Ki
89709943,mondrian_pairgap,cliffA,cliff,31,27,0.8709677419354839,0.7114759374369357,0.9486571562537085,2.324462478689048,,,,,CHEMBL219_Ki
89709943,mondrian_pairgap,cliffA,noncliff,342,298,0.8713450292397661,0.8316927749969268,0.9027478003641941,2.459595790351274,,,,,CHEMBL219_Ki
89709943,mondrian_pairgap,__bins__,__summary__,-1,-1,,,,2.4483648716876574,0.75,0.22619047619047616,0.6382978723404256,0.3191489361702128,CHEMBL219_Ki
89709943,mondrian_rfstd,cliffB_oracle,all,373,335,0.8981233243967829,0.8632560903503008,0.9248737532434645,2.4769734942845134,,,,,CHEMBL219_Ki
89709943,mondrian_rfstd,cliffB_oracle,cliff,16,13,0.8125,0.5699111903802586,0.9340840092857187,2.477863800003608,,,,,CHEMBL219_Ki
89709943,mondrian_rfstd,cliffB_oracle,noncliff,357,322,0.9019607843137255,0.866702606566721,0.928660545267263,2.4769335926276357,,,,,CHEMBL219_Ki
89709943,mondrian_rfstd,cliffA,all,373,335,0.8981233243967829,0.8632560903503008,0.9248737532434645,2.4769734942845134,,,,,CHEMBL219_Ki
89709943,mondrian_rfstd,cliffA,cliff,31,27,0.8709677419354839,0.7114759374369357,0.9486571562537085,2.2666669895571316,,,,,CHEMBL219_Ki
89709943,mondrian_rfstd,cliffA,noncliff,342,308,0.9005847953216374,0.8642875174812542,0.9279830244437345,2.49603636459606,,,,,CHEMBL219_Ki
89709943,mondrian_rfstd,__bins__,__summary__,-1,-1,,,,2.4769734942845134,0.8372093023255814,0.16279069767441856,0.8085106382978723,0.14893617021276606,CHEMBL219_Ki
86921808,global,cliffB_oracle,all,373,339,0.9088471849865952,0.8753218841502262,0.9340370461396676,2.4310394714497114,,,,,CHEMBL219_Ki
86921808,global,cliffB_oracle,cliff,13,8,0.6153846153846154,0.355228915126657,0.8229029220223743,2.4310394714497114,,,,,CHEMBL219_Ki
86921808,global,cliffB_oracle,noncliff,360,331,0.9194444444444444,0.8867032329434203,0.9433286193332866,2.431039471449712,,,,,CHEMBL219_Ki
86921808,global,cliffA,all,373,339,0.9088471849865952,0.8753218841502262,0.9340370461396676,2.4310394714497114,,,,,CHEMBL219_Ki
86921808,global,cliffA,cliff,29,23,0.7931034482758621,0.6160990959613211,0.9015392980215897,2.431039471449711,,,,,CHEMBL219_Ki
86921808,global,cliffA,noncliff,344,316,0.9186046511627907,0.8848765305118813,0.9430868783825677,2.431039471449711,,,,,CHEMBL219_Ki
86921808,global,__bins__,__summary__,-1,-1,,,,2.4310394714497114,0.7611940298507462,0.23880597014925375,0.723404255319149,0.25531914893617014,CHEMBL219_Ki
86921808,mondrian_pair,cliffB_oracle,all,373,340,0.9115281501340483,0.8783559406938476,0.9363102612700783,2.4551178175977046,,,,,CHEMBL219_Ki
86921808,mondrian_pair,cliffB_oracle,cliff,13,8,0.6153846153846154,0.355228915126657,0.8229029220223743,2.43491184809936,,,,,CHEMBL219_Ki
86921808,mondrian_pair,cliffB_oracle,noncliff,360,332,0.9222222222222223,0.8898863403839542,0.9456424115767047,2.455847477607367,,,,,CHEMBL219_Ki
86921808,mondrian_pair,cliffA,all,373,340,0.9115281501340483,0.8783559406938476,0.9363102612700783,2.4551178175977046,,,,,CHEMBL219_Ki
86921808,mondrian_pair,cliffA,cliff,29,23,0.7931034482758621,0.6160990959613211,0.9015392980215897,2.4334239249703358,,,,,CHEMBL219_Ki
86921808,mondrian_pair,cliffA,noncliff,344,317,0.9215116279069767,0.8882132869663162,0.9454998678232331,2.456946663197105,,,,,CHEMBL219_Ki
86921808,mondrian_pair,__bins__,__summary__,-1,-1,,,,2.4551178175977046,0.7611940298507462,0.23880597014925375,0.723404255319149,0.276595744680851,CHEMBL219_Ki
86921808,mondrian_wstd,cliffB_oracle,all,373,338,0.9061662198391421,0.8722951337007827,0.931756524915079,2.4410204907899113,,,,,CHEMBL219_Ki
86921808,mondrian_wstd,cliffB_oracle,cliff,13,9,0.6923076923076923,0.42369343180549035,0.8731929634428948,2.4194082637162375,,,,,CHEMBL219_Ki
86921808,mondrian_wstd,cliffB_oracle,noncliff,360,329,0.9138888888888889,0.8803647401098078,0.9386733127989959,2.441800932323128,,,,,CHEMBL219_Ki
86921808,mondrian_wstd,cliffA,all,373,338,0.9061662198391421,0.8722951337007827,0.931756524915079,2.4410204907899113,,,,,CHEMBL219_Ki
86921808,mondrian_wstd,cliffA,cliff,29,25,0.8620689655172413,0.6944100627964798,0.9450256003588804,2.510193184318643,,,,,CHEMBL219_Ki
86921808,mondrian_wstd,cliffA,noncliff,344,313,0.9098837209302325,0.874926462747299,0.9357877084618489,2.43518907185871,,,,,CHEMBL219_Ki
86921808,mondrian_wstd,__bins__,__summary__,-1,-1,,,,2.4410204907899113,0.8409090909090909,0.15909090909090906,0.7872340425531915,0.1914893617021276,CHEMBL219_Ki
86921808,mondrian_std,cliffB_oracle,all,373,338,0.9061662198391421,0.8722951337007827,0.931756524915079,2.4308106781237497,,,,,CHEMBL219_Ki
86921808,mondrian_std,cliffB_oracle,cliff,13,9,0.6923076923076923,0.42369343180549035,0.8731929634428948,2.3434998845307358,,,,,CHEMBL219_Ki
86921808,mondrian_std,cliffB_oracle,noncliff,360,329,0.9138888888888889,0.8803647401098078,0.9386733127989959,2.4339635678923863,,,,,CHEMBL219_Ki
86921808,mondrian_std,cliffA,all,373,338,0.9061662198391421,0.8722951337007827,0.931756524915079,2.4308106781237497,,,,,CHEMBL219_Ki
86921808,mondrian_std,cliffA,cliff,29,25,0.8620689655172413,0.6944100627964798,0.9450256003588804,2.427000430476346,,,,,CHEMBL219_Ki
86921808,mondrian_std,cliffA,noncliff,344,313,0.9098837209302325,0.874926462747299,0.9357877084618489,2.431131890861467,,,,,CHEMBL219_Ki
86921808,mondrian_std,__bins__,__summary__,-1,-1,,,,2.4308106781237497,0.8372093023255814,0.16279069767441856,0.8085106382978723,0.17021276595744683,CHEMBL219_Ki
86921808,mondrian_iqr,cliffB_oracle,all,373,346,0.9276139410187667,0.8967317293215701,0.949778102686548,2.706908076963389,,,,,CHEMBL219_Ki
86921808,mondrian_iqr,cliffB_oracle,cliff,13,11,0.8461538461538461,0.5776536898051745,0.9567418216419186,2.6677512592202794,,,,,CHEMBL219_Ki
86921808,mondrian_iqr,cliffB_oracle,noncliff,360,335,0.9305555555555556,0.8994965889382537,0.9525228620742602,2.708322073159668,,,,,CHEMBL219_Ki
86921808,mondrian_iqr,cliffA,all,373,346,0.9276139410187667,0.8967317293215701,0.949778102686548,2.706908076963389,,,,,CHEMBL219_Ki
86921808,mondrian_iqr,cliffA,cliff,29,26,0.896551724137931,0.736149189092262,0.9641851086493229,2.6246282109031664,,,,,CHEMBL219_Ki
86921808,mondrian_iqr,cliffA,noncliff,344,320,0.9302325581395349,0.8982909155323864,0.952671476942464,2.7138444610207912,,,,,CHEMBL219_Ki
86921808,mondrian_iqr,__bins__,__summary__,-1,-1,,,,2.706908076963389,0.8636363636363636,0.13636363636363635,0.851063829787234,0.14893617021276595,CHEMBL219_Ki
86921808,mondrian_nb,cliffB_oracle,all,373,346,0.9276139410187667,0.8967317293215701,0.949778102686548,2.7234819116290168,,,,,CHEMBL219_Ki
86921808,mondrian_nb,cliffB_oracle,cliff,13,7,0.5384615384615384,0.29143795714506004,0.7679393219046169,2.4017343112584633,,,,,CHEMBL219_Ki
86921808,mondrian_nb,cliffB_oracle,noncliff,360,339,0.9416666666666667,0.9124738526003587,0.961533197147962,2.7351005749757316,,,,,CHEMBL219_Ki
86921808,mondrian_nb,cliffA,all,373,346,0.9276139410187667,0.8967317293215701,0.949778102686548,2.7234819116290168,,,,,CHEMBL219_Ki
86921808,mondrian_nb,cliffA,cliff,29,22,0.7586206896551724,0.5789239838218867,0.8778157755747991,2.4364727023073636,,,,,CHEMBL219_Ki
86921808,mondrian_nb,cliffA,noncliff,344,324,0.9418604651162791,0.911909625803136,0.9620517502521159,2.74767745543811,,,,,CHEMBL219_Ki
86921808,mondrian_nb,__bins__,__summary__,-1,-1,,,,2.7234819116290168,0.835820895522388,0.16417910447761197,0.8723404255319149,0.12765957446808507,CHEMBL219_Ki
86921808,mondrian_nnsim,cliffB_oracle,all,373,342,0.9168900804289544,0.8844471607222554,0.9408335845897345,2.6767728565903144,,,,,CHEMBL219_Ki
86921808,mondrian_nnsim,cliffB_oracle,cliff,13,10,0.7692307692307693,0.49743624053272495,0.9182047128150143,3.0745028042893106,,,,,CHEMBL219_Ki
86921808,mondrian_nnsim,cliffB_oracle,noncliff,360,332,0.9222222222222223,0.8898863403839542,0.9456424115767047,2.6624103862567394,,,,,CHEMBL219_Ki
86921808,mondrian_nnsim,cliffA,all,373,342,0.9168900804289544,0.8844471607222554,0.9408335845897345,2.6767728565903144,,,,,CHEMBL219_Ki
86921808,mondrian_nnsim,cliffA,cliff,29,25,0.8620689655172413,0.6944100627964798,0.9450256003588804,2.8944432968469016,,,,,CHEMBL219_Ki
86921808,mondrian_nnsim,cliffA,noncliff,344,317,0.9215116279069767,0.8882132869663162,0.9454998678232331,2.6584227322663576,,,,,CHEMBL219_Ki
86921808,mondrian_nnsim,__bins__,__summary__,-1,-1,,,,2.6767728565903144,0.835820895522388,0.14145183175033926,0.8085106382978723,0.16975023126734512,CHEMBL219_Ki
86921808,mondrian_pairgap,cliffB_oracle,all,373,343,0.9195710455764075,0.8875049760626287,0.9430830409233933,2.535883632647843,,,,,CHEMBL219_Ki
86921808,mondrian_pairgap,cliffB_oracle,cliff,13,9,0.6923076923076923,0.42369343180549035,0.8731929634428948,2.5214114198233313,,,,,CHEMBL219_Ki
86921808,mondrian_pairgap,cliffB_oracle,noncliff,360,334,0.9277777777777778,0.8962825103835209,0.9502400409450414,2.5364062403331724,,,,,CHEMBL219_Ki
86921808,mondrian_pairgap,cliffA,all,373,343,0.9195710455764075,0.8875049760626287,0.9430830409233933,2.535883632647843,,,,,CHEMBL219_Ki
86921808,mondrian_pairgap,cliffA,cliff,29,24,0.8275862068965517,0.6545156010980476,0.9240214274710877,2.4981332391516617,,,,,CHEMBL219_Ki
86921808,mondrian_pairgap,cliffA,noncliff,344,319,0.9273255813953488,0.8949198971197255,0.9502927494600245,2.5390660786111834,,,,,CHEMBL219_Ki
86921808,mondrian_pairgap,__bins__,__summary__,-1,-1,,,,2.535883632647843,0.7761194029850746,0.22388059701492535,0.7659574468085106,0.23404255319148937,CHEMBL219_Ki
86921808,mondrian_rfstd,cliffB_oracle,all,373,349,0.935656836461126,0.9060479244471455,0.9563837225830689,2.6055799855323305,,,,,CHEMBL219_Ki
86921808,mondrian_rfstd,cliffB_oracle,cliff,13,10,0.7692307692307693,0.49743624053272495,0.9182047128150143,2.6121277650576316,,,,,CHEMBL219_Ki
86921808,mondrian_rfstd,cliffB_oracle,noncliff,360,339,0.9416666666666667,0.9124738526003587,0.961533197147962,2.605343537938361,,,,,CHEMBL219_Ki
86921808,mondrian_rfstd,cliffA,all,373,349,0.935656836461126,0.9060479244471455,0.9563837225830689,2.6055799855323305,,,,,CHEMBL219_Ki
86921808,mondrian_rfstd,cliffA,cliff,29,25,0.8620689655172413,0.6944100627964798,0.9450256003588804,2.471161667897462,,,,,CHEMBL219_Ki
86921808,mondrian_rfstd,cliffA,noncliff,344,324,0.9418604651162791,0.911909625803136,0.9620517502521159,2.6169117623096882,,,,,CHEMBL219_Ki
86921808,mondrian_rfstd,__bins__,__summary__,-1,-1,,,,2.6055799855323305,0.8604651162790697,0.13953488372093026,0.8723404255319149,0.12765957446808507,CHEMBL219_Ki
89165191,global,cliffB_oracle,all,373,337,0.903485254691689,0.8692754176197867,0.9294689693220429,2.37988541296548,,,,,CHEMBL219_Ki
89165191,global,cliffB_oracle,cliff,11,10,0.9090909090909091,0.6226415635484043,0.9837678271141151,2.3798854129654803,,,,,CHEMBL219_Ki
89165191,global,cliffB_oracle,noncliff,362,327,0.9033149171270718,0.8685021467683777,0.9296578019188889,2.3798854129654803,,,,,CHEMBL219_Ki
89165191,global,cliffA,all,373,337,0.903485254691689,0.8692754176197867,0.9294689693220429,2.37988541296548,,,,,CHEMBL219_Ki
89165191,global,cliffA,cliff,27,26,0.9629629629629629,0.8171653406642414,0.9934318540192149,2.3798854129654803,,,,,CHEMBL219_Ki
89165191,global,cliffA,noncliff,346,311,0.8988439306358381,0.8625649855532426,0.9263638078790407,2.3798854129654803,,,,,CHEMBL219_Ki
89165191,global,__bins__,__summary__,-1,-1,,,,2.37988541296548,0.7954545454545454,0.18181818181818188,0.6595744680851063,0.34042553191489366,CHEMBL219_Ki
89165191,mondrian_pair,cliffB_oracle,all,373,338,0.9061662198391421,0.8722951337007827,0.931756524915079,2.3838711260395495,,,,,CHEMBL219_Ki
89165191,mondrian_pair,cliffB_oracle,cliff,11,9,0.8181818181818182,0.523019438039156,0.9486323102539149,2.2025270199193123,,,,,CHEMBL219_Ki
89165191,mondrian_pair,cliffB_oracle,noncliff,362,329,0.9088397790055248,0.874741072079579,0.9343525745349104,2.3893815823028715,,,,,CHEMBL219_Ki
89165191,mondrian_pair,cliffA,all,373,338,0.9061662198391421,0.8722951337007827,0.931756524915079,2.3838711260395495,,,,,CHEMBL219_Ki
89165191,mondrian_pair,cliffA,cliff,27,25,0.9259259259259259,0.7663040731697686,0.9794453459390113,2.2386201763687246,,,,,CHEMBL219_Ki
89165191,mondrian_pair,cliffA,noncliff,346,313,0.9046242774566474,0.8690824766339026,0.931280067427834,2.3952057377190648,,,,,CHEMBL219_Ki
89165191,mondrian_pair,__bins__,__summary__,-1,-1,,,,2.3838711260395495,0.8181818181818182,0.15909090909090906,0.6808510638297872,0.3191489361702128,CHEMBL219_Ki
89165191,mondrian_wstd,cliffB_oracle,all,373,343,0.9195710455764075,0.8875049760626287,0.9430830409233933,2.5001678625756303,,,,,CHEMBL219_Ki
89165191,mondrian_wstd,cliffB_oracle,cliff,11,10,0.9090909090909091,0.6226415635484043,0.9837678271141151,2.7256171798782507,,,,,CHEMBL219_Ki
89165191,mondrian_wstd,cliffB_oracle,noncliff,362,333,0.919889502762431,0.8873160320107644,0.9436450104581707,2.4933171927128437,,,,,CHEMBL219_Ki
89165191,mondrian_wstd,cliffA,all,373,343,0.9195710455764075,0.8875049760626287,0.9430830409233933,2.5001678625756303,,,,,CHEMBL219_Ki
89165191,mondrian_wstd,cliffA,cliff,27,26,0.9629629629629629,0.8171653406642414,0.9934318540192149,2.574794087857901,,,,,CHEMBL219_Ki
89165191,mondrian_wstd,cliffA,noncliff,346,317,0.9161849710982659,0.8822197303802686,0.9410103149403748,2.4943444288108294,,,,,CHEMBL219_Ki
89165191,mondrian_wstd,__bins__,__summary__,-1,-1,,,,2.5001678625756303,0.8636363636363636,0.11363636363636365,0.7872340425531915,0.21276595744680848,CHEMBL219_Ki
89165191,mondrian_std,cliffB_oracle,all,373,339,0.9088471849865952,0.8753218841502262,0.9340370461396676,2.499180516797643,,,,,CHEMBL219_Ki
89165191,mondrian_std,cliffB_oracle,cliff,11,10,0.9090909090909091,0.6226415635484043,0.9837678271141151,2.7360832878128343,,,,,CHEMBL219_Ki
89165191,mondrian_std,cliffB_oracle,noncliff,362,329,0.9088397790055248,0.874741072079579,0.9343525745349104,2.4919818138109937,,,,,CHEMBL219_Ki
89165191,mondrian_std,cliffA,all,373,339,0.9088471849865952,0.8753218841502262,0.9340370461396676,2.499180516797643,,,,,CHEMBL219_Ki
89165191,mondrian_std,cliffA,cliff,27,26,0.9629629629629629,0.8171653406642414,0.9934318540192149,2.555712311723719,,,,,CHEMBL219_Ki
89165191,mondrian_std,cliffA,noncliff,346,313,0.9046242774566474,0.8690824766339026,0.931280067427834,2.4947690761531227,,,,,CHEMBL219_Ki
89165191,mondrian_std,__bins__,__summary__,-1,-1,,,,2.499180516797643,0.8636363636363636,0.09090909090909094,0.7659574468085106,0.23404255319148937,CHEMBL219_Ki
89165191,mondrian_iqr,cliffB_oracle,all,373,345,0.9249329758713136,0.8936468475122171,0.9475557128218689,2.746157773025195,,,,,CHEMBL219_Ki
89165191,mondrian_iqr,cliffB_oracle,cliff,11,10,0.9090909090909091,0.6226415635484043,0.9837678271141151,2.7240320740703434,,,,,CHEMBL219_Ki
89165191,mondrian_iqr,cliffB_oracle,noncliff,362,335,0.925414364640884,0.893657906421829,0.9482368339743289,2.7468301008939893,,,,,CHEMBL219_Ki
89165191,mondrian_iqr,cliffA,all,373,345,0.9249329758713136,0.8936468475122171,0.9475557128218689,2.746157773025195,,,,,CHEMBL219_Ki
89165191,mondrian_iqr,cliffA,cliff,27,26,0.9629629629629629,0.8171653406642414,0.9934318540192149,2.735696494178161,,,,,CHEMBL219_Ki
89165191,mondrian_iqr,cliffA,noncliff,346,319,0.9219653179190751,0.8888456083129227,0.945818187637174,2.7469741155941834,,,,,CHEMBL219_Ki
89165191,mondrian_iqr,__bins__,__summary__,-1,-1,,,,2.746157773025195,0.8636363636363636,0.11310782241014794,0.8085106382978723,0.17021276595744683,CHEMBL219_Ki
89165191,mondrian_nb,cliffB_oracle,all,373,347,0.9302949061662198,0.8998265200994789,0.9519905835826713,2.5382169281225684,,,,,CHEMBL219_Ki
89165191,mondrian_nb,cliffB_oracle,cliff,11,9,0.8181818181818182,0.523019438039156,0.9486323102539149,2.3961942672678074,,,,,CHEMBL219_Ki
89165191,mondrian_nb,cliffB_oracle,noncliff,362,338,0.9337016574585635,0.9032489931240705,0.9550462941629215,2.54253253383915,,,,,CHEMBL219_Ki
89165191,mondrian_nb,cliffA,all,373,347,0.9302949061662198,0.8998265200994789,0.9519905835826713,2.5382169281225684,,,,,CHEMBL219_Ki
89165191,mondrian_nb,cliffA,cliff,27,25,0.9259259259259259,0.7663040731697686,0.9794453459390113,2.429813335087531,,,,,CHEMBL219_Ki
89165191,mondrian_nb,cliffA,noncliff,346,322,0.930635838150289,0.8988667558036314,0.9529476660906455,2.5466761680414876,,,,,CHEMBL219_Ki
89165191,mondrian_nb,__bins__,__summary__,-1,-1,,,,2.5382169281225684,0.8507462686567164,0.12652645861601086,0.7872340425531915,0.21276595744680848,CHEMBL219_Ki
89165191,mondrian_nnsim,cliffB_oracle,all,373,350,0.938337801608579,0.9091757160302792,0.9585632026739673,2.5689670121659507,,,,,CHEMBL219_Ki
89165191,mondrian_nnsim,cliffB_oracle,cliff,11,9,0.8181818181818182,0.523019438039156,0.9486323102539149,2.456379328568581,,,,,CHEMBL219_Ki
89165191,mondrian_nnsim,cliffB_oracle,noncliff,362,341,0.9419889502762431,0.9129483638355396,0.9617474703422868,2.572388184871948,,,,,CHEMBL219_Ki
89165191,mondrian_nnsim,cliffA,all,373,350,0.938337801608579,0.9091757160302792,0.9585632026739673,2.5689670121659507,,,,,CHEMBL219_Ki
89165191,mondrian_nnsim,cliffA,cliff,27,25,0.9259259259259259,0.7663040731697686,0.9794453459390113,2.4929427249253115,,,,,CHEMBL219_Ki
89165191,mondrian_nnsim,cliffA,noncliff,346,325,0.9393063583815029,0.909001729859131,0.959963317979326,2.574899543251203,,,,,CHEMBL219_Ki
89165191,mondrian_nnsim,__bins__,__summary__,-1,-1,,,,2.5689670121659507,0.8507462686567164,0.12652645861601086,0.8085106382978723,0.19148936170212771,CHEMBL219_Ki
89165191,mondrian_pairgap,cliffB_oracle,all,373,341,0.9142091152815014,0.8813975949852422,0.9385758786527159,2.576954244491735,,,,,CHEMBL219_Ki
89165191,mondrian_pairgap,cliffB_oracle,cliff,11,10,0.9090909090909091,0.6226415635484043,0.9837678271141151,2.4979341286854453,,,,,CHEMBL219_Ki
89165191,mondrian_pairgap,cliffB_oracle,noncliff,362,331,0.914364640883978,0.881011469292769,0.9390158752489434,2.5793554082317054,,,,,CHEMBL219_Ki
89165191,mondrian_pairgap,cliffA,all,373,341,0.9142091152815014,0.8813975949852422,0.9385758786527159,2.576954244491735,,,,,CHEMBL219_Ki
89165191,mondrian_pairgap,cliffA,cliff,27,26,0.9629629629629629,0.8171653406642414,0.9934318540192149,2.660673940577616,,,,,CHEMBL219_Ki
89165191,mondrian_pairgap,cliffA,noncliff,346,315,0.9104046242774566,0.8756331180151555,0.9361631766760343,2.570421204623762,,,,,CHEMBL219_Ki
89165191,mondrian_pairgap,__bins__,__summary__,-1,-1,,,,2.576954244491735,0.8208955223880597,0.15637720488466755,0.7021276595744681,0.2978723404255319,CHEMBL219_Ki
89165191,mondrian_rfstd,cliffB_oracle,all,373,345,0.9249329758713136,0.8936468475122171,0.9475557128218689,2.4637898262098163,,,,,CHEMBL219_Ki
89165191,mondrian_rfstd,cliffB_oracle,cliff,11,10,0.9090909090909091,0.6226415635484043,0.9837678271141151,2.4815994463276785,,,,,CHEMBL219_Ki
89165191,mondrian_rfstd,cliffB_oracle,noncliff,362,335,0.925414364640884,0.893657906421829,0.9482368339743289,2.4632486499078925,,,,,CHEMBL219_Ki
89165191,mondrian_rfstd,cliffA,all,373,345,0.9249329758713136,0.8936468475122171,0.9475557128218689,2.4637898262098163,,,,,CHEMBL219_Ki
89165191,mondrian_rfstd,cliffA,cliff,27,25,0.9259259259259259,0.7663040731697686,0.9794453459390113,2.3065789803347605,,,,,CHEMBL219_Ki
89165191,mondrian_rfstd,cliffA,noncliff,346,320,0.9248554913294798,0.8921744597770653,0.9482062114877581,2.476057724587349,,,,,CHEMBL219_Ki
89165191,mondrian_rfstd,__bins__,__summary__,-1,-1,,,,2.4637898262098163,0.8805970149253731,0.09614717112113846,0.8695652173913043,0.13043478260869568,CHEMBL219_Ki
71339737,global,cliffB_oracle,all,341,292,0.8563049853372434,0.815100514981568,0.8895711356692078,2.4362937176339243,,,,,CHEMBL228_Ki
71339737,global,cliffB_oracle,cliff,11,5,0.45454545454545453,0.21271271622459764,0.719908462590678,2.4362937176339248,,,,,CHEMBL228_Ki
71339737,global,cliffB_oracle,noncliff,330,287,0.8696969696969697,0.8290822445298093,0.9018036102766548,2.4362937176339248,,,,,CHEMBL228_Ki
71339737,global,cliffA,all,341,292,0.8563049853372434,0.815100514981568,0.8895711356692078,2.4362937176339243,,,,,CHEMBL228_Ki
71339737,global,cliffA,cliff,18,12,0.6666666666666666,0.43749467295945105,0.837212252491663,2.4362937176339248,,,,,CHEMBL228_Ki
71339737,global,cliffA,noncliff,323,280,0.8668730650154799,0.825480512663936,0.8996416944610135,2.4362937176339243,,,,,CHEMBL228_Ki
71339737,global,__bins__,__summary__,-1,-1,,,,2.4362937176339243,0.72,0.22999999999999998,0.627906976744186,0.34883720930232553,CHEMBL228_Ki
71339737,mondrian_pair,cliffB_oracle,all,341,292,0.8563049853372434,0.815100514981568,0.8895711356692078,2.4351910378552994,,,,,CHEMBL228_Ki
71339737,mondrian_pair,cliffB_oracle,cliff,11,5,0.45454545454545453,0.21271271622459764,0.719908462590678,2.4356321097667504,,,,,CHEMBL228_Ki
71339737,mondrian_pair,cliffB_oracle,noncliff,330,287,0.8696969696969697,0.8290822445298093,0.9018036102766548,2.4351763354582516,,,,,CHEMBL228_Ki
71339737,mondrian_pair,cliffA,all,341,292,0.8563049853372434,0.815100514981568,0.8895711356692078,2.4351910378552994,,,,,CHEMBL228_Ki
71339737,mondrian_pair,cliffA,cliff,18,12,0.6666666666666666,0.43749467295945105,0.837212252491663,2.4356198577692094,,,,,CHEMBL228_Ki
71339737,mondrian_pair,cliffA,noncliff,323,280,0.8668730650154799,0.825480512663936,0.8996416944610135,2.435167140770314,,,,,CHEMBL228_Ki
71339737,mondrian_pair,__bins__,__summary__,-1,-1,,,,2.4351910378552994,0.72,0.22999999999999998,0.627906976744186,0.34883720930232553,CHEMBL228_Ki
71339737,mondrian_wstd,cliffB_oracle,all,341,304,0.8914956011730205,0.8540197109270605,0.9202491397879892,2.6036727881256594,,,,,CHEMBL228_Ki
71339737,mondrian_wstd,cliffB_oracle,cliff,11,6,0.5454545454545454,0.280091537409322,0.7872872837754024,2.528577131296333,,,,,CHEMBL228_Ki
71339737,mondrian_wstd,cliffB_oracle,noncliff,330,298,0.9030303030303031,0.8663127750346316,0.9304726240576613,2.6061759766866373,,,,,CHEMBL228_Ki
71339737,mondrian_wstd,cliffA,all,341,304,0.8914956011730205,0.8540197109270605,0.9202491397879892,2.6036727881256594,,,,,CHEMBL228_Ki
71339737,mondrian_wstd,cliffA,cliff,18,13,0.7222222222222222,0.4912734343970254,0.8750024662044601,2.4673924072683633,,,,,CHEMBL228_Ki
71339737,mondrian_wstd,cliffA,noncliff,323,291,0.9009287925696594,0.8634865025205458,0.9289466267847786,2.6112673604334966,,,,,CHEMBL228_Ki
71339737,mondrian_wstd,__bins__,__summary__,-1,-1,,,,2.6036727881256594,0.8055555555555556,0.14181286549707595,0.7209302325581395,0.2558139534883721,CHEMBL228_Ki
71339737,mondrian_std,cliffB_oracle,all,341,302,0.8856304985337243,0.8474703266717621,0.915198990699242,2.577165620101079,,,,,CHEMBL228_Ki
71339737,mondrian_std,cliffB_oracle,cliff,11,6,0.5454545454545454,0.280091537409322,0.7872872837754024,2.581887187950203,,,,,CHEMBL228_Ki
71339737,mondrian_std,cliffB_oracle,noncliff,330,296,0.896969696969697,0.8594735719747536,0.925330091792843,2.577008234506108,,,,,CHEMBL228_Ki
71339737,mondrian_std,cliffA,all,341,302,0.8856304985337243,0.8474703266717621,0.915198990699242,2.577165620101079,,,,,CHEMBL228_Ki
71339737,mondrian_std,cliffA,cliff,18,13,0.7222222222222222,0.4912734343970254,0.8750024662044601,2.4999707752235056,,,,,CHEMBL228_Ki
71339737,mondrian_std,cliffA,noncliff,323,289,0.8947368421052632,0.8565045107240782,0.9236902690939054,2.581467500001377,,,,,CHEMBL228_Ki
71339737,mondrian_std,__bins__,__summary__,-1,-1,,,,2.577165620101079,0.8055555555555556,0.11549707602339176,0.7209302325581395,0.2558139534883721,CHEMBL228_Ki
71339737,mondrian_iqr,cliffB_oracle,all,341,309,0.906158357771261,0.8705252103166391,0.9327424737585249,2.75413243447463,,,,,CHEMBL228_Ki
71339737,mondrian_iqr,cliffB_oracle,cliff,11,6,0.5454545454545454,0.280091537409322,0.7872872837754024,2.7418131043645255,,,,,CHEMBL228_Ki
71339737,mondrian_iqr,cliffB_oracle,noncliff,330,303,0.9181818181818182,0.8835773528049672,0.9431623845990659,2.7545430788116336,,,,,CHEMBL228_Ki
71339737,mondrian_iqr,cliffA,all,341,309,0.906158357771261,0.8705252103166391,0.9327424737585249,2.75413243447463,,,,,CHEMBL228_Ki
71339737,mondrian_iqr,cliffA,cliff,18,13,0.7222222222222222,0.4912734343970254,0.8750024662044601,2.6696765824975777,,,,,CHEMBL228_Ki
71339737,mondrian_iqr,cliffA,noncliff,323,296,0.9164086687306502,0.8811122163848896,0.9419167866387873,2.758838952541463,,,,,CHEMBL228_Ki
71339737,mondrian_iqr,__bins__,__summary__,-1,-1,,,,2.75413243447463,0.8533333333333334,0.09666666666666657,0.7674418604651163,0.20930232558139528,CHEMBL228_Ki
71339737,mondrian_nb,cliffB_oracle,all,341,301,0.8826979472140762,0.84420594074801,0.9126636099509713,2.4376347109992493,,,,,CHEMBL228_Ki
71339737,mondrian_nb,cliffB_oracle,cliff,11,5,0.45454545454545453,0.21271271622459764,0.719908462590678,2.1337547490449187,,,,,CHEMBL228_Ki
71339737,mondrian_nb,cliffB_oracle,noncliff,330,296,0.896969696969697,0.8594735719747536,0.925330091792843,2.447764043064393,,,,,CHEMBL228_Ki
71339737,mondrian_nb,cliffA,all,341,301,0.8826979472140762,0.84420594074801,0.9126636099509713,2.4376347109992493,,,,,CHEMBL228_Ki
71339737,mondrian_nb,cliffA,cliff,18,12,0.6666666666666666,0.43749467295945105,0.837212252491663,2.1880906957121495,,,,,CHEMBL228_Ki
71339737,mondrian_nb,cliffA,noncliff,323,289,0.8947368421052632,0.8565045107240782,0.9236902690939054,2.4515411886313476,,,,,CHEMBL228_Ki
71339737,mondrian_nb,__bins__,__summary__,-1,-1,,,,2.4376347109992493,0.8055555555555556,0.11944444444444446,0.7906976744186046,0.18604651162790697,CHEMBL228_Ki
71339737,mondrian_nnsim,cliffB_oracle,all,341,302,0.8856304985337243,0.8474703266717621,0.915198990699242,2.6242700814269555,,,,,CHEMBL228_Ki
71339737,mondrian_nnsim,cliffB_oracle,cliff,11,7,0.6363636363636364,0.35380117450784887,0.8483352890463243,2.501279386868528,,,,,CHEMBL228_Ki
71339737,mondrian_nnsim,cliffB_oracle,noncliff,330,295,0.8939393939393939,0.8560667620694893,0.9227460340357592,2.6283697712455703,,,,,CHEMBL228_Ki
71339737,mondrian_nnsim,cliffA,all,341,302,0.8856304985337243,0.8474703266717621,0.915198990699242,2.6242700814269555,,,,,CHEMBL228_Ki
71339737,mondrian_nnsim,cliffA,cliff,18,14,0.7777777777777778,0.5478541568378739,0.9099907189139831,2.7597629474845653,,,,,CHEMBL228_Ki
71339737,mondrian_nnsim,cliffA,noncliff,323,288,0.891640866873065,0.8530266305667872,0.9210489745075258,2.6167193953927854,,,,,CHEMBL228_Ki
71339737,mondrian_nnsim,__bins__,__summary__,-1,-1,,,,2.6242700814269555,0.8055555555555556,0.14444444444444438,0.7209302325581395,0.2558139534883721,CHEMBL228_Ki
71339737,mondrian_pairgap,cliffB_oracle,all,341,296,0.8680351906158358,0.8279788322086096,0.8998918851302574,2.460965370919956,,,,,CHEMBL228_Ki
71339737,mondrian_pairgap,cliffB_oracle,cliff,11,5,0.45454545454545453,0.21271271622459764,0.719908462590678,2.47232523480577,,,,,CHEMBL228_Ki
71339737,mondrian_pairgap,cliffB_oracle,noncliff,330,291,0.8818181818181818,0.8425178372160806,0.9123314882397757,2.4605867087904287,,,,,CHEMBL228_Ki
71339737,mondrian_pairgap,cliffA,all,341,296,0.8680351906158358,0.8279788322086096,0.8998918851302574,2.460965370919956,,,,,CHEMBL228_Ki
71339737,mondrian_pairgap,cliffA,cliff,18,12,0.6666666666666666,0.43749467295945105,0.837212252491663,2.4803322386217355,,,,,CHEMBL228_Ki
71339737,mondrian_pairgap,cliffA,noncliff,323,284,0.8792569659442725,0.8391954317951836,0.9104034743044477,2.4598861027508163,,,,,CHEMBL228_Ki
71339737,mondrian_pairgap,__bins__,__summary__,-1,-1,,,,2.460965370919956,0.7333333333333333,0.21666666666666667,0.6744186046511628,0.3023255813953488,CHEMBL228_Ki
71339737,mondrian_rfstd,cliffB_oracle,all,341,293,0.8592375366568915,0.8183120928971418,0.8921593244256568,2.4118146939128717,,,,,CHEMBL228_Ki
71339737,mondrian_rfstd,cliffB_oracle,cliff,11,6,0.5454545454545454,0.280091537409322,0.7872872837754024,2.5036157279294375,,,,,CHEMBL228_Ki
71339737,mondrian_rfstd,cliffB_oracle,noncliff,330,287,0.8696969696969697,0.8290822445298093,0.9018036102766548,2.4087546594456533,,,,,CHEMBL228_Ki
71339737,mondrian_rfstd,cliffA,all,341,293,0.8592375366568915,0.8183120928971418,0.8921593244256568,2.4118146939128717,,,,,CHEMBL228_Ki
71339737,mondrian_rfstd,cliffA,cliff,18,11,0.6111111111111112,0.3861904160223791,0.7969475342783638,2.3426033487570894,,,,,CHEMBL228_Ki
71339737,mondrian_rfstd,cliffA,noncliff,323,282,0.8730650154798761,0.832324348902611,0.9050362077096793,2.4156716728998817,,,,,CHEMBL228_Ki
71339737,mondrian_rfstd,__bins__,__summary__,-1,-1,,,,2.4118146939128717,0.7894736842105263,0.1578947368421052,0.6046511627906976,0.3715393133997785,CHEMBL228_Ki
99182118,global,cliffB_oracle,all,341,312,0.9149560117302052,0.880531294797775,0.9401356892934574,2.756121967307068,,,,,CHEMBL228_Ki
99182118,global,cliffB_oracle,cliff,9,5,0.5555555555555556,0.26665129349549305,0.8112214789023355,2.7561219673070685,,,,,CHEMBL228_Ki
99182118,global,cliffB_oracle,noncliff,332,307,0.9246987951807228,0.8912042897809627,0.9484776273660203,2.7561219673070685,,,,,CHEMBL228_Ki
99182118,global,cliffA,all,341,312,0.9149560117302052,0.880531294797775,0.9401356892934574,2.756121967307068,,,,,CHEMBL228_Ki
99182118,global,cliffA,cliff,18,14,0.7777777777777778,0.5478541568378739,0.9099907189139831,2.7561219673070685,,,,,CHEMBL228_Ki
99182118,global,cliffA,noncliff,323,298,0.9226006191950464,0.888240529355002,0.9470268231560157,2.756121967307068,,,,,CHEMBL228_Ki
99182118,global,__bins__,__summary__,-1,-1,,,,2.756121967307068,0.8157894736842105,0.1842105263157895,0.813953488372093,0.18604651162790697,CHEMBL228_Ki
99182118,mondrian_pair,cliffB_oracle,all,341,312,0.9149560117302052,0.880531294797775,0.9401356892934574,2.756121967307068,,,,,CHEMBL228_Ki
99182118,mondrian_pair,cliffB_oracle,cliff,9,5,0.5555555555555556,0.26665129349549305,0.8112214789023355,2.7561219673070685,,,,,CHEMBL228_Ki
99182118,mondrian_pair,cliffB_oracle,noncliff,332,307,0.9246987951807228,0.8912042897809627,0.9484776273660203,2.7561219673070685,,,,,CHEMBL228_Ki
99182118,mondrian_pair,cliffA,all,341,312,0.9149560117302052,0.880531294797775,0.9401356892934574,2.756121967307068,,,,,CHEMBL228_Ki
99182118,mondrian_pair,cliffA,cliff,18,14,0.7777777777777778,0.5478541568378739,0.9099907189139831,2.7561219673070685,,,,,CHEMBL228_Ki
99182118,mondrian_pair,cliffA,noncliff,323,298,0.9226006191950464,0.888240529355002,0.9470268231560157,2.756121967307068,,,,,CHEMBL228_Ki
99182118,mondrian_pair,__bins__,__summary__,-1,-1,,,,2.756121967307068,0.8157894736842105,0.1842105263157895,0.813953488372093,0.18604651162790697,CHEMBL228_Ki
99182118,mondrian_wstd,cliffB_oracle,all,341,309,0.906158357771261,0.8705252103166391,0.9327424737585249,2.615031614707941,,,,,CHEMBL228_Ki
99182118,mondrian_wstd,cliffB_oracle,cliff,9,5,0.5555555555555556,0.26665129349549305,0.8112214789023355,2.5483946996364546,,,,,CHEMBL228_Ki
99182118,mondrian_wstd,cliffB_oracle,noncliff,332,304,0.9156626506024096,0.8808096082072453,0.9410067362344826,2.616838037104457,,,,,CHEMBL228_Ki
99182118,mondrian_wstd,cliffA,all,341,309,0.906158357771261,0.8705252103166391,0.9327424737585249,2.615031614707941,,,,,CHEMBL228_Ki
99182118,mondrian_wstd,cliffA,cliff,18,14,0.7777777777777778,0.5478541568378739,0.9099907189139831,2.5544241941073262,,,,,CHEMBL228_Ki
99182118,mondrian_wstd,cliffA,noncliff,323,295,0.913312693498452,0.8775658242612304,0.9393440040187758,2.6184091180231457,,,,,CHEMBL228_Ki
99182118,mondrian_wstd,__bins__,__summary__,-1,-1,,,,2.615031614707941,0.8421052631578947,0.1578947368421053,0.8372093023255814,0.13898117386489472,CHEMBL228_Ki
99182118,mondrian_std,cliffB_oracle,all,341,308,0.9032258064516129,0.8672078842588633,0.9302600331442779,2.608295866206336,,,,,CHEMBL228_Ki
99182118,mondrian_std,cliffB_oracle,cliff,9,5,0.5555555555555556,0.26665129349549305,0.8112214789023355,2.5294730018186207,,,,,CHEMBL228_Ki
99182118,mondrian_std,cliffB_oracle,noncliff,332,303,0.9126506024096386,0.8773669579437642,0.9384941955962123,2.6104326306023884,,,,,CHEMBL228_Ki
99182118,mondrian_std,cliffA,all,341,308,0.9032258064516129,0.8672078842588633,0.9302600331442779,2.608295866206336,,,,,CHEMBL228_Ki
99182118,mondrian_std,cliffA,cliff,18,14,0.7777777777777778,0.5478541568378739,0.9099907189139831,2.553618598782662,,,,,CHEMBL228_Ki
99182118,mondrian_std,cliffA,noncliff,323,294,0.9102167182662538,0.8740305353220035,0.9367601182143324,2.6113428965890795,,,,,CHEMBL228_Ki
99182118,mondrian_std,__bins__,__summary__,-1,-1,,,,2.608295866206336,0.7894736842105263,0.21052631578947367,0.813953488372093,0.1384274640088593,CHEMBL228_Ki
99182118,mondrian_iqr,cliffB_oracle,all,341,304,0.8914956011730205,0.8540197109270605,0.9202491397879892,2.598649632246078,,,,,CHEMBL228_Ki
99182118,mondrian_iqr,cliffB_oracle,cliff,9,6,0.6666666666666666,0.3542021355803963,0.879416181613089,2.586536890045449,,,,,CHEMBL228_Ki
99182118,mondrian_iqr,cliffB_oracle,noncliff,332,298,0.8975903614457831,0.8602994566259493,0.9257857424052688,2.598977989715372,,,,,CHEMBL228_Ki
99182118,mondrian_iqr,cliffA,all,341,304,0.8914956011730205,0.8540197109270605,0.9202491397879892,2.598649632246078,,,,,CHEMBL228_Ki
99182118,mondrian_iqr,cliffA,cliff,18,15,0.8333333333333334,0.6077796189608428,0.9416342319413856,2.548066593773628,,,,,CHEMBL228_Ki
99182118,mondrian_iqr,cliffA,noncliff,323,289,0.8947368421052632,0.8565045107240782,0.9236902690939054,2.6014685012631187,,,,,CHEMBL228_Ki
99182118,mondrian_iqr,__bins__,__summary__,-1,-1,,,,2.598649632246078,0.8421052631578947,0.13086770981507834,0.813953488372093,0.16223698781838314,CHEMBL228_Ki
99182118,mondrian_nb,cliffB_oracle,all,341,315,0.9237536656891495,0.8906273371204231,0.9474389469868779,2.7791381604300245,,,,,CHEMBL228_Ki
99182118,mondrian_nb,cliffB_oracle,cliff,9,3,0.3333333333333333,0.1205838183869109,0.6457978644196036,2.2586397316627598,,,,,CHEMBL228_Ki
99182118,mondrian_nb,cliffB_oracle,noncliff,332,312,0.9397590361445783,0.908789633225128,0.9606682384306133,2.7932480575954024,,,,,CHEMBL228_Ki
99182118,mondrian_nb,cliffA,all,341,315,0.9237536656891495,0.8906273371204231,0.9474389469868779,2.7791381604300245,,,,,CHEMBL228_Ki
99182118,mondrian_nb,cliffA,cliff,18,12,0.6666666666666666,0.43749467295945105,0.837212252491663,2.3248415796146014,,,,,CHEMBL228_Ki
99182118,mondrian_nb,cliffA,noncliff,323,303,0.9380804953560371,0.9063006944332151,0.9595625317961548,2.804454997751008,,,,,CHEMBL228_Ki
99182118,mondrian_nb,__bins__,__summary__,-1,-1,,,,2.7791381604300245,0.7631578947368421,0.23684210526315785,0.8604651162790697,0.11572535991140642,CHEMBL228_Ki
99182118,mondrian_nnsim,cliffB_oracle,all,341,317,0.9296187683284457,0.8974147587292246,0.9522510587221221,3.0029933300136418,,,,,CHEMBL228_Ki
99182118,mondrian_nnsim,cliffB_oracle,cliff,9,6,0.6666666666666666,0.3542021355803963,0.879416181613089,3.080199788489007,,,,,CHEMBL228_Ki
99182118,mondrian_nnsim,cliffB_oracle,noncliff,332,311,0.9367469879518072,0.9052428504005727,0.9582598303534169,3.0009003838501522,,,,,CHEMBL228_Ki
99182118,mondrian_nnsim,cliffA,all,341,317,0.9296187683284457,0.8974147587292246,0.9522510587221221,3.0029933300136418,,,,,CHEMBL228_Ki
99182118,mondrian_nnsim,cliffA,cliff,18,15,0.8333333333333334,0.6077796189608428,0.9416342319413856,3.1012493327308928,,,,,CHEMBL228_Ki
99182118,mondrian_nnsim,cliffA,noncliff,323,302,0.934984520123839,0.9026580328687708,0.9570860186169288,2.9975177632987475,,,,,CHEMBL228_Ki
99182118,mondrian_nnsim,__bins__,__summary__,-1,-1,,,,3.0029933300136418,0.868421052631579,0.13157894736842102,0.8372093023255814,0.16279069767441856,CHEMBL228_Ki
99182118,mondrian_pairgap,cliffB_oracle,all,341,317,0.9296187683284457,0.8974147587292246,0.9522510587221221,2.90421068199203,,,,,CHEMBL228_Ki
99182118,mondrian_pairgap,cliffB_oracle,cliff,9,5,0.5555555555555556,0.26665129349549305,0.8112214789023355,2.78064360581193,,,,,CHEMBL228_Ki
99182118,mondrian_pairgap,cliffB_oracle,noncliff,332,312,0.9397590361445783,0.908789633225128,0.9606682384306133,2.9075603918884787,,,,,CHEMBL228_Ki
99182118,mondrian_pairgap,cliffA,all,341,317,0.9296187683284457,0.8974147587292246,0.9522510587221221,2.90421068199203,,,,,CHEMBL228_Ki
99182118,mondrian_pairgap,cliffA,cliff,18,14,0.7777777777777778,0.5478541568378739,0.9099907189139831,2.7931100838381773,,,,,CHEMBL228_Ki
99182118,mondrian_pairgap,cliffA,noncliff,323,303,0.9380804953560371,0.9063006944332151,0.9595625317961548,2.9104020465950313,,,,,CHEMBL228_Ki
99182118,mondrian_pairgap,__bins__,__summary__,-1,-1,,,,2.90421068199203,0.8571428571428571,0.1428571428571429,0.8372093023255814,0.16279069767441856,CHEMBL228_Ki
99182118,mondrian_rfstd,cliffB_oracle,all,341,310,0.9090909090909091,0.873851302088451,0.9352161486587359,2.697853855802224,,,,,CHEMBL228_Ki
99182118,mondrian_rfstd,cliffB_oracle,cliff,9,4,0.4444444444444444,0.18877852109766452,0.733348706504507,2.329459996028482,,,,,CHEMBL228_Ki
99182118,mondrian_rfstd,cliffB_oracle,noncliff,332,306,0.9216867469879518,0.8877277224471297,0.9459990037981018,2.707840436338259,,,,,CHEMBL228_Ki
99182118,mondrian_rfstd,cliffA,all,341,310,0.9090909090909091,0.873851302088451,0.9352161486587359,2.697853855802224,,,,,CHEMBL228_Ki
99182118,mondrian_rfstd,cliffA,cliff,18,13,0.7222222222222222,0.4912734343970254,0.8750024662044601,2.3601599009017917,,,,,CHEMBL228_Ki
99182118,mondrian_rfstd,cliffA,noncliff,323,297,0.9195046439628483,0.8846702539345305,0.9444779238328166,2.71667271397005,,,,,CHEMBL228_Ki
99182118,mondrian_rfstd,__bins__,__summary__,-1,-1,,,,2.697853855802224,0.868421052631579,0.07894736842105254,0.813953488372093,0.16279069767441856,CHEMBL228_Ki
89709943,global,cliffB_oracle,all,341,312,0.9149560117302052,0.880531294797775,0.9401356892934574,2.5549825206861385,,,,,CHEMBL228_Ki
89709943,global,cliffB_oracle,cliff,3,3,1.0,0.4385029682449546,1.0,2.5549825206861385,,,,,CHEMBL228_Ki
89709943,global,cliffB_oracle,noncliff,338,309,0.9142011834319527,0.879494808001341,0.9395983498793953,2.5549825206861385,,,,,CHEMBL228_Ki
89709943,global,cliffA,all,341,312,0.9149560117302052,0.880531294797775,0.9401356892934574,2.5549825206861385,,,,,CHEMBL228_Ki
89709943,global,cliffA,cliff,9,9,1.0,0.7008549515804559,1.0,2.5549825206861385,,,,,CHEMBL228_Ki
89709943,global,cliffA,noncliff,332,303,0.9126506024096386,0.8773669579437642,0.9384941955962123,2.5549825206861385,,,,,CHEMBL228_Ki
89709943,global,__bins__,__summary__,-1,-1,,,,2.5549825206861385,0.7857142857142857,0.2142857142857143,0.6976744186046512,0.3023255813953488,CHEMBL228_Ki
89709943,mondrian_pair,cliffB_oracle,all,341,314,0.9208211143695014,0.8872512062244581,0.94501531121082,2.5848584956507707,,,,,CHEMBL228_Ki
89709943,mondrian_pair,cliffB_oracle,cliff,3,3,1.0,0.4385029682449546,1.0,2.5931977544017704,,,,,CHEMBL228_Ki
89709943,mondrian_pair,cliffB_oracle,noncliff,338,311,0.9201183431952663,0.8862724296186922,0.9445220590889117,2.584784478561265,,,,,CHEMBL228_Ki
89709943,mondrian_pair,cliffA,all,341,314,0.9208211143695014,0.8872512062244581,0.94501531121082,2.5848584956507707,,,,,CHEMBL228_Ki
89709943,mondrian_pair,cliffA,cliff,9,9,1.0,0.7008549515804559,1.0,2.5931977544017704,,,,,CHEMBL228_Ki
89709943,mondrian_pair,cliffA,noncliff,332,305,0.9186746987951807,0.8842630206189426,0.943508514724537,2.584632431407521,,,,,CHEMBL228_Ki
89709943,mondrian_pair,__bins__,__summary__,-1,-1,,,,2.5848584956507707,0.8,0.19999999999999996,0.7209302325581395,0.2790697674418605,CHEMBL228_Ki
89709943,mondrian_wstd,cliffB_oracle,all,341,314,0.9208211143695014,0.8872512062244581,0.94501531121082,2.5643032747408685,,,,,CHEMBL228_Ki
89709943,mondrian_wstd,cliffB_oracle,cliff,3,3,1.0,0.4385029682449546,1.0,2.701388182984443,,,,,CHEMBL228_Ki
89709943,mondrian_wstd,cliffB_oracle,noncliff,338,311,0.9201183431952663,0.8862724296186922,0.9445220590889117,2.5630865447860436,,,,,CHEMBL228_Ki
89709943,mondrian_wstd,cliffA,all,341,314,0.9208211143695014,0.8872512062244581,0.94501531121082,2.5643032747408685,,,,,CHEMBL228_Ki
89709943,mondrian_wstd,cliffA,cliff,9,8,0.8888888888888888,0.5650002944233439,0.9801091123614551,2.5739066569087257,,,,,CHEMBL228_Ki
89709943,mondrian_wstd,cliffA,noncliff,332,306,0.9216867469879518,0.8877277224471297,0.9459990037981018,2.5640429420917394,,,,,CHEMBL228_Ki
89709943,mondrian_wstd,__bins__,__summary__,-1,-1,,,,2.5643032747408685,0.8717948717948718,0.10256410256410253,0.813953488372093,0.16279069767441856,CHEMBL228_Ki
89709943,mondrian_std,cliffB_oracle,all,341,316,0.9266862170087976,0.8940149831068024,0.9498510676725215,2.5646686232940823,,,,,CHEMBL228_Ki
89709943,mondrian_std,cliffB_oracle,cliff,3,3,1.0,0.4385029682449546,1.0,2.6506683349212232,,,,,CHEMBL228_Ki
89709943,mondrian_std,cliffB_oracle,noncliff,338,313,0.9260355029585798,0.8930943547918667,0.9494014647426047,2.5639053122441373,,,,,CHEMBL228_Ki
89709943,mondrian_std,cliffA,all,341,316,0.9266862170087976,0.8940149831068024,0.9498510676725215,2.5646686232940823,,,,,CHEMBL228_Ki
89709943,mondrian_std,cliffA,cliff,9,9,1.0,0.7008549515804559,1.0,2.5880608380553523,,,,,CHEMBL228_Ki
89709943,mondrian_std,cliffA,noncliff,332,307,0.9246987951807228,0.8912042897809627,0.9484776273660203,2.5640344969903124,,,,,CHEMBL228_Ki
89709943,mondrian_std,__bins__,__summary__,-1,-1,,,,2.5646686232940823,0.8717948717948718,0.1282051282051282,0.813953488372093,0.18604651162790697,CHEMBL228_Ki
89709943,mondrian_iqr,cliffB_oracle,all,341,323,0.9472140762463344,0.9181116089396716,0.9663528085438123,2.7604427660212316,,,,,CHEMBL228_Ki
89709943,mondrian_iqr,cliffB_oracle,cliff,3,3,1.0,0.4385029682449546,1.0,2.747990629940317,,,,,CHEMBL228_Ki
89709943,mondrian_iqr,cliffB_oracle,noncliff,338,320,0.9467455621301775,0.9173986540156331,0.9660518234128752,2.7605532879391097,,,,,CHEMBL228_Ki
89709943,mondrian_iqr,cliffA,all,341,323,0.9472140762463344,0.9181116089396716,0.9663528085438123,2.7604427660212316,,,,,CHEMBL228_Ki
89709943,mondrian_iqr,cliffA,cliff,9,9,1.0,0.7008549515804559,1.0,2.619318557104198,,,,,CHEMBL228_Ki
89709943,mondrian_iqr,cliffA,noncliff,332,314,0.9457831325301205,0.9159348508023433,0.9654334026569014,2.7642684222870555,,,,,CHEMBL228_Ki
89709943,mondrian_iqr,__bins__,__summary__,-1,-1,,,,2.7604427660212316,0.8974358974358975,0.10256410256410253,0.8604651162790697,0.13953488372093026,CHEMBL228_Ki
89709943,mondrian_nb,cliffB_oracle,all,341,317,0.9296187683284457,0.8974147587292246,0.9522510587221221,2.5826471314900714,,,,,CHEMBL228_Ki
89709943,mondrian_nb,cliffB_oracle,cliff,3,3,1.0,0.4385029682449546,1.0,2.1320362033503186,,,,,CHEMBL228_Ki
89709943,mondrian_nb,cliffB_oracle,noncliff,338,314,0.9289940828402367,0.8965233818449246,0.9518231031029808,2.5866466367694185,,,,,CHEMBL228_Ki
89709943,mondrian_nb,cliffA,all,341,317,0.9296187683284457,0.8974147587292246,0.9522510587221221,2.5826471314900714,,,,,CHEMBL228_Ki
89709943,mondrian_nb,cliffA,cliff,9,8,0.8888888888888888,0.5650002944233439,0.9801091123614551,2.3983980750671567,,,,,CHEMBL228_Ki
89709943,mondrian_nb,cliffA,noncliff,332,309,0.9307228915662651,0.8981956102505888,0.9533966886998975,2.587641834826837,,,,,CHEMBL228_Ki
89709943,mondrian_nb,__bins__,__summary__,-1,-1,,,,2.5826471314900714,0.8857142857142857,0.08796992481203014,0.8372093023255814,0.16279069767441856,CHEMBL228_Ki
89709943,mondrian_nnsim,cliffB_oracle,all,341,307,0.9002932551319648,0.8638989801676072,0.927769170563511,2.518690757467195,,,,,CHEMBL228_Ki
89709943,mondrian_nnsim,cliffB_oracle,cliff,3,3,1.0,0.4385029682449546,1.0,2.6836947144390884,,,,,CHEMBL228_Ki
89709943,mondrian_nnsim,cliffB_oracle,noncliff,338,304,0.8994082840236687,0.8627199134203559,0.9271199173932113,2.5172262253047224,,,,,CHEMBL228_Ki
89709943,mondrian_nnsim,cliffA,all,341,307,0.9002932551319648,0.8638989801676072,0.927769170563511,2.518690757467195,,,,,CHEMBL228_Ki
89709943,mondrian_nnsim,cliffA,cliff,9,8,0.8888888888888888,0.5650002944233439,0.9801091123614551,2.763112615198983,,,,,CHEMBL228_Ki
89709943,mondrian_nnsim,cliffA,noncliff,332,299,0.9006024096385542,0.8636948484177588,0.928345541515211,2.512064863733502,,,,,CHEMBL228_Ki
89709943,mondrian_nnsim,__bins__,__summary__,-1,-1,,,,2.518690757467195,0.8428571428571429,0.13150183150183148,0.7209302325581395,0.2552602436323367,CHEMBL228_Ki
89709943,mondrian_pairgap,cliffB_oracle,all,341,313,0.9178885630498533,0.8838860298142613,0.9425807209489939,2.6664706852311264,,,,,CHEMBL228_Ki
89709943,mondrian_pairgap,cliffB_oracle,cliff,3,3,1.0,0.4385029682449546,1.0,2.4790837051423025,,,,,CHEMBL228_Ki
89709943,mondrian_pairgap,cliffB_oracle,noncliff,338,310,0.9171597633136095,0.882878345724551,0.9420654775696191,2.6681338832792516,,,,,CHEMBL228_Ki
89709943,mondrian_pairgap,cliffA,all,341,313,0.9178885630498533,0.8838860298142613,0.9425807209489939,2.6664706852311264,,,,,CHEMBL228_Ki
89709943,mondrian_pairgap,cliffA,cliff,9,8,0.8888888888888888,0.5650002944233439,0.9801091123614551,2.527290612813026,,,,,CHEMBL228_Ki
89709943,mondrian_pairgap,cliffA,noncliff,332,305,0.9186746987951807,0.8842630206189426,0.943508514724537,2.6702436390014967,,,,,CHEMBL228_Ki
89709943,mondrian_pairgap,__bins__,__summary__,-1,-1,,,,2.6664706852311264,0.8142857142857143,0.18571428571428572,0.7441860465116279,0.2325581395348837,CHEMBL228_Ki
89709943,mondrian_rfstd,cliffB_oracle,all,341,316,0.9266862170087976,0.8940149831068024,0.9498510676725215,2.557155051168212,,,,,CHEMBL228_Ki
89709943,mondrian_rfstd,cliffB_oracle,cliff,3,3,1.0,0.4385029682449546,1.0,2.78118671770752,,,,,CHEMBL228_Ki
89709943,mondrian_rfstd,cliffB_oracle,noncliff,338,313,0.9260355029585798,0.8930943547918667,0.9494014647426047,2.55516660442378,,,,,CHEMBL228_Ki
89709943,mondrian_rfstd,cliffA,all,341,316,0.9266862170087976,0.8940149831068024,0.9498510676725215,2.557155051168212,,,,,CHEMBL228_Ki
89709943,mondrian_rfstd,cliffA,cliff,9,8,0.8888888888888888,0.5650002944233439,0.9801091123614551,2.328606346556503,,,,,CHEMBL228_Ki
89709943,mondrian_rfstd,cliffA,noncliff,332,308,0.927710843373494,0.894693354134591,0.9509437539141437,2.563350648582385,,,,,CHEMBL228_Ki
89709943,mondrian_rfstd,__bins__,__summary__,-1,-1,,,,2.557155051168212,0.8714285714285714,0.1029304029304029,0.8837209302325582,0.11627906976744184,CHEMBL228_Ki
86921808,global,cliffB_oracle,all,341,302,0.8856304985337243,0.8474703266717621,0.915198990699242,2.41424460180491,,,,,CHEMBL228_Ki
86921808,global,cliffB_oracle,cliff,8,7,0.875,0.5291118177871464,0.9775825085499433,2.41424460180491,,,,,CHEMBL228_Ki
86921808,global,cliffB_oracle,noncliff,333,295,0.8858858858858859,0.8472468736586672,0.9157233405773574,2.41424460180491,,,,,CHEMBL228_Ki
86921808,global,cliffA,all,341,302,0.8856304985337243,0.8474703266717621,0.915198990699242,2.41424460180491,,,,,CHEMBL228_Ki
86921808,global,cliffA,cliff,13,11,0.8461538461538461,0.5776536898051745,0.9567418216419186,2.41424460180491,,,,,CHEMBL228_Ki
86921808,global,cliffA,noncliff,328,291,0.8871951219512195,0.8483816307923309,0.9170441267446299,2.41424460180491,,,,,CHEMBL228_Ki
86921808,global,__bins__,__summary__,-1,-1,,,,2.41424460180491,0.7142857142857143,0.2857142857142857,0.7619047619047619,0.23809523809523814,CHEMBL228_Ki
86921808,mondrian_pair,cliffB_oracle,all,341,302,0.8856304985337243,0.8474703266717621,0.915198990699242,2.437781503030782,,,,,CHEMBL228_Ki
86921808,mondrian_pair,cliffB_oracle,cliff,8,7,0.875,0.5291118177871464,0.9775825085499433,2.368709854727355,,,,,CHEMBL228_Ki
86921808,mondrian_pair,cliffB_oracle,noncliff,333,295,0.8858858858858859,0.8472468736586672,0.9157233405773574,2.4394408819690026,,,,,CHEMBL228_Ki
86921808,mondrian_pair,cliffA,all,341,302,0.8856304985337243,0.8474703266717621,0.915198990699242,2.437781503030782,,,,,CHEMBL228_Ki
86921808,mondrian_pair,cliffA,cliff,13,11,0.8461538461538461,0.5776536898051745,0.9567418216419186,2.380833440008637,,,,,CHEMBL228_Ki
86921808,mondrian_pair,cliffA,noncliff,328,291,0.8871951219512195,0.8483816307923309,0.9170441267446299,2.440038590894465,,,,,CHEMBL228_Ki
86921808,mondrian_pair,__bins__,__summary__,-1,-1,,,,2.437781503030782,0.7142857142857143,0.2857142857142857,0.7380952380952381,0.26190476190476186,CHEMBL228_Ki
86921808,mondrian_wstd,cliffB_oracle,all,341,312,0.9149560117302052,0.880531294797775,0.9401356892934574,2.6330261529801287,,,,,CHEMBL228_Ki
86921808,mondrian_wstd,cliffB_oracle,cliff,8,7,0.875,0.5291118177871464,0.9775825085499433,2.4577122659921544,,,,,CHEMBL228_Ki
86921808,mondrian_wstd,cliffB_oracle,noncliff,333,305,0.9159159159159159,0.8811594553124643,0.941185872871889,2.6372378980128732,,,,,CHEMBL228_Ki
86921808,mondrian_wstd,cliffA,all,341,312,0.9149560117302052,0.880531294797775,0.9401356892934574,2.6330261529801287,,,,,CHEMBL228_Ki
86921808,mondrian_wstd,cliffA,cliff,13,11,0.8461538461538461,0.5776536898051745,0.9567418216419186,2.533367562780599,,,,,CHEMBL228_Ki
86921808,mondrian_wstd,cliffA,noncliff,328,301,0.9176829268292683,0.882883516457011,0.9428119857678996,2.636976036128281,,,,,CHEMBL228_Ki
86921808,mondrian_wstd,__bins__,__summary__,-1,-1,,,,2.6330261529801287,0.8,0.19999999999999996,0.7857142857142857,0.2142857142857143,CHEMBL228_Ki
86921808,mondrian_std,cliffB_oracle,all,341,312,0.9149560117302052,0.880531294797775,0.9401356892934574,2.6638185679004387,,,,,CHEMBL228_Ki
86921808,mondrian_std,cliffB_oracle,cliff,8,7,0.875,0.5291118177871464,0.9775825085499433,2.3936612562806707,,,,,CHEMBL228_Ki
86921808,mondrian_std,cliffB_oracle,noncliff,333,305,0.9159159159159159,0.8811594553124643,0.941185872871889,2.6703088336450578,,,,,CHEMBL228_Ki
86921808,mondrian_std,cliffA,all,341,312,0.9149560117302052,0.880531294797775,0.9401356892934574,2.6638185679004387,,,,,CHEMBL228_Ki
86921808,mondrian_std,cliffA,cliff,13,11,0.8461538461538461,0.5776536898051745,0.9567418216419186,2.386937926820872,,,,,CHEMBL228_Ki
86921808,mondrian_std,cliffA,noncliff,328,301,0.9176829268292683,0.882883516457011,0.9428119857678996,2.674792495748105,,,,,CHEMBL228_Ki
86921808,mondrian_std,__bins__,__summary__,-1,-1,,,,2.6638185679004387,0.8,0.19999999999999996,0.7619047619047619,0.23809523809523814,CHEMBL228_Ki
86921808,mondrian_iqr,cliffB_oracle,all,341,309,0.906158357771261,0.8705252103166391,0.9327424737585249,2.5956814186254284,,,,,CHEMBL228_Ki
86921808,mondrian_iqr,cliffB_oracle,cliff,8,7,0.875,0.5291118177871464,0.9775825085499433,2.3523423531806675,,,,,CHEMBL228_Ki
86921808,mondrian_iqr,cliffB_oracle,noncliff,333,302,0.9069069069069069,0.8708917736626118,0.9336410203372427,2.6015274021796566,,,,,CHEMBL228_Ki
86921808,mondrian_iqr,cliffA,all,341,309,0.906158357771261,0.8705252103166391,0.9327424737585249,2.5956814186254284,,,,,CHEMBL228_Ki
86921808,mondrian_iqr,cliffA,cliff,13,11,0.8461538461538461,0.5776536898051745,0.9567418216419186,2.44303208177189,,,,,CHEMBL228_Ki
86921808,mondrian_iqr,cliffA,noncliff,328,298,0.9085365853658537,0.8724333735178539,0.9351812053006717,2.6017315447812086,,,,,CHEMBL228_Ki
86921808,mondrian_iqr,__bins__,__summary__,-1,-1,,,,2.5956814186254284,0.7936507936507936,0.2063492063492064,0.7619047619047619,0.23809523809523814,CHEMBL228_Ki
86921808,mondrian_nb,cliffB_oracle,all,341,299,0.8768328445747801,0.8376967060712349,0.9075733112837007,2.518440199674328,,,,,CHEMBL228_Ki
86921808,mondrian_nb,cliffB_oracle,cliff,8,6,0.75,0.40927543031016883,0.9285207872478909,1.9971444663653086,,,,,CHEMBL228_Ki
86921808,mondrian_nb,cliffB_oracle,noncliff,333,293,0.8798798798798799,0.8405603224507012,0.9105348689956576,2.5309638208949656,,,,,CHEMBL228_Ki
86921808,mondrian_nb,cliffA,all,341,299,0.8768328445747801,0.8376967060712349,0.9075733112837007,2.518440199674328,,,,,CHEMBL228_Ki
86921808,mondrian_nb,cliffA,cliff,13,9,0.6923076923076923,0.42369343180549035,0.8731929634428948,2.0653927679555024,,,,,CHEMBL228_Ki
86921808,mondrian_nb,cliffA,noncliff,328,290,0.8841463414634146,0.8449784670496087,0.9144203160185572,2.5363963478826963,,,,,CHEMBL228_Ki
86921808,mondrian_nb,__bins__,__summary__,-1,-1,,,,2.518440199674328,0.6984126984126984,0.3015873015873016,0.7674418604651163,0.20930232558139528,CHEMBL228_Ki
86921808,mondrian_nnsim,cliffB_oracle,all,341,308,0.9032258064516129,0.8672078842588633,0.9302600331442779,2.552350237615831,,,,,CHEMBL228_Ki
86921808,mondrian_nnsim,cliffB_oracle,cliff,8,7,0.875,0.5291118177871464,0.9775825085499433,2.6344424118346046,,,,,CHEMBL228_Ki
86921808,mondrian_nnsim,cliffB_oracle,noncliff,333,301,0.9039039039039038,0.8674885482924082,0.9311067343126136,2.5503780532502147,,,,,CHEMBL228_Ki
86921808,mondrian_nnsim,cliffA,all,341,308,0.9032258064516129,0.8672078842588633,0.9302600331442779,2.552350237615831,,,,,CHEMBL228_Ki
86921808,mondrian_nnsim,cliffA,cliff,13,11,0.8461538461538461,0.5776536898051745,0.9567418216419186,2.6280190279266593,,,,,CHEMBL228_Ki
86921808,mondrian_nnsim,cliffA,noncliff,328,297,0.9054878048780488,0.8689705467069163,0.9326170576428144,2.5493511697071702,,,,,CHEMBL228_Ki
86921808,mondrian_nnsim,__bins__,__summary__,-1,-1,,,,2.552350237615831,0.746031746031746,0.25396825396825395,0.8095238095238095,0.19047619047619047,CHEMBL228_Ki
86921808,mondrian_pairgap,cliffB_oracle,all,341,302,0.8856304985337243,0.8474703266717621,0.915198990699242,2.475326474053904,,,,,CHEMBL228_Ki
86921808,mondrian_pairgap,cliffB_oracle,cliff,8,7,0.875,0.5291118177871464,0.9775825085499433,2.438816375333035,,,,,CHEMBL228_Ki
86921808,mondrian_pairgap,cliffB_oracle,noncliff,333,295,0.8858858858858859,0.8472468736586672,0.9157233405773574,2.476203593542693,,,,,CHEMBL228_Ki
86921808,mondrian_pairgap,cliffA,all,341,302,0.8856304985337243,0.8474703266717621,0.915198990699242,2.475326474053904,,,,,CHEMBL228_Ki
86921808,mondrian_pairgap,cliffA,cliff,13,11,0.8461538461538461,0.5776536898051745,0.9567418216419186,2.375980359259003,,,,,CHEMBL228_Ki
86921808,mondrian_pairgap,cliffA,noncliff,328,291,0.8871951219512195,0.8483816307923309,0.9170441267446299,2.479263972506141,,,,,CHEMBL228_Ki
86921808,mondrian_pairgap,__bins__,__summary__,-1,-1,,,,2.475326474053904,0.746031746031746,0.25396825396825395,0.7380952380952381,0.26190476190476186,CHEMBL228_Ki
86921808,mondrian_rfstd,cliffB_oracle,all,341,314,0.9208211143695014,0.8872512062244581,0.94501531121082,2.6928578789501256,,,,,CHEMBL228_Ki
86921808,mondrian_rfstd,cliffB_oracle,cliff,8,7,0.875,0.5291118177871464,0.9775825085499433,2.7495974191562977,,,,,CHEMBL228_Ki
86921808,mondrian_rfstd,cliffB_oracle,noncliff,333,307,0.9219219219219219,0.8880574683805064,0.9461628825935126,2.6914947668731,,,,,CHEMBL228_Ki
86921808,mondrian_rfstd,cliffA,all,341,314,0.9208211143695014,0.8872512062244581,0.94501531121082,2.6928578789501256,,,,,CHEMBL228_Ki
86921808,mondrian_rfstd,cliffA,cliff,13,11,0.8461538461538461,0.5776536898051745,0.9567418216419186,2.7254986282295426,,,,,CHEMBL228_Ki
86921808,mondrian_rfstd,cliffA,noncliff,328,303,0.9237804878048781,0.8899066919196885,0.947842759242812,2.6915641907164902,,,,,CHEMBL228_Ki
86921808,mondrian_rfstd,__bins__,__summary__,-1,-1,,,,2.6928578789501256,0.8571428571428571,0.11721611721611724,0.8372093023255814,0.13953488372093015,CHEMBL228_Ki
89165191,global,cliffB_oracle,all,341,309,0.906158357771261,0.8705252103166391,0.9327424737585249,2.467085641851065,,,,,CHEMBL228_Ki
89165191,global,cliffB_oracle,cliff,6,4,0.6666666666666666,0.299993315138392,0.9032285888942195,2.467085641851065,,,,,CHEMBL228_Ki
89165191,global,cliffB_oracle,noncliff,335,305,0.9104477611940298,0.8750375239015129,0.9365514739652525,2.4670856418510656,,,,,CHEMBL228_Ki
89165191,global,cliffA,all,341,309,0.906158357771261,0.8705252103166391,0.9327424737585249,2.467085641851065,,,,,CHEMBL228_Ki
89165191,global,cliffA,cliff,14,12,0.8571428571428571,0.6005862050302965,0.9599060787285351,2.467085641851065,,,,,CHEMBL228_Ki
89165191,global,cliffA,noncliff,327,297,0.908256880733945,0.8720524706768332,0.9349806047779144,2.467085641851065,,,,,CHEMBL228_Ki
89165191,global,__bins__,__summary__,-1,-1,,,,2.467085641851065,0.7846153846153846,0.19038461538461537,0.7209302325581395,0.2790697674418605,CHEMBL228_Ki
89165191,mondrian_pair,cliffB_oracle,all,341,310,0.9090909090909091,0.873851302088451,0.9352161486587359,2.5036502833013152,,,,,CHEMBL228_Ki
89165191,mondrian_pair,cliffB_oracle,cliff,6,4,0.6666666666666666,0.299993315138392,0.9032285888942195,2.4713933510984027,,,,,CHEMBL228_Ki
89165191,mondrian_pair,cliffB_oracle,noncliff,335,306,0.9134328358208955,0.8784401889569724,0.939051274348824,2.504228019400472,,,,,CHEMBL228_Ki
89165191,mondrian_pair,cliffA,all,341,310,0.9090909090909091,0.873851302088451,0.9352161486587359,2.5036502833013152,,,,,CHEMBL228_Ki
89165191,mondrian_pair,cliffA,cliff,14,12,0.8571428571428571,0.6005862050302965,0.9599060787285351,2.458565813044533,,,,,CHEMBL228_Ki
89165191,mondrian_pair,cliffA,noncliff,327,298,0.9113149847094801,0.8755355223251093,0.9375427447060782,2.5055805052694957,,,,,CHEMBL228_Ki
89165191,mondrian_pair,__bins__,__summary__,-1,-1,,,,2.5036502833013152,0.7846153846153846,0.19038461538461537,0.7209302325581395,0.2790697674418605,CHEMBL228_Ki
89165191,mondrian_wstd,cliffB_oracle,all,341,317,0.9296187683284457,0.8974147587292246,0.9522510587221221,2.742570387872603,,,,,CHEMBL228_Ki
89165191,mondrian_wstd,cliffB_oracle,cliff,6,3,0.5,0.1876163064826506,0.8123836935173494,2.556112128865072,,,,,CHEMBL228_Ki
89165191,mondrian_wstd,cliffB_oracle,noncliff,335,314,0.9373134328358209,0.9060742286580084,0.9586369581600362,2.745909938780201,,,,,CHEMBL228_Ki
89165191,mondrian_wstd,cliffA,all,341,317,0.9296187683284457,0.8974147587292246,0.9522510587221221,2.742570387872603,,,,,CHEMBL228_Ki
89165191,mondrian_wstd,cliffA,cliff,14,11,0.7857142857142857,0.524107694133997,0.9242861328730683,2.717800760139061,,,,,CHEMBL228_Ki
89165191,mondrian_wstd,cliffA,noncliff,327,306,0.9357798165137615,0.9038240357869982,0.9576157638557099,2.7436308612312255,,,,,CHEMBL228_Ki
89165191,mondrian_wstd,__bins__,__summary__,-1,-1,,,,2.742570387872603,0.7948717948717948,0.20512820512820518,0.7906976744186046,0.2093023255813954,CHEMBL228_Ki
89165191,mondrian_std,cliffB_oracle,all,341,317,0.9296187683284457,0.8974147587292246,0.9522510587221221,2.7393189151209256,,,,,CHEMBL228_Ki
89165191,mondrian_std,cliffB_oracle,cliff,6,3,0.5,0.1876163064826506,0.8123836935173494,2.521672393317746,,,,,CHEMBL228_Ki
89165191,mondrian_std,cliffB_oracle,noncliff,335,314,0.9373134328358209,0.9060742286580084,0.9586369581600362,2.743217061780087,,,,,CHEMBL228_Ki
89165191,mondrian_std,cliffA,all,341,317,0.9296187683284457,0.8974147587292246,0.9522510587221221,2.7393189151209256,,,,,CHEMBL228_Ki
89165191,mondrian_std,cliffA,cliff,14,11,0.7857142857142857,0.524107694133997,0.9242861328730683,2.7030408734759215,,,,,CHEMBL228_Ki
89165191,mondrian_std,cliffA,noncliff,327,306,0.9357798165137615,0.9038240357869982,0.9576157638557099,2.7408721034482344,,,,,CHEMBL228_Ki
89165191,mondrian_std,__bins__,__summary__,-1,-1,,,,2.7393189151209256,0.7948717948717948,0.20512820512820518,0.7906976744186046,0.2093023255813954,CHEMBL228_Ki
89165191,mondrian_iqr,cliffB_oracle,all,341,324,0.9501466275659824,0.9216200753128585,0.9686441088426483,2.837283694056188,,,,,CHEMBL228_Ki
89165191,mondrian_iqr,cliffB_oracle,cliff,6,4,0.6666666666666666,0.299993315138392,0.9032285888942195,3.1202879423371,,,,,CHEMBL228_Ki
89165191,mondrian_iqr,cliffB_oracle,noncliff,335,320,0.9552238805970149,0.9274458774973466,0.9726801019548841,2.8322149612511565,,,,,CHEMBL228_Ki
89165191,mondrian_iqr,cliffA,all,341,324,0.9501466275659824,0.9216200753128585,0.9686441088426483,2.837283694056188,,,,,CHEMBL228_Ki
89165191,mondrian_iqr,cliffA,cliff,14,12,0.8571428571428571,0.6005862050302965,0.9599060787285351,2.9569873672155906,,,,,CHEMBL228_Ki
89165191,mondrian_iqr,cliffA,noncliff,327,312,0.9541284403669725,0.9257039143602975,0.9720070347410511,2.832158766153339,,,,,CHEMBL228_Ki
89165191,mondrian_iqr,__bins__,__summary__,-1,-1,,,,2.837283694056188,0.9230769230769231,0.05192307692307685,0.813953488372093,0.18604651162790697,CHEMBL228_Ki
89165191,mondrian_nb,cliffB_oracle,all,341,318,0.9325513196480938,0.9008273400702156,0.954638244053154,2.6906024518487297,,,,,CHEMBL228_Ki
89165191,mondrian_nb,cliffB_oracle,cliff,6,4,0.6666666666666666,0.299993315138392,0.9032285888942195,3.0580796677180797,,,,,CHEMBL228_Ki
89165191,mondrian_nb,cliffB_oracle,noncliff,335,314,0.9373134328358209,0.9060742286580084,0.9586369581600362,2.6840207703704726,,,,,CHEMBL228_Ki
89165191,mondrian_nb,cliffA,all,341,318,0.9325513196480938,0.9008273400702156,0.954638244053154,2.6906024518487297,,,,,CHEMBL228_Ki
89165191,mondrian_nb,cliffA,cliff,14,12,0.8571428571428571,0.6005862050302965,0.9599060787285351,2.7932574694743777,,,,,CHEMBL228_Ki
89165191,mondrian_nb,cliffA,noncliff,327,306,0.9357798165137615,0.9038240357869982,0.9576157638557099,2.6862074358035946,,,,,CHEMBL228_Ki
89165191,mondrian_nb,__bins__,__summary__,-1,-1,,,,2.6906024518487297,0.8923076923076924,0.08269230769230762,0.7674418604651163,0.2325581395348837,CHEMBL228_Ki
89165191,mondrian_nnsim,cliffB_oracle,all,341,313,0.9178885630498533,0.8838860298142613,0.9425807209489939,2.8072792180260553,,,,,CHEMBL228_Ki
89165191,mondrian_nnsim,cliffB_oracle,cliff,6,4,0.6666666666666666,0.299993315138392,0.9032285888942195,2.8160298975137388,,,,,CHEMBL228_Ki
89165191,mondrian_nnsim,cliffB_oracle,noncliff,335,309,0.9223880597014925,0.8887111860276147,0.9464876735952747,2.807122489438216,,,,,CHEMBL228_Ki
89165191,mondrian_nnsim,cliffA,all,341,313,0.9178885630498533,0.8838860298142613,0.9425807209489939,2.8072792180260553,,,,,CHEMBL228_Ki
89165191,mondrian_nnsim,cliffA,cliff,14,12,0.8571428571428571,0.6005862050302965,0.9599060787285351,2.8760612787942264,,,,,CHEMBL228_Ki
89165191,mondrian_nnsim,cliffA,noncliff,327,301,0.9204892966360856,0.886049431836848,0.9451644099236597,2.804334420317326,,,,,CHEMBL228_Ki
89165191,mondrian_nnsim,__bins__,__summary__,-1,-1,,,,2.8072792180260553,0.8615384615384616,0.08846153846153837,0.7441860465116279,0.2558139534883721,CHEMBL228_Ki
89165191,mondrian_pairgap,cliffB_oracle,all,341,311,0.9120234604105572,0.8771865301223211,0.9376806872968885,2.5409547885155535,,,,,CHEMBL228_Ki
89165191,mondrian_pairgap,cliffB_oracle,cliff,6,4,0.6666666666666666,0.299993315138392,0.9032285888942195,2.5336265490681797,,,,,CHEMBL228_Ki
89165191,mondrian_pairgap,cliffB_oracle,noncliff,335,307,0.9164179104477612,0.8818530274272053,0.9415409013176222,2.5410860405653573,,,,,CHEMBL228_Ki
89165191,mondrian_pairgap,cliffA,all,341,311,0.9120234604105572,0.8771865301223211,0.9376806872968885,2.5409547885155535,,,,,CHEMBL228_Ki
89165191,mondrian_pairgap,cliffA,cliff,14,12,0.8571428571428571,0.6005862050302965,0.9599060787285351,2.4793315618014424,,,,,CHEMBL228_Ki
89165191,mondrian_pairgap,cliffA,noncliff,327,299,0.9143730886850153,0.8790290313466125,0.9400944272610152,2.5435930917999494,,,,,CHEMBL228_Ki
89165191,mondrian_pairgap,__bins__,__summary__,-1,-1,,,,2.5409547885155535,0.7846153846153846,0.19038461538461537,0.7209302325581395,0.2790697674418605,CHEMBL228_Ki
89165191,mondrian_rfstd,cliffB_oracle,all,341,314,0.9208211143695014,0.8872512062244581,0.94501531121082,2.5610178721710155,,,,,CHEMBL228_Ki
89165191,mondrian_rfstd,cliffB_oracle,cliff,6,3,0.5,0.1876163064826506,0.8123836935173494,2.4464752886920755,,,,,CHEMBL228_Ki
89165191,mondrian_rfstd,cliffB_oracle,noncliff,335,311,0.9283582089552239,0.895616384986464,0.9513874055144875,2.563069381128847,,,,,CHEMBL228_Ki
89165191,mondrian_rfstd,cliffA,all,341,314,0.9208211143695014,0.8872512062244581,0.94501531121082,2.5610178721710155,,,,,CHEMBL228_Ki
89165191,mondrian_rfstd,cliffA,cliff,14,11,0.7857142857142857,0.524107694133997,0.9242861328730683,2.174753559438415,,,,,CHEMBL228_Ki
89165191,mondrian_rfstd,cliffA,noncliff,327,303,0.926605504587156,0.893118166753777,0.950186058159611,2.577555182196264,,,,,CHEMBL228_Ki
89165191,mondrian_rfstd,__bins__,__summary__,-1,-1,,,,2.5610178721710155,0.8717948717948718,0.07820512820512815,0.813953488372093,0.18604651162790697,CHEMBL228_Ki
71339737,global,cliffB_oracle,all,191,174,0.9109947643979057,0.8620960305820348,0.9436873019297675,2.965236592112484,,,,,CHEMBL237_EC50
71339737,global,cliffB_oracle,cliff,9,8,0.8888888888888888,0.5650002944233439,0.9801091123614551,2.9652365921124844,,,,,CHEMBL237_EC50
71339737,global,cliffB_oracle,noncliff,182,166,0.9120879120879121,0.8619765017574601,0.9451630942824358,2.965236592112484,,,,,CHEMBL237_EC50
71339737,global,cliffA,all,191,174,0.9109947643979057,0.8620960305820348,0.9436873019297675,2.965236592112484,,,,,CHEMBL237_EC50
71339737,global,cliffA,cliff,21,18,0.8571428571428571,0.6536393971937906,0.9501898750027473,2.9652365921124835,,,,,CHEMBL237_EC50
71339737,global,cliffA,noncliff,170,156,0.9176470588235294,0.8665241841604977,0.9503120352505664,2.9652365921124844,,,,,CHEMBL237_EC50
71339737,global,__bins__,__summary__,-1,-1,,,,2.965236592112484,0.8611111111111112,0.13888888888888884,0.7916666666666666,0.20833333333333337,CHEMBL237_EC50
71339737,mondrian_pair,cliffB_oracle,all,191,178,0.9319371727748691,0.8870467084799919,0.9597956473445136,3.107727259027515,,,,,CHEMBL237_EC50
71339737,mondrian_pair,cliffB_oracle,cliff,9,9,1.0,0.7008549515804559,1.0,3.3412175546563856,,,,,CHEMBL237_EC50
71339737,mondrian_pair,cliffB_oracle,noncliff,182,169,0.9285714285714286,0.8816404247495294,0.9577847551319624,3.0961810356172963,,,,,CHEMBL237_EC50
71339737,mondrian_pair,cliffA,all,191,178,0.9319371727748691,0.8870467084799919,0.9597956473445136,3.107727259027515,,,,,CHEMBL237_EC50
71339737,mondrian_pair,cliffA,cliff,21,20,0.9523809523809523,0.7733063992587743,0.9915440121901737,3.2989698789599906,,,,,CHEMBL237_EC50
71339737,mondrian_pair,cliffA,noncliff,170,158,0.9294117647058824,0.8806831093334685,0.9591625810469214,3.084103170682916,,,,,CHEMBL237_EC50
71339737,mondrian_pair,__bins__,__summary__,-1,-1,,,,3.107727259027515,0.8611111111111112,0.13888888888888884,0.7916666666666666,0.20833333333333337,CHEMBL237_EC50
71339737,mondrian_wstd,cliffB_oracle,all,191,178,0.9319371727748691,0.8870467084799919,0.9597956473445136,3.121480438019613,,,,,CHEMBL237_EC50
71339737,mondrian_wstd,cliffB_oracle,cliff,9,8,0.8888888888888888,0.5650002944233439,0.9801091123614551,3.257810852585637,,,,,CHEMBL237_EC50
71339737,mondrian_wstd,cliffB_oracle,noncliff,182,170,0.9340659340659341,0.8883030186615747,0.9618840225004491,3.114738824112502,,,,,CHEMBL237_EC50
71339737,mondrian_wstd,cliffA,all,191,178,0.9319371727748691,0.8870467084799919,0.9597956473445136,3.121480438019613,,,,,CHEMBL237_EC50
71339737,mondrian_wstd,cliffA,cliff,21,18,0.8571428571428571,0.6536393971937906,0.9501898750027473,3.1742182067361644,,,,,CHEMBL237_EC50
71339737,mondrian_wstd,cliffA,noncliff,170,160,0.9411764705882353,0.8951173760304342,0.9677377853192816,3.1149657724722744,,,,,CHEMBL237_EC50
71339737,mondrian_wstd,__bins__,__summary__,-1,-1,,,,3.121480438019613,0.8636363636363636,0.13636363636363635,0.8333333333333334,0.16666666666666663,CHEMBL237_EC50
71339737,mondrian_std,cliffB_oracle,all,191,178,0.9319371727748691,0.8870467084799919,0.9597956473445136,3.0939079946242374,,,,,CHEMBL237_EC50
71339737,mondrian_std,cliffB_oracle,cliff,9,8,0.8888888888888888,0.5650002944233439,0.9801091123614551,3.062761345603535,,,,,CHEMBL237_EC50
71339737,mondrian_std,cliffB_oracle,noncliff,182,170,0.9340659340659341,0.8883030186615747,0.9618840225004491,3.0954482135318546,,,,,CHEMBL237_EC50
71339737,mondrian_std,cliffA,all,191,178,0.9319371727748691,0.8870467084799919,0.9597956473445136,3.0939079946242374,,,,,CHEMBL237_EC50
71339737,mondrian_std,cliffA,cliff,21,18,0.8571428571428571,0.6536393971937906,0.9501898750027473,3.048829237961956,,,,,CHEMBL237_EC50
71339737,mondrian_std,cliffA,noncliff,170,160,0.9411764705882353,0.8951173760304342,0.9677377853192816,3.0994765469178134,,,,,CHEMBL237_EC50
71339737,mondrian_std,__bins__,__summary__,-1,-1,,,,3.0939079946242374,0.8636363636363636,0.13636363636363635,0.8333333333333334,0.16666666666666663,CHEMBL237_EC50
71339737,mondrian_iqr,cliffB_oracle,all,191,180,0.9424083769633508,0.8998310423852448,0.9675408250956125,3.1670369573037807,,,,,CHEMBL237_EC50
71339737,mondrian_iqr,cliffB_oracle,cliff,9,8,0.8888888888888888,0.5650002944233439,0.9801091123614551,3.052637657308715,,,,,CHEMBL237_EC50
71339737,mondrian_iqr,cliffB_oracle,noncliff,182,172,0.945054945054945,0.9018263245828161,0.9698844391402716,3.1726940655452953,,,,,CHEMBL237_EC50
71339737,mondrian_iqr,cliffA,all,191,180,0.9424083769633508,0.8998310423852448,0.9675408250956125,3.1670369573037807,,,,,CHEMBL237_EC50
71339737,mondrian_iqr,cliffA,cliff,21,18,0.8571428571428571,0.6536393971937906,0.9501898750027473,3.0401517908521094,,,,,CHEMBL237_EC50
71339737,mondrian_iqr,cliffA,noncliff,170,162,0.9529411764705882,0.9099001610494518,0.9759644712695895,3.1827110072772222,,,,,CHEMBL237_EC50
71339737,mondrian_iqr,__bins__,__summary__,-1,-1,,,,3.1670369573037807,0.8636363636363636,0.13636363636363635,0.8695652173913043,0.13043478260869568,CHEMBL237_EC50
71339737,mondrian_nb,cliffB_oracle,all,191,172,0.900523560209424,0.8498657435144613,0.9353880773409892,2.9319029672317143,,,,,CHEMBL237_EC50
71339737,mondrian_nb,cliffB_oracle,cliff,9,8,0.8888888888888888,0.5650002944233439,0.9801091123614551,2.907488543566207,,,,,CHEMBL237_EC50
71339737,mondrian_nb,cliffB_oracle,noncliff,182,164,0.9010989010989011,0.8490941029534294,0.9365217705254028,2.933110273896492,,,,,CHEMBL237_EC50
71339737,mondrian_nb,cliffA,all,191,172,0.900523560209424,0.8498657435144613,0.9353880773409892,2.9319029672317143,,,,,CHEMBL237_EC50
71339737,mondrian_nb,cliffA,cliff,21,18,0.8571428571428571,0.6536393971937906,0.9501898750027473,2.890989101124413,,,,,CHEMBL237_EC50
71339737,mondrian_nb,cliffA,noncliff,170,154,0.9058823529411765,0.8525911073144761,0.9412356411272624,2.936957033044969,,,,,CHEMBL237_EC50
71339737,mondrian_nb,__bins__,__summary__,-1,-1,,,,2.9319029672317143,0.8333333333333334,0.16666666666666663,0.7916666666666666,0.20833333333333337,CHEMBL237_EC50
71339737,mondrian_nnsim,cliffB_oracle,all,191,179,0.93717277486911,0.8934087463507253,0.9636983653019561,3.070151602284168,,,,,CHEMBL237_EC50
71339737,mondrian_nnsim,cliffB_oracle,cliff,9,9,1.0,0.7008549515804559,1.0,3.1676483794134103,,,,,CHEMBL237_EC50
71339737,mondrian_nnsim,cliffB_oracle,noncliff,182,170,0.9340659340659341,0.8883030186615747,0.9618840225004491,3.0653303330854698,,,,,CHEMBL237_EC50
71339737,mondrian_nnsim,cliffA,all,191,179,0.93717277486911,0.8934087463507253,0.9636983653019561,3.070151602284168,,,,,CHEMBL237_EC50
71339737,mondrian_nnsim,cliffA,cliff,21,19,0.9047619047619048,0.7108586092608176,0.9734812325619255,3.0809004705701555,,,,,CHEMBL237_EC50
71339737,mondrian_nnsim,cliffA,noncliff,170,160,0.9411764705882353,0.8951173760304342,0.9677377853192816,3.0688238009076647,,,,,CHEMBL237_EC50
71339737,mondrian_nnsim,__bins__,__summary__,-1,-1,,,,3.070151602284168,0.8695652173913043,0.13043478260869568,0.8333333333333334,0.16666666666666663,CHEMBL237_EC50
71339737,mondrian_pairgap,cliffB_oracle,all,191,175,0.9162303664921466,0.8682675631806837,0.9477805251592945,3.0399705471911957,,,,,CHEMBL237_EC50
71339737,mondrian_pairgap,cliffB_oracle,cliff,9,8,0.8888888888888888,0.5650002944233439,0.9801091123614551,3.0028248361790713,,,,,CHEMBL237_EC50
71339737,mondrian_pairgap,cliffB_oracle,noncliff,182,167,0.9175824175824175,0.8684819704188894,0.9494194869015383,3.0418074230104777,,,,,CHEMBL237_EC50
71339737,mondrian_pairgap,cliffA,all,191,175,0.9162303664921466,0.8682675631806837,0.9477805251592945,3.0399705471911957,,,,,CHEMBL237_EC50
71339737,mondrian_pairgap,cliffA,cliff,21,18,0.8571428571428571,0.6536393971937906,0.9501898750027473,3.019049929618317,,,,,CHEMBL237_EC50
71339737,mondrian_pairgap,cliffA,noncliff,170,157,0.9235294117647059,0.8735727354354796,0.9547682194602476,3.0425548587737294,,,,,CHEMBL237_EC50
71339737,mondrian_pairgap,__bins__,__summary__,-1,-1,,,,3.0399705471911957,0.8636363636363636,0.13636363636363635,0.7916666666666666,0.20833333333333337,CHEMBL237_EC50
71339737,mondrian_rfstd,cliffB_oracle,all,191,174,0.9109947643979057,0.8620960305820348,0.9436873019297675,2.965236592112484,,,,,CHEMBL237_EC50
71339737,mondrian_rfstd,cliffB_oracle,cliff,9,8,0.8888888888888888,0.5650002944233439,0.9801091123614551,2.9652365921124844,,,,,CHEMBL237_EC50
71339737,mondrian_rfstd,cliffB_oracle,noncliff,182,166,0.9120879120879121,0.8619765017574601,0.9451630942824358,2.965236592112484,,,,,CHEMBL237_EC50
71339737,mondrian_rfstd,cliffA,all,191,174,0.9109947643979057,0.8620960305820348,0.9436873019297675,2.965236592112484,,,,,CHEMBL237_EC50
71339737,mondrian_rfstd,cliffA,cliff,21,18,0.8571428571428571,0.6536393971937906,0.9501898750027473,2.9652365921124835,,,,,CHEMBL237_EC50
71339737,mondrian_rfstd,cliffA,noncliff,170,156,0.9176470588235294,0.8665241841604977,0.9503120352505664,2.9652365921124844,,,,,CHEMBL237_EC50
71339737,mondrian_rfstd,__bins__,__summary__,-1,-1,,,,2.965236592112484,0.8611111111111112,0.13888888888888884,0.7916666666666666,0.20833333333333337,CHEMBL237_EC50
99182118,global,cliffB_oracle,all,191,167,0.8743455497382199,0.8198422167432224,0.9140878249713491,2.8459063517127507,,,,,CHEMBL237_EC50
99182118,global,cliffB_oracle,cliff,15,13,0.8666666666666667,0.6211801716767764,0.9626387408969346,2.8459063517127503,,,,,CHEMBL237_EC50
99182118,global,cliffB_oracle,noncliff,176,154,0.875,0.8179956290399395,0.9159841822092947,2.8459063517127507,,,,,CHEMBL237_EC50
99182118,global,cliffA,all,191,167,0.8743455497382199,0.8198422167432224,0.9140878249713491,2.8459063517127507,,,,,CHEMBL237_EC50
99182118,global,cliffA,cliff,25,22,0.88,0.7004420607907267,0.9583318284955964,2.8459063517127516,,,,,CHEMBL237_EC50
99182118,global,cliffA,noncliff,166,145,0.8734939759036144,0.8143443230120763,0.9157483225704718,2.8459063517127507,,,,,CHEMBL237_EC50
99182118,global,__bins__,__summary__,-1,-1,,,,2.8459063517127507,0.7878787878787878,0.21212121212121215,0.75,0.25,CHEMBL237_EC50
99182118,mondrian_pair,cliffB_oracle,all,191,169,0.8848167539267016,0.8317663752303182,0.9226931781406049,2.8846033348425726,,,,,CHEMBL237_EC50
99182118,mondrian_pair,cliffB_oracle,cliff,15,13,0.8666666666666667,0.6211801716767764,0.9626387408969346,2.8092441693915244,,,,,CHEMBL237_EC50
99182118,mondrian_pair,cliffB_oracle,noncliff,176,156,0.8863636363636364,0.8309983852347526,0.9252232384765796,2.8910259909889686,,,,,CHEMBL237_EC50
99182118,mondrian_pair,cliffA,all,191,169,0.8848167539267016,0.8317663752303182,0.9226931781406049,2.8846033348425726,,,,,CHEMBL237_EC50
99182118,mondrian_pair,cliffA,cliff,25,21,0.84,0.6534637839282114,0.9359654854332355,2.7963927402833555,,,,,CHEMBL237_EC50
99182118,mondrian_pair,cliffA,noncliff,166,148,0.891566265060241,0.8351173981595413,0.9303023109189367,2.89788806293884,,,,,CHEMBL237_EC50
99182118,mondrian_pair,__bins__,__summary__,-1,-1,,,,2.8846033348425726,0.8181818181818182,0.18181818181818177,0.75,0.25,CHEMBL237_EC50
99182118,mondrian_wstd,cliffB_oracle,all,191,167,0.8743455497382199,0.8198422167432224,0.9140878249713491,2.8459063517127507,,,,,CHEMBL237_EC50
99182118,mondrian_wstd,cliffB_oracle,cliff,15,13,0.8666666666666667,0.6211801716767764,0.9626387408969346,2.8459063517127503,,,,,CHEMBL237_EC50
99182118,mondrian_wstd,cliffB_oracle,noncliff,176,154,0.875,0.8179956290399395,0.9159841822092947,2.8459063517127507,,,,,CHEMBL237_EC50
99182118,mondrian_wstd,cliffA,all,191,167,0.8743455497382199,0.8198422167432224,0.9140878249713491,2.8459063517127507,,,,,CHEMBL237_EC50
99182118,mondrian_wstd,cliffA,cliff,25,22,0.88,0.7004420607907267,0.9583318284955964,2.8459063517127516,,,,,CHEMBL237_EC50
99182118,mondrian_wstd,cliffA,noncliff,166,145,0.8734939759036144,0.8143443230120763,0.9157483225704718,2.8459063517127507,,,,,CHEMBL237_EC50
99182118,mondrian_wstd,__bins__,__summary__,-1,-1,,,,2.8459063517127507,0.7878787878787878,0.21212121212121215,0.75,0.25,CHEMBL237_EC50
99182118,mondrian_std,cliffB_oracle,all,191,167,0.8743455497382199,0.8198422167432224,0.9140878249713491,2.8459063517127507,,,,,CHEMBL237_EC50
99182118,mondrian_std,cliffB_oracle,cliff,15,13,0.8666666666666667,0.6211801716767764,0.9626387408969346,2.8459063517127503,,,,,CHEMBL237_EC50
99182118,mondrian_std,cliffB_oracle,noncliff,176,154,0.875,0.8179956290399395,0.9159841822092947,2.8459063517127507,,,,,CHEMBL237_EC50
99182118,mondrian_std,cliffA,all,191,167,0.8743455497382199,0.8198422167432224,0.9140878249713491,2.8459063517127507,,,,,CHEMBL237_EC50
99182118,mondrian_std,cliffA,cliff,25,22,0.88,0.7004420607907267,0.9583318284955964,2.8459063517127516,,,,,CHEMBL237_EC50
99182118,mondrian_std,cliffA,noncliff,166,145,0.8734939759036144,0.8143443230120763,0.9157483225704718,2.8459063517127507,,,,,CHEMBL237_EC50
99182118,mondrian_std,__bins__,__summary__,-1,-1,,,,2.8459063517127507,0.7878787878787878,0.21212121212121215,0.75,0.25,CHEMBL237_EC50
99182118,mondrian_iqr,cliffB_oracle,all,191,170,0.8900523560209425,0.8377694128413457,0.9269548963577535,2.9447003188995495,,,,,CHEMBL237_EC50
99182118,mondrian_iqr,cliffB_oracle,cliff,15,14,0.9333333333333333,0.7018347012621998,0.9881331045067315,2.8683702180611776,,,,,CHEMBL237_EC50
99182118,mondrian_iqr,cliffB_oracle,noncliff,176,156,0.8863636363636364,0.8309983852347526,0.9252232384765796,2.9512057252210013,,,,,CHEMBL237_EC50
99182118,mondrian_iqr,cliffA,all,191,170,0.8900523560209425,0.8377694128413457,0.9269548963577535,2.9447003188995495,,,,,CHEMBL237_EC50
99182118,mondrian_iqr,cliffA,cliff,25,23,0.92,0.7503389104960468,0.9777795987151524,2.913297950758032,,,,,CHEMBL237_EC50
99182118,mondrian_iqr,cliffA,noncliff,166,147,0.8855421686746988,0.8281544650041559,0.9254895562423455,2.949429591210019,,,,,CHEMBL237_EC50
99182118,mondrian_iqr,__bins__,__summary__,-1,-1,,,,2.9447003188995495,0.8260869565217391,0.17391304347826086,0.75,0.25,CHEMBL237_EC50
99182118,mondrian_nb,cliffB_oracle,all,191,165,0.8638743455497382,0.8080180487766231,0.9053824812815967,2.766494217390604,,,,,CHEMBL237_EC50
99182118,mondrian_nb,cliffB_oracle,cliff,15,12,0.8,0.5481455128483065,0.9295245065301844,2.751842986407138,,,,,CHEMBL237_EC50
99182118,mondrian_nb,cliffB_oracle,noncliff,176,153,0.8693181818181818,0.811541139230877,0.9113177657873083,2.767742901849422,,,,,CHEMBL237_EC50
99182118,mondrian_nb,cliffA,all,191,165,0.8638743455497382,0.8080180487766231,0.9053824812815967,2.766494217390604,,,,,CHEMBL237_EC50
99182118,mondrian_nb,cliffA,cliff,25,20,0.8,0.6086904963045967,0.9113941531319742,2.7048113037543318,,,,,CHEMBL237_EC50
99182118,mondrian_nb,cliffA,noncliff,166,145,0.8734939759036144,0.8143443230120763,0.9157483225704718,2.775783812817753,,,,,CHEMBL237_EC50
99182118,mondrian_nb,__bins__,__summary__,-1,-1,,,,2.766494217390604,0.7878787878787878,0.21212121212121215,0.75,0.25,CHEMBL237_EC50
99182118,mondrian_nnsim,cliffB_oracle,all,191,167,0.8743455497382199,0.8198422167432224,0.9140878249713491,2.8459063517127507,,,,,CHEMBL237_EC50
99182118,mondrian_nnsim,cliffB_oracle,cliff,15,13,0.8666666666666667,0.6211801716767764,0.9626387408969346,2.8459063517127503,,,,,CHEMBL237_EC50
99182118,mondrian_nnsim,cliffB_oracle,noncliff,176,154,0.875,0.8179956290399395,0.9159841822092947,2.8459063517127507,,,,,CHEMBL237_EC50
99182118,mondrian_nnsim,cliffA,all,191,167,0.8743455497382199,0.8198422167432224,0.9140878249713491,2.8459063517127507,,,,,CHEMBL237_EC50
99182118,mondrian_nnsim,cliffA,cliff,25,22,0.88,0.7004420607907267,0.9583318284955964,2.8459063517127516,,,,,CHEMBL237_EC50
99182118,mondrian_nnsim,cliffA,noncliff,166,145,0.8734939759036144,0.8143443230120763,0.9157483225704718,2.8459063517127507,,,,,CHEMBL237_EC50
99182118,mondrian_nnsim,__bins__,__summary__,-1,-1,,,,2.8459063517127507,0.7878787878787878,0.21212121212121215,0.75,0.25,CHEMBL237_EC50
99182118,mondrian_pairgap,cliffB_oracle,all,191,169,0.8848167539267016,0.8317663752303182,0.9226931781406049,2.9800555600315977,,,,,CHEMBL237_EC50
99182118,mondrian_pairgap,cliffB_oracle,cliff,15,13,0.8666666666666667,0.6211801716767764,0.9626387408969346,2.881872128639786,,,,,CHEMBL237_EC50
99182118,mondrian_pairgap,cliffB_oracle,noncliff,176,156,0.8863636363636364,0.8309983852347526,0.9252232384765796,2.9884234661161275,,,,,CHEMBL237_EC50
99182118,mondrian_pairgap,cliffA,all,191,169,0.8848167539267016,0.8317663752303182,0.9226931781406049,2.9800555600315977,,,,,CHEMBL237_EC50
99182118,mondrian_pairgap,cliffA,cliff,25,21,0.84,0.6534637839282114,0.9359654854332355,2.8539721615236058,,,,,CHEMBL237_EC50
99182118,mondrian_pairgap,cliffA,noncliff,166,148,0.891566265060241,0.8351173981595413,0.9303023109189367,2.9990440236623193,,,,,CHEMBL237_EC50
99182118,mondrian_pairgap,__bins__,__summary__,-1,-1,,,,2.9800555600315977,0.8181818181818182,0.18181818181818177,0.7916666666666666,0.20833333333333337,CHEMBL237_EC50
99182118,mondrian_rfstd,cliffB_oracle,all,191,167,0.8743455497382199,0.8198422167432224,0.9140878249713491,2.8459063517127507,,,,,CHEMBL237_EC50
99182118,mondrian_rfstd,cliffB_oracle,cliff,15,13,0.8666666666666667,0.6211801716767764,0.9626387408969346,2.8459063517127503,,,,,CHEMBL237_EC50
99182118,mondrian_rfstd,cliffB_oracle,noncliff,176,154,0.875,0.8179956290399395,0.9159841822092947,2.8459063517127507,,,,,CHEMBL237_EC50
99182118,mondrian_rfstd,cliffA,all,191,167,0.8743455497382199,0.8198422167432224,0.9140878249713491,2.8459063517127507,,,,,CHEMBL237_EC50
99182118,mondrian_rfstd,cliffA,cliff,25,22,0.88,0.7004420607907267,0.9583318284955964,2.8459063517127516,,,,,CHEMBL237_EC50
99182118,mondrian_rfstd,cliffA,noncliff,166,145,0.8734939759036144,0.8143443230120763,0.9157483225704718,2.8459063517127507,,,,,CHEMBL237_EC50
99182118,mondrian_rfstd,__bins__,__summary__,-1,-1,,,,2.8459063517127507,0.7878787878787878,0.21212121212121215,0.75,0.25,CHEMBL237_EC50
89709943,global,cliffB_oracle,all,191,169,0.8848167539267016,0.8317663752303182,0.9226931781406049,2.7088497511199976,,,,,CHEMBL237_EC50
89709943,global,cliffB_oracle,cliff,13,7,0.5384615384615384,0.29143795714506004,0.7679393219046169,2.708849751119997,,,,,CHEMBL237_EC50
89709943,global,cliffB_oracle,noncliff,178,162,0.9101123595505618,0.8589835887106491,0.9439136215672567,2.7088497511199976,,,,,CHEMBL237_EC50
89709943,global,cliffA,all,191,169,0.8848167539267016,0.8317663752303182,0.9226931781406049,2.7088497511199976,,,,,CHEMBL237_EC50
89709943,global,cliffA,cliff,22,14,0.6363636363636364,0.42951708090131013,0.8026679532963387,2.7088497511199976,,,,,CHEMBL237_EC50
89709943,global,cliffA,noncliff,169,155,0.9171597633136095,0.8657623508425966,0.9500141472386511,2.7088497511199976,,,,,CHEMBL237_EC50
89709943,global,__bins__,__summary__,-1,-1,,,,2.7088497511199976,0.75,0.25,0.7083333333333334,0.29166666666666663,CHEMBL237_EC50
89709943,mondrian_pair,cliffB_oracle,all,191,174,0.9109947643979057,0.8620960305820348,0.9436873019297675,2.877826944359752,,,,,CHEMBL237_EC50
89709943,mondrian_pair,cliffB_oracle,cliff,13,7,0.5384615384615384,0.29143795714506004,0.7679393219046169,2.7585030494412175,,,,,CHEMBL237_EC50
89709943,mondrian_pair,cliffB_oracle,noncliff,178,167,0.9382022471910112,0.8927440421782473,0.965146127707734,2.886541610842566,,,,,CHEMBL237_EC50
89709943,mondrian_pair,cliffA,all,191,174,0.9109947643979057,0.8620960305820348,0.9436873019297675,2.877826944359752,,,,,CHEMBL237_EC50
89709943,mondrian_pair,cliffA,cliff,22,14,0.6363636363636364,0.42951708090131013,0.8026679532963387,2.7381903364916274,,,,,CHEMBL237_EC50
89709943,mondrian_pair,cliffA,noncliff,169,160,0.9467455621301775,0.9019001343859231,0.9717328529209447,2.8960044909461353,,,,,CHEMBL237_EC50
89709943,mondrian_pair,__bins__,__summary__,-1,-1,,,,2.877826944359752,0.7727272727272727,0.2272727272727273,0.75,0.25,CHEMBL237_EC50
89709943,mondrian_wstd,cliffB_oracle,all,191,173,0.9057591623036649,0.855962991515278,0.9395555851683486,2.8404400905938756,,,,,CHEMBL237_EC50
89709943,mondrian_wstd,cliffB_oracle,cliff,13,8,0.6153846153846154,0.355228915126657,0.8229029220223743,2.915996082214865,,,,,CHEMBL237_EC50
89709943,mondrian_wstd,cliffB_oracle,noncliff,178,165,0.9269662921348315,0.8790680113530186,0.9568249746897327,2.834921956374365,,,,,CHEMBL237_EC50
89709943,mondrian_wstd,cliffA,all,191,173,0.9057591623036649,0.855962991515278,0.9395555851683486,2.8404400905938756,,,,,CHEMBL237_EC50
89709943,mondrian_wstd,cliffA,cliff,22,15,0.6818181818181818,0.47318597741042745,0.8363940681864375,2.8312544013124192,,,,,CHEMBL237_EC50
89709943,mondrian_wstd,cliffA,noncliff,169,158,0.9349112426035503,0.8872202952874729,0.9632700963291468,2.841635860796195,,,,,CHEMBL237_EC50
89709943,mondrian_wstd,__bins__,__summary__,-1,-1,,,,2.8404400905938756,0.7727272727272727,0.2272727272727273,0.7916666666666666,0.20833333333333337,CHEMBL237_EC50
89709943,mondrian_std,cliffB_oracle,all,191,173,0.9057591623036649,0.855962991515278,0.9395555851683486,2.854539055537505,,,,,CHEMBL237_EC50
89709943,mondrian_std,cliffB_oracle,cliff,13,8,0.6153846153846154,0.355228915126657,0.8229029220223743,2.9850448592464875,,,,,CHEMBL237_EC50
89709943,mondrian_std,cliffB_oracle,noncliff,178,165,0.9269662921348315,0.8790680113530186,0.9568249746897327,2.845007732794714,,,,,CHEMBL237_EC50
89709943,mondrian_std,cliffA,all,191,173,0.9057591623036649,0.855962991515278,0.9395555851683486,2.854539055537505,,,,,CHEMBL237_EC50
89709943,mondrian_std,cliffA,cliff,22,15,0.6818181818181818,0.47318597741042745,0.8363940681864375,2.9128575014407003,,,,,CHEMBL237_EC50
89709943,mondrian_std,cliffA,noncliff,169,158,0.9349112426035503,0.8872202952874729,0.9632700963291468,2.846947305183243,,,,,CHEMBL237_EC50
89709943,mondrian_std,__bins__,__summary__,-1,-1,,,,2.854539055537505,0.7727272727272727,0.2272727272727273,0.7916666666666666,0.20833333333333337,CHEMBL237_EC50
89709943,mondrian_iqr,cliffB_oracle,all,191,172,0.900523560209424,0.8498657435144613,0.9353880773409892,2.806448053989528,,,,,CHEMBL237_EC50
89709943,mondrian_iqr,cliffB_oracle,cliff,13,8,0.6153846153846154,0.355228915126657,0.8229029220223743,2.8112743436918675,,,,,CHEMBL237_EC50
89709943,mondrian_iqr,cliffB_oracle,noncliff,178,164,0.9213483146067416,0.8723212857134466,0.9525731084076894,2.806095572157335,,,,,CHEMBL237_EC50
89709943,mondrian_iqr,cliffA,all,191,172,0.900523560209424,0.8498657435144613,0.9353880773409892,2.806448053989528,,,,,CHEMBL237_EC50
89709943,mondrian_iqr,cliffA,cliff,22,15,0.6818181818181818,0.47318597741042745,0.8363940681864375,2.78450427972422,,,,,CHEMBL237_EC50
89709943,mondrian_iqr,cliffA,noncliff,169,157,0.9289940828402367,0.8800009497170941,0.9589181440544016,2.8093046399885626,,,,,CHEMBL237_EC50
89709943,mondrian_iqr,__bins__,__summary__,-1,-1,,,,2.806448053989528,0.7727272727272727,0.2272727272727273,0.7916666666666666,0.20833333333333337,CHEMBL237_EC50
89709943,mondrian_nb,cliffB_oracle,all,191,177,0.9267015706806283,0.8807390084025406,0.9558385915937893,2.99485576324199,,,,,CHEMBL237_EC50
89709943,mondrian_nb,cliffB_oracle,cliff,13,12,0.9230769230769231,0.6668604907890041,0.9862895787574435,3.4810952155901713,,,,,CHEMBL237_EC50
89709943,mondrian_nb,cliffB_oracle,noncliff,178,165,0.9269662921348315,0.8790680113530186,0.9568249746897327,2.959343893126673,,,,,CHEMBL237_EC50
89709943,mondrian_nb,cliffA,all,191,177,0.9267015706806283,0.8807390084025406,0.9558385915937893,2.99485576324199,,,,,CHEMBL237_EC50
89709943,mondrian_nb,cliffA,cliff,22,20,0.9090909090909091,0.7218505315839417,0.9747045710090046,3.644677026954058,,,,,CHEMBL237_EC50
89709943,mondrian_nb,cliffA,noncliff,169,157,0.9289940828402367,0.8800009497170941,0.9589181440544016,2.910263646072371,,,,,CHEMBL237_EC50
89709943,mondrian_nb,__bins__,__summary__,-1,-1,,,,2.99485576324199,0.78125,0.21875,0.7083333333333334,0.29166666666666663,CHEMBL237_EC50
89709943,mondrian_nnsim,cliffB_oracle,all,191,167,0.8743455497382199,0.8198422167432224,0.9140878249713491,2.674193909941304,,,,,CHEMBL237_EC50
89709943,mondrian_nnsim,cliffB_oracle,cliff,13,7,0.5384615384615384,0.29143795714506004,0.7679393219046169,2.6561765495407097,,,,,CHEMBL237_EC50
89709943,mondrian_nnsim,cliffB_oracle,noncliff,178,160,0.898876404494382,0.8458266431231084,0.9350733833115671,2.6755097845773026,,,,,CHEMBL237_EC50
89709943,mondrian_nnsim,cliffA,all,191,167,0.8743455497382199,0.8198422167432224,0.9140878249713491,2.674193909941304,,,,,CHEMBL237_EC50
89709943,mondrian_nnsim,cliffA,cliff,22,14,0.6363636363636364,0.42951708090131013,0.8026679532963387,2.6569746283525166,,,,,CHEMBL237_EC50
89709943,mondrian_nnsim,cliffA,noncliff,169,153,0.9053254437869822,0.8517511043727338,0.9408827980182656,2.6764354732250513,,,,,CHEMBL237_EC50
89709943,mondrian_nnsim,__bins__,__summary__,-1,-1,,,,2.674193909941304,0.6875,0.3125,0.6666666666666666,0.33333333333333337,CHEMBL237_EC50
89709943,mondrian_pairgap,cliffB_oracle,all,191,171,0.8952879581151832,0.8438019153781149,0.9311871496491599,2.7796970421488356,,,,,CHEMBL237_EC50
89709943,mondrian_pairgap,cliffB_oracle,cliff,13,7,0.5384615384615384,0.29143795714506004,0.7679393219046169,2.7309967766298304,,,,,CHEMBL237_EC50
89709943,mondrian_pairgap,cliffB_oracle,noncliff,178,164,0.9213483146067416,0.8723212857134466,0.9525731084076894,2.7832538031137073,,,,,CHEMBL237_EC50
89709943,mondrian_pairgap,cliffA,all,191,171,0.8952879581151832,0.8438019153781149,0.9311871496491599,2.7796970421488356,,,,,CHEMBL237_EC50
89709943,mondrian_pairgap,cliffA,cliff,22,14,0.6363636363636364,0.42951708090131013,0.8026679532963387,2.7219366298303536,,,,,CHEMBL237_EC50
89709943,mondrian_pairgap,cliffA,noncliff,169,157,0.9289940828402367,0.8800009497170941,0.9589181440544016,2.787216149077869,,,,,CHEMBL237_EC50
89709943,mondrian_pairgap,__bins__,__summary__,-1,-1,,,,2.7796970421488356,0.7727272727272727,0.2272727272727273,0.75,0.25,CHEMBL237_EC50
89709943,mondrian_rfstd,cliffB_oracle,all,191,169,0.8848167539267016,0.8317663752303182,0.9226931781406049,2.7088497511199976,,,,,CHEMBL237_EC50
89709943,mondrian_rfstd,cliffB_oracle,cliff,13,7,0.5384615384615384,0.29143795714506004,0.7679393219046169,2.708849751119997,,,,,CHEMBL237_EC50
89709943,mondrian_rfstd,cliffB_oracle,noncliff,178,162,0.9101123595505618,0.8589835887106491,0.9439136215672567,2.7088497511199976,,,,,CHEMBL237_EC50
89709943,mondrian_rfstd,cliffA,all,191,169,0.8848167539267016,0.8317663752303182,0.9226931781406049,2.7088497511199976,,,,,CHEMBL237_EC50
89709943,mondrian_rfstd,cliffA,cliff,22,14,0.6363636363636364,0.42951708090131013,0.8026679532963387,2.7088497511199976,,,,,CHEMBL237_EC50
89709943,mondrian_rfstd,cliffA,noncliff,169,155,0.9171597633136095,0.8657623508425966,0.9500141472386511,2.7088497511199976,,,,,CHEMBL237_EC50
89709943,mondrian_rfstd,__bins__,__summary__,-1,-1,,,,2.7088497511199976,0.75,0.25,0.7083333333333334,0.29166666666666663,CHEMBL237_EC50
86921808,global,cliffB_oracle,all,191,184,0.9633507853403142,0.9262951642198484,0.9821357265737122,3.108092939121925,,,,,CHEMBL237_EC50
86921808,global,cliffB_oracle,cliff,11,10,0.9090909090909091,0.6226415635484043,0.9837678271141151,3.1080929391219243,,,,,CHEMBL237_EC50
86921808,global,cliffB_oracle,noncliff,180,174,0.9666666666666667,0.9291956595913273,0.9846352090151671,3.1080929391219247,,,,,CHEMBL237_EC50
86921808,global,cliffA,all,191,184,0.9633507853403142,0.9262951642198484,0.9821357265737122,3.108092939121925,,,,,CHEMBL237_EC50
86921808,global,cliffA,cliff,19,18,0.9473684210526315,0.753612688331012,0.9906480059376995,3.1080929391219243,,,,,CHEMBL237_EC50
86921808,global,cliffA,noncliff,172,166,0.9651162790697675,0.9259943246050782,0.9839162338779036,3.1080929391219243,,,,,CHEMBL237_EC50
86921808,global,__bins__,__summary__,-1,-1,,,,3.108092939121925,0.9130434782608695,0.08695652173913049,0.9166666666666666,0.08333333333333337,CHEMBL237_EC50
86921808,mondrian_pair,cliffB_oracle,all,191,186,0.9738219895287958,0.9401927787364796,0.9887676237134327,3.316560121339554,,,,,CHEMBL237_EC50
86921808,mondrian_pair,cliffB_oracle,cliff,11,10,0.9090909090909091,0.6226415635484043,0.9837678271141151,3.520469332944829,,,,,CHEMBL237_EC50
86921808,mondrian_pair,cliffB_oracle,noncliff,180,176,0.9777777777777777,0.944263669857449,0.9913250765730094,3.3040990028525643,,,,,CHEMBL237_EC50
86921808,mondrian_pair,cliffA,all,191,186,0.9738219895287958,0.9401927787364796,0.9887676237134327,3.316560121339554,,,,,CHEMBL237_EC50
86921808,mondrian_pair,cliffA,cliff,19,18,0.9473684210526315,0.753612688331012,0.9906480059376995,3.4794728493484004,,,,,CHEMBL237_EC50
86921808,mondrian_pair,cliffA,noncliff,172,168,0.9767441860465116,0.9417383577094536,0.9909199647356026,3.298563947896716,,,,,CHEMBL237_EC50
86921808,mondrian_pair,__bins__,__summary__,-1,-1,,,,3.316560121339554,0.9130434782608695,0.08695652173913049,0.9583333333333334,0.04166666666666663,CHEMBL237_EC50
86921808,mondrian_wstd,cliffB_oracle,all,191,186,0.9738219895287958,0.9401927787364796,0.9887676237134327,3.252702046789858,,,,,CHEMBL237_EC50
86921808,mondrian_wstd,cliffB_oracle,cliff,11,10,0.9090909090909091,0.6226415635484043,0.9837678271141151,3.275488936482986,,,,,CHEMBL237_EC50
86921808,mondrian_wstd,cliffB_oracle,noncliff,180,176,0.9777777777777777,0.944263669857449,0.9913250765730094,3.251309514641944,,,,,CHEMBL237_EC50
86921808,mondrian_wstd,cliffA,all,191,186,0.9738219895287958,0.9401927787364796,0.9887676237134327,3.252702046789858,,,,,CHEMBL237_EC50
86921808,mondrian_wstd,cliffA,cliff,19,18,0.9473684210526315,0.753612688331012,0.9906480059376995,3.2050064112783283,,,,,CHEMBL237_EC50
86921808,mondrian_wstd,cliffA,noncliff,172,168,0.9767441860465116,0.9417383577094536,0.9909199647356026,3.2579707507126425,,,,,CHEMBL237_EC50
86921808,mondrian_wstd,__bins__,__summary__,-1,-1,,,,3.252702046789858,0.9130434782608695,0.08695652173913049,0.9583333333333334,0.04166666666666663,CHEMBL237_EC50
86921808,mondrian_std,cliffB_oracle,all,191,186,0.9738219895287958,0.9401927787364796,0.9887676237134327,3.267162957556651,,,,,CHEMBL237_EC50
86921808,mondrian_std,cliffB_oracle,cliff,11,10,0.9090909090909091,0.6226415635484043,0.9837678271141151,3.275488936482986,,,,,CHEMBL237_EC50
86921808,mondrian_std,cliffB_oracle,noncliff,180,176,0.9777777777777777,0.944263669857449,0.9913250765730094,3.2666541477333744,,,,,CHEMBL237_EC50
86921808,mondrian_std,cliffA,all,191,186,0.9738219895287958,0.9401927787364796,0.9887676237134327,3.267162957556651,,,,,CHEMBL237_EC50
86921808,mondrian_std,cliffA,cliff,19,18,0.9473684210526315,0.753612688331012,0.9906480059376995,3.2534631473565305,,,,,CHEMBL237_EC50
86921808,mondrian_std,cliffA,noncliff,172,168,0.9767441860465116,0.9417383577094536,0.9909199647356026,3.2686763086834087,,,,,CHEMBL237_EC50
86921808,mondrian_std,__bins__,__summary__,-1,-1,,,,3.267162957556651,0.9130434782608695,0.08695652173913049,0.9583333333333334,0.04166666666666663,CHEMBL237_EC50
86921808,mondrian_iqr,cliffB_oracle,all,191,185,0.9685863874345549,0.9331707287133241,0.9855249179084121,3.221425162999773,,,,,CHEMBL237_EC50
86921808,mondrian_iqr,cliffB_oracle,cliff,11,10,0.9090909090909091,0.6226415635484043,0.9837678271141151,3.21948121404818,,,,,CHEMBL237_EC50
86921808,mondrian_iqr,cliffB_oracle,noncliff,180,175,0.9722222222222222,0.936631929551566,0.9880778779669105,3.2215439598801483,,,,,CHEMBL237_EC50
86921808,mondrian_iqr,cliffA,all,191,185,0.9685863874345549,0.9331707287133241,0.9855249179084121,3.221425162999773,,,,,CHEMBL237_EC50
86921808,mondrian_iqr,cliffA,cliff,19,18,0.9473684210526315,0.753612688331012,0.9906480059376995,3.194076870643946,,,,,CHEMBL237_EC50
86921808,mondrian_iqr,cliffA,noncliff,172,167,0.9709302325581395,0.9337638912657986,0.9875205491982202,3.2244461952948935,,,,,CHEMBL237_EC50
86921808,mondrian_iqr,__bins__,__summary__,-1,-1,,,,3.221425162999773,0.9130434782608695,0.08695652173913049,0.9166666666666666,0.08333333333333337,CHEMBL237_EC50
86921808,mondrian_nb,cliffB_oracle,all,191,186,0.9738219895287958,0.9401927787364796,0.9887676237134327,3.3359276229189474,,,,,CHEMBL237_EC50
86921808,mondrian_nb,cliffB_oracle,cliff,11,10,0.9090909090909091,0.6226415635484043,0.9837678271141151,3.5645589314844908,,,,,CHEMBL237_EC50
86921808,mondrian_nb,cliffB_oracle,noncliff,180,176,0.9777777777777777,0.944263669857449,0.9913250765730094,3.3219557096177197,,,,,CHEMBL237_EC50
86921808,mondrian_nb,cliffA,all,191,186,0.9738219895287958,0.9401927787364796,0.9887676237134327,3.3359276229189474,,,,,CHEMBL237_EC50
86921808,mondrian_nb,cliffA,cliff,19,18,0.9473684210526315,0.753612688331012,0.9906480059376995,3.548542580875277,,,,,CHEMBL237_EC50
86921808,mondrian_nb,cliffA,noncliff,172,168,0.9767441860465116,0.9417383577094536,0.9909199647356026,3.3124410868656318,,,,,CHEMBL237_EC50
86921808,mondrian_nb,__bins__,__summary__,-1,-1,,,,3.3359276229189474,0.9130434782608695,0.08695652173913049,0.9583333333333334,0.04166666666666663,CHEMBL237_EC50
86921808,mondrian_nnsim,cliffB_oracle,all,191,184,0.9633507853403142,0.9262951642198484,0.9821357265737122,3.170104910677729,,,,,CHEMBL237_EC50
86921808,mondrian_nnsim,cliffB_oracle,cliff,11,10,0.9090909090909091,0.6226415635484043,0.9837678271141151,3.2937400639990173,,,,,CHEMBL237_EC50
86921808,mondrian_nnsim,cliffB_oracle,noncliff,180,174,0.9666666666666667,0.9291956595913273,0.9846352090151671,3.162549429085872,,,,,CHEMBL237_EC50
86921808,mondrian_nnsim,cliffA,all,191,184,0.9633507853403142,0.9262951642198484,0.9821357265737122,3.170104910677729,,,,,CHEMBL237_EC50
86921808,mondrian_nnsim,cliffA,cliff,19,18,0.9473684210526315,0.753612688331012,0.9906480059376995,3.237068836404957,,,,,CHEMBL237_EC50
86921808,mondrian_nnsim,cliffA,noncliff,172,166,0.9651162790697675,0.9259943246050782,0.9839162338779036,3.1627077328357673,,,,,CHEMBL237_EC50
86921808,mondrian_nnsim,__bins__,__summary__,-1,-1,,,,3.170104910677729,0.9130434782608695,0.08695652173913049,0.9166666666666666,0.08333333333333337,CHEMBL237_EC50
86921808,mondrian_pairgap,cliffB_oracle,all,191,184,0.9633507853403142,0.9262951642198484,0.9821357265737122,3.1311771168747042,,,,,CHEMBL237_EC50
86921808,mondrian_pairgap,cliffB_oracle,cliff,11,10,0.9090909090909091,0.6226415635484043,0.9837678271141151,3.1172026043094876,,,,,CHEMBL237_EC50
86921808,mondrian_pairgap,cliffB_oracle,noncliff,180,174,0.9666666666666667,0.9291956595913273,0.9846352090151671,3.132031114864801,,,,,CHEMBL237_EC50
86921808,mondrian_pairgap,cliffA,all,191,184,0.9633507853403142,0.9262951642198484,0.9821357265737122,3.1311771168747042,,,,,CHEMBL237_EC50
86921808,mondrian_pairgap,cliffA,cliff,19,18,0.9473684210526315,0.753612688331012,0.9906480059376995,3.1212779808407665,,,,,CHEMBL237_EC50
86921808,mondrian_pairgap,cliffA,noncliff,172,166,0.9651162790697675,0.9259943246050782,0.9839162338779036,3.1322706260877546,,,,,CHEMBL237_EC50
86921808,mondrian_pairgap,__bins__,__summary__,-1,-1,,,,3.1311771168747042,0.9130434782608695,0.08695652173913049,0.9166666666666666,0.08333333333333337,CHEMBL237_EC50
86921808,mondrian_rfstd,cliffB_oracle,all,191,184,0.9633507853403142,0.9262951642198484,0.9821357265737122,3.108092939121925,,,,,CHEMBL237_EC50
86921808,mondrian_rfstd,cliffB_oracle,cliff,11,10,0.9090909090909091,0.6226415635484043,0.9837678271141151,3.1080929391219243,,,,,CHEMBL237_EC50
86921808,mondrian_rfstd,cliffB_oracle,noncliff,180,174,0.9666666666666667,0.9291956595913273,0.9846352090151671,3.1080929391219247,,,,,CHEMBL237_EC50
86921808,mondrian_rfstd,cliffA,all,191,184,0.9633507853403142,0.9262951642198484,0.9821357265737122,3.108092939121925,,,,,CHEMBL237_EC50
86921808,mondrian_rfstd,cliffA,cliff,19,18,0.9473684210526315,0.753612688331012,0.9906480059376995,3.1080929391219243,,,,,CHEMBL237_EC50
86921808,mondrian_rfstd,cliffA,noncliff,172,166,0.9651162790697675,0.9259943246050782,0.9839162338779036,3.1080929391219243,,,,,CHEMBL237_EC50
86921808,mondrian_rfstd,__bins__,__summary__,-1,-1,,,,3.108092939121925,0.9130434782608695,0.08695652173913049,0.9166666666666666,0.08333333333333337,CHEMBL237_EC50
89165191,global,cliffB_oracle,all,191,162,0.8481675392670157,0.7904493146725555,0.8921569479011369,2.7064383687026736,,,,,CHEMBL237_EC50
89165191,global,cliffB_oracle,cliff,14,10,0.7142857142857143,0.4535091567010681,0.8827862135542308,2.706438368702674,,,,,CHEMBL237_EC50
89165191,global,cliffB_oracle,noncliff,177,152,0.8587570621468926,0.799807879636446,0.9024647122138642,2.706438368702674,,,,,CHEMBL237_EC50
89165191,global,cliffA,all,191,162,0.8481675392670157,0.7904493146725555,0.8921569479011369,2.7064383687026736,,,,,CHEMBL237_EC50
89165191,global,cliffA,cliff,27,22,0.8148148148148148,0.6330131638145156,0.9181929285702346,2.7064383687026745,,,,,CHEMBL237_EC50
89165191,global,cliffA,noncliff,164,140,0.8536585365853658,0.7914832967850948,0.899645109837749,2.7064383687026736,,,,,CHEMBL237_EC50
89165191,global,__bins__,__summary__,-1,-1,,,,2.7064383687026736,0.7096774193548387,0.24684431977559607,0.7083333333333334,0.29166666666666663,CHEMBL237_EC50
89165191,mondrian_pair,cliffB_oracle,all,191,162,0.8481675392670157,0.7904493146725555,0.8921569479011369,2.736042014299407,,,,,CHEMBL237_EC50
89165191,mondrian_pair,cliffB_oracle,cliff,14,9,0.6428571428571429,0.38764423103907397,0.8365526824644587,2.7967098988843633,,,,,CHEMBL237_EC50
89165191,mondrian_pair,cliffB_oracle,noncliff,177,153,0.864406779661017,0.8061718284184224,0.9071601743271683,2.731243424558223,,,,,CHEMBL237_EC50
89165191,mondrian_pair,cliffA,all,191,162,0.8481675392670157,0.7904493146725555,0.8921569479011369,2.736042014299407,,,,,CHEMBL237_EC50
89165191,mondrian_pair,cliffA,cliff,27,21,0.7777777777777778,0.5924307113336742,0.8939276054763996,2.8019365862798207,,,,,CHEMBL237_EC50
89165191,mondrian_pair,cliffA,noncliff,164,141,0.8597560975609756,0.7983483332060332,0.9046960804275493,2.7251935176928748,,,,,CHEMBL237_EC50
89165191,mondrian_pair,__bins__,__summary__,-1,-1,,,,2.736042014299407,0.6774193548387096,0.2791023842917252,0.6666666666666666,0.33333333333333337,CHEMBL237_EC50
89165191,mondrian_wstd,cliffB_oracle,all,191,162,0.8481675392670157,0.7904493146725555,0.8921569479011369,2.7064383687026736,,,,,CHEMBL237_EC50
89165191,mondrian_wstd,cliffB_oracle,cliff,14,10,0.7142857142857143,0.4535091567010681,0.8827862135542308,2.706438368702674,,,,,CHEMBL237_EC50
89165191,mondrian_wstd,cliffB_oracle,noncliff,177,152,0.8587570621468926,0.799807879636446,0.9024647122138642,2.706438368702674,,,,,CHEMBL237_EC50
89165191,mondrian_wstd,cliffA,all,191,162,0.8481675392670157,0.7904493146725555,0.8921569479011369,2.7064383687026736,,,,,CHEMBL237_EC50
89165191,mondrian_wstd,cliffA,cliff,27,22,0.8148148148148148,0.6330131638145156,0.9181929285702346,2.7064383687026745,,,,,CHEMBL237_EC50
89165191,mondrian_wstd,cliffA,noncliff,164,140,0.8536585365853658,0.7914832967850948,0.899645109837749,2.7064383687026736,,,,,CHEMBL237_EC50
89165191,mondrian_wstd,__bins__,__summary__,-1,-1,,,,2.7064383687026736,0.7096774193548387,0.24684431977559607,0.7083333333333334,0.29166666666666663,CHEMBL237_EC50
89165191,mondrian_std,cliffB_oracle,all,191,162,0.8481675392670157,0.7904493146725555,0.8921569479011369,2.7064383687026736,,,,,CHEMBL237_EC50
89165191,mondrian_std,cliffB_oracle,cliff,14,10,0.7142857142857143,0.4535091567010681,0.8827862135542308,2.706438368702674,,,,,CHEMBL237_EC50
89165191,mondrian_std,cliffB_oracle,noncliff,177,152,0.8587570621468926,0.799807879636446,0.9024647122138642,2.706438368702674,,,,,CHEMBL237_EC50
89165191,mondrian_std,cliffA,all,191,162,0.8481675392670157,0.7904493146725555,0.8921569479011369,2.7064383687026736,,,,,CHEMBL237_EC50
89165191,mondrian_std,cliffA,cliff,27,22,0.8148148148148148,0.6330131638145156,0.9181929285702346,2.7064383687026745,,,,,CHEMBL237_EC50
89165191,mondrian_std,cliffA,noncliff,164,140,0.8536585365853658,0.7914832967850948,0.899645109837749,2.7064383687026736,,,,,CHEMBL237_EC50
89165191,mondrian_std,__bins__,__summary__,-1,-1,,,,2.7064383687026736,0.7096774193548387,0.24684431977559607,0.7083333333333334,0.29166666666666663,CHEMBL237_EC50
89165191,mondrian_iqr,cliffB_oracle,all,191,170,0.8900523560209425,0.8377694128413457,0.9269548963577535,2.878237869533043,,,,,CHEMBL237_EC50
89165191,mondrian_iqr,cliffB_oracle,cliff,14,11,0.7857142857142857,0.524107694133997,0.9242861328730683,2.8653425074852437,,,,,CHEMBL237_EC50
89165191,mondrian_iqr,cliffB_oracle,noncliff,177,159,0.8983050847457628,0.8449875724985922,0.9347008956186813,2.879257841672418,,,,,CHEMBL237_EC50
89165191,mondrian_iqr,cliffA,all,191,170,0.8900523560209425,0.8377694128413457,0.9269548963577535,2.878237869533043,,,,,CHEMBL237_EC50
89165191,mondrian_iqr,cliffA,cliff,27,23,0.8518518518518519,0.6752131457218702,0.9408407222375568,2.7888331073306736,,,,,CHEMBL237_EC50
89165191,mondrian_iqr,cliffA,noncliff,164,147,0.8963414634146342,0.8402719638865523,0.9342684918114623,2.8929569462370925,,,,,CHEMBL237_EC50
89165191,mondrian_iqr,__bins__,__summary__,-1,-1,,,,2.878237869533043,0.8260869565217391,0.17391304347826086,0.8260869565217391,0.17391304347826086,CHEMBL237_EC50
89165191,mondrian_nb,cliffB_oracle,all,191,162,0.8481675392670157,0.7904493146725555,0.8921569479011369,2.762217796714984,,,,,CHEMBL237_EC50
89165191,mondrian_nb,cliffB_oracle,cliff,14,10,0.7142857142857143,0.4535091567010681,0.8827862135542308,2.8281968915638305,,,,,CHEMBL237_EC50
89165191,mondrian_nb,cliffB_oracle,noncliff,177,152,0.8587570621468926,0.799807879636446,0.9024647122138642,2.7569991112467136,,,,,CHEMBL237_EC50
89165191,mondrian_nb,cliffA,all,191,162,0.8481675392670157,0.7904493146725555,0.8921569479011369,2.762217796714984,,,,,CHEMBL237_EC50
89165191,mondrian_nb,cliffA,cliff,27,22,0.8148148148148148,0.6330131638145156,0.9181929285702346,2.832706466484613,,,,,CHEMBL237_EC50
89165191,mondrian_nb,cliffA,noncliff,164,140,0.8536585365853658,0.7914832967850948,0.899645109837749,2.750612954740715,,,,,CHEMBL237_EC50
89165191,mondrian_nb,__bins__,__summary__,-1,-1,,,,2.762217796714984,0.7096774193548387,0.24684431977559607,0.7083333333333334,0.29166666666666663,CHEMBL237_EC50
89165191,mondrian_nnsim,cliffB_oracle,all,191,162,0.8481675392670157,0.7904493146725555,0.8921569479011369,2.7064383687026736,,,,,CHEMBL237_EC50
89165191,mondrian_nnsim,cliffB_oracle,cliff,14,10,0.7142857142857143,0.4535091567010681,0.8827862135542308,2.706438368702674,,,,,CHEMBL237_EC50
89165191,mondrian_nnsim,cliffB_oracle,noncliff,177,152,0.8587570621468926,0.799807879636446,0.9024647122138642,2.706438368702674,,,,,CHEMBL237_EC50
89165191,mondrian_nnsim,cliffA,all,191,162,0.8481675392670157,0.7904493146725555,0.8921569479011369,2.7064383687026736,,,,,CHEMBL237_EC50
89165191,mondrian_nnsim,cliffA,cliff,27,22,0.8148148148148148,0.6330131638145156,0.9181929285702346,2.7064383687026745,,,,,CHEMBL237_EC50
89165191,mondrian_nnsim,cliffA,noncliff,164,140,0.8536585365853658,0.7914832967850948,0.899645109837749,2.7064383687026736,,,,,CHEMBL237_EC50
89165191,mondrian_nnsim,__bins__,__summary__,-1,-1,,,,2.7064383687026736,0.7096774193548387,0.24684431977559607,0.7083333333333334,0.29166666666666663,CHEMBL237_EC50
89165191,mondrian_pairgap,cliffB_oracle,all,191,162,0.8481675392670157,0.7904493146725555,0.8921569479011369,2.747140811334193,,,,,CHEMBL237_EC50
89165191,mondrian_pairgap,cliffB_oracle,cliff,14,10,0.7142857142857143,0.4535091567010681,0.8827862135542308,2.813814264082837,,,,,CHEMBL237_EC50
89165191,mondrian_pairgap,cliffB_oracle,noncliff,177,152,0.8587570621468926,0.799807879636446,0.9024647122138642,2.7418672049020976,,,,,CHEMBL237_EC50
89165191,mondrian_pairgap,cliffA,all,191,162,0.8481675392670157,0.7904493146725555,0.8921569479011369,2.747140811334193,,,,,CHEMBL237_EC50
89165191,mondrian_pairgap,cliffA,cliff,27,22,0.8148148148148148,0.6330131638145156,0.9181929285702346,2.8175017508185687,,,,,CHEMBL237_EC50
89165191,mondrian_pairgap,cliffA,noncliff,164,140,0.8536585365853658,0.7914832967850948,0.899645109837749,2.7355569981264,,,,,CHEMBL237_EC50
89165191,mondrian_pairgap,__bins__,__summary__,-1,-1,,,,2.747140811334193,0.7096774193548387,0.24684431977559607,0.7083333333333334,0.29166666666666663,CHEMBL237_EC50
89165191,mondrian_rfstd,cliffB_oracle,all,191,162,0.8481675392670157,0.7904493146725555,0.8921569479011369,2.7064383687026736,,,,,CHEMBL237_EC50
89165191,mondrian_rfstd,cliffB_oracle,cliff,14,10,0.7142857142857143,0.4535091567010681,0.8827862135542308,2.706438368702674,,,,,CHEMBL237_EC50
89165191,mondrian_rfstd,cliffB_oracle,noncliff,177,152,0.8587570621468926,0.799807879636446,0.9024647122138642,2.706438368702674,,,,,CHEMBL237_EC50
89165191,mondrian_rfstd,cliffA,all,191,162,0.8481675392670157,0.7904493146725555,0.8921569479011369,2.7064383687026736,,,,,CHEMBL237_EC50
89165191,mondrian_rfstd,cliffA,cliff,27,22,0.8148148148148148,0.6330131638145156,0.9181929285702346,2.7064383687026745,,,,,CHEMBL237_EC50
89165191,mondrian_rfstd,cliffA,noncliff,164,140,0.8536585365853658,0.7914832967850948,0.899645109837749,2.7064383687026736,,,,,CHEMBL237_EC50
89165191,mondrian_rfstd,__bins__,__summary__,-1,-1,,,,2.7064383687026736,0.7096774193548387,0.24684431977559607,0.7083333333333334,0.29166666666666663,CHEMBL237_EC50
71339737,global,cliffB_oracle,all,225,212,0.9422222222222222,0.9036707428297666,0.9659269298363737,2.2241301063239036,,,,,CHEMBL3979_EC50
71339737,global,cliffB_oracle,cliff,8,7,0.875,0.5291118177871464,0.9775825085499433,2.224130106323903,,,,,CHEMBL3979_EC50
71339737,global,cliffB_oracle,noncliff,217,205,0.9447004608294931,0.9058433755293569,0.9680867326606131,2.2241301063239036,,,,,CHEMBL3979_EC50
71339737,global,cliffA,all,225,212,0.9422222222222222,0.9036707428297666,0.9659269298363737,2.2241301063239036,,,,,CHEMBL3979_EC50
71339737,global,cliffA,cliff,22,21,0.9545454545454546,0.7820195416134267,0.991930572378736,2.2241301063239036,,,,,CHEMBL3979_EC50
71339737,global,cliffA,noncliff,203,191,0.9408866995073891,0.8995323041542583,0.9658648025020565,2.224130106323903,,,,,CHEMBL3979_EC50
71339737,global,__bins__,__summary__,-1,-1,,,,2.2241301063239036,0.8333333333333334,0.16666666666666663,0.8620689655172413,0.13793103448275867,CHEMBL3979_EC50
71339737,mondrian_pair,cliffB_oracle,all,225,213,0.9466666666666667,0.9091061689267013,0.9692311788416113,2.245890190278195,,,,,CHEMBL3979_EC50
71339737,mondrian_pair,cliffB_oracle,cliff,8,7,0.875,0.5291118177871464,0.9775825085499433,2.234038474222137,,,,,CHEMBL3979_EC50
71339737,mondrian_pair,cliffB_oracle,noncliff,217,206,0.9493087557603687,0.9115241725904408,0.9714622061507205,2.2463271199023813,,,,,CHEMBL3979_EC50
71339737,mondrian_pair,cliffA,all,225,213,0.9466666666666667,0.9091061689267013,0.9692311788416113,2.245890190278195,,,,,CHEMBL3979_EC50
71339737,mondrian_pair,cliffA,cliff,22,21,0.9545454545454546,0.7820195416134267,0.991930572378736,2.2334837340281255,,,,,CHEMBL3979_EC50
71339737,mondrian_pair,cliffA,noncliff,203,192,0.9458128078817734,0.9055897143929976,0.9694766336784715,2.2472347323348525,,,,,CHEMBL3979_EC50
71339737,mondrian_pair,__bins__,__summary__,-1,-1,,,,2.245890190278195,0.8333333333333334,0.16666666666666663,0.8620689655172413,0.13793103448275867,CHEMBL3979_EC50
71339737,mondrian_wstd,cliffB_oracle,all,225,217,0.9644444444444444,0.9314207015809488,0.9818753465960528,2.3632490725807243,,,,,CHEMBL3979_EC50
71339737,mondrian_wstd,cliffB_oracle,cliff,8,7,0.875,0.5291118177871464,0.9775825085499433,2.3130555819142007,,,,,CHEMBL3979_EC50
71339737,mondrian_wstd,cliffB_oracle,noncliff,217,210,0.967741935483871,0.934923452384882,0.984288008561045,2.365099523849536,,,,,CHEMBL3979_EC50
71339737,mondrian_wstd,cliffA,all,225,217,0.9644444444444444,0.9314207015809488,0.9818753465960528,2.3632490725807243,,,,,CHEMBL3979_EC50
71339737,mondrian_wstd,cliffA,cliff,22,21,0.9545454545454546,0.7820195416134267,0.991930572378736,2.3211397160587732,,,,,CHEMBL3979_EC50
71339737,mondrian_wstd,cliffA,noncliff,203,196,0.9655172413793104,0.9305453094303183,0.9831980043017684,2.3678126481643833,,,,,CHEMBL3979_EC50
71339737,mondrian_wstd,__bins__,__summary__,-1,-1,,,,2.3632490725807243,0.9230769230769231,0.07692307692307687,0.9285714285714286,0.0714285714285714,CHEMBL3979_EC50
71339737,mondrian_std,cliffB_oracle,all,225,217,0.9644444444444444,0.9314207015809488,0.9818753465960528,2.3580446291307564,,,,,CHEMBL3979_EC50
71339737,mondrian_std,cliffB_oracle,cliff,8,7,0.875,0.5291118177871464,0.9775825085499433,2.3915232598324696,,,,,CHEMBL3979_EC50
71339737,mondrian_std,cliffB_oracle,noncliff,217,210,0.967741935483871,0.934923452384882,0.984288008561045,2.356810393897513,,,,,CHEMBL3979_EC50
71339737,mondrian_std,cliffA,all,225,217,0.9644444444444444,0.9314207015809488,0.9818753465960528,2.3580446291307564,,,,,CHEMBL3979_EC50
71339737,mondrian_std,cliffA,cliff,22,21,0.9545454545454546,0.7820195416134267,0.991930572378736,2.34587058160286,,,,,CHEMBL3979_EC50
71339737,mondrian_std,cliffA,noncliff,203,196,0.9655172413793104,0.9305453094303183,0.9831980043017684,2.3593639840352574,,,,,CHEMBL3979_EC50
71339737,mondrian_std,__bins__,__summary__,-1,-1,,,,2.3580446291307564,0.9230769230769231,0.07692307692307687,0.9285714285714286,0.0714285714285714,CHEMBL3979_EC50
71339737,mondrian_iqr,cliffB_oracle,all,225,217,0.9644444444444444,0.9314207015809488,0.9818753465960528,2.4569929672524777,,,,,CHEMBL3979_EC50
71339737,mondrian_iqr,cliffB_oracle,cliff,8,7,0.875,0.5291118177871464,0.9775825085499433,2.3020975820812386,,,,,CHEMBL3979_EC50
71339737,mondrian_iqr,cliffB_oracle,noncliff,217,210,0.967741935483871,0.934923452384882,0.984288008561045,2.4627033961988833,,,,,CHEMBL3979_EC50
71339737,mondrian_iqr,cliffA,all,225,217,0.9644444444444444,0.9314207015809488,0.9818753465960528,2.4569929672524777,,,,,CHEMBL3979_EC50
71339737,mondrian_iqr,cliffA,cliff,22,21,0.9545454545454546,0.7820195416134267,0.991930572378736,2.3375373437891187,,,,,CHEMBL3979_EC50
71339737,mondrian_iqr,cliffA,noncliff,203,196,0.9655172413793104,0.9305453094303183,0.9831980043017684,2.4699388968889013,,,,,CHEMBL3979_EC50
71339737,mondrian_iqr,__bins__,__summary__,-1,-1,,,,2.4569929672524777,0.9230769230769231,0.07692307692307687,0.9285714285714286,0.0714285714285714,CHEMBL3979_EC50
71339737,mondrian_nb,cliffB_oracle,all,225,212,0.9422222222222222,0.9036707428297666,0.9659269298363737,2.2078052400374255,,,,,CHEMBL3979_EC50
71339737,mondrian_nb,cliffB_oracle,cliff,8,7,0.875,0.5291118177871464,0.9775825085499433,2.2493957151478137,,,,,CHEMBL3979_EC50
71339737,mondrian_nb,cliffB_oracle,noncliff,217,205,0.9447004608294931,0.9058433755293569,0.9680867326606131,2.206271950632434,,,,,CHEMBL3979_EC50
71339737,mondrian_nb,cliffA,all,225,212,0.9422222222222222,0.9036707428297666,0.9659269298363737,2.2078052400374255,,,,,CHEMBL3979_EC50
71339737,mondrian_nb,cliffA,cliff,22,21,0.9545454545454546,0.7820195416134267,0.991930572378736,2.2649905155042145,,,,,CHEMBL3979_EC50
71339737,mondrian_nb,cliffA,noncliff,203,191,0.9408866995073891,0.8995323041542583,0.9658648025020565,2.201607821021321,,,,,CHEMBL3979_EC50
71339737,mondrian_nb,__bins__,__summary__,-1,-1,,,,2.2078052400374255,0.8333333333333334,0.16666666666666663,0.8620689655172413,0.13793103448275867,CHEMBL3979_EC50
71339737,mondrian_nnsim,cliffB_oracle,all,225,214,0.9511111111111111,0.9145920407786103,0.9724849820918746,2.338062405049838,,,,,CHEMBL3979_EC50
71339737,mondrian_nnsim,cliffB_oracle,cliff,8,7,0.875,0.5291118177871464,0.9775825085499433,2.5527809680333293,,,,,CHEMBL3979_EC50
71339737,mondrian_nnsim,cliffB_oracle,noncliff,217,207,0.9539170506912442,0.9172637324439624,0.9747789168483904,2.330146513326944,,,,,CHEMBL3979_EC50
71339737,mondrian_nnsim,cliffA,all,225,214,0.9511111111111111,0.9145920407786103,0.9724849820918746,2.338062405049838,,,,,CHEMBL3979_EC50
71339737,mondrian_nnsim,cliffA,cliff,22,21,0.9545454545454546,0.7820195416134267,0.991930572378736,2.4982405948765836,,,,,CHEMBL3979_EC50
71339737,mondrian_nnsim,cliffA,noncliff,203,193,0.9507389162561576,0.9117102585198593,0.9730253309667642,2.3207031923592547,,,,,CHEMBL3979_EC50
71339737,mondrian_nnsim,__bins__,__summary__,-1,-1,,,,2.338062405049838,0.8809523809523809,0.11904761904761907,0.896551724137931,0.10344827586206895,CHEMBL3979_EC50
71339737,mondrian_pairgap,cliffB_oracle,all,225,218,0.9688888888888889,0.9371860845336941,0.9848496387454799,2.5077580562906765,,,,,CHEMBL3979_EC50
71339737,mondrian_pairgap,cliffB_oracle,cliff,8,7,0.875,0.5291118177871464,0.9775825085499433,2.5811217405428426,,,,,CHEMBL3979_EC50
71339737,mondrian_pairgap,cliffB_oracle,noncliff,217,211,0.9723502304147466,0.9410001629749887,0.9872675685221297,2.505053404336679,,,,,CHEMBL3979_EC50
71339737,mondrian_pairgap,cliffA,all,225,218,0.9688888888888889,0.9371860845336941,0.9848496387454799,2.5077580562906765,,,,,CHEMBL3979_EC50
71339737,mondrian_pairgap,cliffA,cliff,22,21,0.9545454545454546,0.7820195416134267,0.991930572378736,2.5966882520672505,,,,,CHEMBL3979_EC50
71339737,mondrian_pairgap,cliffA,noncliff,203,197,0.9704433497536946,0.9370275819576814,0.9863849731895598,2.4981203010833632,,,,,CHEMBL3979_EC50
71339737,mondrian_pairgap,__bins__,__summary__,-1,-1,,,,2.5077580562906765,0.9230769230769231,0.07692307692307687,0.9285714285714286,0.0714285714285714,CHEMBL3979_EC50
71339737,mondrian_rfstd,cliffB_oracle,all,225,212,0.9422222222222222,0.9036707428297666,0.9659269298363737,2.2241301063239036,,,,,CHEMBL3979_EC50
71339737,mondrian_rfstd,cliffB_oracle,cliff,8,7,0.875,0.5291118177871464,0.9775825085499433,2.224130106323903,,,,,CHEMBL3979_EC50
71339737,mondrian_rfstd,cliffB_oracle,noncliff,217,205,0.9447004608294931,0.9058433755293569,0.9680867326606131,2.2241301063239036,,,,,CHEMBL3979_EC50
71339737,mondrian_rfstd,cliffA,all,225,212,0.9422222222222222,0.9036707428297666,0.9659269298363737,2.2241301063239036,,,,,CHEMBL3979_EC50
71339737,mondrian_rfstd,cliffA,cliff,22,21,0.9545454545454546,0.7820195416134267,0.991930572378736,2.2241301063239036,,,,,CHEMBL3979_EC50
71339737,mondrian_rfstd,cliffA,noncliff,203,191,0.9408866995073891,0.8995323041542583,0.9658648025020565,2.224130106323903,,,,,CHEMBL3979_EC50
71339737,mondrian_rfstd,__bins__,__summary__,-1,-1,,,,2.2241301063239036,0.8333333333333334,0.16666666666666663,0.8620689655172413,0.13793103448275867,CHEMBL3979_EC50
99182118,global,cliffB_oracle,all,225,214,0.9511111111111111,0.9145920407786103,0.9724849820918746,2.258777410778702,,,,,CHEMBL3979_EC50
99182118,global,cliffB_oracle,cliff,7,4,0.5714285714285714,0.2504583645276572,0.8417801447485302,2.258777410778702,,,,,CHEMBL3979_EC50
99182118,global,cliffB_oracle,noncliff,218,210,0.963302752293578,0.9292704474722443,0.9812897384994356,2.2587774107787015,,,,,CHEMBL3979_EC50
99182118,global,cliffA,all,225,214,0.9511111111111111,0.9145920407786103,0.9724849820918746,2.258777410778702,,,,,CHEMBL3979_EC50
99182118,global,cliffA,cliff,15,12,0.8,0.5481455128483065,0.9295245065301844,2.2587774107787015,,,,,CHEMBL3979_EC50
99182118,global,cliffA,noncliff,210,202,0.9619047619047619,0.9266418070500007,0.9805723555818997,2.258777410778702,,,,,CHEMBL3979_EC50
99182118,global,__bins__,__summary__,-1,-1,,,,2.258777410778702,0.8571428571428571,0.1428571428571429,0.8928571428571429,0.1071428571428571,CHEMBL3979_EC50
99182118,mondrian_pair,cliffB_oracle,all,225,206,0.9155555555555556,0.871885269607211,0.9452743524458957,2.1981543762120856,,,,,CHEMBL3979_EC50
99182118,mondrian_pair,cliffB_oracle,cliff,7,3,0.42857142857142855,0.15821985525146975,0.7495416354723428,2.344200799736116,,,,,CHEMBL3979_EC50
99182118,mondrian_pair,cliffB_oracle,noncliff,218,203,0.9311926605504587,0.8895902420660312,0.9578618122046411,2.1934648121539744,,,,,CHEMBL3979_EC50
99182118,mondrian_pair,cliffA,all,225,206,0.9155555555555556,0.871885269607211,0.9452743524458957,2.1981543762120856,,,,,CHEMBL3979_EC50
99182118,mondrian_pair,cliffA,cliff,15,11,0.7333333333333333,0.4804956594401943,0.8910254667430761,2.387062250118169,,,,,CHEMBL3979_EC50
99182118,mondrian_pair,cliffA,noncliff,210,195,0.9285714285714286,0.8855063808281706,0.9562387185210154,2.1846609566473654,,,,,CHEMBL3979_EC50
99182118,mondrian_pair,__bins__,__summary__,-1,-1,,,,2.1981543762120856,0.8214285714285714,0.1785714285714286,0.8275862068965517,0.1366995073891626,CHEMBL3979_EC50
99182118,mondrian_wstd,cliffB_oracle,all,225,217,0.9644444444444444,0.9314207015809488,0.9818753465960528,2.3622013461132663,,,,,CHEMBL3979_EC50
99182118,mondrian_wstd,cliffB_oracle,cliff,7,5,0.7142857142857143,0.35893445183261935,0.9177810759959433,2.4962303235366297,,,,,CHEMBL3979_EC50
99182118,mondrian_wstd,cliffB_oracle,noncliff,218,212,0.9724770642201835,0.9412648282883265,0.9873262524550699,2.3578976633519653,,,,,CHEMBL3979_EC50
99182118,mondrian_wstd,cliffA,all,225,217,0.9644444444444444,0.9314207015809488,0.9818753465960528,2.3622013461132663,,,,,CHEMBL3979_EC50
99182118,mondrian_wstd,cliffA,cliff,15,13,0.8666666666666667,0.6211801716767764,0.9626387408969346,2.4434630095904244,,,,,CHEMBL3979_EC50
99182118,mondrian_wstd,cliffA,noncliff,210,204,0.9714285714285714,0.939078555244779,0.9868410540393254,2.3563969415791832,,,,,CHEMBL3979_EC50
99182118,mondrian_wstd,__bins__,__summary__,-1,-1,,,,2.3622013461132663,0.9259259259259259,0.07407407407407407,0.8928571428571429,0.1071428571428571,CHEMBL3979_EC50
99182118,mondrian_std,cliffB_oracle,all,225,217,0.9644444444444444,0.9314207015809488,0.9818753465960528,2.365083301083029,,,,,CHEMBL3979_EC50
99182118,mondrian_std,cliffB_oracle,cliff,7,5,0.7142857142857143,0.35893445183261935,0.9177810759959433,2.4170793526173204,,,,,CHEMBL3979_EC50
99182118,mondrian_std,cliffB_oracle,noncliff,218,212,0.9724770642201835,0.9412648282883265,0.9873262524550699,2.363413703097983,,,,,CHEMBL3979_EC50
99182118,mondrian_std,cliffA,all,225,217,0.9644444444444444,0.9314207015809488,0.9818753465960528,2.365083301083029,,,,,CHEMBL3979_EC50
99182118,mondrian_std,cliffA,cliff,15,13,0.8666666666666667,0.6211801716767764,0.9626387408969346,2.4065258898280795,,,,,CHEMBL3979_EC50
99182118,mondrian_std,cliffA,noncliff,210,204,0.9714285714285714,0.939078555244779,0.9868410540393254,2.3621231161726683,,,,,CHEMBL3979_EC50
99182118,mondrian_std,__bins__,__summary__,-1,-1,,,,2.365083301083029,0.9259259259259259,0.07407407407407407,0.8928571428571429,0.1071428571428571,CHEMBL3979_EC50
99182118,mondrian_iqr,cliffB_oracle,all,225,216,0.96,0.9257408550633048,0.9788155180115246,2.362376442843495,,,,,CHEMBL3979_EC50
99182118,mondrian_iqr,cliffB_oracle,cliff,7,4,0.5714285714285714,0.2504583645276572,0.8417801447485302,2.4437756823229755,,,,,CHEMBL3979_EC50
99182118,mondrian_iqr,cliffB_oracle,noncliff,218,212,0.9724770642201835,0.9412648282883265,0.9873262524550699,2.3597627057959887,,,,,CHEMBL3979_EC50
99182118,mondrian_iqr,cliffA,all,225,216,0.96,0.9257408550633048,0.9788155180115246,2.362376442843495,,,,,CHEMBL3979_EC50
99182118,mondrian_iqr,cliffA,cliff,15,12,0.8,0.5481455128483065,0.9295245065301844,2.3882762008596936,,,,,CHEMBL3979_EC50
99182118,mondrian_iqr,cliffA,noncliff,210,204,0.9714285714285714,0.939078555244779,0.9868410540393254,2.3605264601280522,,,,,CHEMBL3979_EC50
99182118,mondrian_iqr,__bins__,__summary__,-1,-1,,,,2.362376442843495,0.9142857142857143,0.08571428571428574,0.8928571428571429,0.1071428571428571,CHEMBL3979_EC50
99182118,mondrian_nb,cliffB_oracle,all,225,216,0.96,0.9257408550633048,0.9788155180115246,2.4430159185872475,,,,,CHEMBL3979_EC50
99182118,mondrian_nb,cliffB_oracle,cliff,7,5,0.7142857142857143,0.35893445183261935,0.9177810759959433,2.373136330708039,,,,,CHEMBL3979_EC50
99182118,mondrian_nb,cliffB_oracle,noncliff,218,211,0.9678899082568807,0.9352151542643666,0.9843604790931714,2.4452597585650198,,,,,CHEMBL3979_EC50
99182118,mondrian_nb,cliffA,all,225,216,0.96,0.9257408550633048,0.9788155180115246,2.4430159185872475,,,,,CHEMBL3979_EC50
99182118,mondrian_nb,cliffA,cliff,15,13,0.8666666666666667,0.6211801716767764,0.9626387408969346,2.2817343723184496,,,,,CHEMBL3979_EC50
99182118,mondrian_nb,cliffA,noncliff,210,203,0.9666666666666667,0.9328056080047664,0.9837612779532359,2.4545360290350184,,,,,CHEMBL3979_EC50
99182118,mondrian_nb,__bins__,__summary__,-1,-1,,,,2.4430159185872475,0.9142857142857143,0.08571428571428574,0.8928571428571429,0.1071428571428571,CHEMBL3979_EC50
99182118,mondrian_nnsim,cliffB_oracle,all,225,213,0.9466666666666667,0.9091061689267013,0.9692311788416113,2.224267503189803,,,,,CHEMBL3979_EC50
99182118,mondrian_nnsim,cliffB_oracle,cliff,7,4,0.5714285714285714,0.2504583645276572,0.8417801447485302,2.1057778204830915,,,,,CHEMBL3979_EC50
99182118,mondrian_nnsim,cliffB_oracle,noncliff,218,209,0.9587155963302753,0.9234141627745854,0.9781305758112361,2.228072217772129,,,,,CHEMBL3979_EC50
99182118,mondrian_nnsim,cliffA,all,225,213,0.9466666666666667,0.9091061689267013,0.9692311788416113,2.224267503189803,,,,,CHEMBL3979_EC50
99182118,mondrian_nnsim,cliffA,cliff,15,12,0.8,0.5481455128483065,0.9295245065301844,2.1338277453706196,,,,,CHEMBL3979_EC50
99182118,mondrian_nnsim,cliffA,noncliff,210,201,0.9571428571428572,0.9205699739545683,0.9772914653512299,2.230727485891173,,,,,CHEMBL3979_EC50
99182118,mondrian_nnsim,__bins__,__summary__,-1,-1,,,,2.224267503189803,0.8285714285714286,0.17142857142857137,0.8928571428571429,0.1071428571428571,CHEMBL3979_EC50
99182118,mondrian_pairgap,cliffB_oracle,all,225,210,0.9333333333333333,0.8929319807473098,0.959186341714486,2.2752038869797437,,,,,CHEMBL3979_EC50
99182118,mondrian_pairgap,cliffB_oracle,cliff,7,4,0.5714285714285714,0.2504583645276572,0.8417801447485302,2.2983123075383523,,,,,CHEMBL3979_EC50
99182118,mondrian_pairgap,cliffB_oracle,noncliff,218,206,0.944954128440367,0.9062639731601905,0.9682344232680564,2.2744618734755684,,,,,CHEMBL3979_EC50
99182118,mondrian_pairgap,cliffA,all,225,210,0.9333333333333333,0.8929319807473098,0.959186341714486,2.2752038869797437,,,,,CHEMBL3979_EC50
99182118,mondrian_pairgap,cliffA,cliff,15,12,0.8,0.5481455128483065,0.9295245065301844,2.364832273165293,,,,,CHEMBL3979_EC50
99182118,mondrian_pairgap,cliffA,noncliff,210,198,0.9428571428571428,0.9027901231463525,0.9670131461811394,2.2688018593950616,,,,,CHEMBL3979_EC50
99182118,mondrian_pairgap,__bins__,__summary__,-1,-1,,,,2.2752038869797437,0.8285714285714286,0.17142857142857137,0.8571428571428571,0.1071428571428572,CHEMBL3979_EC50
99182118,mondrian_rfstd,cliffB_oracle,all,225,214,0.9511111111111111,0.9145920407786103,0.9724849820918746,2.258777410778702,,,,,CHEMBL3979_EC50
99182118,mondrian_rfstd,cliffB_oracle,cliff,7,4,0.5714285714285714,0.2504583645276572,0.8417801447485302,2.258777410778702,,,,,CHEMBL3979_EC50
99182118,mondrian_rfstd,cliffB_oracle,noncliff,218,210,0.963302752293578,0.9292704474722443,0.9812897384994356,2.2587774107787015,,,,,CHEMBL3979_EC50
99182118,mondrian_rfstd,cliffA,all,225,214,0.9511111111111111,0.9145920407786103,0.9724849820918746,2.258777410778702,,,,,CHEMBL3979_EC50
99182118,mondrian_rfstd,cliffA,cliff,15,12,0.8,0.5481455128483065,0.9295245065301844,2.2587774107787015,,,,,CHEMBL3979_EC50
99182118,mondrian_rfstd,cliffA,noncliff,210,202,0.9619047619047619,0.9266418070500007,0.9805723555818997,2.258777410778702,,,,,CHEMBL3979_EC50
99182118,mondrian_rfstd,__bins__,__summary__,-1,-1,,,,2.258777410778702,0.8571428571428571,0.1428571428571429,0.8928571428571429,0.1071428571428571,CHEMBL3979_EC50
89709943,global,cliffB_oracle,all,225,199,0.8844444444444445,0.8360710892089506,0.9199108071289505,2.1182202000191097,,,,,CHEMBL3979_EC50
89709943,global,cliffB_oracle,cliff,7,6,0.8571428571428571,0.4868721707256811,0.9743203756552565,2.1182202000191097,,,,,CHEMBL3979_EC50
89709943,global,cliffB_oracle,noncliff,218,193,0.8853211009174312,0.8361917960046367,0.9211057844074534,2.1182202000191097,,,,,CHEMBL3979_EC50
89709943,global,cliffA,all,225,199,0.8844444444444445,0.8360710892089506,0.9199108071289505,2.1182202000191097,,,,,CHEMBL3979_EC50
89709943,global,cliffA,cliff,22,18,0.8181818181818182,0.6148339256287345,0.9269311541657794,2.1182202000191097,,,,,CHEMBL3979_EC50
89709943,global,cliffA,noncliff,203,181,0.8916256157635468,0.841369781311267,0.9273349111935043,2.1182202000191097,,,,,CHEMBL3979_EC50
89709943,global,__bins__,__summary__,-1,-1,,,,2.1182202000191097,0.7575757575757576,0.24242424242424243,0.7241379310344828,0.24014778325123154,CHEMBL3979_EC50
89709943,mondrian_pair,cliffB_oracle,all,225,204,0.9066666666666666,0.8615371755751126,0.9381430962736496,2.2514701562954995,,,,,CHEMBL3979_EC50
89709943,mondrian_pair,cliffB_oracle,cliff,7,6,0.8571428571428571,0.4868721707256811,0.9743203756552565,2.1366720760361018,,,,,CHEMBL3979_EC50
89709943,mondrian_pair,cliffB_oracle,noncliff,218,198,0.908256880733945,0.8625496608372989,0.9398251565040823,2.255156333184563,,,,,CHEMBL3979_EC50
89709943,mondrian_pair,cliffA,all,225,204,0.9066666666666666,0.8615371755751126,0.9381430962736496,2.2514701562954995,,,,,CHEMBL3979_EC50
89709943,mondrian_pair,cliffA,cliff,22,18,0.8181818181818182,0.6148339256287345,0.9269311541657794,2.194947146638914,,,,,CHEMBL3979_EC50
89709943,mondrian_pair,cliffA,noncliff,203,186,0.916256157635468,0.8699922408556117,0.9470586587249316,2.2575958026622227,,,,,CHEMBL3979_EC50
89709943,mondrian_pair,__bins__,__summary__,-1,-1,,,,2.2514701562954995,0.8181818181818182,0.18181818181818177,0.7931034482758621,0.1711822660098522,CHEMBL3979_EC50
89709943,mondrian_wstd,cliffB_oracle,all,225,205,0.9111111111111111,0.8666982540967064,0.9417216928542281,2.2184010299018477,,,,,CHEMBL3979_EC50
89709943,mondrian_wstd,cliffB_oracle,cliff,7,7,1.0,0.6456695649333126,1.0,2.508535121640167,,,,,CHEMBL3979_EC50
89709943,mondrian_wstd,cliffB_oracle,noncliff,218,198,0.908256880733945,0.8625496608372989,0.9398251565040823,2.2090847975983237,,,,,CHEMBL3979_EC50
89709943,mondrian_wstd,cliffA,all,225,205,0.9111111111111111,0.8666982540967064,0.9417216928542281,2.2184010299018477,,,,,CHEMBL3979_EC50
89709943,mondrian_wstd,cliffA,cliff,22,19,0.8636363636363636,0.6666501283342828,0.9525099628594474,2.3045068671564324,,,,,CHEMBL3979_EC50
89709943,mondrian_wstd,cliffA,noncliff,203,186,0.916256157635468,0.8699922408556117,0.9470586587249316,2.209069362810218,,,,,CHEMBL3979_EC50
89709943,mondrian_wstd,__bins__,__summary__,-1,-1,,,,2.2184010299018477,0.8518518518518519,0.14814814814814814,0.8620689655172413,0.13793103448275867,CHEMBL3979_EC50
89709943,mondrian_std,cliffB_oracle,all,225,205,0.9111111111111111,0.8666982540967064,0.9417216928542281,2.20625789900697,,,,,CHEMBL3979_EC50
89709943,mondrian_std,cliffB_oracle,cliff,7,7,1.0,0.6456695649333126,1.0,2.508535121640167,,,,,CHEMBL3979_EC50
89709943,mondrian_std,cliffB_oracle,noncliff,218,198,0.908256880733945,0.8625496608372989,0.9398251565040823,2.196551749656363,,,,,CHEMBL3979_EC50
89709943,mondrian_std,cliffA,all,225,205,0.9111111111111111,0.8666982540967064,0.9417216928542281,2.20625789900697,,,,,CHEMBL3979_EC50
89709943,mondrian_std,cliffA,cliff,22,19,0.8636363636363636,0.6666501283342828,0.9525099628594474,2.3045068671564324,,,,,CHEMBL3979_EC50
89709943,mondrian_std,cliffA,noncliff,203,186,0.916256157635468,0.8699922408556117,0.9470586587249316,2.1956102275819056,,,,,CHEMBL3979_EC50
89709943,mondrian_std,__bins__,__summary__,-1,-1,,,,2.20625789900697,0.8518518518518519,0.14814814814814814,0.8620689655172413,0.13793103448275867,CHEMBL3979_EC50
89709943,mondrian_iqr,cliffB_oracle,all,225,204,0.9066666666666666,0.8615371755751126,0.9381430962736496,2.2494047376957815,,,,,CHEMBL3979_EC50
89709943,mondrian_iqr,cliffB_oracle,cliff,7,6,0.8571428571428571,0.4868721707256811,0.9743203756552565,2.2042741970373347,,,,,CHEMBL3979_EC50
89709943,mondrian_iqr,cliffB_oracle,noncliff,218,198,0.908256880733945,0.8625496608372989,0.9398251565040823,2.2508538834967404,,,,,CHEMBL3979_EC50
89709943,mondrian_iqr,cliffA,all,225,204,0.9066666666666666,0.8615371755751126,0.9381430962736496,2.2494047376957815,,,,,CHEMBL3979_EC50
89709943,mondrian_iqr,cliffA,cliff,22,18,0.8181818181818182,0.6148339256287345,0.9269311541657794,2.172981834485253,,,,,CHEMBL3979_EC50
89709943,mondrian_iqr,cliffA,noncliff,203,186,0.916256157635468,0.8699922408556117,0.9470586587249316,2.2576870227727843,,,,,CHEMBL3979_EC50
89709943,mondrian_iqr,__bins__,__summary__,-1,-1,,,,2.2494047376957815,0.8484848484848485,0.1515151515151515,0.7931034482758621,0.1711822660098522,CHEMBL3979_EC50
89709943,mondrian_nb,cliffB_oracle,all,225,202,0.8977777777777778,0.851286694195248,0.9309142274491696,2.207580621237712,,,,,CHEMBL3979_EC50
89709943,mondrian_nb,cliffB_oracle,cliff,7,6,0.8571428571428571,0.4868721707256811,0.9743203756552565,2.3422136581016155,,,,,CHEMBL3979_EC50
89709943,mondrian_nb,cliffB_oracle,noncliff,218,196,0.8990825688073395,0.8519362528954888,0.9324076696741761,2.2032575420723575,,,,,CHEMBL3979_EC50
89709943,mondrian_nb,cliffA,all,225,202,0.8977777777777778,0.851286694195248,0.9309142274491696,2.207580621237712,,,,,CHEMBL3979_EC50
89709943,mondrian_nb,cliffA,cliff,22,18,0.8181818181818182,0.6148339256287345,0.9269311541657794,2.306753732512537,,,,,CHEMBL3979_EC50
89709943,mondrian_nb,cliffA,noncliff,203,184,0.9064039408866995,0.8584515165799942,0.9392609001702403,2.1968327963704892,,,,,CHEMBL3979_EC50
89709943,mondrian_nb,__bins__,__summary__,-1,-1,,,,2.207580621237712,0.7878787878787878,0.21212121212121215,0.7586206896551724,0.20566502463054193,CHEMBL3979_EC50
89709943,mondrian_nnsim,cliffB_oracle,all,225,202,0.8977777777777778,0.851286694195248,0.9309142274491696,2.2503563361284873,,,,,CHEMBL3979_EC50
89709943,mondrian_nnsim,cliffB_oracle,cliff,7,6,0.8571428571428571,0.4868721707256811,0.9743203756552565,2.383672259167413,,,,,CHEMBL3979_EC50
89709943,mondrian_nnsim,cliffB_oracle,noncliff,218,196,0.8990825688073395,0.8519362528954888,0.9324076696741761,2.246075549608889,,,,,CHEMBL3979_EC50
89709943,mondrian_nnsim,cliffA,all,225,202,0.8977777777777778,0.851286694195248,0.9309142274491696,2.2503563361284873,,,,,CHEMBL3979_EC50
89709943,mondrian_nnsim,cliffA,cliff,22,18,0.8181818181818182,0.6148339256287345,0.9269311541657794,2.371606256478854,,,,,CHEMBL3979_EC50
89709943,mondrian_nnsim,cliffA,noncliff,203,184,0.9064039408866995,0.8584515165799942,0.9392609001702403,2.2372159506717977,,,,,CHEMBL3979_EC50
89709943,mondrian_nnsim,__bins__,__summary__,-1,-1,,,,2.2503563361284873,0.8181818181818182,0.18181818181818177,0.7931034482758621,0.1711822660098522,CHEMBL3979_EC50
89709943,mondrian_pairgap,cliffB_oracle,all,225,202,0.8977777777777778,0.851286694195248,0.9309142274491696,2.221400599342737,,,,,CHEMBL3979_EC50
89709943,mondrian_pairgap,cliffB_oracle,cliff,7,6,0.8571428571428571,0.4868721707256811,0.9743203756552565,2.194105652475399,,,,,CHEMBL3979_EC50
89709943,mondrian_pairgap,cliffB_oracle,noncliff,218,196,0.8990825688073395,0.8519362528954888,0.9324076696741761,2.2222770425907705,,,,,CHEMBL3979_EC50
89709943,mondrian_pairgap,cliffA,all,225,202,0.8977777777777778,0.851286694195248,0.9309142274491696,2.221400599342737,,,,,CHEMBL3979_EC50
89709943,mondrian_pairgap,cliffA,cliff,22,18,0.8181818181818182,0.6148339256287345,0.9269311541657794,2.140816007017027,,,,,CHEMBL3979_EC50
89709943,mondrian_pairgap,cliffA,noncliff,203,184,0.9064039408866995,0.8584515165799942,0.9392609001702403,2.230133904914981,,,,,CHEMBL3979_EC50
89709943,mondrian_pairgap,__bins__,__summary__,-1,-1,,,,2.221400599342737,0.8181818181818182,0.18181818181818177,0.7931034482758621,0.1711822660098522,CHEMBL3979_EC50
89709943,mondrian_rfstd,cliffB_oracle,all,225,199,0.8844444444444445,0.8360710892089506,0.9199108071289505,2.1182202000191097,,,,,CHEMBL3979_EC50
89709943,mondrian_rfstd,cliffB_oracle,cliff,7,6,0.8571428571428571,0.4868721707256811,0.9743203756552565,2.1182202000191097,,,,,CHEMBL3979_EC50
89709943,mondrian_rfstd,cliffB_oracle,noncliff,218,193,0.8853211009174312,0.8361917960046367,0.9211057844074534,2.1182202000191097,,,,,CHEMBL3979_EC50
89709943,mondrian_rfstd,cliffA,all,225,199,0.8844444444444445,0.8360710892089506,0.9199108071289505,2.1182202000191097,,,,,CHEMBL3979_EC50
89709943,mondrian_rfstd,cliffA,cliff,22,18,0.8181818181818182,0.6148339256287345,0.9269311541657794,2.1182202000191097,,,,,CHEMBL3979_EC50
89709943,mondrian_rfstd,cliffA,noncliff,203,181,0.8916256157635468,0.841369781311267,0.9273349111935043,2.1182202000191097,,,,,CHEMBL3979_EC50
89709943,mondrian_rfstd,__bins__,__summary__,-1,-1,,,,2.1182202000191097,0.7575757575757576,0.24242424242424243,0.7241379310344828,0.24014778325123154,CHEMBL3979_EC50
86921808,global,cliffB_oracle,all,225,213,0.9466666666666667,0.9091061689267013,0.9692311788416113,2.40885713348456,,,,,CHEMBL3979_EC50
86921808,global,cliffB_oracle,cliff,12,10,0.8333333333333334,0.5519691377470266,0.9530348578161463,2.4088571334845597,,,,,CHEMBL3979_EC50
86921808,global,cliffB_oracle,noncliff,213,203,0.9530516431924883,0.9157495975030594,0.9743015995772526,2.40885713348456,,,,,CHEMBL3979_EC50
86921808,global,cliffA,all,225,213,0.9466666666666667,0.9091061689267013,0.9692311788416113,2.40885713348456,,,,,CHEMBL3979_EC50
86921808,global,cliffA,cliff,22,18,0.8181818181818182,0.6148339256287345,0.9269311541657794,2.4088571334845597,,,,,CHEMBL3979_EC50
86921808,global,cliffA,noncliff,203,195,0.9605911330049262,0.9241761225881618,0.9798979497287706,2.4088571334845597,,,,,CHEMBL3979_EC50
86921808,global,__bins__,__summary__,-1,-1,,,,2.40885713348456,0.8846153846153846,0.11538461538461542,0.8620689655172413,0.13793103448275867,CHEMBL3979_EC50
86921808,mondrian_pair,cliffB_oracle,all,225,213,0.9466666666666667,0.9091061689267013,0.9692311788416113,2.469905193296609,,,,,CHEMBL3979_EC50
86921808,mondrian_pair,cliffB_oracle,cliff,12,8,0.6666666666666666,0.39062208887279953,0.8618799089087867,2.3854470507564676,,,,,CHEMBL3979_EC50
86921808,mondrian_pair,cliffB_oracle,noncliff,213,205,0.9624413145539906,0.927650124227291,0.9808477297873281,2.4746633985101383,,,,,CHEMBL3979_EC50
86921808,mondrian_pair,cliffA,all,225,213,0.9466666666666667,0.9091061689267013,0.9692311788416113,2.469905193296609,,,,,CHEMBL3979_EC50
86921808,mondrian_pair,cliffA,cliff,22,16,0.7272727272727273,0.5184826598759762,0.8684923971201053,2.413246752846483,,,,,CHEMBL3979_EC50
86921808,mondrian_pair,cliffA,noncliff,203,197,0.9704433497536946,0.9370275819576814,0.9863849731895598,2.4760455168921895,,,,,CHEMBL3979_EC50
86921808,mondrian_pair,__bins__,__summary__,-1,-1,,,,2.469905193296609,0.8461538461538461,0.15384615384615385,0.8928571428571429,0.1071428571428571,CHEMBL3979_EC50
86921808,mondrian_wstd,cliffB_oracle,all,225,214,0.9511111111111111,0.9145920407786103,0.9724849820918746,2.469633635738809,,,,,CHEMBL3979_EC50
86921808,mondrian_wstd,cliffB_oracle,cliff,12,10,0.8333333333333334,0.5519691377470266,0.9530348578161463,2.4405115617419813,,,,,CHEMBL3979_EC50
86921808,mondrian_wstd,cliffB_oracle,noncliff,213,204,0.9577464788732394,0.9216609543715258,0.9776135711759396,2.471274315963982,,,,,CHEMBL3979_EC50
86921808,mondrian_wstd,cliffA,all,225,214,0.9511111111111111,0.9145920407786103,0.9724849820918746,2.469633635738809,,,,,CHEMBL3979_EC50
86921808,mondrian_wstd,cliffA,cliff,22,19,0.8636363636363636,0.6666501283342828,0.9525099628594474,2.477921340591661,,,,,CHEMBL3979_EC50
86921808,mondrian_wstd,cliffA,noncliff,203,195,0.9605911330049262,0.9241761225881618,0.9798979497287706,2.4687354608286474,,,,,CHEMBL3979_EC50
86921808,mondrian_wstd,__bins__,__summary__,-1,-1,,,,2.469633635738809,0.8846153846153846,0.11538461538461542,0.8620689655172413,0.13793103448275867,CHEMBL3979_EC50
86921808,mondrian_std,cliffB_oracle,all,225,214,0.9511111111111111,0.9145920407786103,0.9724849820918746,2.473010108086267,,,,,CHEMBL3979_EC50
86921808,mondrian_std,cliffB_oracle,cliff,12,10,0.8333333333333334,0.5519691377470266,0.9530348578161463,2.4405115617419813,,,,,CHEMBL3979_EC50
86921808,mondrian_std,cliffB_oracle,noncliff,213,204,0.9577464788732394,0.9216609543715258,0.9776135711759396,2.4748410121056637,,,,,CHEMBL3979_EC50
86921808,mondrian_std,cliffA,all,225,214,0.9511111111111111,0.9145920407786103,0.9724849820918746,2.473010108086267,,,,,CHEMBL3979_EC50
86921808,mondrian_std,cliffA,cliff,22,19,0.8636363636363636,0.6666501283342828,0.9525099628594474,2.477921340591661,,,,,CHEMBL3979_EC50
86921808,mondrian_std,cliffA,noncliff,203,195,0.9605911330049262,0.9241761225881618,0.9798979497287706,2.4724778562876533,,,,,CHEMBL3979_EC50
86921808,mondrian_std,__bins__,__summary__,-1,-1,,,,2.473010108086267,0.8846153846153846,0.11538461538461542,0.8620689655172413,0.13793103448275867,CHEMBL3979_EC50
86921808,mondrian_iqr,cliffB_oracle,all,225,217,0.9644444444444444,0.9314207015809488,0.9818753465960528,2.4986724168010843,,,,,CHEMBL3979_EC50
86921808,mondrian_iqr,cliffB_oracle,cliff,12,11,0.9166666666666666,0.646120088858883,0.9851349055950829,2.499073377887319,,,,,CHEMBL3979_EC50
86921808,mondrian_iqr,cliffB_oracle,noncliff,213,206,0.9671361502347418,0.9337298994623284,0.9839912830194442,2.498649827444113,,,,,CHEMBL3979_EC50
86921808,mondrian_iqr,cliffA,all,225,217,0.9644444444444444,0.9314207015809488,0.9818753465960528,2.4986724168010843,,,,,CHEMBL3979_EC50
86921808,mondrian_iqr,cliffA,cliff,22,20,0.9090909090909091,0.7218505315839417,0.9747045710090046,2.507274854651206,,,,,CHEMBL3979_EC50
86921808,mondrian_iqr,cliffA,noncliff,203,197,0.9704433497536946,0.9370275819576814,0.9863849731895598,2.497740132896145,,,,,CHEMBL3979_EC50
86921808,mondrian_iqr,__bins__,__summary__,-1,-1,,,,2.4986724168010843,0.8846153846153846,0.11538461538461542,0.896551724137931,0.10344827586206895,CHEMBL3979_EC50
86921808,mondrian_nb,cliffB_oracle,all,225,209,0.9288888888888889,0.8876208930203195,0.9557577543393039,2.33753793643232,,,,,CHEMBL3979_EC50
86921808,mondrian_nb,cliffB_oracle,cliff,12,10,0.8333333333333334,0.5519691377470266,0.9530348578161463,2.465776142479085,,,,,CHEMBL3979_EC50
86921808,mondrian_nb,cliffB_oracle,noncliff,213,199,0.9342723004694836,0.8927107458966729,0.9604471373150253,2.3303132487677134,,,,,CHEMBL3979_EC50
86921808,mondrian_nb,cliffA,all,225,209,0.9288888888888889,0.8876208930203195,0.9557577543393039,2.33753793643232,,,,,CHEMBL3979_EC50
86921808,mondrian_nb,cliffA,cliff,22,18,0.8181818181818182,0.6148339256287345,0.9269311541657794,2.439903865663392,,,,,CHEMBL3979_EC50
86921808,mondrian_nb,cliffA,noncliff,203,191,0.9408866995073891,0.8995323041542583,0.9658648025020565,2.32644409188511,,,,,CHEMBL3979_EC50
86921808,mondrian_nb,__bins__,__summary__,-1,-1,,,,2.33753793643232,0.8378378378378378,0.16216216216216217,0.7586206896551724,0.24137931034482762,CHEMBL3979_EC50
86921808,mondrian_nnsim,cliffB_oracle,all,225,215,0.9555555555555556,0.9201344388794461,0.975682259093211,2.439237691470169,,,,,CHEMBL3979_EC50
86921808,mondrian_nnsim,cliffB_oracle,cliff,12,11,0.9166666666666666,0.646120088858883,0.9851349055950829,2.476973389934183,,,,,CHEMBL3979_EC50
86921808,mondrian_nnsim,cliffB_oracle,noncliff,213,204,0.9577464788732394,0.9216609543715258,0.9776135711759396,2.4371117366271253,,,,,CHEMBL3979_EC50
86921808,mondrian_nnsim,cliffA,all,225,215,0.9555555555555556,0.9201344388794461,0.975682259093211,2.439237691470169,,,,,CHEMBL3979_EC50
86921808,mondrian_nnsim,cliffA,cliff,22,20,0.9090909090909091,0.7218505315839417,0.9747045710090046,2.4955505507840807,,,,,CHEMBL3979_EC50
86921808,mondrian_nnsim,cliffA,noncliff,203,195,0.9605911330049262,0.9241761225881618,0.9798979497287706,2.433134820017429,,,,,CHEMBL3979_EC50
86921808,mondrian_nnsim,__bins__,__summary__,-1,-1,,,,2.439237691470169,0.8846153846153846,0.11538461538461542,0.8620689655172413,0.13793103448275867,CHEMBL3979_EC50
86921808,mondrian_pairgap,cliffB_oracle,all,225,216,0.96,0.9257408550633048,0.9788155180115246,2.5317699401755918,,,,,CHEMBL3979_EC50
86921808,mondrian_pairgap,cliffB_oracle,cliff,12,9,0.75,0.46769466506643426,0.9110583316059453,2.425554961834005,,,,,CHEMBL3979_EC50
86921808,mondrian_pairgap,cliffB_oracle,noncliff,213,207,0.971830985915493,0.9399172154271388,0.9870272955217875,2.5377538826173716,,,,,CHEMBL3979_EC50
86921808,mondrian_pairgap,cliffA,all,225,216,0.96,0.9257408550633048,0.9788155180115246,2.5317699401755918,,,,,CHEMBL3979_EC50
86921808,mondrian_pairgap,cliffA,cliff,22,18,0.8181818181818182,0.6148339256287345,0.9269311541657794,2.4534809277930254,,,,,CHEMBL3979_EC50
86921808,mondrian_pairgap,cliffA,noncliff,203,198,0.9753694581280788,0.9436473435339555,0.9894344530284399,2.5402544636850326,,,,,CHEMBL3979_EC50
86921808,mondrian_pairgap,__bins__,__summary__,-1,-1,,,,2.5317699401755918,0.8888888888888888,0.11111111111111116,0.8928571428571429,0.1071428571428571,CHEMBL3979_EC50
86921808,mondrian_rfstd,cliffB_oracle,all,225,213,0.9466666666666667,0.9091061689267013,0.9692311788416113,2.40885713348456,,,,,CHEMBL3979_EC50
86921808,mondrian_rfstd,cliffB_oracle,cliff,12,10,0.8333333333333334,0.5519691377470266,0.9530348578161463,2.4088571334845597,,,,,CHEMBL3979_EC50
86921808,mondrian_rfstd,cliffB_oracle,noncliff,213,203,0.9530516431924883,0.9157495975030594,0.9743015995772526,2.40885713348456,,,,,CHEMBL3979_EC50
86921808,mondrian_rfstd,cliffA,all,225,213,0.9466666666666667,0.9091061689267013,0.9692311788416113,2.40885713348456,,,,,CHEMBL3979_EC50
86921808,mondrian_rfstd,cliffA,cliff,22,18,0.8181818181818182,0.6148339256287345,0.9269311541657794,2.4088571334845597,,,,,CHEMBL3979_EC50
86921808,mondrian_rfstd,cliffA,noncliff,203,195,0.9605911330049262,0.9241761225881618,0.9798979497287706,2.4088571334845597,,,,,CHEMBL3979_EC50
86921808,mondrian_rfstd,__bins__,__summary__,-1,-1,,,,2.40885713348456,0.8846153846153846,0.11538461538461542,0.8620689655172413,0.13793103448275867,CHEMBL3979_EC50
89165191,global,cliffB_oracle,all,225,211,0.9377777777777778,0.8982807458593837,0.9625772517045844,2.323871268010272,,,,,CHEMBL3979_EC50
89165191,global,cliffB_oracle,cliff,5,5,1.0,0.5655175352168251,1.0,2.323871268010272,,,,,CHEMBL3979_EC50
89165191,global,cliffB_oracle,noncliff,220,206,0.9363636363636364,0.896031718383495,0.9617182311189322,2.3238712680102727,,,,,CHEMBL3979_EC50
89165191,global,cliffA,all,225,211,0.9377777777777778,0.8982807458593837,0.9625772517045844,2.323871268010272,,,,,CHEMBL3979_EC50
89165191,global,cliffA,cliff,16,14,0.875,0.639771727342413,0.9650225122567595,2.323871268010272,,,,,CHEMBL3979_EC50
89165191,global,cliffA,noncliff,209,197,0.9425837320574163,0.9023377108412581,0.9668538509204528,2.323871268010272,,,,,CHEMBL3979_EC50
89165191,global,__bins__,__summary__,-1,-1,,,,2.323871268010272,0.8888888888888888,0.11111111111111116,0.7857142857142857,0.2142857142857143,CHEMBL3979_EC50
89165191,mondrian_pair,cliffB_oracle,all,225,211,0.9377777777777778,0.8982807458593837,0.9625772517045844,2.2989815792515125,,,,,CHEMBL3979_EC50
89165191,mondrian_pair,cliffB_oracle,cliff,5,5,1.0,0.5655175352168251,1.0,2.21169871772114,,,,,CHEMBL3979_EC50
89165191,mondrian_pair,cliffB_oracle,noncliff,220,206,0.9363636363636364,0.896031718383495,0.9617182311189322,2.3009652806499297,,,,,CHEMBL3979_EC50
89165191,mondrian_pair,cliffA,all,225,211,0.9377777777777778,0.8982807458593837,0.9625772517045844,2.2989815792515125,,,,,CHEMBL3979_EC50
89165191,mondrian_pair,cliffA,cliff,16,14,0.875,0.639771727342413,0.9650225122567595,2.201025541718785,,,,,CHEMBL3979_EC50
89165191,mondrian_pair,cliffA,noncliff,209,197,0.9425837320574163,0.9023377108412581,0.9668538509204528,2.306480606048276,,,,,CHEMBL3979_EC50
89165191,mondrian_pair,__bins__,__summary__,-1,-1,,,,2.2989815792515125,0.8571428571428571,0.1428571428571429,0.7857142857142857,0.2142857142857143,CHEMBL3979_EC50
89165191,mondrian_wstd,cliffB_oracle,all,225,213,0.9466666666666667,0.9091061689267013,0.9692311788416113,2.416567506585804,,,,,CHEMBL3979_EC50
89165191,mondrian_wstd,cliffB_oracle,cliff,5,5,1.0,0.5655175352168251,1.0,2.478364998969492,,,,,CHEMBL3979_EC50
89165191,mondrian_wstd,cliffB_oracle,noncliff,220,208,0.9454545454545454,0.9070939994536631,0.9685257406633978,2.4151630181225388,,,,,CHEMBL3979_EC50
89165191,mondrian_wstd,cliffA,all,225,213,0.9466666666666667,0.9091061689267013,0.9692311788416113,2.416567506585804,,,,,CHEMBL3979_EC50
89165191,mondrian_wstd,cliffA,cliff,16,14,0.875,0.639771727342413,0.9650225122567595,2.4204298498597847,,,,,CHEMBL3979_EC50
89165191,mondrian_wstd,cliffA,noncliff,209,199,0.9521531100478469,0.9141790274466718,0.9738058653801572,2.4162718248040638,,,,,CHEMBL3979_EC50
89165191,mondrian_wstd,__bins__,__summary__,-1,-1,,,,2.416567506585804,0.8888888888888888,0.11111111111111116,0.8214285714285714,0.1785714285714286,CHEMBL3979_EC50
89165191,mondrian_std,cliffB_oracle,all,225,213,0.9466666666666667,0.9091061689267013,0.9692311788416113,2.433263689486277,,,,,CHEMBL3979_EC50
89165191,mondrian_std,cliffB_oracle,cliff,5,5,1.0,0.5655175352168251,1.0,2.487959900224279,,,,,CHEMBL3979_EC50
89165191,mondrian_std,cliffB_oracle,noncliff,220,208,0.9454545454545454,0.9070939994536631,0.9685257406633978,2.432020593787686,,,,,CHEMBL3979_EC50
89165191,mondrian_std,cliffA,all,225,213,0.9466666666666667,0.9091061689267013,0.9692311788416113,2.433263689486277,,,,,CHEMBL3979_EC50
89165191,mondrian_std,cliffA,cliff,16,14,0.875,0.639771727342413,0.9650225122567595,2.4264266631440266,,,,,CHEMBL3979_EC50
89165191,mondrian_std,cliffA,noncliff,209,199,0.9521531100478469,0.9141790274466718,0.9738058653801572,2.433787098201473,,,,,CHEMBL3979_EC50
89165191,mondrian_std,__bins__,__summary__,-1,-1,,,,2.433263689486277,0.8888888888888888,0.11111111111111116,0.8214285714285714,0.1785714285714286,CHEMBL3979_EC50
89165191,mondrian_iqr,cliffB_oracle,all,225,212,0.9422222222222222,0.9036707428297666,0.9659269298363737,2.454060504889197,,,,,CHEMBL3979_EC50
89165191,mondrian_iqr,cliffB_oracle,cliff,5,5,1.0,0.5655175352168251,1.0,2.4284876190736937,,,,,CHEMBL3979_EC50
89165191,mondrian_iqr,cliffB_oracle,noncliff,220,207,0.9409090909090909,0.9015395830720224,0.9651452617377215,2.454641706839549,,,,,CHEMBL3979_EC50
89165191,mondrian_iqr,cliffA,all,225,212,0.9422222222222222,0.9036707428297666,0.9659269298363737,2.454060504889197,,,,,CHEMBL3979_EC50
89165191,mondrian_iqr,cliffA,cliff,16,14,0.875,0.639771727342413,0.9650225122567595,2.42194909713223,,,,,CHEMBL3979_EC50
89165191,mondrian_iqr,cliffA,noncliff,209,198,0.9473684210526315,0.9082277774150809,0.9703604498791889,2.456518794478247,,,,,CHEMBL3979_EC50
89165191,mondrian_iqr,__bins__,__summary__,-1,-1,,,,2.454060504889197,0.8888888888888888,0.11111111111111116,0.7857142857142857,0.2142857142857143,CHEMBL3979_EC50
89165191,mondrian_nb,cliffB_oracle,all,225,210,0.9333333333333333,0.8929319807473098,0.959186341714486,2.220506200887837,,,,,CHEMBL3979_EC50
89165191,mondrian_nb,cliffB_oracle,cliff,5,5,1.0,0.5655175352168251,1.0,2.123954435957976,,,,,CHEMBL3979_EC50
89165191,mondrian_nb,cliffB_oracle,noncliff,220,205,0.9318181818181818,0.8905661115741333,0.9582489426209767,2.222700559181698,,,,,CHEMBL3979_EC50
89165191,mondrian_nb,cliffA,all,225,210,0.9333333333333333,0.8929319807473098,0.959186341714486,2.220506200887837,,,,,CHEMBL3979_EC50
89165191,mondrian_nb,cliffA,cliff,16,14,0.875,0.639771727342413,0.9650225122567595,2.088317424859439,,,,,CHEMBL3979_EC50
89165191,mondrian_nb,cliffA,noncliff,209,196,0.937799043062201,0.896502276938549,0.963292619290603,2.2306259157991017,,,,,CHEMBL3979_EC50
89165191,mondrian_nb,__bins__,__summary__,-1,-1,,,,2.220506200887837,0.8571428571428571,0.1428571428571429,0.75,0.25,CHEMBL3979_EC50
89165191,mondrian_nnsim,cliffB_oracle,all,225,212,0.9422222222222222,0.9036707428297666,0.9659269298363737,2.3819914630455066,,,,,CHEMBL3979_EC50
89165191,mondrian_nnsim,cliffB_oracle,cliff,5,5,1.0,0.5655175352168251,1.0,2.637720321200537,,,,,CHEMBL3979_EC50
89165191,mondrian_nnsim,cliffB_oracle,noncliff,220,207,0.9409090909090909,0.9015395830720224,0.9651452617377215,2.376179443541983,,,,,CHEMBL3979_EC50
89165191,mondrian_nnsim,cliffA,all,225,212,0.9422222222222222,0.9036707428297666,0.9659269298363737,2.3819914630455066,,,,,CHEMBL3979_EC50
89165191,mondrian_nnsim,cliffA,cliff,16,14,0.875,0.639771727342413,0.9650225122567595,2.454641706839549,,,,,CHEMBL3979_EC50
89165191,mondrian_nnsim,cliffA,noncliff,209,198,0.9473684210526315,0.9082277774150809,0.9703604498791889,2.3764297218938095,,,,,CHEMBL3979_EC50
89165191,mondrian_nnsim,__bins__,__summary__,-1,-1,,,,2.3819914630455066,0.8888888888888888,0.11111111111111116,0.7857142857142857,0.2142857142857143,CHEMBL3979_EC50
89165191,mondrian_pairgap,cliffB_oracle,all,225,211,0.9377777777777778,0.8982807458593837,0.9625772517045844,2.383807469914915,,,,,CHEMBL3979_EC50
89165191,mondrian_pairgap,cliffB_oracle,cliff,5,5,1.0,0.5655175352168251,1.0,2.2689804954611956,,,,,CHEMBL3979_EC50
89165191,mondrian_pairgap,cliffB_oracle,noncliff,220,206,0.9363636363636364,0.896031718383495,0.9617182311189322,2.386417173879772,,,,,CHEMBL3979_EC50
89165191,mondrian_pairgap,cliffA,all,225,211,0.9377777777777778,0.8982807458593837,0.9625772517045844,2.383807469914915,,,,,CHEMBL3979_EC50
89165191,mondrian_pairgap,cliffA,cliff,16,14,0.875,0.639771727342413,0.9650225122567595,2.280987851956306,,,,,CHEMBL3979_EC50
89165191,mondrian_pairgap,cliffA,noncliff,209,197,0.9425837320574163,0.9023377108412581,0.9668538509204528,2.3916788282275356,,,,,CHEMBL3979_EC50
89165191,mondrian_pairgap,__bins__,__summary__,-1,-1,,,,2.383807469914915,0.8214285714285714,0.1785714285714286,0.7857142857142857,0.2142857142857143,CHEMBL3979_EC50
89165191,mondrian_rfstd,cliffB_oracle,all,225,211,0.9377777777777778,0.8982807458593837,0.9625772517045844,2.323871268010272,,,,,CHEMBL3979_EC50
89165191,mondrian_rfstd,cliffB_oracle,cliff,5,5,1.0,0.5655175352168251,1.0,2.323871268010272,,,,,CHEMBL3979_EC50
89165191,mondrian_rfstd,cliffB_oracle,noncliff,220,206,0.9363636363636364,0.896031718383495,0.9617182311189322,2.3238712680102727,,,,,CHEMBL3979_EC50
89165191,mondrian_rfstd,cliffA,all,225,211,0.9377777777777778,0.8982807458593837,0.9625772517045844,2.323871268010272,,,,,CHEMBL3979_EC50
89165191,mondrian_rfstd,cliffA,cliff,16,14,0.875,0.639771727342413,0.9650225122567595,2.323871268010272,,,,,CHEMBL3979_EC50
89165191,mondrian_rfstd,cliffA,noncliff,209,197,0.9425837320574163,0.9023377108412581,0.9668538509204528,2.323871268010272,,,,,CHEMBL3979_EC50
89165191,mondrian_rfstd,__bins__,__summary__,-1,-1,,,,2.323871268010272,0.8888888888888888,0.11111111111111116,0.7857142857142857,0.2142857142857143,CHEMBL3979_EC50
71339737,global,cliffB_oracle,all,265,240,0.9056603773584906,0.8644458351797597,0.9352820079257038,2.404888104157622,,,,,CHEMBL287_Ki
71339737,global,cliffB_oracle,cliff,8,4,0.5,0.21521606221387757,0.7847839377861224,2.4048881041576227,,,,,CHEMBL287_Ki
71339737,global,cliffB_oracle,noncliff,257,236,0.9182879377431906,0.8783193808634348,0.9459360920665562,2.404888104157622,,,,,CHEMBL287_Ki
71339737,global,cliffA,all,265,240,0.9056603773584906,0.8644458351797597,0.9352820079257038,2.404888104157622,,,,,CHEMBL287_Ki
71339737,global,cliffA,cliff,15,10,0.6666666666666666,0.41713547738519774,0.8482367556028526,2.404888104157622,,,,,CHEMBL287_Ki
71339737,global,cliffA,noncliff,250,230,0.92,0.8796703567961583,0.9476176716276683,2.404888104157622,,,,,CHEMBL287_Ki
71339737,global,__bins__,__summary__,-1,-1,,,,2.404888104157622,0.8412698412698413,0.15873015873015872,0.7352941176470589,0.2647058823529411,CHEMBL287_Ki
71339737,mondrian_pair,cliffB_oracle,all,265,240,0.9056603773584906,0.8644458351797597,0.9352820079257038,2.4202300571790163,,,,,CHEMBL287_Ki
71339737,mondrian_pair,cliffB_oracle,cliff,8,4,0.5,0.21521606221387757,0.7847839377861224,2.4934760220642627,,,,,CHEMBL287_Ki
71339737,mondrian_pair,cliffB_oracle,noncliff,257,236,0.9182879377431906,0.8783193808634348,0.9459360920665562,2.417950027143678,,,,,CHEMBL287_Ki
71339737,mondrian_pair,cliffA,all,265,240,0.9056603773584906,0.8644458351797597,0.9352820079257038,2.4202300571790163,,,,,CHEMBL287_Ki
71339737,mondrian_pair,cliffA,cliff,15,10,0.6666666666666666,0.41713547738519774,0.8482367556028526,2.527447698697595,,,,,CHEMBL287_Ki
71339737,mondrian_pair,cliffA,noncliff,250,230,0.92,0.8796703567961583,0.9476176716276683,2.413796998687902,,,,,CHEMBL287_Ki
71339737,mondrian_pair,__bins__,__summary__,-1,-1,,,,2.4202300571790163,0.8412698412698413,0.15873015873015872,0.7352941176470589,0.2647058823529411,CHEMBL287_Ki
71339737,mondrian_wstd,cliffB_oracle,all,265,240,0.9056603773584906,0.8644458351797597,0.9352820079257038,2.5831254917915887,,,,,CHEMBL287_Ki
71339737,mondrian_wstd,cliffB_oracle,cliff,8,4,0.5,0.21521606221387757,0.7847839377861224,2.516569939800924,,,,,CHEMBL287_Ki
71339737,mondrian_wstd,cliffB_oracle,noncliff,257,236,0.9182879377431906,0.8783193808634348,0.9459360920665562,2.58519725994694,,,,,CHEMBL287_Ki
71339737,mondrian_wstd,cliffA,all,265,240,0.9056603773584906,0.8644458351797597,0.9352820079257038,2.5831254917915887,,,,,CHEMBL287_Ki
71339737,mondrian_wstd,cliffA,cliff,15,10,0.6666666666666666,0.41713547738519774,0.8482367556028526,2.671191694154834,,,,,CHEMBL287_Ki
71339737,mondrian_wstd,cliffA,noncliff,250,230,0.92,0.8796703567961583,0.9476176716276683,2.5778415196497937,,,,,CHEMBL287_Ki
71339737,mondrian_wstd,__bins__,__summary__,-1,-1,,,,2.5831254917915887,0.8055555555555556,0.13095238095238093,0.7647058823529411,0.23529411764705888,CHEMBL287_Ki
71339737,mondrian_std,cliffB_oracle,all,265,241,0.909433962264151,0.8687824575720593,0.9383847143064783,2.54934727755476,,,,,CHEMBL287_Ki
71339737,mondrian_std,cliffB_oracle,cliff,8,4,0.5,0.21521606221387757,0.7847839377861224,2.493366899264454,,,,,CHEMBL287_Ki
71339737,mondrian_std,cliffB_oracle,noncliff,257,237,0.9221789883268483,0.8828623602045093,0.9490606054969236,2.5510898574237193,,,,,CHEMBL287_Ki
71339737,mondrian_std,cliffA,all,265,241,0.909433962264151,0.8687824575720593,0.9383847143064783,2.54934727755476,,,,,CHEMBL287_Ki
71339737,mondrian_std,cliffA,cliff,15,10,0.6666666666666666,0.41713547738519774,0.8482367556028526,2.5809272973706876,,,,,CHEMBL287_Ki
71339737,mondrian_std,cliffA,noncliff,250,231,0.924,0.8843586026895993,0.9508083593382637,2.547452476365804,,,,,CHEMBL287_Ki
71339737,mondrian_std,__bins__,__summary__,-1,-1,,,,2.54934727755476,0.873015873015873,0.05801860974274764,0.7647058823529411,0.23529411764705888,CHEMBL287_Ki
71339737,mondrian_iqr,cliffB_oracle,all,265,239,0.9018867924528302,0.8601253452372336,0.9321631690951558,2.3675532000138393,,,,,CHEMBL287_Ki
71339737,mondrian_iqr,cliffB_oracle,cliff,8,4,0.5,0.21521606221387757,0.7847839377861224,2.369041185323918,,,,,CHEMBL287_Ki
71339737,mondrian_iqr,cliffB_oracle,noncliff,257,235,0.914396887159533,0.8737973450613741,0.9427906350971751,2.3675068814049656,,,,,CHEMBL287_Ki
71339737,mondrian_iqr,cliffA,all,265,239,0.9018867924528302,0.8601253452372336,0.9321631690951558,2.3675532000138393,,,,,CHEMBL287_Ki
71339737,mondrian_iqr,cliffA,cliff,15,10,0.6666666666666666,0.41713547738519774,0.8482367556028526,2.366651390735005,,,,,CHEMBL287_Ki
71339737,mondrian_iqr,cliffA,noncliff,250,229,0.916,0.8750051335864347,0.9444039612333553,2.367607308570569,,,,,CHEMBL287_Ki
71339737,mondrian_iqr,__bins__,__summary__,-1,-1,,,,2.3675532000138393,0.8412698412698413,0.15873015873015872,0.7352941176470589,0.2647058823529411,CHEMBL287_Ki
71339737,mondrian_nb,cliffB_oracle,all,265,240,0.9056603773584906,0.8644458351797597,0.9352820079257038,2.5238352807589908,,,,,CHEMBL287_Ki
71339737,mondrian_nb,cliffB_oracle,cliff,8,4,0.5,0.21521606221387757,0.7847839377861224,2.5813234097117466,,,,,CHEMBL287_Ki
71339737,mondrian_nb,cliffB_oracle,noncliff,257,236,0.9182879377431906,0.8783193808634348,0.9459360920665562,2.5220457670172705,,,,,CHEMBL287_Ki
71339737,mondrian_nb,cliffA,all,265,240,0.9056603773584906,0.8644458351797597,0.9352820079257038,2.5238352807589908,,,,,CHEMBL287_Ki
71339737,mondrian_nb,cliffA,cliff,15,10,0.6666666666666666,0.41713547738519774,0.8482367556028526,2.589481895699633,,,,,CHEMBL287_Ki
71339737,mondrian_nb,cliffA,noncliff,250,230,0.92,0.8796703567961583,0.9476176716276683,2.519896483862552,,,,,CHEMBL287_Ki
71339737,mondrian_nb,__bins__,__summary__,-1,-1,,,,2.5238352807589908,0.8412698412698413,0.15873015873015872,0.7352941176470589,0.2647058823529411,CHEMBL287_Ki
71339737,mondrian_nnsim,cliffB_oracle,all,265,246,0.9283018867924528,0.8907416468181908,0.9536221689257174,2.529612542493978,,,,,CHEMBL287_Ki
71339737,mondrian_nnsim,cliffB_oracle,cliff,8,4,0.5,0.21521606221387757,0.7847839377861224,2.399413129483383,,,,,CHEMBL287_Ki
71339737,mondrian_nnsim,cliffB_oracle,noncliff,257,242,0.9416342412451362,0.9059463787663443,0.9643140507922973,2.533665442509872,,,,,CHEMBL287_Ki
71339737,mondrian_nnsim,cliffA,all,265,246,0.9283018867924528,0.8907416468181908,0.9536221689257174,2.529612542493978,,,,,CHEMBL287_Ki
71339737,mondrian_nnsim,cliffA,cliff,15,10,0.6666666666666666,0.41713547738519774,0.8482367556028526,2.3882257425613562,,,,,CHEMBL287_Ki
71339737,mondrian_nnsim,cliffA,noncliff,250,236,0.944,0.908209279267056,0.966352350780989,2.5380957504899353,,,,,CHEMBL287_Ki
71339737,mondrian_nnsim,__bins__,__summary__,-1,-1,,,,2.529612542493978,0.8571428571428571,0.1428571428571429,0.8484848484848485,0.1515151515151515,CHEMBL287_Ki
71339737,mondrian_pairgap,cliffB_oracle,all,265,242,0.9132075471698113,0.8731360863160538,0.9414704143355579,2.4970789280066916,,,,,CHEMBL287_Ki
71339737,mondrian_pairgap,cliffB_oracle,cliff,8,4,0.5,0.21521606221387757,0.7847839377861224,2.4342726902006624,,,,,CHEMBL287_Ki
71339737,mondrian_pairgap,cliffB_oracle,noncliff,257,238,0.9260700389105059,0.8874276597896547,0.95216279868322,2.4990339859928716,,,,,CHEMBL287_Ki
71339737,mondrian_pairgap,cliffA,all,265,242,0.9132075471698113,0.8731360863160538,0.9414704143355579,2.4970789280066916,,,,,CHEMBL287_Ki
71339737,mondrian_pairgap,cliffA,cliff,15,10,0.6666666666666666,0.41713547738519774,0.8482367556028526,2.4455594898941344,,,,,CHEMBL287_Ki
71339737,mondrian_pairgap,cliffA,noncliff,250,232,0.928,0.8890714648901645,0.953974430741735,2.500170094293445,,,,,CHEMBL287_Ki
71339737,mondrian_pairgap,__bins__,__summary__,-1,-1,,,,2.4970789280066916,0.8571428571428571,0.1428571428571429,0.7647058823529411,0.23529411764705888,CHEMBL287_Ki
71339737,mondrian_rfstd,cliffB_oracle,all,265,249,0.939622641509434,0.9041844383998434,0.962497363663287,2.6980799147223538,,,,,CHEMBL287_Ki
71339737,mondrian_rfstd,cliffB_oracle,cliff,8,3,0.375,0.13684428582359742,0.6942576053973727,2.7764779916324347,,,,,CHEMBL287_Ki
71339737,mondrian_rfstd,cliffB_oracle,noncliff,257,246,0.9571984435797666,0.9249955528060518,0.9759348478383569,2.695639507659005,,,,,CHEMBL287_Ki
71339737,mondrian_rfstd,cliffA,all,265,249,0.939622641509434,0.9041844383998434,0.962497363663287,2.6980799147223538,,,,,CHEMBL287_Ki
71339737,mondrian_rfstd,cliffA,cliff,15,10,0.6666666666666666,0.41713547738519774,0.8482367556028526,2.7280684534437953,,,,,CHEMBL287_Ki
71339737,mondrian_rfstd,cliffA,noncliff,250,239,0.956,0.9229422290276481,0.9752562018325064,2.6962806023990673,,,,,CHEMBL287_Ki
71339737,mondrian_rfstd,__bins__,__summary__,-1,-1,,,,2.6980799147223538,0.873015873015873,0.12698412698412698,0.8823529411764706,0.11764705882352944,CHEMBL287_Ki
99182118,global,cliffB_oracle,all,265,246,0.9283018867924528,0.8907416468181908,0.9536221689257174,2.9293882843598045,,,,,CHEMBL287_Ki
99182118,global,cliffB_oracle,cliff,7,7,1.0,0.6456695649333126,1.0,2.929388284359805,,,,,CHEMBL287_Ki
99182118,global,cliffB_oracle,noncliff,258,239,0.9263565891472868,0.8878528553398222,0.9523502240000823,2.9293882843598045,,,,,CHEMBL287_Ki
99182118,global,cliffA,all,265,246,0.9283018867924528,0.8907416468181908,0.9536221689257174,2.9293882843598045,,,,,CHEMBL287_Ki
99182118,global,cliffA,cliff,16,16,1.0,0.8063923194655637,1.0,2.9293882843598045,,,,,CHEMBL287_Ki
99182118,global,cliffA,noncliff,249,230,0.9236947791164659,0.8839064593482491,0.9506085801715689,2.929388284359804,,,,,CHEMBL287_Ki
99182118,global,__bins__,__summary__,-1,-1,,,,2.9293882843598045,0.8548387096774194,0.14516129032258063,0.8235294117647058,0.17647058823529416,CHEMBL287_Ki
99182118,mondrian_pair,cliffB_oracle,all,265,243,0.9169811320754717,0.8775076864595288,0.9445381429651569,2.823132949888175,,,,,CHEMBL287_Ki
99182118,mondrian_pair,cliffB_oracle,cliff,7,5,0.7142857142857143,0.35893445183261935,0.9177810759959433,2.618458161800448,,,,,CHEMBL287_Ki
99182118,mondrian_pair,cliffB_oracle,noncliff,258,238,0.9224806201550387,0.883304595971615,0.9492602735561084,2.828686141813036,,,,,CHEMBL287_Ki
99182118,mondrian_pair,cliffA,all,265,243,0.9169811320754717,0.8775076864595288,0.9445381429651569,2.823132949888175,,,,,CHEMBL287_Ki
99182118,mondrian_pair,cliffA,cliff,16,14,0.875,0.639771727342413,0.9650225122567595,2.5565417019337273,,,,,CHEMBL287_Ki
99182118,mondrian_pair,cliffA,noncliff,249,229,0.9196787148594378,0.879200108026413,0.9474048363320796,2.8402633112025173,,,,,CHEMBL287_Ki
99182118,mondrian_pair,__bins__,__summary__,-1,-1,,,,2.823132949888175,0.8548387096774194,0.14516129032258063,0.7941176470588235,0.20588235294117652,CHEMBL287_Ki
99182118,mondrian_wstd,cliffB_oracle,all,265,250,0.9433962264150944,0.9087203675663175,0.965400763269887,3.0780409017170896,,,,,CHEMBL287_Ki
99182118,mondrian_wstd,cliffB_oracle,cliff,7,7,1.0,0.6456695649333126,1.0,3.0381944109743735,,,,,CHEMBL287_Ki
99182118,mondrian_wstd,cliffB_oracle,noncliff,258,243,0.9418604651162791,0.906302309666425,0.9644536089222032,3.07912200805507,,,,,CHEMBL287_Ki
99182118,mondrian_wstd,cliffA,all,265,250,0.9433962264150944,0.9087203675663175,0.965400763269887,3.0780409017170896,,,,,CHEMBL287_Ki
99182118,mondrian_wstd,cliffA,cliff,16,16,1.0,0.8063923194655637,1.0,3.236570463207527,,,,,CHEMBL287_Ki
99182118,mondrian_wstd,cliffA,noncliff,249,234,0.9397590361445783,0.902998569262111,0.9631568509030082,3.067854263227744,,,,,CHEMBL287_Ki
99182118,mondrian_wstd,__bins__,__summary__,-1,-1,,,,3.0780409017170896,0.8620689655172413,0.13793103448275867,0.9117647058823529,0.08823529411764708,CHEMBL287_Ki
99182118,mondrian_std,cliffB_oracle,all,265,249,0.939622641509434,0.9041844383998434,0.962497363663287,3.0477691583004334,,,,,CHEMBL287_Ki
99182118,mondrian_std,cliffB_oracle,cliff,7,7,1.0,0.6456695649333126,1.0,3.049536163945123,,,,,CHEMBL287_Ki
99182118,mondrian_std,cliffB_oracle,noncliff,258,242,0.937984496124031,0.9016474690817857,0.9614702396946617,3.0477212162868175,,,,,CHEMBL287_Ki
99182118,mondrian_std,cliffA,all,265,249,0.939622641509434,0.9041844383998434,0.962497363663287,3.0477691583004334,,,,,CHEMBL287_Ki
99182118,mondrian_std,cliffA,cliff,16,16,1.0,0.8063923194655637,1.0,3.24153248013223,,,,,CHEMBL287_Ki
99182118,mondrian_std,cliffA,noncliff,249,233,0.9357429718875502,0.898181374332324,0.9600639506714698,3.0353185030823258,,,,,CHEMBL287_Ki
99182118,mondrian_std,__bins__,__summary__,-1,-1,,,,3.0477691583004334,0.8620689655172413,0.13793103448275867,0.8529411764705882,0.1470588235294118,CHEMBL287_Ki
99182118,mondrian_iqr,cliffB_oracle,all,265,246,0.9283018867924528,0.8907416468181908,0.9536221689257174,2.95635846973201,,,,,CHEMBL287_Ki
99182118,mondrian_iqr,cliffB_oracle,cliff,7,7,1.0,0.6456695649333126,1.0,2.946693609114367,,,,,CHEMBL287_Ki
99182118,mondrian_iqr,cliffB_oracle,noncliff,258,239,0.9263565891472868,0.8878528553398222,0.9523502240000823,2.9566206946324884,,,,,CHEMBL287_Ki
99182118,mondrian_iqr,cliffA,all,265,246,0.9283018867924528,0.8907416468181908,0.9536221689257174,2.95635846973201,,,,,CHEMBL287_Ki
99182118,mondrian_iqr,cliffA,cliff,16,16,1.0,0.8063923194655637,1.0,2.9407449037299864,,,,,CHEMBL287_Ki
99182118,mondrian_iqr,cliffA,noncliff,249,230,0.9236947791164659,0.8839064593482491,0.9506085801715689,2.957361751081537,,,,,CHEMBL287_Ki
99182118,mondrian_iqr,__bins__,__summary__,-1,-1,,,,2.95635846973201,0.8548387096774194,0.14516129032258063,0.8235294117647058,0.17647058823529416,CHEMBL287_Ki
99182118,mondrian_nb,cliffB_oracle,all,265,241,0.909433962264151,0.8687824575720593,0.9383847143064783,2.827502836697008,,,,,CHEMBL287_Ki
99182118,mondrian_nb,cliffB_oracle,cliff,7,4,0.5714285714285714,0.2504583645276572,0.8417801447485302,2.5001432725364765,,,,,CHEMBL287_Ki
99182118,mondrian_nb,cliffB_oracle,noncliff,258,237,0.9186046511627907,0.8787785599762715,0.9461480997392709,2.836384685337023,,,,,CHEMBL287_Ki
99182118,mondrian_nb,cliffA,all,265,241,0.909433962264151,0.8687824575720593,0.9383847143064783,2.827502836697008,,,,,CHEMBL287_Ki
99182118,mondrian_nb,cliffA,cliff,16,11,0.6875,0.44404355834740666,0.8583535614521796,2.395517523942491,,,,,CHEMBL287_Ki
99182118,mondrian_nb,cliffA,noncliff,249,230,0.9236947791164659,0.8839064593482491,0.9506085801715689,2.855260929082841,,,,,CHEMBL287_Ki
99182118,mondrian_nb,__bins__,__summary__,-1,-1,,,,2.827502836697008,0.8548387096774194,0.14516129032258063,0.8235294117647058,0.14616755793226388,CHEMBL287_Ki
99182118,mondrian_nnsim,cliffB_oracle,all,265,249,0.939622641509434,0.9041844383998434,0.962497363663287,3.091314485167709,,,,,CHEMBL287_Ki
99182118,mondrian_nnsim,cliffB_oracle,cliff,7,7,1.0,0.6456695649333126,1.0,3.423825424271897,,,,,CHEMBL287_Ki
99182118,mondrian_nnsim,cliffB_oracle,noncliff,258,242,0.937984496124031,0.9016474690817857,0.9614702396946617,3.0822928705408508,,,,,CHEMBL287_Ki
99182118,mondrian_nnsim,cliffA,all,265,249,0.939622641509434,0.9041844383998434,0.962497363663287,3.091314485167709,,,,,CHEMBL287_Ki
99182118,mondrian_nnsim,cliffA,cliff,16,16,1.0,0.8063923194655637,1.0,3.3187575320405776,,,,,CHEMBL287_Ki
99182118,mondrian_nnsim,cliffA,noncliff,249,233,0.9357429718875502,0.898181374332324,0.9600639506714698,3.076699670910818,,,,,CHEMBL287_Ki
99182118,mondrian_nnsim,__bins__,__summary__,-1,-1,,,,3.091314485167709,0.8620689655172413,0.13793103448275867,0.8823529411764706,0.11764705882352944,CHEMBL287_Ki
99182118,mondrian_pairgap,cliffB_oracle,all,265,246,0.9283018867924528,0.8907416468181908,0.9536221689257174,3.0304306678892834,,,,,CHEMBL287_Ki
99182118,mondrian_pairgap,cliffB_oracle,cliff,7,7,1.0,0.6456695649333126,1.0,2.9225076330858997,,,,,CHEMBL287_Ki
99182118,mondrian_pairgap,cliffB_oracle,noncliff,258,239,0.9263565891472868,0.8878528553398222,0.9523502240000823,3.0333588122444146,,,,,CHEMBL287_Ki
99182118,mondrian_pairgap,cliffA,all,265,246,0.9283018867924528,0.8907416468181908,0.9536221689257174,3.0304306678892834,,,,,CHEMBL287_Ki
99182118,mondrian_pairgap,cliffA,cliff,16,16,1.0,0.8063923194655637,1.0,2.9759933376078624,,,,,CHEMBL287_Ki
99182118,mondrian_pairgap,cliffA,noncliff,249,230,0.9236947791164659,0.8839064593482491,0.9506085801715689,3.033928648951543,,,,,CHEMBL287_Ki
99182118,mondrian_pairgap,__bins__,__summary__,-1,-1,,,,3.0304306678892834,0.8548387096774194,0.14516129032258063,0.8235294117647058,0.17647058823529416,CHEMBL287_Ki
99182118,mondrian_rfstd,cliffB_oracle,all,265,246,0.9283018867924528,0.8907416468181908,0.9536221689257174,2.967834719792389,,,,,CHEMBL287_Ki
99182118,mondrian_rfstd,cliffB_oracle,cliff,7,6,0.8571428571428571,0.4868721707256811,0.9743203756552565,3.010387324055479,,,,,CHEMBL287_Ki
99182118,mondrian_rfstd,cliffB_oracle,noncliff,258,240,0.9302325581395349,0.8924248815146324,0.9554164076374531,2.9666801917697474,,,,,CHEMBL287_Ki
99182118,mondrian_rfstd,cliffA,all,265,246,0.9283018867924528,0.8907416468181908,0.9536221689257174,2.967834719792389,,,,,CHEMBL287_Ki
99182118,mondrian_rfstd,cliffA,cliff,16,12,0.75,0.5050168346449122,0.8981793250878696,2.808568107331565,,,,,CHEMBL287_Ki
99182118,mondrian_rfstd,cliffA,noncliff,249,234,0.9397590361445783,0.902998569262111,0.9631568509030082,2.9780687189866586,,,,,CHEMBL287_Ki
99182118,mondrian_rfstd,__bins__,__summary__,-1,-1,,,,2.967834719792389,0.896551724137931,0.10344827586206895,0.8787878787878788,0.09090909090909094,CHEMBL287_Ki
89709943,global,cliffB_oracle,all,265,228,0.8603773584905661,0.8134784556237091,0.8969774422048655,2.1904846009046053,,,,,CHEMBL287_Ki
89709943,global,cliffB_oracle,cliff,8,7,0.875,0.5291118177871464,0.9775825085499433,2.1904846009046057,,,,,CHEMBL287_Ki
89709943,global,cliffB_oracle,noncliff,257,221,0.8599221789883269,0.812170696239278,0.8970723851190864,2.1904846009046053,,,,,CHEMBL287_Ki
89709943,global,cliffA,all,265,228,0.8603773584905661,0.8134784556237091,0.8969774422048655,2.1904846009046053,,,,,CHEMBL287_Ki
89709943,global,cliffA,cliff,18,17,0.9444444444444444,0.7424269921812741,0.990124809021697,2.1904846009046057,,,,,CHEMBL287_Ki
89709943,global,cliffA,noncliff,247,211,0.854251012145749,0.8048241356930634,0.8928276831998136,2.1904846009046053,,,,,CHEMBL287_Ki
89709943,global,__bins__,__summary__,-1,-1,,,,2.1904846009046053,0.6774193548387096,0.28924731182795704,0.6764705882352942,0.29322638146167557,CHEMBL287_Ki
89709943,mondrian_pair,cliffB_oracle,all,265,228,0.8603773584905661,0.8134784556237091,0.8969774422048655,2.191932057546375,,,,,CHEMBL287_Ki
89709943,mondrian_pair,cliffB_oracle,cliff,8,7,0.875,0.5291118177871464,0.9775825085499433,2.1916882913127718,,,,,CHEMBL287_Ki
89709943,mondrian_pair,cliffB_oracle,noncliff,257,221,0.8599221789883269,0.812170696239278,0.8970723851190864,2.191939645600339,,,,,CHEMBL287_Ki
89709943,mondrian_pair,cliffA,all,265,228,0.8603773584905661,0.8134784556237091,0.8969774422048655,2.191932057546375,,,,,CHEMBL287_Ki
89709943,mondrian_pair,cliffA,cliff,18,17,0.9444444444444444,0.7424269921812741,0.990124809021697,2.1916437101865434,,,,,CHEMBL287_Ki
89709943,mondrian_pair,cliffA,noncliff,247,211,0.854251012145749,0.8048241356930634,0.8928276831998136,2.1919530707142982,,,,,CHEMBL287_Ki
89709943,mondrian_pair,__bins__,__summary__,-1,-1,,,,2.191932057546375,0.6774193548387096,0.28924731182795704,0.6764705882352942,0.29322638146167557,CHEMBL287_Ki
89709943,mondrian_wstd,cliffB_oracle,all,265,234,0.8830188679245283,0.8387393520211164,0.9163525184459027,2.2626498139005853,,,,,CHEMBL287_Ki
89709943,mondrian_wstd,cliffB_oracle,cliff,8,7,0.875,0.5291118177871464,0.9775825085499433,2.2347526135063065,,,,,CHEMBL287_Ki
89709943,mondrian_wstd,cliffB_oracle,noncliff,257,227,0.8832684824902723,0.8382500462866237,0.9169979917003913,2.263518209243598,,,,,CHEMBL287_Ki
89709943,mondrian_wstd,cliffA,all,265,234,0.8830188679245283,0.8387393520211164,0.9163525184459027,2.2626498139005853,,,,,CHEMBL287_Ki
89709943,mondrian_wstd,cliffA,cliff,18,17,0.9444444444444444,0.7424269921812741,0.990124809021697,2.249508617706873,,,,,CHEMBL287_Ki
89709943,mondrian_wstd,cliffA,noncliff,247,217,0.8785425101214575,0.8319075933292037,0.9135832074306134,2.263607471922799,,,,,CHEMBL287_Ki
89709943,mondrian_wstd,__bins__,__summary__,-1,-1,,,,2.2626498139005853,0.6774193548387096,0.28924731182795704,0.7647058823529411,0.2049910873440286,CHEMBL287_Ki
89709943,mondrian_std,cliffB_oracle,all,265,232,0.8754716981132076,0.8302747281848076,0.9099384847360633,2.230935647518561,,,,,CHEMBL287_Ki
89709943,mondrian_std,cliffB_oracle,cliff,8,7,0.875,0.5291118177871464,0.9775825085499433,2.1989279796241803,,,,,CHEMBL287_Ki
89709943,mondrian_std,cliffB_oracle,noncliff,257,225,0.8754863813229572,0.829509168659479,0.9104038837846525,2.2319319951572965,,,,,CHEMBL287_Ki
89709943,mondrian_std,cliffA,all,265,232,0.8754716981132076,0.8302747281848076,0.9099384847360633,2.230935647518561,,,,,CHEMBL287_Ki
89709943,mondrian_std,cliffA,cliff,18,17,0.9444444444444444,0.7424269921812741,0.990124809021697,2.178073615914801,,,,,CHEMBL287_Ki
89709943,mondrian_std,cliffA,noncliff,247,215,0.8704453441295547,0.8228296521349049,0.9067148213359323,2.2347879413196448,,,,,CHEMBL287_Ki
89709943,mondrian_std,__bins__,__summary__,-1,-1,,,,2.230935647518561,0.7096774193548387,0.25698924731182793,0.7878787878787878,0.18181818181818188,CHEMBL287_Ki
89709943,mondrian_iqr,cliffB_oracle,all,265,232,0.8754716981132076,0.8302747281848076,0.9099384847360633,2.2184769427760327,,,,,CHEMBL287_Ki
89709943,mondrian_iqr,cliffB_oracle,cliff,8,7,0.875,0.5291118177871464,0.9775825085499433,2.2056853603224913,,,,,CHEMBL287_Ki
89709943,mondrian_iqr,cliffB_oracle,noncliff,257,225,0.8754863813229572,0.829509168659479,0.9104038837846525,2.218875124331007,,,,,CHEMBL287_Ki
89709943,mondrian_iqr,cliffA,all,265,232,0.8754716981132076,0.8302747281848076,0.9099384847360633,2.2184769427760327,,,,,CHEMBL287_Ki
89709943,mondrian_iqr,cliffA,cliff,18,17,0.9444444444444444,0.7424269921812741,0.990124809021697,2.203996387053837,,,,,CHEMBL287_Ki
89709943,mondrian_iqr,cliffA,noncliff,247,215,0.8704453441295547,0.8228296521349049,0.9067148213359323,2.219532205946072,,,,,CHEMBL287_Ki
89709943,mondrian_iqr,__bins__,__summary__,-1,-1,,,,2.2184769427760327,0.7419354838709677,0.22473118279569892,0.7647058823529411,0.2049910873440286,CHEMBL287_Ki
89709943,mondrian_nb,cliffB_oracle,all,265,240,0.9056603773584906,0.8644458351797597,0.9352820079257038,2.3162975253541656,,,,,CHEMBL287_Ki
89709943,mondrian_nb,cliffB_oracle,cliff,8,8,1.0,0.6755924351161198,1.0,2.321400643421064,,,,,CHEMBL287_Ki
89709943,mondrian_nb,cliffB_oracle,noncliff,257,232,0.9027237354085603,0.8603452123580511,0.9332402894861729,2.3161386734299043,,,,,CHEMBL287_Ki
89709943,mondrian_nb,cliffA,all,265,240,0.9056603773584906,0.8644458351797597,0.9352820079257038,2.3162975253541656,,,,,CHEMBL287_Ki
89709943,mondrian_nb,cliffA,cliff,18,18,1.0,0.8241207763533425,1.0,2.2327949044311404,,,,,CHEMBL287_Ki
89709943,mondrian_nb,cliffA,noncliff,247,222,0.8987854251012146,0.8548571428944114,0.930499476087856,2.3223827365955203,,,,,CHEMBL287_Ki
89709943,mondrian_nb,__bins__,__summary__,-1,-1,,,,2.3162975253541656,0.8064516129032258,0.16129032258064524,0.8181818181818182,0.1515151515151515,CHEMBL287_Ki
89709943,mondrian_nnsim,cliffB_oracle,all,265,229,0.8641509433962264,0.8176618836480716,0.9002333429535772,2.176905907829095,,,,,CHEMBL287_Ki
89709943,mondrian_nnsim,cliffB_oracle,cliff,8,7,0.875,0.5291118177871464,0.9775825085499433,2.2284864994493194,,,,,CHEMBL287_Ki
89709943,mondrian_nnsim,cliffB_oracle,noncliff,257,222,0.8638132295719845,0.8164884918813317,0.9004220822484744,2.175300286300061,,,,,CHEMBL287_Ki
89709943,mondrian_nnsim,cliffA,all,265,229,0.8641509433962264,0.8176618836480716,0.9002333429535772,2.176905907829095,,,,,CHEMBL287_Ki
89709943,mondrian_nnsim,cliffA,cliff,18,17,0.9444444444444444,0.7424269921812741,0.990124809021697,2.2083673945108764,,,,,CHEMBL287_Ki
89709943,mondrian_nnsim,cliffA,noncliff,247,212,0.8582995951417004,0.8093078514117512,0.8963171311256158,2.1746131679089653,,,,,CHEMBL287_Ki
89709943,mondrian_nnsim,__bins__,__summary__,-1,-1,,,,2.176905907829095,0.6774193548387096,0.28924731182795704,0.7352941176470589,0.23440285204991085,CHEMBL287_Ki
89709943,mondrian_pairgap,cliffB_oracle,all,265,230,0.8679245283018868,0.821855494787922,0.9034790605868008,2.1699687944252193,,,,,CHEMBL287_Ki
89709943,mondrian_pairgap,cliffB_oracle,cliff,8,4,0.5,0.21521606221387757,0.7847839377861224,2.012260544247628,,,,,CHEMBL287_Ki
89709943,mondrian_pairgap,cliffB_oracle,noncliff,257,226,0.8793774319066148,0.8338732471672454,0.9137072980483278,2.1748780006564283,,,,,CHEMBL287_Ki
89709943,mondrian_pairgap,cliffA,all,265,230,0.8679245283018868,0.821855494787922,0.9034790605868008,2.1699687944252193,,,,,CHEMBL287_Ki
89709943,mondrian_pairgap,cliffA,cliff,18,14,0.7777777777777778,0.5478541568378739,0.9099907189139831,2.0526387167857485,,,,,CHEMBL287_Ki
89709943,mondrian_pairgap,cliffA,noncliff,247,216,0.8744939271255061,0.8273619513260364,0.910155685789291,2.178519164455626,,,,,CHEMBL287_Ki
89709943,mondrian_pairgap,__bins__,__summary__,-1,-1,,,,2.1699687944252193,0.7419354838709677,0.22473118279569892,0.7352941176470589,0.20409982174688057,CHEMBL287_Ki
89709943,mondrian_rfstd,cliffB_oracle,all,265,235,0.8867924528301887,0.8429898189128642,0.919541380327229,2.271001537560528,,,,,CHEMBL287_Ki
89709943,mondrian_rfstd,cliffB_oracle,cliff,8,5,0.625,0.30574239460262737,0.8631557141764026,2.2060351181650892,,,,,CHEMBL287_Ki
89709943,mondrian_rfstd,cliffB_oracle,noncliff,257,230,0.8949416342412452,0.8514623338127147,0.9267881824886257,2.2730238385533816,,,,,CHEMBL287_Ki
89709943,mondrian_rfstd,cliffA,all,265,235,0.8867924528301887,0.8429898189128642,0.919541380327229,2.271001537560528,,,,,CHEMBL287_Ki
89709943,mondrian_rfstd,cliffA,cliff,18,15,0.8333333333333334,0.6077796189608428,0.9416342319413856,2.217243806003,,,,,CHEMBL287_Ki
89709943,mondrian_rfstd,cliffA,noncliff,247,220,0.8906882591093117,0.8456303711698936,0.9237799205233936,2.274919105042453,,,,,CHEMBL287_Ki
89709943,mondrian_rfstd,__bins__,__summary__,-1,-1,,,,2.271001537560528,0.7741935483870968,0.19247311827956992,0.8181818181818182,0.1515151515151515,CHEMBL287_Ki
86921808,global,cliffB_oracle,all,265,244,0.9207547169811321,0.8818983281447511,0.9475868300530087,2.651097067894419,,,,,CHEMBL287_Ki
86921808,global,cliffB_oracle,cliff,10,7,0.7,0.39677814746114537,0.8922087325936989,2.651097067894419,,,,,CHEMBL287_Ki
86921808,global,cliffB_oracle,noncliff,255,237,0.9294117647058824,0.8911913710106529,0.9548863825215073,2.651097067894419,,,,,CHEMBL287_Ki
86921808,global,cliffA,all,265,244,0.9207547169811321,0.8818983281447511,0.9475868300530087,2.651097067894419,,,,,CHEMBL287_Ki
86921808,global,cliffA,cliff,16,13,0.8125,0.5699111903802586,0.9340840092857187,2.651097067894419,,,,,CHEMBL287_Ki
86921808,global,cliffA,noncliff,249,231,0.927710843373494,0.8886375374459506,0.9537875972351927,2.6510970678944186,,,,,CHEMBL287_Ki
86921808,global,__bins__,__summary__,-1,-1,,,,2.651097067894419,0.8793103448275862,0.12068965517241381,0.8181818181818182,0.18181818181818177,CHEMBL287_Ki
86921808,mondrian_pair,cliffB_oracle,all,265,244,0.9207547169811321,0.8818983281447511,0.9475868300530087,2.661399461914515,,,,,CHEMBL287_Ki
86921808,mondrian_pair,cliffB_oracle,cliff,10,6,0.6,0.31267376973365824,0.8318196702937638,2.5035507834280675,,,,,CHEMBL287_Ki
86921808,mondrian_pair,cliffB_oracle,noncliff,255,238,0.9333333333333333,0.8958410616379935,0.9579634293693462,2.6675896061688857,,,,,CHEMBL287_Ki
86921808,mondrian_pair,cliffA,all,265,244,0.9207547169811321,0.8818983281447511,0.9475868300530087,2.661399461914515,,,,,CHEMBL287_Ki
86921808,mondrian_pair,cliffA,cliff,16,12,0.75,0.5050168346449122,0.8981793250878696,2.518633679990174,,,,,CHEMBL287_Ki
86921808,mondrian_pair,cliffA,noncliff,249,232,0.9317269076305221,0.8933951540947224,0.9569400757477463,2.6705731667771233,,,,,CHEMBL287_Ki
86921808,mondrian_pair,__bins__,__summary__,-1,-1,,,,2.661399461914515,0.8709677419354839,0.12903225806451613,0.8181818181818182,0.18181818181818177,CHEMBL287_Ki
86921808,mondrian_wstd,cliffB_oracle,all,265,251,0.9471698113207547,0.9132878093420418,0.9682726502672367,2.854090879349868,,,,,CHEMBL287_Ki
86921808,mondrian_wstd,cliffB_oracle,cliff,10,9,0.9,0.5958499732047615,0.9821237869049271,2.915645997159534,,,,,CHEMBL287_Ki
86921808,mondrian_wstd,cliffB_oracle,noncliff,255,242,0.9490196078431372,0.9147435080903211,0.9699679328177365,2.851676953161254,,,,,CHEMBL287_Ki
86921808,mondrian_wstd,cliffA,all,265,251,0.9471698113207547,0.9132878093420418,0.9682726502672367,2.854090879349868,,,,,CHEMBL287_Ki
86921808,mondrian_wstd,cliffA,cliff,16,15,0.9375,0.7167126242970107,0.9888806552353576,2.8879902124281065,,,,,CHEMBL287_Ki
86921808,mondrian_wstd,cliffA,noncliff,249,236,0.9477911646586346,0.9127373261832638,0.9692382843045061,2.8519126089512667,,,,,CHEMBL287_Ki
86921808,mondrian_wstd,__bins__,__summary__,-1,-1,,,,2.854090879349868,0.896551724137931,0.10344827586206895,0.8787878787878788,0.12121212121212122,CHEMBL287_Ki
86921808,mondrian_std,cliffB_oracle,all,265,250,0.9433962264150944,0.9087203675663175,0.965400763269887,2.801050560347453,,,,,CHEMBL287_Ki
86921808,mondrian_std,cliffB_oracle,cliff,10,8,0.8,0.49016247153664183,0.9433178485456247,2.811159675405362,,,,,CHEMBL287_Ki
86921808,mondrian_std,cliffB_oracle,noncliff,255,242,0.9490196078431372,0.9147435080903211,0.9699679328177365,2.800654124462829,,,,,CHEMBL287_Ki
86921808,mondrian_std,cliffA,all,265,250,0.9433962264150944,0.9087203675663175,0.965400763269887,2.801050560347453,,,,,CHEMBL287_Ki
86921808,mondrian_std,cliffA,cliff,16,14,0.875,0.639771727342413,0.9650225122567595,2.822686261331749,,,,,CHEMBL287_Ki
86921808,mondrian_std,cliffA,noncliff,249,236,0.9477911646586346,0.9127373261832638,0.9692382843045061,2.799660314501073,,,,,CHEMBL287_Ki
86921808,mondrian_std,__bins__,__summary__,-1,-1,,,,2.801050560347453,0.896551724137931,0.10344827586206895,0.8787878787878788,0.12121212121212122,CHEMBL287_Ki
86921808,mondrian_iqr,cliffB_oracle,all,265,251,0.9471698113207547,0.9132878093420418,0.9682726502672367,2.8231554918023862,,,,,CHEMBL287_Ki
86921808,mondrian_iqr,cliffB_oracle,cliff,10,7,0.7,0.39677814746114537,0.8922087325936989,2.727089538453771,,,,,CHEMBL287_Ki
86921808,mondrian_iqr,cliffB_oracle,noncliff,255,244,0.9568627450980393,0.9244201379982512,0.9757447778601657,2.8269227840905673,,,,,CHEMBL287_Ki
86921808,mondrian_iqr,cliffA,all,265,251,0.9471698113207547,0.9132878093420418,0.9682726502672367,2.8231554918023862,,,,,CHEMBL287_Ki
86921808,mondrian_iqr,cliffA,cliff,16,13,0.8125,0.5699111903802586,0.9340840092857187,2.698592361994014,,,,,CHEMBL287_Ki
86921808,mondrian_iqr,cliffA,noncliff,249,238,0.9558232931726908,0.9226396858629587,0.9751561149474616,2.8311595483362573,,,,,CHEMBL287_Ki
86921808,mondrian_iqr,__bins__,__summary__,-1,-1,,,,2.8231554918023862,0.896551724137931,0.10344827586206895,0.8787878787878788,0.12121212121212122,CHEMBL287_Ki
86921808,mondrian_nb,cliffB_oracle,all,265,248,0.9358490566037736,0.8996774446399682,0.9595650286500881,2.749419293318508,,,,,CHEMBL287_Ki
86921808,mondrian_nb,cliffB_oracle,cliff,10,6,0.6,0.31267376973365824,0.8318196702937638,2.4904530973297994,,,,,CHEMBL287_Ki
86921808,mondrian_nb,cliffB_oracle,noncliff,255,242,0.9490196078431372,0.9147435080903211,0.9699679328177365,2.759574830416105,,,,,CHEMBL287_Ki
86921808,mondrian_nb,cliffA,all,265,248,0.9358490566037736,0.8996774446399682,0.9595650286500881,2.749419293318508,,,,,CHEMBL287_Ki
86921808,mondrian_nb,cliffA,cliff,16,12,0.75,0.5050168346449122,0.8981793250878696,2.5210403582149574,,,,,CHEMBL287_Ki
86921808,mondrian_nb,cliffA,noncliff,249,236,0.9477911646586346,0.9127373261832638,0.9692382843045061,2.764094244971749,,,,,CHEMBL287_Ki
86921808,mondrian_nb,__bins__,__summary__,-1,-1,,,,2.749419293318508,0.8620689655172413,0.13793103448275867,0.8787878787878788,0.12121212121212122,CHEMBL287_Ki
86921808,mondrian_nnsim,cliffB_oracle,all,265,248,0.9358490566037736,0.8996774446399682,0.9595650286500881,2.7656203026984247,,,,,CHEMBL287_Ki
86921808,mondrian_nnsim,cliffB_oracle,cliff,10,8,0.8,0.49016247153664183,0.9433178485456247,3.0517774248551666,,,,,CHEMBL287_Ki
86921808,mondrian_nnsim,cliffB_oracle,noncliff,255,240,0.9411764705882353,0.9052263453774707,0.964031620580228,2.754398454770709,,,,,CHEMBL287_Ki
86921808,mondrian_nnsim,cliffA,all,265,248,0.9358490566037736,0.8996774446399682,0.9595650286500881,2.7656203026984247,,,,,CHEMBL287_Ki
86921808,mondrian_nnsim,cliffA,cliff,16,14,0.875,0.639771727342413,0.9650225122567595,3.0088473866093723,,,,,CHEMBL287_Ki
86921808,mondrian_nnsim,cliffA,noncliff,249,234,0.9397590361445783,0.902998569262111,0.9631568509030082,2.74999125312985,,,,,CHEMBL287_Ki
86921808,mondrian_nnsim,__bins__,__summary__,-1,-1,,,,2.7656203026984247,0.8793103448275862,0.12068965517241381,0.8484848484848485,0.1515151515151515,CHEMBL287_Ki
86921808,mondrian_pairgap,cliffB_oracle,all,265,248,0.9358490566037736,0.8996774446399682,0.9595650286500881,2.7564937631981414,,,,,CHEMBL287_Ki
86921808,mondrian_pairgap,cliffB_oracle,cliff,10,5,0.5,0.236593090512564,0.7634069094874361,2.506952647754545,,,,,CHEMBL287_Ki
86921808,mondrian_pairgap,cliffB_oracle,noncliff,255,243,0.9529411764705882,0.9195597697036109,0.9728784086796263,2.7662796892939685,,,,,CHEMBL287_Ki
86921808,mondrian_pairgap,cliffA,all,265,248,0.9358490566037736,0.8996774446399682,0.9595650286500881,2.7564937631981414,,,,,CHEMBL287_Ki
86921808,mondrian_pairgap,cliffA,cliff,16,11,0.6875,0.44404355834740666,0.8583535614521796,2.4911321594421088,,,,,CHEMBL287_Ki
86921808,mondrian_pairgap,cliffA,noncliff,249,237,0.9518072289156626,0.9176658840980011,0.9722198215510939,2.7735451112306575,,,,,CHEMBL287_Ki
86921808,mondrian_pairgap,__bins__,__summary__,-1,-1,,,,2.7564937631981414,0.896551724137931,0.10344827586206895,0.8484848484848485,0.1515151515151515,CHEMBL287_Ki
86921808,mondrian_rfstd,cliffB_oracle,all,265,249,0.939622641509434,0.9041844383998434,0.962497363663287,2.709908554729158,,,,,CHEMBL287_Ki
86921808,mondrian_rfstd,cliffB_oracle,cliff,10,8,0.8,0.49016247153664183,0.9433178485456247,2.757723270482108,,,,,CHEMBL287_Ki
86921808,mondrian_rfstd,cliffB_oracle,noncliff,255,241,0.9450980392156862,0.9099669326589866,0.9670177707738915,2.708033467836885,,,,,CHEMBL287_Ki
86921808,mondrian_rfstd,cliffA,all,265,249,0.939622641509434,0.9041844383998434,0.962497363663287,2.709908554729158,,,,,CHEMBL287_Ki
86921808,mondrian_rfstd,cliffA,cliff,16,14,0.875,0.639771727342413,0.9650225122567595,2.692293019754396,,,,,CHEMBL287_Ki
86921808,mondrian_rfstd,cliffA,noncliff,249,235,0.9437751004016064,0.9078494839660557,0.9662160313603886,2.711040476655247,,,,,CHEMBL287_Ki
86921808,mondrian_rfstd,__bins__,__summary__,-1,-1,,,,2.709908554729158,0.8275862068965517,0.1724137931034483,0.8484848484848485,0.1515151515151515,CHEMBL287_Ki
89165191,global,cliffB_oracle,all,265,233,0.879245283018868,0.8345011480877604,0.9131513936061846,2.4655401223125666,,,,,CHEMBL287_Ki
89165191,global,cliffB_oracle,cliff,7,5,0.7142857142857143,0.35893445183261935,0.9177810759959433,2.4655401223125657,,,,,CHEMBL287_Ki
89165191,global,cliffB_oracle,noncliff,258,228,0.8837209302325582,0.838858092888168,0.9173246785177461,2.4655401223125666,,,,,CHEMBL287_Ki
89165191,global,cliffA,all,265,233,0.879245283018868,0.8345011480877604,0.9131513936061846,2.4655401223125666,,,,,CHEMBL287_Ki
89165191,global,cliffA,cliff,11,8,0.7272727272727273,0.43435469882387084,0.902539407099751,2.465540122312566,,,,,CHEMBL287_Ki
89165191,global,cliffA,noncliff,254,225,0.8858267716535433,0.8408376541299156,0.9193193853797803,2.4655401223125666,,,,,CHEMBL287_Ki
89165191,global,__bins__,__summary__,-1,-1,,,,2.4655401223125666,0.734375,0.265625,0.7272727272727273,0.2727272727272727,CHEMBL287_Ki
89165191,mondrian_pair,cliffB_oracle,all,265,234,0.8830188679245283,0.8387393520211164,0.9163525184459027,2.4899572102725243,,,,,CHEMBL287_Ki
89165191,mondrian_pair,cliffB_oracle,cliff,7,6,0.8571428571428571,0.4868721707256811,0.9743203756552565,2.554421005683292,,,,,CHEMBL287_Ki
89165191,mondrian_pair,cliffB_oracle,noncliff,258,228,0.8837209302325582,0.838858092888168,0.9173246785177461,2.4882081925675807,,,,,CHEMBL287_Ki
89165191,mondrian_pair,cliffA,all,265,234,0.8830188679245283,0.8387393520211164,0.9163525184459027,2.4899572102725243,,,,,CHEMBL287_Ki
89165191,mondrian_pair,cliffA,cliff,11,9,0.8181818181818182,0.523019438039156,0.9486323102539149,2.5334127968865747,,,,,CHEMBL287_Ki
89165191,mondrian_pair,cliffA,noncliff,254,225,0.8858267716535433,0.8408376541299156,0.9193193853797803,2.4880752754191597,,,,,CHEMBL287_Ki
89165191,mondrian_pair,__bins__,__summary__,-1,-1,,,,2.4899572102725243,0.734375,0.265625,0.7272727272727273,0.2727272727272727,CHEMBL287_Ki
89165191,mondrian_wstd,cliffB_oracle,all,265,240,0.9056603773584906,0.8644458351797597,0.9352820079257038,2.6126253396055152,,,,,CHEMBL287_Ki
89165191,mondrian_wstd,cliffB_oracle,cliff,7,5,0.7142857142857143,0.35893445183261935,0.9177810759959433,2.5568225171196652,,,,,CHEMBL287_Ki
89165191,mondrian_wstd,cliffB_oracle,noncliff,258,235,0.9108527131782945,0.8697878192986521,0.9398624207925286,2.614139369672961,,,,,CHEMBL287_Ki
89165191,mondrian_wstd,cliffA,all,265,240,0.9056603773584906,0.8644458351797597,0.9352820079257038,2.6126253396055152,,,,,CHEMBL287_Ki
89165191,mondrian_wstd,cliffA,cliff,11,8,0.7272727272727273,0.43435469882387084,0.902539407099751,2.639806512398847,,,,,CHEMBL287_Ki
89165191,mondrian_wstd,cliffA,noncliff,254,232,0.9133858267716536,0.8723473893645535,0.9421065815386922,2.6114482022010796,,,,,CHEMBL287_Ki
89165191,mondrian_wstd,__bins__,__summary__,-1,-1,,,,2.6126253396055152,0.7931034482758621,0.2068965517241379,0.7878787878787878,0.21212121212121215,CHEMBL287_Ki
89165191,mondrian_std,cliffB_oracle,all,265,241,0.909433962264151,0.8687824575720593,0.9383847143064783,2.682342693304617,,,,,CHEMBL287_Ki
89165191,mondrian_std,cliffB_oracle,cliff,7,6,0.8571428571428571,0.4868721707256811,0.9743203756552565,2.863914395743998,,,,,CHEMBL287_Ki
89165191,mondrian_std,cliffB_oracle,noncliff,258,235,0.9108527131782945,0.8697878192986521,0.9398624207925286,2.677416329284944,,,,,CHEMBL287_Ki
89165191,mondrian_std,cliffA,all,265,241,0.909433962264151,0.8687824575720593,0.9383847143064783,2.682342693304617,,,,,CHEMBL287_Ki
89165191,mondrian_std,cliffA,cliff,11,9,0.8181818181818182,0.523019438039156,0.9486323102539149,2.8352286169779672,,,,,CHEMBL287_Ki
89165191,mondrian_std,cliffA,noncliff,254,232,0.9133858267716536,0.8723473893645535,0.9421065815386922,2.6757216493660074,,,,,CHEMBL287_Ki
89165191,mondrian_std,__bins__,__summary__,-1,-1,,,,2.682342693304617,0.7931034482758621,0.2068965517241379,0.7878787878787878,0.21212121212121215,CHEMBL287_Ki
89165191,mondrian_iqr,cliffB_oracle,all,265,240,0.9056603773584906,0.8644458351797597,0.9352820079257038,2.573638809831203,,,,,CHEMBL287_Ki
89165191,mondrian_iqr,cliffB_oracle,cliff,7,5,0.7142857142857143,0.35893445183261935,0.9177810759959433,2.4655401223125657,,,,,CHEMBL287_Ki
89165191,mondrian_iqr,cliffB_oracle,noncliff,258,235,0.9108527131782945,0.8697878192986521,0.9398624207925286,2.576571719957678,,,,,CHEMBL287_Ki
89165191,mondrian_iqr,cliffA,all,265,240,0.9056603773584906,0.8644458351797597,0.9352820079257038,2.573638809831203,,,,,CHEMBL287_Ki
89165191,mondrian_iqr,cliffA,cliff,11,9,0.8181818181818182,0.523019438039156,0.9486323102539149,2.5096790316999913,,,,,CHEMBL287_Ki
89165191,mondrian_iqr,cliffA,noncliff,254,231,0.9094488188976378,0.8677940125800466,0.9389032538384062,2.576408721482555,,,,,CHEMBL287_Ki
89165191,mondrian_iqr,__bins__,__summary__,-1,-1,,,,2.573638809831203,0.796875,0.203125,0.7575757575757576,0.24242424242424243,CHEMBL287_Ki
89165191,mondrian_nb,cliffB_oracle,all,265,239,0.9018867924528302,0.8601253452372336,0.9321631690951558,2.6320860937671986,,,,,CHEMBL287_Ki
89165191,mondrian_nb,cliffB_oracle,cliff,7,4,0.5714285714285714,0.2504583645276572,0.8417801447485302,2.5974689444699193,,,,,CHEMBL287_Ki
89165191,mondrian_nb,cliffB_oracle,noncliff,258,235,0.9108527131782945,0.8697878192986521,0.9398624207925286,2.6330253187481323,,,,,CHEMBL287_Ki
89165191,mondrian_nb,cliffA,all,265,239,0.9018867924528302,0.8601253452372336,0.9321631690951558,2.6320860937671986,,,,,CHEMBL287_Ki
89165191,mondrian_nb,cliffA,cliff,11,8,0.7272727272727273,0.43435469882387084,0.902539407099751,2.609908633266589,,,,,CHEMBL287_Ki
89165191,mondrian_nb,cliffA,noncliff,254,231,0.9094488188976378,0.8677940125800466,0.9389032538384062,2.633046534969981,,,,,CHEMBL287_Ki
89165191,mondrian_nb,__bins__,__summary__,-1,-1,,,,2.6320860937671986,0.84375,0.15625,0.7878787878787878,0.21212121212121215,CHEMBL287_Ki
89165191,mondrian_nnsim,cliffB_oracle,all,265,237,0.8943396226415095,0.8515296547884244,0.925880201997817,2.538068169949504,,,,,CHEMBL287_Ki
89165191,mondrian_nnsim,cliffB_oracle,cliff,7,5,0.7142857142857143,0.35893445183261935,0.9177810759959433,2.581555812194589,,,,,CHEMBL287_Ki
89165191,mondrian_nnsim,cliffB_oracle,noncliff,258,232,0.8992248062015504,0.8564384406229574,0.9302971700316806,2.5368882726792887,,,,,CHEMBL287_Ki
89165191,mondrian_nnsim,cliffA,all,265,237,0.8943396226415095,0.8515296547884244,0.925880201997817,2.538068169949504,,,,,CHEMBL287_Ki
89165191,mondrian_nnsim,cliffA,cliff,11,9,0.8181818181818182,0.523019438039156,0.9486323102539149,2.613196454889686,,,,,CHEMBL287_Ki
89165191,mondrian_nnsim,cliffA,noncliff,254,228,0.8976377952755905,0.8542431124290897,0.9291840405349845,2.5348145828064257,,,,,CHEMBL287_Ki
89165191,mondrian_nnsim,__bins__,__summary__,-1,-1,,,,2.538068169949504,0.78125,0.21875,0.7575757575757576,0.24242424242424243,CHEMBL287_Ki
89165191,mondrian_pairgap,cliffB_oracle,all,265,239,0.9018867924528302,0.8601253452372336,0.9321631690951558,2.6199920093036915,,,,,CHEMBL287_Ki
89165191,mondrian_pairgap,cliffB_oracle,cliff,7,5,0.7142857142857143,0.35893445183261935,0.9177810759959433,2.5771585839975706,,,,,CHEMBL287_Ki
89165191,mondrian_pairgap,cliffB_oracle,noncliff,258,234,0.9069767441860465,0.8653207899793438,0.9366912402996559,2.6211541565019196,,,,,CHEMBL287_Ki
89165191,mondrian_pairgap,cliffA,all,265,239,0.9018867924528302,0.8601253452372336,0.9321631690951558,2.6199920093036915,,,,,CHEMBL287_Ki
89165191,mondrian_pairgap,cliffA,cliff,11,9,0.8181818181818182,0.523019438039156,0.9486323102539149,2.559037705432564,,,,,CHEMBL287_Ki
89165191,mondrian_pairgap,cliffA,noncliff,254,230,0.905511811023622,0.8632594966813184,0.9356810652523414,2.622631762620945,,,,,CHEMBL287_Ki
89165191,mondrian_pairgap,__bins__,__summary__,-1,-1,,,,2.6199920093036915,0.796875,0.203125,0.7575757575757576,0.24242424242424243,CHEMBL287_Ki
89165191,mondrian_rfstd,cliffB_oracle,all,265,236,0.8905660377358491,0.8472530662916498,0.9227174617215175,2.6568643125842164,,,,,CHEMBL287_Ki
89165191,mondrian_rfstd,cliffB_oracle,cliff,7,5,0.7142857142857143,0.35893445183261935,0.9177810759959433,2.622672812035917,,,,,CHEMBL287_Ki
89165191,mondrian_rfstd,cliffB_oracle,noncliff,258,231,0.8953488372093024,0.8520214062328004,0.9270759946096565,2.657791988955682,,,,,CHEMBL287_Ki
89165191,mondrian_rfstd,cliffA,all,265,236,0.8905660377358491,0.8472530662916498,0.9227174617215175,2.6568643125842164,,,,,CHEMBL287_Ki
89165191,mondrian_rfstd,cliffA,cliff,11,7,0.6363636363636364,0.35380117450784887,0.8483352890463243,2.5778865566170546,,,,,CHEMBL287_Ki
89165191,mondrian_rfstd,cliffA,noncliff,254,229,0.9015748031496063,0.8587428340997625,0.9324410233491045,2.660284609102479,,,,,CHEMBL287_Ki
89165191,mondrian_rfstd,__bins__,__summary__,-1,-1,,,,2.6568643125842164,0.8125,0.1875,0.7272727272727273,0.2727272727272727,CHEMBL287_Ki
